<?xml version="1.0" encoding="UTF-8"?>
<gpx xmlns="http://www.topografix.com/GPX/1/1" xmlns:xalan="http://xml.apache.org/xalan" xmlns:xsi="http://www.w3.org/2001/XMLSchema-instance" creator="Builtsoft http://www.builtsoft.com" version="1.1">
  <time>(null)</time>
  <bounds minlat="37.547726" minlon="126.706360" maxlat="37.568272" maxlon="126.730492"/>
  <trk>
    <trkseg>
      <trkpt lat="37.547725" lon="126.727820">
        <ele>66.220703</ele>
        <time>2015-04-26T01:42:30Z</time>
      </trkpt>
      <trkpt lat="37.547824" lon="126.727828">
        <ele>66.004395</ele>
        <time>2015-04-26T01:42:53Z</time>
      </trkpt>
      <trkpt lat="37.547898" lon="126.727911">
        <ele>79.653442</ele>
        <time>2015-04-26T01:45:00Z</time>
      </trkpt>
      <trkpt lat="37.547883" lon="126.728025">
        <ele>84.400146</ele>
        <time>2015-04-26T01:45:13Z</time>
      </trkpt>
      <trkpt lat="37.547898" lon="126.728150">
        <ele>80.437988</ele>
        <time>2015-04-26T01:45:22Z</time>
      </trkpt>
      <trkpt lat="37.547857" lon="126.728255">
        <ele>74.853027</ele>
        <time>2015-04-26T01:45:30Z</time>
      </trkpt>
      <trkpt lat="37.547877" lon="126.728483">
        <ele>68.240845</ele>
        <time>2015-04-26T01:45:42Z</time>
      </trkpt>
      <trkpt lat="37.547948" lon="126.728693">
        <ele>74.596985</ele>
        <time>2015-04-26T01:45:58Z</time>
      </trkpt>
      <trkpt lat="37.547951" lon="126.728815">
        <ele>83.579285</ele>
        <time>2015-04-26T01:46:07Z</time>
      </trkpt>
      <trkpt lat="37.548050" lon="126.729019">
        <ele>92.337646</ele>
        <time>2015-04-26T01:46:26Z</time>
      </trkpt>
      <trkpt lat="37.548074" lon="126.729134">
        <ele>90.449829</ele>
        <time>2015-04-26T01:46:35Z</time>
      </trkpt>
      <trkpt lat="37.548064" lon="126.729260">
        <ele>92.794922</ele>
        <time>2015-04-26T01:46:43Z</time>
      </trkpt>
      <trkpt lat="37.548121" lon="126.729500">
        <ele>90.074219</ele>
        <time>2015-04-26T01:46:56Z</time>
      </trkpt>
      <trkpt lat="37.548281" lon="126.729627">
        <ele>83.443909</ele>
        <time>2015-04-26T01:47:10Z</time>
      </trkpt>
      <trkpt lat="37.548422" lon="126.729788">
        <ele>86.666870</ele>
        <time>2015-04-26T01:47:23Z</time>
      </trkpt>
      <trkpt lat="37.548491" lon="126.729862">
        <ele>86.513306</ele>
        <time>2015-04-26T01:47:31Z</time>
      </trkpt>
      <trkpt lat="37.548666" lon="126.729972">
        <ele>87.234680</ele>
        <time>2015-04-26T01:47:46Z</time>
      </trkpt>
      <trkpt lat="37.548759" lon="126.729946">
        <ele>82.972473</ele>
        <time>2015-04-26T01:47:54Z</time>
      </trkpt>
      <trkpt lat="37.548854" lon="126.729943">
        <ele>85.809998</ele>
        <time>2015-04-26T01:48:03Z</time>
      </trkpt>
      <trkpt lat="37.549030" lon="126.729901">
        <ele>89.551147</ele>
        <time>2015-04-26T01:48:18Z</time>
      </trkpt>
      <trkpt lat="37.549114" lon="126.729688">
        <ele>100.120789</ele>
        <time>2015-04-26T01:48:40Z</time>
      </trkpt>
      <trkpt lat="37.549208" lon="126.729685">
        <ele>90.774963</ele>
        <time>2015-04-26T01:48:48Z</time>
      </trkpt>
      <trkpt lat="37.549301" lon="126.729729">
        <ele>94.183228</ele>
        <time>2015-04-26T01:48:58Z</time>
      </trkpt>
      <trkpt lat="37.549359" lon="126.729829">
        <ele>100.434265</ele>
        <time>2015-04-26T01:49:08Z</time>
      </trkpt>
      <trkpt lat="37.549509" lon="126.729975">
        <ele>99.321167</ele>
        <time>2015-04-26T01:49:27Z</time>
      </trkpt>
      <trkpt lat="37.549605" lon="126.729967">
        <ele>105.730347</ele>
        <time>2015-04-26T01:49:37Z</time>
      </trkpt>
      <trkpt lat="37.549663" lon="126.730064">
        <ele>112.576660</ele>
        <time>2015-04-26T01:49:50Z</time>
      </trkpt>
      <trkpt lat="37.549743" lon="126.730130">
        <ele>113.355652</ele>
        <time>2015-04-26T01:50:01Z</time>
      </trkpt>
      <trkpt lat="37.549912" lon="126.730217">
        <ele>111.251892</ele>
        <time>2015-04-26T01:50:16Z</time>
      </trkpt>
      <trkpt lat="37.549982" lon="126.730289">
        <ele>119.156250</ele>
        <time>2015-04-26T01:50:24Z</time>
      </trkpt>
      <trkpt lat="37.550046" lon="126.730382">
        <ele>115.489624</ele>
        <time>2015-04-26T01:50:34Z</time>
      </trkpt>
      <trkpt lat="37.550091" lon="126.730490">
        <ele>119.431335</ele>
        <time>2015-04-26T01:50:43Z</time>
      </trkpt>
      <trkpt lat="37.550181" lon="126.730473">
        <ele>115.779358</ele>
        <time>2015-04-26T01:50:51Z</time>
      </trkpt>
      <trkpt lat="37.550343" lon="126.730355">
        <ele>111.227783</ele>
        <time>2015-04-26T01:52:16Z</time>
      </trkpt>
      <trkpt lat="37.550376" lon="126.730243">
        <ele>107.901917</ele>
        <time>2015-04-26T01:52:30Z</time>
      </trkpt>
      <trkpt lat="37.550396" lon="126.730119">
        <ele>108.565186</ele>
        <time>2015-04-26T01:52:40Z</time>
      </trkpt>
      <trkpt lat="37.550383" lon="126.730001">
        <ele>112.715393</ele>
        <time>2015-04-26T01:52:51Z</time>
      </trkpt>
      <trkpt lat="37.550393" lon="126.729886">
        <ele>115.044067</ele>
        <time>2015-04-26T01:53:00Z</time>
      </trkpt>
      <trkpt lat="37.550376" lon="126.729774">
        <ele>117.175659</ele>
        <time>2015-04-26T01:53:09Z</time>
      </trkpt>
      <trkpt lat="37.550368" lon="126.729656">
        <ele>121.986816</ele>
        <time>2015-04-26T01:53:19Z</time>
      </trkpt>
      <trkpt lat="37.550398" lon="126.729538">
        <ele>127.789490</ele>
        <time>2015-04-26T01:53:30Z</time>
      </trkpt>
      <trkpt lat="37.550439" lon="126.729434">
        <ele>132.314819</ele>
        <time>2015-04-26T01:53:40Z</time>
      </trkpt>
      <trkpt lat="37.550526" lon="126.729222">
        <ele>134.469299</ele>
        <time>2015-04-26T01:53:57Z</time>
      </trkpt>
      <trkpt lat="37.550554" lon="126.729111">
        <ele>136.296936</ele>
        <time>2015-04-26T01:54:09Z</time>
      </trkpt>
      <trkpt lat="37.550614" lon="126.729018">
        <ele>137.722595</ele>
        <time>2015-04-26T01:54:18Z</time>
      </trkpt>
      <trkpt lat="37.550630" lon="126.728895">
        <ele>142.438110</ele>
        <time>2015-04-26T01:54:26Z</time>
      </trkpt>
      <trkpt lat="37.550643" lon="126.728768">
        <ele>142.980774</ele>
        <time>2015-04-26T01:54:47Z</time>
      </trkpt>
      <trkpt lat="37.550718" lon="126.728583">
        <ele>140.072632</ele>
        <time>2015-04-26T01:55:32Z</time>
      </trkpt>
      <trkpt lat="37.550753" lon="126.728468">
        <ele>136.132935</ele>
        <time>2015-04-26T01:55:43Z</time>
      </trkpt>
      <trkpt lat="37.550767" lon="126.728354">
        <ele>130.373657</ele>
        <time>2015-04-26T01:55:51Z</time>
      </trkpt>
      <trkpt lat="37.550704" lon="126.728273">
        <ele>129.098389</ele>
        <time>2015-04-26T01:56:02Z</time>
      </trkpt>
      <trkpt lat="37.550617" lon="126.728233">
        <ele>134.903259</ele>
        <time>2015-04-26T01:56:15Z</time>
      </trkpt>
      <trkpt lat="37.550555" lon="126.728141">
        <ele>139.149231</ele>
        <time>2015-04-26T01:56:25Z</time>
      </trkpt>
      <trkpt lat="37.550600" lon="126.728042">
        <ele>139.914917</ele>
        <time>2015-04-26T01:56:33Z</time>
      </trkpt>
      <trkpt lat="37.550632" lon="126.727929">
        <ele>142.864136</ele>
        <time>2015-04-26T01:56:42Z</time>
      </trkpt>
      <trkpt lat="37.550664" lon="126.727817">
        <ele>146.225525</ele>
        <time>2015-04-26T01:57:00Z</time>
      </trkpt>
      <trkpt lat="37.550732" lon="126.727735">
        <ele>143.854919</ele>
        <time>2015-04-26T01:57:38Z</time>
      </trkpt>
      <trkpt lat="37.550789" lon="126.727641">
        <ele>145.429749</ele>
        <time>2015-04-26T01:57:51Z</time>
      </trkpt>
      <trkpt lat="37.550831" lon="126.727531">
        <ele>146.079895</ele>
        <time>2015-04-26T01:58:04Z</time>
      </trkpt>
      <trkpt lat="37.550873" lon="126.727417">
        <ele>147.102539</ele>
        <time>2015-04-26T01:58:13Z</time>
      </trkpt>
      <trkpt lat="37.550965" lon="126.727411">
        <ele>144.529663</ele>
        <time>2015-04-26T01:58:21Z</time>
      </trkpt>
      <trkpt lat="37.551049" lon="126.727357">
        <ele>147.949951</ele>
        <time>2015-04-26T01:58:39Z</time>
      </trkpt>
      <trkpt lat="37.551121" lon="126.727272">
        <ele>151.089600</ele>
        <time>2015-04-26T01:58:49Z</time>
      </trkpt>
      <trkpt lat="37.551261" lon="126.727109">
        <ele>144.008728</ele>
        <time>2015-04-26T01:59:03Z</time>
      </trkpt>
      <trkpt lat="37.551346" lon="126.727067">
        <ele>145.661560</ele>
        <time>2015-04-26T01:59:12Z</time>
      </trkpt>
      <trkpt lat="37.551454" lon="126.726860">
        <ele>149.767517</ele>
        <time>2015-04-26T01:59:26Z</time>
      </trkpt>
      <trkpt lat="37.551485" lon="126.726748">
        <ele>148.745728</ele>
        <time>2015-04-26T01:59:38Z</time>
      </trkpt>
      <trkpt lat="37.551554" lon="126.726668">
        <ele>155.622742</ele>
        <time>2015-04-26T01:59:50Z</time>
      </trkpt>
      <trkpt lat="37.551609" lon="126.726578">
        <ele>166.995667</ele>
        <time>2015-04-26T02:00:08Z</time>
      </trkpt>
      <trkpt lat="37.551699" lon="126.726568">
        <ele>172.150696</ele>
        <time>2015-04-26T02:00:26Z</time>
      </trkpt>
      <trkpt lat="37.551781" lon="126.726520">
        <ele>168.854370</ele>
        <time>2015-04-26T02:00:40Z</time>
      </trkpt>
      <trkpt lat="37.551923" lon="126.726354">
        <ele>168.068298</ele>
        <time>2015-04-26T02:00:55Z</time>
      </trkpt>
      <trkpt lat="37.551955" lon="126.726233">
        <ele>174.814453</ele>
        <time>2015-04-26T02:01:14Z</time>
      </trkpt>
      <trkpt lat="37.551940" lon="126.726113">
        <ele>183.078857</ele>
        <time>2015-04-26T02:01:26Z</time>
      </trkpt>
      <trkpt lat="37.551994" lon="126.726017">
        <ele>189.275269</ele>
        <time>2015-04-26T02:04:18Z</time>
      </trkpt>
      <trkpt lat="37.551979" lon="126.725892">
        <ele>189.352600</ele>
        <time>2015-04-26T02:04:27Z</time>
      </trkpt>
      <trkpt lat="37.551957" lon="126.725782">
        <ele>189.593506</ele>
        <time>2015-04-26T02:04:35Z</time>
      </trkpt>
      <trkpt lat="37.551908" lon="126.725683">
        <ele>188.922974</ele>
        <time>2015-04-26T02:04:47Z</time>
      </trkpt>
      <trkpt lat="37.551898" lon="126.725558">
        <ele>196.040100</ele>
        <time>2015-04-26T02:05:01Z</time>
      </trkpt>
      <trkpt lat="37.551862" lon="126.725448">
        <ele>189.269409</ele>
        <time>2015-04-26T02:05:11Z</time>
      </trkpt>
      <trkpt lat="37.551837" lon="126.725335">
        <ele>192.856995</ele>
        <time>2015-04-26T02:05:25Z</time>
      </trkpt>
      <trkpt lat="37.551844" lon="126.725215">
        <ele>200.498047</ele>
        <time>2015-04-26T02:05:42Z</time>
      </trkpt>
      <trkpt lat="37.551772" lon="126.725133">
        <ele>200.363159</ele>
        <time>2015-04-26T02:05:55Z</time>
      </trkpt>
      <trkpt lat="37.551695" lon="126.725064">
        <ele>204.857971</ele>
        <time>2015-04-26T02:06:11Z</time>
      </trkpt>
      <trkpt lat="37.551612" lon="126.725121">
        <ele>205.845520</ele>
        <time>2015-04-26T02:06:20Z</time>
      </trkpt>
      <trkpt lat="37.551686" lon="126.725052">
        <ele>204.019897</ele>
        <time>2015-04-26T02:06:39Z</time>
      </trkpt>
      <trkpt lat="37.551753" lon="126.724971">
        <ele>203.162476</ele>
        <time>2015-04-26T02:06:59Z</time>
      </trkpt>
      <trkpt lat="37.551773" lon="126.724860">
        <ele>196.179810</ele>
        <time>2015-04-26T02:07:19Z</time>
      </trkpt>
      <trkpt lat="37.551787" lon="126.724748">
        <ele>198.723877</ele>
        <time>2015-04-26T02:07:33Z</time>
      </trkpt>
      <trkpt lat="37.551847" lon="126.724660">
        <ele>193.664795</ele>
        <time>2015-04-26T02:07:47Z</time>
      </trkpt>
      <trkpt lat="37.551872" lon="126.724544">
        <ele>186.861572</ele>
        <time>2015-04-26T02:08:00Z</time>
      </trkpt>
      <trkpt lat="37.551950" lon="126.724316">
        <ele>189.840393</ele>
        <time>2015-04-26T02:08:16Z</time>
      </trkpt>
      <trkpt lat="37.552004" lon="126.724219">
        <ele>189.405273</ele>
        <time>2015-04-26T02:08:24Z</time>
      </trkpt>
      <trkpt lat="37.552088" lon="126.724160">
        <ele>189.951416</ele>
        <time>2015-04-26T02:08:44Z</time>
      </trkpt>
      <trkpt lat="37.552135" lon="126.724051">
        <ele>192.119629</ele>
        <time>2015-04-26T02:08:52Z</time>
      </trkpt>
      <trkpt lat="37.552186" lon="126.723942">
        <ele>190.897705</ele>
        <time>2015-04-26T02:09:04Z</time>
      </trkpt>
      <trkpt lat="37.552249" lon="126.723847">
        <ele>195.015137</ele>
        <time>2015-04-26T02:09:15Z</time>
      </trkpt>
      <trkpt lat="37.552254" lon="126.723734">
        <ele>206.145203</ele>
        <time>2015-04-26T02:09:34Z</time>
      </trkpt>
      <trkpt lat="37.552320" lon="126.723645">
        <ele>195.377808</ele>
        <time>2015-04-26T02:09:44Z</time>
      </trkpt>
      <trkpt lat="37.552373" lon="126.723554">
        <ele>198.067749</ele>
        <time>2015-04-26T02:09:56Z</time>
      </trkpt>
      <trkpt lat="37.552338" lon="126.723448">
        <ele>201.509583</ele>
        <time>2015-04-26T02:10:10Z</time>
      </trkpt>
      <trkpt lat="37.552403" lon="126.723366">
        <ele>200.217773</ele>
        <time>2015-04-26T02:12:48Z</time>
      </trkpt>
      <trkpt lat="37.552458" lon="126.723268">
        <ele>198.289246</ele>
        <time>2015-04-26T02:13:03Z</time>
      </trkpt>
      <trkpt lat="37.552464" lon="126.723155">
        <ele>189.998047</ele>
        <time>2015-04-26T02:13:20Z</time>
      </trkpt>
      <trkpt lat="37.552451" lon="126.723039">
        <ele>186.494873</ele>
        <time>2015-04-26T02:13:31Z</time>
      </trkpt>
      <trkpt lat="37.552416" lon="126.722929">
        <ele>180.908752</ele>
        <time>2015-04-26T02:13:45Z</time>
      </trkpt>
      <trkpt lat="37.552446" lon="126.722816">
        <ele>185.850464</ele>
        <time>2015-04-26T02:13:56Z</time>
      </trkpt>
      <trkpt lat="37.552468" lon="126.722693">
        <ele>184.134827</ele>
        <time>2015-04-26T02:14:04Z</time>
      </trkpt>
      <trkpt lat="37.552541" lon="126.722618">
        <ele>182.393555</ele>
        <time>2015-04-26T02:14:14Z</time>
      </trkpt>
      <trkpt lat="37.552630" lon="126.722580">
        <ele>184.838623</ele>
        <time>2015-04-26T02:14:28Z</time>
      </trkpt>
      <trkpt lat="37.552718" lon="126.722545">
        <ele>177.553894</ele>
        <time>2015-04-26T02:14:42Z</time>
      </trkpt>
      <trkpt lat="37.552815" lon="126.722535">
        <ele>173.277222</ele>
        <time>2015-04-26T02:14:56Z</time>
      </trkpt>
      <trkpt lat="37.552876" lon="126.722450">
        <ele>167.749390</ele>
        <time>2015-04-26T02:15:08Z</time>
      </trkpt>
      <trkpt lat="37.552967" lon="126.722440">
        <ele>172.461060</ele>
        <time>2015-04-26T02:15:18Z</time>
      </trkpt>
      <trkpt lat="37.553058" lon="126.722457">
        <ele>164.734863</ele>
        <time>2015-04-26T02:15:34Z</time>
      </trkpt>
      <trkpt lat="37.553132" lon="126.722525">
        <ele>158.661987</ele>
        <time>2015-04-26T02:15:48Z</time>
      </trkpt>
      <trkpt lat="37.553222" lon="126.722481">
        <ele>148.234985</ele>
        <time>2015-04-26T02:15:58Z</time>
      </trkpt>
      <trkpt lat="37.553295" lon="126.722559">
        <ele>148.292908</ele>
        <time>2015-04-26T02:16:11Z</time>
      </trkpt>
      <trkpt lat="37.553382" lon="126.722592">
        <ele>146.402222</ele>
        <time>2015-04-26T02:16:19Z</time>
      </trkpt>
      <trkpt lat="37.553477" lon="126.722617">
        <ele>145.466309</ele>
        <time>2015-04-26T02:16:30Z</time>
      </trkpt>
      <trkpt lat="37.553562" lon="126.722663">
        <ele>142.989868</ele>
        <time>2015-04-26T02:16:43Z</time>
      </trkpt>
      <trkpt lat="37.553652" lon="126.722684">
        <ele>147.748962</ele>
        <time>2015-04-26T02:16:56Z</time>
      </trkpt>
      <trkpt lat="37.553747" lon="126.722713">
        <ele>140.109375</ele>
        <time>2015-04-26T02:17:06Z</time>
      </trkpt>
      <trkpt lat="37.553943" lon="126.722655">
        <ele>132.433594</ele>
        <time>2015-04-26T02:17:21Z</time>
      </trkpt>
      <trkpt lat="37.554034" lon="126.722630">
        <ele>133.954712</ele>
        <time>2015-04-26T02:17:33Z</time>
      </trkpt>
      <trkpt lat="37.554131" lon="126.722645">
        <ele>136.117065</ele>
        <time>2015-04-26T02:17:43Z</time>
      </trkpt>
      <trkpt lat="37.554225" lon="126.722616">
        <ele>141.416748</ele>
        <time>2015-04-26T02:17:52Z</time>
      </trkpt>
      <trkpt lat="37.554310" lon="126.722573">
        <ele>134.953491</ele>
        <time>2015-04-26T02:18:06Z</time>
      </trkpt>
      <trkpt lat="37.554385" lon="126.722492">
        <ele>136.295166</ele>
        <time>2015-04-26T02:18:14Z</time>
      </trkpt>
      <trkpt lat="37.554463" lon="126.722419">
        <ele>140.937256</ele>
        <time>2015-04-26T02:18:26Z</time>
      </trkpt>
      <trkpt lat="37.554560" lon="126.722379">
        <ele>128.971558</ele>
        <time>2015-04-26T02:18:38Z</time>
      </trkpt>
      <trkpt lat="37.554628" lon="126.722456">
        <ele>126.160889</ele>
        <time>2015-04-26T02:18:56Z</time>
      </trkpt>
      <trkpt lat="37.554693" lon="126.722548">
        <ele>114.650879</ele>
        <time>2015-04-26T02:47:33Z</time>
      </trkpt>
      <trkpt lat="37.554746" lon="126.722646">
        <ele>118.443970</ele>
        <time>2015-04-26T02:47:46Z</time>
      </trkpt>
      <trkpt lat="37.554855" lon="126.722629">
        <ele>131.770081</ele>
        <time>2015-04-26T02:48:02Z</time>
      </trkpt>
      <trkpt lat="37.554922" lon="126.722544">
        <ele>130.859619</ele>
        <time>2015-04-26T02:48:10Z</time>
      </trkpt>
      <trkpt lat="37.555004" lon="126.722495">
        <ele>132.312378</ele>
        <time>2015-04-26T02:48:21Z</time>
      </trkpt>
      <trkpt lat="37.555089" lon="126.722444">
        <ele>137.003601</ele>
        <time>2015-04-26T02:48:32Z</time>
      </trkpt>
      <trkpt lat="37.555154" lon="126.722362">
        <ele>128.359009</ele>
        <time>2015-04-26T02:48:42Z</time>
      </trkpt>
      <trkpt lat="37.555319" lon="126.722261">
        <ele>128.162964</ele>
        <time>2015-04-26T02:48:59Z</time>
      </trkpt>
      <trkpt lat="37.555402" lon="126.722192">
        <ele>127.137573</ele>
        <time>2015-04-26T02:49:07Z</time>
      </trkpt>
      <trkpt lat="37.555487" lon="126.722133">
        <ele>127.649048</ele>
        <time>2015-04-26T02:49:15Z</time>
      </trkpt>
      <trkpt lat="37.555558" lon="126.722055">
        <ele>127.704895</ele>
        <time>2015-04-26T02:49:24Z</time>
      </trkpt>
      <trkpt lat="37.555717" lon="126.721925">
        <ele>130.358398</ele>
        <time>2015-04-26T02:49:38Z</time>
      </trkpt>
      <trkpt lat="37.555796" lon="126.721853">
        <ele>129.992493</ele>
        <time>2015-04-26T02:49:48Z</time>
      </trkpt>
      <trkpt lat="37.555879" lon="126.721786">
        <ele>127.968140</ele>
        <time>2015-04-26T02:49:57Z</time>
      </trkpt>
      <trkpt lat="37.555975" lon="126.721753">
        <ele>130.982666</ele>
        <time>2015-04-26T02:50:06Z</time>
      </trkpt>
      <trkpt lat="37.556070" lon="126.721736">
        <ele>131.108826</ele>
        <time>2015-04-26T02:50:16Z</time>
      </trkpt>
      <trkpt lat="37.556115" lon="126.721638">
        <ele>127.903259</ele>
        <time>2015-04-26T02:50:25Z</time>
      </trkpt>
      <trkpt lat="37.556172" lon="126.721549">
        <ele>125.771179</ele>
        <time>2015-04-26T02:50:33Z</time>
      </trkpt>
      <trkpt lat="37.556320" lon="126.721403">
        <ele>123.468445</ele>
        <time>2015-04-26T02:50:50Z</time>
      </trkpt>
      <trkpt lat="37.556385" lon="126.721313">
        <ele>122.270752</ele>
        <time>2015-04-26T02:51:01Z</time>
      </trkpt>
      <trkpt lat="37.556454" lon="126.721224">
        <ele>125.770386</ele>
        <time>2015-04-26T02:51:11Z</time>
      </trkpt>
      <trkpt lat="37.556546" lon="126.721171">
        <ele>126.284180</ele>
        <time>2015-04-26T02:51:19Z</time>
      </trkpt>
      <trkpt lat="37.556637" lon="126.721133">
        <ele>125.554749</ele>
        <time>2015-04-26T02:51:27Z</time>
      </trkpt>
      <trkpt lat="37.556726" lon="126.721092">
        <ele>119.708496</ele>
        <time>2015-04-26T02:51:39Z</time>
      </trkpt>
      <trkpt lat="37.556797" lon="126.721014">
        <ele>122.059326</ele>
        <time>2015-04-26T02:51:50Z</time>
      </trkpt>
      <trkpt lat="37.556881" lon="126.720968">
        <ele>120.247681</ele>
        <time>2015-04-26T02:52:03Z</time>
      </trkpt>
      <trkpt lat="37.556905" lon="126.720852">
        <ele>119.244812</ele>
        <time>2015-04-26T02:52:14Z</time>
      </trkpt>
      <trkpt lat="37.556984" lon="126.720795">
        <ele>120.863892</ele>
        <time>2015-04-26T02:52:24Z</time>
      </trkpt>
      <trkpt lat="37.557074" lon="126.720771">
        <ele>119.310059</ele>
        <time>2015-04-26T02:52:34Z</time>
      </trkpt>
      <trkpt lat="37.557159" lon="126.720688">
        <ele>114.294312</ele>
        <time>2015-04-26T02:52:42Z</time>
      </trkpt>
      <trkpt lat="37.557319" lon="126.720569">
        <ele>114.264648</ele>
        <time>2015-04-26T02:52:59Z</time>
      </trkpt>
      <trkpt lat="37.557402" lon="126.720505">
        <ele>115.627380</ele>
        <time>2015-04-26T02:53:07Z</time>
      </trkpt>
      <trkpt lat="37.557483" lon="126.720447">
        <ele>121.639832</ele>
        <time>2015-04-26T02:53:17Z</time>
      </trkpt>
      <trkpt lat="37.557552" lon="126.720369">
        <ele>123.384949</ele>
        <time>2015-04-26T02:53:28Z</time>
      </trkpt>
      <trkpt lat="37.557583" lon="126.720260">
        <ele>125.535278</ele>
        <time>2015-04-26T02:53:38Z</time>
      </trkpt>
      <trkpt lat="37.557654" lon="126.720171">
        <ele>125.188354</ele>
        <time>2015-04-26T02:53:46Z</time>
      </trkpt>
      <trkpt lat="37.557727" lon="126.720086">
        <ele>125.444458</ele>
        <time>2015-04-26T02:53:56Z</time>
      </trkpt>
      <trkpt lat="37.557733" lon="126.719959">
        <ele>120.130493</ele>
        <time>2015-04-26T02:54:04Z</time>
      </trkpt>
      <trkpt lat="37.557738" lon="126.719836">
        <ele>121.567017</ele>
        <time>2015-04-26T02:54:12Z</time>
      </trkpt>
      <trkpt lat="37.557768" lon="126.719598">
        <ele>119.526672</ele>
        <time>2015-04-26T02:54:25Z</time>
      </trkpt>
      <trkpt lat="37.557769" lon="126.719360">
        <ele>112.252319</ele>
        <time>2015-04-26T02:54:42Z</time>
      </trkpt>
      <trkpt lat="37.557843" lon="126.719277">
        <ele>117.561157</ele>
        <time>2015-04-26T02:54:51Z</time>
      </trkpt>
      <trkpt lat="37.557920" lon="126.719212">
        <ele>112.306274</ele>
        <time>2015-04-26T02:55:01Z</time>
      </trkpt>
      <trkpt lat="37.557988" lon="126.719133">
        <ele>114.661011</ele>
        <time>2015-04-26T02:55:09Z</time>
      </trkpt>
      <trkpt lat="37.558060" lon="126.719048">
        <ele>112.864563</ele>
        <time>2015-04-26T02:55:17Z</time>
      </trkpt>
      <trkpt lat="37.558155" lon="126.719020">
        <ele>117.835327</ele>
        <time>2015-04-26T02:55:25Z</time>
      </trkpt>
      <trkpt lat="37.558322" lon="126.718911">
        <ele>115.866943</ele>
        <time>2015-04-26T02:55:40Z</time>
      </trkpt>
      <trkpt lat="37.558372" lon="126.718812">
        <ele>114.003967</ele>
        <time>2015-04-26T02:55:49Z</time>
      </trkpt>
      <trkpt lat="37.558415" lon="126.718707">
        <ele>115.852661</ele>
        <time>2015-04-26T02:55:58Z</time>
      </trkpt>
      <trkpt lat="37.558477" lon="126.718612">
        <ele>114.239746</ele>
        <time>2015-04-26T02:56:09Z</time>
      </trkpt>
      <trkpt lat="37.558517" lon="126.718499">
        <ele>114.134766</ele>
        <time>2015-04-26T02:56:18Z</time>
      </trkpt>
      <trkpt lat="37.558552" lon="126.718394">
        <ele>120.088318</ele>
        <time>2015-04-26T02:56:28Z</time>
      </trkpt>
      <trkpt lat="37.558617" lon="126.718303">
        <ele>116.617065</ele>
        <time>2015-04-26T02:56:38Z</time>
      </trkpt>
      <trkpt lat="37.558776" lon="126.718141">
        <ele>118.604858</ele>
        <time>2015-04-26T02:56:53Z</time>
      </trkpt>
      <trkpt lat="37.558838" lon="126.718042">
        <ele>114.023926</ele>
        <time>2015-04-26T02:57:03Z</time>
      </trkpt>
      <trkpt lat="37.558931" lon="126.717834">
        <ele>113.723816</ele>
        <time>2015-04-26T02:57:20Z</time>
      </trkpt>
      <trkpt lat="37.559019" lon="126.717781">
        <ele>113.649292</ele>
        <time>2015-04-26T02:57:32Z</time>
      </trkpt>
      <trkpt lat="37.559064" lon="126.717679">
        <ele>117.433960</ele>
        <time>2015-04-26T02:57:42Z</time>
      </trkpt>
      <trkpt lat="37.559135" lon="126.717448">
        <ele>114.458801</ele>
        <time>2015-04-26T02:57:56Z</time>
      </trkpt>
      <trkpt lat="37.559154" lon="126.717333">
        <ele>119.594238</ele>
        <time>2015-04-26T02:58:06Z</time>
      </trkpt>
      <trkpt lat="37.559221" lon="126.717244">
        <ele>119.802368</ele>
        <time>2015-04-26T02:58:14Z</time>
      </trkpt>
      <trkpt lat="37.559293" lon="126.717157">
        <ele>124.052002</ele>
        <time>2015-04-26T02:58:22Z</time>
      </trkpt>
      <trkpt lat="37.559344" lon="126.717055">
        <ele>119.944092</ele>
        <time>2015-04-26T02:58:47Z</time>
      </trkpt>
      <trkpt lat="37.559475" lon="126.716887">
        <ele>119.303223</ele>
        <time>2015-04-26T02:58:59Z</time>
      </trkpt>
      <trkpt lat="37.559543" lon="126.716813">
        <ele>124.468262</ele>
        <time>2015-04-26T02:59:09Z</time>
      </trkpt>
      <trkpt lat="37.559703" lon="126.716674">
        <ele>129.435059</ele>
        <time>2015-04-26T02:59:28Z</time>
      </trkpt>
      <trkpt lat="37.559793" lon="126.716649">
        <ele>126.987610</ele>
        <time>2015-04-26T02:59:38Z</time>
      </trkpt>
      <trkpt lat="37.559888" lon="126.716621">
        <ele>121.846924</ele>
        <time>2015-04-26T02:59:46Z</time>
      </trkpt>
      <trkpt lat="37.559976" lon="126.716543">
        <ele>97.332214</ele>
        <time>2015-04-26T03:00:03Z</time>
      </trkpt>
      <trkpt lat="37.560099" lon="126.716370">
        <ele>94.457397</ele>
        <time>2015-04-26T03:00:16Z</time>
      </trkpt>
      <trkpt lat="37.560174" lon="126.716267">
        <ele>96.889587</ele>
        <time>2015-04-26T03:00:53Z</time>
      </trkpt>
      <trkpt lat="37.560223" lon="126.716164">
        <ele>99.666931</ele>
        <time>2015-04-26T03:01:17Z</time>
      </trkpt>
      <trkpt lat="37.560282" lon="126.716074">
        <ele>99.281311</ele>
        <time>2015-04-26T03:01:40Z</time>
      </trkpt>
      <trkpt lat="37.560350" lon="126.715988">
        <ele>101.765991</ele>
        <time>2015-04-26T03:01:50Z</time>
      </trkpt>
      <trkpt lat="37.560502" lon="126.715837">
        <ele>110.391418</ele>
        <time>2015-04-26T03:02:08Z</time>
      </trkpt>
      <trkpt lat="37.560565" lon="126.715754">
        <ele>110.981323</ele>
        <time>2015-04-26T03:02:18Z</time>
      </trkpt>
      <trkpt lat="37.560644" lon="126.715689">
        <ele>105.412842</ele>
        <time>2015-04-26T03:02:26Z</time>
      </trkpt>
      <trkpt lat="37.560805" lon="126.715551">
        <ele>99.130249</ele>
        <time>2015-04-26T03:02:41Z</time>
      </trkpt>
      <trkpt lat="37.560964" lon="126.715429">
        <ele>107.786987</ele>
        <time>2015-04-26T03:02:56Z</time>
      </trkpt>
      <trkpt lat="37.561033" lon="126.715345">
        <ele>105.501404</ele>
        <time>2015-04-26T03:03:04Z</time>
      </trkpt>
      <trkpt lat="37.561060" lon="126.715234">
        <ele>105.010437</ele>
        <time>2015-04-26T03:03:15Z</time>
      </trkpt>
      <trkpt lat="37.561118" lon="126.715144">
        <ele>104.237488</ele>
        <time>2015-04-26T03:03:26Z</time>
      </trkpt>
      <trkpt lat="37.561192" lon="126.715043">
        <ele>103.731201</ele>
        <time>2015-04-26T03:03:36Z</time>
      </trkpt>
      <trkpt lat="37.561347" lon="126.714878">
        <ele>107.786499</ele>
        <time>2015-04-26T03:03:53Z</time>
      </trkpt>
      <trkpt lat="37.561409" lon="126.714790">
        <ele>112.606567</ele>
        <time>2015-04-26T03:04:04Z</time>
      </trkpt>
      <trkpt lat="37.561471" lon="126.714690">
        <ele>111.395630</ele>
        <time>2015-04-26T03:04:15Z</time>
      </trkpt>
      <trkpt lat="37.561515" lon="126.714587">
        <ele>112.231689</ele>
        <time>2015-04-26T03:04:23Z</time>
      </trkpt>
      <trkpt lat="37.561598" lon="126.714528">
        <ele>108.448059</ele>
        <time>2015-04-26T03:04:31Z</time>
      </trkpt>
      <trkpt lat="37.561699" lon="126.714496">
        <ele>107.559875</ele>
        <time>2015-04-26T03:04:46Z</time>
      </trkpt>
      <trkpt lat="37.561863" lon="126.714386">
        <ele>103.434509</ele>
        <time>2015-04-26T03:04:59Z</time>
      </trkpt>
      <trkpt lat="37.561962" lon="126.714379">
        <ele>105.150391</ele>
        <time>2015-04-26T03:05:07Z</time>
      </trkpt>
      <trkpt lat="37.562147" lon="126.714364">
        <ele>109.333557</ele>
        <time>2015-04-26T03:05:21Z</time>
      </trkpt>
      <trkpt lat="37.562244" lon="126.714364">
        <ele>105.450439</ele>
        <time>2015-04-26T03:05:29Z</time>
      </trkpt>
      <trkpt lat="37.562342" lon="126.714384">
        <ele>102.393005</ele>
        <time>2015-04-26T03:05:40Z</time>
      </trkpt>
      <trkpt lat="37.562412" lon="126.714463">
        <ele>100.199341</ele>
        <time>2015-04-26T03:06:00Z</time>
      </trkpt>
      <trkpt lat="37.562502" lon="126.714480">
        <ele>113.579834</ele>
        <time>2015-04-26T03:07:09Z</time>
      </trkpt>
      <trkpt lat="37.562586" lon="126.714431">
        <ele>112.079407</ele>
        <time>2015-04-26T03:07:21Z</time>
      </trkpt>
      <trkpt lat="37.562666" lon="126.714352">
        <ele>113.776001</ele>
        <time>2015-04-26T03:07:30Z</time>
      </trkpt>
      <trkpt lat="37.562760" lon="126.714309">
        <ele>115.561218</ele>
        <time>2015-04-26T03:07:40Z</time>
      </trkpt>
      <trkpt lat="37.562915" lon="126.714192">
        <ele>117.247925</ele>
        <time>2015-04-26T03:07:56Z</time>
      </trkpt>
      <trkpt lat="37.563008" lon="126.714146">
        <ele>119.436951</ele>
        <time>2015-04-26T03:08:08Z</time>
      </trkpt>
      <trkpt lat="37.563085" lon="126.714087">
        <ele>127.239441</ele>
        <time>2015-04-26T03:08:23Z</time>
      </trkpt>
      <trkpt lat="37.563174" lon="126.714066">
        <ele>127.135315</ele>
        <time>2015-04-26T03:08:35Z</time>
      </trkpt>
      <trkpt lat="37.563236" lon="126.713984">
        <ele>126.252502</ele>
        <time>2015-04-26T03:08:45Z</time>
      </trkpt>
      <trkpt lat="37.563313" lon="126.713914">
        <ele>121.427917</ele>
        <time>2015-04-26T03:08:56Z</time>
      </trkpt>
      <trkpt lat="37.563456" lon="126.713759">
        <ele>119.878967</ele>
        <time>2015-04-26T03:09:14Z</time>
      </trkpt>
      <trkpt lat="37.563596" lon="126.713582">
        <ele>118.117126</ele>
        <time>2015-04-26T03:09:29Z</time>
      </trkpt>
      <trkpt lat="37.563739" lon="126.713425">
        <ele>121.200317</ele>
        <time>2015-04-26T03:09:45Z</time>
      </trkpt>
      <trkpt lat="37.563777" lon="126.713321">
        <ele>123.801270</ele>
        <time>2015-04-26T03:09:56Z</time>
      </trkpt>
      <trkpt lat="37.563814" lon="126.713212">
        <ele>128.496643</ele>
        <time>2015-04-26T03:10:05Z</time>
      </trkpt>
      <trkpt lat="37.563849" lon="126.713093">
        <ele>128.879944</ele>
        <time>2015-04-26T03:10:13Z</time>
      </trkpt>
      <trkpt lat="37.563882" lon="126.712976">
        <ele>128.379456</ele>
        <time>2015-04-26T03:10:22Z</time>
      </trkpt>
      <trkpt lat="37.563903" lon="126.712859">
        <ele>126.197754</ele>
        <time>2015-04-26T03:10:31Z</time>
      </trkpt>
      <trkpt lat="37.563926" lon="126.712745">
        <ele>124.373901</ele>
        <time>2015-04-26T03:10:40Z</time>
      </trkpt>
      <trkpt lat="37.563968" lon="126.712639">
        <ele>123.487427</ele>
        <time>2015-04-26T03:10:49Z</time>
      </trkpt>
      <trkpt lat="37.564003" lon="126.712519">
        <ele>120.679504</ele>
        <time>2015-04-26T03:10:59Z</time>
      </trkpt>
      <trkpt lat="37.564028" lon="126.712406">
        <ele>117.243591</ele>
        <time>2015-04-26T03:11:08Z</time>
      </trkpt>
      <trkpt lat="37.564041" lon="126.712288">
        <ele>120.803589</ele>
        <time>2015-04-26T03:11:17Z</time>
      </trkpt>
      <trkpt lat="37.564036" lon="126.712174">
        <ele>120.034424</ele>
        <time>2015-04-26T03:11:27Z</time>
      </trkpt>
      <trkpt lat="37.564042" lon="126.712056">
        <ele>118.204285</ele>
        <time>2015-04-26T03:11:36Z</time>
      </trkpt>
      <trkpt lat="37.564102" lon="126.711966">
        <ele>112.551025</ele>
        <time>2015-04-26T03:11:46Z</time>
      </trkpt>
      <trkpt lat="37.564158" lon="126.711869">
        <ele>106.673279</ele>
        <time>2015-04-26T03:11:56Z</time>
      </trkpt>
      <trkpt lat="37.564232" lon="126.711793">
        <ele>109.087097</ele>
        <time>2015-04-26T03:12:05Z</time>
      </trkpt>
      <trkpt lat="37.564391" lon="126.711666">
        <ele>103.471191</ele>
        <time>2015-04-26T03:12:24Z</time>
      </trkpt>
      <trkpt lat="37.564472" lon="126.711615">
        <ele>105.870361</ele>
        <time>2015-04-26T03:12:35Z</time>
      </trkpt>
      <trkpt lat="37.564543" lon="126.711531">
        <ele>108.941467</ele>
        <time>2015-04-26T03:12:46Z</time>
      </trkpt>
      <trkpt lat="37.564628" lon="126.711468">
        <ele>109.677795</ele>
        <time>2015-04-26T03:12:55Z</time>
      </trkpt>
      <trkpt lat="37.564713" lon="126.711417">
        <ele>105.225342</ele>
        <time>2015-04-26T03:13:03Z</time>
      </trkpt>
      <trkpt lat="37.564804" lon="126.711383">
        <ele>100.850708</ele>
        <time>2015-04-26T03:13:12Z</time>
      </trkpt>
      <trkpt lat="37.564881" lon="126.711309">
        <ele>100.254028</ele>
        <time>2015-04-26T03:13:21Z</time>
      </trkpt>
      <trkpt lat="37.564962" lon="126.711251">
        <ele>101.335388</ele>
        <time>2015-04-26T03:13:30Z</time>
      </trkpt>
      <trkpt lat="37.565044" lon="126.711192">
        <ele>102.447998</ele>
        <time>2015-04-26T03:13:42Z</time>
      </trkpt>
      <trkpt lat="37.565119" lon="126.711127">
        <ele>101.372498</ele>
        <time>2015-04-26T03:13:51Z</time>
      </trkpt>
      <trkpt lat="37.565341" lon="126.711090">
        <ele>109.938171</ele>
        <time>2015-04-26T03:14:05Z</time>
      </trkpt>
      <trkpt lat="37.565431" lon="126.711107">
        <ele>117.075317</ele>
        <time>2015-04-26T03:14:13Z</time>
      </trkpt>
      <trkpt lat="37.565525" lon="126.711126">
        <ele>118.931519</ele>
        <time>2015-04-26T03:14:22Z</time>
      </trkpt>
      <trkpt lat="37.565620" lon="126.711120">
        <ele>116.110962</ele>
        <time>2015-04-26T03:14:31Z</time>
      </trkpt>
      <trkpt lat="37.565715" lon="126.711097">
        <ele>116.600159</ele>
        <time>2015-04-26T03:14:39Z</time>
      </trkpt>
      <trkpt lat="37.565892" lon="126.711051">
        <ele>109.961426</ele>
        <time>2015-04-26T03:14:55Z</time>
      </trkpt>
      <trkpt lat="37.565988" lon="126.711076">
        <ele>97.673340</ele>
        <time>2015-04-26T03:15:03Z</time>
      </trkpt>
      <trkpt lat="37.566175" lon="126.711078">
        <ele>85.961304</ele>
        <time>2015-04-26T03:15:19Z</time>
      </trkpt>
      <trkpt lat="37.566268" lon="126.711045">
        <ele>95.355957</ele>
        <time>2015-04-26T03:15:28Z</time>
      </trkpt>
      <trkpt lat="37.566360" lon="126.711009">
        <ele>100.427063</ele>
        <time>2015-04-26T03:15:37Z</time>
      </trkpt>
      <trkpt lat="37.566457" lon="126.711045">
        <ele>97.091248</ele>
        <time>2015-04-26T03:15:46Z</time>
      </trkpt>
      <trkpt lat="37.566640" lon="126.711144">
        <ele>97.724854</ele>
        <time>2015-04-26T03:16:00Z</time>
      </trkpt>
      <trkpt lat="37.566723" lon="126.711214">
        <ele>94.355347</ele>
        <time>2015-04-26T03:16:08Z</time>
      </trkpt>
      <trkpt lat="37.566871" lon="126.711347">
        <ele>89.016113</ele>
        <time>2015-04-26T03:16:22Z</time>
      </trkpt>
      <trkpt lat="37.566951" lon="126.711407">
        <ele>90.022217</ele>
        <time>2015-04-26T03:16:31Z</time>
      </trkpt>
      <trkpt lat="37.567051" lon="126.711421">
        <ele>89.407959</ele>
        <time>2015-04-26T03:16:41Z</time>
      </trkpt>
      <trkpt lat="37.567143" lon="126.711415">
        <ele>90.486633</ele>
        <time>2015-04-26T03:16:50Z</time>
      </trkpt>
      <trkpt lat="37.567240" lon="126.711397">
        <ele>89.051331</ele>
        <time>2015-04-26T03:16:59Z</time>
      </trkpt>
      <trkpt lat="37.567334" lon="126.711353">
        <ele>93.880859</ele>
        <time>2015-04-26T03:17:09Z</time>
      </trkpt>
      <trkpt lat="37.567424" lon="126.711309">
        <ele>88.217285</ele>
        <time>2015-04-26T03:17:19Z</time>
      </trkpt>
      <trkpt lat="37.567518" lon="126.711277">
        <ele>88.938599</ele>
        <time>2015-04-26T03:17:29Z</time>
      </trkpt>
      <trkpt lat="37.567689" lon="126.711156">
        <ele>79.238770</ele>
        <time>2015-04-26T03:17:43Z</time>
      </trkpt>
      <trkpt lat="37.567779" lon="126.711119">
        <ele>81.791626</ele>
        <time>2015-04-26T03:17:51Z</time>
      </trkpt>
      <trkpt lat="37.567860" lon="126.711061">
        <ele>78.916382</ele>
        <time>2015-04-26T03:17:59Z</time>
      </trkpt>
      <trkpt lat="37.567944" lon="126.711018">
        <ele>79.887695</ele>
        <time>2015-04-26T03:18:07Z</time>
      </trkpt>
      <trkpt lat="37.568035" lon="126.710974">
        <ele>75.851501</ele>
        <time>2015-04-26T03:18:15Z</time>
      </trkpt>
      <trkpt lat="37.568164" lon="126.710789">
        <ele>74.719971</ele>
        <time>2015-04-26T03:18:28Z</time>
      </trkpt>
      <trkpt lat="37.568207" lon="126.710556">
        <ele>81.210449</ele>
        <time>2015-04-26T03:18:43Z</time>
      </trkpt>
      <trkpt lat="37.568222" lon="126.710442">
        <ele>78.891174</ele>
        <time>2015-04-26T03:18:51Z</time>
      </trkpt>
      <trkpt lat="37.568249" lon="126.710330">
        <ele>79.900635</ele>
        <time>2015-04-26T03:18:59Z</time>
      </trkpt>
      <trkpt lat="37.568177" lon="126.710127">
        <ele>86.683899</ele>
        <time>2015-04-26T03:19:13Z</time>
      </trkpt>
      <trkpt lat="37.568131" lon="126.710027">
        <ele>84.914429</ele>
        <time>2015-04-26T03:19:21Z</time>
      </trkpt>
      <trkpt lat="37.568108" lon="126.709911">
        <ele>81.742981</ele>
        <time>2015-04-26T03:19:33Z</time>
      </trkpt>
      <trkpt lat="37.568116" lon="126.709790">
        <ele>82.994995</ele>
        <time>2015-04-26T03:19:41Z</time>
      </trkpt>
      <trkpt lat="37.568155" lon="126.709542">
        <ele>80.086670</ele>
        <time>2015-04-26T03:19:54Z</time>
      </trkpt>
      <trkpt lat="37.568153" lon="126.709313">
        <ele>78.278259</ele>
        <time>2015-04-26T03:20:09Z</time>
      </trkpt>
      <trkpt lat="37.568120" lon="126.709194">
        <ele>80.739380</ele>
        <time>2015-04-26T03:20:19Z</time>
      </trkpt>
      <trkpt lat="37.568112" lon="126.709076">
        <ele>78.361511</ele>
        <time>2015-04-26T03:20:29Z</time>
      </trkpt>
      <trkpt lat="37.568077" lon="126.708958">
        <ele>78.983032</ele>
        <time>2015-04-26T03:20:40Z</time>
      </trkpt>
      <trkpt lat="37.568076" lon="126.708839">
        <ele>75.048340</ele>
        <time>2015-04-26T03:20:48Z</time>
      </trkpt>
      <trkpt lat="37.568054" lon="126.708605">
        <ele>69.701416</ele>
        <time>2015-04-26T03:21:02Z</time>
      </trkpt>
      <trkpt lat="37.568071" lon="126.708368">
        <ele>67.619995</ele>
        <time>2015-04-26T03:21:18Z</time>
      </trkpt>
      <trkpt lat="37.568107" lon="126.708255">
        <ele>62.843628</ele>
        <time>2015-04-26T03:21:28Z</time>
      </trkpt>
      <trkpt lat="37.568120" lon="126.708125">
        <ele>63.220947</ele>
        <time>2015-04-26T03:21:39Z</time>
      </trkpt>
      <trkpt lat="37.568142" lon="126.708006">
        <ele>65.589661</ele>
        <time>2015-04-26T03:21:53Z</time>
      </trkpt>
      <trkpt lat="37.568176" lon="126.707891">
        <ele>65.744873</ele>
        <time>2015-04-26T03:22:05Z</time>
      </trkpt>
      <trkpt lat="37.568210" lon="126.707776">
        <ele>60.670776</ele>
        <time>2015-04-26T03:22:14Z</time>
      </trkpt>
      <trkpt lat="37.568251" lon="126.707667">
        <ele>57.044861</ele>
        <time>2015-04-26T03:22:24Z</time>
      </trkpt>
      <trkpt lat="37.568271" lon="126.707548">
        <ele>48.681580</ele>
        <time>2015-04-26T03:22:35Z</time>
      </trkpt>
      <trkpt lat="37.568216" lon="126.707445">
        <ele>45.968262</ele>
        <time>2015-04-26T03:22:46Z</time>
      </trkpt>
      <trkpt lat="37.568126" lon="126.707409">
        <ele>45.742004</ele>
        <time>2015-04-26T03:22:55Z</time>
      </trkpt>
      <trkpt lat="37.568032" lon="126.707387">
        <ele>47.414490</ele>
        <time>2015-04-26T03:23:04Z</time>
      </trkpt>
      <trkpt lat="37.567845" lon="126.707422">
        <ele>48.208435</ele>
        <time>2015-04-26T03:23:18Z</time>
      </trkpt>
      <trkpt lat="37.567747" lon="126.707410">
        <ele>52.490784</ele>
        <time>2015-04-26T03:23:30Z</time>
      </trkpt>
      <trkpt lat="37.567650" lon="126.707422">
        <ele>49.640747</ele>
        <time>2015-04-26T03:23:39Z</time>
      </trkpt>
      <trkpt lat="37.567542" lon="126.707461">
        <ele>48.146790</ele>
        <time>2015-04-26T03:23:47Z</time>
      </trkpt>
      <trkpt lat="37.567351" lon="126.707516">
        <ele>47.001953</ele>
        <time>2015-04-26T03:24:01Z</time>
      </trkpt>
      <trkpt lat="37.567168" lon="126.707501">
        <ele>48.831665</ele>
        <time>2015-04-26T03:24:18Z</time>
      </trkpt>
      <trkpt lat="37.567068" lon="126.707477">
        <ele>49.737000</ele>
        <time>2015-04-26T03:24:26Z</time>
      </trkpt>
      <trkpt lat="37.566970" lon="126.707467">
        <ele>49.556580</ele>
        <time>2015-04-26T03:24:35Z</time>
      </trkpt>
      <trkpt lat="37.566881" lon="126.707433">
        <ele>56.193115</ele>
        <time>2015-04-26T03:24:47Z</time>
      </trkpt>
      <trkpt lat="37.566784" lon="126.707419">
        <ele>56.668213</ele>
        <time>2015-04-26T03:24:58Z</time>
      </trkpt>
      <trkpt lat="37.566605" lon="126.707370">
        <ele>56.631592</ele>
        <time>2015-04-26T03:25:10Z</time>
      </trkpt>
      <trkpt lat="37.566414" lon="126.707387">
        <ele>65.990356</ele>
        <time>2015-04-26T03:25:24Z</time>
      </trkpt>
      <trkpt lat="37.566319" lon="126.707380">
        <ele>67.811707</ele>
        <time>2015-04-26T03:25:33Z</time>
      </trkpt>
      <trkpt lat="37.566251" lon="126.707299">
        <ele>68.404236</ele>
        <time>2015-04-26T03:25:43Z</time>
      </trkpt>
      <trkpt lat="37.566078" lon="126.707243">
        <ele>71.395264</ele>
        <time>2015-04-26T03:25:59Z</time>
      </trkpt>
      <trkpt lat="37.565971" lon="126.707267">
        <ele>67.770447</ele>
        <time>2015-04-26T03:26:07Z</time>
      </trkpt>
      <trkpt lat="37.565790" lon="126.707265">
        <ele>59.190674</ele>
        <time>2015-04-26T03:26:18Z</time>
      </trkpt>
      <trkpt lat="37.565618" lon="126.707362">
        <ele>52.225769</ele>
        <time>2015-04-26T03:26:35Z</time>
      </trkpt>
      <trkpt lat="37.565522" lon="126.707389">
        <ele>52.838745</ele>
        <time>2015-04-26T03:26:48Z</time>
      </trkpt>
      <trkpt lat="37.565434" lon="126.707422">
        <ele>53.183594</ele>
        <time>2015-04-26T03:26:57Z</time>
      </trkpt>
      <trkpt lat="37.565335" lon="126.707421">
        <ele>52.407288</ele>
        <time>2015-04-26T03:27:06Z</time>
      </trkpt>
      <trkpt lat="37.565244" lon="126.707441">
        <ele>47.700317</ele>
        <time>2015-04-26T03:27:14Z</time>
      </trkpt>
      <trkpt lat="37.565145" lon="126.707418">
        <ele>53.964233</ele>
        <time>2015-04-26T03:27:23Z</time>
      </trkpt>
      <trkpt lat="37.565050" lon="126.707450">
        <ele>54.414062</ele>
        <time>2015-04-26T03:27:32Z</time>
      </trkpt>
      <trkpt lat="37.564959" lon="126.707499">
        <ele>54.127808</ele>
        <time>2015-04-26T03:27:53Z</time>
      </trkpt>
      <trkpt lat="37.564871" lon="126.707443">
        <ele>75.519104</ele>
        <time>2015-04-26T03:29:02Z</time>
      </trkpt>
      <trkpt lat="37.564784" lon="126.707471">
        <ele>63.086548</ele>
        <time>2015-04-26T03:29:23Z</time>
      </trkpt>
      <trkpt lat="37.564694" lon="126.707490">
        <ele>63.404724</ele>
        <time>2015-04-26T03:29:33Z</time>
      </trkpt>
      <trkpt lat="37.564608" lon="126.707545">
        <ele>64.930237</ele>
        <time>2015-04-26T03:29:41Z</time>
      </trkpt>
      <trkpt lat="37.564516" lon="126.707522">
        <ele>69.026794</ele>
        <time>2015-04-26T03:30:00Z</time>
      </trkpt>
      <trkpt lat="37.564424" lon="126.707514">
        <ele>64.037659</ele>
        <time>2015-04-26T03:30:13Z</time>
      </trkpt>
      <trkpt lat="37.564409" lon="126.707391">
        <ele>67.810730</ele>
        <time>2015-04-26T03:30:30Z</time>
      </trkpt>
      <trkpt lat="37.564439" lon="126.707647">
        <ele>33.820374</ele>
        <time>2015-04-26T03:31:38Z</time>
      </trkpt>
      <trkpt lat="37.564381" lon="126.707516">
        <ele>56.684265</ele>
        <time>2015-04-26T03:31:59Z</time>
      </trkpt>
      <trkpt lat="37.564305" lon="126.707445">
        <ele>56.171814</ele>
        <time>2015-04-26T03:32:35Z</time>
      </trkpt>
      <trkpt lat="37.564275" lon="126.707554">
        <ele>57.889160</ele>
        <time>2015-04-26T03:34:36Z</time>
      </trkpt>
      <trkpt lat="37.564251" lon="126.707664">
        <ele>54.934753</ele>
        <time>2015-04-26T03:34:54Z</time>
      </trkpt>
      <trkpt lat="37.564174" lon="126.707738">
        <ele>56.679321</ele>
        <time>2015-04-26T03:35:03Z</time>
      </trkpt>
      <trkpt lat="37.564107" lon="126.707818">
        <ele>60.210388</ele>
        <time>2015-04-26T03:35:11Z</time>
      </trkpt>
      <trkpt lat="37.564027" lon="126.707887">
        <ele>62.223999</ele>
        <time>2015-04-26T03:35:19Z</time>
      </trkpt>
      <trkpt lat="37.563969" lon="126.707978">
        <ele>65.533508</ele>
        <time>2015-04-26T03:35:29Z</time>
      </trkpt>
      <trkpt lat="37.563921" lon="126.708079">
        <ele>64.901001</ele>
        <time>2015-04-26T03:35:44Z</time>
      </trkpt>
      <trkpt lat="37.563831" lon="126.708120">
        <ele>65.903625</ele>
        <time>2015-04-26T03:35:57Z</time>
      </trkpt>
      <trkpt lat="37.563755" lon="126.708185">
        <ele>68.061768</ele>
        <time>2015-04-26T03:36:05Z</time>
      </trkpt>
      <trkpt lat="37.563674" lon="126.708243">
        <ele>65.361816</ele>
        <time>2015-04-26T03:36:14Z</time>
      </trkpt>
      <trkpt lat="37.563587" lon="126.708304">
        <ele>70.507935</ele>
        <time>2015-04-26T03:36:24Z</time>
      </trkpt>
      <trkpt lat="37.563501" lon="126.708360">
        <ele>75.727295</ele>
        <time>2015-04-26T03:36:37Z</time>
      </trkpt>
      <trkpt lat="37.563434" lon="126.708439">
        <ele>76.740112</ele>
        <time>2015-04-26T03:36:51Z</time>
      </trkpt>
      <trkpt lat="37.563377" lon="126.708534">
        <ele>72.390808</ele>
        <time>2015-04-26T03:37:27Z</time>
      </trkpt>
      <trkpt lat="37.563338" lon="126.708425">
        <ele>84.724609</ele>
        <time>2015-04-26T03:48:46Z</time>
      </trkpt>
      <trkpt lat="37.563430" lon="126.708500">
        <ele>69.405884</ele>
        <time>2015-04-26T03:50:55Z</time>
      </trkpt>
      <trkpt lat="37.563362" lon="126.708575">
        <ele>72.412292</ele>
        <time>2015-04-26T03:55:54Z</time>
      </trkpt>
      <trkpt lat="37.563329" lon="126.708685">
        <ele>72.427856</ele>
        <time>2015-04-26T03:56:05Z</time>
      </trkpt>
      <trkpt lat="37.563259" lon="126.708765">
        <ele>75.978516</ele>
        <time>2015-04-26T03:56:15Z</time>
      </trkpt>
      <trkpt lat="37.563170" lon="126.708809">
        <ele>78.431641</ele>
        <time>2015-04-26T03:56:26Z</time>
      </trkpt>
      <trkpt lat="37.563093" lon="126.708884">
        <ele>74.680176</ele>
        <time>2015-04-26T03:56:39Z</time>
      </trkpt>
      <trkpt lat="37.563030" lon="126.708981">
        <ele>78.147827</ele>
        <time>2015-04-26T03:56:48Z</time>
      </trkpt>
      <trkpt lat="37.562966" lon="126.709071">
        <ele>73.930786</ele>
        <time>2015-04-26T03:56:59Z</time>
      </trkpt>
      <trkpt lat="37.562894" lon="126.709158">
        <ele>78.717224</ele>
        <time>2015-04-26T03:57:08Z</time>
      </trkpt>
      <trkpt lat="37.562873" lon="126.709268">
        <ele>76.169861</ele>
        <time>2015-04-26T03:57:16Z</time>
      </trkpt>
      <trkpt lat="37.562836" lon="126.709373">
        <ele>90.304871</ele>
        <time>2015-04-26T03:57:30Z</time>
      </trkpt>
      <trkpt lat="37.562803" lon="126.709479">
        <ele>95.285645</ele>
        <time>2015-04-26T03:57:41Z</time>
      </trkpt>
      <trkpt lat="37.562758" lon="126.709577">
        <ele>87.354919</ele>
        <time>2015-04-26T03:57:49Z</time>
      </trkpt>
      <trkpt lat="37.562688" lon="126.709672">
        <ele>80.757751</ele>
        <time>2015-04-26T03:58:00Z</time>
      </trkpt>
      <trkpt lat="37.562624" lon="126.709755">
        <ele>85.643738</ele>
        <time>2015-04-26T03:58:10Z</time>
      </trkpt>
      <trkpt lat="37.562523" lon="126.709744">
        <ele>88.849365</ele>
        <time>2015-04-26T03:58:20Z</time>
      </trkpt>
      <trkpt lat="37.562426" lon="126.709776">
        <ele>89.781006</ele>
        <time>2015-04-26T03:58:29Z</time>
      </trkpt>
      <trkpt lat="37.562339" lon="126.709810">
        <ele>91.441040</ele>
        <time>2015-04-26T03:58:38Z</time>
      </trkpt>
      <trkpt lat="37.562269" lon="126.709883">
        <ele>87.650330</ele>
        <time>2015-04-26T03:58:48Z</time>
      </trkpt>
      <trkpt lat="37.562201" lon="126.709976">
        <ele>89.208862</ele>
        <time>2015-04-26T03:58:58Z</time>
      </trkpt>
      <trkpt lat="37.562140" lon="126.710091">
        <ele>79.304382</ele>
        <time>2015-04-26T03:59:06Z</time>
      </trkpt>
      <trkpt lat="37.562080" lon="126.710340">
        <ele>61.470032</ele>
        <time>2015-04-26T03:59:15Z</time>
      </trkpt>
      <trkpt lat="37.561995" lon="126.710390">
        <ele>66.550171</ele>
        <time>2015-04-26T03:59:28Z</time>
      </trkpt>
      <trkpt lat="37.561896" lon="126.710385">
        <ele>89.495972</ele>
        <time>2015-04-26T03:59:41Z</time>
      </trkpt>
      <trkpt lat="37.561819" lon="126.710459">
        <ele>89.558105</ele>
        <time>2015-04-26T03:59:55Z</time>
      </trkpt>
      <trkpt lat="37.561761" lon="126.710550">
        <ele>103.145935</ele>
        <time>2015-04-26T04:00:13Z</time>
      </trkpt>
      <trkpt lat="37.561717" lon="126.710653">
        <ele>100.196899</ele>
        <time>2015-04-26T04:00:28Z</time>
      </trkpt>
      <trkpt lat="37.561589" lon="126.710829">
        <ele>98.017090</ele>
        <time>2015-04-26T04:00:44Z</time>
      </trkpt>
      <trkpt lat="37.561507" lon="126.710899">
        <ele>100.469910</ele>
        <time>2015-04-26T04:00:54Z</time>
      </trkpt>
      <trkpt lat="37.561427" lon="126.710950">
        <ele>100.661255</ele>
        <time>2015-04-26T04:01:03Z</time>
      </trkpt>
      <trkpt lat="37.561349" lon="126.711011">
        <ele>100.178162</ele>
        <time>2015-04-26T04:01:12Z</time>
      </trkpt>
      <trkpt lat="37.561265" lon="126.711054">
        <ele>99.159668</ele>
        <time>2015-04-26T04:01:22Z</time>
      </trkpt>
      <trkpt lat="37.561185" lon="126.711124">
        <ele>94.995422</ele>
        <time>2015-04-26T04:01:33Z</time>
      </trkpt>
      <trkpt lat="37.561126" lon="126.711220">
        <ele>94.444092</ele>
        <time>2015-04-26T04:01:44Z</time>
      </trkpt>
      <trkpt lat="37.561057" lon="126.711301">
        <ele>97.217529</ele>
        <time>2015-04-26T04:01:56Z</time>
      </trkpt>
      <trkpt lat="37.560978" lon="126.711358">
        <ele>98.764038</ele>
        <time>2015-04-26T04:02:09Z</time>
      </trkpt>
      <trkpt lat="37.560896" lon="126.711422">
        <ele>106.056396</ele>
        <time>2015-04-26T04:02:20Z</time>
      </trkpt>
      <trkpt lat="37.560816" lon="126.711480">
        <ele>108.237793</ele>
        <time>2015-04-26T04:02:31Z</time>
      </trkpt>
      <trkpt lat="37.560728" lon="126.711516">
        <ele>107.113831</ele>
        <time>2015-04-26T04:02:41Z</time>
      </trkpt>
      <trkpt lat="37.560641" lon="126.711570">
        <ele>108.285034</ele>
        <time>2015-04-26T04:02:52Z</time>
      </trkpt>
      <trkpt lat="37.560554" lon="126.711614">
        <ele>110.676270</ele>
        <time>2015-04-26T04:03:04Z</time>
      </trkpt>
      <trkpt lat="37.560463" lon="126.711651">
        <ele>110.323486</ele>
        <time>2015-04-26T04:03:16Z</time>
      </trkpt>
      <trkpt lat="37.560373" lon="126.711696">
        <ele>111.091614</ele>
        <time>2015-04-26T04:03:28Z</time>
      </trkpt>
      <trkpt lat="37.560280" lon="126.711720">
        <ele>113.955627</ele>
        <time>2015-04-26T04:03:41Z</time>
      </trkpt>
      <trkpt lat="37.560190" lon="126.711749">
        <ele>118.540100</ele>
        <time>2015-04-26T04:03:54Z</time>
      </trkpt>
      <trkpt lat="37.560093" lon="126.711753">
        <ele>124.838806</ele>
        <time>2015-04-26T04:04:06Z</time>
      </trkpt>
      <trkpt lat="37.560002" lon="126.711749">
        <ele>126.980591</ele>
        <time>2015-04-26T04:04:17Z</time>
      </trkpt>
      <trkpt lat="37.559915" lon="126.711792">
        <ele>129.677490</ele>
        <time>2015-04-26T04:04:28Z</time>
      </trkpt>
      <trkpt lat="37.559852" lon="126.711882">
        <ele>128.047241</ele>
        <time>2015-04-26T04:04:39Z</time>
      </trkpt>
      <trkpt lat="37.559779" lon="126.711954">
        <ele>131.298157</ele>
        <time>2015-04-26T04:04:50Z</time>
      </trkpt>
      <trkpt lat="37.559698" lon="126.712014">
        <ele>129.660889</ele>
        <time>2015-04-26T04:05:02Z</time>
      </trkpt>
      <trkpt lat="37.559611" lon="126.712070">
        <ele>130.891296</ele>
        <time>2015-04-26T04:05:18Z</time>
      </trkpt>
      <trkpt lat="37.559522" lon="126.712145">
        <ele>129.382141</ele>
        <time>2015-04-26T04:06:06Z</time>
      </trkpt>
      <trkpt lat="37.559507" lon="126.712259">
        <ele>127.854614</ele>
        <time>2015-04-26T04:07:10Z</time>
      </trkpt>
      <trkpt lat="37.559412" lon="126.712262">
        <ele>135.511780</ele>
        <time>2015-04-26T04:07:27Z</time>
      </trkpt>
      <trkpt lat="37.559321" lon="126.712217">
        <ele>134.659973</ele>
        <time>2015-04-26T04:07:39Z</time>
      </trkpt>
      <trkpt lat="37.559231" lon="126.712183">
        <ele>140.009766</ele>
        <time>2015-04-26T04:07:51Z</time>
      </trkpt>
      <trkpt lat="37.559174" lon="126.712092">
        <ele>153.334106</ele>
        <time>2015-04-26T04:08:04Z</time>
      </trkpt>
      <trkpt lat="37.559163" lon="126.711979">
        <ele>146.004761</ele>
        <time>2015-04-26T04:08:22Z</time>
      </trkpt>
      <trkpt lat="37.559187" lon="126.711870">
        <ele>146.742920</ele>
        <time>2015-04-26T04:08:35Z</time>
      </trkpt>
      <trkpt lat="37.559226" lon="126.711766">
        <ele>143.345032</ele>
        <time>2015-04-26T04:08:47Z</time>
      </trkpt>
      <trkpt lat="37.559198" lon="126.711658">
        <ele>135.259155</ele>
        <time>2015-04-26T04:09:11Z</time>
      </trkpt>
      <trkpt lat="37.559237" lon="126.711553">
        <ele>141.289001</ele>
        <time>2015-04-26T04:09:24Z</time>
      </trkpt>
      <trkpt lat="37.559291" lon="126.711448">
        <ele>142.290222</ele>
        <time>2015-04-26T04:09:34Z</time>
      </trkpt>
      <trkpt lat="37.559347" lon="126.711348">
        <ele>139.690247</ele>
        <time>2015-04-26T04:09:42Z</time>
      </trkpt>
      <trkpt lat="37.559395" lon="126.711249">
        <ele>138.274780</ele>
        <time>2015-04-26T04:09:50Z</time>
      </trkpt>
      <trkpt lat="37.559426" lon="126.711129">
        <ele>139.596436</ele>
        <time>2015-04-26T04:09:59Z</time>
      </trkpt>
      <trkpt lat="37.559424" lon="126.711006">
        <ele>147.121582</ele>
        <time>2015-04-26T04:10:10Z</time>
      </trkpt>
      <trkpt lat="37.559499" lon="126.710794">
        <ele>147.342041</ele>
        <time>2015-04-26T04:10:25Z</time>
      </trkpt>
      <trkpt lat="37.559529" lon="126.710686">
        <ele>144.685486</ele>
        <time>2015-04-26T04:10:34Z</time>
      </trkpt>
      <trkpt lat="37.559407" lon="126.710503">
        <ele>140.359436</ele>
        <time>2015-04-26T04:10:48Z</time>
      </trkpt>
      <trkpt lat="37.559333" lon="126.710298">
        <ele>142.468872</ele>
        <time>2015-04-26T04:11:07Z</time>
      </trkpt>
      <trkpt lat="37.559322" lon="126.710067">
        <ele>131.660767</ele>
        <time>2015-04-26T04:11:23Z</time>
      </trkpt>
      <trkpt lat="37.559259" lon="126.709979">
        <ele>132.650085</ele>
        <time>2015-04-26T04:11:36Z</time>
      </trkpt>
      <trkpt lat="37.559159" lon="126.710007">
        <ele>134.677002</ele>
        <time>2015-04-26T04:11:48Z</time>
      </trkpt>
      <trkpt lat="37.559070" lon="126.709980">
        <ele>144.346436</ele>
        <time>2015-04-26T04:12:03Z</time>
      </trkpt>
      <trkpt lat="37.558969" lon="126.709980">
        <ele>145.941406</ele>
        <time>2015-04-26T04:12:15Z</time>
      </trkpt>
      <trkpt lat="37.558877" lon="126.709975">
        <ele>147.307983</ele>
        <time>2015-04-26T04:12:26Z</time>
      </trkpt>
      <trkpt lat="37.558788" lon="126.710006">
        <ele>146.249817</ele>
        <time>2015-04-26T04:12:35Z</time>
      </trkpt>
      <trkpt lat="37.558703" lon="126.709941">
        <ele>150.955078</ele>
        <time>2015-04-26T04:12:47Z</time>
      </trkpt>
      <trkpt lat="37.558607" lon="126.709898">
        <ele>152.625549</ele>
        <time>2015-04-26T04:12:56Z</time>
      </trkpt>
      <trkpt lat="37.558553" lon="126.709793">
        <ele>150.584717</ele>
        <time>2015-04-26T04:13:06Z</time>
      </trkpt>
      <trkpt lat="37.558489" lon="126.709709">
        <ele>150.107056</ele>
        <time>2015-04-26T04:13:14Z</time>
      </trkpt>
      <trkpt lat="37.558429" lon="126.709624">
        <ele>150.915649</ele>
        <time>2015-04-26T04:13:24Z</time>
      </trkpt>
      <trkpt lat="37.558381" lon="126.709527">
        <ele>154.584961</ele>
        <time>2015-04-26T04:13:34Z</time>
      </trkpt>
      <trkpt lat="37.558294" lon="126.709475">
        <ele>156.090820</ele>
        <time>2015-04-26T04:13:43Z</time>
      </trkpt>
      <trkpt lat="37.558204" lon="126.709434">
        <ele>151.211365</ele>
        <time>2015-04-26T04:13:52Z</time>
      </trkpt>
      <trkpt lat="37.558112" lon="126.709409">
        <ele>146.697144</ele>
        <time>2015-04-26T04:14:03Z</time>
      </trkpt>
      <trkpt lat="37.558042" lon="126.709313">
        <ele>150.812561</ele>
        <time>2015-04-26T04:14:19Z</time>
      </trkpt>
      <trkpt lat="37.557895" lon="126.709151">
        <ele>146.915161</ele>
        <time>2015-04-26T04:14:35Z</time>
      </trkpt>
      <trkpt lat="37.557839" lon="126.709045">
        <ele>146.880615</ele>
        <time>2015-04-26T04:14:44Z</time>
      </trkpt>
      <trkpt lat="37.557767" lon="126.708975">
        <ele>149.390747</ele>
        <time>2015-04-26T04:14:52Z</time>
      </trkpt>
      <trkpt lat="37.557671" lon="126.708934">
        <ele>147.016968</ele>
        <time>2015-04-26T04:15:00Z</time>
      </trkpt>
      <trkpt lat="37.557628" lon="126.708830">
        <ele>148.011841</ele>
        <time>2015-04-26T04:15:10Z</time>
      </trkpt>
      <trkpt lat="37.557548" lon="126.708754">
        <ele>148.595703</ele>
        <time>2015-04-26T04:15:22Z</time>
      </trkpt>
      <trkpt lat="37.557491" lon="126.708663">
        <ele>145.642822</ele>
        <time>2015-04-26T04:15:31Z</time>
      </trkpt>
      <trkpt lat="37.557427" lon="126.708581">
        <ele>144.542480</ele>
        <time>2015-04-26T04:15:40Z</time>
      </trkpt>
      <trkpt lat="37.557360" lon="126.708505">
        <ele>150.833435</ele>
        <time>2015-04-26T04:15:48Z</time>
      </trkpt>
      <trkpt lat="37.557313" lon="126.708402">
        <ele>151.745850</ele>
        <time>2015-04-26T04:16:19Z</time>
      </trkpt>
      <trkpt lat="37.557225" lon="126.708374">
        <ele>154.987061</ele>
        <time>2015-04-26T04:16:28Z</time>
      </trkpt>
      <trkpt lat="37.557161" lon="126.708287">
        <ele>158.370728</ele>
        <time>2015-04-26T04:16:38Z</time>
      </trkpt>
      <trkpt lat="37.557072" lon="126.708244">
        <ele>159.798828</ele>
        <time>2015-04-26T04:16:49Z</time>
      </trkpt>
      <trkpt lat="37.556976" lon="126.708250">
        <ele>152.887817</ele>
        <time>2015-04-26T04:16:59Z</time>
      </trkpt>
      <trkpt lat="37.556886" lon="126.708222">
        <ele>157.368225</ele>
        <time>2015-04-26T04:17:14Z</time>
      </trkpt>
      <trkpt lat="37.556808" lon="126.708156">
        <ele>157.953491</ele>
        <time>2015-04-26T04:17:36Z</time>
      </trkpt>
      <trkpt lat="37.556759" lon="126.708053">
        <ele>165.082031</ele>
        <time>2015-04-26T04:17:51Z</time>
      </trkpt>
      <trkpt lat="37.556687" lon="126.707972">
        <ele>169.404175</ele>
        <time>2015-04-26T04:18:01Z</time>
      </trkpt>
      <trkpt lat="37.556603" lon="126.707929">
        <ele>172.613403</ele>
        <time>2015-04-26T04:18:10Z</time>
      </trkpt>
      <trkpt lat="37.556550" lon="126.707834">
        <ele>175.278503</ele>
        <time>2015-04-26T04:18:20Z</time>
      </trkpt>
      <trkpt lat="37.556485" lon="126.707734">
        <ele>178.753906</ele>
        <time>2015-04-26T04:18:29Z</time>
      </trkpt>
      <trkpt lat="37.556401" lon="126.707685">
        <ele>176.477173</ele>
        <time>2015-04-26T04:18:38Z</time>
      </trkpt>
      <trkpt lat="37.556346" lon="126.707585">
        <ele>187.380798</ele>
        <time>2015-04-26T04:18:49Z</time>
      </trkpt>
      <trkpt lat="37.556264" lon="126.707664">
        <ele>193.339478</ele>
        <time>2015-04-26T04:20:45Z</time>
      </trkpt>
      <trkpt lat="37.556179" lon="126.707597">
        <ele>181.992493</ele>
        <time>2015-04-26T04:21:19Z</time>
      </trkpt>
      <trkpt lat="37.556000" lon="126.707563">
        <ele>186.350342</ele>
        <time>2015-04-26T04:21:33Z</time>
      </trkpt>
      <trkpt lat="37.555818" lon="126.707506">
        <ele>192.295410</ele>
        <time>2015-04-26T04:21:49Z</time>
      </trkpt>
      <trkpt lat="37.555730" lon="126.707475">
        <ele>191.909424</ele>
        <time>2015-04-26T04:21:58Z</time>
      </trkpt>
      <trkpt lat="37.555634" lon="126.707457">
        <ele>191.751038</ele>
        <time>2015-04-26T04:22:06Z</time>
      </trkpt>
      <trkpt lat="37.555446" lon="126.707414">
        <ele>192.170532</ele>
        <time>2015-04-26T04:22:21Z</time>
      </trkpt>
      <trkpt lat="37.555272" lon="126.707467">
        <ele>191.366882</ele>
        <time>2015-04-26T04:22:41Z</time>
      </trkpt>
      <trkpt lat="37.555177" lon="126.707494">
        <ele>192.415405</ele>
        <time>2015-04-26T04:22:49Z</time>
      </trkpt>
      <trkpt lat="37.555078" lon="126.707489">
        <ele>195.455933</ele>
        <time>2015-04-26T04:22:59Z</time>
      </trkpt>
      <trkpt lat="37.554979" lon="126.707476">
        <ele>196.988892</ele>
        <time>2015-04-26T04:23:08Z</time>
      </trkpt>
      <trkpt lat="37.554885" lon="126.707445">
        <ele>196.578064</ele>
        <time>2015-04-26T04:23:17Z</time>
      </trkpt>
      <trkpt lat="37.554796" lon="126.707403">
        <ele>191.521606</ele>
        <time>2015-04-26T04:23:27Z</time>
      </trkpt>
      <trkpt lat="37.554699" lon="126.707397">
        <ele>191.019165</ele>
        <time>2015-04-26T04:23:35Z</time>
      </trkpt>
      <trkpt lat="37.554610" lon="126.707359">
        <ele>188.250854</ele>
        <time>2015-04-26T04:23:43Z</time>
      </trkpt>
      <trkpt lat="37.554518" lon="126.707326">
        <ele>186.036011</ele>
        <time>2015-04-26T04:23:51Z</time>
      </trkpt>
      <trkpt lat="37.554438" lon="126.707258">
        <ele>184.072876</ele>
        <time>2015-04-26T04:23:59Z</time>
      </trkpt>
      <trkpt lat="37.554370" lon="126.707164">
        <ele>183.638367</ele>
        <time>2015-04-26T04:24:08Z</time>
      </trkpt>
      <trkpt lat="37.554280" lon="126.707126">
        <ele>184.537231</ele>
        <time>2015-04-26T04:24:16Z</time>
      </trkpt>
      <trkpt lat="37.554188" lon="126.707089">
        <ele>185.898254</ele>
        <time>2015-04-26T04:24:24Z</time>
      </trkpt>
      <trkpt lat="37.554092" lon="126.707092">
        <ele>184.305542</ele>
        <time>2015-04-26T04:24:32Z</time>
      </trkpt>
      <trkpt lat="37.553996" lon="126.707126">
        <ele>180.745789</ele>
        <time>2015-04-26T04:24:41Z</time>
      </trkpt>
      <trkpt lat="37.553900" lon="126.707173">
        <ele>181.805725</ele>
        <time>2015-04-26T04:24:49Z</time>
      </trkpt>
      <trkpt lat="37.553740" lon="126.707285">
        <ele>177.974854</ele>
        <time>2015-04-26T04:25:03Z</time>
      </trkpt>
      <trkpt lat="37.553655" lon="126.707330">
        <ele>176.846313</ele>
        <time>2015-04-26T04:25:11Z</time>
      </trkpt>
      <trkpt lat="37.553565" lon="126.707355">
        <ele>174.599304</ele>
        <time>2015-04-26T04:25:20Z</time>
      </trkpt>
      <trkpt lat="37.553470" lon="126.707315">
        <ele>175.637512</ele>
        <time>2015-04-26T04:25:29Z</time>
      </trkpt>
      <trkpt lat="37.553378" lon="126.707287">
        <ele>173.590698</ele>
        <time>2015-04-26T04:25:40Z</time>
      </trkpt>
      <trkpt lat="37.553301" lon="126.707220">
        <ele>171.966431</ele>
        <time>2015-04-26T04:25:52Z</time>
      </trkpt>
      <trkpt lat="37.553246" lon="126.707126">
        <ele>172.827209</ele>
        <time>2015-04-26T04:26:02Z</time>
      </trkpt>
      <trkpt lat="37.553221" lon="126.707015">
        <ele>175.697083</ele>
        <time>2015-04-26T04:26:11Z</time>
      </trkpt>
      <trkpt lat="37.553181" lon="126.706909">
        <ele>178.647156</ele>
        <time>2015-04-26T04:26:20Z</time>
      </trkpt>
      <trkpt lat="37.553107" lon="126.706840">
        <ele>179.954102</ele>
        <time>2015-04-26T04:26:28Z</time>
      </trkpt>
      <trkpt lat="37.553026" lon="126.706776">
        <ele>182.550293</ele>
        <time>2015-04-26T04:26:37Z</time>
      </trkpt>
      <trkpt lat="37.552945" lon="126.706715">
        <ele>181.416199</ele>
        <time>2015-04-26T04:26:45Z</time>
      </trkpt>
      <trkpt lat="37.552861" lon="126.706659">
        <ele>183.207520</ele>
        <time>2015-04-26T04:26:54Z</time>
      </trkpt>
      <trkpt lat="37.552784" lon="126.706595">
        <ele>186.628540</ele>
        <time>2015-04-26T04:27:03Z</time>
      </trkpt>
      <trkpt lat="37.552701" lon="126.706544">
        <ele>186.149292</ele>
        <time>2015-04-26T04:27:11Z</time>
      </trkpt>
      <trkpt lat="37.552612" lon="126.706495">
        <ele>185.953369</ele>
        <time>2015-04-26T04:27:20Z</time>
      </trkpt>
      <trkpt lat="37.552516" lon="126.706491">
        <ele>187.711304</ele>
        <time>2015-04-26T04:27:30Z</time>
      </trkpt>
      <trkpt lat="37.552419" lon="126.706514">
        <ele>191.229919</ele>
        <time>2015-04-26T04:27:40Z</time>
      </trkpt>
      <trkpt lat="37.552329" lon="126.706528">
        <ele>190.067017</ele>
        <time>2015-04-26T04:27:48Z</time>
      </trkpt>
      <trkpt lat="37.552235" lon="126.706510">
        <ele>186.376221</ele>
        <time>2015-04-26T04:27:57Z</time>
      </trkpt>
      <trkpt lat="37.552148" lon="126.706577">
        <ele>188.063354</ele>
        <time>2015-04-26T04:28:05Z</time>
      </trkpt>
      <trkpt lat="37.552047" lon="126.706580">
        <ele>188.821777</ele>
        <time>2015-04-26T04:28:13Z</time>
      </trkpt>
      <trkpt lat="37.551955" lon="126.706569">
        <ele>187.946045</ele>
        <time>2015-04-26T04:28:21Z</time>
      </trkpt>
      <trkpt lat="37.551864" lon="126.706543">
        <ele>188.953003</ele>
        <time>2015-04-26T04:28:46Z</time>
      </trkpt>
      <trkpt lat="37.551767" lon="126.706558">
        <ele>195.065063</ele>
        <time>2015-04-26T04:28:57Z</time>
      </trkpt>
      <trkpt lat="37.551675" lon="126.706539">
        <ele>194.713867</ele>
        <time>2015-04-26T04:29:05Z</time>
      </trkpt>
      <trkpt lat="37.551594" lon="126.706487">
        <ele>191.922729</ele>
        <time>2015-04-26T04:29:14Z</time>
      </trkpt>
      <trkpt lat="37.551508" lon="126.706430">
        <ele>193.509033</ele>
        <time>2015-04-26T04:29:25Z</time>
      </trkpt>
      <trkpt lat="37.551433" lon="126.706363">
        <ele>202.832642</ele>
        <time>2015-04-26T04:29:58Z</time>
      </trkpt>
      <trkpt lat="37.551341" lon="126.706360">
        <ele>204.040405</ele>
        <time>2015-04-26T04:30:11Z</time>
      </trkpt>
      <trkpt lat="37.551353" lon="126.706473">
        <ele>216.977051</ele>
        <time>2015-04-26T04:30:27Z</time>
      </trkpt>
      <trkpt lat="37.551379" lon="126.706583">
        <ele>219.578186</ele>
        <time>2015-04-26T04:30:38Z</time>
      </trkpt>
      <trkpt lat="37.551391" lon="126.706701">
        <ele>225.476746</ele>
        <time>2015-04-26T04:30:50Z</time>
      </trkpt>
      <trkpt lat="37.551416" lon="126.706812">
        <ele>224.507080</ele>
        <time>2015-04-26T04:31:03Z</time>
      </trkpt>
      <trkpt lat="37.551441" lon="126.706922">
        <ele>224.323608</ele>
        <time>2015-04-26T04:31:15Z</time>
      </trkpt>
      <trkpt lat="37.551485" lon="126.707032">
        <ele>226.739807</ele>
        <time>2015-04-26T04:31:26Z</time>
      </trkpt>
      <trkpt lat="37.551501" lon="126.707145">
        <ele>235.522583</ele>
        <time>2015-04-26T04:31:38Z</time>
      </trkpt>
      <trkpt lat="37.551552" lon="126.707240">
        <ele>240.132812</ele>
        <time>2015-04-26T04:31:48Z</time>
      </trkpt>
      <trkpt lat="37.551566" lon="126.707360">
        <ele>243.844604</ele>
        <time>2015-04-26T04:32:01Z</time>
      </trkpt>
      <trkpt lat="37.551537" lon="126.707467">
        <ele>245.769531</ele>
        <time>2015-04-26T04:32:13Z</time>
      </trkpt>
      <trkpt lat="37.551574" lon="126.707572">
        <ele>246.289978</ele>
        <time>2015-04-26T04:32:25Z</time>
      </trkpt>
      <trkpt lat="37.551656" lon="126.707625">
        <ele>251.230652</ele>
        <time>2015-04-26T04:32:40Z</time>
      </trkpt>
      <trkpt lat="37.551711" lon="126.707717">
        <ele>259.145264</ele>
        <time>2015-04-26T04:32:56Z</time>
      </trkpt>
      <trkpt lat="37.551792" lon="126.707777">
        <ele>261.206116</ele>
        <time>2015-04-26T04:33:11Z</time>
      </trkpt>
      <trkpt lat="37.551842" lon="126.707875">
        <ele>263.865540</ele>
        <time>2015-04-26T04:33:29Z</time>
      </trkpt>
      <trkpt lat="37.551829" lon="126.707992">
        <ele>263.034119</ele>
        <time>2015-04-26T04:33:44Z</time>
      </trkpt>
      <trkpt lat="37.551791" lon="126.708096">
        <ele>269.000977</ele>
        <time>2015-04-26T04:33:57Z</time>
      </trkpt>
      <trkpt lat="37.551776" lon="126.708209">
        <ele>269.059326</ele>
        <time>2015-04-26T04:34:11Z</time>
      </trkpt>
      <trkpt lat="37.551833" lon="126.708303">
        <ele>269.033691</ele>
        <time>2015-04-26T04:34:22Z</time>
      </trkpt>
      <trkpt lat="37.551807" lon="126.708419">
        <ele>265.029907</ele>
        <time>2015-04-26T04:34:33Z</time>
      </trkpt>
      <trkpt lat="37.551807" lon="126.708537">
        <ele>263.103210</ele>
        <time>2015-04-26T04:34:46Z</time>
      </trkpt>
      <trkpt lat="37.551799" lon="126.708650">
        <ele>267.744629</ele>
        <time>2015-04-26T04:34:59Z</time>
      </trkpt>
      <trkpt lat="37.551786" lon="126.708766">
        <ele>275.220337</ele>
        <time>2015-04-26T04:35:15Z</time>
      </trkpt>
      <trkpt lat="37.551778" lon="126.708887">
        <ele>275.603882</ele>
        <time>2015-04-26T04:35:29Z</time>
      </trkpt>
      <trkpt lat="37.551781" lon="126.709005">
        <ele>278.004517</ele>
        <time>2015-04-26T04:35:46Z</time>
      </trkpt>
      <trkpt lat="37.551822" lon="126.709108">
        <ele>278.579468</ele>
        <time>2015-04-26T04:36:01Z</time>
      </trkpt>
      <trkpt lat="37.551812" lon="126.709224">
        <ele>276.911560</ele>
        <time>2015-04-26T04:36:17Z</time>
      </trkpt>
      <trkpt lat="37.551832" lon="126.709336">
        <ele>284.990479</ele>
        <time>2015-04-26T04:36:33Z</time>
      </trkpt>
      <trkpt lat="37.551828" lon="126.709451">
        <ele>284.140808</ele>
        <time>2015-04-26T04:36:46Z</time>
      </trkpt>
      <trkpt lat="37.551754" lon="126.709517">
        <ele>290.399597</ele>
        <time>2015-04-26T04:37:03Z</time>
      </trkpt>
      <trkpt lat="37.551762" lon="126.709630">
        <ele>299.958679</ele>
        <time>2015-04-26T04:37:25Z</time>
      </trkpt>
      <trkpt lat="37.551806" lon="126.709738">
        <ele>310.630676</ele>
        <time>2015-04-26T04:37:46Z</time>
      </trkpt>
      <trkpt lat="37.551814" lon="126.709855">
        <ele>308.050659</ele>
        <time>2015-04-26T04:38:05Z</time>
      </trkpt>
      <trkpt lat="37.551799" lon="126.709968">
        <ele>308.974243</ele>
        <time>2015-04-26T04:38:17Z</time>
      </trkpt>
      <trkpt lat="37.551781" lon="126.710081">
        <ele>310.942627</ele>
        <time>2015-04-26T04:38:32Z</time>
      </trkpt>
      <trkpt lat="37.551785" lon="126.710201">
        <ele>315.311768</ele>
        <time>2015-04-26T04:38:48Z</time>
      </trkpt>
      <trkpt lat="37.551875" lon="126.710211">
        <ele>313.125366</ele>
        <time>2015-04-26T04:46:27Z</time>
      </trkpt>
      <trkpt lat="37.551949" lon="126.710277">
        <ele>321.990112</ele>
        <time>2015-04-26T04:46:40Z</time>
      </trkpt>
      <trkpt lat="37.552023" lon="126.710358">
        <ele>320.193115</ele>
        <time>2015-04-26T04:48:17Z</time>
      </trkpt>
      <trkpt lat="37.552185" lon="126.710545">
        <ele>321.327637</ele>
        <time>2015-04-26T04:48:25Z</time>
      </trkpt>
      <trkpt lat="37.552354" lon="126.710851">
        <ele>324.145447</ele>
        <time>2015-04-26T04:48:35Z</time>
      </trkpt>
      <trkpt lat="37.552398" lon="126.711076">
        <ele>330.852295</ele>
        <time>2015-04-26T04:49:11Z</time>
      </trkpt>
      <trkpt lat="37.552448" lon="126.711172">
        <ele>331.581177</ele>
        <time>2015-04-26T04:49:23Z</time>
      </trkpt>
      <trkpt lat="37.552521" lon="126.711250">
        <ele>337.012268</ele>
        <time>2015-04-26T04:49:35Z</time>
      </trkpt>
      <trkpt lat="37.552581" lon="126.711347">
        <ele>336.042969</ele>
        <time>2015-04-26T04:49:47Z</time>
      </trkpt>
      <trkpt lat="37.552659" lon="126.711407">
        <ele>337.396118</ele>
        <time>2015-04-26T04:49:57Z</time>
      </trkpt>
      <trkpt lat="37.552705" lon="126.711515">
        <ele>339.929077</ele>
        <time>2015-04-26T04:50:07Z</time>
      </trkpt>
      <trkpt lat="37.552735" lon="126.711623">
        <ele>340.004639</ele>
        <time>2015-04-26T04:50:19Z</time>
      </trkpt>
      <trkpt lat="37.552796" lon="126.711708">
        <ele>346.347473</ele>
        <time>2015-04-26T04:50:30Z</time>
      </trkpt>
      <trkpt lat="37.552845" lon="126.711804">
        <ele>351.668457</ele>
        <time>2015-04-26T04:50:44Z</time>
      </trkpt>
      <trkpt lat="37.552923" lon="126.711867">
        <ele>349.064453</ele>
        <time>2015-04-26T04:50:55Z</time>
      </trkpt>
      <trkpt lat="37.552889" lon="126.711976">
        <ele>350.879761</ele>
        <time>2015-04-26T04:51:12Z</time>
      </trkpt>
      <trkpt lat="37.552958" lon="126.712051">
        <ele>351.285339</ele>
        <time>2015-04-26T04:51:24Z</time>
      </trkpt>
      <trkpt lat="37.552971" lon="126.712165">
        <ele>356.684448</ele>
        <time>2015-04-26T04:51:36Z</time>
      </trkpt>
      <trkpt lat="37.552990" lon="126.712278">
        <ele>361.178223</ele>
        <time>2015-04-26T04:51:54Z</time>
      </trkpt>
      <trkpt lat="37.553077" lon="126.712326">
        <ele>367.285034</ele>
        <time>2015-04-26T04:52:11Z</time>
      </trkpt>
      <trkpt lat="37.553145" lon="126.712411">
        <ele>374.245850</ele>
        <time>2015-04-26T04:52:25Z</time>
      </trkpt>
      <trkpt lat="37.553212" lon="126.712493">
        <ele>378.096191</ele>
        <time>2015-04-26T04:52:37Z</time>
      </trkpt>
      <trkpt lat="37.553281" lon="126.712583">
        <ele>377.402161</ele>
        <time>2015-04-26T04:52:47Z</time>
      </trkpt>
      <trkpt lat="37.553374" lon="126.712739">
        <ele>379.377197</ele>
        <time>2015-04-26T04:53:06Z</time>
      </trkpt>
      <trkpt lat="37.553444" lon="126.712826">
        <ele>374.486023</ele>
        <time>2015-04-26T04:56:34Z</time>
      </trkpt>
      <trkpt lat="37.553459" lon="126.712941">
        <ele>377.547485</ele>
        <time>2015-04-26T04:58:28Z</time>
      </trkpt>
      <trkpt lat="37.553459" lon="126.713055">
        <ele>379.295166</ele>
        <time>2015-04-26T04:58:38Z</time>
      </trkpt>
      <trkpt lat="37.553486" lon="126.713167">
        <ele>381.660400</ele>
        <time>2015-04-26T04:58:46Z</time>
      </trkpt>
      <trkpt lat="37.553523" lon="126.713278">
        <ele>377.087280</ele>
        <time>2015-04-26T04:58:56Z</time>
      </trkpt>
      <trkpt lat="37.553536" lon="126.713390">
        <ele>381.431641</ele>
        <time>2015-04-26T04:59:06Z</time>
      </trkpt>
      <trkpt lat="37.553511" lon="126.713513">
        <ele>386.860718</ele>
        <time>2015-04-26T04:59:15Z</time>
      </trkpt>
      <trkpt lat="37.553487" lon="126.713627">
        <ele>388.840210</ele>
        <time>2015-04-26T04:59:23Z</time>
      </trkpt>
      <trkpt lat="37.553399" lon="126.713824">
        <ele>394.450256</ele>
        <time>2015-04-26T04:59:39Z</time>
      </trkpt>
      <trkpt lat="37.553366" lon="126.713943">
        <ele>384.080200</ele>
        <time>2015-04-26T04:59:51Z</time>
      </trkpt>
      <trkpt lat="37.553333" lon="126.714058">
        <ele>379.486938</ele>
        <time>2015-04-26T05:00:02Z</time>
      </trkpt>
      <trkpt lat="37.553351" lon="126.714172">
        <ele>388.493652</ele>
        <time>2015-04-26T05:03:08Z</time>
      </trkpt>
      <trkpt lat="37.553440" lon="126.714207">
        <ele>384.330444</ele>
        <time>2015-04-26T05:03:22Z</time>
      </trkpt>
      <trkpt lat="37.553508" lon="126.714129">
        <ele>385.250671</ele>
        <time>2015-04-26T05:03:38Z</time>
      </trkpt>
      <trkpt lat="37.553574" lon="126.714048">
        <ele>390.234070</ele>
        <time>2015-04-26T05:03:56Z</time>
      </trkpt>
      <trkpt lat="37.553659" lon="126.713995">
        <ele>388.946594</ele>
        <time>2015-04-26T05:04:07Z</time>
      </trkpt>
      <trkpt lat="37.553749" lon="126.714026">
        <ele>378.311646</ele>
        <time>2015-04-26T05:04:37Z</time>
      </trkpt>
      <trkpt lat="37.553841" lon="126.714045">
        <ele>374.041870</ele>
        <time>2015-04-26T05:04:49Z</time>
      </trkpt>
      <trkpt lat="37.553920" lon="126.714108">
        <ele>369.588379</ele>
        <time>2015-04-26T05:05:15Z</time>
      </trkpt>
      <trkpt lat="37.554009" lon="126.714084">
        <ele>367.595947</ele>
        <time>2015-04-26T05:05:25Z</time>
      </trkpt>
      <trkpt lat="37.554102" lon="126.714083">
        <ele>368.295105</ele>
        <time>2015-04-26T05:05:39Z</time>
      </trkpt>
      <trkpt lat="37.554188" lon="126.714134">
        <ele>362.512451</ele>
        <time>2015-04-26T05:06:00Z</time>
      </trkpt>
      <trkpt lat="37.554256" lon="126.714211">
        <ele>355.536987</ele>
        <time>2015-04-26T05:06:27Z</time>
      </trkpt>
      <trkpt lat="37.554349" lon="126.714199">
        <ele>353.622559</ele>
        <time>2015-04-26T05:06:41Z</time>
      </trkpt>
      <trkpt lat="37.554423" lon="126.714267">
        <ele>347.242615</ele>
        <time>2015-04-26T05:06:59Z</time>
      </trkpt>
      <trkpt lat="37.554511" lon="126.714302">
        <ele>349.276733</ele>
        <time>2015-04-26T05:07:22Z</time>
      </trkpt>
      <trkpt lat="37.554587" lon="126.714373">
        <ele>347.379639</ele>
        <time>2015-04-26T05:07:42Z</time>
      </trkpt>
      <trkpt lat="37.554683" lon="126.714381">
        <ele>349.929504</ele>
        <time>2015-04-26T05:07:55Z</time>
      </trkpt>
      <trkpt lat="37.554781" lon="126.714379">
        <ele>343.154114</ele>
        <time>2015-04-26T05:08:10Z</time>
      </trkpt>
      <trkpt lat="37.554866" lon="126.714419">
        <ele>346.043335</ele>
        <time>2015-04-26T05:08:30Z</time>
      </trkpt>
      <trkpt lat="37.554957" lon="126.714402">
        <ele>340.660278</ele>
        <time>2015-04-26T05:08:54Z</time>
      </trkpt>
      <trkpt lat="37.555044" lon="126.714459">
        <ele>339.139160</ele>
        <time>2015-04-26T05:09:09Z</time>
      </trkpt>
      <trkpt lat="37.555136" lon="126.714426">
        <ele>335.976318</ele>
        <time>2015-04-26T05:09:23Z</time>
      </trkpt>
      <trkpt lat="37.555226" lon="126.714412">
        <ele>337.823486</ele>
        <time>2015-04-26T05:09:32Z</time>
      </trkpt>
      <trkpt lat="37.555315" lon="126.714449">
        <ele>334.300659</ele>
        <time>2015-04-26T05:09:46Z</time>
      </trkpt>
      <trkpt lat="37.555406" lon="126.714431">
        <ele>332.491821</ele>
        <time>2015-04-26T05:09:58Z</time>
      </trkpt>
      <trkpt lat="37.555497" lon="126.714409">
        <ele>336.737549</ele>
        <time>2015-04-26T05:10:11Z</time>
      </trkpt>
      <trkpt lat="37.555588" lon="126.714441">
        <ele>330.510864</ele>
        <time>2015-04-26T05:10:23Z</time>
      </trkpt>
      <trkpt lat="37.555684" lon="126.714446">
        <ele>328.963623</ele>
        <time>2015-04-26T05:10:34Z</time>
      </trkpt>
      <trkpt lat="37.555777" lon="126.714468">
        <ele>324.769958</ele>
        <time>2015-04-26T05:10:48Z</time>
      </trkpt>
      <trkpt lat="37.555864" lon="126.714510">
        <ele>326.367432</ele>
        <time>2015-04-26T05:11:01Z</time>
      </trkpt>
      <trkpt lat="37.555945" lon="126.714561">
        <ele>322.125549</ele>
        <time>2015-04-26T05:11:23Z</time>
      </trkpt>
      <trkpt lat="37.556004" lon="126.714649">
        <ele>318.392273</ele>
        <time>2015-04-26T05:11:41Z</time>
      </trkpt>
      <trkpt lat="37.556082" lon="126.714709">
        <ele>305.793823</ele>
        <time>2015-04-26T05:11:59Z</time>
      </trkpt>
      <trkpt lat="37.555999" lon="126.714761">
        <ele>299.790710</ele>
        <time>2015-04-26T05:12:20Z</time>
      </trkpt>
      <trkpt lat="37.555913" lon="126.714794">
        <ele>301.331238</ele>
        <time>2015-04-26T05:12:34Z</time>
      </trkpt>
      <trkpt lat="37.555849" lon="126.714884">
        <ele>300.853882</ele>
        <time>2015-04-26T05:12:50Z</time>
      </trkpt>
      <trkpt lat="37.555767" lon="126.714937">
        <ele>296.632690</ele>
        <time>2015-04-26T05:13:06Z</time>
      </trkpt>
      <trkpt lat="37.555684" lon="126.714994">
        <ele>298.859863</ele>
        <time>2015-04-26T05:13:21Z</time>
      </trkpt>
      <trkpt lat="37.555608" lon="126.715063">
        <ele>299.723389</ele>
        <time>2015-04-26T05:13:36Z</time>
      </trkpt>
      <trkpt lat="37.555567" lon="126.715166">
        <ele>300.967285</ele>
        <time>2015-04-26T05:13:51Z</time>
      </trkpt>
      <trkpt lat="37.555547" lon="126.715278">
        <ele>299.511841</ele>
        <time>2015-04-26T05:14:07Z</time>
      </trkpt>
      <trkpt lat="37.555546" lon="126.715394">
        <ele>292.738403</ele>
        <time>2015-04-26T05:14:22Z</time>
      </trkpt>
      <trkpt lat="37.555499" lon="126.715494">
        <ele>284.805054</ele>
        <time>2015-04-26T05:14:39Z</time>
      </trkpt>
      <trkpt lat="37.555442" lon="126.715583">
        <ele>282.929932</ele>
        <time>2015-04-26T05:14:53Z</time>
      </trkpt>
      <trkpt lat="37.555361" lon="126.715638">
        <ele>278.503296</ele>
        <time>2015-04-26T05:15:09Z</time>
      </trkpt>
      <trkpt lat="37.555271" lon="126.715626">
        <ele>274.657227</ele>
        <time>2015-04-26T05:15:31Z</time>
      </trkpt>
      <trkpt lat="37.555177" lon="126.715616">
        <ele>266.760864</ele>
        <time>2015-04-26T05:15:46Z</time>
      </trkpt>
      <trkpt lat="37.555082" lon="126.715642">
        <ele>262.331665</ele>
        <time>2015-04-26T05:15:58Z</time>
      </trkpt>
      <trkpt lat="37.555050" lon="126.715748">
        <ele>258.940186</ele>
        <time>2015-04-26T05:16:21Z</time>
      </trkpt>
      <trkpt lat="37.555131" lon="126.715805">
        <ele>256.358154</ele>
        <time>2015-04-26T05:16:35Z</time>
      </trkpt>
      <trkpt lat="37.555182" lon="126.715904">
        <ele>261.609375</ele>
        <time>2015-04-26T05:16:50Z</time>
      </trkpt>
      <trkpt lat="37.555182" lon="126.716019">
        <ele>252.444275</ele>
        <time>2015-04-26T05:17:23Z</time>
      </trkpt>
      <trkpt lat="37.555166" lon="126.716132">
        <ele>244.750366</ele>
        <time>2015-04-26T05:17:39Z</time>
      </trkpt>
      <trkpt lat="37.555152" lon="126.716248">
        <ele>243.728210</ele>
        <time>2015-04-26T05:17:50Z</time>
      </trkpt>
      <trkpt lat="37.555164" lon="126.716368">
        <ele>243.484314</ele>
        <time>2015-04-26T05:18:00Z</time>
      </trkpt>
      <trkpt lat="37.555193" lon="126.716483">
        <ele>242.352905</ele>
        <time>2015-04-26T05:18:11Z</time>
      </trkpt>
      <trkpt lat="37.555236" lon="126.716589">
        <ele>240.809509</ele>
        <time>2015-04-26T05:18:23Z</time>
      </trkpt>
      <trkpt lat="37.555246" lon="126.716708">
        <ele>238.821716</ele>
        <time>2015-04-26T05:18:34Z</time>
      </trkpt>
      <trkpt lat="37.555287" lon="126.716819">
        <ele>237.340698</ele>
        <time>2015-04-26T05:18:46Z</time>
      </trkpt>
      <trkpt lat="37.555381" lon="126.716865">
        <ele>235.572266</ele>
        <time>2015-04-26T05:18:55Z</time>
      </trkpt>
      <trkpt lat="37.555401" lon="126.716977">
        <ele>229.109009</ele>
        <time>2015-04-26T05:19:07Z</time>
      </trkpt>
      <trkpt lat="37.555463" lon="126.717070">
        <ele>227.619446</ele>
        <time>2015-04-26T05:19:16Z</time>
      </trkpt>
      <trkpt lat="37.555460" lon="126.717193">
        <ele>222.687500</ele>
        <time>2015-04-26T05:19:25Z</time>
      </trkpt>
      <trkpt lat="37.555535" lon="126.717255">
        <ele>222.389526</ele>
        <time>2015-04-26T05:19:33Z</time>
      </trkpt>
      <trkpt lat="37.555583" lon="126.717366">
        <ele>224.021851</ele>
        <time>2015-04-26T05:19:41Z</time>
      </trkpt>
      <trkpt lat="37.555665" lon="126.717447">
        <ele>227.135925</ele>
        <time>2015-04-26T05:19:49Z</time>
      </trkpt>
      <trkpt lat="37.555684" lon="126.717565">
        <ele>230.675781</ele>
        <time>2015-04-26T05:20:00Z</time>
      </trkpt>
      <trkpt lat="37.555628" lon="126.717658">
        <ele>234.372314</ele>
        <time>2015-04-26T05:20:11Z</time>
      </trkpt>
      <trkpt lat="37.555560" lon="126.717739">
        <ele>230.006653</ele>
        <time>2015-04-26T05:20:24Z</time>
      </trkpt>
      <trkpt lat="37.555499" lon="126.717830">
        <ele>225.575439</ele>
        <time>2015-04-26T05:20:39Z</time>
      </trkpt>
      <trkpt lat="37.555437" lon="126.717914">
        <ele>228.274292</ele>
        <time>2015-04-26T05:20:49Z</time>
      </trkpt>
      <trkpt lat="37.555385" lon="126.718008">
        <ele>232.862732</ele>
        <time>2015-04-26T05:20:57Z</time>
      </trkpt>
      <trkpt lat="37.555344" lon="126.718109">
        <ele>232.633545</ele>
        <time>2015-04-26T05:21:07Z</time>
      </trkpt>
      <trkpt lat="37.555305" lon="126.718224">
        <ele>229.850586</ele>
        <time>2015-04-26T05:21:17Z</time>
      </trkpt>
      <trkpt lat="37.555251" lon="126.718330">
        <ele>230.822449</ele>
        <time>2015-04-26T05:21:30Z</time>
      </trkpt>
      <trkpt lat="37.555194" lon="126.718435">
        <ele>228.862976</ele>
        <time>2015-04-26T05:21:39Z</time>
      </trkpt>
      <trkpt lat="37.555151" lon="126.718538">
        <ele>226.615295</ele>
        <time>2015-04-26T05:21:47Z</time>
      </trkpt>
      <trkpt lat="37.555117" lon="126.718647">
        <ele>228.140259</ele>
        <time>2015-04-26T05:21:56Z</time>
      </trkpt>
      <trkpt lat="37.555130" lon="126.718765">
        <ele>233.240540</ele>
        <time>2015-04-26T05:22:04Z</time>
      </trkpt>
      <trkpt lat="37.555101" lon="126.718886">
        <ele>232.637634</ele>
        <time>2015-04-26T05:22:13Z</time>
      </trkpt>
      <trkpt lat="37.555048" lon="126.718992">
        <ele>229.616455</ele>
        <time>2015-04-26T05:22:21Z</time>
      </trkpt>
      <trkpt lat="37.554989" lon="126.719085">
        <ele>225.235229</ele>
        <time>2015-04-26T05:22:31Z</time>
      </trkpt>
      <trkpt lat="37.554910" lon="126.719156">
        <ele>226.413330</ele>
        <time>2015-04-26T05:22:41Z</time>
      </trkpt>
      <trkpt lat="37.554831" lon="126.719222">
        <ele>226.037964</ele>
        <time>2015-04-26T05:22:51Z</time>
      </trkpt>
      <trkpt lat="37.554755" lon="126.719287">
        <ele>224.626404</ele>
        <time>2015-04-26T05:22:59Z</time>
      </trkpt>
      <trkpt lat="37.554679" lon="126.719223">
        <ele>229.112488</ele>
        <time>2015-04-26T05:23:52Z</time>
      </trkpt>
      <trkpt lat="37.554605" lon="126.719153">
        <ele>233.785706</ele>
        <time>2015-04-26T05:24:08Z</time>
      </trkpt>
      <trkpt lat="37.554551" lon="126.719050">
        <ele>233.356201</ele>
        <time>2015-04-26T05:24:21Z</time>
      </trkpt>
      <trkpt lat="37.554512" lon="126.718937">
        <ele>230.890137</ele>
        <time>2015-04-26T05:24:30Z</time>
      </trkpt>
      <trkpt lat="37.554454" lon="126.718833">
        <ele>227.901733</ele>
        <time>2015-04-26T05:24:41Z</time>
      </trkpt>
      <trkpt lat="37.554380" lon="126.718764">
        <ele>228.151489</ele>
        <time>2015-04-26T05:24:53Z</time>
      </trkpt>
      <trkpt lat="37.554286" lon="126.718727">
        <ele>233.112732</ele>
        <time>2015-04-26T05:25:08Z</time>
      </trkpt>
      <trkpt lat="37.554198" lon="126.718757">
        <ele>234.216309</ele>
        <time>2015-04-26T05:25:17Z</time>
      </trkpt>
      <trkpt lat="37.554103" lon="126.718780">
        <ele>236.345886</ele>
        <time>2015-04-26T05:25:29Z</time>
      </trkpt>
      <trkpt lat="37.554008" lon="126.718779">
        <ele>237.717896</ele>
        <time>2015-04-26T05:25:43Z</time>
      </trkpt>
      <trkpt lat="37.553917" lon="126.718773">
        <ele>235.014771</ele>
        <time>2015-04-26T05:25:54Z</time>
      </trkpt>
      <trkpt lat="37.553834" lon="126.718730">
        <ele>238.558105</ele>
        <time>2015-04-26T05:26:07Z</time>
      </trkpt>
      <trkpt lat="37.553739" lon="126.718793">
        <ele>241.941162</ele>
        <time>2015-04-26T05:26:15Z</time>
      </trkpt>
      <trkpt lat="37.553659" lon="126.718859">
        <ele>238.026733</ele>
        <time>2015-04-26T05:26:23Z</time>
      </trkpt>
      <trkpt lat="37.553601" lon="126.718956">
        <ele>239.389404</ele>
        <time>2015-04-26T05:26:36Z</time>
      </trkpt>
      <trkpt lat="37.553589" lon="126.719080">
        <ele>236.721436</ele>
        <time>2015-04-26T05:26:44Z</time>
      </trkpt>
      <trkpt lat="37.553585" lon="126.719198">
        <ele>234.469360</ele>
        <time>2015-04-26T05:27:05Z</time>
      </trkpt>
      <trkpt lat="37.553537" lon="126.719295">
        <ele>236.103149</ele>
        <time>2015-04-26T05:27:13Z</time>
      </trkpt>
      <trkpt lat="37.553478" lon="126.719385">
        <ele>230.947449</ele>
        <time>2015-04-26T05:27:22Z</time>
      </trkpt>
      <trkpt lat="37.553412" lon="126.719475">
        <ele>234.116394</ele>
        <time>2015-04-26T05:27:31Z</time>
      </trkpt>
      <trkpt lat="37.553334" lon="126.719546">
        <ele>233.927368</ele>
        <time>2015-04-26T05:27:43Z</time>
      </trkpt>
      <trkpt lat="37.553242" lon="126.719590">
        <ele>234.552063</ele>
        <time>2015-04-26T05:27:53Z</time>
      </trkpt>
      <trkpt lat="37.553161" lon="126.719657">
        <ele>234.860107</ele>
        <time>2015-04-26T05:28:06Z</time>
      </trkpt>
      <trkpt lat="37.553084" lon="126.719737">
        <ele>232.754150</ele>
        <time>2015-04-26T05:28:15Z</time>
      </trkpt>
      <trkpt lat="37.553017" lon="126.719824">
        <ele>234.566345</ele>
        <time>2015-04-26T05:28:26Z</time>
      </trkpt>
      <trkpt lat="37.552958" lon="126.719918">
        <ele>235.627563</ele>
        <time>2015-04-26T05:28:41Z</time>
      </trkpt>
      <trkpt lat="37.552892" lon="126.720006">
        <ele>235.775513</ele>
        <time>2015-04-26T05:28:52Z</time>
      </trkpt>
      <trkpt lat="37.552842" lon="126.720117">
        <ele>233.312805</ele>
        <time>2015-04-26T05:29:00Z</time>
      </trkpt>
      <trkpt lat="37.552812" lon="126.720229">
        <ele>228.301270</ele>
        <time>2015-04-26T05:29:09Z</time>
      </trkpt>
      <trkpt lat="37.552809" lon="126.720355">
        <ele>233.642456</ele>
        <time>2015-04-26T05:29:18Z</time>
      </trkpt>
      <trkpt lat="37.552798" lon="126.720469">
        <ele>231.271240</ele>
        <time>2015-04-26T05:30:15Z</time>
      </trkpt>
      <trkpt lat="37.552792" lon="126.720584">
        <ele>230.098755</ele>
        <time>2015-04-26T05:30:31Z</time>
      </trkpt>
      <trkpt lat="37.552785" lon="126.720697">
        <ele>224.074707</ele>
        <time>2015-04-26T05:30:45Z</time>
      </trkpt>
      <trkpt lat="37.552777" lon="126.720815">
        <ele>224.429382</ele>
        <time>2015-04-26T05:30:59Z</time>
      </trkpt>
      <trkpt lat="37.552781" lon="126.720935">
        <ele>219.894043</ele>
        <time>2015-04-26T05:31:11Z</time>
      </trkpt>
      <trkpt lat="37.552723" lon="126.721029">
        <ele>219.524048</ele>
        <time>2015-04-26T05:31:24Z</time>
      </trkpt>
      <trkpt lat="37.552660" lon="126.721124">
        <ele>222.001099</ele>
        <time>2015-04-26T05:31:35Z</time>
      </trkpt>
      <trkpt lat="37.552686" lon="126.721238">
        <ele>217.091675</ele>
        <time>2015-04-26T05:31:46Z</time>
      </trkpt>
      <trkpt lat="37.552703" lon="126.721353">
        <ele>215.093872</ele>
        <time>2015-04-26T05:31:57Z</time>
      </trkpt>
      <trkpt lat="37.552674" lon="126.721465">
        <ele>208.891785</ele>
        <time>2015-04-26T05:32:12Z</time>
      </trkpt>
      <trkpt lat="37.552622" lon="126.721566">
        <ele>205.949585</ele>
        <time>2015-04-26T05:32:25Z</time>
      </trkpt>
      <trkpt lat="37.552569" lon="126.721661">
        <ele>207.696289</ele>
        <time>2015-04-26T05:32:38Z</time>
      </trkpt>
      <trkpt lat="37.552531" lon="126.721774">
        <ele>203.068665</ele>
        <time>2015-04-26T05:32:51Z</time>
      </trkpt>
      <trkpt lat="37.552502" lon="126.721882">
        <ele>193.356445</ele>
        <time>2015-04-26T05:33:02Z</time>
      </trkpt>
      <trkpt lat="37.552491" lon="126.722000">
        <ele>192.369690</ele>
        <time>2015-04-26T05:33:12Z</time>
      </trkpt>
      <trkpt lat="37.552478" lon="126.722114">
        <ele>193.562988</ele>
        <time>2015-04-26T05:33:21Z</time>
      </trkpt>
      <trkpt lat="37.552469" lon="126.722241">
        <ele>199.545288</ele>
        <time>2015-04-26T05:33:31Z</time>
      </trkpt>
      <trkpt lat="37.552497" lon="126.722357">
        <ele>196.240723</ele>
        <time>2015-04-26T05:33:42Z</time>
      </trkpt>
      <trkpt lat="37.552488" lon="126.722473">
        <ele>192.618103</ele>
        <time>2015-04-26T05:33:50Z</time>
      </trkpt>
      <trkpt lat="37.552404" lon="126.722522">
        <ele>184.407471</ele>
        <time>2015-04-26T05:34:11Z</time>
      </trkpt>
      <trkpt lat="37.552323" lon="126.722574">
        <ele>180.856079</ele>
        <time>2015-04-26T05:34:24Z</time>
      </trkpt>
      <trkpt lat="37.552250" lon="126.722643">
        <ele>174.896118</ele>
        <time>2015-04-26T05:34:38Z</time>
      </trkpt>
      <trkpt lat="37.552168" lon="126.722720">
        <ele>183.470581</ele>
        <time>2015-04-26T05:34:49Z</time>
      </trkpt>
      <trkpt lat="37.551985" lon="126.722672">
        <ele>175.928223</ele>
        <time>2015-04-26T05:35:10Z</time>
      </trkpt>
      <trkpt lat="37.551889" lon="126.722654">
        <ele>172.864380</ele>
        <time>2015-04-26T05:35:23Z</time>
      </trkpt>
      <trkpt lat="37.551734" lon="126.722796">
        <ele>174.434937</ele>
        <time>2015-04-26T05:35:34Z</time>
      </trkpt>
      <trkpt lat="37.551549" lon="126.722889">
        <ele>171.049255</ele>
        <time>2015-04-26T05:35:50Z</time>
      </trkpt>
      <trkpt lat="37.551457" lon="126.722940">
        <ele>158.670166</ele>
        <time>2015-04-26T05:36:19Z</time>
      </trkpt>
      <trkpt lat="37.551372" lon="126.722981">
        <ele>147.656006</ele>
        <time>2015-04-26T05:36:33Z</time>
      </trkpt>
      <trkpt lat="37.551281" lon="126.723000">
        <ele>143.886230</ele>
        <time>2015-04-26T05:36:49Z</time>
      </trkpt>
      <trkpt lat="37.551191" lon="126.722963">
        <ele>137.582336</ele>
        <time>2015-04-26T05:37:17Z</time>
      </trkpt>
      <trkpt lat="37.551107" lon="126.722908">
        <ele>134.693176</ele>
        <time>2015-04-26T05:37:28Z</time>
      </trkpt>
      <trkpt lat="37.551016" lon="126.722920">
        <ele>128.807007</ele>
        <time>2015-04-26T05:37:36Z</time>
      </trkpt>
      <trkpt lat="37.550930" lon="126.722861">
        <ele>116.880310</ele>
        <time>2015-04-26T05:38:02Z</time>
      </trkpt>
      <trkpt lat="37.550839" lon="126.722873">
        <ele>118.725464</ele>
        <time>2015-04-26T05:38:21Z</time>
      </trkpt>
      <trkpt lat="37.550739" lon="126.722863">
        <ele>117.317444</ele>
        <time>2015-04-26T05:38:31Z</time>
      </trkpt>
      <trkpt lat="37.550649" lon="126.722942">
        <ele>121.098328</ele>
        <time>2015-04-26T05:38:40Z</time>
      </trkpt>
      <trkpt lat="37.550567" lon="126.723001">
        <ele>120.825134</ele>
        <time>2015-04-26T05:38:48Z</time>
      </trkpt>
      <trkpt lat="37.550469" lon="126.723072">
        <ele>119.502380</ele>
        <time>2015-04-26T05:39:01Z</time>
      </trkpt>
      <trkpt lat="37.550332" lon="126.723090">
        <ele>113.295288</ele>
        <time>2015-04-26T05:40:57Z</time>
      </trkpt>
      <trkpt lat="37.550287" lon="126.722988">
        <ele>108.945068</ele>
        <time>2015-04-26T05:41:11Z</time>
      </trkpt>
      <trkpt lat="37.550223" lon="126.722890">
        <ele>108.483215</ele>
        <time>2015-04-26T05:41:24Z</time>
      </trkpt>
      <trkpt lat="37.550136" lon="126.722924">
        <ele>115.120117</ele>
        <time>2015-04-26T05:41:33Z</time>
      </trkpt>
      <trkpt lat="37.550225" lon="126.722967">
        <ele>98.495728</ele>
        <time>2015-04-26T05:42:34Z</time>
      </trkpt>
      <trkpt lat="37.550172" lon="126.722860">
        <ele>106.037476</ele>
        <time>2015-04-26T05:42:51Z</time>
      </trkpt>
      <trkpt lat="37.550079" lon="126.722902">
        <ele>100.762207</ele>
        <time>2015-04-26T05:43:01Z</time>
      </trkpt>
    </trkseg>
  </trk>
</gpx>
