<?xml version='1.0' encoding='UTF-8' standalone='yes' ?>
<gpx version="1.1" creator="com.ngt.android.nadeuli" xsi:schemaLocation="http://www.topografix.com/GPX/1/1 http://www.topografix.com/gpx/1/1/gpx.xsd" xmlns="http://www.topografix.com/GPX/1/1" xmlns:xsi="http://www.w3.org/2001/XMLSchema-instance" xmlns:gpx10="http://www.topografix.com/GPX/1/0">
<metadata><time>2018-04-19T01:01:25Z</time></metadata>
<trk><name>2018-04-19 10:01 계양산</name>
<trkseg>
<trkpt lat="37.5705351" lon="126.7362439"><ele>62.571712</ele><time>2018-04-19T01:01:27Z</time>
<extensions /></trkpt>
<trkpt lat="37.5706266" lon="126.7362824"><ele>75.627914</ele><time>2018-04-19T01:01:28Z</time>
<extensions /></trkpt>
<trkpt lat="37.5707429" lon="126.7362042"><ele>59.985504</ele><time>2018-04-19T01:01:31Z</time>
<extensions /></trkpt>
<trkpt lat="37.5708189" lon="126.7361361"><ele>27.757801</ele><time>2018-04-19T01:01:35Z</time>
<extensions /></trkpt>
<trkpt lat="37.571245" lon="126.7363218"><ele>16.136162</ele><time>2018-04-19T01:02:52Z</time>
<extensions>
<gpx10:speed>0.67787564</gpx10:speed></extensions></trkpt>
<trkpt lat="37.5711557" lon="126.7363584"><ele>19.301365</ele><time>2018-04-19T01:02:58Z</time>
<extensions>
<gpx10:speed>0.9138436</gpx10:speed></extensions></trkpt>
<trkpt lat="37.5710609" lon="126.7363236"><ele>25.83861</ele><time>2018-04-19T01:03:10Z</time>
<extensions>
<gpx10:speed>0.7529474</gpx10:speed></extensions></trkpt>
<trkpt lat="37.5709696" lon="126.7363677"><ele>29.700235</ele><time>2018-04-19T01:03:19Z</time>
<extensions>
<gpx10:speed>1.1786605</gpx10:speed></extensions></trkpt>
<trkpt lat="37.5708806" lon="126.7364081"><ele>32.180218</ele><time>2018-04-19T01:03:26Z</time>
<extensions>
<gpx10:speed>1.2652973</gpx10:speed></extensions></trkpt>
<trkpt lat="37.5707883" lon="126.7364071"><ele>34.249798</ele><time>2018-04-19T01:03:34Z</time>
<extensions>
<gpx10:speed>1.26242</gpx10:speed></extensions></trkpt>
<trkpt lat="37.5706923" lon="126.7364019"><ele>35.75459</ele><time>2018-04-19T01:03:42Z</time>
<extensions>
<gpx10:speed>1.2245615</gpx10:speed></extensions></trkpt>
<trkpt lat="37.5706211" lon="126.7363243"><ele>37.246384</ele><time>2018-04-19T01:03:54Z</time>
<extensions>
<gpx10:speed>0.5174509</gpx10:speed></extensions></trkpt>
<trkpt lat="37.5706254" lon="126.7361991"><ele>38.468956</ele><time>2018-04-19T01:04:06Z</time>
<extensions>
<gpx10:speed>0.7799482</gpx10:speed></extensions></trkpt>
<trkpt lat="37.5706156" lon="126.7360678"><ele>39.021523</ele><time>2018-04-19T01:04:13Z</time>
<extensions>
<gpx10:speed>0.9959302</gpx10:speed></extensions></trkpt>
<trkpt lat="37.5706101" lon="126.7359448"><ele>39.46114</ele><time>2018-04-19T01:04:19Z</time>
<extensions>
<gpx10:speed>1.1872168</gpx10:speed></extensions></trkpt>
<trkpt lat="37.5706075" lon="126.7358201"><ele>40.103718</ele><time>2018-04-19T01:04:28Z</time>
<extensions>
<gpx10:speed>1.074129</gpx10:speed></extensions></trkpt>
<trkpt lat="37.5706147" lon="126.7356994"><ele>40.584072</ele><time>2018-04-19T01:04:35Z</time>
<extensions>
<gpx10:speed>1.0358974</gpx10:speed></extensions></trkpt>
<trkpt lat="37.5706506" lon="126.7355813"><ele>41.1119</ele><time>2018-04-19T01:04:43Z</time>
<extensions>
<gpx10:speed>1.0711533</gpx10:speed></extensions></trkpt>
<trkpt lat="37.570704" lon="126.7354788"><ele>41.59247</ele><time>2018-04-19T01:04:51Z</time>
<extensions>
<gpx10:speed>1.078086</gpx10:speed></extensions></trkpt>
<trkpt lat="37.5707718" lon="126.7353977"><ele>42.090397</ele><time>2018-04-19T01:05:00Z</time>
<extensions>
<gpx10:speed>1.0571437</gpx10:speed></extensions></trkpt>
<trkpt lat="37.5708333" lon="126.7353133"><ele>42.495857</ele><time>2018-04-19T01:05:08Z</time>
<extensions>
<gpx10:speed>1.033299</gpx10:speed></extensions></trkpt>
<trkpt lat="37.5708956" lon="126.7352152"><ele>42.993004</ele><time>2018-04-19T01:05:18Z</time>
<extensions>
<gpx10:speed>1.0544755</gpx10:speed></extensions></trkpt>
<trkpt lat="37.5709509" lon="126.7351254"><ele>43.37159</ele><time>2018-04-19T01:05:26Z</time>
<extensions>
<gpx10:speed>1.0724446</gpx10:speed></extensions></trkpt>
<trkpt lat="37.5710077" lon="126.7350344"><ele>43.72689</ele><time>2018-04-19T01:05:34Z</time>
<extensions>
<gpx10:speed>1.0710164</gpx10:speed></extensions></trkpt>
<trkpt lat="37.5710646" lon="126.7349467"><ele>44.072334</ele><time>2018-04-19T01:05:43Z</time>
<extensions>
<gpx10:speed>1.0815735</gpx10:speed></extensions></trkpt>
<trkpt lat="37.5710488" lon="126.7348254"><ele>44.386314</ele><time>2018-04-19T01:05:54Z</time>
<extensions>
<gpx10:speed>1.0195624</gpx10:speed></extensions></trkpt>
<trkpt lat="37.5709603" lon="126.7347644"><ele>44.47591</ele><time>2018-04-19T01:06:01Z</time>
<extensions>
<gpx10:speed>1.1418942</gpx10:speed></extensions></trkpt>
<trkpt lat="37.5708757" lon="126.7347056"><ele>44.527863</ele><time>2018-04-19T01:06:08Z</time>
<extensions>
<gpx10:speed>1.244326</gpx10:speed></extensions></trkpt>
<trkpt lat="37.5707892" lon="126.7346483"><ele>44.56108</ele><time>2018-04-19T01:06:16Z</time>
<extensions>
<gpx10:speed>1.3211769</gpx10:speed></extensions></trkpt>
<trkpt lat="37.5707018" lon="126.7346072"><ele>44.572544</ele><time>2018-04-19T01:06:24Z</time>
<extensions>
<gpx10:speed>1.31444</gpx10:speed></extensions></trkpt>
<trkpt lat="37.5706202" lon="126.7345467"><ele>44.59109</ele><time>2018-04-19T01:06:31Z</time>
<extensions>
<gpx10:speed>1.354909</gpx10:speed></extensions></trkpt>
<trkpt lat="37.5705437" lon="126.7344739"><ele>44.609478</ele><time>2018-04-19T01:06:38Z</time>
<extensions>
<gpx10:speed>1.4110353</gpx10:speed></extensions></trkpt>
<trkpt lat="37.5704569" lon="126.73441"><ele>44.6201</ele><time>2018-04-19T01:06:45Z</time>
<extensions>
<gpx10:speed>1.4442601</gpx10:speed></extensions></trkpt>
<trkpt lat="37.5703861" lon="126.7343395"><ele>44.65087</ele><time>2018-04-19T01:06:53Z</time>
<extensions>
<gpx10:speed>1.3660032</gpx10:speed></extensions></trkpt>
<trkpt lat="37.5703064" lon="126.7342565"><ele>44.710327</ele><time>2018-04-19T01:07:01Z</time>
<extensions>
<gpx10:speed>1.4151037</gpx10:speed></extensions></trkpt>
<trkpt lat="37.5702424" lon="126.7341735"><ele>44.78103</ele><time>2018-04-19T01:07:09Z</time>
<extensions>
<gpx10:speed>1.3720891</gpx10:speed></extensions></trkpt>
<trkpt lat="37.5701625" lon="126.7341145"><ele>44.86761</ele><time>2018-04-19T01:07:17Z</time>
<extensions>
<gpx10:speed>1.2704141</gpx10:speed></extensions></trkpt>
<trkpt lat="37.5700758" lon="126.7340411"><ele>44.962498</ele><time>2018-04-19T01:07:25Z</time>
<extensions>
<gpx10:speed>1.2314509</gpx10:speed></extensions></trkpt>
<trkpt lat="37.5699862" lon="126.7339777"><ele>45.053036</ele><time>2018-04-19T01:07:33Z</time>
<extensions>
<gpx10:speed>1.270054</gpx10:speed></extensions></trkpt>
<trkpt lat="37.5699071" lon="126.7338991"><ele>45.165203</ele><time>2018-04-19T01:07:42Z</time>
<extensions>
<gpx10:speed>1.2175615</gpx10:speed></extensions></trkpt>
<trkpt lat="37.5699398" lon="126.7337819"><ele>45.307693</ele><time>2018-04-19T01:07:51Z</time>
<extensions>
<gpx10:speed>1.1982632</gpx10:speed></extensions></trkpt>
<trkpt lat="37.570001" lon="126.7336846"><ele>45.44244</ele><time>2018-04-19T01:07:59Z</time>
<extensions>
<gpx10:speed>1.2224357</gpx10:speed></extensions></trkpt>
<trkpt lat="37.5700728" lon="126.7335964"><ele>45.572617</ele><time>2018-04-19T01:08:07Z</time>
<extensions>
<gpx10:speed>1.271578</gpx10:speed></extensions></trkpt>
<trkpt lat="37.5701399" lon="126.7335112"><ele>45.7208</ele><time>2018-04-19T01:08:16Z</time>
<extensions>
<gpx10:speed>1.1900203</gpx10:speed></extensions></trkpt>
<trkpt lat="37.5701981" lon="126.7334058"><ele>45.858288</ele><time>2018-04-19T01:08:25Z</time>
<extensions>
<gpx10:speed>1.1775608</gpx10:speed></extensions></trkpt>
<trkpt lat="37.5702637" lon="126.7333154"><ele>45.978386</ele><time>2018-04-19T01:08:34Z</time>
<extensions>
<gpx10:speed>1.1871902</gpx10:speed></extensions></trkpt>
<trkpt lat="37.5703256" lon="126.7332244"><ele>46.08448</ele><time>2018-04-19T01:08:42Z</time>
<extensions>
<gpx10:speed>1.205087</gpx10:speed></extensions></trkpt>
<trkpt lat="37.5703919" lon="126.7331319"><ele>46.202507</ele><time>2018-04-19T01:08:51Z</time>
<extensions>
<gpx10:speed>1.213989</gpx10:speed></extensions></trkpt>
<trkpt lat="37.5704629" lon="126.7330377"><ele>46.32965</ele><time>2018-04-19T01:09:01Z</time>
<extensions>
<gpx10:speed>1.1554009</gpx10:speed></extensions></trkpt>
<trkpt lat="37.5705277" lon="126.7329384"><ele>46.42445</ele><time>2018-04-19T01:09:09Z</time>
<extensions>
<gpx10:speed>1.2575041</gpx10:speed></extensions></trkpt>
<trkpt lat="37.5705872" lon="126.7328478"><ele>46.50624</ele><time>2018-04-19T01:09:17Z</time>
<extensions>
<gpx10:speed>1.3125411</gpx10:speed></extensions></trkpt>
<trkpt lat="37.5706512" lon="126.7327561"><ele>46.570236</ele><time>2018-04-19T01:09:24Z</time>
<extensions>
<gpx10:speed>1.2591596</gpx10:speed></extensions></trkpt>
<trkpt lat="37.570678" lon="126.7326354"><ele>46.65626</ele><time>2018-04-19T01:09:34Z</time>
<extensions>
<gpx10:speed>1.0845637</gpx10:speed></extensions></trkpt>
<trkpt lat="37.5706137" lon="126.7325398"><ele>46.70455</ele><time>2018-04-19T01:09:40Z</time>
<extensions>
<gpx10:speed>1.2377611</gpx10:speed></extensions></trkpt>
<trkpt lat="37.5705443" lon="126.7324559"><ele>46.753498</ele><time>2018-04-19T01:09:47Z</time>
<extensions>
<gpx10:speed>1.3088105</gpx10:speed></extensions></trkpt>
<trkpt lat="37.5704734" lon="126.7323851"><ele>46.776455</ele><time>2018-04-19T01:09:55Z</time>
<extensions>
<gpx10:speed>1.2776278</gpx10:speed></extensions></trkpt>
<trkpt lat="37.5703902" lon="126.7323172"><ele>46.775955</ele><time>2018-04-19T01:10:03Z</time>
<extensions>
<gpx10:speed>1.2244422</gpx10:speed></extensions></trkpt>
<trkpt lat="37.5703066" lon="126.7322489"><ele>46.76065</ele><time>2018-04-19T01:10:10Z</time>
<extensions>
<gpx10:speed>1.3484044</gpx10:speed></extensions></trkpt>
<trkpt lat="37.5702482" lon="126.732154"><ele>46.747475</ele><time>2018-04-19T01:10:18Z</time>
<extensions>
<gpx10:speed>1.3529453</gpx10:speed></extensions></trkpt>
<trkpt lat="37.5701741" lon="126.7320745"><ele>46.72278</ele><time>2018-04-19T01:10:26Z</time>
<extensions>
<gpx10:speed>1.2413048</gpx10:speed></extensions></trkpt>
<trkpt lat="37.5701087" lon="126.7319929"><ele>46.696213</ele><time>2018-04-19T01:10:35Z</time>
<extensions>
<gpx10:speed>1.2165878</gpx10:speed></extensions></trkpt>
<trkpt lat="37.5700428" lon="126.7319077"><ele>46.659348</ele><time>2018-04-19T01:10:43Z</time>
<extensions>
<gpx10:speed>1.1771123</gpx10:speed></extensions></trkpt>
<trkpt lat="37.5699702" lon="126.7318143"><ele>46.61282</ele><time>2018-04-19T01:10:52Z</time>
<extensions>
<gpx10:speed>1.1106398</gpx10:speed></extensions></trkpt>
<trkpt lat="37.5698798" lon="126.7317455"><ele>46.57427</ele><time>2018-04-19T01:10:59Z</time>
<extensions>
<gpx10:speed>1.2108579</gpx10:speed></extensions></trkpt>
<trkpt lat="37.569783" lon="126.7317381"><ele>46.547966</ele><time>2018-04-19T01:11:04Z</time>
<extensions>
<gpx10:speed>1.2700484</gpx10:speed></extensions></trkpt>
<trkpt lat="37.5696945" lon="126.7317089"><ele>46.51514</ele><time>2018-04-19T01:11:11Z</time>
<extensions>
<gpx10:speed>1.2189662</gpx10:speed></extensions></trkpt>
<trkpt lat="37.5696093" lon="126.7316718"><ele>46.495235</ele><time>2018-04-19T01:11:18Z</time>
<extensions>
<gpx10:speed>1.237895</gpx10:speed></extensions></trkpt>
<trkpt lat="37.5695859" lon="126.7315411"><ele>46.498478</ele><time>2018-04-19T01:11:27Z</time>
<extensions>
<gpx10:speed>0.49352697</gpx10:speed></extensions></trkpt>
<trkpt lat="37.5695698" lon="126.7314244"><ele>46.52037</ele><time>2018-04-19T01:11:35Z</time>
<extensions>
<gpx10:speed>0.8408933</gpx10:speed></extensions></trkpt>
<trkpt lat="37.569507" lon="126.7313155"><ele>46.54179</ele><time>2018-04-19T01:11:43Z</time>
<extensions>
<gpx10:speed>0.9483863</gpx10:speed></extensions></trkpt>
<trkpt lat="37.5694404" lon="126.7312313"><ele>46.565784</ele><time>2018-04-19T01:11:50Z</time>
<extensions>
<gpx10:speed>1.0528991</gpx10:speed></extensions></trkpt>
<trkpt lat="37.5694009" lon="126.731127"><ele>46.621128</ele><time>2018-04-19T01:11:57Z</time>
<extensions>
<gpx10:speed>1.0369738</gpx10:speed></extensions></trkpt>
<trkpt lat="37.5693238" lon="126.7310639"><ele>46.694042</ele><time>2018-04-19T01:12:06Z</time>
<extensions>
<gpx10:speed>0.454059</gpx10:speed></extensions></trkpt>
<trkpt lat="37.5692501" lon="126.7309896"><ele>46.772343</ele><time>2018-04-19T01:12:15Z</time>
<extensions>
<gpx10:speed>1.1024181</gpx10:speed></extensions></trkpt>
<trkpt lat="37.5691509" lon="126.7309655"><ele>47.00672</ele><time>2018-04-19T01:12:51Z</time>
<extensions>
<gpx10:speed>1.0989443</gpx10:speed></extensions></trkpt>
<trkpt lat="37.5690658" lon="126.7308921"><ele>47.105324</ele><time>2018-04-19T01:12:58Z</time>
<extensions>
<gpx10:speed>1.2475941</gpx10:speed></extensions></trkpt>
<trkpt lat="37.5689877" lon="126.730832"><ele>47.17247</ele><time>2018-04-19T01:13:06Z</time>
<extensions>
<gpx10:speed>1.2177926</gpx10:speed></extensions></trkpt>
<trkpt lat="37.5689099" lon="126.7307661"><ele>47.242294</ele><time>2018-04-19T01:13:14Z</time>
<extensions>
<gpx10:speed>1.1672584</gpx10:speed></extensions></trkpt>
<trkpt lat="37.5688204" lon="126.7307138"><ele>47.281746</ele><time>2018-04-19T01:13:22Z</time>
<extensions>
<gpx10:speed>1.2721533</gpx10:speed></extensions></trkpt>
<trkpt lat="37.5687768" lon="126.7306131"><ele>47.312023</ele><time>2018-04-19T01:13:30Z</time>
<extensions>
<gpx10:speed>1.1203247</gpx10:speed></extensions></trkpt>
<trkpt lat="37.5688217" lon="126.7305067"><ele>47.35527</ele><time>2018-04-19T01:13:38Z</time>
<extensions>
<gpx10:speed>1.0073467</gpx10:speed></extensions></trkpt>
<trkpt lat="37.5688931" lon="126.7304275"><ele>47.409966</ele><time>2018-04-19T01:13:47Z</time>
<extensions>
<gpx10:speed>0.8775651</gpx10:speed></extensions></trkpt>
<trkpt lat="37.5689389" lon="126.7303192"><ele>47.44861</ele><time>2018-04-19T01:13:56Z</time>
<extensions>
<gpx10:speed>0.82666564</gpx10:speed></extensions></trkpt>
<trkpt lat="37.5689751" lon="126.7302056"><ele>47.483395</ele><time>2018-04-19T01:14:04Z</time>
<extensions>
<gpx10:speed>1.0171728</gpx10:speed></extensions></trkpt>
<trkpt lat="37.5690031" lon="126.7300918"><ele>47.516693</ele><time>2018-04-19T01:14:11Z</time>
<extensions>
<gpx10:speed>1.05542</gpx10:speed></extensions></trkpt>
<trkpt lat="37.5690303" lon="126.7299806"><ele>47.548363</ele><time>2018-04-19T01:14:17Z</time>
<extensions>
<gpx10:speed>1.0652075</gpx10:speed></extensions></trkpt>
<trkpt lat="37.5690632" lon="126.7298713"><ele>47.58875</ele><time>2018-04-19T01:14:24Z</time>
<extensions>
<gpx10:speed>1.2415068</gpx10:speed></extensions></trkpt>
<trkpt lat="37.569101" lon="126.7297636"><ele>47.64353</ele><time>2018-04-19T01:14:33Z</time>
<extensions>
<gpx10:speed>1.0729594</gpx10:speed></extensions></trkpt>
<trkpt lat="37.5691587" lon="126.7296634"><ele>47.703445</ele><time>2018-04-19T01:14:41Z</time>
<extensions>
<gpx10:speed>1.094142</gpx10:speed></extensions></trkpt>
<trkpt lat="37.5692087" lon="126.7295539"><ele>47.77455</ele><time>2018-04-19T01:14:51Z</time>
<extensions>
<gpx10:speed>1.0809227</gpx10:speed></extensions></trkpt>
<trkpt lat="37.5692654" lon="126.7294549"><ele>47.826733</ele><time>2018-04-19T01:14:58Z</time>
<extensions>
<gpx10:speed>1.0926819</gpx10:speed></extensions></trkpt>
<trkpt lat="37.5692972" lon="126.7293483"><ele>47.871777</ele><time>2018-04-19T01:15:04Z</time>
<extensions>
<gpx10:speed>1.1108733</gpx10:speed></extensions></trkpt>
<trkpt lat="37.569334" lon="126.7292372"><ele>47.94384</ele><time>2018-04-19T01:15:13Z</time>
<extensions>
<gpx10:speed>1.0673612</gpx10:speed></extensions></trkpt>
<trkpt lat="37.5693855" lon="126.7291379"><ele>47.999535</ele><time>2018-04-19T01:15:20Z</time>
<extensions>
<gpx10:speed>1.0795822</gpx10:speed></extensions></trkpt>
<trkpt lat="37.5694237" lon="126.7290322"><ele>48.07149</ele><time>2018-04-19T01:15:28Z</time>
<extensions>
<gpx10:speed>1.0934865</gpx10:speed></extensions></trkpt>
<trkpt lat="37.5694658" lon="126.7289188"><ele>48.15444</ele><time>2018-04-19T01:15:38Z</time>
<extensions>
<gpx10:speed>0.98499924</gpx10:speed></extensions></trkpt>
<trkpt lat="37.5695144" lon="126.7288124"><ele>48.206757</ele><time>2018-04-19T01:15:46Z</time>
<extensions>
<gpx10:speed>1.0382156</gpx10:speed></extensions></trkpt>
<trkpt lat="37.5695531" lon="126.7286926"><ele>48.25011</ele><time>2018-04-19T01:15:54Z</time>
<extensions>
<gpx10:speed>1.1266067</gpx10:speed></extensions></trkpt>
<trkpt lat="37.5695232" lon="126.7285773"><ele>48.293243</ele><time>2018-04-19T01:16:02Z</time>
<extensions>
<gpx10:speed>1.0685636</gpx10:speed></extensions></trkpt>
<trkpt lat="37.569517" lon="126.7284537"><ele>48.342205</ele><time>2018-04-19T01:16:11Z</time>
<extensions>
<gpx10:speed>1.0912155</gpx10:speed></extensions></trkpt>
<trkpt lat="37.5695374" lon="126.7283391"><ele>48.407333</ele><time>2018-04-19T01:16:20Z</time>
<extensions>
<gpx10:speed>1.0326384</gpx10:speed></extensions></trkpt>
<trkpt lat="37.5694808" lon="126.7282448"><ele>48.45545</ele><time>2018-04-19T01:16:27Z</time>
<extensions>
<gpx10:speed>1.1370027</gpx10:speed></extensions></trkpt>
<trkpt lat="37.5694146" lon="126.7281662"><ele>48.515343</ele><time>2018-04-19T01:16:36Z</time>
<extensions>
<gpx10:speed>1.0379978</gpx10:speed></extensions></trkpt>
<trkpt lat="37.5693478" lon="126.7280758"><ele>48.56257</ele><time>2018-04-19T01:16:44Z</time>
<extensions>
<gpx10:speed>1.0541918</gpx10:speed></extensions></trkpt>
<trkpt lat="37.5692692" lon="126.7280173"><ele>48.60365</ele><time>2018-04-19T01:16:51Z</time>
<extensions>
<gpx10:speed>1.1251016</gpx10:speed></extensions></trkpt>
<trkpt lat="37.5691914" lon="126.7279425"><ele>48.654488</ele><time>2018-04-19T01:16:59Z</time>
<extensions>
<gpx10:speed>1.1557909</gpx10:speed></extensions></trkpt>
<trkpt lat="37.5691287" lon="126.7278553"><ele>48.71925</ele><time>2018-04-19T01:17:08Z</time>
<extensions>
<gpx10:speed>1.1995847</gpx10:speed></extensions></trkpt>
<trkpt lat="37.5690454" lon="126.7277788"><ele>48.83663</ele><time>2018-04-19T01:17:17Z</time>
<extensions>
<gpx10:speed>1.2277769</gpx10:speed></extensions></trkpt>
<trkpt lat="37.5689658" lon="126.7276961"><ele>48.948734</ele><time>2018-04-19T01:17:25Z</time>
<extensions>
<gpx10:speed>1.3006754</gpx10:speed></extensions></trkpt>
<trkpt lat="37.5688899" lon="126.7276172"><ele>49.062923</ele><time>2018-04-19T01:17:33Z</time>
<extensions>
<gpx10:speed>1.1719325</gpx10:speed></extensions></trkpt>
<trkpt lat="37.5687998" lon="126.7275531"><ele>49.19098</ele><time>2018-04-19T01:17:41Z</time>
<extensions>
<gpx10:speed>1.1635196</gpx10:speed></extensions></trkpt>
<trkpt lat="37.5687283" lon="126.7274824"><ele>49.317944</ele><time>2018-04-19T01:17:48Z</time>
<extensions>
<gpx10:speed>1.1702065</gpx10:speed></extensions></trkpt>
<trkpt lat="37.5686537" lon="126.7274002"><ele>49.490376</ele><time>2018-04-19T01:17:57Z</time>
<extensions>
<gpx10:speed>1.1158757</gpx10:speed></extensions></trkpt>
<trkpt lat="37.5685748" lon="126.7273244"><ele>49.62523</ele><time>2018-04-19T01:18:05Z</time>
<extensions>
<gpx10:speed>1.1732119</gpx10:speed></extensions></trkpt>
<trkpt lat="37.5684863" lon="126.7272768"><ele>49.73916</ele><time>2018-04-19T01:18:12Z</time>
<extensions>
<gpx10:speed>1.1386418</gpx10:speed></extensions></trkpt>
<trkpt lat="37.5684022" lon="126.7272126"><ele>49.904243</ele><time>2018-04-19T01:18:21Z</time>
<extensions>
<gpx10:speed>1.2430234</gpx10:speed></extensions></trkpt>
<trkpt lat="37.5683091" lon="126.7271875"><ele>50.066658</ele><time>2018-04-19T01:18:30Z</time>
<extensions>
<gpx10:speed>1.0927567</gpx10:speed></extensions></trkpt>
<trkpt lat="37.5682249" lon="126.7271447"><ele>50.1784</ele><time>2018-04-19T01:18:37Z</time>
<extensions>
<gpx10:speed>1.0983825</gpx10:speed></extensions></trkpt>
<trkpt lat="37.5681411" lon="126.7270775"><ele>50.28781</ele><time>2018-04-19T01:18:44Z</time>
<extensions>
<gpx10:speed>1.0812943</gpx10:speed></extensions></trkpt>
<trkpt lat="37.5680786" lon="126.726994"><ele>50.39493</ele><time>2018-04-19T01:18:51Z</time>
<extensions>
<gpx10:speed>1.0744169</gpx10:speed></extensions></trkpt>
<trkpt lat="37.5680412" lon="126.7268753"><ele>50.51698</ele><time>2018-04-19T01:18:59Z</time>
<extensions>
<gpx10:speed>1.01775</gpx10:speed></extensions></trkpt>
<trkpt lat="37.5680143" lon="126.7267632"><ele>50.667007</ele><time>2018-04-19T01:19:09Z</time>
<extensions>
<gpx10:speed>0.9446804</gpx10:speed></extensions></trkpt>
<trkpt lat="37.5679624" lon="126.7266489"><ele>50.799572</ele><time>2018-04-19T01:19:19Z</time>
<extensions>
<gpx10:speed>0.9334017</gpx10:speed></extensions></trkpt>
<trkpt lat="37.5678833" lon="126.7265756"><ele>50.86181</ele><time>2018-04-19T01:19:25Z</time>
<extensions>
<gpx10:speed>1.075209</gpx10:speed></extensions></trkpt>
<trkpt lat="37.5678151" lon="126.7264971"><ele>50.92439</ele><time>2018-04-19T01:19:32Z</time>
<extensions>
<gpx10:speed>0.86658686</gpx10:speed></extensions></trkpt>
<trkpt lat="37.5677491" lon="126.7264061"><ele>50.98693</ele><time>2018-04-19T01:19:38Z</time>
<extensions>
<gpx10:speed>1.2604328</gpx10:speed></extensions></trkpt>
<trkpt lat="37.5676886" lon="126.7263066"><ele>51.06888</ele><time>2018-04-19T01:19:45Z</time>
<extensions>
<gpx10:speed>1.2851166</gpx10:speed></extensions></trkpt>
<trkpt lat="37.567628" lon="126.7262068"><ele>51.165184</ele><time>2018-04-19T01:19:53Z</time>
<extensions>
<gpx10:speed>1.2399759</gpx10:speed></extensions></trkpt>
<trkpt lat="37.5675566" lon="126.7261322"><ele>51.261074</ele><time>2018-04-19T01:20:01Z</time>
<extensions>
<gpx10:speed>1.1883553</gpx10:speed></extensions></trkpt>
<trkpt lat="37.5674685" lon="126.7260834"><ele>51.366848</ele><time>2018-04-19T01:20:10Z</time>
<extensions>
<gpx10:speed>1.1323283</gpx10:speed></extensions></trkpt>
<trkpt lat="37.5673849" lon="126.7260248"><ele>51.501316</ele><time>2018-04-19T01:20:19Z</time>
<extensions>
<gpx10:speed>1.1169062</gpx10:speed></extensions></trkpt>
<trkpt lat="37.5673383" lon="126.7259149"><ele>51.745018</ele><time>2018-04-19T01:20:30Z</time>
<extensions>
<gpx10:speed>1.1210655</gpx10:speed></extensions></trkpt>
<trkpt lat="37.5673068" lon="126.7258081"><ele>51.972404</ele><time>2018-04-19T01:20:39Z</time>
<extensions>
<gpx10:speed>1.1273278</gpx10:speed></extensions></trkpt>
<trkpt lat="37.567292" lon="126.7256837"><ele>52.130955</ele><time>2018-04-19T01:20:45Z</time>
<extensions>
<gpx10:speed>1.0615611</gpx10:speed></extensions></trkpt>
<trkpt lat="37.5672514" lon="126.725576"><ele>52.47261</ele><time>2018-04-19T01:20:57Z</time>
<extensions>
<gpx10:speed>1.0465211</gpx10:speed></extensions></trkpt>
<trkpt lat="37.5671966" lon="126.7254846"><ele>52.724705</ele><time>2018-04-19T01:21:06Z</time>
<extensions>
<gpx10:speed>0.8895779</gpx10:speed></extensions></trkpt>
<trkpt lat="37.5671706" lon="126.7253743"><ele>52.91798</ele><time>2018-04-19T01:21:13Z</time>
<extensions>
<gpx10:speed>0.9856492</gpx10:speed></extensions></trkpt>
<trkpt lat="37.5671779" lon="126.7252611"><ele>53.083153</ele><time>2018-04-19T01:21:19Z</time>
<extensions>
<gpx10:speed>1.0400556</gpx10:speed></extensions></trkpt>
<trkpt lat="37.5671978" lon="126.7251449"><ele>53.262897</ele><time>2018-04-19T01:21:25Z</time>
<extensions>
<gpx10:speed>1.0062777</gpx10:speed></extensions></trkpt>
<trkpt lat="37.5671821" lon="126.7250211"><ele>53.595325</ele><time>2018-04-19T01:21:36Z</time>
<extensions>
<gpx10:speed>0.95974416</gpx10:speed></extensions></trkpt>
<trkpt lat="37.567131" lon="126.7249227"><ele>53.793423</ele><time>2018-04-19T01:21:43Z</time>
<extensions>
<gpx10:speed>1.0821176</gpx10:speed></extensions></trkpt>
<trkpt lat="37.5670745" lon="126.724822"><ele>53.984818</ele><time>2018-04-19T01:21:50Z</time>
<extensions>
<gpx10:speed>1.0781308</gpx10:speed></extensions></trkpt>
<trkpt lat="37.5670271" lon="126.7247174"><ele>54.142475</ele><time>2018-04-19T01:21:56Z</time>
<extensions>
<gpx10:speed>1.1440903</gpx10:speed></extensions></trkpt>
<trkpt lat="37.5669405" lon="126.7246707"><ele>54.33483</ele><time>2018-04-19T01:22:04Z</time>
<extensions>
<gpx10:speed>1.1551727</gpx10:speed></extensions></trkpt>
<trkpt lat="37.5668458" lon="126.7247033"><ele>54.52722</ele><time>2018-04-19T01:22:13Z</time>
<extensions>
<gpx10:speed>1.13166</gpx10:speed></extensions></trkpt>
<trkpt lat="37.5667597" lon="126.7247527"><ele>54.6948</ele><time>2018-04-19T01:22:21Z</time>
<extensions>
<gpx10:speed>1.1775218</gpx10:speed></extensions></trkpt>
<trkpt lat="37.5666646" lon="126.7247865"><ele>54.888596</ele><time>2018-04-19T01:22:29Z</time>
<extensions>
<gpx10:speed>1.2116666</gpx10:speed></extensions></trkpt>
<trkpt lat="37.5665666" lon="126.724801"><ele>55.095905</ele><time>2018-04-19T01:22:37Z</time>
<extensions>
<gpx10:speed>1.2401435</gpx10:speed></extensions></trkpt>
<trkpt lat="37.5664674" lon="126.7248135"><ele>55.328686</ele><time>2018-04-19T01:22:45Z</time>
<extensions>
<gpx10:speed>1.2819456</gpx10:speed></extensions></trkpt>
<trkpt lat="37.5663754" lon="126.7248638"><ele>55.58658</ele><time>2018-04-19T01:22:53Z</time>
<extensions>
<gpx10:speed>1.1777867</gpx10:speed></extensions></trkpt>
<trkpt lat="37.5662802" lon="126.7248999"><ele>55.86114</ele><time>2018-04-19T01:23:01Z</time>
<extensions>
<gpx10:speed>1.1707543</gpx10:speed></extensions></trkpt>
<trkpt lat="37.5661846" lon="126.7249342"><ele>56.110966</ele><time>2018-04-19T01:23:08Z</time>
<extensions>
<gpx10:speed>1.2610831</gpx10:speed></extensions></trkpt>
<trkpt lat="37.5660961" lon="126.7249734"><ele>56.41003</ele><time>2018-04-19T01:23:16Z</time>
<extensions>
<gpx10:speed>1.2497232</gpx10:speed></extensions></trkpt>
<trkpt lat="37.5660007" lon="126.7250186"><ele>56.713665</ele><time>2018-04-19T01:23:24Z</time>
<extensions>
<gpx10:speed>1.3316469</gpx10:speed></extensions></trkpt>
<trkpt lat="37.5659032" lon="126.725063"><ele>57.02265</ele><time>2018-04-19T01:23:32Z</time>
<extensions>
<gpx10:speed>1.3151978</gpx10:speed></extensions></trkpt>
<trkpt lat="37.5658094" lon="126.7250832"><ele>57.411297</ele><time>2018-04-19T01:23:42Z</time>
<extensions>
<gpx10:speed>1.1393571</gpx10:speed></extensions></trkpt>
<trkpt lat="37.5657183" lon="126.7250784"><ele>57.670876</ele><time>2018-04-19T01:23:49Z</time>
<extensions>
<gpx10:speed>1.2468094</gpx10:speed></extensions></trkpt>
<trkpt lat="37.5656209" lon="126.7250779"><ele>57.96209</ele><time>2018-04-19T01:23:58Z</time>
<extensions>
<gpx10:speed>1.2223836</gpx10:speed></extensions></trkpt>
<trkpt lat="37.565529" lon="126.7250703"><ele>58.132885</ele><time>2018-04-19T01:24:04Z</time>
<extensions>
<gpx10:speed>1.231419</gpx10:speed></extensions></trkpt>
<trkpt lat="37.5654384" lon="126.7250828"><ele>58.29951</ele><time>2018-04-19T01:24:10Z</time>
<extensions>
<gpx10:speed>1.3005053</gpx10:speed></extensions></trkpt>
<trkpt lat="37.5653322" lon="126.7251059"><ele>58.48374</ele><time>2018-04-19T01:24:17Z</time>
<extensions>
<gpx10:speed>1.379457</gpx10:speed></extensions></trkpt>
<trkpt lat="37.56524" lon="126.7250681"><ele>58.741833</ele><time>2018-04-19T01:24:27Z</time>
<extensions>
<gpx10:speed>1.0574938</gpx10:speed></extensions></trkpt>
<trkpt lat="37.5651477" lon="126.7250412"><ele>58.885452</ele><time>2018-04-19T01:24:34Z</time>
<extensions>
<gpx10:speed>1.026321</gpx10:speed></extensions></trkpt>
<trkpt lat="37.5650565" lon="126.7250314"><ele>59.014988</ele><time>2018-04-19T01:24:42Z</time>
<extensions>
<gpx10:speed>1.0561898</gpx10:speed></extensions></trkpt>
<trkpt lat="37.5649599" lon="126.7249958"><ele>59.102222</ele><time>2018-04-19T01:24:49Z</time>
<extensions>
<gpx10:speed>1.0379522</gpx10:speed></extensions></trkpt>
<trkpt lat="37.564861" lon="126.7249732"><ele>59.177113</ele><time>2018-04-19T01:24:56Z</time>
<extensions>
<gpx10:speed>1.1975968</gpx10:speed></extensions></trkpt>
<trkpt lat="37.5647709" lon="126.7249541"><ele>59.239845</ele><time>2018-04-19T01:25:03Z</time>
<extensions>
<gpx10:speed>1.1837822</gpx10:speed></extensions></trkpt>
<trkpt lat="37.5646717" lon="126.7249322"><ele>59.29336</ele><time>2018-04-19T01:25:11Z</time>
<extensions>
<gpx10:speed>1.2291927</gpx10:speed></extensions></trkpt>
<trkpt lat="37.5645818" lon="126.7249039"><ele>59.326084</ele><time>2018-04-19T01:25:19Z</time>
<extensions>
<gpx10:speed>1.1865271</gpx10:speed></extensions></trkpt>
<trkpt lat="37.5644838" lon="126.7249035"><ele>59.35413</ele><time>2018-04-19T01:25:27Z</time>
<extensions>
<gpx10:speed>1.1995647</gpx10:speed></extensions></trkpt>
<trkpt lat="37.5643966" lon="126.7249449"><ele>59.38161</ele><time>2018-04-19T01:25:34Z</time>
<extensions>
<gpx10:speed>1.2384869</gpx10:speed></extensions></trkpt>
<trkpt lat="37.5643035" lon="126.7249861"><ele>59.407738</ele><time>2018-04-19T01:25:42Z</time>
<extensions>
<gpx10:speed>1.2057832</gpx10:speed></extensions></trkpt>
<trkpt lat="37.5642111" lon="126.7250182"><ele>59.420956</ele><time>2018-04-19T01:25:50Z</time>
<extensions>
<gpx10:speed>1.2083657</gpx10:speed></extensions></trkpt>
<trkpt lat="37.5641105" lon="126.7250199"><ele>59.44633</ele><time>2018-04-19T01:25:59Z</time>
<extensions>
<gpx10:speed>1.1755322</gpx10:speed></extensions></trkpt>
<trkpt lat="37.5640195" lon="126.7250045"><ele>59.469067</ele><time>2018-04-19T01:26:07Z</time>
<extensions>
<gpx10:speed>1.1421151</gpx10:speed></extensions></trkpt>
<trkpt lat="37.5639145" lon="126.7250262"><ele>59.49177</ele><time>2018-04-19T01:26:14Z</time>
<extensions>
<gpx10:speed>1.0929918</gpx10:speed></extensions></trkpt>
<trkpt lat="37.5638153" lon="126.7250337"><ele>59.539574</ele><time>2018-04-19T01:26:24Z</time>
<extensions>
<gpx10:speed>1.0567846</gpx10:speed></extensions></trkpt>
<trkpt lat="37.563724" lon="126.7250341"><ele>59.61014</ele><time>2018-04-19T01:26:34Z</time>
<extensions>
<gpx10:speed>0.9926822</gpx10:speed></extensions></trkpt>
<trkpt lat="37.5636329" lon="126.7250187"><ele>59.68608</ele><time>2018-04-19T01:26:43Z</time>
<extensions>
<gpx10:speed>1.0339954</gpx10:speed></extensions></trkpt>
<trkpt lat="37.563545" lon="126.7249893"><ele>59.74854</ele><time>2018-04-19T01:26:51Z</time>
<extensions>
<gpx10:speed>1.0265014</gpx10:speed></extensions></trkpt>
<trkpt lat="37.5634549" lon="126.7249494"><ele>59.804535</ele><time>2018-04-19T01:27:00Z</time>
<extensions>
<gpx10:speed>1.0037305</gpx10:speed></extensions></trkpt>
<trkpt lat="37.5633639" lon="126.7249353"><ele>59.832855</ele><time>2018-04-19T01:27:07Z</time>
<extensions>
<gpx10:speed>0.99776447</gpx10:speed></extensions></trkpt>
<trkpt lat="37.5632729" lon="126.7248999"><ele>59.858654</ele><time>2018-04-19T01:27:15Z</time>
<extensions>
<gpx10:speed>1.1028432</gpx10:speed></extensions></trkpt>
<trkpt lat="37.5631903" lon="126.7248424"><ele>59.868797</ele><time>2018-04-19T01:27:23Z</time>
<extensions>
<gpx10:speed>1.0572805</gpx10:speed></extensions></trkpt>
<trkpt lat="37.5631121" lon="126.7247801"><ele>59.87797</ele><time>2018-04-19T01:27:30Z</time>
<extensions>
<gpx10:speed>1.1086801</gpx10:speed></extensions></trkpt>
<trkpt lat="37.5630371" lon="126.7247092"><ele>59.891495</ele><time>2018-04-19T01:27:38Z</time>
<extensions>
<gpx10:speed>1.0914645</gpx10:speed></extensions></trkpt>
<trkpt lat="37.5629587" lon="126.7246342"><ele>59.904507</ele><time>2018-04-19T01:27:47Z</time>
<extensions>
<gpx10:speed>1.1200644</gpx10:speed></extensions></trkpt>
<trkpt lat="37.562886" lon="126.7245656"><ele>59.91201</ele><time>2018-04-19T01:27:54Z</time>
<extensions>
<gpx10:speed>1.108045</gpx10:speed></extensions></trkpt>
<trkpt lat="37.5628224" lon="126.7244852"><ele>59.923126</ele><time>2018-04-19T01:28:02Z</time>
<extensions>
<gpx10:speed>1.0780902</gpx10:speed></extensions></trkpt>
<trkpt lat="37.562739" lon="126.7244329"><ele>59.93417</ele><time>2018-04-19T01:28:10Z</time>
<extensions>
<gpx10:speed>1.0693997</gpx10:speed></extensions></trkpt>
<trkpt lat="37.5626553" lon="126.7243693"><ele>59.93695</ele><time>2018-04-19T01:28:18Z</time>
<extensions>
<gpx10:speed>1.1312523</gpx10:speed></extensions></trkpt>
<trkpt lat="37.5625664" lon="126.7243077"><ele>59.940815</ele><time>2018-04-19T01:28:26Z</time>
<extensions>
<gpx10:speed>1.1856235</gpx10:speed></extensions></trkpt>
<trkpt lat="37.5624953" lon="126.7242352"><ele>59.95064</ele><time>2018-04-19T01:28:33Z</time>
<extensions>
<gpx10:speed>1.1975929</gpx10:speed></extensions></trkpt>
<trkpt lat="37.5624208" lon="126.7241594"><ele>59.964874</ele><time>2018-04-19T01:28:40Z</time>
<extensions>
<gpx10:speed>1.2493591</gpx10:speed></extensions></trkpt>
<trkpt lat="37.56235" lon="126.7240728"><ele>59.987026</ele><time>2018-04-19T01:28:49Z</time>
<extensions>
<gpx10:speed>1.2175839</gpx10:speed></extensions></trkpt>
<trkpt lat="37.5622715" lon="126.7239963"><ele>60.005344</ele><time>2018-04-19T01:28:59Z</time>
<extensions>
<gpx10:speed>1.1947573</gpx10:speed></extensions></trkpt>
<trkpt lat="37.5621937" lon="126.7239252"><ele>60.017113</ele><time>2018-04-19T01:29:07Z</time>
<extensions>
<gpx10:speed>1.2016057</gpx10:speed></extensions></trkpt>
<trkpt lat="37.5621166" lon="126.7238488"><ele>60.029507</ele><time>2018-04-19T01:29:16Z</time>
<extensions>
<gpx10:speed>1.1716083</gpx10:speed></extensions></trkpt>
<trkpt lat="37.5620368" lon="126.7237762"><ele>60.041897</ele><time>2018-04-19T01:29:24Z</time>
<extensions>
<gpx10:speed>1.1622857</gpx10:speed></extensions></trkpt>
<trkpt lat="37.5619578" lon="126.7236941"><ele>60.05429</ele><time>2018-04-19T01:29:32Z</time>
<extensions>
<gpx10:speed>1.2193502</gpx10:speed></extensions></trkpt>
<trkpt lat="37.5618861" lon="126.7236097"><ele>60.06711</ele><time>2018-04-19T01:29:39Z</time>
<extensions>
<gpx10:speed>1.276844</gpx10:speed></extensions></trkpt>
<trkpt lat="37.5618151" lon="126.7235213"><ele>60.08527</ele><time>2018-04-19T01:29:48Z</time>
<extensions>
<gpx10:speed>1.1634582</gpx10:speed></extensions></trkpt>
<trkpt lat="37.5617436" lon="126.7234416"><ele>60.101418</ele><time>2018-04-19T01:29:56Z</time>
<extensions>
<gpx10:speed>1.0633199</gpx10:speed></extensions></trkpt>
<trkpt lat="37.5616693" lon="126.7233691"><ele>60.117653</ele><time>2018-04-19T01:30:03Z</time>
<extensions>
<gpx10:speed>1.1712127</gpx10:speed></extensions></trkpt>
<trkpt lat="37.5615994" lon="126.7232873"><ele>60.13751</ele><time>2018-04-19T01:30:12Z</time>
<extensions>
<gpx10:speed>1.1237472</gpx10:speed></extensions></trkpt>
<trkpt lat="37.5615261" lon="126.7232161"><ele>60.158886</ele><time>2018-04-19T01:30:20Z</time>
<extensions>
<gpx10:speed>1.0989398</gpx10:speed></extensions></trkpt>
<trkpt lat="37.5614415" lon="126.7231625"><ele>60.178467</ele><time>2018-04-19T01:30:29Z</time>
<extensions>
<gpx10:speed>1.0947155</gpx10:speed></extensions></trkpt>
<trkpt lat="37.5613742" lon="126.7230848"><ele>60.190998</ele><time>2018-04-19T01:30:38Z</time>
<extensions>
<gpx10:speed>0.9661082</gpx10:speed></extensions></trkpt>
<trkpt lat="37.5612995" lon="126.7230014"><ele>60.202488</ele><time>2018-04-19T01:30:48Z</time>
<extensions>
<gpx10:speed>1.0021209</gpx10:speed></extensions></trkpt>
<trkpt lat="37.5612315" lon="126.7229127"><ele>60.212875</ele><time>2018-04-19T01:30:55Z</time>
<extensions>
<gpx10:speed>1.0422062</gpx10:speed></extensions></trkpt>
<trkpt lat="37.5611488" lon="126.7228498"><ele>60.226307</ele><time>2018-04-19T01:31:04Z</time>
<extensions>
<gpx10:speed>1.1297346</gpx10:speed></extensions></trkpt>
<trkpt lat="37.5610872" lon="126.7227519"><ele>60.241966</ele><time>2018-04-19T01:31:12Z</time>
<extensions>
<gpx10:speed>1.1294888</gpx10:speed></extensions></trkpt>
<trkpt lat="37.5610248" lon="126.7226686"><ele>60.274815</ele><time>2018-04-19T01:31:21Z</time>
<extensions>
<gpx10:speed>1.1178294</gpx10:speed></extensions></trkpt>
<trkpt lat="37.5609574" lon="126.7225854"><ele>60.34527</ele><time>2018-04-19T01:31:29Z</time>
<extensions>
<gpx10:speed>1.0694611</gpx10:speed></extensions></trkpt>
<trkpt lat="37.5608736" lon="126.7225157"><ele>60.430664</ele><time>2018-04-19T01:31:37Z</time>
<extensions>
<gpx10:speed>1.1341777</gpx10:speed></extensions></trkpt>
<trkpt lat="37.5608019" lon="126.7224424"><ele>60.540474</ele><time>2018-04-19T01:31:46Z</time>
<extensions>
<gpx10:speed>1.0717033</gpx10:speed></extensions></trkpt>
<trkpt lat="37.5607196" lon="126.7223681"><ele>60.630238</ele><time>2018-04-19T01:31:55Z</time>
<extensions>
<gpx10:speed>1.062264</gpx10:speed></extensions></trkpt>
<trkpt lat="37.5606447" lon="126.7222989"><ele>60.719505</ele><time>2018-04-19T01:32:05Z</time>
<extensions>
<gpx10:speed>0.9738681</gpx10:speed></extensions></trkpt>
<trkpt lat="37.5605652" lon="126.7222398"><ele>60.78274</ele><time>2018-04-19T01:32:12Z</time>
<extensions>
<gpx10:speed>1.0117661</gpx10:speed></extensions></trkpt>
<trkpt lat="37.5604842" lon="126.7221861"><ele>60.852745</ele><time>2018-04-19T01:32:20Z</time>
<extensions>
<gpx10:speed>1.1350887</gpx10:speed></extensions></trkpt>
<trkpt lat="37.5603866" lon="126.7221648"><ele>60.913036</ele><time>2018-04-19T01:32:28Z</time>
<extensions>
<gpx10:speed>1.1645085</gpx10:speed></extensions></trkpt>
<trkpt lat="37.56029" lon="126.722136"><ele>60.984867</ele><time>2018-04-19T01:32:37Z</time>
<extensions>
<gpx10:speed>1.2045087</gpx10:speed></extensions></trkpt>
<trkpt lat="37.5601913" lon="126.7221119"><ele>61.06037</ele><time>2018-04-19T01:32:46Z</time>
<extensions>
<gpx10:speed>1.1374093</gpx10:speed></extensions></trkpt>
<trkpt lat="37.5601046" lon="126.7220628"><ele>61.134342</ele><time>2018-04-19T01:32:55Z</time>
<extensions>
<gpx10:speed>1.1014222</gpx10:speed></extensions></trkpt>
<trkpt lat="37.5600751" lon="126.7219402"><ele>61.217735</ele><time>2018-04-19T01:33:03Z</time>
<extensions>
<gpx10:speed>1.3089885</gpx10:speed></extensions></trkpt>
<trkpt lat="37.5601183" lon="126.7218408"><ele>61.321804</ele><time>2018-04-19T01:33:10Z</time>
<extensions>
<gpx10:speed>1.2781969</gpx10:speed></extensions></trkpt>
<trkpt lat="37.560176" lon="126.721751"><ele>61.529755</ele><time>2018-04-19T01:33:20Z</time>
<extensions>
<gpx10:speed>1.1555831</gpx10:speed></extensions></trkpt>
<trkpt lat="37.560228" lon="126.7216546"><ele>61.706005</ele><time>2018-04-19T01:33:26Z</time>
<extensions>
<gpx10:speed>1.1533499</gpx10:speed></extensions></trkpt>
<trkpt lat="37.5603062" lon="126.7215944"><ele>61.949295</ele><time>2018-04-19T01:33:34Z</time>
<extensions>
<gpx10:speed>1.108162</gpx10:speed></extensions></trkpt>
<trkpt lat="37.5603809" lon="126.7215037"><ele>62.17316</ele><time>2018-04-19T01:33:41Z</time>
<extensions>
<gpx10:speed>1.1820815</gpx10:speed></extensions></trkpt>
<trkpt lat="37.5604417" lon="126.7214194"><ele>62.617867</ele><time>2018-04-19T01:33:53Z</time>
<extensions>
<gpx10:speed>1.0896349</gpx10:speed></extensions></trkpt>
<trkpt lat="37.5605187" lon="126.7213416"><ele>63.097088</ele><time>2018-04-19T01:34:03Z</time>
<extensions>
<gpx10:speed>1.1286712</gpx10:speed></extensions></trkpt>
<trkpt lat="37.5605833" lon="126.7212471"><ele>63.427174</ele><time>2018-04-19T01:34:09Z</time>
<extensions>
<gpx10:speed>1.1760681</gpx10:speed></extensions></trkpt>
<trkpt lat="37.560653" lon="126.7211753"><ele>64.03662</ele><time>2018-04-19T01:34:19Z</time>
<extensions>
<gpx10:speed>1.2382292</gpx10:speed></extensions></trkpt>
<trkpt lat="37.5607299" lon="126.7211122"><ele>64.80604</ele><time>2018-04-19T01:34:30Z</time>
<extensions>
<gpx10:speed>1.1881552</gpx10:speed></extensions></trkpt>
<trkpt lat="37.560796" lon="126.7210164"><ele>65.27123</ele><time>2018-04-19T01:34:36Z</time>
<extensions>
<gpx10:speed>1.2011137</gpx10:speed></extensions></trkpt>
<trkpt lat="37.5608589" lon="126.7209343"><ele>65.849174</ele><time>2018-04-19T01:34:43Z</time>
<extensions>
<gpx10:speed>1.2240785</gpx10:speed></extensions></trkpt>
<trkpt lat="37.5609234" lon="126.7208541"><ele>66.39179</ele><time>2018-04-19T01:34:49Z</time>
<extensions>
<gpx10:speed>1.2910744</gpx10:speed></extensions></trkpt>
<trkpt lat="37.5609995" lon="126.7207851"><ele>67.30302</ele><time>2018-04-19T01:34:59Z</time>
<extensions>
<gpx10:speed>1.2890105</gpx10:speed></extensions></trkpt>
<trkpt lat="37.5610758" lon="126.7207093"><ele>68.04103</ele><time>2018-04-19T01:35:07Z</time>
<extensions>
<gpx10:speed>1.3032318</gpx10:speed></extensions></trkpt>
<trkpt lat="37.5611451" lon="126.7206284"><ele>68.68135</ele><time>2018-04-19T01:35:14Z</time>
<extensions>
<gpx10:speed>1.3251368</gpx10:speed></extensions></trkpt>
<trkpt lat="37.5612188" lon="126.7205363"><ele>69.40188</ele><time>2018-04-19T01:35:22Z</time>
<extensions>
<gpx10:speed>1.243809</gpx10:speed></extensions></trkpt>
<trkpt lat="37.5612776" lon="126.7204345"><ele>69.967064</ele><time>2018-04-19T01:35:28Z</time>
<extensions>
<gpx10:speed>1.2600135</gpx10:speed></extensions></trkpt>
<trkpt lat="37.5613684" lon="126.7203699"><ele>70.749954</ele><time>2018-04-19T01:35:36Z</time>
<extensions>
<gpx10:speed>1.3460435</gpx10:speed></extensions></trkpt>
<trkpt lat="37.5614312" lon="126.7202673"><ele>71.44632</ele><time>2018-04-19T01:35:43Z</time>
<extensions>
<gpx10:speed>1.2663779</gpx10:speed></extensions></trkpt>
<trkpt lat="37.5615041" lon="126.7201749"><ele>72.33837</ele><time>2018-04-19T01:35:52Z</time>
<extensions>
<gpx10:speed>1.2866108</gpx10:speed></extensions></trkpt>
<trkpt lat="37.5615725" lon="126.7200903"><ele>72.98897</ele><time>2018-04-19T01:35:59Z</time>
<extensions>
<gpx10:speed>1.2836342</gpx10:speed></extensions></trkpt>
<trkpt lat="37.5616485" lon="126.7200047"><ele>73.86649</ele><time>2018-04-19T01:36:09Z</time>
<extensions>
<gpx10:speed>1.1905537</gpx10:speed></extensions></trkpt>
<trkpt lat="37.5617122" lon="126.7199178"><ele>74.641495</ele><time>2018-04-19T01:36:18Z</time>
<extensions>
<gpx10:speed>1.2109802</gpx10:speed></extensions></trkpt>
<trkpt lat="37.5617813" lon="126.719833"><ele>75.28344</ele><time>2018-04-19T01:36:26Z</time>
<extensions>
<gpx10:speed>1.2078463</gpx10:speed></extensions></trkpt>
<trkpt lat="37.5618555" lon="126.7197414"><ele>75.78258</ele><time>2018-04-19T01:36:33Z</time>
<extensions>
<gpx10:speed>1.261573</gpx10:speed></extensions></trkpt>
<trkpt lat="37.5619141" lon="126.7196411"><ele>76.176605</ele><time>2018-04-19T01:36:39Z</time>
<extensions>
<gpx10:speed>1.2486234</gpx10:speed></extensions></trkpt>
<trkpt lat="37.5619794" lon="126.7195621"><ele>76.67038</ele><time>2018-04-19T01:36:47Z</time>
<extensions>
<gpx10:speed>1.1999199</gpx10:speed></extensions></trkpt>
<trkpt lat="37.5620521" lon="126.71948"><ele>77.13258</ele><time>2018-04-19T01:36:55Z</time>
<extensions>
<gpx10:speed>1.1808372</gpx10:speed></extensions></trkpt>
<trkpt lat="37.5621214" lon="126.719398"><ele>77.56077</ele><time>2018-04-19T01:37:03Z</time>
<extensions>
<gpx10:speed>1.1643258</gpx10:speed></extensions></trkpt>
<trkpt lat="37.5621942" lon="126.7193184"><ele>77.99141</ele><time>2018-04-19T01:37:12Z</time>
<extensions>
<gpx10:speed>1.1501575</gpx10:speed></extensions></trkpt>
<trkpt lat="37.5622641" lon="126.7192443"><ele>78.392494</ele><time>2018-04-19T01:37:21Z</time>
<extensions>
<gpx10:speed>1.0820451</gpx10:speed></extensions></trkpt>
<trkpt lat="37.5623447" lon="126.7191761"><ele>78.66881</ele><time>2018-04-19T01:37:28Z</time>
<extensions>
<gpx10:speed>1.1177076</gpx10:speed></extensions></trkpt>
<trkpt lat="37.5624271" lon="126.719118"><ele>79.02</ele><time>2018-04-19T01:37:38Z</time>
<extensions>
<gpx10:speed>1.1315598</gpx10:speed></extensions></trkpt>
<trkpt lat="37.5625176" lon="126.7190648"><ele>79.29639</ele><time>2018-04-19T01:37:47Z</time>
<extensions>
<gpx10:speed>1.100435</gpx10:speed></extensions></trkpt>
<trkpt lat="37.5626167" lon="126.7190164"><ele>79.53576</ele><time>2018-04-19T01:37:56Z</time>
<extensions>
<gpx10:speed>1.0277762</gpx10:speed></extensions></trkpt>
<trkpt lat="37.5627033" lon="126.7189798"><ele>79.720345</ele><time>2018-04-19T01:38:04Z</time>
<extensions>
<gpx10:speed>0.76435184</gpx10:speed></extensions></trkpt>
<trkpt lat="37.5627948" lon="126.7189524"><ele>79.90441</ele><time>2018-04-19T01:38:13Z</time>
<extensions>
<gpx10:speed>0.8092805</gpx10:speed></extensions></trkpt>
<trkpt lat="37.5628579" lon="126.7188698"><ele>80.03765</ele><time>2018-04-19T01:38:20Z</time>
<extensions>
<gpx10:speed>1.0955461</gpx10:speed></extensions></trkpt>
<trkpt lat="37.5629552" lon="126.7188071"><ele>80.15928</ele><time>2018-04-19T01:38:27Z</time>
<extensions>
<gpx10:speed>1.0984273</gpx10:speed></extensions></trkpt>
<trkpt lat="37.563053" lon="126.7187884"><ele>80.25139</ele><time>2018-04-19T01:38:33Z</time>
<extensions>
<gpx10:speed>1.0021571</gpx10:speed></extensions></trkpt>
<trkpt lat="37.5631403" lon="126.7187379"><ele>80.336624</ele><time>2018-04-19T01:38:39Z</time>
<extensions>
<gpx10:speed>1.0759779</gpx10:speed></extensions></trkpt>
<trkpt lat="37.5632272" lon="126.7186877"><ele>80.44156</ele><time>2018-04-19T01:38:47Z</time>
<extensions>
<gpx10:speed>1.1075388</gpx10:speed></extensions></trkpt>
<trkpt lat="37.5633104" lon="126.718638"><ele>80.52605</ele><time>2018-04-19T01:38:54Z</time>
<extensions>
<gpx10:speed>1.0719548</gpx10:speed></extensions></trkpt>
<trkpt lat="37.563402" lon="126.7185947"><ele>80.60583</ele><time>2018-04-19T01:39:01Z</time>
<extensions>
<gpx10:speed>1.0509537</gpx10:speed></extensions></trkpt>
<trkpt lat="37.5635001" lon="126.718578"><ele>80.68384</ele><time>2018-04-19T01:39:09Z</time>
<extensions>
<gpx10:speed>0.69553024</gpx10:speed></extensions></trkpt>
<trkpt lat="37.5635839" lon="126.7185168"><ele>80.7382</ele><time>2018-04-19T01:39:16Z</time>
<extensions>
<gpx10:speed>1.0530236</gpx10:speed></extensions></trkpt>
<trkpt lat="37.5636689" lon="126.7184612"><ele>80.76623</ele><time>2018-04-19T01:39:22Z</time>
<extensions>
<gpx10:speed>1.0118511</gpx10:speed></extensions></trkpt>
<trkpt lat="37.5637523" lon="126.718418"><ele>80.78545</ele><time>2018-04-19T01:39:28Z</time>
<extensions>
<gpx10:speed>0.9937912</gpx10:speed></extensions></trkpt>
<trkpt lat="37.5638483" lon="126.7184083"><ele>80.79833</ele><time>2018-04-19T01:39:39Z</time>
<extensions>
<gpx10:speed>0.8778559</gpx10:speed></extensions></trkpt>
<trkpt lat="37.5639366" lon="126.7183473"><ele>80.791725</ele><time>2018-04-19T01:39:48Z</time>
<extensions>
<gpx10:speed>0.94597083</gpx10:speed></extensions></trkpt>
<trkpt lat="37.5639724" lon="126.7182325"><ele>80.78241</ele><time>2018-04-19T01:39:53Z</time>
<extensions>
<gpx10:speed>0.69631726</gpx10:speed></extensions></trkpt>
<trkpt lat="37.5639333" lon="126.7181298"><ele>80.72838</ele><time>2018-04-19T01:40:31Z</time>
<extensions>
<gpx10:speed>0.028347937</gpx10:speed></extensions></trkpt>
<trkpt lat="37.5638744" lon="126.7180397"><ele>79.43651</ele><time>2018-04-19T01:44:17Z</time>
<extensions>
<gpx10:speed>0.6061912</gpx10:speed></extensions></trkpt>
<trkpt lat="37.5637998" lon="126.7179568"><ele>79.26131</ele><time>2018-04-19T01:44:26Z</time>
<extensions>
<gpx10:speed>0.5768469</gpx10:speed></extensions></trkpt>
<trkpt lat="37.5637101" lon="126.7179104"><ele>79.07213</ele><time>2018-04-19T01:44:37Z</time>
<extensions>
<gpx10:speed>0.7623457</gpx10:speed></extensions></trkpt>
<trkpt lat="37.5636431" lon="126.7178321"><ele>78.93946</ele><time>2018-04-19T01:44:46Z</time>
<extensions>
<gpx10:speed>0.8124001</gpx10:speed></extensions></trkpt>
<trkpt lat="37.563577" lon="126.717739"><ele>78.81753</ele><time>2018-04-19T01:44:55Z</time>
<extensions>
<gpx10:speed>0.9198431</gpx10:speed></extensions></trkpt>
<trkpt lat="37.5634885" lon="126.7176611"><ele>78.72749</ele><time>2018-04-19T01:45:02Z</time>
<extensions>
<gpx10:speed>1.0335824</gpx10:speed></extensions></trkpt>
<trkpt lat="37.5634286" lon="126.7175688"><ele>78.60954</ele><time>2018-04-19T01:45:12Z</time>
<extensions>
<gpx10:speed>0.9709281</gpx10:speed></extensions></trkpt>
<trkpt lat="37.5634159" lon="126.7174513"><ele>78.4702</ele><time>2018-04-19T01:45:25Z</time>
<extensions>
<gpx10:speed>0.52464455</gpx10:speed></extensions></trkpt>
<trkpt lat="37.563405" lon="126.7173361"><ele>78.38419</ele><time>2018-04-19T01:45:34Z</time>
<extensions>
<gpx10:speed>0.8954687</gpx10:speed></extensions></trkpt>
<trkpt lat="37.5633667" lon="126.7172314"><ele>78.30191</ele><time>2018-04-19T01:45:44Z</time>
<extensions>
<gpx10:speed>0.85168684</gpx10:speed></extensions></trkpt>
<trkpt lat="37.5632837" lon="126.7171608"><ele>78.23848</ele><time>2018-04-19T01:45:54Z</time>
<extensions>
<gpx10:speed>0.93066454</gpx10:speed></extensions></trkpt>
<trkpt lat="37.5632045" lon="126.7170859"><ele>78.18085</ele><time>2018-04-19T01:46:04Z</time>
<extensions>
<gpx10:speed>0.87504566</gpx10:speed></extensions></trkpt>
<trkpt lat="37.563127" lon="126.7170057"><ele>78.14487</ele><time>2018-04-19T01:46:11Z</time>
<extensions>
<gpx10:speed>0.96048325</gpx10:speed></extensions></trkpt>
<trkpt lat="37.563065" lon="126.716914"><ele>78.07367</ele><time>2018-04-19T01:46:22Z</time>
<extensions>
<gpx10:speed>0.5737442</gpx10:speed></extensions></trkpt>
<trkpt lat="37.5629809" lon="126.7168471"><ele>78.01237</ele><time>2018-04-19T01:46:29Z</time>
<extensions>
<gpx10:speed>0.8182213</gpx10:speed></extensions></trkpt>
<trkpt lat="37.562911" lon="126.7167672"><ele>77.95528</ele><time>2018-04-19T01:46:38Z</time>
<extensions>
<gpx10:speed>0.38754043</gpx10:speed></extensions></trkpt>
<trkpt lat="37.5628475" lon="126.7166772"><ele>77.93686</ele><time>2018-04-19T01:46:47Z</time>
<extensions>
<gpx10:speed>0.9860965</gpx10:speed></extensions></trkpt>
<trkpt lat="37.562779" lon="126.7165939"><ele>77.93953</ele><time>2018-04-19T01:46:55Z</time>
<extensions>
<gpx10:speed>0.9657408</gpx10:speed></extensions></trkpt>
<trkpt lat="37.5627252" lon="126.7164986"><ele>77.94979</ele><time>2018-04-19T01:47:03Z</time>
<extensions>
<gpx10:speed>0.45139015</gpx10:speed></extensions></trkpt>
<trkpt lat="37.5626729" lon="126.7163946"><ele>77.96019</ele><time>2018-04-19T01:47:12Z</time>
<extensions>
<gpx10:speed>0.94309837</gpx10:speed></extensions></trkpt>
<trkpt lat="37.5626159" lon="126.7163063"><ele>77.968216</ele><time>2018-04-19T01:47:20Z</time>
<extensions>
<gpx10:speed>0.8929572</gpx10:speed></extensions></trkpt>
<trkpt lat="37.5625653" lon="126.7162112"><ele>77.9891</ele><time>2018-04-19T01:47:31Z</time>
<extensions>
<gpx10:speed>0.8337776</gpx10:speed></extensions></trkpt>
<trkpt lat="37.5625367" lon="126.7160942"><ele>78.00295</ele><time>2018-04-19T01:47:39Z</time>
<extensions>
<gpx10:speed>0.93254733</gpx10:speed></extensions></trkpt>
<trkpt lat="37.5625213" lon="126.7159794"><ele>78.02402</ele><time>2018-04-19T01:47:50Z</time>
<extensions>
<gpx10:speed>0.5230863</gpx10:speed></extensions></trkpt>
<trkpt lat="37.5624641" lon="126.7158868"><ele>78.039734</ele><time>2018-04-19T01:47:59Z</time>
<extensions>
<gpx10:speed>0.8954165</gpx10:speed></extensions></trkpt>
<trkpt lat="37.5624336" lon="126.7157759"><ele>78.05906</ele><time>2018-04-19T01:48:08Z</time>
<extensions>
<gpx10:speed>0.9578858</gpx10:speed></extensions></trkpt>
<trkpt lat="37.5623688" lon="126.7156782"><ele>78.09119</ele><time>2018-04-19T01:48:18Z</time>
<extensions>
<gpx10:speed>0.8158091</gpx10:speed></extensions></trkpt>
<trkpt lat="37.5622841" lon="126.7156314"><ele>78.12677</ele><time>2018-04-19T01:48:26Z</time>
<extensions>
<gpx10:speed>0.6828622</gpx10:speed></extensions></trkpt>
<trkpt lat="37.5621976" lon="126.715589"><ele>78.172035</ele><time>2018-04-19T01:48:35Z</time>
<extensions>
<gpx10:speed>0.65947735</gpx10:speed></extensions></trkpt>
<trkpt lat="37.5621069" lon="126.7155513"><ele>78.230576</ele><time>2018-04-19T01:48:45Z</time>
<extensions>
<gpx10:speed>0.58622664</gpx10:speed></extensions></trkpt>
<trkpt lat="37.5620134" lon="126.7155246"><ele>78.27866</ele><time>2018-04-19T01:48:52Z</time>
<extensions>
<gpx10:speed>0.51463443</gpx10:speed></extensions></trkpt>
<trkpt lat="37.5619368" lon="126.7154647"><ele>78.39277</ele><time>2018-04-19T01:49:01Z</time>
<extensions>
<gpx10:speed>0.41358703</gpx10:speed></extensions></trkpt>
<trkpt lat="37.5618784" lon="126.7153687"><ele>78.76165</ele><time>2018-04-19T01:49:22Z</time>
<extensions>
<gpx10:speed>0.51691276</gpx10:speed></extensions></trkpt>
<trkpt lat="37.561855" lon="126.7152496"><ele>78.98788</ele><time>2018-04-19T01:49:37Z</time>
<extensions>
<gpx10:speed>0.6798687</gpx10:speed></extensions></trkpt>
<trkpt lat="37.5618931" lon="126.7151465"><ele>79.25471</ele><time>2018-04-19T01:49:53Z</time>
<extensions>
<gpx10:speed>0.44601852</gpx10:speed></extensions></trkpt>
<trkpt lat="37.5619144" lon="126.7150353"><ele>79.51362</ele><time>2018-04-19T01:50:10Z</time>
<extensions>
<gpx10:speed>0.5980727</gpx10:speed></extensions></trkpt>
<trkpt lat="37.5618893" lon="126.7149218"><ele>79.77804</ele><time>2018-04-19T01:50:28Z</time>
<extensions>
<gpx10:speed>0.17871372</gpx10:speed></extensions></trkpt>
<trkpt lat="37.5619301" lon="126.7148078"><ele>80.04739</ele><time>2018-04-19T01:50:43Z</time>
<extensions>
<gpx10:speed>0.42109385</gpx10:speed></extensions></trkpt>
<trkpt lat="37.5620058" lon="126.714737"><ele>80.40926</ele><time>2018-04-19T01:50:58Z</time>
<extensions>
<gpx10:speed>0.5275424</gpx10:speed></extensions></trkpt>
<trkpt lat="37.562083" lon="126.7146767"><ele>80.69002</ele><time>2018-04-19T01:51:09Z</time>
<extensions>
<gpx10:speed>0.66057533</gpx10:speed></extensions></trkpt>
<trkpt lat="37.5621605" lon="126.7146017"><ele>81.046524</ele><time>2018-04-19T01:51:21Z</time>
<extensions>
<gpx10:speed>0.5829059</gpx10:speed></extensions></trkpt>
<trkpt lat="37.5622056" lon="126.714503"><ele>81.461494</ele><time>2018-04-19T01:51:33Z</time>
<extensions>
<gpx10:speed>0.30991772</gpx10:speed></extensions></trkpt>
<trkpt lat="37.5622338" lon="126.7143898"><ele>81.97616</ele><time>2018-04-19T01:51:46Z</time>
<extensions>
<gpx10:speed>0.55329263</gpx10:speed></extensions></trkpt>
<trkpt lat="37.5622446" lon="126.7142754"><ele>84.96566</ele><time>2018-04-19T01:53:33Z</time>
<extensions>
<gpx10:speed>0.23349707</gpx10:speed></extensions></trkpt>
<trkpt lat="37.5623101" lon="126.7141935"><ele>87.18815</ele><time>2018-04-19T01:54:00Z</time>
<extensions>
<gpx10:speed>0.5522024</gpx10:speed></extensions></trkpt>
<trkpt lat="37.5623621" lon="126.7140962"><ele>87.58376</ele><time>2018-04-19T01:54:05Z</time>
<extensions>
<gpx10:speed>0.5694253</gpx10:speed></extensions></trkpt>
<trkpt lat="37.5624114" lon="126.7139984"><ele>88.61373</ele><time>2018-04-19T01:54:19Z</time>
<extensions>
<gpx10:speed>0.338131</gpx10:speed></extensions></trkpt>
<trkpt lat="37.5624517" lon="126.7138787"><ele>89.01151</ele><time>2018-04-19T01:54:26Z</time>
<extensions>
<gpx10:speed>0.667108</gpx10:speed></extensions></trkpt>
<trkpt lat="37.5625077" lon="126.7137821"><ele>89.50941</ele><time>2018-04-19T01:54:34Z</time>
<extensions>
<gpx10:speed>0.8415606</gpx10:speed></extensions></trkpt>
<trkpt lat="37.5625979" lon="126.7137381"><ele>89.99974</ele><time>2018-04-19T01:54:42Z</time>
<extensions>
<gpx10:speed>0.85624534</gpx10:speed></extensions></trkpt>
<trkpt lat="37.5626738" lon="126.7136712"><ele>90.62797</ele><time>2018-04-19T01:54:53Z</time>
<extensions>
<gpx10:speed>0.31340554</gpx10:speed></extensions></trkpt>
<trkpt lat="37.5627479" lon="126.7135726"><ele>91.15207</ele><time>2018-04-19T01:55:02Z</time>
<extensions>
<gpx10:speed>0.4890679</gpx10:speed></extensions></trkpt>
<trkpt lat="37.5627878" lon="126.7134587"><ele>91.48553</ele><time>2018-04-19T01:55:09Z</time>
<extensions>
<gpx10:speed>0.35751867</gpx10:speed></extensions></trkpt>
<trkpt lat="37.5628331" lon="126.7133517"><ele>91.78903</ele><time>2018-04-19T01:55:16Z</time>
<extensions>
<gpx10:speed>0.63050014</gpx10:speed></extensions></trkpt>
<trkpt lat="37.5628672" lon="126.7132289"><ele>92.284134</ele><time>2018-04-19T01:55:29Z</time>
<extensions>
<gpx10:speed>0.6983316</gpx10:speed></extensions></trkpt>
<trkpt lat="37.5628901" lon="126.7131147"><ele>92.56772</ele><time>2018-04-19T01:55:37Z</time>
<extensions>
<gpx10:speed>0.80691963</gpx10:speed></extensions></trkpt>
<trkpt lat="37.5629274" lon="126.7129961"><ele>92.83722</ele><time>2018-04-19T01:55:45Z</time>
<extensions>
<gpx10:speed>0.7804193</gpx10:speed></extensions></trkpt>
<trkpt lat="37.5629153" lon="126.7128822"><ele>93.01341</ele><time>2018-04-19T01:55:51Z</time>
<extensions>
<gpx10:speed>0.46394333</gpx10:speed></extensions></trkpt>
<trkpt lat="37.5629799" lon="126.7127999"><ele>93.37999</ele><time>2018-04-19T01:56:03Z</time>
<extensions>
<gpx10:speed>0.6118495</gpx10:speed></extensions></trkpt>
<trkpt lat="37.5630553" lon="126.7127188"><ele>93.602</ele><time>2018-04-19T01:56:11Z</time>
<extensions>
<gpx10:speed>0.5446164</gpx10:speed></extensions></trkpt>
<trkpt lat="37.5630927" lon="126.7126117"><ele>93.85237</ele><time>2018-04-19T01:56:21Z</time>
<extensions>
<gpx10:speed>0.76986206</gpx10:speed></extensions></trkpt>
<trkpt lat="37.5631326" lon="126.7125021"><ele>93.976166</ele><time>2018-04-19T01:56:27Z</time>
<extensions>
<gpx10:speed>0.58991665</gpx10:speed></extensions></trkpt>
<trkpt lat="37.5631681" lon="126.7123654"><ele>94.10351</ele><time>2018-04-19T01:56:34Z</time>
<extensions>
<gpx10:speed>0.52603674</gpx10:speed></extensions></trkpt>
<trkpt lat="37.563201" lon="126.7122567"><ele>94.2293</ele><time>2018-04-19T01:56:43Z</time>
<extensions>
<gpx10:speed>0.056490418</gpx10:speed></extensions></trkpt>
<trkpt lat="37.5632519" lon="126.7121498"><ele>94.40318</ele><time>2018-04-19T01:56:54Z</time>
<extensions>
<gpx10:speed>0.84355944</gpx10:speed></extensions></trkpt>
<trkpt lat="37.5632543" lon="126.712024"><ele>94.500015</ele><time>2018-04-19T01:57:00Z</time>
<extensions>
<gpx10:speed>0.80381787</gpx10:speed></extensions></trkpt>
<trkpt lat="37.5632571" lon="126.7119022"><ele>94.607445</ele><time>2018-04-19T01:57:06Z</time>
<extensions>
<gpx10:speed>0.72226113</gpx10:speed></extensions></trkpt>
<trkpt lat="37.5632656" lon="126.7117794"><ele>94.78331</ele><time>2018-04-19T01:57:16Z</time>
<extensions>
<gpx10:speed>0.3899015</gpx10:speed></extensions></trkpt>
<trkpt lat="37.5632875" lon="126.711664"><ele>94.9008</ele><time>2018-04-19T01:57:23Z</time>
<extensions>
<gpx10:speed>0.5532711</gpx10:speed></extensions></trkpt>
<trkpt lat="37.5633107" lon="126.7115532"><ele>95.008675</ele><time>2018-04-19T01:57:30Z</time>
<extensions>
<gpx10:speed>0.35419017</gpx10:speed></extensions></trkpt>
<trkpt lat="37.5633175" lon="126.7114383"><ele>95.13764</ele><time>2018-04-19T01:57:40Z</time>
<extensions>
<gpx10:speed>0.47318274</gpx10:speed></extensions></trkpt>
<trkpt lat="37.5633266" lon="126.7113231"><ele>95.20917</ele><time>2018-04-19T01:57:46Z</time>
<extensions>
<gpx10:speed>0.5032357</gpx10:speed></extensions></trkpt>
<trkpt lat="37.5633175" lon="126.7111784"><ele>95.29048</ele><time>2018-04-19T01:57:51Z</time>
<extensions>
<gpx10:speed>0.7237316</gpx10:speed></extensions></trkpt>
<trkpt lat="37.5633391" lon="126.711067"><ele>95.4767</ele><time>2018-04-19T01:58:00Z</time>
<extensions>
<gpx10:speed>0.31650487</gpx10:speed></extensions></trkpt>
<trkpt lat="37.5633412" lon="126.7109409"><ele>95.69644</ele><time>2018-04-19T01:58:09Z</time>
<extensions>
<gpx10:speed>0.8401715</gpx10:speed></extensions></trkpt>
<trkpt lat="37.5633754" lon="126.7108269"><ele>95.87508</ele><time>2018-04-19T01:58:16Z</time>
<extensions>
<gpx10:speed>0.3722061</gpx10:speed></extensions></trkpt>
<trkpt lat="37.5633553" lon="126.7106865"><ele>96.0855</ele><time>2018-04-19T01:58:25Z</time>
<extensions>
<gpx10:speed>0.70332694</gpx10:speed></extensions></trkpt>
<trkpt lat="37.5633388" lon="126.7105628"><ele>96.227295</ele><time>2018-04-19T01:58:31Z</time>
<extensions>
<gpx10:speed>0.46960598</gpx10:speed></extensions></trkpt>
<trkpt lat="37.5633179" lon="126.7104441"><ele>96.39665</ele><time>2018-04-19T01:58:39Z</time>
<extensions>
<gpx10:speed>0.9562206</gpx10:speed></extensions></trkpt>
<trkpt lat="37.5633157" lon="126.7103236"><ele>96.57441</ele><time>2018-04-19T01:58:49Z</time>
<extensions>
<gpx10:speed>0.68477845</gpx10:speed></extensions></trkpt>
<trkpt lat="37.5632755" lon="126.7102074"><ele>96.722145</ele><time>2018-04-19T01:58:59Z</time>
<extensions>
<gpx10:speed>0.7431575</gpx10:speed></extensions></trkpt>
<trkpt lat="37.5632436" lon="126.7100877"><ele>96.85773</ele><time>2018-04-19T01:59:09Z</time>
<extensions>
<gpx10:speed>0.71922237</gpx10:speed></extensions></trkpt>
<trkpt lat="37.5631886" lon="126.7099863"><ele>96.99513</ele><time>2018-04-19T01:59:20Z</time>
<extensions>
<gpx10:speed>0.72626984</gpx10:speed></extensions></trkpt>
<trkpt lat="37.5631491" lon="126.7098719"><ele>97.12415</ele><time>2018-04-19T01:59:30Z</time>
<extensions>
<gpx10:speed>0.72663397</gpx10:speed></extensions></trkpt>
<trkpt lat="37.5630686" lon="126.7098182"><ele>97.286804</ele><time>2018-04-19T01:59:43Z</time>
<extensions>
<gpx10:speed>0.6483501</gpx10:speed></extensions></trkpt>
<trkpt lat="37.5629732" lon="126.7098123"><ele>97.35011</ele><time>2018-04-19T01:59:49Z</time>
<extensions>
<gpx10:speed>0.93226475</gpx10:speed></extensions></trkpt>
<trkpt lat="37.5628841" lon="126.7098301"><ele>97.39541</ele><time>2018-04-19T01:59:56Z</time>
<extensions>
<gpx10:speed>0.9772354</gpx10:speed></extensions></trkpt>
<trkpt lat="37.5627998" lon="126.709885"><ele>97.42004</ele><time>2018-04-19T02:00:05Z</time>
<extensions>
<gpx10:speed>0.903548</gpx10:speed></extensions></trkpt>
<trkpt lat="37.5627099" lon="126.7099064"><ele>97.46328</ele><time>2018-04-19T02:00:19Z</time>
<extensions>
<gpx10:speed>0.5905785</gpx10:speed></extensions></trkpt>
<trkpt lat="37.5626197" lon="126.7098698"><ele>97.509346</ele><time>2018-04-19T02:00:29Z</time>
<extensions>
<gpx10:speed>0.7658349</gpx10:speed></extensions></trkpt>
<trkpt lat="37.5625176" lon="126.7098609"><ele>97.55111</ele><time>2018-04-19T02:00:39Z</time>
<extensions>
<gpx10:speed>0.6817584</gpx10:speed></extensions></trkpt>
<trkpt lat="37.5624201" lon="126.7098555"><ele>97.56735</ele><time>2018-04-19T02:00:47Z</time>
<extensions>
<gpx10:speed>0.9701234</gpx10:speed></extensions></trkpt>
<trkpt lat="37.5623459" lon="126.7097908"><ele>97.603065</ele><time>2018-04-19T02:00:58Z</time>
<extensions>
<gpx10:speed>0.74931175</gpx10:speed></extensions></trkpt>
<trkpt lat="37.5622623" lon="126.7097406"><ele>97.632965</ele><time>2018-04-19T02:01:07Z</time>
<extensions>
<gpx10:speed>0.6556493</gpx10:speed></extensions></trkpt>
<trkpt lat="37.5621743" lon="126.709702"><ele>97.6681</ele><time>2018-04-19T02:01:17Z</time>
<extensions>
<gpx10:speed>0.68872756</gpx10:speed></extensions></trkpt>
<trkpt lat="37.5620818" lon="126.7097381"><ele>97.71034</ele><time>2018-04-19T02:01:26Z</time>
<extensions>
<gpx10:speed>0.7856367</gpx10:speed></extensions></trkpt>
<trkpt lat="37.5619882" lon="126.7097117"><ele>97.75408</ele><time>2018-04-19T02:01:36Z</time>
<extensions>
<gpx10:speed>0.84205145</gpx10:speed></extensions></trkpt>
<trkpt lat="37.5618974" lon="126.7096843"><ele>97.82643</ele><time>2018-04-19T02:01:46Z</time>
<extensions>
<gpx10:speed>0.8038843</gpx10:speed></extensions></trkpt>
<trkpt lat="37.5618188" lon="126.7096151"><ele>97.905426</ele><time>2018-04-19T02:01:55Z</time>
<extensions>
<gpx10:speed>0.9572723</gpx10:speed></extensions></trkpt>
<trkpt lat="37.5617251" lon="126.7096364"><ele>98.00948</ele><time>2018-04-19T02:02:05Z</time>
<extensions>
<gpx10:speed>0.8498443</gpx10:speed></extensions></trkpt>
<trkpt lat="37.5616271" lon="126.7096474"><ele>98.13973</ele><time>2018-04-19T02:02:14Z</time>
<extensions>
<gpx10:speed>0.9422658</gpx10:speed></extensions></trkpt>
<trkpt lat="37.5615313" lon="126.709685"><ele>98.39253</ele><time>2018-04-19T02:02:27Z</time>
<extensions>
<gpx10:speed>0.5139369</gpx10:speed></extensions></trkpt>
<trkpt lat="37.5614424" lon="126.7097207"><ele>98.64594</ele><time>2018-04-19T02:02:38Z</time>
<extensions>
<gpx10:speed>0.52463055</gpx10:speed></extensions></trkpt>
<trkpt lat="37.5613611" lon="126.7096698"><ele>98.893</ele><time>2018-04-19T02:02:47Z</time>
<extensions>
<gpx10:speed>0.8918175</gpx10:speed></extensions></trkpt>
<trkpt lat="37.5612824" lon="126.7095934"><ele>99.19616</ele><time>2018-04-19T02:02:56Z</time>
<extensions>
<gpx10:speed>0.98854995</gpx10:speed></extensions></trkpt>
<trkpt lat="37.5611904" lon="126.7095941"><ele>99.47835</ele><time>2018-04-19T02:03:04Z</time>
<extensions>
<gpx10:speed>0.9560606</gpx10:speed></extensions></trkpt>
<trkpt lat="37.5610994" lon="126.7096278"><ele>99.80752</ele><time>2018-04-19T02:03:13Z</time>
<extensions>
<gpx10:speed>0.8795953</gpx10:speed></extensions></trkpt>
<trkpt lat="37.5610025" lon="126.7096391"><ele>100.14823</ele><time>2018-04-19T02:03:22Z</time>
<extensions>
<gpx10:speed>0.8895435</gpx10:speed></extensions></trkpt>
<trkpt lat="37.5609105" lon="126.7096582"><ele>100.551216</ele><time>2018-04-19T02:03:32Z</time>
<extensions>
<gpx10:speed>0.7786142</gpx10:speed></extensions></trkpt>
<trkpt lat="37.5608189" lon="126.7096675"><ele>100.90653</ele><time>2018-04-19T02:03:40Z</time>
<extensions>
<gpx10:speed>1.0126638</gpx10:speed></extensions></trkpt>
<trkpt lat="37.5607287" lon="126.7096829"><ele>101.40287</ele><time>2018-04-19T02:03:50Z</time>
<extensions>
<gpx10:speed>0.9351905</gpx10:speed></extensions></trkpt>
<trkpt lat="37.5606363" lon="126.7096822"><ele>101.82106</ele><time>2018-04-19T02:03:58Z</time>
<extensions>
<gpx10:speed>0.9776222</gpx10:speed></extensions></trkpt>
<trkpt lat="37.5605459" lon="126.7096654"><ele>102.40835</ele><time>2018-04-19T02:04:09Z</time>
<extensions>
<gpx10:speed>0.55111456</gpx10:speed></extensions></trkpt>
<trkpt lat="37.5604519" lon="126.7096695"><ele>102.9348</ele><time>2018-04-19T02:04:21Z</time>
<extensions>
<gpx10:speed>0.6113668</gpx10:speed></extensions></trkpt>
<trkpt lat="37.5603584" lon="126.7096769"><ele>103.43306</ele><time>2018-04-19T02:04:32Z</time>
<extensions>
<gpx10:speed>0.85124433</gpx10:speed></extensions></trkpt>
<trkpt lat="37.5602923" lon="126.7095836"><ele>103.86393</ele><time>2018-04-19T02:04:42Z</time>
<extensions>
<gpx10:speed>0.91206485</gpx10:speed></extensions></trkpt>
<trkpt lat="37.5602127" lon="126.7095241"><ele>104.32333</ele><time>2018-04-19T02:04:53Z</time>
<extensions>
<gpx10:speed>0.9634474</gpx10:speed></extensions></trkpt>
<trkpt lat="37.5601314" lon="126.7095823"><ele>105.04438</ele><time>2018-04-19T02:05:11Z</time>
<extensions>
<gpx10:speed>0.27656034</gpx10:speed></extensions></trkpt>
<trkpt lat="37.5600538" lon="126.7096522"><ele>105.34386</ele><time>2018-04-19T02:05:19Z</time>
<extensions>
<gpx10:speed>0.44797918</gpx10:speed></extensions></trkpt>
<trkpt lat="37.5599708" lon="126.7097018"><ele>105.533485</ele><time>2018-04-19T02:05:25Z</time>
<extensions>
<gpx10:speed>0.36271048</gpx10:speed></extensions></trkpt>
<trkpt lat="37.5598818" lon="126.7097367"><ele>106.06647</ele><time>2018-04-19T02:05:38Z</time>
<extensions>
<gpx10:speed>0.5488461</gpx10:speed></extensions></trkpt>
<trkpt lat="37.5597974" lon="126.7097893"><ele>106.496254</ele><time>2018-04-19T02:05:48Z</time>
<extensions>
<gpx10:speed>0.6543346</gpx10:speed></extensions></trkpt>
<trkpt lat="37.5597018" lon="126.7097994"><ele>106.87932</ele><time>2018-04-19T02:05:57Z</time>
<extensions>
<gpx10:speed>0.44842967</gpx10:speed></extensions></trkpt>
<trkpt lat="37.5596123" lon="126.7098246"><ele>107.36185</ele><time>2018-04-19T02:06:08Z</time>
<extensions>
<gpx10:speed>0.8380228</gpx10:speed></extensions></trkpt>
<trkpt lat="37.5595206" lon="126.7098043"><ele>107.802956</ele><time>2018-04-19T02:06:17Z</time>
<extensions>
<gpx10:speed>0.74706566</gpx10:speed></extensions></trkpt>
<trkpt lat="37.5594328" lon="126.7098378"><ele>108.27718</ele><time>2018-04-19T02:06:27Z</time>
<extensions>
<gpx10:speed>0.4876851</gpx10:speed></extensions></trkpt>
<trkpt lat="37.5593488" lon="126.7098859"><ele>109.13474</ele><time>2018-04-19T02:06:43Z</time>
<extensions>
<gpx10:speed>0.59224606</gpx10:speed></extensions></trkpt>
<trkpt lat="37.5592572" lon="126.709871"><ele>109.96495</ele><time>2018-04-19T02:06:57Z</time>
<extensions>
<gpx10:speed>0.6032103</gpx10:speed></extensions></trkpt>
<trkpt lat="37.5591673" lon="126.7099076"><ele>110.58891</ele><time>2018-04-19T02:07:06Z</time>
<extensions>
<gpx10:speed>0.3290827</gpx10:speed></extensions></trkpt>
<trkpt lat="37.5590722" lon="126.709934"><ele>111.88496</ele><time>2018-04-19T02:07:22Z</time>
<extensions>
<gpx10:speed>0.47313163</gpx10:speed></extensions></trkpt>
<trkpt lat="37.5589814" lon="126.7099285"><ele>113.05044</ele><time>2018-04-19T02:07:33Z</time>
<extensions>
<gpx10:speed>0.65827197</gpx10:speed></extensions></trkpt>
<trkpt lat="37.5588916" lon="126.7098958"><ele>115.23399</ele><time>2018-04-19T02:07:48Z</time>
<extensions>
<gpx10:speed>0.7763359</gpx10:speed></extensions></trkpt>
<trkpt lat="37.5587902" lon="126.7098756"><ele>116.77734</ele><time>2018-04-19T02:07:58Z</time>
<extensions>
<gpx10:speed>0.9759099</gpx10:speed></extensions></trkpt>
<trkpt lat="37.5587058" lon="126.7098312"><ele>117.911674</ele><time>2018-04-19T02:08:05Z</time>
<extensions>
<gpx10:speed>1.0001967</gpx10:speed></extensions></trkpt>
<trkpt lat="37.5586232" lon="126.7097818"><ele>119.13868</ele><time>2018-04-19T02:08:12Z</time>
<extensions>
<gpx10:speed>0.91557395</gpx10:speed></extensions></trkpt>
<trkpt lat="37.5585518" lon="126.7097061"><ele>120.86419</ele><time>2018-04-19T02:08:22Z</time>
<extensions>
<gpx10:speed>0.6990377</gpx10:speed></extensions></trkpt>
<trkpt lat="37.5584863" lon="126.7096179"><ele>122.38346</ele><time>2018-04-19T02:08:31Z</time>
<extensions>
<gpx10:speed>0.50486237</gpx10:speed></extensions></trkpt>
<trkpt lat="37.5584187" lon="126.7095259"><ele>124.01362</ele><time>2018-04-19T02:08:41Z</time>
<extensions>
<gpx10:speed>0.8447639</gpx10:speed></extensions></trkpt>
<trkpt lat="37.5583356" lon="126.7094791"><ele>125.213</ele><time>2018-04-19T02:08:49Z</time>
<extensions>
<gpx10:speed>0.8619997</gpx10:speed></extensions></trkpt>
<trkpt lat="37.5582412" lon="126.7094551"><ele>126.338936</ele><time>2018-04-19T02:08:57Z</time>
<extensions>
<gpx10:speed>0.6236179</gpx10:speed></extensions></trkpt>
<trkpt lat="37.5581569" lon="126.7094091"><ele>127.50539</ele><time>2018-04-19T02:09:06Z</time>
<extensions>
<gpx10:speed>0.7522064</gpx10:speed></extensions></trkpt>
<trkpt lat="37.5580669" lon="126.7093853"><ele>128.46944</ele><time>2018-04-19T02:09:14Z</time>
<extensions>
<gpx10:speed>0.8601511</gpx10:speed></extensions></trkpt>
<trkpt lat="37.5580002" lon="126.7092958"><ele>130.05568</ele><time>2018-04-19T02:09:27Z</time>
<extensions>
<gpx10:speed>0.63223946</gpx10:speed></extensions></trkpt>
<trkpt lat="37.5579352" lon="126.7091911"><ele>131.21806</ele><time>2018-04-19T02:09:35Z</time>
<extensions>
<gpx10:speed>0.90023404</gpx10:speed></extensions></trkpt>
<trkpt lat="37.5578763" lon="126.7091027"><ele>132.58075</ele><time>2018-04-19T02:09:44Z</time>
<extensions>
<gpx10:speed>0.72284085</gpx10:speed></extensions></trkpt>
<trkpt lat="37.5578083" lon="126.7090142"><ele>134.20885</ele><time>2018-04-19T02:09:55Z</time>
<extensions>
<gpx10:speed>0.41257444</gpx10:speed></extensions></trkpt>
<trkpt lat="37.5577253" lon="126.7089399"><ele>135.3722</ele><time>2018-04-19T02:10:04Z</time>
<extensions>
<gpx10:speed>0.80201423</gpx10:speed></extensions></trkpt>
<trkpt lat="37.5576635" lon="126.7088555"><ele>136.6501</ele><time>2018-04-19T02:10:13Z</time>
<extensions>
<gpx10:speed>0.90347475</gpx10:speed></extensions></trkpt>
<trkpt lat="37.5576014" lon="126.7087726"><ele>137.59985</ele><time>2018-04-19T02:10:20Z</time>
<extensions>
<gpx10:speed>0.8413541</gpx10:speed></extensions></trkpt>
<trkpt lat="37.5575408" lon="126.7086832"><ele>138.73878</ele><time>2018-04-19T02:10:29Z</time>
<extensions>
<gpx10:speed>0.61476016</gpx10:speed></extensions></trkpt>
<trkpt lat="37.5574733" lon="126.7085862"><ele>139.72658</ele><time>2018-04-19T02:10:37Z</time>
<extensions>
<gpx10:speed>0.82477546</gpx10:speed></extensions></trkpt>
<trkpt lat="37.5574064" lon="126.7084976"><ele>140.9603</ele><time>2018-04-19T02:10:47Z</time>
<extensions>
<gpx10:speed>0.84858173</gpx10:speed></extensions></trkpt>
<trkpt lat="37.557332" lon="126.7084219"><ele>141.76222</ele><time>2018-04-19T02:10:54Z</time>
<extensions>
<gpx10:speed>0.809838</gpx10:speed></extensions></trkpt>
<trkpt lat="37.5572449" lon="126.7083903"><ele>142.71872</ele><time>2018-04-19T02:11:03Z</time>
<extensions>
<gpx10:speed>0.8439766</gpx10:speed></extensions></trkpt>
<trkpt lat="37.5571647" lon="126.7083254"><ele>143.87842</ele><time>2018-04-19T02:11:15Z</time>
<extensions>
<gpx10:speed>0.77531034</gpx10:speed></extensions></trkpt>
<trkpt lat="37.5570842" lon="126.7082458"><ele>144.66405</ele><time>2018-04-19T02:11:25Z</time>
<extensions>
<gpx10:speed>0.81839395</gpx10:speed></extensions></trkpt>
<trkpt lat="37.5569896" lon="126.7082304"><ele>145.9345</ele><time>2018-04-19T02:11:42Z</time>
<extensions>
<gpx10:speed>0.53199077</gpx10:speed></extensions></trkpt>
<trkpt lat="37.5568972" lon="126.7082443"><ele>146.61292</ele><time>2018-04-19T02:11:52Z</time>
<extensions>
<gpx10:speed>0.8788903</gpx10:speed></extensions></trkpt>
<trkpt lat="37.556818" lon="126.7081829"><ele>147.23361</ele><time>2018-04-19T02:12:02Z</time>
<extensions>
<gpx10:speed>0.45813945</gpx10:speed></extensions></trkpt>
<trkpt lat="37.5567475" lon="126.708108"><ele>147.99731</ele><time>2018-04-19T02:12:14Z</time>
<extensions>
<gpx10:speed>0.72809666</gpx10:speed></extensions></trkpt>
<trkpt lat="37.5567056" lon="126.7080018"><ele>149.11295</ele><time>2018-04-19T02:12:30Z</time>
<extensions>
<gpx10:speed>0.46327436</gpx10:speed></extensions></trkpt>
<trkpt lat="37.5566448" lon="126.7079142"><ele>150.51231</ele><time>2018-04-19T02:12:46Z</time>
<extensions>
<gpx10:speed>0.2518052</gpx10:speed></extensions></trkpt>
<trkpt lat="37.5565644" lon="126.7078602"><ele>153.05293</ele><time>2018-04-19T02:13:12Z</time>
<extensions>
<gpx10:speed>0.27628487</gpx10:speed></extensions></trkpt>
<trkpt lat="37.5564906" lon="126.7077818"><ele>154.63345</ele><time>2018-04-19T02:13:25Z</time>
<extensions>
<gpx10:speed>0.48633468</gpx10:speed></extensions></trkpt>
<trkpt lat="37.5564591" lon="126.7076644"><ele>156.64804</ele><time>2018-04-19T02:13:44Z</time>
<extensions>
<gpx10:speed>0.5476201</gpx10:speed></extensions></trkpt>
<trkpt lat="37.5565913" lon="126.7075956"><ele>195.13484</ele><time>2018-04-19T02:18:06Z</time>
<extensions /></trkpt>
<trkpt lat="37.5564837" lon="126.7075791"><ele>195.13863</ele><time>2018-04-19T02:18:08Z</time>
<extensions>
<gpx10:speed>0.38822967</gpx10:speed></extensions></trkpt>
<trkpt lat="37.5564487" lon="126.7076901"><ele>195.28156</ele><time>2018-04-19T02:18:46Z</time>
<extensions>
<gpx10:speed>0.6254</gpx10:speed></extensions></trkpt>
<trkpt lat="37.5563567" lon="126.7075928"><ele>195.8894</ele><time>2018-04-19T02:19:38Z</time>
<extensions>
<gpx10:speed>0.9919751</gpx10:speed></extensions></trkpt>
<trkpt lat="37.5563421" lon="126.70771"><ele>200.40565</ele><time>2018-04-19T02:22:27Z</time>
<extensions>
<gpx10:speed>0.21149312</gpx10:speed></extensions></trkpt>
<trkpt lat="37.556355" lon="126.7078223"><ele>200.63217</ele><time>2018-04-19T02:22:30Z</time>
<extensions>
<gpx10:speed>0.14036845</gpx10:speed></extensions></trkpt>
<trkpt lat="37.5563452" lon="126.7077039"><ele>202.14128</ele><time>2018-04-19T02:22:40Z</time>
<extensions>
<gpx10:speed>0.3170987</gpx10:speed></extensions></trkpt>
<trkpt lat="37.5564179" lon="126.7076346"><ele>206.0899</ele><time>2018-04-19T02:25:50Z</time>
<extensions>
<gpx10:speed>0.051456988</gpx10:speed></extensions></trkpt>
<trkpt lat="37.5563235" lon="126.7075985"><ele>209.78278</ele><time>2018-04-19T02:30:38Z</time>
<extensions>
<gpx10:speed>0.8569391</gpx10:speed></extensions></trkpt>
<trkpt lat="37.5562449" lon="126.70754"><ele>210.08572</ele><time>2018-04-19T02:30:47Z</time>
<extensions>
<gpx10:speed>0.96325284</gpx10:speed></extensions></trkpt>
<trkpt lat="37.5561547" lon="126.7075173"><ele>210.3112</ele><time>2018-04-19T02:30:55Z</time>
<extensions>
<gpx10:speed>1.0637459</gpx10:speed></extensions></trkpt>
<trkpt lat="37.5560621" lon="126.7075375"><ele>210.47913</ele><time>2018-04-19T02:31:02Z</time>
<extensions>
<gpx10:speed>1.0398548</gpx10:speed></extensions></trkpt>
<trkpt lat="37.5559709" lon="126.7075712"><ele>210.66188</ele><time>2018-04-19T02:31:11Z</time>
<extensions>
<gpx10:speed>0.77217567</gpx10:speed></extensions></trkpt>
<trkpt lat="37.5558757" lon="126.7075601"><ele>210.7793</ele><time>2018-04-19T02:31:18Z</time>
<extensions>
<gpx10:speed>1.028316</gpx10:speed></extensions></trkpt>
<trkpt lat="37.5557833" lon="126.7075412"><ele>210.87991</ele><time>2018-04-19T02:31:25Z</time>
<extensions>
<gpx10:speed>0.6950799</gpx10:speed></extensions></trkpt>
<trkpt lat="37.5556864" lon="126.7075442"><ele>210.98627</ele><time>2018-04-19T02:31:34Z</time>
<extensions>
<gpx10:speed>0.831378</gpx10:speed></extensions></trkpt>
<trkpt lat="37.5555935" lon="126.7075466"><ele>211.06087</ele><time>2018-04-19T02:31:41Z</time>
<extensions>
<gpx10:speed>0.7950698</gpx10:speed></extensions></trkpt>
<trkpt lat="37.555498" lon="126.7075293"><ele>211.13834</ele><time>2018-04-19T02:31:49Z</time>
<extensions>
<gpx10:speed>0.7758075</gpx10:speed></extensions></trkpt>
<trkpt lat="37.5554054" lon="126.7074951"><ele>211.19623</ele><time>2018-04-19T02:31:55Z</time>
<extensions>
<gpx10:speed>0.8109348</gpx10:speed></extensions></trkpt>
<trkpt lat="37.5553104" lon="126.7075171"><ele>211.29831</ele><time>2018-04-19T02:32:06Z</time>
<extensions>
<gpx10:speed>0.7884303</gpx10:speed></extensions></trkpt>
<trkpt lat="37.5552209" lon="126.7075703"><ele>211.44284</ele><time>2018-04-19T02:32:22Z</time>
<extensions>
<gpx10:speed>0.8077342</gpx10:speed></extensions></trkpt>
<trkpt lat="37.5551332" lon="126.7076076"><ele>211.52013</ele><time>2018-04-19T02:32:31Z</time>
<extensions>
<gpx10:speed>0.4152789</gpx10:speed></extensions></trkpt>
<trkpt lat="37.555039" lon="126.7075736"><ele>211.59348</ele><time>2018-04-19T02:32:40Z</time>
<extensions>
<gpx10:speed>1.1953645</gpx10:speed></extensions></trkpt>
<trkpt lat="37.5549473" lon="126.707546"><ele>211.6818</ele><time>2018-04-19T02:32:51Z</time>
<extensions>
<gpx10:speed>0.83493096</gpx10:speed></extensions></trkpt>
<trkpt lat="37.554851" lon="126.707518"><ele>211.78157</ele><time>2018-04-19T02:33:03Z</time>
<extensions>
<gpx10:speed>0.7270804</gpx10:speed></extensions></trkpt>
<trkpt lat="37.5547634" lon="126.707471"><ele>211.84645</ele><time>2018-04-19T02:33:10Z</time>
<extensions>
<gpx10:speed>0.8212351</gpx10:speed></extensions></trkpt>
<trkpt lat="37.5546691" lon="126.7074524"><ele>211.94241</ele><time>2018-04-19T02:33:22Z</time>
<extensions>
<gpx10:speed>0.63723767</gpx10:speed></extensions></trkpt>
<trkpt lat="37.5545893" lon="126.7073934"><ele>212.00388</ele><time>2018-04-19T02:33:31Z</time>
<extensions>
<gpx10:speed>0.68532735</gpx10:speed></extensions></trkpt>
<trkpt lat="37.5545062" lon="126.7073355"><ele>212.05348</ele><time>2018-04-19T02:33:41Z</time>
<extensions>
<gpx10:speed>0.91364634</gpx10:speed></extensions></trkpt>
<trkpt lat="37.5544328" lon="126.707256"><ele>212.0797</ele><time>2018-04-19T02:33:48Z</time>
<extensions>
<gpx10:speed>0.98097074</gpx10:speed></extensions></trkpt>
<trkpt lat="37.5543579" lon="126.7071886"><ele>212.09358</ele><time>2018-04-19T02:33:56Z</time>
<extensions>
<gpx10:speed>0.9807176</gpx10:speed></extensions></trkpt>
<trkpt lat="37.5542707" lon="126.7071422"><ele>212.10858</ele><time>2018-04-19T02:34:05Z</time>
<extensions>
<gpx10:speed>0.93051237</gpx10:speed></extensions></trkpt>
<trkpt lat="37.5541736" lon="126.707139"><ele>212.11151</ele><time>2018-04-19T02:34:15Z</time>
<extensions>
<gpx10:speed>0.90830934</gpx10:speed></extensions></trkpt>
<trkpt lat="37.5540775" lon="126.707155"><ele>212.10844</ele><time>2018-04-19T02:34:23Z</time>
<extensions>
<gpx10:speed>0.95722437</gpx10:speed></extensions></trkpt>
<trkpt lat="37.5539863" lon="126.7071875"><ele>212.10678</ele><time>2018-04-19T02:34:31Z</time>
<extensions>
<gpx10:speed>0.88774395</gpx10:speed></extensions></trkpt>
<trkpt lat="37.5538962" lon="126.7072238"><ele>212.10057</ele><time>2018-04-19T02:34:40Z</time>
<extensions>
<gpx10:speed>0.99738437</gpx10:speed></extensions></trkpt>
<trkpt lat="37.5538101" lon="126.7072765"><ele>212.0927</ele><time>2018-04-19T02:34:50Z</time>
<extensions>
<gpx10:speed>0.9173561</gpx10:speed></extensions></trkpt>
<trkpt lat="37.553719" lon="126.7073212"><ele>212.07568</ele><time>2018-04-19T02:34:58Z</time>
<extensions>
<gpx10:speed>0.87740874</gpx10:speed></extensions></trkpt>
<trkpt lat="37.553638" lon="126.7073807"><ele>212.05058</ele><time>2018-04-19T02:35:06Z</time>
<extensions>
<gpx10:speed>0.90228426</gpx10:speed></extensions></trkpt>
<trkpt lat="37.5535556" lon="126.7074355"><ele>212.02097</ele><time>2018-04-19T02:35:14Z</time>
<extensions>
<gpx10:speed>0.9259027</gpx10:speed></extensions></trkpt>
<trkpt lat="37.5534695" lon="126.7074702"><ele>211.9835</ele><time>2018-04-19T02:35:22Z</time>
<extensions>
<gpx10:speed>0.94153726</gpx10:speed></extensions></trkpt>
<trkpt lat="37.5533847" lon="126.7074037"><ele>211.90138</ele><time>2018-04-19T02:35:34Z</time>
<extensions>
<gpx10:speed>0.65956897</gpx10:speed></extensions></trkpt>
<trkpt lat="37.553293" lon="126.7073432"><ele>211.82623</ele><time>2018-04-19T02:35:45Z</time>
<extensions>
<gpx10:speed>0.9357948</gpx10:speed></extensions></trkpt>
<trkpt lat="37.5532268" lon="126.7072572"><ele>211.75833</ele><time>2018-04-19T02:35:55Z</time>
<extensions>
<gpx10:speed>0.8339538</gpx10:speed></extensions></trkpt>
<trkpt lat="37.5531653" lon="126.7071618"><ele>211.68274</ele><time>2018-04-19T02:36:05Z</time>
<extensions>
<gpx10:speed>0.7550985</gpx10:speed></extensions></trkpt>
<trkpt lat="37.5531218" lon="126.7070465"><ele>211.6086</ele><time>2018-04-19T02:36:13Z</time>
<extensions>
<gpx10:speed>0.8341952</gpx10:speed></extensions></trkpt>
<trkpt lat="37.5531246" lon="126.7069282"><ele>211.57153</ele><time>2018-04-19T02:36:17Z</time>
<extensions>
<gpx10:speed>0.85282826</gpx10:speed></extensions></trkpt>
<trkpt lat="37.5530641" lon="126.7068366"><ele>211.46109</ele><time>2018-04-19T02:36:31Z</time>
<extensions>
<gpx10:speed>0.74884206</gpx10:speed></extensions></trkpt>
<trkpt lat="37.5529696" lon="126.706819"><ele>211.39429</ele><time>2018-04-19T02:36:40Z</time>
<extensions>
<gpx10:speed>0.8088997</gpx10:speed></extensions></trkpt>
<trkpt lat="37.5529001" lon="126.7067258"><ele>211.32698</ele><time>2018-04-19T02:36:50Z</time>
<extensions>
<gpx10:speed>0.84533954</gpx10:speed></extensions></trkpt>
<trkpt lat="37.5528198" lon="126.706671"><ele>211.27475</ele><time>2018-04-19T02:37:00Z</time>
<extensions>
<gpx10:speed>0.7848575</gpx10:speed></extensions></trkpt>
<trkpt lat="37.5527384" lon="126.7066204"><ele>211.25378</ele><time>2018-04-19T02:37:06Z</time>
<extensions>
<gpx10:speed>0.86347455</gpx10:speed></extensions></trkpt>
<trkpt lat="37.5526531" lon="126.70658"><ele>211.2361</ele><time>2018-04-19T02:37:16Z</time>
<extensions>
<gpx10:speed>1.0334897</gpx10:speed></extensions></trkpt>
<trkpt lat="37.5525596" lon="126.7065652"><ele>211.2369</ele><time>2018-04-19T02:37:24Z</time>
<extensions>
<gpx10:speed>1.0375781</gpx10:speed></extensions></trkpt>
<trkpt lat="37.5524673" lon="126.7065781"><ele>211.24117</ele><time>2018-04-19T02:37:34Z</time>
<extensions>
<gpx10:speed>1.051268</gpx10:speed></extensions></trkpt>
<trkpt lat="37.5523793" lon="126.7066128"><ele>211.24445</ele><time>2018-04-19T02:37:43Z</time>
<extensions>
<gpx10:speed>1.070733</gpx10:speed></extensions></trkpt>
<trkpt lat="37.5522793" lon="126.7066213"><ele>211.25398</ele><time>2018-04-19T02:37:56Z</time>
<extensions>
<gpx10:speed>0.92303306</gpx10:speed></extensions></trkpt>
<trkpt lat="37.5521832" lon="126.7065974"><ele>211.26447</ele><time>2018-04-19T02:38:04Z</time>
<extensions>
<gpx10:speed>0.94456846</gpx10:speed></extensions></trkpt>
<trkpt lat="37.5520856" lon="126.7065734"><ele>211.30972</ele><time>2018-04-19T02:38:16Z</time>
<extensions>
<gpx10:speed>0.9997131</gpx10:speed></extensions></trkpt>
<trkpt lat="37.5519924" lon="126.7065909"><ele>211.37802</ele><time>2018-04-19T02:38:25Z</time>
<extensions>
<gpx10:speed>0.9805772</gpx10:speed></extensions></trkpt>
<trkpt lat="37.5519013" lon="126.706558"><ele>211.47621</ele><time>2018-04-19T02:38:33Z</time>
<extensions>
<gpx10:speed>0.8919892</gpx10:speed></extensions></trkpt>
<trkpt lat="37.551808" lon="126.7065362"><ele>211.61163</ele><time>2018-04-19T02:38:44Z</time>
<extensions>
<gpx10:speed>1.013582</gpx10:speed></extensions></trkpt>
<trkpt lat="37.5517157" lon="126.7065033"><ele>211.77658</ele><time>2018-04-19T02:38:58Z</time>
<extensions>
<gpx10:speed>0.73260814</gpx10:speed></extensions></trkpt>
<trkpt lat="37.5516259" lon="126.7064655"><ele>211.85742</ele><time>2018-04-19T02:39:06Z</time>
<extensions>
<gpx10:speed>0.84861106</gpx10:speed></extensions></trkpt>
<trkpt lat="37.5515427" lon="126.706411"><ele>211.96133</ele><time>2018-04-19T02:39:17Z</time>
<extensions>
<gpx10:speed>0.93827736</gpx10:speed></extensions></trkpt>
<trkpt lat="37.5514633" lon="126.7063285"><ele>212.03922</ele><time>2018-04-19T02:39:26Z</time>
<extensions>
<gpx10:speed>0.89533705</gpx10:speed></extensions></trkpt>
<trkpt lat="37.5513795" lon="126.7062642"><ele>212.1137</ele><time>2018-04-19T02:39:35Z</time>
<extensions>
<gpx10:speed>0.6455538</gpx10:speed></extensions></trkpt>
<trkpt lat="37.5512876" lon="126.7062659"><ele>212.18622</ele><time>2018-04-19T02:39:44Z</time>
<extensions>
<gpx10:speed>0.7624883</gpx10:speed></extensions></trkpt>
<trkpt lat="37.5511919" lon="126.7062729"><ele>212.25769</ele><time>2018-04-19T02:39:54Z</time>
<extensions>
<gpx10:speed>0.7416068</gpx10:speed></extensions></trkpt>
<trkpt lat="37.5511087" lon="126.7063281"><ele>212.3143</ele><time>2018-04-19T02:40:04Z</time>
<extensions>
<gpx10:speed>0.84370905</gpx10:speed></extensions></trkpt>
<trkpt lat="37.5510223" lon="126.7063888"><ele>212.34955</ele><time>2018-04-19T02:40:11Z</time>
<extensions>
<gpx10:speed>1.0847356</gpx10:speed></extensions></trkpt>
<trkpt lat="37.5509314" lon="126.7064354"><ele>212.38632</ele><time>2018-04-19T02:40:19Z</time>
<extensions>
<gpx10:speed>0.95852876</gpx10:speed></extensions></trkpt>
<trkpt lat="37.5508345" lon="126.7064254"><ele>212.43527</ele><time>2018-04-19T02:40:29Z</time>
<extensions>
<gpx10:speed>1.0090207</gpx10:speed></extensions></trkpt>
<trkpt lat="37.5507349" lon="126.7064262"><ele>212.48216</ele><time>2018-04-19T02:40:38Z</time>
<extensions>
<gpx10:speed>1.0197326</gpx10:speed></extensions></trkpt>
<trkpt lat="37.5506446" lon="126.7064478"><ele>212.51474</ele><time>2018-04-19T02:40:47Z</time>
<extensions>
<gpx10:speed>1.0183835</gpx10:speed></extensions></trkpt>
<trkpt lat="37.550548" lon="126.7064483"><ele>212.53084</ele><time>2018-04-19T02:40:56Z</time>
<extensions>
<gpx10:speed>1.0462754</gpx10:speed></extensions></trkpt>
<trkpt lat="37.55045" lon="126.7064729"><ele>212.5218</ele><time>2018-04-19T02:41:06Z</time>
<extensions>
<gpx10:speed>0.8832349</gpx10:speed></extensions></trkpt>
<trkpt lat="37.5503573" lon="126.7064457"><ele>212.46368</ele><time>2018-04-19T02:41:19Z</time>
<extensions>
<gpx10:speed>0.54270595</gpx10:speed></extensions></trkpt>
<trkpt lat="37.5502694" lon="126.706493"><ele>212.37907</ele><time>2018-04-19T02:41:32Z</time>
<extensions>
<gpx10:speed>0.7843816</gpx10:speed></extensions></trkpt>
<trkpt lat="37.5502099" lon="126.7065805"><ele>212.29608</ele><time>2018-04-19T02:41:43Z</time>
<extensions>
<gpx10:speed>0.7143717</gpx10:speed></extensions></trkpt>
<trkpt lat="37.5501579" lon="126.7066806"><ele>212.16676</ele><time>2018-04-19T02:42:05Z</time>
<extensions>
<gpx10:speed>0.56781167</gpx10:speed></extensions></trkpt>
<trkpt lat="37.5501127" lon="126.7067877"><ele>212.11461</ele><time>2018-04-19T02:42:13Z</time>
<extensions>
<gpx10:speed>0.94180614</gpx10:speed></extensions></trkpt>
<trkpt lat="37.5500681" lon="126.7068891"><ele>212.01942</ele><time>2018-04-19T02:42:24Z</time>
<extensions>
<gpx10:speed>0.60116476</gpx10:speed></extensions></trkpt>
<trkpt lat="37.5499741" lon="126.7068676"><ele>211.86943</ele><time>2018-04-19T02:42:35Z</time>
<extensions>
<gpx10:speed>0.8097444</gpx10:speed></extensions></trkpt>
<trkpt lat="37.5498733" lon="126.7068617"><ele>211.70831</ele><time>2018-04-19T02:42:46Z</time>
<extensions>
<gpx10:speed>0.5971289</gpx10:speed></extensions></trkpt>
<trkpt lat="37.5497805" lon="126.7068407"><ele>211.51248</ele><time>2018-04-19T02:42:57Z</time>
<extensions>
<gpx10:speed>1.0719615</gpx10:speed></extensions></trkpt>
<trkpt lat="37.5496795" lon="126.7068427"><ele>211.27612</ele><time>2018-04-19T02:43:08Z</time>
<extensions>
<gpx10:speed>0.81054664</gpx10:speed></extensions></trkpt>
<trkpt lat="37.5495848" lon="126.7068322"><ele>211.09616</ele><time>2018-04-19T02:43:16Z</time>
<extensions>
<gpx10:speed>0.85846496</gpx10:speed></extensions></trkpt>
<trkpt lat="37.5494911" lon="126.7068296"><ele>210.89984</ele><time>2018-04-19T02:43:25Z</time>
<extensions>
<gpx10:speed>0.9103056</gpx10:speed></extensions></trkpt>
<trkpt lat="37.5494007" lon="126.7068266"><ele>210.74387</ele><time>2018-04-19T02:43:32Z</time>
<extensions>
<gpx10:speed>1.0098665</gpx10:speed></extensions></trkpt>
<trkpt lat="37.5493084" lon="126.7068018"><ele>210.55344</ele><time>2018-04-19T02:43:40Z</time>
<extensions>
<gpx10:speed>1.33795</gpx10:speed></extensions></trkpt>
<trkpt lat="37.5492134" lon="126.7068128"><ele>210.37437</ele><time>2018-04-19T02:43:48Z</time>
<extensions>
<gpx10:speed>1.0977385</gpx10:speed></extensions></trkpt>
<trkpt lat="37.5491204" lon="126.7068171"><ele>210.22961</ele><time>2018-04-19T02:43:55Z</time>
<extensions>
<gpx10:speed>1.2652047</gpx10:speed></extensions></trkpt>
<trkpt lat="37.5490227" lon="126.7068252"><ele>210.06514</ele><time>2018-04-19T02:44:03Z</time>
<extensions>
<gpx10:speed>1.2662112</gpx10:speed></extensions></trkpt>
<trkpt lat="37.5489263" lon="126.7068247"><ele>209.88307</ele><time>2018-04-19T02:44:12Z</time>
<extensions>
<gpx10:speed>1.228898</gpx10:speed></extensions></trkpt>
<trkpt lat="37.5488262" lon="126.7068232"><ele>209.70767</ele><time>2018-04-19T02:44:21Z</time>
<extensions>
<gpx10:speed>1.0702995</gpx10:speed></extensions></trkpt>
<trkpt lat="37.5487268" lon="126.7068458"><ele>209.57803</ele><time>2018-04-19T02:44:28Z</time>
<extensions>
<gpx10:speed>1.1384106</gpx10:speed></extensions></trkpt>
<trkpt lat="37.5486386" lon="126.7068778"><ele>209.45145</ele><time>2018-04-19T02:44:36Z</time>
<extensions>
<gpx10:speed>0.052855678</gpx10:speed></extensions></trkpt>
<trkpt lat="37.5485969" lon="126.7069791"><ele>209.27075</ele><time>2018-04-19T02:44:46Z</time>
<extensions>
<gpx10:speed>0.93704283</gpx10:speed></extensions></trkpt>
<trkpt lat="37.5485334" lon="126.7070629"><ele>209.02818</ele><time>2018-04-19T02:45:00Z</time>
<extensions>
<gpx10:speed>0.8432934</gpx10:speed></extensions></trkpt>
<trkpt lat="37.5484424" lon="126.7071131"><ele>208.85823</ele><time>2018-04-19T02:45:10Z</time>
<extensions>
<gpx10:speed>0.8397805</gpx10:speed></extensions></trkpt>
<trkpt lat="37.548416" lon="126.7072276"><ele>208.66983</ele><time>2018-04-19T02:45:21Z</time>
<extensions>
<gpx10:speed>0.5724649</gpx10:speed></extensions></trkpt>
<trkpt lat="37.5483802" lon="126.7073339"><ele>208.53694</ele><time>2018-04-19T02:45:29Z</time>
<extensions>
<gpx10:speed>0.7385039</gpx10:speed></extensions></trkpt>
<trkpt lat="37.5483344" lon="126.7074455"><ele>208.38387</ele><time>2018-04-19T02:45:39Z</time>
<extensions>
<gpx10:speed>0.523252</gpx10:speed></extensions></trkpt>
<trkpt lat="37.5482557" lon="126.7075032"><ele>208.2487</ele><time>2018-04-19T02:45:47Z</time>
<extensions>
<gpx10:speed>0.40689197</gpx10:speed></extensions></trkpt>
<trkpt lat="37.5481921" lon="126.7076011"><ele>208.11496</ele><time>2018-04-19T02:45:55Z</time>
<extensions>
<gpx10:speed>1.086806</gpx10:speed></extensions></trkpt>
<trkpt lat="37.5481321" lon="126.7076868"><ele>207.99492</ele><time>2018-04-19T02:46:02Z</time>
<extensions>
<gpx10:speed>1.1307293</gpx10:speed></extensions></trkpt>
<trkpt lat="37.5480653" lon="126.7077745"><ele>207.87143</ele><time>2018-04-19T02:46:09Z</time>
<extensions>
<gpx10:speed>1.0150915</gpx10:speed></extensions></trkpt>
<trkpt lat="37.5479819" lon="126.7078214"><ele>207.63882</ele><time>2018-04-19T02:46:22Z</time>
<extensions>
<gpx10:speed>0.58488524</gpx10:speed></extensions></trkpt>
<trkpt lat="37.5479115" lon="126.7079022"><ele>207.44635</ele><time>2018-04-19T02:46:33Z</time>
<extensions>
<gpx10:speed>0.61529243</gpx10:speed></extensions></trkpt>
<trkpt lat="37.5478497" lon="126.7079882"><ele>207.27586</ele><time>2018-04-19T02:46:42Z</time>
<extensions>
<gpx10:speed>1.0073017</gpx10:speed></extensions></trkpt>
<trkpt lat="37.5477924" lon="126.7080965"><ele>207.1091</ele><time>2018-04-19T02:46:51Z</time>
<extensions>
<gpx10:speed>1.2899752</gpx10:speed></extensions></trkpt>
<trkpt lat="37.5477859" lon="126.7082229"><ele>206.92372</ele><time>2018-04-19T02:47:01Z</time>
<extensions>
<gpx10:speed>1.0311438</gpx10:speed></extensions></trkpt>
<trkpt lat="37.5477884" lon="126.7083408"><ele>206.75069</ele><time>2018-04-19T02:47:10Z</time>
<extensions>
<gpx10:speed>0.9401777</gpx10:speed></extensions></trkpt>
<trkpt lat="37.5477871" lon="126.7084648"><ele>206.58289</ele><time>2018-04-19T02:47:18Z</time>
<extensions>
<gpx10:speed>1.0363587</gpx10:speed></extensions></trkpt>
<trkpt lat="37.547729" lon="126.7085554"><ele>206.43024</ele><time>2018-04-19T02:47:25Z</time>
<extensions>
<gpx10:speed>1.079911</gpx10:speed></extensions></trkpt>
<trkpt lat="37.547654" lon="126.7086343"><ele>206.16335</ele><time>2018-04-19T02:47:36Z</time>
<extensions>
<gpx10:speed>0.6516391</gpx10:speed></extensions></trkpt>
<trkpt lat="37.5475858" lon="126.7087227"><ele>205.94221</ele><time>2018-04-19T02:47:45Z</time>
<extensions>
<gpx10:speed>0.9122126</gpx10:speed></extensions></trkpt>
<trkpt lat="37.5475664" lon="126.7088423"><ele>205.66028</ele><time>2018-04-19T02:47:57Z</time>
<extensions>
<gpx10:speed>0.78633404</gpx10:speed></extensions></trkpt>
<trkpt lat="37.5475771" lon="126.7089588"><ele>205.483</ele><time>2018-04-19T02:48:05Z</time>
<extensions>
<gpx10:speed>0.7072887</gpx10:speed></extensions></trkpt>
<trkpt lat="37.547532" lon="126.7090765"><ele>205.25209</ele><time>2018-04-19T02:48:15Z</time>
<extensions>
<gpx10:speed>0.86689514</gpx10:speed></extensions></trkpt>
<trkpt lat="37.5474725" lon="126.7091712"><ele>205.04337</ele><time>2018-04-19T02:48:23Z</time>
<extensions>
<gpx10:speed>0.86095303</gpx10:speed></extensions></trkpt>
<trkpt lat="37.5474303" lon="126.709276"><ele>204.79912</ele><time>2018-04-19T02:48:30Z</time>
<extensions>
<gpx10:speed>0.97616357</gpx10:speed></extensions></trkpt>
<trkpt lat="37.5474112" lon="126.7093936"><ele>204.43315</ele><time>2018-04-19T02:48:38Z</time>
<extensions>
<gpx10:speed>0.9641157</gpx10:speed></extensions></trkpt>
<trkpt lat="37.5473989" lon="126.7095159"><ele>203.83405</ele><time>2018-04-19T02:48:49Z</time>
<extensions>
<gpx10:speed>0.6973218</gpx10:speed></extensions></trkpt>
<trkpt lat="37.5473725" lon="126.7096312"><ele>203.31384</ele><time>2018-04-19T02:48:57Z</time>
<extensions>
<gpx10:speed>0.85830486</gpx10:speed></extensions></trkpt>
<trkpt lat="37.5473346" lon="126.7097422"><ele>202.71365</ele><time>2018-04-19T02:49:06Z</time>
<extensions>
<gpx10:speed>0.8539279</gpx10:speed></extensions></trkpt>
<trkpt lat="37.5472835" lon="126.7098474"><ele>202.14476</ele><time>2018-04-19T02:49:13Z</time>
<extensions>
<gpx10:speed>0.97229195</gpx10:speed></extensions></trkpt>
<trkpt lat="37.5472388" lon="126.7099522"><ele>201.33432</ele><time>2018-04-19T02:49:22Z</time>
<extensions>
<gpx10:speed>1.0058613</gpx10:speed></extensions></trkpt>
<trkpt lat="37.5471897" lon="126.7100556"><ele>200.55925</ele><time>2018-04-19T02:49:30Z</time>
<extensions>
<gpx10:speed>1.0451365</gpx10:speed></extensions></trkpt>
<trkpt lat="37.5471356" lon="126.7101484"><ele>199.74</ele><time>2018-04-19T02:49:38Z</time>
<extensions>
<gpx10:speed>1.0409762</gpx10:speed></extensions></trkpt>
<trkpt lat="37.5470665" lon="126.7102504"><ele>198.76341</ele><time>2018-04-19T02:49:46Z</time>
<extensions>
<gpx10:speed>1.151876</gpx10:speed></extensions></trkpt>
<trkpt lat="37.5470262" lon="126.7103564"><ele>196.95343</ele><time>2018-04-19T02:49:58Z</time>
<extensions>
<gpx10:speed>1.0114058</gpx10:speed></extensions></trkpt>
<trkpt lat="37.5469954" lon="126.7104661"><ele>195.03572</ele><time>2018-04-19T02:50:09Z</time>
<extensions>
<gpx10:speed>0.8364398</gpx10:speed></extensions></trkpt>
<trkpt lat="37.5469502" lon="126.710586"><ele>192.39629</ele><time>2018-04-19T02:50:24Z</time>
<extensions>
<gpx10:speed>0.9230533</gpx10:speed></extensions></trkpt>
<trkpt lat="37.5468894" lon="126.7106767"><ele>190.91664</ele><time>2018-04-19T02:50:32Z</time>
<extensions>
<gpx10:speed>0.68684995</gpx10:speed></extensions></trkpt>
<trkpt lat="37.5468559" lon="126.710787"><ele>189.36546</ele><time>2018-04-19T02:50:40Z</time>
<extensions>
<gpx10:speed>0.83704644</gpx10:speed></extensions></trkpt>
<trkpt lat="37.5468345" lon="126.7109068"><ele>186.77216</ele><time>2018-04-19T02:50:53Z</time>
<extensions>
<gpx10:speed>0.6475113</gpx10:speed></extensions></trkpt>
<trkpt lat="37.5468362" lon="126.711022"><ele>184.99821</ele><time>2018-04-19T02:51:02Z</time>
<extensions>
<gpx10:speed>0.7564766</gpx10:speed></extensions></trkpt>
<trkpt lat="37.5468928" lon="126.7111216"><ele>183.4157</ele><time>2018-04-19T02:51:10Z</time>
<extensions>
<gpx10:speed>0.76710856</gpx10:speed></extensions></trkpt>
<trkpt lat="37.5469065" lon="126.7112355"><ele>181.85301</ele><time>2018-04-19T02:51:18Z</time>
<extensions>
<gpx10:speed>0.7712421</gpx10:speed></extensions></trkpt>
<trkpt lat="37.5468145" lon="126.7112953"><ele>180.5473</ele><time>2018-04-19T02:51:25Z</time>
<extensions>
<gpx10:speed>1.149884</gpx10:speed></extensions></trkpt>
<trkpt lat="37.546746" lon="126.7113705"><ele>178.622</ele><time>2018-04-19T02:51:37Z</time>
<extensions>
<gpx10:speed>0.8182574</gpx10:speed></extensions></trkpt>
<trkpt lat="37.5467085" lon="126.7114974"><ele>176.21742</ele><time>2018-04-19T02:51:51Z</time>
<extensions>
<gpx10:speed>0.53714883</gpx10:speed></extensions></trkpt>
<trkpt lat="37.5466729" lon="126.7116016"><ele>174.85909</ele><time>2018-04-19T02:51:58Z</time>
<extensions>
<gpx10:speed>0.8818611</gpx10:speed></extensions></trkpt>
<trkpt lat="37.5466489" lon="126.7117276"><ele>173.58272</ele><time>2018-04-19T02:52:05Z</time>
<extensions>
<gpx10:speed>0.8847463</gpx10:speed></extensions></trkpt>
<trkpt lat="37.5465815" lon="126.711808"><ele>172.3404</ele><time>2018-04-19T02:52:12Z</time>
<extensions>
<gpx10:speed>1.013727</gpx10:speed></extensions></trkpt>
<trkpt lat="37.5464926" lon="126.711831"><ele>171.46979</ele><time>2018-04-19T02:52:17Z</time>
<extensions>
<gpx10:speed>1.07952</gpx10:speed></extensions></trkpt>
<trkpt lat="37.5464077" lon="126.7118894"><ele>169.90997</ele><time>2018-04-19T02:52:27Z</time>
<extensions>
<gpx10:speed>0.55653614</gpx10:speed></extensions></trkpt>
<trkpt lat="37.5464541" lon="126.7120006"><ele>167.94876</ele><time>2018-04-19T02:52:39Z</time>
<extensions>
<gpx10:speed>0.8144992</gpx10:speed></extensions></trkpt>
<trkpt lat="37.5464449" lon="126.7121217"><ele>165.47827</ele><time>2018-04-19T02:52:54Z</time>
<extensions>
<gpx10:speed>0.7091324</gpx10:speed></extensions></trkpt>
<trkpt lat="37.54645" lon="126.7122373"><ele>163.71382</ele><time>2018-04-19T02:53:04Z</time>
<extensions>
<gpx10:speed>0.7688545</gpx10:speed></extensions></trkpt>
<trkpt lat="37.5464734" lon="126.7123468"><ele>161.5801</ele><time>2018-04-19T02:53:18Z</time>
<extensions>
<gpx10:speed>0.5163089</gpx10:speed></extensions></trkpt>
<trkpt lat="37.5465225" lon="126.7124439"><ele>152.66138</ele><time>2018-04-19T02:54:19Z</time>
<extensions>
<gpx10:speed>0.6967814</gpx10:speed></extensions></trkpt>
<trkpt lat="37.5464776" lon="126.7125444"><ele>147.22382</ele><time>2018-04-19T02:55:23Z</time>
<extensions>
<gpx10:speed>0.6421851</gpx10:speed></extensions></trkpt>
<trkpt lat="37.5465117" lon="126.7126558"><ele>145.71852</ele><time>2018-04-19T02:55:33Z</time>
<extensions>
<gpx10:speed>0.7328545</gpx10:speed></extensions></trkpt>
<trkpt lat="37.5465459" lon="126.7127695"><ele>144.10222</ele><time>2018-04-19T02:55:45Z</time>
<extensions>
<gpx10:speed>0.6801871</gpx10:speed></extensions></trkpt>
<trkpt lat="37.5466174" lon="126.7128598"><ele>143.15884</ele><time>2018-04-19T02:55:53Z</time>
<extensions>
<gpx10:speed>0.808648</gpx10:speed></extensions></trkpt>
<trkpt lat="37.5467157" lon="126.712854"><ele>141.10416</ele><time>2018-04-19T02:56:09Z</time>
<extensions>
<gpx10:speed>0.7282783</gpx10:speed></extensions></trkpt>
<trkpt lat="37.5468078" lon="126.7128134"><ele>138.9857</ele><time>2018-04-19T02:56:27Z</time>
<extensions>
<gpx10:speed>0.6849006</gpx10:speed></extensions></trkpt>
<trkpt lat="37.5468599" lon="126.7129072"><ele>138.13455</ele><time>2018-04-19T02:56:35Z</time>
<extensions>
<gpx10:speed>0.7612826</gpx10:speed></extensions></trkpt>
<trkpt lat="37.5468669" lon="126.7130339"><ele>137.17693</ele><time>2018-04-19T02:56:43Z</time>
<extensions>
<gpx10:speed>0.8791592</gpx10:speed></extensions></trkpt>
<trkpt lat="37.546959" lon="126.7130616"><ele>135.38004</ele><time>2018-04-19T02:56:59Z</time>
<extensions>
<gpx10:speed>0.4257645</gpx10:speed></extensions></trkpt>
<trkpt lat="37.5470474" lon="126.7130382"><ele>133.88638</ele><time>2018-04-19T02:57:18Z</time>
<extensions>
<gpx10:speed>0.82591087</gpx10:speed></extensions></trkpt>
<trkpt lat="37.5471115" lon="126.7129477"><ele>133.28517</ele><time>2018-04-19T02:57:29Z</time>
<extensions>
<gpx10:speed>0.7581318</gpx10:speed></extensions></trkpt>
<trkpt lat="37.5471516" lon="126.7128384"><ele>132.8244</ele><time>2018-04-19T02:57:39Z</time>
<extensions>
<gpx10:speed>0.8859111</gpx10:speed></extensions></trkpt>
<trkpt lat="37.5471927" lon="126.7129487"><ele>132.18248</ele><time>2018-04-19T02:57:58Z</time>
<extensions>
<gpx10:speed>0.88895774</gpx10:speed></extensions></trkpt>
<trkpt lat="37.5472552" lon="126.7130393"><ele>131.86339</ele><time>2018-04-19T02:58:11Z</time>
<extensions>
<gpx10:speed>0.744257</gpx10:speed></extensions></trkpt>
<trkpt lat="37.5473493" lon="126.7130324"><ele>131.54822</ele><time>2018-04-19T03:00:47Z</time>
<extensions>
<gpx10:speed>0.24843442</gpx10:speed></extensions></trkpt>
<trkpt lat="37.5472626" lon="126.7130689"><ele>132.01277</ele><time>2018-04-19T03:02:40Z</time>
<extensions>
<gpx10:speed>0.38573703</gpx10:speed></extensions></trkpt>
<trkpt lat="37.5471777" lon="126.7131132"><ele>132.2231</ele><time>2018-04-19T03:03:14Z</time>
<extensions>
<gpx10:speed>0.3183089</gpx10:speed></extensions></trkpt>
<trkpt lat="37.5472646" lon="126.7130818"><ele>133.76247</ele><time>2018-04-19T03:08:08Z</time>
<extensions>
<gpx10:speed>0.036799777</gpx10:speed></extensions></trkpt>
<trkpt lat="37.5471739" lon="126.7130432"><ele>134.15823</ele><time>2018-04-19T03:35:27Z</time>
<extensions>
<gpx10:speed>0.8688992</gpx10:speed></extensions></trkpt>
<trkpt lat="37.5471685" lon="126.7129301"><ele>134.1646</ele><time>2018-04-19T03:35:35Z</time>
<extensions>
<gpx10:speed>0.9511083</gpx10:speed></extensions></trkpt>
<trkpt lat="37.5471583" lon="126.7128157"><ele>134.17952</ele><time>2018-04-19T03:35:45Z</time>
<extensions>
<gpx10:speed>0.8950709</gpx10:speed></extensions></trkpt>
<trkpt lat="37.5471168" lon="126.7129179"><ele>134.18495</ele><time>2018-04-19T03:35:57Z</time>
<extensions>
<gpx10:speed>1.102344</gpx10:speed></extensions></trkpt>
<trkpt lat="37.5470982" lon="126.7130415"><ele>134.1865</ele><time>2018-04-19T03:36:05Z</time>
<extensions>
<gpx10:speed>1.0849428</gpx10:speed></extensions></trkpt>
<trkpt lat="37.5470144" lon="126.7130929"><ele>134.17651</ele><time>2018-04-19T03:36:14Z</time>
<extensions>
<gpx10:speed>1.1262405</gpx10:speed></extensions></trkpt>
<trkpt lat="37.5469193" lon="126.7130799"><ele>134.17467</ele><time>2018-04-19T03:36:30Z</time>
<extensions>
<gpx10:speed>0.7206372</gpx10:speed></extensions></trkpt>
<trkpt lat="37.5468982" lon="126.7131909"><ele>134.14241</ele><time>2018-04-19T03:36:46Z</time>
<extensions>
<gpx10:speed>0.9345094</gpx10:speed></extensions></trkpt>
<trkpt lat="37.5469139" lon="126.7133126"><ele>134.11697</ele><time>2018-04-19T03:36:53Z</time>
<extensions>
<gpx10:speed>1.1062795</gpx10:speed></extensions></trkpt>
<trkpt lat="37.5469183" lon="126.7134323"><ele>134.07706</ele><time>2018-04-19T03:37:02Z</time>
<extensions>
<gpx10:speed>1.1813285</gpx10:speed></extensions></trkpt>
<trkpt lat="37.5469123" lon="126.713569"><ele>134.04276</ele><time>2018-04-19T03:37:10Z</time>
<extensions>
<gpx10:speed>1.1472055</gpx10:speed></extensions></trkpt>
<trkpt lat="37.5469116" lon="126.7136838"><ele>134.00777</ele><time>2018-04-19T03:37:17Z</time>
<extensions>
<gpx10:speed>1.1903313</gpx10:speed></extensions></trkpt>
<trkpt lat="37.546917" lon="126.7138039"><ele>133.93369</ele><time>2018-04-19T03:37:29Z</time>
<extensions>
<gpx10:speed>0.6485245</gpx10:speed></extensions></trkpt>
<trkpt lat="37.5469501" lon="126.7139189"><ele>133.83475</ele><time>2018-04-19T03:37:40Z</time>
<extensions>
<gpx10:speed>0.71960825</gpx10:speed></extensions></trkpt>
<trkpt lat="37.5470114" lon="126.7140165"><ele>133.76631</ele><time>2018-04-19T03:37:47Z</time>
<extensions>
<gpx10:speed>0.90160996</gpx10:speed></extensions></trkpt>
<trkpt lat="37.5470585" lon="126.7141224"><ele>133.66438</ele><time>2018-04-19T03:37:57Z</time>
<extensions>
<gpx10:speed>0.90740156</gpx10:speed></extensions></trkpt>
<trkpt lat="37.5471189" lon="126.7142139"><ele>133.5649</ele><time>2018-04-19T03:38:06Z</time>
<extensions>
<gpx10:speed>0.52987003</gpx10:speed></extensions></trkpt>
<trkpt lat="37.5471827" lon="126.7143009"><ele>133.46918</ele><time>2018-04-19T03:38:15Z</time>
<extensions>
<gpx10:speed>0.943934</gpx10:speed></extensions></trkpt>
<trkpt lat="37.5472567" lon="126.7143746"><ele>133.38017</ele><time>2018-04-19T03:38:24Z</time>
<extensions>
<gpx10:speed>0.9103061</gpx10:speed></extensions></trkpt>
<trkpt lat="37.5473303" lon="126.7144448"><ele>133.2902</ele><time>2018-04-19T03:38:35Z</time>
<extensions>
<gpx10:speed>0.7879417</gpx10:speed></extensions></trkpt>
<trkpt lat="37.5474255" lon="126.7144814"><ele>133.22801</ele><time>2018-04-19T03:38:44Z</time>
<extensions>
<gpx10:speed>0.88708496</gpx10:speed></extensions></trkpt>
<trkpt lat="37.547514" lon="126.7145338"><ele>133.1824</ele><time>2018-04-19T03:38:54Z</time>
<extensions>
<gpx10:speed>0.6290878</gpx10:speed></extensions></trkpt>
<trkpt lat="37.5475742" lon="126.7146323"><ele>133.1876</ele><time>2018-04-19T03:39:06Z</time>
<extensions>
<gpx10:speed>0.82030696</gpx10:speed></extensions></trkpt>
<trkpt lat="37.5476349" lon="126.7147316"><ele>133.21689</ele><time>2018-04-19T03:39:15Z</time>
<extensions>
<gpx10:speed>0.74661624</gpx10:speed></extensions></trkpt>
<trkpt lat="37.547672" lon="126.7148385"><ele>133.25072</ele><time>2018-04-19T03:39:22Z</time>
<extensions>
<gpx10:speed>0.754724</gpx10:speed></extensions></trkpt>
<trkpt lat="37.5477249" lon="126.714946"><ele>133.31343</ele><time>2018-04-19T03:39:34Z</time>
<extensions>
<gpx10:speed>0.46612537</gpx10:speed></extensions></trkpt>
<trkpt lat="37.5477649" lon="126.7150584"><ele>133.36742</ele><time>2018-04-19T03:39:44Z</time>
<extensions>
<gpx10:speed>0.65344214</gpx10:speed></extensions></trkpt>
<trkpt lat="37.5477997" lon="126.7151719"><ele>133.4231</ele><time>2018-04-19T03:39:53Z</time>
<extensions>
<gpx10:speed>0.97542506</gpx10:speed></extensions></trkpt>
<trkpt lat="37.5478179" lon="126.7152986"><ele>133.47903</ele><time>2018-04-19T03:40:01Z</time>
<extensions>
<gpx10:speed>1.0813279</gpx10:speed></extensions></trkpt>
<trkpt lat="37.547829" lon="126.7154261"><ele>133.53952</ele><time>2018-04-19T03:40:09Z</time>
<extensions>
<gpx10:speed>1.142066</gpx10:speed></extensions></trkpt>
<trkpt lat="37.547839" lon="126.71554"><ele>133.59866</ele><time>2018-04-19T03:40:17Z</time>
<extensions>
<gpx10:speed>1.2532042</gpx10:speed></extensions></trkpt>
<trkpt lat="37.5478342" lon="126.715665"><ele>133.65471</ele><time>2018-04-19T03:40:25Z</time>
<extensions>
<gpx10:speed>1.2490978</gpx10:speed></extensions></trkpt>
<trkpt lat="37.5478245" lon="126.7157876"><ele>133.72217</ele><time>2018-04-19T03:40:36Z</time>
<extensions>
<gpx10:speed>0.6849301</gpx10:speed></extensions></trkpt>
<trkpt lat="37.5478243" lon="126.715908"><ele>133.77971</ele><time>2018-04-19T03:40:45Z</time>
<extensions>
<gpx10:speed>0.75129026</gpx10:speed></extensions></trkpt>
<trkpt lat="37.5478054" lon="126.7160239"><ele>133.84677</ele><time>2018-04-19T03:40:56Z</time>
<extensions>
<gpx10:speed>0.83196235</gpx10:speed></extensions></trkpt>
<trkpt lat="37.5477814" lon="126.7161335"><ele>133.89014</ele><time>2018-04-19T03:41:03Z</time>
<extensions>
<gpx10:speed>0.9087182</gpx10:speed></extensions></trkpt>
<trkpt lat="37.5477685" lon="126.7162623"><ele>133.92845</ele><time>2018-04-19T03:41:10Z</time>
<extensions>
<gpx10:speed>0.9830137</gpx10:speed></extensions></trkpt>
<trkpt lat="37.5477603" lon="126.7163822"><ele>133.9683</ele><time>2018-04-19T03:41:19Z</time>
<extensions>
<gpx10:speed>0.98603237</gpx10:speed></extensions></trkpt>
<trkpt lat="37.5477516" lon="126.7164976"><ele>133.99495</ele><time>2018-04-19T03:41:27Z</time>
<extensions>
<gpx10:speed>0.9164282</gpx10:speed></extensions></trkpt>
<trkpt lat="37.5477528" lon="126.7166225"><ele>134.01472</ele><time>2018-04-19T03:41:36Z</time>
<extensions>
<gpx10:speed>0.7503865</gpx10:speed></extensions></trkpt>
<trkpt lat="37.5477474" lon="126.7167389"><ele>134.02057</ele><time>2018-04-19T03:41:44Z</time>
<extensions>
<gpx10:speed>0.88869804</gpx10:speed></extensions></trkpt>
<trkpt lat="37.5477557" lon="126.7168527"><ele>134.02353</ele><time>2018-04-19T03:41:52Z</time>
<extensions>
<gpx10:speed>0.94695747</gpx10:speed></extensions></trkpt>
<trkpt lat="37.5477637" lon="126.7169733"><ele>134.01888</ele><time>2018-04-19T03:42:01Z</time>
<extensions>
<gpx10:speed>0.82795674</gpx10:speed></extensions></trkpt>
<trkpt lat="37.5477506" lon="126.7170884"><ele>134.01308</ele><time>2018-04-19T03:42:21Z</time>
<extensions>
<gpx10:speed>0.43425325</gpx10:speed></extensions></trkpt>
<trkpt lat="37.5476538" lon="126.7171368"><ele>134.0088</ele><time>2018-04-19T03:42:30Z</time>
<extensions>
<gpx10:speed>0.48667008</gpx10:speed></extensions></trkpt>
<trkpt lat="37.5475662" lon="126.7171702"><ele>133.99731</ele><time>2018-04-19T03:42:39Z</time>
<extensions>
<gpx10:speed>0.6202756</gpx10:speed></extensions></trkpt>
<trkpt lat="37.5474772" lon="126.7172087"><ele>133.9773</ele><time>2018-04-19T03:42:47Z</time>
<extensions>
<gpx10:speed>0.7289126</gpx10:speed></extensions></trkpt>
<trkpt lat="37.54739" lon="126.7171732"><ele>133.9274</ele><time>2018-04-19T03:43:00Z</time>
<extensions>
<gpx10:speed>0.5372008</gpx10:speed></extensions></trkpt>
<trkpt lat="37.5472964" lon="126.7172094"><ele>133.86397</ele><time>2018-04-19T03:43:08Z</time>
<extensions>
<gpx10:speed>0.5690733</gpx10:speed></extensions></trkpt>
<trkpt lat="37.5473165" lon="126.7173298"><ele>133.70622</ele><time>2018-04-19T03:43:23Z</time>
<extensions>
<gpx10:speed>0.77337414</gpx10:speed></extensions></trkpt>
<trkpt lat="37.5473808" lon="126.7174375"><ele>133.6557</ele><time>2018-04-19T03:43:28Z</time>
<extensions>
<gpx10:speed>0.58628386</gpx10:speed></extensions></trkpt>
<trkpt lat="37.5473974" lon="126.7175563"><ele>133.58026</ele><time>2018-04-19T03:43:37Z</time>
<extensions>
<gpx10:speed>0.78142565</gpx10:speed></extensions></trkpt>
<trkpt lat="37.5473714" lon="126.7176671"><ele>133.50514</ele><time>2018-04-19T03:43:45Z</time>
<extensions>
<gpx10:speed>0.6533678</gpx10:speed></extensions></trkpt>
<trkpt lat="37.5473452" lon="126.7177794"><ele>133.39781</ele><time>2018-04-19T03:43:55Z</time>
<extensions>
<gpx10:speed>0.7504119</gpx10:speed></extensions></trkpt>
<trkpt lat="37.5473417" lon="126.7179"><ele>133.31375</ele><time>2018-04-19T03:44:04Z</time>
<extensions>
<gpx10:speed>0.78783065</gpx10:speed></extensions></trkpt>
<trkpt lat="37.5472531" lon="126.7179417"><ele>133.20702</ele><time>2018-04-19T03:44:17Z</time>
<extensions>
<gpx10:speed>0.78778154</gpx10:speed></extensions></trkpt>
<trkpt lat="37.5471646" lon="126.7180007"><ele>133.12549</ele><time>2018-04-19T03:44:28Z</time>
<extensions>
<gpx10:speed>0.6226043</gpx10:speed></extensions></trkpt>
<trkpt lat="37.5470784" lon="126.7180404"><ele>133.0586</ele><time>2018-04-19T03:44:37Z</time>
<extensions>
<gpx10:speed>0.34369925</gpx10:speed></extensions></trkpt>
<trkpt lat="37.5470307" lon="126.7181529"><ele>132.92099</ele><time>2018-04-19T03:44:53Z</time>
<extensions>
<gpx10:speed>0.6635202</gpx10:speed></extensions></trkpt>
<trkpt lat="37.5469378" lon="126.7181423"><ele>132.7902</ele><time>2018-04-19T03:45:07Z</time>
<extensions>
<gpx10:speed>0.9128379</gpx10:speed></extensions></trkpt>
<trkpt lat="37.5468488" lon="126.7181674"><ele>132.71124</ele><time>2018-04-19T03:45:17Z</time>
<extensions>
<gpx10:speed>0.51892155</gpx10:speed></extensions></trkpt>
<trkpt lat="37.5467724" lon="126.7182301"><ele>132.59811</ele><time>2018-04-19T03:45:30Z</time>
<extensions>
<gpx10:speed>0.81786555</gpx10:speed></extensions></trkpt>
<trkpt lat="37.5466742" lon="126.7182526"><ele>132.56384</ele><time>2018-04-19T03:45:34Z</time>
<extensions>
<gpx10:speed>0.947246</gpx10:speed></extensions></trkpt>
<trkpt lat="37.5465926" lon="126.7183055"><ele>132.50533</ele><time>2018-04-19T03:45:41Z</time>
<extensions>
<gpx10:speed>0.39794052</gpx10:speed></extensions></trkpt>
<trkpt lat="37.5465492" lon="126.7184214"><ele>132.39397</ele><time>2018-04-19T03:45:54Z</time>
<extensions>
<gpx10:speed>0.87769586</gpx10:speed></extensions></trkpt>
<trkpt lat="37.5465983" lon="126.7185263"><ele>132.31114</ele><time>2018-04-19T03:46:04Z</time>
<extensions>
<gpx10:speed>1.3003825</gpx10:speed></extensions></trkpt>
<trkpt lat="37.5466569" lon="126.7186168"><ele>132.24931</ele><time>2018-04-19T03:46:12Z</time>
<extensions>
<gpx10:speed>1.1226276</gpx10:speed></extensions></trkpt>
<trkpt lat="37.5466998" lon="126.7187198"><ele>132.19135</ele><time>2018-04-19T03:46:20Z</time>
<extensions>
<gpx10:speed>1.0011073</gpx10:speed></extensions></trkpt>
<trkpt lat="37.546787" lon="126.7187758"><ele>132.12483</ele><time>2018-04-19T03:46:30Z</time>
<extensions>
<gpx10:speed>1.0400076</gpx10:speed></extensions></trkpt>
<trkpt lat="37.5468707" lon="126.7188276"><ele>132.05954</ele><time>2018-04-19T03:46:41Z</time>
<extensions>
<gpx10:speed>1.0679636</gpx10:speed></extensions></trkpt>
<trkpt lat="37.5469173" lon="126.718942"><ele>132.00703</ele><time>2018-04-19T03:46:52Z</time>
<extensions>
<gpx10:speed>1.7323633</gpx10:speed></extensions></trkpt>
<trkpt lat="37.5469872" lon="126.7190282"><ele>131.98398</ele><time>2018-04-19T03:46:57Z</time>
<extensions>
<gpx10:speed>2.039097</gpx10:speed></extensions></trkpt>
<trkpt lat="37.5470009" lon="126.7191672"><ele>131.96333</ele><time>2018-04-19T03:47:02Z</time>
<extensions>
<gpx10:speed>1.763521</gpx10:speed></extensions></trkpt>
<trkpt lat="37.5470261" lon="126.7192882"><ele>131.95152</ele><time>2018-04-19T03:47:05Z</time>
<extensions>
<gpx10:speed>1.5551932</gpx10:speed></extensions></trkpt>
<trkpt lat="37.5470531" lon="126.7194182"><ele>131.93529</ele><time>2018-04-19T03:47:09Z</time>
<extensions>
<gpx10:speed>1.3693335</gpx10:speed></extensions></trkpt>
<trkpt lat="37.5469979" lon="126.7195395"><ele>131.91129</ele><time>2018-04-19T03:47:14Z</time>
<extensions>
<gpx10:speed>1.1745082</gpx10:speed></extensions></trkpt>
<trkpt lat="37.5469695" lon="126.7196521"><ele>131.85567</ele><time>2018-04-19T03:47:24Z</time>
<extensions>
<gpx10:speed>0.96077305</gpx10:speed></extensions></trkpt>
<trkpt lat="37.5469914" lon="126.7197871"><ele>131.81541</ele><time>2018-04-19T03:47:30Z</time>
<extensions>
<gpx10:speed>1.0392705</gpx10:speed></extensions></trkpt>
<trkpt lat="37.5470195" lon="126.7198973"><ele>131.77054</ele><time>2018-04-19T03:47:36Z</time>
<extensions>
<gpx10:speed>1.1480844</gpx10:speed></extensions></trkpt>
<trkpt lat="37.5470633" lon="126.7199975"><ele>131.65695</ele><time>2018-04-19T03:47:47Z</time>
<extensions>
<gpx10:speed>0.9991456</gpx10:speed></extensions></trkpt>
<trkpt lat="37.5470752" lon="126.720121"><ele>131.51218</ele><time>2018-04-19T03:47:58Z</time>
<extensions>
<gpx10:speed>0.95417017</gpx10:speed></extensions></trkpt>
<trkpt lat="37.5471095" lon="126.7202304"><ele>131.41718</ele><time>2018-04-19T03:48:05Z</time>
<extensions>
<gpx10:speed>0.9562221</gpx10:speed></extensions></trkpt>
<trkpt lat="37.5471418" lon="126.7203363"><ele>131.31485</ele><time>2018-04-19T03:48:13Z</time>
<extensions>
<gpx10:speed>0.6667003</gpx10:speed></extensions></trkpt>
<trkpt lat="37.5472034" lon="126.7204316"><ele>131.2011</ele><time>2018-04-19T03:48:23Z</time>
<extensions>
<gpx10:speed>0.63143474</gpx10:speed></extensions></trkpt>
<trkpt lat="37.547215" lon="126.7205534"><ele>131.127</ele><time>2018-04-19T03:48:30Z</time>
<extensions>
<gpx10:speed>0.76038504</gpx10:speed></extensions></trkpt>
<trkpt lat="37.5472474" lon="126.7206785"><ele>131.05247</ele><time>2018-04-19T03:48:37Z</time>
<extensions>
<gpx10:speed>0.9630408</gpx10:speed></extensions></trkpt>
<trkpt lat="37.5472467" lon="126.7207994"><ele>130.98685</ele><time>2018-04-19T03:48:43Z</time>
<extensions>
<gpx10:speed>0.98252094</gpx10:speed></extensions></trkpt>
<trkpt lat="37.5472717" lon="126.7209165"><ele>130.91814</ele><time>2018-04-19T03:48:49Z</time>
<extensions>
<gpx10:speed>1.0160353</gpx10:speed></extensions></trkpt>
<trkpt lat="37.5472988" lon="126.7210275"><ele>130.84865</ele><time>2018-04-19T03:48:55Z</time>
<extensions>
<gpx10:speed>1.110331</gpx10:speed></extensions></trkpt>
<trkpt lat="37.5473349" lon="126.721134"><ele>130.69733</ele><time>2018-04-19T03:49:07Z</time>
<extensions>
<gpx10:speed>1.047538</gpx10:speed></extensions></trkpt>
<trkpt lat="37.5473357" lon="126.7212543"><ele>130.58194</ele><time>2018-04-19T03:49:15Z</time>
<extensions>
<gpx10:speed>1.106256</gpx10:speed></extensions></trkpt>
<trkpt lat="37.5473523" lon="126.7213675"><ele>130.48721</ele><time>2018-04-19T03:49:22Z</time>
<extensions>
<gpx10:speed>1.1148076</gpx10:speed></extensions></trkpt>
<trkpt lat="37.5473862" lon="126.721476"><ele>130.42787</ele><time>2018-04-19T03:49:27Z</time>
<extensions>
<gpx10:speed>1.2243576</gpx10:speed></extensions></trkpt>
<trkpt lat="37.5474401" lon="126.7215669"><ele>130.34616</ele><time>2018-04-19T03:49:34Z</time>
<extensions>
<gpx10:speed>1.1715605</gpx10:speed></extensions></trkpt>
<trkpt lat="37.5474765" lon="126.7216763"><ele>130.24385</ele><time>2018-04-19T03:49:41Z</time>
<extensions>
<gpx10:speed>1.1210915</gpx10:speed></extensions></trkpt>
<trkpt lat="37.5474857" lon="126.7217989"><ele>130.08096</ele><time>2018-04-19T03:49:52Z</time>
<extensions>
<gpx10:speed>0.86405826</gpx10:speed></extensions></trkpt>
<trkpt lat="37.5475172" lon="126.7219323"><ele>129.95929</ele><time>2018-04-19T03:50:01Z</time>
<extensions>
<gpx10:speed>1.0766946</gpx10:speed></extensions></trkpt>
<trkpt lat="37.547552" lon="126.7220431"><ele>129.88011</ele><time>2018-04-19T03:50:07Z</time>
<extensions>
<gpx10:speed>1.1381103</gpx10:speed></extensions></trkpt>
<trkpt lat="37.5475784" lon="126.7221643"><ele>129.7801</ele><time>2018-04-19T03:50:15Z</time>
<extensions>
<gpx10:speed>1.1236067</gpx10:speed></extensions></trkpt>
<trkpt lat="37.547625" lon="126.7222734"><ele>129.69603</ele><time>2018-04-19T03:50:22Z</time>
<extensions>
<gpx10:speed>1.1302671</gpx10:speed></extensions></trkpt>
<trkpt lat="37.5476668" lon="126.7223945"><ele>129.58394</ele><time>2018-04-19T03:50:32Z</time>
<extensions>
<gpx10:speed>0.97827756</gpx10:speed></extensions></trkpt>
<trkpt lat="37.5477011" lon="126.7225045"><ele>129.48935</ele><time>2018-04-19T03:50:41Z</time>
<extensions>
<gpx10:speed>0.9870726</gpx10:speed></extensions></trkpt>
<trkpt lat="37.5477437" lon="126.7226196"><ele>129.4143</ele><time>2018-04-19T03:50:48Z</time>
<extensions>
<gpx10:speed>0.9810132</gpx10:speed></extensions></trkpt>
<trkpt lat="37.54778" lon="126.7227343"><ele>129.286</ele><time>2018-04-19T03:50:57Z</time>
<extensions>
<gpx10:speed>1.0983413</gpx10:speed></extensions></trkpt>
<trkpt lat="37.5478054" lon="126.7228459"><ele>129.14764</ele><time>2018-04-19T03:51:05Z</time>
<extensions>
<gpx10:speed>1.0371925</gpx10:speed></extensions></trkpt>
<trkpt lat="37.5477837" lon="126.7229644"><ele>129.00755</ele><time>2018-04-19T03:51:13Z</time>
<extensions>
<gpx10:speed>0.9638174</gpx10:speed></extensions></trkpt>
<trkpt lat="37.5477716" lon="126.7230885"><ele>128.81453</ele><time>2018-04-19T03:51:25Z</time>
<extensions>
<gpx10:speed>0.5834084</gpx10:speed></extensions></trkpt>
<trkpt lat="37.5477677" lon="126.7232059"><ele>128.69882</ele><time>2018-04-19T03:51:33Z</time>
<extensions>
<gpx10:speed>0.8790228</gpx10:speed></extensions></trkpt>
<trkpt lat="37.5477954" lon="126.7233196"><ele>128.62097</ele><time>2018-04-19T03:51:39Z</time>
<extensions>
<gpx10:speed>0.9434953</gpx10:speed></extensions></trkpt>
<trkpt lat="37.5478047" lon="126.7234423"><ele>128.51503</ele><time>2018-04-19T03:51:48Z</time>
<extensions>
<gpx10:speed>0.9306862</gpx10:speed></extensions></trkpt>
<trkpt lat="37.547808" lon="126.7235709"><ele>128.4406</ele><time>2018-04-19T03:51:55Z</time>
<extensions>
<gpx10:speed>1.1942761</gpx10:speed></extensions></trkpt>
<trkpt lat="37.5477777" lon="126.7236935"><ele>128.37103</ele><time>2018-04-19T03:52:02Z</time>
<extensions>
<gpx10:speed>1.238435</gpx10:speed></extensions></trkpt>
<trkpt lat="37.5477586" lon="126.7238042"><ele>128.29752</ele><time>2018-04-19T03:52:10Z</time>
<extensions>
<gpx10:speed>1.1280228</gpx10:speed></extensions></trkpt>
<trkpt lat="37.5477669" lon="126.7239318"><ele>128.22408</ele><time>2018-04-19T03:52:18Z</time>
<extensions>
<gpx10:speed>1.1028812</gpx10:speed></extensions></trkpt>
<trkpt lat="37.5477609" lon="126.7240593"><ele>128.02193</ele><time>2018-04-19T03:52:33Z</time>
<extensions>
<gpx10:speed>1.0906378</gpx10:speed></extensions></trkpt>
<trkpt lat="37.5477106" lon="126.7241549"><ele>127.88798</ele><time>2018-04-19T03:52:42Z</time>
<extensions>
<gpx10:speed>0.9117268</gpx10:speed></extensions></trkpt>
<trkpt lat="37.5477055" lon="126.7242779"><ele>127.78641</ele><time>2018-04-19T03:52:49Z</time>
<extensions>
<gpx10:speed>1.0286472</gpx10:speed></extensions></trkpt>
<trkpt lat="37.5477164" lon="126.7244074"><ele>127.69323</ele><time>2018-04-19T03:52:56Z</time>
<extensions>
<gpx10:speed>1.12598</gpx10:speed></extensions></trkpt>
<trkpt lat="37.5477118" lon="126.7245254"><ele>127.60222</ele><time>2018-04-19T03:53:03Z</time>
<extensions>
<gpx10:speed>1.1718676</gpx10:speed></extensions></trkpt>
<trkpt lat="37.5477164" lon="126.7246474"><ele>127.49332</ele><time>2018-04-19T03:53:12Z</time>
<extensions>
<gpx10:speed>1.1072742</gpx10:speed></extensions></trkpt>
<trkpt lat="37.5477198" lon="126.7247749"><ele>127.40949</ele><time>2018-04-19T03:53:20Z</time>
<extensions>
<gpx10:speed>1.0851629</gpx10:speed></extensions></trkpt>
<trkpt lat="37.5477109" lon="126.7249028"><ele>127.31278</ele><time>2018-04-19T03:53:32Z</time>
<extensions>
<gpx10:speed>1.0300626</gpx10:speed></extensions></trkpt>
<trkpt lat="37.5477178" lon="126.7250242"><ele>127.26516</ele><time>2018-04-19T03:53:39Z</time>
<extensions>
<gpx10:speed>1.0202264</gpx10:speed></extensions></trkpt>
<trkpt lat="37.5477182" lon="126.7251579"><ele>127.21895</ele><time>2018-04-19T03:53:46Z</time>
<extensions>
<gpx10:speed>1.0056716</gpx10:speed></extensions></trkpt>
<trkpt lat="37.5477313" lon="126.7252732"><ele>127.16049</ele><time>2018-04-19T03:53:55Z</time>
<extensions>
<gpx10:speed>0.95243746</gpx10:speed></extensions></trkpt>
<trkpt lat="37.547728" lon="126.7253918"><ele>127.08093</ele><time>2018-04-19T03:54:04Z</time>
<extensions>
<gpx10:speed>0.9986025</gpx10:speed></extensions></trkpt>
<trkpt lat="37.5477373" lon="126.7255048"><ele>127.00692</ele><time>2018-04-19T03:54:11Z</time>
<extensions>
<gpx10:speed>1.1589793</gpx10:speed></extensions></trkpt>
<trkpt lat="37.5477096" lon="126.7256182"><ele>126.9139</ele><time>2018-04-19T03:54:19Z</time>
<extensions>
<gpx10:speed>1.1586895</gpx10:speed></extensions></trkpt>
<trkpt lat="37.5477165" lon="126.7257372"><ele>126.797264</ele><time>2018-04-19T03:54:29Z</time>
<extensions>
<gpx10:speed>1.01717</gpx10:speed></extensions></trkpt>
<trkpt lat="37.5477521" lon="126.7258508"><ele>126.62308</ele><time>2018-04-19T03:54:42Z</time>
<extensions>
<gpx10:speed>0.9563167</gpx10:speed></extensions></trkpt>
<trkpt lat="37.5477534" lon="126.7259818"><ele>126.4941</ele><time>2018-04-19T03:54:51Z</time>
<extensions>
<gpx10:speed>1.0408533</gpx10:speed></extensions></trkpt>
<trkpt lat="37.5477621" lon="126.7260998"><ele>126.41075</ele><time>2018-04-19T03:54:57Z</time>
<extensions>
<gpx10:speed>1.0936344</gpx10:speed></extensions></trkpt>
<trkpt lat="37.5477604" lon="126.7262188"><ele>126.327805</ele><time>2018-04-19T03:55:03Z</time>
<extensions>
<gpx10:speed>1.1179485</gpx10:speed></extensions></trkpt>
<trkpt lat="37.5477546" lon="126.7263489"><ele>126.23212</ele><time>2018-04-19T03:55:10Z</time>
<extensions>
<gpx10:speed>1.0645128</gpx10:speed></extensions></trkpt>
<trkpt lat="37.5477247" lon="126.7264586"><ele>126.10185</ele><time>2018-04-19T03:55:19Z</time>
<extensions>
<gpx10:speed>0.7692957</gpx10:speed></extensions></trkpt>
<trkpt lat="37.5477267" lon="126.7265771"><ele>125.97233</ele><time>2018-04-19T03:55:28Z</time>
<extensions>
<gpx10:speed>0.9289059</gpx10:speed></extensions></trkpt>
<trkpt lat="37.5477339" lon="126.7267043"><ele>125.82475</ele><time>2018-04-19T03:55:39Z</time>
<extensions>
<gpx10:speed>1.0853542</gpx10:speed></extensions></trkpt>
<trkpt lat="37.5477313" lon="126.7268271"><ele>125.7272</ele><time>2018-04-19T03:55:47Z</time>
<extensions>
<gpx10:speed>1.0714908</gpx10:speed></extensions></trkpt>
<trkpt lat="37.5477138" lon="126.7269436"><ele>125.63715</ele><time>2018-04-19T03:55:55Z</time>
<extensions>
<gpx10:speed>0.9821233</gpx10:speed></extensions></trkpt>
<trkpt lat="37.5477158" lon="126.7270573"><ele>125.54737</ele><time>2018-04-19T03:56:05Z</time>
<extensions>
<gpx10:speed>0.92698437</gpx10:speed></extensions></trkpt>
<trkpt lat="37.5477223" lon="126.7271854"><ele>125.47519</ele><time>2018-04-19T03:56:12Z</time>
<extensions>
<gpx10:speed>0.8542344</gpx10:speed></extensions></trkpt>
<trkpt lat="37.5477166" lon="126.7273123"><ele>125.40348</ele><time>2018-04-19T03:56:19Z</time>
<extensions>
<gpx10:speed>1.5030391</gpx10:speed></extensions></trkpt>
<trkpt lat="37.5477132" lon="126.7274271"><ele>125.3376</ele><time>2018-04-19T03:56:26Z</time>
<extensions>
<gpx10:speed>1.1854041</gpx10:speed></extensions></trkpt>
<trkpt lat="37.5476883" lon="126.7275394"><ele>125.25496</ele><time>2018-04-19T03:56:34Z</time>
<extensions>
<gpx10:speed>1.1512225</gpx10:speed></extensions></trkpt>
<trkpt lat="37.5476781" lon="126.7276621"><ele>124.95386</ele><time>2018-04-19T03:56:57Z</time>
<extensions>
<gpx10:speed>0.37575656</gpx10:speed></extensions></trkpt>
<trkpt lat="37.5476575" lon="126.7277782"><ele>122.2577</ele><time>2018-04-19T04:00:03Z</time>
<extensions>
<gpx10:speed>0.76829404</gpx10:speed></extensions></trkpt>
<trkpt lat="37.5476263" lon="126.7278891"><ele>121.67973</ele><time>2018-04-19T04:00:14Z</time>
<extensions>
<gpx10:speed>0.9613919</gpx10:speed></extensions></trkpt>
<trkpt lat="37.5475896" lon="126.7280002"><ele>121.153885</ele><time>2018-04-19T04:00:25Z</time>
<extensions>
<gpx10:speed>0.9901342</gpx10:speed></extensions></trkpt>
<trkpt lat="37.5475771" lon="126.728117"><ele>120.762054</ele><time>2018-04-19T04:00:33Z</time>
<extensions>
<gpx10:speed>1.0484089</gpx10:speed></extensions></trkpt>
<trkpt lat="37.5475688" lon="126.7282302"><ele>120.33119</ele><time>2018-04-19T04:00:40Z</time>
<extensions>
<gpx10:speed>1.0786979</gpx10:speed></extensions></trkpt>
<trkpt lat="37.5475726" lon="126.7283451"><ele>119.7354</ele><time>2018-04-19T04:00:48Z</time>
<extensions>
<gpx10:speed>1.1339533</gpx10:speed></extensions></trkpt>
<trkpt lat="37.5475708" lon="126.7284687"><ele>118.97648</ele><time>2018-04-19T04:00:57Z</time>
<extensions>
<gpx10:speed>1.1551625</gpx10:speed></extensions></trkpt>
<trkpt lat="37.5475812" lon="126.7285863"><ele>118.204895</ele><time>2018-04-19T04:01:05Z</time>
<extensions>
<gpx10:speed>1.1717894</gpx10:speed></extensions></trkpt>
<trkpt lat="37.5476619" lon="126.7286708"><ele>117.3852</ele><time>2018-04-19T04:01:13Z</time>
<extensions>
<gpx10:speed>1.2810833</gpx10:speed></extensions></trkpt>
<trkpt lat="37.547702" lon="126.7287744"><ele>116.09547</ele><time>2018-04-19T04:01:27Z</time>
<extensions>
<gpx10:speed>0.8095641</gpx10:speed></extensions></trkpt>
<trkpt lat="37.5477472" lon="126.728875"><ele>115.12489</ele><time>2018-04-19T04:01:38Z</time>
<extensions>
<gpx10:speed>0.30254266</gpx10:speed></extensions></trkpt>
<trkpt lat="37.5477849" lon="126.7289784"><ele>114.19483</ele><time>2018-04-19T04:01:51Z</time>
<extensions>
<gpx10:speed>0.68136144</gpx10:speed></extensions></trkpt>
<trkpt lat="37.5478746" lon="126.7289536"><ele>112.93414</ele><time>2018-04-19T04:02:17Z</time>
<extensions>
<gpx10:speed>0.21532202</gpx10:speed></extensions></trkpt>
<trkpt lat="37.5479658" lon="126.72898"><ele>111.45961</ele><time>2018-04-19T04:02:51Z</time>
<extensions>
<gpx10:speed>0.7401283</gpx10:speed></extensions></trkpt>
<trkpt lat="37.5480044" lon="126.7290953"><ele>111.08901</ele><time>2018-04-19T04:03:00Z</time>
<extensions>
<gpx10:speed>0.7837906</gpx10:speed></extensions></trkpt>
<trkpt lat="37.5480293" lon="126.729212"><ele>110.601685</ele><time>2018-04-19T04:03:16Z</time>
<extensions>
<gpx10:speed>0.50376683</gpx10:speed></extensions></trkpt>
<trkpt lat="37.5480578" lon="126.7293343"><ele>110.41521</ele><time>2018-04-19T04:03:24Z</time>
<extensions>
<gpx10:speed>0.71781343</gpx10:speed></extensions></trkpt>
<trkpt lat="37.5480865" lon="126.7294521"><ele>110.27385</ele><time>2018-04-19T04:03:32Z</time>
<extensions>
<gpx10:speed>0.8670974</gpx10:speed></extensions></trkpt>
<trkpt lat="37.5481092" lon="126.7295679"><ele>110.14489</ele><time>2018-04-19T04:03:42Z</time>
<extensions>
<gpx10:speed>0.7105078</gpx10:speed></extensions></trkpt>
<trkpt lat="37.5481847" lon="126.7296491"><ele>110.06601</ele><time>2018-04-19T04:03:54Z</time>
<extensions>
<gpx10:speed>0.86408186</gpx10:speed></extensions></trkpt>
<trkpt lat="37.5482575" lon="126.7297213"><ele>110.052185</ele><time>2018-04-19T04:04:01Z</time>
<extensions>
<gpx10:speed>0.7608804</gpx10:speed></extensions></trkpt>
<trkpt lat="37.5483279" lon="126.729797"><ele>110.05447</ele><time>2018-04-19T04:04:06Z</time>
<extensions>
<gpx10:speed>0.9485813</gpx10:speed></extensions></trkpt>
<trkpt lat="37.5484095" lon="126.7298684"><ele>110.07118</ele><time>2018-04-19T04:04:13Z</time>
<extensions>
<gpx10:speed>1.0460329</gpx10:speed></extensions></trkpt>
<trkpt lat="37.5484981" lon="126.7299054"><ele>110.10354</ele><time>2018-04-19T04:04:23Z</time>
<extensions>
<gpx10:speed>0.7720631</gpx10:speed></extensions></trkpt>
<trkpt lat="37.5485797" lon="126.7299641"><ele>110.15422</ele><time>2018-04-19T04:04:32Z</time>
<extensions>
<gpx10:speed>0.85769147</gpx10:speed></extensions></trkpt>
<trkpt lat="37.5486699" lon="126.7299708"><ele>110.356544</ele><time>2018-04-19T04:04:50Z</time>
<extensions>
<gpx10:speed>0.77047294</gpx10:speed></extensions></trkpt>
<trkpt lat="37.5487611" lon="126.7299979"><ele>110.52208</ele><time>2018-04-19T04:05:01Z</time>
<extensions>
<gpx10:speed>0.4790404</gpx10:speed></extensions></trkpt>
<trkpt lat="37.5488468" lon="126.7299365"><ele>110.69061</ele><time>2018-04-19T04:05:11Z</time>
<extensions>
<gpx10:speed>0.95519066</gpx10:speed></extensions></trkpt>
<trkpt lat="37.5489324" lon="126.7298795"><ele>110.83952</ele><time>2018-04-19T04:05:20Z</time>
<extensions>
<gpx10:speed>0.41653302</gpx10:speed></extensions></trkpt>
<trkpt lat="37.5490017" lon="126.7298003"><ele>110.98316</ele><time>2018-04-19T04:05:28Z</time>
<extensions>
<gpx10:speed>0.62631404</gpx10:speed></extensions></trkpt>
<trkpt lat="37.5490826" lon="126.7297385"><ele>111.10314</ele><time>2018-04-19T04:05:34Z</time>
<extensions>
<gpx10:speed>0.6569413</gpx10:speed></extensions></trkpt>
<trkpt lat="37.5491615" lon="126.7296688"><ele>111.30777</ele><time>2018-04-19T04:05:44Z</time>
<extensions>
<gpx10:speed>0.5854575</gpx10:speed></extensions></trkpt>
<trkpt lat="37.5492473" lon="126.7297036"><ele>111.49256</ele><time>2018-04-19T04:05:53Z</time>
<extensions>
<gpx10:speed>0.8579295</gpx10:speed></extensions></trkpt>
<trkpt lat="37.5493331" lon="126.7297633"><ele>111.7152</ele><time>2018-04-19T04:06:05Z</time>
<extensions>
<gpx10:speed>0.33328757</gpx10:speed></extensions></trkpt>
<trkpt lat="37.5493886" lon="126.7298534"><ele>112.02271</ele><time>2018-04-19T04:06:22Z</time>
<extensions>
<gpx10:speed>0.25197625</gpx10:speed></extensions></trkpt>
<trkpt lat="37.549475" lon="126.7299013"><ele>112.305756</ele><time>2018-04-19T04:06:34Z</time>
<extensions>
<gpx10:speed>0.5800835</gpx10:speed></extensions></trkpt>
<trkpt lat="37.5495649" lon="126.7299165"><ele>112.63929</ele><time>2018-04-19T04:06:46Z</time>
<extensions>
<gpx10:speed>0.6500381</gpx10:speed></extensions></trkpt>
<trkpt lat="37.549651" lon="126.729955"><ele>112.99415</ele><time>2018-04-19T04:06:59Z</time>
<extensions>
<gpx10:speed>0.5469909</gpx10:speed></extensions></trkpt>
<trkpt lat="37.5497195" lon="126.7300321"><ele>113.32688</ele><time>2018-04-19T04:07:10Z</time>
<extensions>
<gpx10:speed>0.26298615</gpx10:speed></extensions></trkpt>
<trkpt lat="37.5497955" lon="126.730104"><ele>113.559975</ele><time>2018-04-19T04:07:19Z</time>
<extensions>
<gpx10:speed>0.28649843</gpx10:speed></extensions></trkpt>
<trkpt lat="37.5498759" lon="126.730158"><ele>113.837944</ele><time>2018-04-19T04:07:30Z</time>
<extensions>
<gpx10:speed>0.51916134</gpx10:speed></extensions></trkpt>
<trkpt lat="37.549935" lon="126.7302552"><ele>114.62758</ele><time>2018-04-19T04:07:51Z</time>
<extensions>
<gpx10:speed>0.69117695</gpx10:speed></extensions></trkpt>
<trkpt lat="37.5500428" lon="126.7303207"><ele>115.20067</ele><time>2018-04-19T04:08:04Z</time>
<extensions>
<gpx10:speed>0.4907677</gpx10:speed></extensions></trkpt>
<trkpt lat="37.5501398" lon="126.7303815"><ele>115.57222</ele><time>2018-04-19T04:08:12Z</time>
<extensions>
<gpx10:speed>0.66052</gpx10:speed></extensions></trkpt>
<trkpt lat="37.550209" lon="126.7304601"><ele>115.95166</ele><time>2018-04-19T04:08:21Z</time>
<extensions>
<gpx10:speed>0.58383393</gpx10:speed></extensions></trkpt>
<trkpt lat="37.5502997" lon="126.7304737"><ele>116.19929</ele><time>2018-04-19T04:08:27Z</time>
<extensions>
<gpx10:speed>0.68182176</gpx10:speed></extensions></trkpt>
<trkpt lat="37.5503897" lon="126.7305079"><ele>116.607056</ele><time>2018-04-19T04:08:37Z</time>
<extensions>
<gpx10:speed>0.45213878</gpx10:speed></extensions></trkpt>
<trkpt lat="37.5504277" lon="126.7306243"><ele>117.28635</ele><time>2018-04-19T04:08:56Z</time>
<extensions>
<gpx10:speed>0.6513777</gpx10:speed></extensions></trkpt>
<trkpt lat="37.550502" lon="126.7306993"><ele>117.65684</ele><time>2018-04-19T04:09:08Z</time>
<extensions>
<gpx10:speed>0.47688824</gpx10:speed></extensions></trkpt>
<trkpt lat="37.5505223" lon="126.7308149"><ele>117.93625</ele><time>2018-04-19T04:09:18Z</time>
<extensions>
<gpx10:speed>0.619439</gpx10:speed></extensions></trkpt>
<trkpt lat="37.5505457" lon="126.7309323"><ele>118.453766</ele><time>2018-04-19T04:09:37Z</time>
<extensions>
<gpx10:speed>0.3489986</gpx10:speed></extensions></trkpt>
<trkpt lat="37.5505464" lon="126.7310528"><ele>118.95053</ele><time>2018-04-19T04:09:50Z</time>
<extensions>
<gpx10:speed>0.5673694</gpx10:speed></extensions></trkpt>
<trkpt lat="37.5505708" lon="126.7311631"><ele>119.55066</ele><time>2018-04-19T04:10:04Z</time>
<extensions>
<gpx10:speed>0.6641542</gpx10:speed></extensions></trkpt>
<trkpt lat="37.5506307" lon="126.7312527"><ele>120.25047</ele><time>2018-04-19T04:10:15Z</time>
<extensions>
<gpx10:speed>0.6448683</gpx10:speed></extensions></trkpt>
<trkpt lat="37.550679" lon="126.7313486"><ele>121.38653</ele><time>2018-04-19T04:10:27Z</time>
<extensions>
<gpx10:speed>0.79411006</gpx10:speed></extensions></trkpt>
<trkpt lat="37.5507234" lon="126.7314553"><ele>122.57779</ele><time>2018-04-19T04:10:37Z</time>
<extensions>
<gpx10:speed>0.8454791</gpx10:speed></extensions></trkpt>
<trkpt lat="37.5507434" lon="126.7315718"><ele>124.15199</ele><time>2018-04-19T04:10:49Z</time>
<extensions>
<gpx10:speed>0.8190725</gpx10:speed></extensions></trkpt>
<trkpt lat="37.550774" lon="126.7316874"><ele>125.72215</ele><time>2018-04-19T04:11:02Z</time>
<extensions>
<gpx10:speed>0.81268454</gpx10:speed></extensions></trkpt>
<trkpt lat="37.5507876" lon="126.7318097"><ele>126.749535</ele><time>2018-04-19T04:11:10Z</time>
<extensions>
<gpx10:speed>0.99931437</gpx10:speed></extensions></trkpt>
<trkpt lat="37.5507504" lon="126.7319338"><ele>127.71151</ele><time>2018-04-19T04:11:18Z</time>
<extensions>
<gpx10:speed>1.0135806</gpx10:speed></extensions></trkpt>
<trkpt lat="37.5507454" lon="126.7320569"><ele>128.6894</ele><time>2018-04-19T04:11:26Z</time>
<extensions>
<gpx10:speed>1.1189998</gpx10:speed></extensions></trkpt>
<trkpt lat="37.5507327" lon="126.7321824"><ele>129.53932</ele><time>2018-04-19T04:11:33Z</time>
<extensions>
<gpx10:speed>1.2558948</gpx10:speed></extensions></trkpt>
<trkpt lat="37.5507224" lon="126.7323058"><ele>130.50838</ele><time>2018-04-19T04:11:41Z</time>
<extensions>
<gpx10:speed>1.2535864</gpx10:speed></extensions></trkpt>
<trkpt lat="37.5507242" lon="126.7324238"><ele>131.82953</ele><time>2018-04-19T04:11:53Z</time>
<extensions>
<gpx10:speed>1.0960114</gpx10:speed></extensions></trkpt>
<trkpt lat="37.5507115" lon="126.7325436"><ele>133.17378</ele><time>2018-04-19T04:12:07Z</time>
<extensions>
<gpx10:speed>0.5760981</gpx10:speed></extensions></trkpt>
<trkpt lat="37.550722" lon="126.7326655"><ele>134.38939</ele><time>2018-04-19T04:12:20Z</time>
<extensions>
<gpx10:speed>0.7868526</gpx10:speed></extensions></trkpt>
<trkpt lat="37.5506904" lon="126.7327794"><ele>135.2645</ele><time>2018-04-19T04:12:29Z</time>
<extensions>
<gpx10:speed>0.82862175</gpx10:speed></extensions></trkpt>
<trkpt lat="37.5507035" lon="126.7328976"><ele>136.27791</ele><time>2018-04-19T04:12:39Z</time>
<extensions>
<gpx10:speed>0.94656503</gpx10:speed></extensions></trkpt>
<trkpt lat="37.5507221" lon="126.7330157"><ele>137.49016</ele><time>2018-04-19T04:12:51Z</time>
<extensions>
<gpx10:speed>0.5961904</gpx10:speed></extensions></trkpt>
<trkpt lat="37.550716" lon="126.733139"><ele>138.93336</ele><time>2018-04-19T04:13:09Z</time>
<extensions>
<gpx10:speed>0.52090454</gpx10:speed></extensions></trkpt>
<trkpt lat="37.5506414" lon="126.7332055"><ele>140.34589</ele><time>2018-04-19T04:13:28Z</time>
<extensions>
<gpx10:speed>0.1802426</gpx10:speed></extensions></trkpt>
<trkpt lat="37.5505729" lon="126.7332939"><ele>140.7592</ele><time>2018-04-19T04:13:34Z</time>
<extensions>
<gpx10:speed>0.43759808</gpx10:speed></extensions></trkpt>
<trkpt lat="37.5505285" lon="126.7333924"><ele>141.38637</ele><time>2018-04-19T04:13:44Z</time>
<extensions>
<gpx10:speed>0.43309602</gpx10:speed></extensions></trkpt>
<trkpt lat="37.5504741" lon="126.7334843"><ele>142.05081</ele><time>2018-04-19T04:13:58Z</time>
<extensions>
<gpx10:speed>0.49470216</gpx10:speed></extensions></trkpt>
<trkpt lat="37.5504322" lon="126.7335888"><ele>142.66876</ele><time>2018-04-19T04:14:14Z</time>
<extensions>
<gpx10:speed>0.30788055</gpx10:speed></extensions></trkpt>
<trkpt lat="37.5503892" lon="126.7336972"><ele>142.92578</ele><time>2018-04-19T04:14:24Z</time>
<extensions>
<gpx10:speed>0.38348123</gpx10:speed></extensions></trkpt>
<trkpt lat="37.5503251" lon="126.7338"><ele>143.11696</ele><time>2018-04-19T04:14:34Z</time>
<extensions>
<gpx10:speed>0.9600764</gpx10:speed></extensions></trkpt>
<trkpt lat="37.5503019" lon="126.7339143"><ele>143.23264</ele><time>2018-04-19T04:14:41Z</time>
<extensions>
<gpx10:speed>0.860891</gpx10:speed></extensions></trkpt>
<trkpt lat="37.550288" lon="126.7340301"><ele>143.35555</ele><time>2018-04-19T04:14:50Z</time>
<extensions>
<gpx10:speed>0.8661796</gpx10:speed></extensions></trkpt>
<trkpt lat="37.5502535" lon="126.7341359"><ele>143.4351</ele><time>2018-04-19T04:14:59Z</time>
<extensions>
<gpx10:speed>0.8931414</gpx10:speed></extensions></trkpt>
<trkpt lat="37.5502507" lon="126.7342552"><ele>143.44386</ele><time>2018-04-19T04:15:10Z</time>
<extensions>
<gpx10:speed>0.754613</gpx10:speed></extensions></trkpt>
<trkpt lat="37.5503202" lon="126.7343496"><ele>143.37115</ele><time>2018-04-19T04:15:22Z</time>
<extensions>
<gpx10:speed>0.87891895</gpx10:speed></extensions></trkpt>
<trkpt lat="37.5503386" lon="126.73448"><ele>143.3002</ele><time>2018-04-19T04:15:31Z</time>
<extensions>
<gpx10:speed>0.89619076</gpx10:speed></extensions></trkpt>
<trkpt lat="37.5503176" lon="126.7346001"><ele>143.23326</ele><time>2018-04-19T04:15:38Z</time>
<extensions>
<gpx10:speed>0.87346554</gpx10:speed></extensions></trkpt>
<trkpt lat="37.5502909" lon="126.7347147"><ele>143.11134</ele><time>2018-04-19T04:15:47Z</time>
<extensions>
<gpx10:speed>0.5738675</gpx10:speed></extensions></trkpt>
<trkpt lat="37.5502426" lon="126.734821"><ele>142.97185</ele><time>2018-04-19T04:15:55Z</time>
<extensions>
<gpx10:speed>0.365758</gpx10:speed></extensions></trkpt>
<trkpt lat="37.5502461" lon="126.7349472"><ele>142.78697</ele><time>2018-04-19T04:16:05Z</time>
<extensions>
<gpx10:speed>0.7267417</gpx10:speed></extensions></trkpt>
<trkpt lat="37.5502479" lon="126.7350744"><ele>142.63193</ele><time>2018-04-19T04:16:13Z</time>
<extensions>
<gpx10:speed>0.7569677</gpx10:speed></extensions></trkpt>
<trkpt lat="37.5502262" lon="126.7351876"><ele>142.47768</ele><time>2018-04-19T04:16:20Z</time>
<extensions>
<gpx10:speed>0.3973957</gpx10:speed></extensions></trkpt>
<trkpt lat="37.5501654" lon="126.7352986"><ele>142.24005</ele><time>2018-04-19T04:16:31Z</time>
<extensions>
<gpx10:speed>0.5844248</gpx10:speed></extensions></trkpt>
<trkpt lat="37.5500714" lon="126.7353309"><ele>142.08603</ele><time>2018-04-19T04:16:38Z</time>
<extensions>
<gpx10:speed>0.78041255</gpx10:speed></extensions></trkpt>
<trkpt lat="37.5500068" lon="126.7354305"><ele>141.895</ele><time>2018-04-19T04:16:48Z</time>
<extensions>
<gpx10:speed>0.89838934</gpx10:speed></extensions></trkpt>
<trkpt lat="37.5499715" lon="126.7355479"><ele>141.76794</ele><time>2018-04-19T04:16:55Z</time>
<extensions>
<gpx10:speed>0.98768777</gpx10:speed></extensions></trkpt>
<trkpt lat="37.5499238" lon="126.7356515"><ele>141.56915</ele><time>2018-04-19T04:17:05Z</time>
<extensions>
<gpx10:speed>0.5304168</gpx10:speed></extensions></trkpt>
<trkpt lat="37.5498909" lon="126.7357724"><ele>141.37054</ele><time>2018-04-19T04:17:13Z</time>
<extensions>
<gpx10:speed>1.0342516</gpx10:speed></extensions></trkpt>
<trkpt lat="37.5498662" lon="126.7358837"><ele>141.20062</ele><time>2018-04-19T04:17:19Z</time>
<extensions>
<gpx10:speed>1.1852027</gpx10:speed></extensions></trkpt>
<trkpt lat="37.5498338" lon="126.7360017"><ele>140.94887</ele><time>2018-04-19T04:17:27Z</time>
<extensions>
<gpx10:speed>1.1183478</gpx10:speed></extensions></trkpt>
<trkpt lat="37.5498019" lon="126.7361172"><ele>140.57594</ele><time>2018-04-19T04:17:38Z</time>
<extensions>
<gpx10:speed>1.0719516</gpx10:speed></extensions></trkpt>
<trkpt lat="37.5498499" lon="126.7362274"><ele>140.13594</ele><time>2018-04-19T04:17:49Z</time>
<extensions>
<gpx10:speed>0.98072356</gpx10:speed></extensions></trkpt>
<trkpt lat="37.5498322" lon="126.7363395"><ele>139.58615</ele><time>2018-04-19T04:18:01Z</time>
<extensions>
<gpx10:speed>0.4592646</gpx10:speed></extensions></trkpt>
<trkpt lat="37.5498028" lon="126.736451"><ele>139.1856</ele><time>2018-04-19T04:18:11Z</time>
<extensions>
<gpx10:speed>0.64497817</gpx10:speed></extensions></trkpt>
<trkpt lat="37.5497491" lon="126.7365447"><ele>138.62791</ele><time>2018-04-19T04:18:25Z</time>
<extensions>
<gpx10:speed>0.43161193</gpx10:speed></extensions></trkpt>
<trkpt lat="37.5496822" lon="126.7366262"><ele>138.21335</ele><time>2018-04-19T04:18:37Z</time>
<extensions>
<gpx10:speed>0.629797</gpx10:speed></extensions></trkpt>
<trkpt lat="37.5497082" lon="126.7367622"><ele>137.74997</ele><time>2018-04-19T04:18:51Z</time>
<extensions>
<gpx10:speed>0.9516713</gpx10:speed></extensions></trkpt>
<trkpt lat="37.5496721" lon="126.7368761"><ele>137.36415</ele><time>2018-04-19T04:19:02Z</time>
<extensions>
<gpx10:speed>0.6822767</gpx10:speed></extensions></trkpt>
<trkpt lat="37.5496449" lon="126.7369894"><ele>137.11356</ele><time>2018-04-19T04:19:09Z</time>
<extensions>
<gpx10:speed>0.75828123</gpx10:speed></extensions></trkpt>
<trkpt lat="37.5496202" lon="126.7371015"><ele>136.78018</ele><time>2018-04-19T04:19:18Z</time>
<extensions>
<gpx10:speed>0.7935267</gpx10:speed></extensions></trkpt>
<trkpt lat="37.5496016" lon="126.7372242"><ele>136.46613</ele><time>2018-04-19T04:19:26Z</time>
<extensions>
<gpx10:speed>0.8761162</gpx10:speed></extensions></trkpt>
<trkpt lat="37.5495865" lon="126.7373435"><ele>136.09946</ele><time>2018-04-19T04:19:35Z</time>
<extensions>
<gpx10:speed>0.7615346</gpx10:speed></extensions></trkpt>
<trkpt lat="37.5496132" lon="126.7374565"><ele>135.57782</ele><time>2018-04-19T04:19:47Z</time>
<extensions>
<gpx10:speed>0.6647586</gpx10:speed></extensions></trkpt>
<trkpt lat="37.5495981" lon="126.73759"><ele>135.26529</ele><time>2018-04-19T04:19:54Z</time>
<extensions>
<gpx10:speed>0.7194987</gpx10:speed></extensions></trkpt>
<trkpt lat="37.549653" lon="126.7376844"><ele>134.76988</ele><time>2018-04-19T04:20:05Z</time>
<extensions>
<gpx10:speed>0.62844425</gpx10:speed></extensions></trkpt>
<trkpt lat="37.549742" lon="126.7377604"><ele>133.96727</ele><time>2018-04-19T04:20:24Z</time>
<extensions>
<gpx10:speed>0.75505257</gpx10:speed></extensions></trkpt>
<trkpt lat="37.5498445" lon="126.7377967"><ele>133.7152</ele><time>2018-04-19T04:20:29Z</time>
<extensions>
<gpx10:speed>1.1470993</gpx10:speed></extensions></trkpt>
<trkpt lat="37.5499378" lon="126.737835"><ele>133.42119</ele><time>2018-04-19T04:20:35Z</time>
<extensions>
<gpx10:speed>1.0509043</gpx10:speed></extensions></trkpt>
<trkpt lat="37.5500214" lon="126.7378814"><ele>132.8118</ele><time>2018-04-19T04:20:48Z</time>
<extensions>
<gpx10:speed>0.5664036</gpx10:speed></extensions></trkpt>
<trkpt lat="37.5500599" lon="126.7380087"><ele>132.41472</ele><time>2018-04-19T04:20:57Z</time>
<extensions>
<gpx10:speed>0.5545828</gpx10:speed></extensions></trkpt>
<trkpt lat="37.5500848" lon="126.7381229"><ele>131.85693</ele><time>2018-04-19T04:21:11Z</time>
<extensions>
<gpx10:speed>0.8038277</gpx10:speed></extensions></trkpt>
<trkpt lat="37.550163" lon="126.738181"><ele>131.48085</ele><time>2018-04-19T04:21:21Z</time>
<extensions>
<gpx10:speed>0.84603417</gpx10:speed></extensions></trkpt>
<trkpt lat="37.5502471" lon="126.7382303"><ele>131.17723</ele><time>2018-04-19T04:21:30Z</time>
<extensions>
<gpx10:speed>0.34861836</gpx10:speed></extensions></trkpt>
<trkpt lat="37.5503279" lon="126.7382886"><ele>130.75854</ele><time>2018-04-19T04:21:41Z</time>
<extensions>
<gpx10:speed>0.37535954</gpx10:speed></extensions></trkpt>
<trkpt lat="37.5504174" lon="126.7382742"><ele>130.5325</ele><time>2018-04-19T04:21:47Z</time>
<extensions>
<gpx10:speed>0.6940607</gpx10:speed></extensions></trkpt>
<trkpt lat="37.5505171" lon="126.7382865"><ele>130.05373</ele><time>2018-04-19T04:22:03Z</time>
<extensions>
<gpx10:speed>0.48712233</gpx10:speed></extensions></trkpt>
<trkpt lat="37.550615" lon="126.7383361"><ele>129.78555</ele><time>2018-04-19T04:22:09Z</time>
<extensions>
<gpx10:speed>0.49704313</gpx10:speed></extensions></trkpt>
<trkpt lat="37.5506912" lon="126.7384145"><ele>129.60132</ele><time>2018-04-19T04:22:13Z</time>
<extensions>
<gpx10:speed>1.0262452</gpx10:speed></extensions></trkpt>
<trkpt lat="37.550727" lon="126.7385229"><ele>129.35315</ele><time>2018-04-19T04:22:18Z</time>
<extensions>
<gpx10:speed>0.9101352</gpx10:speed></extensions></trkpt>
<trkpt lat="37.5507727" lon="126.7386232"><ele>129.01848</ele><time>2018-04-19T04:22:25Z</time>
<extensions>
<gpx10:speed>0.4489578</gpx10:speed></extensions></trkpt>
<trkpt lat="37.5508476" lon="126.7386888"><ele>128.71895</ele><time>2018-04-19T04:22:31Z</time>
<extensions>
<gpx10:speed>0.6370909</gpx10:speed></extensions></trkpt>
<trkpt lat="37.5508786" lon="126.7387988"><ele>128.27728</ele><time>2018-04-19T04:22:38Z</time>
<extensions>
<gpx10:speed>0.7405234</gpx10:speed></extensions></trkpt>
<trkpt lat="37.550875" lon="126.7389127"><ele>127.76864</ele><time>2018-04-19T04:22:45Z</time>
<extensions>
<gpx10:speed>0.6952452</gpx10:speed></extensions></trkpt>
<trkpt lat="37.5508796" lon="126.7390276"><ele>126.87142</ele><time>2018-04-19T04:22:56Z</time>
<extensions>
<gpx10:speed>0.4053955</gpx10:speed></extensions></trkpt>
<trkpt lat="37.5508793" lon="126.7391449"><ele>126.06652</ele><time>2018-04-19T04:23:05Z</time>
<extensions>
<gpx10:speed>0.8781468</gpx10:speed></extensions></trkpt>
<trkpt lat="37.5508883" lon="126.7392605"><ele>124.306816</ele><time>2018-04-19T04:23:25Z</time>
<extensions>
<gpx10:speed>0.32924262</gpx10:speed></extensions></trkpt>
<trkpt lat="37.550882" lon="126.7393792"><ele>122.90592</ele><time>2018-04-19T04:23:40Z</time>
<extensions>
<gpx10:speed>0.29951093</gpx10:speed></extensions></trkpt>
<trkpt lat="37.5509497" lon="126.7394621"><ele>121.37301</ele><time>2018-04-19T04:23:55Z</time>
<extensions>
<gpx10:speed>0.687626</gpx10:speed></extensions></trkpt>
<trkpt lat="37.551037" lon="126.7395101"><ele>120.471245</ele><time>2018-04-19T04:24:03Z</time>
<extensions>
<gpx10:speed>0.7707369</gpx10:speed></extensions></trkpt>
<trkpt lat="37.5510026" lon="126.739621"><ele>119.51032</ele><time>2018-04-19T04:24:10Z</time>
<extensions>
<gpx10:speed>1.0444391</gpx10:speed></extensions></trkpt>
<trkpt lat="37.5509337" lon="126.7397165"><ele>118.61627</ele><time>2018-04-19T04:24:16Z</time>
<extensions>
<gpx10:speed>1.2119863</gpx10:speed></extensions></trkpt>
<trkpt lat="37.5508777" lon="126.7398094"><ele>117.72594</ele><time>2018-04-19T04:24:23Z</time>
<extensions>
<gpx10:speed>0.06404452</gpx10:speed></extensions></trkpt>
<trkpt lat="37.5508094" lon="126.7398855"><ele>114.98446</ele><time>2018-04-19T04:24:45Z</time>
<extensions>
<gpx10:speed>1.0401812</gpx10:speed></extensions></trkpt>
<trkpt lat="37.5507874" lon="126.7400069"><ele>113.64783</ele><time>2018-04-19T04:24:55Z</time>
<extensions>
<gpx10:speed>1.1092203</gpx10:speed></extensions></trkpt>
<trkpt lat="37.5508107" lon="126.740121"><ele>111.83613</ele><time>2018-04-19T04:25:09Z</time>
<extensions>
<gpx10:speed>1.0494099</gpx10:speed></extensions></trkpt>
<trkpt lat="37.5508696" lon="126.7402155"><ele>110.21646</ele><time>2018-04-19T04:25:21Z</time>
<extensions>
<gpx10:speed>1.2031293</gpx10:speed></extensions></trkpt>
<trkpt lat="37.5509172" lon="126.7403159"><ele>108.95146</ele><time>2018-04-19T04:25:31Z</time>
<extensions>
<gpx10:speed>1.0062519</gpx10:speed></extensions></trkpt>
<trkpt lat="37.5509707" lon="126.7404254"><ele>107.94969</ele><time>2018-04-19T04:25:39Z</time>
<extensions>
<gpx10:speed>0.9726873</gpx10:speed></extensions></trkpt>
<trkpt lat="37.551024" lon="126.7405191"><ele>106.79641</ele><time>2018-04-19T04:25:48Z</time>
<extensions>
<gpx10:speed>1.0068809</gpx10:speed></extensions></trkpt>
<trkpt lat="37.5510768" lon="126.7406339"><ele>105.800606</ele><time>2018-04-19T04:25:56Z</time>
<extensions>
<gpx10:speed>1.1172231</gpx10:speed></extensions></trkpt>
<trkpt lat="37.5511276" lon="126.7407394"><ele>104.72056</ele><time>2018-04-19T04:26:05Z</time>
<extensions>
<gpx10:speed>1.0088459</gpx10:speed></extensions></trkpt>
<trkpt lat="37.5511914" lon="126.7408417"><ele>103.78626</ele><time>2018-04-19T04:26:13Z</time>
<extensions>
<gpx10:speed>1.055689</gpx10:speed></extensions></trkpt>
<trkpt lat="37.5512562" lon="126.7409363"><ele>102.856804</ele><time>2018-04-19T04:26:21Z</time>
<extensions>
<gpx10:speed>1.0358436</gpx10:speed></extensions></trkpt>
<trkpt lat="37.5512617" lon="126.7410686"><ele>102.16134</ele><time>2018-04-19T04:26:27Z</time>
<extensions>
<gpx10:speed>1.1067498</gpx10:speed></extensions></trkpt>
<trkpt lat="37.5512072" lon="126.7411695"><ele>101.576996</ele><time>2018-04-19T04:26:32Z</time>
<extensions>
<gpx10:speed>1.0899385</gpx10:speed></extensions></trkpt>
<trkpt lat="37.5511544" lon="126.7412872"><ele>100.86989</ele><time>2018-04-19T04:26:38Z</time>
<extensions>
<gpx10:speed>1.1366601</gpx10:speed></extensions></trkpt>
<trkpt lat="37.5510911" lon="126.7413875"><ele>100.166466</ele><time>2018-04-19T04:26:44Z</time>
<extensions>
<gpx10:speed>1.2082722</gpx10:speed></extensions></trkpt>
<trkpt lat="37.5510315" lon="126.7414788"><ele>99.37468</ele><time>2018-04-19T04:26:51Z</time>
<extensions>
<gpx10:speed>1.2325627</gpx10:speed></extensions></trkpt>
<trkpt lat="37.5509725" lon="126.7415735"><ele>98.521706</ele><time>2018-04-19T04:26:59Z</time>
<extensions>
<gpx10:speed>1.2401009</gpx10:speed></extensions></trkpt>
<trkpt lat="37.5509047" lon="126.7416601"><ele>97.72688</ele><time>2018-04-19T04:27:07Z</time>
<extensions>
<gpx10:speed>1.1567744</gpx10:speed></extensions></trkpt>
<trkpt lat="37.5508274" lon="126.7417383"><ele>97.08302</ele><time>2018-04-19T04:27:14Z</time>
<extensions>
<gpx10:speed>1.1999515</gpx10:speed></extensions></trkpt>
<trkpt lat="37.5507613" lon="126.7418335"><ele>96.38816</ele><time>2018-04-19T04:27:22Z</time>
<extensions>
<gpx10:speed>1.22146</gpx10:speed></extensions></trkpt>
<trkpt lat="37.5506877" lon="126.7419153"><ele>95.714874</ele><time>2018-04-19T04:27:30Z</time>
<extensions>
<gpx10:speed>1.2244371</gpx10:speed></extensions></trkpt>
<trkpt lat="37.5506407" lon="126.7420196"><ele>95.10597</ele><time>2018-04-19T04:27:37Z</time>
<extensions>
<gpx10:speed>1.1626043</gpx10:speed></extensions></trkpt>
<trkpt lat="37.5506024" lon="126.7421247"><ele>94.46878</ele><time>2018-04-19T04:27:44Z</time>
<extensions>
<gpx10:speed>1.1770133</gpx10:speed></extensions></trkpt>
<trkpt lat="37.5505591" lon="126.7422308"><ele>93.81814</ele><time>2018-04-19T04:27:51Z</time>
<extensions>
<gpx10:speed>1.239555</gpx10:speed></extensions></trkpt>
<trkpt lat="37.5504908" lon="126.7423089"><ele>93.08544</ele><time>2018-04-19T04:27:59Z</time>
<extensions>
<gpx10:speed>1.2117808</gpx10:speed></extensions></trkpt>
<trkpt lat="37.5504212" lon="126.742404"><ele>92.29523</ele><time>2018-04-19T04:28:08Z</time>
<extensions>
<gpx10:speed>1.2188842</gpx10:speed></extensions></trkpt>
<trkpt lat="37.5503603" lon="126.7424921"><ele>91.69608</ele><time>2018-04-19T04:28:15Z</time>
<extensions>
<gpx10:speed>1.1875744</gpx10:speed></extensions></trkpt>
<trkpt lat="37.5503224" lon="126.7425988"><ele>89.43009</ele><time>2018-04-19T04:28:43Z</time>
<extensions>
<gpx10:speed>1.1494529</gpx10:speed></extensions></trkpt>
<trkpt lat="37.5503447" lon="126.7427151"><ele>88.137764</ele><time>2018-04-19T04:28:54Z</time>
<extensions>
<gpx10:speed>0.8060544</gpx10:speed></extensions></trkpt>
<trkpt lat="37.5504022" lon="126.742806"><ele>87.173874</ele><time>2018-04-19T04:29:02Z</time>
<extensions>
<gpx10:speed>1.0256072</gpx10:speed></extensions></trkpt>
<trkpt lat="37.5504649" lon="126.7428928"><ele>86.18513</ele><time>2018-04-19T04:29:10Z</time>
<extensions>
<gpx10:speed>1.1041247</gpx10:speed></extensions></trkpt>
<trkpt lat="37.5505325" lon="126.7429694"><ele>85.42239</ele><time>2018-04-19T04:29:16Z</time>
<extensions>
<gpx10:speed>1.1864756</gpx10:speed></extensions></trkpt>
<trkpt lat="37.5506215" lon="126.7430754"><ele>84.884415</ele><time>2018-04-19T04:29:20Z</time>
<extensions>
<gpx10:speed>1.7304368</gpx10:speed></extensions></trkpt>
<trkpt lat="37.5506669" lon="126.7431849"><ele>84.318954</ele><time>2018-04-19T04:29:24Z</time>
<extensions>
<gpx10:speed>1.8180904</gpx10:speed></extensions></trkpt>
<trkpt lat="37.5506142" lon="126.7432784"><ele>83.887146</ele><time>2018-04-19T04:29:27Z</time>
<extensions>
<gpx10:speed>1.7369939</gpx10:speed></extensions></trkpt>
<trkpt lat="37.5505484" lon="126.7433583"><ele>83.19758</ele><time>2018-04-19T04:29:32Z</time>
<extensions>
<gpx10:speed>1.5026776</gpx10:speed></extensions></trkpt>
<trkpt lat="37.5504596" lon="126.7433372"><ele>82.18706</ele><time>2018-04-19T04:29:40Z</time>
<extensions>
<gpx10:speed>1.2050709</gpx10:speed></extensions></trkpt>
<trkpt lat="37.5503798" lon="126.7433917"><ele>81.14636</ele><time>2018-04-19T04:29:49Z</time>
<extensions>
<gpx10:speed>1.0112424</gpx10:speed></extensions></trkpt>
<trkpt lat="37.550317" lon="126.7434802"><ele>80.270645</ele><time>2018-04-19T04:29:57Z</time>
<extensions>
<gpx10:speed>1.0198948</gpx10:speed></extensions></trkpt>
<trkpt lat="37.5502512" lon="126.7435762"><ele>79.43342</ele><time>2018-04-19T04:30:05Z</time>
<extensions>
<gpx10:speed>1.0443822</gpx10:speed></extensions></trkpt>
<trkpt lat="37.5502063" lon="126.7436876"><ele>78.736046</ele><time>2018-04-19T04:30:12Z</time>
<extensions>
<gpx10:speed>1.1448061</gpx10:speed></extensions></trkpt>
<trkpt lat="37.5501583" lon="126.7437958"><ele>78.08324</ele><time>2018-04-19T04:30:19Z</time>
<extensions>
<gpx10:speed>1.1528524</gpx10:speed></extensions></trkpt>
<trkpt lat="37.5500897" lon="126.7438867"><ele>76.97129</ele><time>2018-04-19T04:30:32Z</time>
<extensions>
<gpx10:speed>1.0001601</gpx10:speed></extensions></trkpt>
<trkpt lat="37.5500569" lon="126.7439977"><ele>76.22002</ele><time>2018-04-19T04:30:41Z</time>
<extensions>
<gpx10:speed>1.1156273</gpx10:speed></extensions></trkpt>
<trkpt lat="37.550009" lon="126.7440967"><ele>75.732574</ele><time>2018-04-19T04:30:47Z</time>
<extensions>
<gpx10:speed>1.2351023</gpx10:speed></extensions></trkpt>
<trkpt lat="37.5499367" lon="126.7441888"><ele>75.20218</ele><time>2018-04-19T04:30:54Z</time>
<extensions>
<gpx10:speed>1.1194906</gpx10:speed></extensions></trkpt>
<trkpt lat="37.5498757" lon="126.744275"><ele>74.704956</ele><time>2018-04-19T04:31:01Z</time>
<extensions>
<gpx10:speed>1.1935003</gpx10:speed></extensions></trkpt>
<trkpt lat="37.5498345" lon="126.7443778"><ele>74.25182</ele><time>2018-04-19T04:31:08Z</time>
<extensions>
<gpx10:speed>1.2338821</gpx10:speed></extensions></trkpt>
<trkpt lat="37.5497899" lon="126.7444836"><ele>73.46889</ele><time>2018-04-19T04:31:21Z</time>
<extensions>
<gpx10:speed>1.003332</gpx10:speed></extensions></trkpt>
<trkpt lat="37.5497275" lon="126.7445757"><ele>73.133385</ele><time>2018-04-19T04:31:27Z</time>
<extensions>
<gpx10:speed>1.1478176</gpx10:speed></extensions></trkpt>
<trkpt lat="37.5496736" lon="126.7446815"><ele>72.7125</ele><time>2018-04-19T04:31:35Z</time>
<extensions>
<gpx10:speed>1.2623847</gpx10:speed></extensions></trkpt>
<trkpt lat="37.549628" lon="126.7447914"><ele>72.3166</ele><time>2018-04-19T04:31:43Z</time>
<extensions>
<gpx10:speed>1.3014575</gpx10:speed></extensions></trkpt>
<trkpt lat="37.549566" lon="126.7448782"><ele>72.00072</ele><time>2018-04-19T04:31:50Z</time>
<extensions>
<gpx10:speed>1.3799479</gpx10:speed></extensions></trkpt>
<trkpt lat="37.5495016" lon="126.7449607"><ele>71.66364</ele><time>2018-04-19T04:31:58Z</time>
<extensions>
<gpx10:speed>1.3072172</gpx10:speed></extensions></trkpt>
<trkpt lat="37.5494158" lon="126.7450311"><ele>71.33981</ele><time>2018-04-19T04:32:06Z</time>
<extensions>
<gpx10:speed>1.2230617</gpx10:speed></extensions></trkpt>
<trkpt lat="37.5493397" lon="126.7451087"><ele>71.01994</ele><time>2018-04-19T04:32:14Z</time>
<extensions>
<gpx10:speed>1.1790534</gpx10:speed></extensions></trkpt>
<trkpt lat="37.549266" lon="126.745191"><ele>70.71535</ele><time>2018-04-19T04:32:22Z</time>
<extensions>
<gpx10:speed>1.2185624</gpx10:speed></extensions></trkpt>
<trkpt lat="37.549187" lon="126.7452566"><ele>70.45148</ele><time>2018-04-19T04:32:29Z</time>
<extensions>
<gpx10:speed>1.2523168</gpx10:speed></extensions></trkpt>
<trkpt lat="37.5491113" lon="126.7453283"><ele>70.19964</ele><time>2018-04-19T04:32:36Z</time>
<extensions>
<gpx10:speed>1.2589419</gpx10:speed></extensions></trkpt>
<trkpt lat="37.5490396" lon="126.7454063"><ele>69.89338</ele><time>2018-04-19T04:32:45Z</time>
<extensions>
<gpx10:speed>1.2045771</gpx10:speed></extensions></trkpt>
<trkpt lat="37.5489549" lon="126.7454534"><ele>69.62673</ele><time>2018-04-19T04:32:53Z</time>
<extensions>
<gpx10:speed>1.1390611</gpx10:speed></extensions></trkpt>
<trkpt lat="37.5488783" lon="126.7455131"><ele>69.28648</ele><time>2018-04-19T04:33:02Z</time>
<extensions>
<gpx10:speed>1.2817739</gpx10:speed></extensions></trkpt>
<trkpt lat="37.5487914" lon="126.7455688"><ele>68.96067</ele><time>2018-04-19T04:33:10Z</time>
<extensions>
<gpx10:speed>1.1605017</gpx10:speed></extensions></trkpt>
<trkpt lat="37.5487185" lon="126.7456362"><ele>68.63512</ele><time>2018-04-19T04:33:18Z</time>
<extensions>
<gpx10:speed>1.0899155</gpx10:speed></extensions></trkpt>
<trkpt lat="37.5486288" lon="126.7456841"><ele>68.35733</ele><time>2018-04-19T04:33:25Z</time>
<extensions>
<gpx10:speed>1.1806518</gpx10:speed></extensions></trkpt>
<trkpt lat="37.5485518" lon="126.7457455"><ele>68.091</ele><time>2018-04-19T04:33:32Z</time>
<extensions>
<gpx10:speed>1.2139776</gpx10:speed></extensions></trkpt>
<trkpt lat="37.5484688" lon="126.7458052"><ele>67.79699</ele><time>2018-04-19T04:33:40Z</time>
<extensions>
<gpx10:speed>1.1793298</gpx10:speed></extensions></trkpt>
<trkpt lat="37.548382" lon="126.7458391"><ele>67.479294</ele><time>2018-04-19T04:33:49Z</time>
<extensions>
<gpx10:speed>1.1723794</gpx10:speed></extensions></trkpt>
<trkpt lat="37.5482947" lon="126.7458954"><ele>67.250244</ele><time>2018-04-19T04:33:56Z</time>
<extensions>
<gpx10:speed>1.1774548</gpx10:speed></extensions></trkpt>
<trkpt lat="37.5482101" lon="126.7459456"><ele>66.92985</ele><time>2018-04-19T04:34:17Z</time>
<extensions>
<gpx10:speed>0.5881781</gpx10:speed></extensions></trkpt>
<trkpt lat="37.5481191" lon="126.7459669"><ele>66.58828</ele><time>2018-04-19T04:34:27Z</time>
<extensions>
<gpx10:speed>0.99903256</gpx10:speed></extensions></trkpt>
<trkpt lat="37.5480333" lon="126.7460331"><ele>66.27625</ele><time>2018-04-19T04:34:36Z</time>
<extensions>
<gpx10:speed>0.99283254</gpx10:speed></extensions></trkpt>
<trkpt lat="37.5479526" lon="126.7461042"><ele>65.917725</ele><time>2018-04-19T04:34:47Z</time>
<extensions>
<gpx10:speed>1.0862705</gpx10:speed></extensions></trkpt>
<trkpt lat="37.5478583" lon="126.7461278"><ele>65.671394</ele><time>2018-04-19T04:34:55Z</time>
<extensions>
<gpx10:speed>1.1101264</gpx10:speed></extensions></trkpt>
<trkpt lat="37.5477624" lon="126.7461065"><ele>65.40654</ele><time>2018-04-19T04:35:04Z</time>
<extensions>
<gpx10:speed>1.0476835</gpx10:speed></extensions></trkpt>
<trkpt lat="37.5476688" lon="126.746066"><ele>65.172035</ele><time>2018-04-19T04:35:12Z</time>
<extensions>
<gpx10:speed>1.0672748</gpx10:speed></extensions></trkpt>
<trkpt lat="37.5475827" lon="126.7460109"><ele>64.88408</ele><time>2018-04-19T04:35:21Z</time>
<extensions>
<gpx10:speed>0.97563136</gpx10:speed></extensions></trkpt>
<trkpt lat="37.5474904" lon="126.7459745"><ele>64.603905</ele><time>2018-04-19T04:35:29Z</time>
<extensions>
<gpx10:speed>1.0562025</gpx10:speed></extensions></trkpt>
<trkpt lat="37.5473881" lon="126.7459702"><ele>64.18551</ele><time>2018-04-19T04:35:41Z</time>
<extensions>
<gpx10:speed>0.86897427</gpx10:speed></extensions></trkpt>
<trkpt lat="37.5472943" lon="126.7459487"><ele>63.887184</ele><time>2018-04-19T04:35:49Z</time>
<extensions>
<gpx10:speed>1.1350335</gpx10:speed></extensions></trkpt>
<trkpt lat="37.5472056" lon="126.7459243"><ele>63.626255</ele><time>2018-04-19T04:36:07Z</time>
<extensions>
<gpx10:speed>0.2040045</gpx10:speed></extensions></trkpt>
<trkpt lat="37.5472337" lon="126.7460421"><ele>62.904194</ele><time>2018-04-19T04:37:08Z</time>
<extensions>
<gpx10:speed>0.8222354</gpx10:speed></extensions></trkpt>
<trkpt lat="37.5471978" lon="126.7461514"><ele>62.675323</ele><time>2018-04-19T04:37:14Z</time>
<extensions>
<gpx10:speed>1.3916978</gpx10:speed></extensions></trkpt>
<trkpt lat="37.5471274" lon="126.746234"><ele>62.396107</ele><time>2018-04-19T04:37:22Z</time>
<extensions>
<gpx10:speed>1.2089828</gpx10:speed></extensions></trkpt>
<trkpt lat="37.5470341" lon="126.74622"><ele>62.178375</ele><time>2018-04-19T04:37:29Z</time>
<extensions>
<gpx10:speed>1.1383516</gpx10:speed></extensions></trkpt>
<trkpt lat="37.5469529" lon="126.7461561"><ele>61.920883</ele><time>2018-04-19T04:37:38Z</time>
<extensions>
<gpx10:speed>1.0580581</gpx10:speed></extensions></trkpt>
<trkpt lat="37.5468557" lon="126.7461064"><ele>61.690285</ele><time>2018-04-19T04:37:46Z</time>
<extensions>
<gpx10:speed>1.1159323</gpx10:speed></extensions></trkpt>
<trkpt lat="37.5467605" lon="126.7460748"><ele>61.455147</ele><time>2018-04-19T04:37:54Z</time>
<extensions>
<gpx10:speed>1.1757089</gpx10:speed></extensions></trkpt>
<trkpt lat="37.5466664" lon="126.7460545"><ele>61.246403</ele><time>2018-04-19T04:38:01Z</time>
<extensions>
<gpx10:speed>1.2471535</gpx10:speed></extensions></trkpt>
<trkpt lat="37.5465691" lon="126.7460325"><ele>61.00773</ele><time>2018-04-19T04:38:09Z</time>
<extensions>
<gpx10:speed>1.2143216</gpx10:speed></extensions></trkpt>
<trkpt lat="37.5464765" lon="126.7460278"><ele>60.77301</ele><time>2018-04-19T04:38:17Z</time>
<extensions>
<gpx10:speed>1.2042218</gpx10:speed></extensions></trkpt>
<trkpt lat="37.5464336" lon="126.7461334"><ele>60.60013</ele><time>2018-04-19T04:38:23Z</time>
<extensions>
<gpx10:speed>1.1700103</gpx10:speed></extensions></trkpt>
<trkpt lat="37.5463986" lon="126.7462534"><ele>60.408394</ele><time>2018-04-19T04:38:30Z</time>
<extensions>
<gpx10:speed>1.2681884</gpx10:speed></extensions></trkpt>
<trkpt lat="37.5463608" lon="126.7463643"><ele>60.22114</ele><time>2018-04-19T04:38:37Z</time>
<extensions>
<gpx10:speed>1.2939483</gpx10:speed></extensions></trkpt>
<trkpt lat="37.5462635" lon="126.7463505"><ele>60.017757</ele><time>2018-04-19T04:38:45Z</time>
<extensions>
<gpx10:speed>1.342248</gpx10:speed></extensions></trkpt>
<trkpt lat="37.5461795" lon="126.7462991"><ele>59.847443</ele><time>2018-04-19T04:38:52Z</time>
<extensions>
<gpx10:speed>1.3444176</gpx10:speed></extensions></trkpt>
<trkpt lat="37.5460871" lon="126.7462439"><ele>59.64989</ele><time>2018-04-19T04:39:00Z</time>
<extensions>
<gpx10:speed>1.3235469</gpx10:speed></extensions></trkpt>
<trkpt lat="37.5459974" lon="126.7461953"><ele>59.44691</ele><time>2018-04-19T04:39:08Z</time>
<extensions>
<gpx10:speed>1.3020171</gpx10:speed></extensions></trkpt>
<trkpt lat="37.5459039" lon="126.746143"><ele>59.233906</ele><time>2018-04-19T04:39:16Z</time>
<extensions>
<gpx10:speed>1.2697636</gpx10:speed></extensions></trkpt>
<trkpt lat="37.545805" lon="126.7461136"><ele>59.035496</ele><time>2018-04-19T04:39:23Z</time>
<extensions>
<gpx10:speed>1.3305411</gpx10:speed></extensions></trkpt>
<trkpt lat="37.5457115" lon="126.7460979"><ele>58.83847</ele><time>2018-04-19T04:39:30Z</time>
<extensions>
<gpx10:speed>1.3525213</gpx10:speed></extensions></trkpt>
<trkpt lat="37.5456251" lon="126.7460555"><ele>58.614918</ele><time>2018-04-19T04:39:38Z</time>
<extensions>
<gpx10:speed>1.3497107</gpx10:speed></extensions></trkpt>
<trkpt lat="37.5455265" lon="126.7460272"><ele>58.394573</ele><time>2018-04-19T04:39:46Z</time>
<extensions>
<gpx10:speed>1.3282268</gpx10:speed></extensions></trkpt>
<trkpt lat="37.5454349" lon="126.7460051"><ele>58.180008</ele><time>2018-04-19T04:39:54Z</time>
<extensions>
<gpx10:speed>1.2709935</gpx10:speed></extensions></trkpt>
<trkpt lat="37.5453427" lon="126.7459924"><ele>57.97133</ele><time>2018-04-19T04:40:02Z</time>
<extensions>
<gpx10:speed>1.2621156</gpx10:speed></extensions></trkpt>
<trkpt lat="37.5452499" lon="126.745988"><ele>57.795685</ele><time>2018-04-19T04:40:09Z</time>
<extensions>
<gpx10:speed>1.2653357</gpx10:speed></extensions></trkpt>
<trkpt lat="37.5451589" lon="126.7459744"><ele>57.625095</ele><time>2018-04-19T04:40:16Z</time>
<extensions>
<gpx10:speed>1.2445292</gpx10:speed></extensions></trkpt>
<trkpt lat="37.5450583" lon="126.7459697"><ele>57.45841</ele><time>2018-04-19T04:40:23Z</time>
<extensions>
<gpx10:speed>1.2535781</gpx10:speed></extensions></trkpt>
<trkpt lat="37.5449613" lon="126.7459626"><ele>57.300365</ele><time>2018-04-19T04:40:30Z</time>
<extensions>
<gpx10:speed>1.2896663</gpx10:speed></extensions></trkpt>
<trkpt lat="37.5448633" lon="126.7459562"><ele>57.128014</ele><time>2018-04-19T04:40:38Z</time>
<extensions>
<gpx10:speed>1.3388215</gpx10:speed></extensions></trkpt>
<trkpt lat="37.544766" lon="126.7459437"><ele>56.944096</ele><time>2018-04-19T04:40:47Z</time>
<extensions>
<gpx10:speed>1.346661</gpx10:speed></extensions></trkpt>
<trkpt lat="37.5442777" lon="126.745851"><ele>55.923313</ele><time>2018-04-19T04:41:27Z</time>
<extensions>
<gpx10:speed>1.3838712</gpx10:speed></extensions></trkpt>
<trkpt lat="37.5441876" lon="126.7458676"><ele>55.933647</ele><time>2018-04-19T04:41:40Z</time>
<extensions>
<gpx10:speed>1.0133414</gpx10:speed></extensions></trkpt>
<trkpt lat="37.5440903" lon="126.7458524"><ele>56.123882</ele><time>2018-04-19T04:41:55Z</time>
<extensions>
<gpx10:speed>1.115789</gpx10:speed></extensions></trkpt>
<trkpt lat="37.5439891" lon="126.7458284"><ele>56.18801</ele><time>2018-04-19T04:41:59Z</time>
<extensions>
<gpx10:speed>1.134177</gpx10:speed></extensions></trkpt>
<trkpt lat="37.5438977" lon="126.7457984"><ele>56.187565</ele><time>2018-04-19T04:42:04Z</time>
<extensions>
<gpx10:speed>1.1880146</gpx10:speed></extensions></trkpt>
<trkpt lat="37.5438016" lon="126.7457839"><ele>56.06295</ele><time>2018-04-19T04:42:10Z</time>
<extensions>
<gpx10:speed>1.1821835</gpx10:speed></extensions></trkpt>
<trkpt lat="37.5437005" lon="126.7457855"><ele>55.801655</ele><time>2018-04-19T04:42:18Z</time>
<extensions>
<gpx10:speed>1.3069445</gpx10:speed></extensions></trkpt>
<trkpt lat="37.5435981" lon="126.7457824"><ele>55.413174</ele><time>2018-04-19T04:42:27Z</time>
<extensions>
<gpx10:speed>1.2153846</gpx10:speed></extensions></trkpt>
<trkpt lat="37.5434944" lon="126.7457732"><ele>54.942005</ele><time>2018-04-19T04:42:36Z</time>
<extensions>
<gpx10:speed>1.0561901</gpx10:speed></extensions></trkpt>
<trkpt lat="37.5433992" lon="126.7457454"><ele>54.48701</ele><time>2018-04-19T04:42:43Z</time>
<extensions>
<gpx10:speed>1.1125401</gpx10:speed></extensions></trkpt>
<trkpt lat="37.5433067" lon="126.7457386"><ele>53.772255</ele><time>2018-04-19T04:42:53Z</time>
<extensions>
<gpx10:speed>1.156585</gpx10:speed></extensions></trkpt>
<trkpt lat="37.5432131" lon="126.7457406"><ele>53.28838</ele><time>2018-04-19T04:43:00Z</time>
<extensions>
<gpx10:speed>1.2148247</gpx10:speed></extensions></trkpt>
<trkpt lat="37.5431219" lon="126.7457281"><ele>52.97279</ele><time>2018-04-19T04:43:05Z</time>
<extensions>
<gpx10:speed>1.2465842</gpx10:speed></extensions></trkpt>
<trkpt lat="37.5430246" lon="126.745712"><ele>52.519855</ele><time>2018-04-19T04:43:13Z</time>
<extensions>
<gpx10:speed>1.2339516</gpx10:speed></extensions></trkpt>
<trkpt lat="37.5429348" lon="126.7456854"><ele>52.01261</ele><time>2018-04-19T04:43:23Z</time>
<extensions>
<gpx10:speed>0.98095644</gpx10:speed></extensions></trkpt>
<trkpt lat="37.5428362" lon="126.7456647"><ele>51.62929</ele><time>2018-04-19T04:43:31Z</time>
<extensions>
<gpx10:speed>1.0126723</gpx10:speed></extensions></trkpt>
<trkpt lat="37.5427328" lon="126.7456458"><ele>51.34074</ele><time>2018-04-19T04:43:38Z</time>
<extensions>
<gpx10:speed>1.0584587</gpx10:speed></extensions></trkpt>
<trkpt lat="37.542634" lon="126.7456419"><ele>51.09244</ele><time>2018-04-19T04:43:45Z</time>
<extensions>
<gpx10:speed>1.1286725</gpx10:speed></extensions></trkpt>
<trkpt lat="37.5425423" lon="126.7456404"><ele>50.90267</ele><time>2018-04-19T04:43:51Z</time>
<extensions>
<gpx10:speed>1.2055434</gpx10:speed></extensions></trkpt>
<trkpt lat="37.5424384" lon="126.7456225"><ele>50.609</ele><time>2018-04-19T04:44:00Z</time>
<extensions>
<gpx10:speed>1.2097608</gpx10:speed></extensions></trkpt>
<trkpt lat="37.5423437" lon="126.7456067"><ele>50.38463</ele><time>2018-04-19T04:44:07Z</time>
<extensions>
<gpx10:speed>1.22034</gpx10:speed></extensions></trkpt>
<trkpt lat="37.5422478" lon="126.7455988"><ele>50.14465</ele><time>2018-04-19T04:44:15Z</time>
<extensions>
<gpx10:speed>1.231788</gpx10:speed></extensions></trkpt>
<trkpt lat="37.5421513" lon="126.7455856"><ele>49.86231</ele><time>2018-04-19T04:44:24Z</time>
<extensions>
<gpx10:speed>1.2006392</gpx10:speed></extensions></trkpt>
<trkpt lat="37.5420504" lon="126.7455699"><ele>49.619984</ele><time>2018-04-19T04:44:32Z</time>
<extensions>
<gpx10:speed>1.251215</gpx10:speed></extensions></trkpt>
<trkpt lat="37.5419603" lon="126.745558"><ele>49.42235</ele><time>2018-04-19T04:44:39Z</time>
<extensions>
<gpx10:speed>1.2845223</gpx10:speed></extensions></trkpt>
<trkpt lat="37.541866" lon="126.7455236"><ele>49.221996</ele><time>2018-04-19T04:44:47Z</time>
<extensions>
<gpx10:speed>1.212227</gpx10:speed></extensions></trkpt>
<trkpt lat="37.541777" lon="126.745502"><ele>49.03666</ele><time>2018-04-19T04:44:54Z</time>
<extensions>
<gpx10:speed>1.2503545</gpx10:speed></extensions></trkpt>
<trkpt lat="37.5416855" lon="126.7454792"><ele>48.811295</ele><time>2018-04-19T04:45:02Z</time>
<extensions>
<gpx10:speed>1.3133025</gpx10:speed></extensions></trkpt>
<trkpt lat="37.5415831" lon="126.7454613"><ele>48.565357</ele><time>2018-04-19T04:45:10Z</time>
<extensions>
<gpx10:speed>1.3357173</gpx10:speed></extensions></trkpt>
<trkpt lat="37.5414933" lon="126.7454508"><ele>48.338146</ele><time>2018-04-19T04:45:17Z</time>
<extensions>
<gpx10:speed>1.311529</gpx10:speed></extensions></trkpt>
<trkpt lat="37.5413975" lon="126.7454382"><ele>48.109497</ele><time>2018-04-19T04:45:24Z</time>
<extensions>
<gpx10:speed>1.2256442</gpx10:speed></extensions></trkpt>
<trkpt lat="37.5412992" lon="126.7454366"><ele>47.867565</ele><time>2018-04-19T04:45:32Z</time>
<extensions>
<gpx10:speed>1.2090651</gpx10:speed></extensions></trkpt>
<trkpt lat="37.5412022" lon="126.7454371"><ele>47.685658</ele><time>2018-04-19T04:45:39Z</time>
<extensions>
<gpx10:speed>1.3067222</gpx10:speed></extensions></trkpt>
<trkpt lat="37.5411053" lon="126.7454208"><ele>47.525208</ele><time>2018-04-19T04:45:46Z</time>
<extensions>
<gpx10:speed>1.30103</gpx10:speed></extensions></trkpt>
<trkpt lat="37.5410148" lon="126.7453729"><ele>47.377743</ele><time>2018-04-19T04:45:53Z</time>
<extensions>
<gpx10:speed>1.3066584</gpx10:speed></extensions></trkpt>
<trkpt lat="37.540913" lon="126.7453433"><ele>47.221546</ele><time>2018-04-19T04:46:01Z</time>
<extensions>
<gpx10:speed>1.2995975</gpx10:speed></extensions></trkpt>
<trkpt lat="37.5408227" lon="126.7453233"><ele>47.074444</ele><time>2018-04-19T04:46:10Z</time>
<extensions>
<gpx10:speed>1.2052896</gpx10:speed></extensions></trkpt>
<trkpt lat="37.5407275" lon="126.7452922"><ele>46.953587</ele><time>2018-04-19T04:46:18Z</time>
<extensions>
<gpx10:speed>1.229112</gpx10:speed></extensions></trkpt>
<trkpt lat="37.5406383" lon="126.7452718"><ele>46.82141</ele><time>2018-04-19T04:46:26Z</time>
<extensions>
<gpx10:speed>0.79162574</gpx10:speed></extensions></trkpt>
<trkpt lat="37.5405473" lon="126.7452409"><ele>46.644833</ele><time>2018-04-19T04:46:36Z</time>
<extensions>
<gpx10:speed>1.0478233</gpx10:speed></extensions></trkpt>
<trkpt lat="37.5404474" lon="126.7452361"><ele>46.49898</ele><time>2018-04-19T04:46:44Z</time>
<extensions>
<gpx10:speed>1.1359085</gpx10:speed></extensions></trkpt>
<trkpt lat="37.5403469" lon="126.7452253"><ele>46.36393</ele><time>2018-04-19T04:46:52Z</time>
<extensions>
<gpx10:speed>1.2123225</gpx10:speed></extensions></trkpt>
<trkpt lat="37.5402557" lon="126.7451973"><ele>46.271534</ele><time>2018-04-19T04:46:58Z</time>
<extensions>
<gpx10:speed>1.2564987</gpx10:speed></extensions></trkpt>
<trkpt lat="37.5401648" lon="126.745179"><ele>46.15705</ele><time>2018-04-19T04:47:06Z</time>
<extensions>
<gpx10:speed>1.3002226</gpx10:speed></extensions></trkpt>
<trkpt lat="37.5400669" lon="126.7451672"><ele>46.021774</ele><time>2018-04-19T04:47:16Z</time>
<extensions>
<gpx10:speed>1.2063886</gpx10:speed></extensions></trkpt>
<trkpt lat="37.5399698" lon="126.7451663"><ele>45.92081</ele><time>2018-04-19T04:47:24Z</time>
<extensions>
<gpx10:speed>1.3738881</gpx10:speed></extensions></trkpt>
<trkpt lat="37.5398772" lon="126.7451407"><ele>45.821796</ele><time>2018-04-19T04:47:33Z</time>
<extensions>
<gpx10:speed>1.3296708</gpx10:speed></extensions></trkpt>
<trkpt lat="37.5397857" lon="126.7451096"><ele>45.739643</ele><time>2018-04-19T04:47:41Z</time>
<extensions>
<gpx10:speed>1.3002098</gpx10:speed></extensions></trkpt>
<trkpt lat="37.539695" lon="126.7451076"><ele>45.673965</ele><time>2018-04-19T04:47:48Z</time>
<extensions>
<gpx10:speed>1.2655185</gpx10:speed></extensions></trkpt>
<trkpt lat="37.5396012" lon="126.7451069"><ele>45.60384</ele><time>2018-04-19T04:47:56Z</time>
<extensions>
<gpx10:speed>1.2043481</gpx10:speed></extensions></trkpt>
<trkpt lat="37.5395111" lon="126.7450942"><ele>45.527798</ele><time>2018-04-19T04:48:04Z</time>
<extensions>
<gpx10:speed>1.1983032</gpx10:speed></extensions></trkpt>
<trkpt lat="37.539422" lon="126.745069"><ele>45.45538</ele><time>2018-04-19T04:48:12Z</time>
<extensions>
<gpx10:speed>1.1903144</gpx10:speed></extensions></trkpt>
<trkpt lat="37.5393318" lon="126.7450519"><ele>45.40246</ele><time>2018-04-19T04:48:19Z</time>
<extensions>
<gpx10:speed>1.1964345</gpx10:speed></extensions></trkpt>
<trkpt lat="37.5392419" lon="126.7450268"><ele>45.349884</ele><time>2018-04-19T04:48:27Z</time>
<extensions>
<gpx10:speed>1.1740891</gpx10:speed></extensions></trkpt>
<trkpt lat="37.5391522" lon="126.7450067"><ele>45.309982</ele><time>2018-04-19T04:48:35Z</time>
<extensions>
<gpx10:speed>1.1081848</gpx10:speed></extensions></trkpt>
<trkpt lat="37.5390597" lon="126.7449905"><ele>45.276108</ele><time>2018-04-19T04:48:43Z</time>
<extensions>
<gpx10:speed>1.1235304</gpx10:speed></extensions></trkpt>
<trkpt lat="37.5389629" lon="126.7449769"><ele>45.25281</ele><time>2018-04-19T04:48:50Z</time>
<extensions>
<gpx10:speed>1.2218442</gpx10:speed></extensions></trkpt>
<trkpt lat="37.5388662" lon="126.7449712"><ele>45.230843</ele><time>2018-04-19T04:48:58Z</time>
<extensions>
<gpx10:speed>1.1829042</gpx10:speed></extensions></trkpt>
<trkpt lat="37.5387668" lon="126.744946"><ele>45.211033</ele><time>2018-04-19T04:49:06Z</time>
<extensions>
<gpx10:speed>1.2137823</gpx10:speed></extensions></trkpt>
<trkpt lat="37.538673" lon="126.7449254"><ele>45.194546</ele><time>2018-04-19T04:49:13Z</time>
<extensions>
<gpx10:speed>1.2203861</gpx10:speed></extensions></trkpt>
<trkpt lat="37.538578" lon="126.7449241"><ele>45.172657</ele><time>2018-04-19T04:49:20Z</time>
<extensions>
<gpx10:speed>1.2555157</gpx10:speed></extensions></trkpt>
<trkpt lat="37.5384792" lon="126.7449188"><ele>45.149055</ele><time>2018-04-19T04:49:28Z</time>
<extensions>
<gpx10:speed>1.2289369</gpx10:speed></extensions></trkpt>
<trkpt lat="37.5383815" lon="126.7449041"><ele>45.123634</ele><time>2018-04-19T04:49:36Z</time>
<extensions>
<gpx10:speed>1.2568239</gpx10:speed></extensions></trkpt>
<trkpt lat="37.5382905" lon="126.7448836"><ele>45.09757</ele><time>2018-04-19T04:49:44Z</time>
<extensions>
<gpx10:speed>1.2023597</gpx10:speed></extensions></trkpt>
<trkpt lat="37.5382003" lon="126.7448659"><ele>45.073433</ele><time>2018-04-19T04:49:52Z</time>
<extensions>
<gpx10:speed>1.1006312</gpx10:speed></extensions></trkpt>
<trkpt lat="37.5380987" lon="126.7448524"><ele>45.050415</ele><time>2018-04-19T04:50:00Z</time>
<extensions>
<gpx10:speed>1.1201326</gpx10:speed></extensions></trkpt>
<trkpt lat="37.5380157" lon="126.7449059"><ele>45.020416</ele><time>2018-04-19T04:50:08Z</time>
<extensions>
<gpx10:speed>0.9935789</gpx10:speed></extensions></trkpt>
<trkpt lat="37.5379581" lon="126.7449951"><ele>44.979557</ele><time>2018-04-19T04:50:16Z</time>
<extensions>
<gpx10:speed>0.8711813</gpx10:speed></extensions></trkpt>
<trkpt lat="37.5378623" lon="126.7449706"><ele>44.03909</ele><time>2018-04-19T04:59:34Z</time>
<extensions>
<gpx10:speed>0.61076236</gpx10:speed></extensions></trkpt>
<trkpt lat="37.5378227" lon="126.7448518"><ele>44.003666</ele><time>2018-04-19T04:59:41Z</time>
<extensions>
<gpx10:speed>0.66290617</gpx10:speed></extensions></trkpt>
<trkpt lat="37.5377364" lon="126.7447869"><ele>43.974808</ele><time>2018-04-19T04:59:51Z</time>
<extensions>
<gpx10:speed>0.8620549</gpx10:speed></extensions></trkpt>
<trkpt lat="37.5376653" lon="126.7447164"><ele>43.95597</ele><time>2018-04-19T04:59:59Z</time>
<extensions>
<gpx10:speed>0.9811055</gpx10:speed></extensions></trkpt>
<trkpt lat="37.537571" lon="126.7447119"><ele>43.936867</ele><time>2018-04-19T05:00:07Z</time>
<extensions>
<gpx10:speed>1.1249664</gpx10:speed></extensions></trkpt>
<trkpt lat="37.5374772" lon="126.7447147"><ele>43.914303</ele><time>2018-04-19T05:00:16Z</time>
<extensions>
<gpx10:speed>1.0652941</gpx10:speed></extensions></trkpt>
<trkpt lat="37.5373885" lon="126.7446754"><ele>43.906506</ele><time>2018-04-19T05:00:24Z</time>
<extensions>
<gpx10:speed>0.9818711</gpx10:speed></extensions></trkpt>
<trkpt lat="37.5372882" lon="126.7446698"><ele>43.916267</ele><time>2018-04-19T05:00:33Z</time>
<extensions>
<gpx10:speed>1.0107496</gpx10:speed></extensions></trkpt>
<trkpt lat="37.5371917" lon="126.7446668"><ele>43.928852</ele><time>2018-04-19T05:00:40Z</time>
<extensions>
<gpx10:speed>1.0296296</gpx10:speed></extensions></trkpt>
<trkpt lat="37.5370893" lon="126.7446842"><ele>43.94977</ele><time>2018-04-19T05:00:45Z</time>
<extensions>
<gpx10:speed>1.0589097</gpx10:speed></extensions></trkpt>
<trkpt lat="37.5369907" lon="126.7446758"><ele>44.010098</ele><time>2018-04-19T05:00:53Z</time>
<extensions>
<gpx10:speed>1.0665426</gpx10:speed></extensions></trkpt>
<trkpt lat="37.5369007" lon="126.7446583"><ele>44.08567</ele><time>2018-04-19T05:01:01Z</time>
<extensions>
<gpx10:speed>1.072769</gpx10:speed></extensions></trkpt>
<trkpt lat="37.5367966" lon="126.7446502"><ele>44.18483</ele><time>2018-04-19T05:01:10Z</time>
<extensions>
<gpx10:speed>1.0873353</gpx10:speed></extensions></trkpt>
<trkpt lat="37.5366986" lon="126.7446256"><ele>44.286995</ele><time>2018-04-19T05:01:19Z</time>
<extensions>
<gpx10:speed>0.9333482</gpx10:speed></extensions></trkpt>
<trkpt lat="37.5366152" lon="126.7445816"><ele>44.356133</ele><time>2018-04-19T05:01:25Z</time>
<extensions>
<gpx10:speed>0.96224195</gpx10:speed></extensions></trkpt>
<trkpt lat="37.5365258" lon="126.7445521"><ele>44.436077</ele><time>2018-04-19T05:01:32Z</time>
<extensions>
<gpx10:speed>1.0952493</gpx10:speed></extensions></trkpt>
<trkpt lat="37.5364217" lon="126.7445251"><ele>44.534206</ele><time>2018-04-19T05:01:41Z</time>
<extensions>
<gpx10:speed>1.1336927</gpx10:speed></extensions></trkpt>
<trkpt lat="37.5363245" lon="126.7445176"><ele>44.610455</ele><time>2018-04-19T05:01:49Z</time>
<extensions>
<gpx10:speed>1.1469575</gpx10:speed></extensions></trkpt>
<trkpt lat="37.5362295" lon="126.7444813"><ele>44.715588</ele><time>2018-04-19T05:01:59Z</time>
<extensions>
<gpx10:speed>1.0473483</gpx10:speed></extensions></trkpt>
<trkpt lat="37.5361322" lon="126.7444911"><ele>44.792347</ele><time>2018-04-19T05:02:06Z</time>
<extensions>
<gpx10:speed>1.0193164</gpx10:speed></extensions></trkpt>
<trkpt lat="37.5360392" lon="126.744473"><ele>44.85869</ele><time>2018-04-19T05:02:12Z</time>
<extensions>
<gpx10:speed>1.0871577</gpx10:speed></extensions></trkpt>
<trkpt lat="37.5359399" lon="126.7444314"><ele>44.948273</ele><time>2018-04-19T05:02:20Z</time>
<extensions>
<gpx10:speed>1.1021678</gpx10:speed></extensions></trkpt>
<trkpt lat="37.5358432" lon="126.744412"><ele>45.031204</ele><time>2018-04-19T05:02:27Z</time>
<extensions>
<gpx10:speed>1.2106354</gpx10:speed></extensions></trkpt>
<trkpt lat="37.5357391" lon="126.744403"><ele>45.11899</ele><time>2018-04-19T05:02:34Z</time>
<extensions>
<gpx10:speed>1.2402856</gpx10:speed></extensions></trkpt>
<trkpt lat="37.5356461" lon="126.744382"><ele>45.20829</ele><time>2018-04-19T05:02:41Z</time>
<extensions>
<gpx10:speed>1.2397708</gpx10:speed></extensions></trkpt>
<trkpt lat="37.5355548" lon="126.7443505"><ele>45.303684</ele><time>2018-04-19T05:02:49Z</time>
<extensions>
<gpx10:speed>1.1751763</gpx10:speed></extensions></trkpt>
<trkpt lat="37.535451" lon="126.7443454"><ele>45.426907</ele><time>2018-04-19T05:02:58Z</time>
<extensions>
<gpx10:speed>1.1533442</gpx10:speed></extensions></trkpt>
<trkpt lat="37.5353561" lon="126.7443252"><ele>45.55315</ele><time>2018-04-19T05:03:06Z</time>
<extensions>
<gpx10:speed>1.2061744</gpx10:speed></extensions></trkpt>
<trkpt lat="37.5352549" lon="126.7443187"><ele>45.70966</ele><time>2018-04-19T05:03:15Z</time>
<extensions>
<gpx10:speed>1.1746349</gpx10:speed></extensions></trkpt>
<trkpt lat="37.5351635" lon="126.7442897"><ele>45.85602</ele><time>2018-04-19T05:03:23Z</time>
<extensions>
<gpx10:speed>1.15256</gpx10:speed></extensions></trkpt>
<trkpt lat="37.5350688" lon="126.744276"><ele>46.000164</ele><time>2018-04-19T05:03:31Z</time>
<extensions>
<gpx10:speed>1.1116658</gpx10:speed></extensions></trkpt>
<trkpt lat="37.5349726" lon="126.7443089"><ele>46.084263</ele><time>2018-04-19T05:03:36Z</time>
<extensions>
<gpx10:speed>1.1912733</gpx10:speed></extensions></trkpt>
<trkpt lat="37.534883" lon="126.7442786"><ele>46.191326</ele><time>2018-04-19T05:03:43Z</time>
<extensions>
<gpx10:speed>1.2547756</gpx10:speed></extensions></trkpt>
<trkpt lat="37.5347933" lon="126.744252"><ele>46.284847</ele><time>2018-04-19T05:03:50Z</time>
<extensions>
<gpx10:speed>1.2224399</gpx10:speed></extensions></trkpt>
<trkpt lat="37.5346953" lon="126.7442253"><ele>46.380554</ele><time>2018-04-19T05:03:58Z</time>
<extensions>
<gpx10:speed>1.2362859</gpx10:speed></extensions></trkpt>
<trkpt lat="37.5346021" lon="126.7442073"><ele>46.457264</ele><time>2018-04-19T05:04:05Z</time>
<extensions>
<gpx10:speed>1.2666748</gpx10:speed></extensions></trkpt>
<trkpt lat="37.5345019" lon="126.7441748"><ele>46.539455</ele><time>2018-04-19T05:04:14Z</time>
<extensions>
<gpx10:speed>1.2355095</gpx10:speed></extensions></trkpt>
<trkpt lat="37.5344037" lon="126.7441466"><ele>46.601196</ele><time>2018-04-19T05:04:22Z</time>
<extensions>
<gpx10:speed>1.2408272</gpx10:speed></extensions></trkpt>
<trkpt lat="37.534308" lon="126.7441273"><ele>46.640938</ele><time>2018-04-19T05:04:29Z</time>
<extensions>
<gpx10:speed>1.2772801</gpx10:speed></extensions></trkpt>
<trkpt lat="37.5342179" lon="126.7441099"><ele>46.669407</ele><time>2018-04-19T05:04:37Z</time>
<extensions>
<gpx10:speed>1.2565161</gpx10:speed></extensions></trkpt>
<trkpt lat="37.5341212" lon="126.744091"><ele>46.682133</ele><time>2018-04-19T05:04:45Z</time>
<extensions>
<gpx10:speed>1.243763</gpx10:speed></extensions></trkpt>
<trkpt lat="37.53403" lon="126.7440721"><ele>46.68351</ele><time>2018-04-19T05:04:52Z</time>
<extensions>
<gpx10:speed>1.2166498</gpx10:speed></extensions></trkpt>
<trkpt lat="37.5339311" lon="126.7440466"><ele>46.677353</ele><time>2018-04-19T05:04:59Z</time>
<extensions>
<gpx10:speed>1.2779485</gpx10:speed></extensions></trkpt>
<trkpt lat="37.5338322" lon="126.7440289"><ele>46.666</ele><time>2018-04-19T05:05:07Z</time>
<extensions>
<gpx10:speed>1.238785</gpx10:speed></extensions></trkpt>
<trkpt lat="37.5337455" lon="126.7439958"><ele>46.647026</ele><time>2018-04-19T05:05:15Z</time>
<extensions>
<gpx10:speed>1.1446891</gpx10:speed></extensions></trkpt>
<trkpt lat="37.53365" lon="126.7439783"><ele>46.622562</ele><time>2018-04-19T05:05:22Z</time>
<extensions>
<gpx10:speed>1.1424841</gpx10:speed></extensions></trkpt>
<trkpt lat="37.53355" lon="126.7439757"><ele>46.59784</ele><time>2018-04-19T05:05:30Z</time>
<extensions>
<gpx10:speed>1.1589992</gpx10:speed></extensions></trkpt>
<trkpt lat="37.5334552" lon="126.7439933"><ele>46.581093</ele><time>2018-04-19T05:05:37Z</time>
<extensions>
<gpx10:speed>1.2020459</gpx10:speed></extensions></trkpt>
<trkpt lat="37.533359" lon="126.7439935"><ele>46.5605</ele><time>2018-04-19T05:05:45Z</time>
<extensions>
<gpx10:speed>1.1759454</gpx10:speed></extensions></trkpt>
<trkpt lat="37.5332851" lon="126.7439047"><ele>46.53122</ele><time>2018-04-19T05:05:54Z</time>
<extensions>
<gpx10:speed>1.097224</gpx10:speed></extensions></trkpt>
<trkpt lat="37.5331918" lon="126.7438802"><ele>46.486507</ele><time>2018-04-19T05:06:04Z</time>
<extensions>
<gpx10:speed>0.96756345</gpx10:speed></extensions></trkpt>
<trkpt lat="37.5330935" lon="126.7439241"><ele>46.44485</ele><time>2018-04-19T05:06:13Z</time>
<extensions>
<gpx10:speed>0.9610883</gpx10:speed></extensions></trkpt>
<trkpt lat="37.5329896" lon="126.7439533"><ele>46.425415</ele><time>2018-04-19T05:06:18Z</time>
<extensions>
<gpx10:speed>0.97624356</gpx10:speed></extensions></trkpt>
<trkpt lat="37.532896" lon="126.7439344"><ele>46.4069</ele><time>2018-04-19T05:06:24Z</time>
<extensions>
<gpx10:speed>1.0197998</gpx10:speed></extensions></trkpt>
<trkpt lat="37.5328007" lon="126.7439103"><ele>46.394302</ele><time>2018-04-19T05:06:31Z</time>
<extensions>
<gpx10:speed>0.883383</gpx10:speed></extensions></trkpt>
<trkpt lat="37.5327081" lon="126.7439064"><ele>46.408867</ele><time>2018-04-19T05:06:39Z</time>
<extensions>
<gpx10:speed>0.9019991</gpx10:speed></extensions></trkpt>
<trkpt lat="37.5326333" lon="126.7439827"><ele>46.48537</ele><time>2018-04-19T05:06:52Z</time>
<extensions>
<gpx10:speed>0.9705811</gpx10:speed></extensions></trkpt>
<trkpt lat="37.5325361" lon="126.7439611"><ele>46.47857</ele><time>2018-04-19T05:07:01Z</time>
<extensions>
<gpx10:speed>0.98817605</gpx10:speed></extensions></trkpt>
<trkpt lat="37.532376" lon="126.7442879"><ele>46.14584</ele><time>2018-04-19T05:08:18Z</time>
<extensions>
<gpx10:speed>0.04181761</gpx10:speed></extensions></trkpt>
<trkpt lat="37.5324277" lon="126.7441661"><ele>46.1463</ele><time>2018-04-19T05:08:19Z</time>
<extensions>
<gpx10:speed>0.5617186</gpx10:speed></extensions></trkpt>
<trkpt lat="37.5324237" lon="126.7440398"><ele>46.16187</ele><time>2018-04-19T05:08:22Z</time>
<extensions>
<gpx10:speed>0.30413195</gpx10:speed></extensions></trkpt>
<trkpt lat="37.5323412" lon="126.7441201"><ele>46.10036</ele><time>2018-04-19T05:08:42Z</time>
<extensions>
<gpx10:speed>1.10884</gpx10:speed></extensions></trkpt>
<trkpt lat="37.5322539" lon="126.7441811"><ele>45.925858</ele><time>2018-04-19T05:08:49Z</time>
<extensions>
<gpx10:speed>1.0769794</gpx10:speed></extensions></trkpt>
<trkpt lat="37.532191" lon="126.7442711"><ele>45.7753</ele><time>2018-04-19T05:09:03Z</time>
<extensions>
<gpx10:speed>0.7783192</gpx10:speed></extensions></trkpt>
<trkpt lat="37.5321001" lon="126.744313"><ele>45.73527</ele><time>2018-04-19T05:09:11Z</time>
<extensions>
<gpx10:speed>0.9933511</gpx10:speed></extensions></trkpt>
<trkpt lat="37.5320457" lon="126.7444033"><ele>45.753082</ele><time>2018-04-19T05:09:19Z</time>
<extensions>
<gpx10:speed>0.85080594</gpx10:speed></extensions></trkpt>
<trkpt lat="37.5320105" lon="126.7445083"><ele>45.715034</ele><time>2018-04-19T05:09:25Z</time>
<extensions>
<gpx10:speed>1.0717896</gpx10:speed></extensions></trkpt>
<trkpt lat="37.5319975" lon="126.7446218"><ele>45.620388</ele><time>2018-04-19T05:09:32Z</time>
<extensions>
<gpx10:speed>1.1185343</gpx10:speed></extensions></trkpt>
<trkpt lat="37.5319517" lon="126.7447366"><ele>45.45105</ele><time>2018-04-19T05:09:40Z</time>
<extensions>
<gpx10:speed>1.1938657</gpx10:speed></extensions></trkpt>
<trkpt lat="37.531893" lon="126.7448314"><ele>45.266647</ele><time>2018-04-19T05:09:48Z</time>
<extensions>
<gpx10:speed>1.170007</gpx10:speed></extensions></trkpt>
<trkpt lat="37.5318502" lon="126.744932"><ele>45.11637</ele><time>2018-04-19T05:09:55Z</time>
<extensions>
<gpx10:speed>1.210146</gpx10:speed></extensions></trkpt>
<trkpt lat="37.5317766" lon="126.7450017"><ele>44.962704</ele><time>2018-04-19T05:10:03Z</time>
<extensions>
<gpx10:speed>1.1948353</gpx10:speed></extensions></trkpt>
<trkpt lat="37.5316928" lon="126.7450446"><ele>44.835907</ele><time>2018-04-19T05:10:10Z</time>
<extensions>
<gpx10:speed>1.1801192</gpx10:speed></extensions></trkpt>
<trkpt lat="37.5316282" lon="126.7451399"><ele>44.713757</ele><time>2018-04-19T05:10:17Z</time>
<extensions>
<gpx10:speed>1.2562306</gpx10:speed></extensions></trkpt>
<trkpt lat="37.5315803" lon="126.7452519"><ele>44.591297</ele><time>2018-04-19T05:10:26Z</time>
<extensions>
<gpx10:speed>1.1118225</gpx10:speed></extensions></trkpt>
<trkpt lat="37.5315239" lon="126.7453545"><ele>44.52684</ele><time>2018-04-19T05:10:34Z</time>
<extensions>
<gpx10:speed>1.133653</gpx10:speed></extensions></trkpt>
<trkpt lat="37.5314692" lon="126.7454444"><ele>44.487434</ele><time>2018-04-19T05:10:42Z</time>
<extensions>
<gpx10:speed>1.1123531</gpx10:speed></extensions></trkpt>
<trkpt lat="37.5313787" lon="126.7454987"><ele>44.470974</ele><time>2018-04-19T05:10:50Z</time>
<extensions>
<gpx10:speed>1.177393</gpx10:speed></extensions></trkpt>
<trkpt lat="37.5312852" lon="126.7455208"><ele>44.446915</ele><time>2018-04-19T05:10:57Z</time>
<extensions>
<gpx10:speed>1.231505</gpx10:speed></extensions></trkpt>
<trkpt lat="37.5311936" lon="126.7455697"><ele>44.41454</ele><time>2018-04-19T05:11:05Z</time>
<extensions>
<gpx10:speed>1.1838906</gpx10:speed></extensions></trkpt>
<trkpt lat="37.5311109" lon="126.745619"><ele>44.365883</ele><time>2018-04-19T05:11:14Z</time>
<extensions>
<gpx10:speed>1.157905</gpx10:speed></extensions></trkpt>
<trkpt lat="37.5310691" lon="126.7457284"><ele>44.332222</ele><time>2018-04-19T05:11:22Z</time>
<extensions>
<gpx10:speed>1.1302876</gpx10:speed></extensions></trkpt>
<trkpt lat="37.5310638" lon="126.7458476"><ele>44.308353</ele><time>2018-04-19T05:11:30Z</time>
<extensions>
<gpx10:speed>1.0493969</gpx10:speed></extensions></trkpt>
<trkpt lat="37.5310758" lon="126.7459627"><ele>44.30872</ele><time>2018-04-19T05:11:36Z</time>
<extensions>
<gpx10:speed>1.077841</gpx10:speed></extensions></trkpt>
<trkpt lat="37.5310264" lon="126.7460654"><ele>44.319218</ele><time>2018-04-19T05:11:44Z</time>
<extensions>
<gpx10:speed>1.1380855</gpx10:speed></extensions></trkpt>
<trkpt lat="37.5309833" lon="126.7461803"><ele>44.345947</ele><time>2018-04-19T05:11:51Z</time>
<extensions>
<gpx10:speed>1.1138136</gpx10:speed></extensions></trkpt>
<trkpt lat="37.5309943" lon="126.7462957"><ele>44.39827</ele><time>2018-04-19T05:12:00Z</time>
<extensions>
<gpx10:speed>0.9320143</gpx10:speed></extensions></trkpt>
<trkpt lat="37.5310031" lon="126.7464089"><ele>44.465816</ele><time>2018-04-19T05:12:10Z</time>
<extensions>
<gpx10:speed>0.53698707</gpx10:speed></extensions></trkpt>
<trkpt lat="37.5309863" lon="126.7465272"><ele>44.48865</ele><time>2018-04-19T05:12:21Z</time>
<extensions>
<gpx10:speed>0.48493996</gpx10:speed></extensions></trkpt>
<trkpt lat="37.530992" lon="126.7466627"><ele>44.401802</ele><time>2018-04-19T05:12:30Z</time>
<extensions>
<gpx10:speed>0.79341817</gpx10:speed></extensions></trkpt>
<trkpt lat="37.5309648" lon="126.7467892"><ele>44.332233</ele><time>2018-04-19T05:12:35Z</time>
<extensions>
<gpx10:speed>0.78686965</gpx10:speed></extensions></trkpt>
<trkpt lat="37.5309585" lon="126.7469093"><ele>44.25894</ele><time>2018-04-19T05:12:41Z</time>
<extensions>
<gpx10:speed>0.9267954</gpx10:speed></extensions></trkpt>
<trkpt lat="37.5309528" lon="126.7470427"><ele>44.16706</ele><time>2018-04-19T05:12:50Z</time>
<extensions>
<gpx10:speed>0.96694934</gpx10:speed></extensions></trkpt>
<trkpt lat="37.5309484" lon="126.7471592"><ele>44.096626</ele><time>2018-04-19T05:12:59Z</time>
<extensions>
<gpx10:speed>0.9061454</gpx10:speed></extensions></trkpt>
<trkpt lat="37.5309602" lon="126.7472736"><ele>44.03859</ele><time>2018-04-19T05:13:07Z</time>
<extensions>
<gpx10:speed>0.88834673</gpx10:speed></extensions></trkpt>
<trkpt lat="37.5309623" lon="126.7473873"><ele>43.997723</ele><time>2018-04-19T05:13:13Z</time>
<extensions>
<gpx10:speed>0.9299422</gpx10:speed></extensions></trkpt>
<trkpt lat="37.5309702" lon="126.7475155"><ele>43.967308</ele><time>2018-04-19T05:13:19Z</time>
<extensions>
<gpx10:speed>0.94140255</gpx10:speed></extensions></trkpt>
<trkpt lat="37.5309797" lon="126.7476361"><ele>43.94628</ele><time>2018-04-19T05:13:26Z</time>
<extensions>
<gpx10:speed>0.9168186</gpx10:speed></extensions></trkpt>
<trkpt lat="37.5309966" lon="126.7477583"><ele>43.939445</ele><time>2018-04-19T05:13:35Z</time>
<extensions>
<gpx10:speed>0.7321499</gpx10:speed></extensions></trkpt>
<trkpt lat="37.530996" lon="126.7478773"><ele>43.935375</ele><time>2018-04-19T05:13:43Z</time>
<extensions>
<gpx10:speed>0.9758397</gpx10:speed></extensions></trkpt>
<trkpt lat="37.5309943" lon="126.7479983"><ele>43.952854</ele><time>2018-04-19T05:13:51Z</time>
<extensions>
<gpx10:speed>0.86082214</gpx10:speed></extensions></trkpt>
<trkpt lat="37.5310079" lon="126.7481163"><ele>43.97493</ele><time>2018-04-19T05:13:58Z</time>
<extensions>
<gpx10:speed>0.8635664</gpx10:speed></extensions></trkpt>
<trkpt lat="37.5310126" lon="126.7482387"><ele>44.00807</ele><time>2018-04-19T05:14:06Z</time>
<extensions>
<gpx10:speed>0.92944676</gpx10:speed></extensions></trkpt>
<trkpt lat="37.5310073" lon="126.7483592"><ele>44.04357</ele><time>2018-04-19T05:14:14Z</time>
<extensions>
<gpx10:speed>0.981736</gpx10:speed></extensions></trkpt>
<trkpt lat="37.5310256" lon="126.7484849"><ele>44.071976</ele><time>2018-04-19T05:14:21Z</time>
<extensions>
<gpx10:speed>1.0146192</gpx10:speed></extensions></trkpt>
<trkpt lat="37.5310552" lon="126.7485921"><ele>44.0902</ele><time>2018-04-19T05:14:28Z</time>
<extensions>
<gpx10:speed>1.010852</gpx10:speed></extensions></trkpt>
<trkpt lat="37.5310821" lon="126.7487062"><ele>44.09353</ele><time>2018-04-19T05:14:35Z</time>
<extensions>
<gpx10:speed>0.9864038</gpx10:speed></extensions></trkpt>
<trkpt lat="37.5310991" lon="126.7488236"><ele>44.08982</ele><time>2018-04-19T05:14:42Z</time>
<extensions>
<gpx10:speed>0.942597</gpx10:speed></extensions></trkpt>
<trkpt lat="37.5311102" lon="126.7489404"><ele>44.086224</ele><time>2018-04-19T05:14:49Z</time>
<extensions>
<gpx10:speed>1.0872438</gpx10:speed></extensions></trkpt>
<trkpt lat="37.5311374" lon="126.7490537"><ele>44.093697</ele><time>2018-04-19T05:14:55Z</time>
<extensions>
<gpx10:speed>1.1396796</gpx10:speed></extensions></trkpt>
<trkpt lat="37.5311309" lon="126.7491704"><ele>44.12826</ele><time>2018-04-19T05:15:03Z</time>
<extensions>
<gpx10:speed>1.1611781</gpx10:speed></extensions></trkpt>
<trkpt lat="37.531129" lon="126.7492919"><ele>44.178783</ele><time>2018-04-19T05:15:13Z</time>
<extensions>
<gpx10:speed>0.9934482</gpx10:speed></extensions></trkpt>
<trkpt lat="37.5311347" lon="126.7494149"><ele>44.203472</ele><time>2018-04-19T05:15:19Z</time>
<extensions>
<gpx10:speed>1.1638304</gpx10:speed></extensions></trkpt>
<trkpt lat="37.5311338" lon="126.7495308"><ele>44.238968</ele><time>2018-04-19T05:15:27Z</time>
<extensions>
<gpx10:speed>1.0676085</gpx10:speed></extensions></trkpt>
<trkpt lat="37.5311394" lon="126.7496606"><ele>44.271275</ele><time>2018-04-19T05:15:37Z</time>
<extensions>
<gpx10:speed>0.96251696</gpx10:speed></extensions></trkpt>
<trkpt lat="37.5311361" lon="126.7497869"><ele>44.279514</ele><time>2018-04-19T05:15:44Z</time>
<extensions>
<gpx10:speed>1.0708983</gpx10:speed></extensions></trkpt>
<trkpt lat="37.5311545" lon="126.7499166"><ele>44.29089</ele><time>2018-04-19T05:15:52Z</time>
<extensions>
<gpx10:speed>1.1604276</gpx10:speed></extensions></trkpt>
<trkpt lat="37.53117" lon="126.7500289"><ele>44.301907</ele><time>2018-04-19T05:15:58Z</time>
<extensions>
<gpx10:speed>1.1724803</gpx10:speed></extensions></trkpt>
<trkpt lat="37.5311901" lon="126.7501532"><ele>44.324974</ele><time>2018-04-19T05:16:08Z</time>
<extensions>
<gpx10:speed>1.2339435</gpx10:speed></extensions></trkpt>
<trkpt lat="37.5311867" lon="126.7502709"><ele>44.35407</ele><time>2018-04-19T05:16:17Z</time>
<extensions>
<gpx10:speed>1.1230886</gpx10:speed></extensions></trkpt>
<trkpt lat="37.5312042" lon="126.7504001"><ele>44.381283</ele><time>2018-04-19T05:16:25Z</time>
<extensions>
<gpx10:speed>0.9303157</gpx10:speed></extensions></trkpt>
<trkpt lat="37.5312197" lon="126.7505181"><ele>44.39956</ele><time>2018-04-19T05:16:33Z</time>
<extensions>
<gpx10:speed>0.83503616</gpx10:speed></extensions></trkpt>
<trkpt lat="37.5312206" lon="126.7506414"><ele>44.403698</ele><time>2018-04-19T05:16:39Z</time>
<extensions>
<gpx10:speed>0.97606134</gpx10:speed></extensions></trkpt>
<trkpt lat="37.5312413" lon="126.7507594"><ele>44.421608</ele><time>2018-04-19T05:16:46Z</time>
<extensions>
<gpx10:speed>0.998003</gpx10:speed></extensions></trkpt>
<trkpt lat="37.5312618" lon="126.7508826"><ele>44.432167</ele><time>2018-04-19T05:16:54Z</time>
<extensions>
<gpx10:speed>1.0945128</gpx10:speed></extensions></trkpt>
<trkpt lat="37.5312724" lon="126.7509964"><ele>44.431572</ele><time>2018-04-19T05:17:03Z</time>
<extensions>
<gpx10:speed>1.0175003</gpx10:speed></extensions></trkpt>
<trkpt lat="37.531267" lon="126.7511194"><ele>44.43102</ele><time>2018-04-19T05:17:10Z</time>
<extensions>
<gpx10:speed>1.0039965</gpx10:speed></extensions></trkpt>
<trkpt lat="37.5312638" lon="126.7512462"><ele>44.43488</ele><time>2018-04-19T05:17:16Z</time>
<extensions>
<gpx10:speed>1.0843205</gpx10:speed></extensions></trkpt>
<trkpt lat="37.5312609" lon="126.7513612"><ele>44.4568</ele><time>2018-04-19T05:17:24Z</time>
<extensions>
<gpx10:speed>1.1202997</gpx10:speed></extensions></trkpt>
<trkpt lat="37.5312789" lon="126.7514908"><ele>44.4855</ele><time>2018-04-19T05:17:32Z</time>
<extensions>
<gpx10:speed>1.1497884</gpx10:speed></extensions></trkpt>
<trkpt lat="37.531279" lon="126.7516188"><ele>44.51815</ele><time>2018-04-19T05:17:38Z</time>
<extensions>
<gpx10:speed>1.1132692</gpx10:speed></extensions></trkpt>
<trkpt lat="37.5313563" lon="126.7517169"><ele>44.586693</ele><time>2018-04-19T05:17:45Z</time>
<extensions>
<gpx10:speed>0.4217156</gpx10:speed></extensions></trkpt>
<trkpt lat="37.5313816" lon="126.7518301"><ele>44.671738</ele><time>2018-04-19T05:17:52Z</time>
<extensions>
<gpx10:speed>0.8690213</gpx10:speed></extensions></trkpt>
<trkpt lat="37.5313757" lon="126.7519437"><ele>44.74869</ele><time>2018-04-19T05:17:59Z</time>
<extensions>
<gpx10:speed>0.6403036</gpx10:speed></extensions></trkpt>
<trkpt lat="37.5313975" lon="126.7521037"><ele>44.88815</ele><time>2018-04-19T05:18:09Z</time>
<extensions>
<gpx10:speed>0.77957135</gpx10:speed></extensions></trkpt>
<trkpt lat="37.5313619" lon="126.7522146"><ele>44.934574</ele><time>2018-04-19T05:18:21Z</time>
<extensions>
<gpx10:speed>0.58587813</gpx10:speed></extensions></trkpt>
<trkpt lat="37.5312846" lon="126.7522994"><ele>44.912975</ele><time>2018-04-19T05:18:28Z</time>
<extensions>
<gpx10:speed>0.6995775</gpx10:speed></extensions></trkpt>
<trkpt lat="37.5312626" lon="126.7524596"><ele>44.89729</ele><time>2018-04-19T05:18:30Z</time>
<extensions>
<gpx10:speed>0.8519013</gpx10:speed></extensions></trkpt>
<trkpt lat="37.5312806" lon="126.7525818"><ele>44.882084</ele><time>2018-04-19T05:18:35Z</time>
<extensions>
<gpx10:speed>0.5656553</gpx10:speed></extensions></trkpt>
<trkpt lat="37.5313357" lon="126.7526817"><ele>44.92155</ele><time>2018-04-19T05:18:45Z</time>
<extensions>
<gpx10:speed>0.930628</gpx10:speed></extensions></trkpt>
<trkpt lat="37.5313396" lon="126.7527962"><ele>44.956112</ele><time>2018-04-19T05:18:52Z</time>
<extensions>
<gpx10:speed>1.1459743</gpx10:speed></extensions></trkpt>
<trkpt lat="37.5313478" lon="126.7529112"><ele>44.983166</ele><time>2018-04-19T05:19:01Z</time>
<extensions>
<gpx10:speed>1.0463845</gpx10:speed></extensions></trkpt>
<trkpt lat="37.5313424" lon="126.7530308"><ele>44.98104</ele><time>2018-04-19T05:19:09Z</time>
<extensions>
<gpx10:speed>1.0156715</gpx10:speed></extensions></trkpt>
<trkpt lat="37.531358" lon="126.7531473"><ele>44.886997</ele><time>2018-04-19T05:19:19Z</time>
<extensions>
<gpx10:speed>0.9022636</gpx10:speed></extensions></trkpt>
<trkpt lat="37.5313787" lon="126.7532765"><ele>44.81237</ele><time>2018-04-19T05:19:26Z</time>
<extensions>
<gpx10:speed>0.89375997</gpx10:speed></extensions></trkpt>
<trkpt lat="37.5313983" lon="126.7534019"><ele>44.753918</ele><time>2018-04-19T05:19:31Z</time>
<extensions>
<gpx10:speed>0.95449704</gpx10:speed></extensions></trkpt>
<trkpt lat="37.5314022" lon="126.7535233"><ele>44.61082</ele><time>2018-04-19T05:19:40Z</time>
<extensions>
<gpx10:speed>0.7008444</gpx10:speed></extensions></trkpt>
<trkpt lat="37.5314096" lon="126.7536388"><ele>44.294067</ele><time>2018-04-19T05:19:50Z</time>
<extensions>
<gpx10:speed>0.92745614</gpx10:speed></extensions></trkpt>
<trkpt lat="37.531427" lon="126.7537737"><ele>43.94312</ele><time>2018-04-19T05:19:58Z</time>
<extensions>
<gpx10:speed>0.82405937</gpx10:speed></extensions></trkpt>
<trkpt lat="37.5314533" lon="126.7538999"><ele>43.685566</ele><time>2018-04-19T05:20:05Z</time>
<extensions>
<gpx10:speed>0.8553871</gpx10:speed></extensions></trkpt>
<trkpt lat="37.5314394" lon="126.7540222"><ele>43.46505</ele><time>2018-04-19T05:20:12Z</time>
<extensions>
<gpx10:speed>0.9439026</gpx10:speed></extensions></trkpt>
<trkpt lat="37.5314257" lon="126.7541444"><ele>43.276318</ele><time>2018-04-19T05:20:19Z</time>
<extensions>
<gpx10:speed>1.049258</gpx10:speed></extensions></trkpt>
<trkpt lat="37.531416" lon="126.7542667"><ele>43.075966</ele><time>2018-04-19T05:20:28Z</time>
<extensions>
<gpx10:speed>1.0463659</gpx10:speed></extensions></trkpt>
<trkpt lat="37.5314189" lon="126.7543835"><ele>42.931072</ele><time>2018-04-19T05:20:37Z</time>
<extensions>
<gpx10:speed>0.8385757</gpx10:speed></extensions></trkpt>
<trkpt lat="37.531411" lon="126.754514"><ele>42.819447</ele><time>2018-04-19T05:20:45Z</time>
<extensions>
<gpx10:speed>0.9023154</gpx10:speed></extensions></trkpt>
<trkpt lat="37.5314279" lon="126.7546433"><ele>42.752666</ele><time>2018-04-19T05:20:49Z</time>
<extensions>
<gpx10:speed>1.0344222</gpx10:speed></extensions></trkpt>
<trkpt lat="37.5314681" lon="126.7547593"><ele>42.687893</ele><time>2018-04-19T05:20:54Z</time>
<extensions>
<gpx10:speed>1.041202</gpx10:speed></extensions></trkpt>
<trkpt lat="37.5314998" lon="126.7548743"><ele>42.619053</ele><time>2018-04-19T05:21:03Z</time>
<extensions>
<gpx10:speed>0.99642915</gpx10:speed></extensions></trkpt>
<trkpt lat="37.5315235" lon="126.7549983"><ele>42.605003</ele><time>2018-04-19T05:21:14Z</time>
<extensions>
<gpx10:speed>0.9591516</gpx10:speed></extensions></trkpt>
<trkpt lat="37.531541" lon="126.7551114"><ele>42.61133</ele><time>2018-04-19T05:21:22Z</time>
<extensions>
<gpx10:speed>0.94780016</gpx10:speed></extensions></trkpt>
<trkpt lat="37.531546" lon="126.7552392"><ele>42.62612</ele><time>2018-04-19T05:21:30Z</time>
<extensions>
<gpx10:speed>0.93567485</gpx10:speed></extensions></trkpt>
<trkpt lat="37.5315478" lon="126.7553596"><ele>42.648098</ele><time>2018-04-19T05:21:36Z</time>
<extensions>
<gpx10:speed>1.025554</gpx10:speed></extensions></trkpt>
<trkpt lat="37.5315627" lon="126.7554747"><ele>42.677055</ele><time>2018-04-19T05:21:43Z</time>
<extensions>
<gpx10:speed>1.1341228</gpx10:speed></extensions></trkpt>
<trkpt lat="37.5315771" lon="126.7555902"><ele>42.720898</ele><time>2018-04-19T05:21:51Z</time>
<extensions>
<gpx10:speed>1.1151282</gpx10:speed></extensions></trkpt>
<trkpt lat="37.5315885" lon="126.7557037"><ele>42.767353</ele><time>2018-04-19T05:21:59Z</time>
<extensions>
<gpx10:speed>1.0890707</gpx10:speed></extensions></trkpt>
<trkpt lat="37.5316067" lon="126.7558213"><ele>42.80764</ele><time>2018-04-19T05:22:07Z</time>
<extensions>
<gpx10:speed>1.1298761</gpx10:speed></extensions></trkpt>
<trkpt lat="37.5316263" lon="126.755933"><ele>42.822433</ele><time>2018-04-19T05:22:14Z</time>
<extensions>
<gpx10:speed>1.146042</gpx10:speed></extensions></trkpt>
<trkpt lat="37.5316404" lon="126.7560519"><ele>42.820614</ele><time>2018-04-19T05:22:23Z</time>
<extensions>
<gpx10:speed>1.0377793</gpx10:speed></extensions></trkpt>
<trkpt lat="37.5316461" lon="126.7561687"><ele>42.811382</ele><time>2018-04-19T05:22:29Z</time>
<extensions>
<gpx10:speed>1.1451938</gpx10:speed></extensions></trkpt>
<trkpt lat="37.5316537" lon="126.7562887"><ele>42.79422</ele><time>2018-04-19T05:22:35Z</time>
<extensions>
<gpx10:speed>1.0932717</gpx10:speed></extensions></trkpt>
<trkpt lat="37.5316644" lon="126.7564063"><ele>42.777615</ele><time>2018-04-19T05:22:42Z</time>
<extensions>
<gpx10:speed>1.1505762</gpx10:speed></extensions></trkpt>
<trkpt lat="37.5316637" lon="126.7565255"><ele>42.76238</ele><time>2018-04-19T05:22:50Z</time>
<extensions>
<gpx10:speed>1.2649046</gpx10:speed></extensions></trkpt>
<trkpt lat="37.5316629" lon="126.7566452"><ele>42.745594</ele><time>2018-04-19T05:22:59Z</time>
<extensions>
<gpx10:speed>1.0299367</gpx10:speed></extensions></trkpt>
<trkpt lat="37.5316855" lon="126.7567669"><ele>42.72959</ele><time>2018-04-19T05:23:06Z</time>
<extensions>
<gpx10:speed>0.9554918</gpx10:speed></extensions></trkpt>
<trkpt lat="37.5317133" lon="126.7568914"><ele>42.720272</ele><time>2018-04-19T05:23:14Z</time>
<extensions>
<gpx10:speed>1.0037254</gpx10:speed></extensions></trkpt>
<trkpt lat="37.5317283" lon="126.7570171"><ele>42.708035</ele><time>2018-04-19T05:23:22Z</time>
<extensions>
<gpx10:speed>1.158118</gpx10:speed></extensions></trkpt>
<trkpt lat="37.531732" lon="126.7571419"><ele>42.694218</ele><time>2018-04-19T05:23:28Z</time>
<extensions>
<gpx10:speed>1.3083525</gpx10:speed></extensions></trkpt>
<trkpt lat="37.531742" lon="126.7572613"><ele>42.652496</ele><time>2018-04-19T05:23:38Z</time>
<extensions>
<gpx10:speed>1.1893973</gpx10:speed></extensions></trkpt>
<trkpt lat="37.5317638" lon="126.7573751"><ele>42.60213</ele><time>2018-04-19T05:23:46Z</time>
<extensions>
<gpx10:speed>1.1123906</gpx10:speed></extensions></trkpt>
<trkpt lat="37.5317859" lon="126.7574896"><ele>42.560196</ele><time>2018-04-19T05:23:52Z</time>
<extensions>
<gpx10:speed>1.1564759</gpx10:speed></extensions></trkpt>
<trkpt lat="37.5317989" lon="126.7576058"><ele>42.498806</ele><time>2018-04-19T05:24:00Z</time>
<extensions>
<gpx10:speed>1.186295</gpx10:speed></extensions></trkpt>
<trkpt lat="37.5317966" lon="126.7577252"><ele>42.43915</ele><time>2018-04-19T05:24:09Z</time>
<extensions>
<gpx10:speed>1.0640982</gpx10:speed></extensions></trkpt>
<trkpt lat="37.5317961" lon="126.7578524"><ele>42.374767</ele><time>2018-04-19T05:24:17Z</time>
<extensions>
<gpx10:speed>1.0468156</gpx10:speed></extensions></trkpt>
<trkpt lat="37.5317941" lon="126.7579809"><ele>42.310116</ele><time>2018-04-19T05:24:24Z</time>
<extensions>
<gpx10:speed>1.1381541</gpx10:speed></extensions></trkpt>
<trkpt lat="37.5317889" lon="126.7580994"><ele>42.26055</ele><time>2018-04-19T05:24:30Z</time>
<extensions>
<gpx10:speed>1.194431</gpx10:speed></extensions></trkpt>
<trkpt lat="37.5317966" lon="126.7582208"><ele>42.200493</ele><time>2018-04-19T05:24:38Z</time>
<extensions>
<gpx10:speed>1.1785376</gpx10:speed></extensions></trkpt>
<trkpt lat="37.5318364" lon="126.7583368"><ele>42.15133</ele><time>2018-04-19T05:24:46Z</time>
<extensions>
<gpx10:speed>1.0241297</gpx10:speed></extensions></trkpt>
<trkpt lat="37.5318571" lon="126.7584508"><ele>42.1267</ele><time>2018-04-19T05:24:53Z</time>
<extensions>
<gpx10:speed>1.0879183</gpx10:speed></extensions></trkpt>
<trkpt lat="37.5318415" lon="126.7585686"><ele>42.112038</ele><time>2018-04-19T05:24:59Z</time>
<extensions>
<gpx10:speed>1.1130624</gpx10:speed></extensions></trkpt>
<trkpt lat="37.5318392" lon="126.7587038"><ele>42.101433</ele><time>2018-04-19T05:25:06Z</time>
<extensions>
<gpx10:speed>1.1652882</gpx10:speed></extensions></trkpt>
<trkpt lat="37.5318459" lon="126.758828"><ele>42.08402</ele><time>2018-04-19T05:25:14Z</time>
<extensions>
<gpx10:speed>1.1079335</gpx10:speed></extensions></trkpt>
<trkpt lat="37.5318522" lon="126.7589509"><ele>42.05917</ele><time>2018-04-19T05:25:22Z</time>
<extensions>
<gpx10:speed>1.0996376</gpx10:speed></extensions></trkpt>
<trkpt lat="37.5318479" lon="126.759069"><ele>42.03536</ele><time>2018-04-19T05:25:28Z</time>
<extensions>
<gpx10:speed>1.1527994</gpx10:speed></extensions></trkpt>
<trkpt lat="37.5318367" lon="126.7591884"><ele>42.005215</ele><time>2018-04-19T05:25:35Z</time>
<extensions>
<gpx10:speed>1.0886391</gpx10:speed></extensions></trkpt>
<trkpt lat="37.5318383" lon="126.7593094"><ele>41.967384</ele><time>2018-04-19T05:25:44Z</time>
<extensions>
<gpx10:speed>1.0899228</gpx10:speed></extensions></trkpt>
<trkpt lat="37.5318183" lon="126.7594389"><ele>41.956383</ele><time>2018-04-19T05:25:53Z</time>
<extensions>
<gpx10:speed>0.9731608</gpx10:speed></extensions></trkpt>
<trkpt lat="37.5318592" lon="126.7595491"><ele>41.96634</ele><time>2018-04-19T05:26:01Z</time>
<extensions>
<gpx10:speed>0.8841581</gpx10:speed></extensions></trkpt>
<trkpt lat="37.5318944" lon="126.7596586"><ele>42.010242</ele><time>2018-04-19T05:26:10Z</time>
<extensions>
<gpx10:speed>0.90521955</gpx10:speed></extensions></trkpt>
<trkpt lat="37.5319179" lon="126.7597808"><ele>42.069866</ele><time>2018-04-19T05:26:19Z</time>
<extensions>
<gpx10:speed>0.9955636</gpx10:speed></extensions></trkpt>
<trkpt lat="37.5319206" lon="126.7599021"><ele>42.129932</ele><time>2018-04-19T05:26:27Z</time>
<extensions>
<gpx10:speed>1.0205734</gpx10:speed></extensions></trkpt>
<trkpt lat="37.5319366" lon="126.7600218"><ele>42.182537</ele><time>2018-04-19T05:26:34Z</time>
<extensions>
<gpx10:speed>1.107956</gpx10:speed></extensions></trkpt>
<trkpt lat="37.5319407" lon="126.7601403"><ele>42.251564</ele><time>2018-04-19T05:26:41Z</time>
<extensions>
<gpx10:speed>1.0714564</gpx10:speed></extensions></trkpt>
<trkpt lat="37.5319566" lon="126.7602564"><ele>42.333282</ele><time>2018-04-19T05:26:48Z</time>
<extensions>
<gpx10:speed>1.1488681</gpx10:speed></extensions></trkpt>
<trkpt lat="37.5319743" lon="126.7603758"><ele>42.441082</ele><time>2018-04-19T05:26:56Z</time>
<extensions>
<gpx10:speed>1.1876113</gpx10:speed></extensions></trkpt>
<trkpt lat="37.5319883" lon="126.760503"><ele>42.57749</ele><time>2018-04-19T05:27:05Z</time>
<extensions>
<gpx10:speed>1.1092519</gpx10:speed></extensions></trkpt>
<trkpt lat="37.5319956" lon="126.7606217"><ele>42.703724</ele><time>2018-04-19T05:27:13Z</time>
<extensions>
<gpx10:speed>0.9775872</gpx10:speed></extensions></trkpt>
<trkpt lat="37.5319861" lon="126.76074"><ele>42.89468</ele><time>2018-04-19T05:27:25Z</time>
<extensions>
<gpx10:speed>0.71387625</gpx10:speed></extensions></trkpt>
<trkpt lat="37.5318903" lon="126.760711"><ele>43.22666</ele><time>2018-04-19T05:28:45Z</time>
<extensions>
<gpx10:speed>0.7602158</gpx10:speed></extensions></trkpt>
<trkpt lat="37.5317764" lon="126.7607048"><ele>43.33516</ele><time>2018-04-19T05:28:50Z</time>
<extensions>
<gpx10:speed>0.7903458</gpx10:speed></extensions></trkpt>
<trkpt lat="37.5316833" lon="126.760629"><ele>43.414585</ele><time>2018-04-19T05:28:54Z</time>
<extensions>
<gpx10:speed>0.65852803</gpx10:speed></extensions></trkpt>
<trkpt lat="37.5316834" lon="126.7605093"><ele>43.504547</ele><time>2018-04-19T05:28:59Z</time>
<extensions>
<gpx10:speed>0.31452903</gpx10:speed></extensions></trkpt>
<trkpt lat="37.5317886" lon="126.7605885"><ele>43.55033</ele><time>2018-04-19T05:29:02Z</time>
<extensions>
<gpx10:speed>0.62301606</gpx10:speed></extensions></trkpt>
<trkpt lat="37.5316876" lon="126.7606478"><ele>43.69435</ele><time>2018-04-19T05:29:20Z</time>
<extensions>
<gpx10:speed>1.0591943</gpx10:speed></extensions></trkpt>
<trkpt lat="37.531607" lon="126.7607202"><ele>43.716343</ele><time>2018-04-19T05:29:24Z</time>
<extensions>
<gpx10:speed>1.1920991</gpx10:speed></extensions></trkpt>
<trkpt lat="37.5315106" lon="126.7607112"><ele>43.74756</ele><time>2018-04-19T05:29:30Z</time>
<extensions>
<gpx10:speed>1.1518778</gpx10:speed></extensions></trkpt>
<trkpt lat="37.5314236" lon="126.7606508"><ele>43.807495</ele><time>2018-04-19T05:29:40Z</time>
<extensions>
<gpx10:speed>1.0334926</gpx10:speed></extensions></trkpt>
<trkpt lat="37.5313419" lon="126.7606003"><ele>43.86256</ele><time>2018-04-19T05:29:49Z</time>
<extensions>
<gpx10:speed>1.0658678</gpx10:speed></extensions></trkpt>
<trkpt lat="37.5312524" lon="126.7605381"><ele>43.89119</ele><time>2018-04-19T05:29:57Z</time>
<extensions>
<gpx10:speed>1.1677068</gpx10:speed></extensions></trkpt>
<trkpt lat="37.5311604" lon="126.7604907"><ele>43.897568</ele><time>2018-04-19T05:30:06Z</time>
<extensions>
<gpx10:speed>1.1659626</gpx10:speed></extensions></trkpt>
<trkpt lat="37.5310585" lon="126.7604773"><ele>43.887638</ele><time>2018-04-19T05:30:14Z</time>
<extensions>
<gpx10:speed>1.165755</gpx10:speed></extensions></trkpt>
<trkpt lat="37.5309604" lon="126.7604595"><ele>43.822964</ele><time>2018-04-19T05:30:24Z</time>
<extensions>
<gpx10:speed>1.1717957</gpx10:speed></extensions></trkpt>
<trkpt lat="37.5308653" lon="126.7604509"><ele>43.722595</ele><time>2018-04-19T05:30:32Z</time>
<extensions>
<gpx10:speed>1.238766</gpx10:speed></extensions></trkpt>
<trkpt lat="37.5307735" lon="126.7604505"><ele>43.61114</ele><time>2018-04-19T05:30:39Z</time>
<extensions>
<gpx10:speed>1.2947822</gpx10:speed></extensions></trkpt>
<trkpt lat="37.530675" lon="126.7604454"><ele>43.443386</ele><time>2018-04-19T05:30:48Z</time>
<extensions>
<gpx10:speed>1.1718975</gpx10:speed></extensions></trkpt>
<trkpt lat="37.530585" lon="126.760425"><ele>43.26089</ele><time>2018-04-19T05:30:58Z</time>
<extensions>
<gpx10:speed>0.9151453</gpx10:speed></extensions></trkpt>
<trkpt lat="37.5304885" lon="126.7604328"><ele>43.107727</ele><time>2018-04-19T05:31:06Z</time>
<extensions>
<gpx10:speed>0.93475693</gpx10:speed></extensions></trkpt>
<trkpt lat="37.5303922" lon="126.7604405"><ele>42.86759</ele><time>2018-04-19T05:31:17Z</time>
<extensions>
<gpx10:speed>1.0168736</gpx10:speed></extensions></trkpt>
<trkpt lat="37.5302943" lon="126.7604393"><ele>42.64999</ele><time>2018-04-19T05:31:26Z</time>
<extensions>
<gpx10:speed>1.1067327</gpx10:speed></extensions></trkpt>
<trkpt lat="37.530202" lon="126.760428"><ele>42.453377</ele><time>2018-04-19T05:31:34Z</time>
<extensions>
<gpx10:speed>1.1088538</gpx10:speed></extensions></trkpt>
<trkpt lat="37.5301106" lon="126.760424"><ele>42.288914</ele><time>2018-04-19T05:31:41Z</time>
<extensions>
<gpx10:speed>1.1806301</gpx10:speed></extensions></trkpt>
<trkpt lat="37.5300139" lon="126.7604305"><ele>42.085693</ele><time>2018-04-19T05:31:49Z</time>
<extensions>
<gpx10:speed>1.2260122</gpx10:speed></extensions></trkpt>
<trkpt lat="37.5299219" lon="126.760452"><ele>41.844154</ele><time>2018-04-19T05:31:58Z</time>
<extensions>
<gpx10:speed>1.0788292</gpx10:speed></extensions></trkpt>
<trkpt lat="37.5298251" lon="126.7604474"><ele>41.66063</ele><time>2018-04-19T05:32:05Z</time>
<extensions>
<gpx10:speed>1.141729</gpx10:speed></extensions></trkpt>
<trkpt lat="37.5297222" lon="126.7604464"><ele>41.484722</ele><time>2018-04-19T05:32:12Z</time>
<extensions>
<gpx10:speed>1.298205</gpx10:speed></extensions></trkpt>
<trkpt lat="37.5296298" lon="126.7604383"><ele>41.30948</ele><time>2018-04-19T05:32:19Z</time>
<extensions>
<gpx10:speed>1.3301697</gpx10:speed></extensions></trkpt>
<trkpt lat="37.5295306" lon="126.7604324"><ele>41.11474</ele><time>2018-04-19T05:32:27Z</time>
<extensions>
<gpx10:speed>1.2962642</gpx10:speed></extensions></trkpt>
<trkpt lat="37.529434" lon="126.760431"><ele>40.925022</ele><time>2018-04-19T05:32:35Z</time>
<extensions>
<gpx10:speed>1.2439126</gpx10:speed></extensions></trkpt>
<trkpt lat="37.5293424" lon="126.7604283"><ele>40.763603</ele><time>2018-04-19T05:32:42Z</time>
<extensions>
<gpx10:speed>1.2792974</gpx10:speed></extensions></trkpt>
<trkpt lat="37.5292519" lon="126.7604363"><ele>40.61172</ele><time>2018-04-19T05:32:49Z</time>
<extensions>
<gpx10:speed>1.3142049</gpx10:speed></extensions></trkpt>
<trkpt lat="37.5291521" lon="126.7604242"><ele>40.45673</ele><time>2018-04-19T05:32:57Z</time>
<extensions>
<gpx10:speed>1.2671918</gpx10:speed></extensions></trkpt>
<trkpt lat="37.5290612" lon="126.7604203"><ele>40.322414</ele><time>2018-04-19T05:33:05Z</time>
<extensions>
<gpx10:speed>1.2491106</gpx10:speed></extensions></trkpt>
<trkpt lat="37.5289633" lon="126.7604208"><ele>40.193504</ele><time>2018-04-19T05:33:14Z</time>
<extensions>
<gpx10:speed>1.1918325</gpx10:speed></extensions></trkpt>
<trkpt lat="37.5288636" lon="126.7604216"><ele>40.089413</ele><time>2018-04-19T05:33:22Z</time>
<extensions>
<gpx10:speed>1.2156582</gpx10:speed></extensions></trkpt>
<trkpt lat="37.5287655" lon="126.7604264"><ele>40.008327</ele><time>2018-04-19T05:33:29Z</time>
<extensions>
<gpx10:speed>1.2469856</gpx10:speed></extensions></trkpt>
<trkpt lat="37.5286672" lon="126.7604379"><ele>39.94329</ele><time>2018-04-19T05:33:36Z</time>
<extensions>
<gpx10:speed>1.230248</gpx10:speed></extensions></trkpt>
<trkpt lat="37.5285742" lon="126.7604506"><ele>39.89614</ele><time>2018-04-19T05:33:43Z</time>
<extensions>
<gpx10:speed>1.230784</gpx10:speed></extensions></trkpt>
<trkpt lat="37.528474" lon="126.7604436"><ele>39.84867</ele><time>2018-04-19T05:33:52Z</time>
<extensions>
<gpx10:speed>1.2597661</gpx10:speed></extensions></trkpt>
<trkpt lat="37.5283789" lon="126.7604384"><ele>39.80803</ele><time>2018-04-19T05:34:02Z</time>
<extensions>
<gpx10:speed>1.0965011</gpx10:speed></extensions></trkpt>
<trkpt lat="37.5282822" lon="126.760422"><ele>39.7844</ele><time>2018-04-19T05:34:08Z</time>
<extensions>
<gpx10:speed>1.1007713</gpx10:speed></extensions></trkpt>
<trkpt lat="37.5281888" lon="126.7604215"><ele>39.753</ele><time>2018-04-19T05:34:16Z</time>
<extensions>
<gpx10:speed>1.0783197</gpx10:speed></extensions></trkpt>
<trkpt lat="37.5280901" lon="126.7604252"><ele>39.72214</ele><time>2018-04-19T05:34:24Z</time>
<extensions>
<gpx10:speed>1.0778973</gpx10:speed></extensions></trkpt>
<trkpt lat="37.5279913" lon="126.7604227"><ele>39.703377</ele><time>2018-04-19T05:34:32Z</time>
<extensions>
<gpx10:speed>1.1321576</gpx10:speed></extensions></trkpt>
<trkpt lat="37.5278904" lon="126.7604302"><ele>39.692287</ele><time>2018-04-19T05:34:40Z</time>
<extensions>
<gpx10:speed>1.1632855</gpx10:speed></extensions></trkpt>
<trkpt lat="37.5277917" lon="126.7604212"><ele>39.685215</ele><time>2018-04-19T05:34:48Z</time>
<extensions>
<gpx10:speed>1.1650937</gpx10:speed></extensions></trkpt>
<trkpt lat="37.5276957" lon="126.7604258"><ele>39.68059</ele><time>2018-04-19T05:34:54Z</time>
<extensions>
<gpx10:speed>1.2004646</gpx10:speed></extensions></trkpt>
<trkpt lat="37.5276038" lon="126.7604159"><ele>39.678436</ele><time>2018-04-19T05:35:01Z</time>
<extensions>
<gpx10:speed>1.0782095</gpx10:speed></extensions></trkpt>
<trkpt lat="37.5275054" lon="126.7604202"><ele>39.673023</ele><time>2018-04-19T05:35:10Z</time>
<extensions>
<gpx10:speed>1.1772707</gpx10:speed></extensions></trkpt>
<trkpt lat="37.5274071" lon="126.7604206"><ele>39.65349</ele><time>2018-04-19T05:35:18Z</time>
<extensions>
<gpx10:speed>1.2212281</gpx10:speed></extensions></trkpt>
<trkpt lat="37.5273127" lon="126.7604117"><ele>39.630028</ele><time>2018-04-19T05:35:26Z</time>
<extensions>
<gpx10:speed>1.2010571</gpx10:speed></extensions></trkpt>
<trkpt lat="37.5272201" lon="126.7604199"><ele>39.614384</ele><time>2018-04-19T05:35:33Z</time>
<extensions>
<gpx10:speed>1.2653333</gpx10:speed></extensions></trkpt>
<trkpt lat="37.5271281" lon="126.7604181"><ele>39.603104</ele><time>2018-04-19T05:35:40Z</time>
<extensions>
<gpx10:speed>1.2785736</gpx10:speed></extensions></trkpt>
<trkpt lat="37.527029" lon="126.760421"><ele>39.60318</ele><time>2018-04-19T05:35:47Z</time>
<extensions>
<gpx10:speed>1.2488703</gpx10:speed></extensions></trkpt>
<trkpt lat="37.5269334" lon="126.7604125"><ele>39.604267</ele><time>2018-04-19T05:35:55Z</time>
<extensions>
<gpx10:speed>1.2392048</gpx10:speed></extensions></trkpt>
<trkpt lat="37.5268412" lon="126.7604271"><ele>39.60483</ele><time>2018-04-19T05:36:02Z</time>
<extensions>
<gpx10:speed>1.2662642</gpx10:speed></extensions></trkpt>
<trkpt lat="37.5267396" lon="126.760426"><ele>39.598267</ele><time>2018-04-19T05:36:10Z</time>
<extensions>
<gpx10:speed>1.252544</gpx10:speed></extensions></trkpt>
<trkpt lat="37.5266444" lon="126.760427"><ele>39.59283</ele><time>2018-04-19T05:36:18Z</time>
<extensions>
<gpx10:speed>1.1993945</gpx10:speed></extensions></trkpt>
<trkpt lat="37.5265468" lon="126.7604149"><ele>39.587563</ele><time>2018-04-19T05:36:27Z</time>
<extensions>
<gpx10:speed>1.1259981</gpx10:speed></extensions></trkpt>
<trkpt lat="37.5264523" lon="126.7604081"><ele>39.592613</ele><time>2018-04-19T05:36:36Z</time>
<extensions>
<gpx10:speed>1.0568976</gpx10:speed></extensions></trkpt>
<trkpt lat="37.5263605" lon="126.7604317"><ele>39.60584</ele><time>2018-04-19T05:36:43Z</time>
<extensions>
<gpx10:speed>1.0943583</gpx10:speed></extensions></trkpt>
<trkpt lat="37.5262611" lon="126.7604356"><ele>39.622593</ele><time>2018-04-19T05:36:50Z</time>
<extensions>
<gpx10:speed>1.0771159</gpx10:speed></extensions></trkpt>
<trkpt lat="37.5261622" lon="126.7604413"><ele>39.64591</ele><time>2018-04-19T05:36:57Z</time>
<extensions>
<gpx10:speed>1.1050463</gpx10:speed></extensions></trkpt>
<trkpt lat="37.5260632" lon="126.7604435"><ele>39.67835</ele><time>2018-04-19T05:37:05Z</time>
<extensions>
<gpx10:speed>1.1336702</gpx10:speed></extensions></trkpt>
<trkpt lat="37.5259669" lon="126.7604484"><ele>39.715164</ele><time>2018-04-19T05:37:13Z</time>
<extensions>
<gpx10:speed>1.1241953</gpx10:speed></extensions></trkpt>
<trkpt lat="37.5258657" lon="126.7604562"><ele>39.75128</ele><time>2018-04-19T05:37:21Z</time>
<extensions>
<gpx10:speed>1.1296699</gpx10:speed></extensions></trkpt>
<trkpt lat="37.5257688" lon="126.7604786"><ele>39.78692</ele><time>2018-04-19T05:37:30Z</time>
<extensions>
<gpx10:speed>1.2566054</gpx10:speed></extensions></trkpt>
<trkpt lat="37.52564" lon="126.7605693"><ele>39.808247</ele><time>2018-04-19T05:37:37Z</time>
<extensions>
<gpx10:speed>0.2640999</gpx10:speed></extensions></trkpt>
<trkpt lat="37.525548" lon="126.7605266"><ele>39.82942</ele><time>2018-04-19T05:37:42Z</time>
<extensions>
<gpx10:speed>0.7108739</gpx10:speed></extensions></trkpt>
<trkpt lat="37.5254582" lon="126.7604927"><ele>39.91833</ele><time>2018-04-19T05:37:53Z</time>
<extensions>
<gpx10:speed>1.0081438</gpx10:speed></extensions></trkpt>
<trkpt lat="37.5253599" lon="126.7604703"><ele>39.9681</ele><time>2018-04-19T05:38:00Z</time>
<extensions>
<gpx10:speed>1.1200845</gpx10:speed></extensions></trkpt>
<trkpt lat="37.5252696" lon="126.7604733"><ele>40.014877</ele><time>2018-04-19T05:38:08Z</time>
<extensions>
<gpx10:speed>1.1562862</gpx10:speed></extensions></trkpt>
<trkpt lat="37.5251774" lon="126.7604926"><ele>40.047874</ele><time>2018-04-19T05:38:15Z</time>
<extensions>
<gpx10:speed>1.2785901</gpx10:speed></extensions></trkpt>
<trkpt lat="37.5250796" lon="126.7605173"><ele>40.080727</ele><time>2018-04-19T05:38:22Z</time>
<extensions>
<gpx10:speed>1.2884974</gpx10:speed></extensions></trkpt>
<trkpt lat="37.5249811" lon="126.7605128"><ele>40.110752</ele><time>2018-04-19T05:38:28Z</time>
<extensions>
<gpx10:speed>1.3450096</gpx10:speed></extensions></trkpt>
<trkpt lat="37.5248858" lon="126.7605106"><ele>40.16605</ele><time>2018-04-19T05:38:37Z</time>
<extensions>
<gpx10:speed>1.3379325</gpx10:speed></extensions></trkpt>
<trkpt lat="37.5247907" lon="126.7605017"><ele>40.236755</ele><time>2018-04-19T05:38:46Z</time>
<extensions>
<gpx10:speed>1.1902951</gpx10:speed></extensions></trkpt>
<trkpt lat="37.5246908" lon="126.7605062"><ele>40.29676</ele><time>2018-04-19T05:38:53Z</time>
<extensions>
<gpx10:speed>1.231522</gpx10:speed></extensions></trkpt>
<trkpt lat="37.5245991" lon="126.7604958"><ele>40.371605</ele><time>2018-04-19T05:39:01Z</time>
<extensions>
<gpx10:speed>1.2033504</gpx10:speed></extensions></trkpt>
<trkpt lat="37.5245042" lon="126.7604909"><ele>40.44628</ele><time>2018-04-19T05:39:09Z</time>
<extensions>
<gpx10:speed>1.0870206</gpx10:speed></extensions></trkpt>
<trkpt lat="37.5244016" lon="126.7604952"><ele>40.525486</ele><time>2018-04-19T05:39:18Z</time>
<extensions>
<gpx10:speed>1.1017642</gpx10:speed></extensions></trkpt>
<trkpt lat="37.5243138" lon="126.760521"><ele>40.571396</ele><time>2018-04-19T05:39:23Z</time>
<extensions>
<gpx10:speed>1.3100379</gpx10:speed></extensions></trkpt>
<trkpt lat="37.5239407" lon="126.7605544"><ele>41.023975</ele><time>2018-04-19T05:39:58Z</time>
<extensions>
<gpx10:speed>1.1881372</gpx10:speed></extensions></trkpt>
<trkpt lat="37.5238716" lon="126.7604705"><ele>41.018753</ele><time>2018-04-19T05:40:06Z</time>
<extensions>
<gpx10:speed>1.1843443</gpx10:speed></extensions></trkpt>
<trkpt lat="37.5237687" lon="126.7604556"><ele>40.885826</ele><time>2018-04-19T05:40:20Z</time>
<extensions>
<gpx10:speed>1.1634749</gpx10:speed></extensions></trkpt>
<trkpt lat="37.5236682" lon="126.7604908"><ele>40.83141</ele><time>2018-04-19T05:40:23Z</time>
<extensions>
<gpx10:speed>1.1579242</gpx10:speed></extensions></trkpt>
<trkpt lat="37.5235764" lon="126.7604973"><ele>40.811188</ele><time>2018-04-19T05:40:28Z</time>
<extensions>
<gpx10:speed>1.2296982</gpx10:speed></extensions></trkpt>
<trkpt lat="37.5234741" lon="126.7605084"><ele>40.82954</ele><time>2018-04-19T05:40:41Z</time>
<extensions>
<gpx10:speed>0.7621311</gpx10:speed></extensions></trkpt>
<trkpt lat="37.5233806" lon="126.7605232"><ele>40.878075</ele><time>2018-04-19T05:40:48Z</time>
<extensions>
<gpx10:speed>0.9368298</gpx10:speed></extensions></trkpt>
<trkpt lat="37.5232877" lon="126.7605283"><ele>40.946785</ele><time>2018-04-19T05:40:54Z</time>
<extensions>
<gpx10:speed>1.0817672</gpx10:speed></extensions></trkpt>
<trkpt lat="37.5231949" lon="126.760519"><ele>41.05276</ele><time>2018-04-19T05:41:02Z</time>
<extensions>
<gpx10:speed>1.0783539</gpx10:speed></extensions></trkpt>
<trkpt lat="37.5231001" lon="126.7605124"><ele>41.17502</ele><time>2018-04-19T05:41:24Z</time>
<extensions>
<gpx10:speed>0.50660163</gpx10:speed></extensions></trkpt>
<trkpt lat="37.5230024" lon="126.7605232"><ele>41.224834</ele><time>2018-04-19T05:41:31Z</time>
<extensions>
<gpx10:speed>0.97016937</gpx10:speed></extensions></trkpt>
<trkpt lat="37.5229043" lon="126.7605288"><ele>41.25175</ele><time>2018-04-19T05:41:40Z</time>
<extensions>
<gpx10:speed>1.0282288</gpx10:speed></extensions></trkpt>
<trkpt lat="37.5228162" lon="126.760557"><ele>41.21157</ele><time>2018-04-19T05:41:47Z</time>
<extensions>
<gpx10:speed>1.0843444</gpx10:speed></extensions></trkpt>
<trkpt lat="37.5227184" lon="126.760562"><ele>41.172356</ele><time>2018-04-19T05:41:55Z</time>
<extensions>
<gpx10:speed>1.0902966</gpx10:speed></extensions></trkpt>
<trkpt lat="37.5226223" lon="126.7605639"><ele>41.16915</ele><time>2018-04-19T05:42:03Z</time>
<extensions>
<gpx10:speed>1.1844577</gpx10:speed></extensions></trkpt>
<trkpt lat="37.5225312" lon="126.7605735"><ele>41.172234</ele><time>2018-04-19T05:42:12Z</time>
<extensions>
<gpx10:speed>1.0636818</gpx10:speed></extensions></trkpt>
<trkpt lat="37.5224373" lon="126.7605954"><ele>41.196495</ele><time>2018-04-19T05:42:19Z</time>
<extensions>
<gpx10:speed>1.1401185</gpx10:speed></extensions></trkpt>
<trkpt lat="37.5223374" lon="126.7606045"><ele>41.23396</ele><time>2018-04-19T05:42:27Z</time>
<extensions>
<gpx10:speed>1.1789709</gpx10:speed></extensions></trkpt>
<trkpt lat="37.5222413" lon="126.7606159"><ele>41.250923</ele><time>2018-04-19T05:42:34Z</time>
<extensions>
<gpx10:speed>1.2100037</gpx10:speed></extensions></trkpt>
<trkpt lat="37.5221514" lon="126.7606353"><ele>41.287777</ele><time>2018-04-19T05:42:41Z</time>
<extensions>
<gpx10:speed>1.2307187</gpx10:speed></extensions></trkpt>
<trkpt lat="37.5220549" lon="126.760641"><ele>41.339146</ele><time>2018-04-19T05:42:49Z</time>
<extensions>
<gpx10:speed>1.1138339</gpx10:speed></extensions></trkpt>
<trkpt lat="37.5219596" lon="126.7606283"><ele>41.436325</ele><time>2018-04-19T05:42:57Z</time>
<extensions>
<gpx10:speed>1.108358</gpx10:speed></extensions></trkpt>
<trkpt lat="37.5218648" lon="126.7606427"><ele>41.563267</ele><time>2018-04-19T05:43:05Z</time>
<extensions>
<gpx10:speed>1.13374</gpx10:speed></extensions></trkpt>
<trkpt lat="37.5217707" lon="126.7606531"><ele>41.6494</ele><time>2018-04-19T05:43:12Z</time>
<extensions>
<gpx10:speed>1.1549382</gpx10:speed></extensions></trkpt>
<trkpt lat="37.5216662" lon="126.7606465"><ele>41.725723</ele><time>2018-04-19T05:43:21Z</time>
<extensions>
<gpx10:speed>1.0970296</gpx10:speed></extensions></trkpt>
<trkpt lat="37.5215762" lon="126.760634"><ele>41.75367</ele><time>2018-04-19T05:43:28Z</time>
<extensions>
<gpx10:speed>1.1881617</gpx10:speed></extensions></trkpt>
<trkpt lat="37.5214753" lon="126.760648"><ele>41.76045</ele><time>2018-04-19T05:43:38Z</time>
<extensions>
<gpx10:speed>1.2178718</gpx10:speed></extensions></trkpt>
<trkpt lat="37.5213854" lon="126.7606407"><ele>41.717674</ele><time>2018-04-19T05:43:46Z</time>
<extensions>
<gpx10:speed>1.2396594</gpx10:speed></extensions></trkpt>
<trkpt lat="37.5212904" lon="126.7606394"><ele>41.658825</ele><time>2018-04-19T05:43:54Z</time>
<extensions>
<gpx10:speed>1.2270918</gpx10:speed></extensions></trkpt>
<trkpt lat="37.5211959" lon="126.7606436"><ele>41.602123</ele><time>2018-04-19T05:44:01Z</time>
<extensions>
<gpx10:speed>1.3255424</gpx10:speed></extensions></trkpt>
<trkpt lat="37.5211024" lon="126.7606406"><ele>41.54315</ele><time>2018-04-19T05:44:08Z</time>
<extensions>
<gpx10:speed>1.3369766</gpx10:speed></extensions></trkpt>
<trkpt lat="37.5210072" lon="126.7606436"><ele>41.47536</ele><time>2018-04-19T05:44:16Z</time>
<extensions>
<gpx10:speed>1.3081006</gpx10:speed></extensions></trkpt>
<trkpt lat="37.5209122" lon="126.7606572"><ele>41.38843</ele><time>2018-04-19T05:44:24Z</time>
<extensions>
<gpx10:speed>1.3007083</gpx10:speed></extensions></trkpt>
<trkpt lat="37.5208211" lon="126.7606647"><ele>41.29605</ele><time>2018-04-19T05:44:31Z</time>
<extensions>
<gpx10:speed>1.2745354</gpx10:speed></extensions></trkpt>
<trkpt lat="37.5207171" lon="126.7606704"><ele>41.201458</ele><time>2018-04-19T05:44:38Z</time>
<extensions>
<gpx10:speed>1.3578396</gpx10:speed></extensions></trkpt>
<trkpt lat="37.5206192" lon="126.7606855"><ele>41.10542</ele><time>2018-04-19T05:44:45Z</time>
<extensions>
<gpx10:speed>1.376455</gpx10:speed></extensions></trkpt>
<trkpt lat="37.5205254" lon="126.7606869"><ele>40.99559</ele><time>2018-04-19T05:44:53Z</time>
<extensions>
<gpx10:speed>1.2585562</gpx10:speed></extensions></trkpt>
<trkpt lat="37.5204343" lon="126.7607362"><ele>40.90234</ele><time>2018-04-19T05:45:01Z</time>
<extensions>
<gpx10:speed>1.1059043</gpx10:speed></extensions></trkpt>
<trkpt lat="37.5203457" lon="126.7607891"><ele>40.849693</ele><time>2018-04-19T05:45:10Z</time>
<extensions>
<gpx10:speed>1.0583748</gpx10:speed></extensions></trkpt>
<trkpt lat="37.5202582" lon="126.7608259"><ele>40.87621</ele><time>2018-04-19T05:45:20Z</time>
<extensions>
<gpx10:speed>1.1036215</gpx10:speed></extensions></trkpt>
<trkpt lat="37.5201581" lon="126.7608413"><ele>40.945694</ele><time>2018-04-19T05:45:28Z</time>
<extensions>
<gpx10:speed>1.202937</gpx10:speed></extensions></trkpt>
<trkpt lat="37.52011" lon="126.760738"><ele>41.01153</ele><time>2018-04-19T05:45:37Z</time>
<extensions>
<gpx10:speed>0.0604785</gpx10:speed></extensions></trkpt>
<trkpt lat="37.5200607" lon="126.7608502"><ele>41.16166</ele><time>2018-04-19T05:46:29Z</time>
<extensions>
<gpx10:speed>0.9514582</gpx10:speed></extensions></trkpt>
<trkpt lat="37.5199589" lon="126.7608557"><ele>41.23124</ele><time>2018-04-19T05:46:38Z</time>
<extensions>
<gpx10:speed>1.1700448</gpx10:speed></extensions></trkpt>
<trkpt lat="37.5198542" lon="126.760872"><ele>41.31571</ele><time>2018-04-19T05:46:45Z</time>
<extensions>
<gpx10:speed>1.2385563</gpx10:speed></extensions></trkpt>
<trkpt lat="37.519758" lon="126.7608752"><ele>41.435284</ele><time>2018-04-19T05:46:53Z</time>
<extensions>
<gpx10:speed>1.2983999</gpx10:speed></extensions></trkpt>
<trkpt lat="37.5196617" lon="126.7608631"><ele>41.592705</ele><time>2018-04-19T05:47:03Z</time>
<extensions>
<gpx10:speed>1.2010523</gpx10:speed></extensions></trkpt>
<trkpt lat="37.5195599" lon="126.7608657"><ele>41.709576</ele><time>2018-04-19T05:47:11Z</time>
<extensions>
<gpx10:speed>1.1691605</gpx10:speed></extensions></trkpt>
<trkpt lat="37.5194676" lon="126.7608598"><ele>41.800716</ele><time>2018-04-19T05:47:18Z</time>
<extensions>
<gpx10:speed>1.156753</gpx10:speed></extensions></trkpt>
<trkpt lat="37.5193757" lon="126.7608663"><ele>41.87924</ele><time>2018-04-19T05:47:24Z</time>
<extensions>
<gpx10:speed>1.3106679</gpx10:speed></extensions></trkpt>
<trkpt lat="37.5192758" lon="126.7608612"><ele>41.990555</ele><time>2018-04-19T05:47:33Z</time>
<extensions>
<gpx10:speed>1.2438978</gpx10:speed></extensions></trkpt>
<trkpt lat="37.5191823" lon="126.7608455"><ele>42.083904</ele><time>2018-04-19T05:47:41Z</time>
<extensions>
<gpx10:speed>1.2264465</gpx10:speed></extensions></trkpt>
<trkpt lat="37.5190859" lon="126.7608261"><ele>42.177597</ele><time>2018-04-19T05:47:50Z</time>
<extensions>
<gpx10:speed>1.2835518</gpx10:speed></extensions></trkpt>
<trkpt lat="37.5189875" lon="126.7608307"><ele>42.25727</ele><time>2018-04-19T05:47:58Z</time>
<extensions>
<gpx10:speed>1.3520525</gpx10:speed></extensions></trkpt>
<trkpt lat="37.5188957" lon="126.7608381"><ele>42.330833</ele><time>2018-04-19T05:48:05Z</time>
<extensions>
<gpx10:speed>1.3552616</gpx10:speed></extensions></trkpt>
<trkpt lat="37.5188002" lon="126.7608375"><ele>42.413258</ele><time>2018-04-19T05:48:13Z</time>
<extensions>
<gpx10:speed>1.3105868</gpx10:speed></extensions></trkpt>
<trkpt lat="37.5187094" lon="126.7608324"><ele>42.480072</ele><time>2018-04-19T05:48:20Z</time>
<extensions>
<gpx10:speed>1.3291513</gpx10:speed></extensions></trkpt>
<trkpt lat="37.5186122" lon="126.7608293"><ele>42.561653</ele><time>2018-04-19T05:48:28Z</time>
<extensions>
<gpx10:speed>1.3377557</gpx10:speed></extensions></trkpt>
<trkpt lat="37.5185103" lon="126.7608258"><ele>42.634842</ele><time>2018-04-19T05:48:35Z</time>
<extensions>
<gpx10:speed>1.4220095</gpx10:speed></extensions></trkpt>
<trkpt lat="37.5184176" lon="126.7608212"><ele>42.702003</ele><time>2018-04-19T05:48:42Z</time>
<extensions>
<gpx10:speed>1.3934165</gpx10:speed></extensions></trkpt>
<trkpt lat="37.5183199" lon="126.7608171"><ele>42.762302</ele><time>2018-04-19T05:48:50Z</time>
<extensions>
<gpx10:speed>1.3654017</gpx10:speed></extensions></trkpt>
<trkpt lat="37.5182178" lon="126.7608233"><ele>42.806965</ele><time>2018-04-19T05:48:58Z</time>
<extensions>
<gpx10:speed>1.3227148</gpx10:speed></extensions></trkpt>
<trkpt lat="37.5181249" lon="126.7608274"><ele>42.828835</ele><time>2018-04-19T05:49:05Z</time>
<extensions>
<gpx10:speed>1.3864644</gpx10:speed></extensions></trkpt>
<trkpt lat="37.5180235" lon="126.7608192"><ele>42.83796</ele><time>2018-04-19T05:49:12Z</time>
<extensions>
<gpx10:speed>1.3843509</gpx10:speed></extensions></trkpt>
<trkpt lat="37.5179293" lon="126.7608207"><ele>42.828457</ele><time>2018-04-19T05:49:20Z</time>
<extensions>
<gpx10:speed>1.264019</gpx10:speed></extensions></trkpt>
<trkpt lat="37.5178393" lon="126.7608363"><ele>42.822994</ele><time>2018-04-19T05:49:26Z</time>
<extensions>
<gpx10:speed>1.2638619</gpx10:speed></extensions></trkpt>
<trkpt lat="37.5177489" lon="126.7608565"><ele>42.826317</ele><time>2018-04-19T05:49:34Z</time>
<extensions>
<gpx10:speed>1.2055649</gpx10:speed></extensions></trkpt>
<trkpt lat="37.5176509" lon="126.7608307"><ele>42.83167</ele><time>2018-04-19T05:49:42Z</time>
<extensions>
<gpx10:speed>1.2617906</gpx10:speed></extensions></trkpt>
<trkpt lat="37.5175524" lon="126.760814"><ele>42.82623</ele><time>2018-04-19T05:49:49Z</time>
<extensions>
<gpx10:speed>1.3186332</gpx10:speed></extensions></trkpt>
<trkpt lat="37.5174566" lon="126.7608218"><ele>42.808083</ele><time>2018-04-19T05:49:56Z</time>
<extensions>
<gpx10:speed>1.3198248</gpx10:speed></extensions></trkpt>
<trkpt lat="37.5173603" lon="126.7608166"><ele>42.787136</ele><time>2018-04-19T05:50:03Z</time>
<extensions>
<gpx10:speed>1.2991827</gpx10:speed></extensions></trkpt>
<trkpt lat="37.517261" lon="126.7608354"><ele>42.759327</ele><time>2018-04-19T05:50:11Z</time>
<extensions>
<gpx10:speed>1.3009822</gpx10:speed></extensions></trkpt>
<trkpt lat="37.5171681" lon="126.760834"><ele>42.73466</ele><time>2018-04-19T05:50:18Z</time>
<extensions>
<gpx10:speed>1.3564851</gpx10:speed></extensions></trkpt>
<trkpt lat="37.5170734" lon="126.7608275"><ele>42.70698</ele><time>2018-04-19T05:50:26Z</time>
<extensions>
<gpx10:speed>1.2668324</gpx10:speed></extensions></trkpt>
<trkpt lat="37.5169738" lon="126.7608126"><ele>42.661522</ele><time>2018-04-19T05:50:35Z</time>
<extensions>
<gpx10:speed>1.227282</gpx10:speed></extensions></trkpt>
<trkpt lat="37.5168727" lon="126.7608094"><ele>42.613808</ele><time>2018-04-19T05:50:43Z</time>
<extensions>
<gpx10:speed>1.3255185</gpx10:speed></extensions></trkpt>
<trkpt lat="37.5167786" lon="126.7607967"><ele>42.566586</ele><time>2018-04-19T05:50:50Z</time>
<extensions>
<gpx10:speed>1.368089</gpx10:speed></extensions></trkpt>
<trkpt lat="37.5166746" lon="126.7607913"><ele>42.50429</ele><time>2018-04-19T05:50:58Z</time>
<extensions>
<gpx10:speed>1.3709062</gpx10:speed></extensions></trkpt>
<trkpt lat="37.5165823" lon="126.7607706"><ele>42.457634</ele><time>2018-04-19T05:51:05Z</time>
<extensions>
<gpx10:speed>1.3735609</gpx10:speed></extensions></trkpt>
<trkpt lat="37.516481" lon="126.7607807"><ele>42.413437</ele><time>2018-04-19T05:51:13Z</time>
<extensions>
<gpx10:speed>1.3170793</gpx10:speed></extensions></trkpt>
<trkpt lat="37.5163859" lon="126.7607828"><ele>42.37863</ele><time>2018-04-19T05:51:22Z</time>
<extensions>
<gpx10:speed>1.2719455</gpx10:speed></extensions></trkpt>
<trkpt lat="37.5162938" lon="126.7607861"><ele>42.370033</ele><time>2018-04-19T05:51:30Z</time>
<extensions>
<gpx10:speed>1.1514885</gpx10:speed></extensions></trkpt>
<trkpt lat="37.5162002" lon="126.7607764"><ele>42.389885</ele><time>2018-04-19T05:51:39Z</time>
<extensions>
<gpx10:speed>1.1383911</gpx10:speed></extensions></trkpt>
<trkpt lat="37.5161054" lon="126.7607661"><ele>42.427044</ele><time>2018-04-19T05:51:47Z</time>
<extensions>
<gpx10:speed>1.1581695</gpx10:speed></extensions></trkpt>
<trkpt lat="37.5160049" lon="126.7607661"><ele>42.459705</ele><time>2018-04-19T05:51:54Z</time>
<extensions>
<gpx10:speed>1.1724435</gpx10:speed></extensions></trkpt>
<trkpt lat="37.5159043" lon="126.7607733"><ele>42.491283</ele><time>2018-04-19T05:52:01Z</time>
<extensions>
<gpx10:speed>1.1913172</gpx10:speed></extensions></trkpt>
<trkpt lat="37.5158072" lon="126.7607512"><ele>42.52888</ele><time>2018-04-19T05:52:09Z</time>
<extensions>
<gpx10:speed>1.2287612</gpx10:speed></extensions></trkpt>
<trkpt lat="37.5157068" lon="126.7607495"><ele>42.556202</ele><time>2018-04-19T05:52:16Z</time>
<extensions>
<gpx10:speed>1.3062469</gpx10:speed></extensions></trkpt>
<trkpt lat="37.5156111" lon="126.7607427"><ele>42.58776</ele><time>2018-04-19T05:52:24Z</time>
<extensions>
<gpx10:speed>1.3544528</gpx10:speed></extensions></trkpt>
<trkpt lat="37.5155229" lon="126.7607037"><ele>42.61637</ele><time>2018-04-19T05:52:32Z</time>
<extensions>
<gpx10:speed>1.2427704</gpx10:speed></extensions></trkpt>
<trkpt lat="37.5154317" lon="126.7607064"><ele>42.640728</ele><time>2018-04-19T05:52:40Z</time>
<extensions>
<gpx10:speed>1.2348037</gpx10:speed></extensions></trkpt>
<trkpt lat="37.5153404" lon="126.7606938"><ele>42.660828</ele><time>2018-04-19T05:52:47Z</time>
<extensions>
<gpx10:speed>1.3730494</gpx10:speed></extensions></trkpt>
<trkpt lat="37.5152601" lon="126.7606419"><ele>42.684902</ele><time>2018-04-19T05:52:54Z</time>
<extensions>
<gpx10:speed>1.3048316</gpx10:speed></extensions></trkpt>
<trkpt lat="37.5151659" lon="126.7606231"><ele>43.28226</ele><time>2018-04-19T05:55:24Z</time>
<extensions>
<gpx10:speed>1.3393757</gpx10:speed></extensions></trkpt>
<trkpt lat="37.515081" lon="126.7605754"><ele>43.417446</ele><time>2018-04-19T05:55:33Z</time>
<extensions>
<gpx10:speed>1.2471063</gpx10:speed></extensions></trkpt>
<trkpt lat="37.5149762" lon="126.7605578"><ele>43.514523</ele><time>2018-04-19T05:55:40Z</time>
<extensions>
<gpx10:speed>1.3373842</gpx10:speed></extensions></trkpt>
<trkpt lat="37.5148825" lon="126.7605223"><ele>43.604122</ele><time>2018-04-19T05:55:47Z</time>
<extensions>
<gpx10:speed>1.2837487</gpx10:speed></extensions></trkpt>
<trkpt lat="37.514793" lon="126.7604524"><ele>43.704124</ele><time>2018-04-19T05:55:57Z</time>
<extensions>
<gpx10:speed>0.055534117</gpx10:speed></extensions></trkpt>
<trkpt lat="37.5147341" lon="126.7603607"><ele>43.814545</ele><time>2018-04-19T05:56:11Z</time>
<extensions>
<gpx10:speed>0.9325253</gpx10:speed></extensions></trkpt>
<trkpt lat="37.5146496" lon="126.7603022"><ele>43.88831</ele><time>2018-04-19T05:56:21Z</time>
<extensions>
<gpx10:speed>1.0137907</gpx10:speed></extensions></trkpt>
<trkpt lat="37.514561" lon="126.7602802"><ele>43.952503</ele><time>2018-04-19T05:56:30Z</time>
<extensions>
<gpx10:speed>0.98742735</gpx10:speed></extensions></trkpt>
<trkpt lat="37.5144695" lon="126.7602505"><ele>44.010098</ele><time>2018-04-19T05:56:37Z</time>
<extensions>
<gpx10:speed>0.9576474</gpx10:speed></extensions></trkpt>
<trkpt lat="37.5143732" lon="126.7602574"><ele>44.085506</ele><time>2018-04-19T05:56:45Z</time>
<extensions>
<gpx10:speed>0.9036498</gpx10:speed></extensions></trkpt>
<trkpt lat="37.5142691" lon="126.7602759"><ele>44.139946</ele><time>2018-04-19T05:56:50Z</time>
<extensions>
<gpx10:speed>0.96207464</gpx10:speed></extensions></trkpt>
<trkpt lat="37.5141798" lon="126.7602535"><ele>44.2303</ele><time>2018-04-19T05:56:57Z</time>
<extensions>
<gpx10:speed>1.0158134</gpx10:speed></extensions></trkpt>
<trkpt lat="37.5140894" lon="126.7601925"><ele>44.4044</ele><time>2018-04-19T05:57:09Z</time>
<extensions>
<gpx10:speed>1.0252463</gpx10:speed></extensions></trkpt>
<trkpt lat="37.5139975" lon="126.760148"><ele>44.52189</ele><time>2018-04-19T05:57:17Z</time>
<extensions>
<gpx10:speed>1.1055971</gpx10:speed></extensions></trkpt>
<trkpt lat="37.5139097" lon="126.7600948"><ele>44.65439</ele><time>2018-04-19T05:57:26Z</time>
<extensions>
<gpx10:speed>1.138444</gpx10:speed></extensions></trkpt>
<trkpt lat="37.513815" lon="126.7600445"><ele>44.76272</ele><time>2018-04-19T05:57:34Z</time>
<extensions>
<gpx10:speed>1.143366</gpx10:speed></extensions></trkpt>
<trkpt lat="37.5137257" lon="126.7599997"><ele>44.866837</ele><time>2018-04-19T05:57:42Z</time>
<extensions>
<gpx10:speed>0.73869425</gpx10:speed></extensions></trkpt>
<trkpt lat="37.5136352" lon="126.7600149"><ele>44.999985</ele><time>2018-04-19T05:57:53Z</time>
<extensions>
<gpx10:speed>0.013684511</gpx10:speed></extensions></trkpt>
<trkpt lat="37.5135412" lon="126.7600025"><ele>45.1725</ele><time>2018-04-19T05:58:08Z</time>
<extensions>
<gpx10:speed>0.779444</gpx10:speed></extensions></trkpt>
<trkpt lat="37.5134504" lon="126.7600047"><ele>45.258</ele><time>2018-04-19T05:58:14Z</time>
<extensions>
<gpx10:speed>1.0509026</gpx10:speed></extensions></trkpt>
<trkpt lat="37.5133495" lon="126.7599934"><ele>45.406536</ele><time>2018-04-19T05:58:24Z</time>
<extensions>
<gpx10:speed>0.9713433</gpx10:speed></extensions></trkpt>
<trkpt lat="37.5132529" lon="126.7599753"><ele>45.546547</ele><time>2018-04-19T05:58:33Z</time>
<extensions>
<gpx10:speed>1.0873024</gpx10:speed></extensions></trkpt>
<trkpt lat="37.5131605" lon="126.7599665"><ele>45.65905</ele><time>2018-04-19T05:58:40Z</time>
<extensions>
<gpx10:speed>1.1075203</gpx10:speed></extensions></trkpt>
<trkpt lat="37.5130586" lon="126.7599806"><ele>45.756947</ele><time>2018-04-19T05:58:47Z</time>
<extensions>
<gpx10:speed>1.1939538</gpx10:speed></extensions></trkpt>
<trkpt lat="37.5129677" lon="126.7599626"><ele>45.86845</ele><time>2018-04-19T05:58:55Z</time>
<extensions>
<gpx10:speed>1.0827746</gpx10:speed></extensions></trkpt>
<trkpt lat="37.5128776" lon="126.7599225"><ele>45.967075</ele><time>2018-04-19T05:59:02Z</time>
<extensions>
<gpx10:speed>1.0796872</gpx10:speed></extensions></trkpt>
<trkpt lat="37.5127973" lon="126.7598632"><ele>46.083908</ele><time>2018-04-19T05:59:10Z</time>
<extensions>
<gpx10:speed>1.0220487</gpx10:speed></extensions></trkpt>
<trkpt lat="37.5127292" lon="126.7597809"><ele>46.272144</ele><time>2018-04-19T05:59:33Z</time>
<extensions>
<gpx10:speed>0.23414032</gpx10:speed></extensions></trkpt>
<trkpt lat="37.5126465" lon="126.7597275"><ele>46.412655</ele><time>2018-04-19T05:59:44Z</time>
<extensions>
<gpx10:speed>0.8274199</gpx10:speed></extensions></trkpt>
<trkpt lat="37.5125543" lon="126.7597463"><ele>46.508102</ele><time>2018-04-19T05:59:52Z</time>
<extensions>
<gpx10:speed>1.0162739</gpx10:speed></extensions></trkpt>
<trkpt lat="37.5124614" lon="126.7597515"><ele>46.605206</ele><time>2018-04-19T06:00:00Z</time>
<extensions>
<gpx10:speed>1.1330843</gpx10:speed></extensions></trkpt>
<trkpt lat="37.5123642" lon="126.7597589"><ele>46.72056</ele><time>2018-04-19T06:00:08Z</time>
<extensions>
<gpx10:speed>1.2891756</gpx10:speed></extensions></trkpt>
<trkpt lat="37.5122708" lon="126.7597206"><ele>46.86298</ele><time>2018-04-19T06:00:16Z</time>
<extensions>
<gpx10:speed>1.3215427</gpx10:speed></extensions></trkpt>
<trkpt lat="37.512187" lon="126.7596743"><ele>47.04352</ele><time>2018-04-19T06:00:25Z</time>
<extensions>
<gpx10:speed>1.1661417</gpx10:speed></extensions></trkpt>
<trkpt lat="37.5120915" lon="126.7596498"><ele>47.181923</ele><time>2018-04-19T06:00:33Z</time>
<extensions>
<gpx10:speed>1.269723</gpx10:speed></extensions></trkpt>
<trkpt lat="37.5119994" lon="126.7596133"><ele>47.292168</ele><time>2018-04-19T06:00:40Z</time>
<extensions>
<gpx10:speed>1.2784528</gpx10:speed></extensions></trkpt>
<trkpt lat="37.5119029" lon="126.7596061"><ele>47.389114</ele><time>2018-04-19T06:00:48Z</time>
<extensions>
<gpx10:speed>1.3125619</gpx10:speed></extensions></trkpt>
<trkpt lat="37.5118085" lon="126.7596775"><ele>47.47892</ele><time>2018-04-19T06:00:55Z</time>
<extensions>
<gpx10:speed>1.6211697</gpx10:speed></extensions></trkpt>
<trkpt lat="37.5117433" lon="126.7597912"><ele>47.522144</ele><time>2018-04-19T06:00:59Z</time>
<extensions>
<gpx10:speed>1.978497</gpx10:speed></extensions></trkpt>
<trkpt lat="37.5117028" lon="126.7599248"><ele>47.555317</ele><time>2018-04-19T06:01:03Z</time>
<extensions>
<gpx10:speed>2.1628962</gpx10:speed></extensions></trkpt>
<trkpt lat="37.5116685" lon="126.7600369"><ele>47.581696</ele><time>2018-04-19T06:01:07Z</time>
<extensions>
<gpx10:speed>2.2222838</gpx10:speed></extensions></trkpt>
<trkpt lat="37.511645" lon="126.7601544"><ele>47.603184</ele><time>2018-04-19T06:01:11Z</time>
<extensions>
<gpx10:speed>2.273788</gpx10:speed></extensions></trkpt>
<trkpt lat="37.511615" lon="126.7602629"><ele>47.624645</ele><time>2018-04-19T06:01:16Z</time>
<extensions>
<gpx10:speed>2.089245</gpx10:speed></extensions></trkpt>
<trkpt lat="37.5115668" lon="126.7603618"><ele>47.642296</ele><time>2018-04-19T06:01:23Z</time>
<extensions>
<gpx10:speed>1.6650653</gpx10:speed></extensions></trkpt>
<trkpt lat="37.5115244" lon="126.7604784"><ele>47.669975</ele><time>2018-04-19T06:01:31Z</time>
<extensions>
<gpx10:speed>1.3004951</gpx10:speed></extensions></trkpt>
<trkpt lat="37.5115145" lon="126.7605959"><ele>47.710354</ele><time>2018-04-19T06:01:39Z</time>
<extensions>
<gpx10:speed>0.98926854</gpx10:speed></extensions></trkpt>
<trkpt lat="37.5115318" lon="126.7607284"><ele>47.77478</ele><time>2018-04-19T06:01:47Z</time>
<extensions>
<gpx10:speed>1.0984063</gpx10:speed></extensions></trkpt>
<trkpt lat="37.5115478" lon="126.760843"><ele>47.82939</ele><time>2018-04-19T06:01:56Z</time>
<extensions>
<gpx10:speed>1.0133148</gpx10:speed></extensions></trkpt>
<trkpt lat="37.5115283" lon="126.7609586"><ele>47.873672</ele><time>2018-04-19T06:02:04Z</time>
<extensions>
<gpx10:speed>1.2070091</gpx10:speed></extensions></trkpt>
<trkpt lat="37.5114969" lon="126.7610755"><ele>47.919014</ele><time>2018-04-19T06:02:11Z</time>
<extensions>
<gpx10:speed>1.0709949</gpx10:speed></extensions></trkpt>
<trkpt lat="37.511476" lon="126.7611901"><ele>47.97758</ele><time>2018-04-19T06:02:21Z</time>
<extensions>
<gpx10:speed>0.7827398</gpx10:speed></extensions></trkpt>
<trkpt lat="37.5114618" lon="126.7613078"><ele>48.01727</ele><time>2018-04-19T06:02:28Z</time>
<extensions>
<gpx10:speed>0.91690755</gpx10:speed></extensions></trkpt>
<trkpt lat="37.5115011" lon="126.7614277"><ele>48.041763</ele><time>2018-04-19T06:02:33Z</time>
<extensions>
<gpx10:speed>0.9838106</gpx10:speed></extensions></trkpt>
<trkpt lat="37.511497" lon="126.7615462"><ele>48.089825</ele><time>2018-04-19T06:02:40Z</time>
<extensions>
<gpx10:speed>0.97007746</gpx10:speed></extensions></trkpt>
<trkpt lat="37.511466" lon="126.7616614"><ele>48.15361</ele><time>2018-04-19T06:02:47Z</time>
<extensions>
<gpx10:speed>1.0702019</gpx10:speed></extensions></trkpt>
<trkpt lat="37.5114336" lon="126.7617682"><ele>48.21516</ele><time>2018-04-19T06:02:53Z</time>
<extensions>
<gpx10:speed>1.195409</gpx10:speed></extensions></trkpt>
<trkpt lat="37.5114228" lon="126.7619007"><ele>48.288338</ele><time>2018-04-19T06:03:00Z</time>
<extensions>
<gpx10:speed>1.2036012</gpx10:speed></extensions></trkpt>
<trkpt lat="37.5114049" lon="126.7620278"><ele>48.387936</ele><time>2018-04-19T06:03:08Z</time>
<extensions>
<gpx10:speed>1.2543569</gpx10:speed></extensions></trkpt>
<trkpt lat="37.5113681" lon="126.7621316"><ele>48.52151</ele><time>2018-04-19T06:03:21Z</time>
<extensions>
<gpx10:speed>0.25861865</gpx10:speed></extensions></trkpt>
<trkpt lat="37.5112752" lon="126.7621433"><ele>48.60714</ele><time>2018-04-19T06:03:41Z</time>
<extensions>
<gpx10:speed>1.5029223</gpx10:speed></extensions></trkpt>
<trkpt lat="37.5111789" lon="126.7621484"><ele>48.6269</ele><time>2018-04-19T06:03:47Z</time>
<extensions>
<gpx10:speed>1.2838317</gpx10:speed></extensions></trkpt>
<trkpt lat="37.5110797" lon="126.7621308"><ele>48.62253</ele><time>2018-04-19T06:03:57Z</time>
<extensions>
<gpx10:speed>1.0878823</gpx10:speed></extensions></trkpt>
<trkpt lat="37.5109911" lon="126.7620881"><ele>48.589596</ele><time>2018-04-19T06:04:32Z</time>
<extensions>
<gpx10:speed>0.47386673</gpx10:speed></extensions></trkpt>
<trkpt lat="37.5108909" lon="126.7620835"><ele>48.58596</ele><time>2018-04-19T06:04:43Z</time>
<extensions>
<gpx10:speed>0.6312405</gpx10:speed></extensions></trkpt>
<trkpt lat="37.5108034" lon="126.7620489"><ele>48.596752</ele><time>2018-04-19T06:04:51Z</time>
<extensions>
<gpx10:speed>0.95404685</gpx10:speed></extensions></trkpt>
<trkpt lat="37.5107159" lon="126.7620143"><ele>48.615765</ele><time>2018-04-19T06:05:00Z</time>
<extensions>
<gpx10:speed>0.74861306</gpx10:speed></extensions></trkpt>
<trkpt lat="37.5106095" lon="126.7620505"><ele>48.648766</ele><time>2018-04-19T06:05:07Z</time>
<extensions>
<gpx10:speed>0.806238</gpx10:speed></extensions></trkpt>
<trkpt lat="37.5105472" lon="126.7619589"><ele>48.704918</ele><time>2018-04-19T06:05:16Z</time>
<extensions>
<gpx10:speed>0.40976748</gpx10:speed></extensions></trkpt>
<trkpt lat="37.5104589" lon="126.7619278"><ele>48.730095</ele><time>2018-04-19T06:05:25Z</time>
<extensions>
<gpx10:speed>0.89143664</gpx10:speed></extensions></trkpt>
<trkpt lat="37.510369" lon="126.7619522"><ele>48.706627</ele><time>2018-04-19T06:05:30Z</time>
<extensions>
<gpx10:speed>1.0481943</gpx10:speed></extensions></trkpt>
<trkpt lat="37.5102721" lon="126.7619366"><ele>48.706924</ele><time>2018-04-19T06:05:36Z</time>
<extensions>
<gpx10:speed>1.0887274</gpx10:speed></extensions></trkpt>
<trkpt lat="37.5102062" lon="126.7620283"><ele>48.75703</ele><time>2018-04-19T06:05:48Z</time>
<extensions>
<gpx10:speed>1.052547</gpx10:speed></extensions></trkpt>
<trkpt lat="37.5101842" lon="126.7621431"><ele>48.63985</ele><time>2018-04-19T06:05:57Z</time>
<extensions>
<gpx10:speed>0.7131943</gpx10:speed></extensions></trkpt>
<trkpt lat="37.5101881" lon="126.7622585"><ele>48.54219</ele><time>2018-04-19T06:06:04Z</time>
<extensions>
<gpx10:speed>0.7325141</gpx10:speed></extensions></trkpt>
<trkpt lat="37.5102042" lon="126.7623839"><ele>48.42389</ele><time>2018-04-19T06:06:11Z</time>
<extensions>
<gpx10:speed>0.6922947</gpx10:speed></extensions></trkpt>
<trkpt lat="37.5101792" lon="126.7625031"><ele>48.069023</ele><time>2018-04-19T06:06:21Z</time>
<extensions>
<gpx10:speed>1.2445158</gpx10:speed></extensions></trkpt>
<trkpt lat="37.5101583" lon="126.7626177"><ele>47.753735</ele><time>2018-04-19T06:06:29Z</time>
<extensions>
<gpx10:speed>0.3942897</gpx10:speed></extensions></trkpt>
<trkpt lat="37.5101524" lon="126.7627434"><ele>47.396526</ele><time>2018-04-19T06:06:40Z</time>
<extensions>
<gpx10:speed>0.36489522</gpx10:speed></extensions></trkpt>
<trkpt lat="37.5101394" lon="126.7628572"><ele>47.23413</ele><time>2018-04-19T06:06:48Z</time>
<extensions>
<gpx10:speed>0.63435096</gpx10:speed></extensions></trkpt>
<trkpt lat="37.5101284" lon="126.7630328"><ele>46.714996</ele><time>2018-04-19T06:06:55Z</time>
<extensions>
<gpx10:speed>0.6225106</gpx10:speed></extensions></trkpt>
<trkpt lat="37.5101012" lon="126.7631413"><ele>46.79566</ele><time>2018-04-19T06:07:01Z</time>
<extensions>
<gpx10:speed>0.46257335</gpx10:speed></extensions></trkpt>
<trkpt lat="37.5100473" lon="126.7632446"><ele>47.788784</ele><time>2018-04-19T06:07:13Z</time>
<extensions>
<gpx10:speed>0.44000652</gpx10:speed></extensions></trkpt>
<trkpt lat="37.5099572" lon="126.7632706"><ele>48.253796</ele><time>2018-04-19T06:07:18Z</time>
<extensions>
<gpx10:speed>0.9657111</gpx10:speed></extensions></trkpt>
<trkpt lat="37.5098634" lon="126.7632837"><ele>48.745968</ele><time>2018-04-19T06:07:23Z</time>
<extensions>
<gpx10:speed>0.64258814</gpx10:speed></extensions></trkpt>
<trkpt lat="37.5097798" lon="126.7632319"><ele>50.023346</ele><time>2018-04-19T06:07:36Z</time>
<extensions>
<gpx10:speed>0.5811773</gpx10:speed></extensions></trkpt>
<trkpt lat="37.5097305" lon="126.7631291"><ele>50.569946</ele><time>2018-04-19T06:07:43Z</time>
<extensions>
<gpx10:speed>0.81256866</gpx10:speed></extensions></trkpt>
<trkpt lat="37.5096476" lon="126.7630714"><ele>51.194416</ele><time>2018-04-19T06:07:53Z</time>
<extensions>
<gpx10:speed>0.83414894</gpx10:speed></extensions></trkpt>
<trkpt lat="37.5095487" lon="126.7630545"><ele>51.718834</ele><time>2018-04-19T06:08:02Z</time>
<extensions>
<gpx10:speed>0.83668363</gpx10:speed></extensions></trkpt>
<trkpt lat="37.5094584" lon="126.7630497"><ele>52.119057</ele><time>2018-04-19T06:08:08Z</time>
<extensions>
<gpx10:speed>0.88905656</gpx10:speed></extensions></trkpt>
<trkpt lat="37.5093714" lon="126.7630823"><ele>52.526882</ele><time>2018-04-19T06:08:14Z</time>
<extensions>
<gpx10:speed>0.9535478</gpx10:speed></extensions></trkpt>
<trkpt lat="37.5092784" lon="126.763095"><ele>53.030495</ele><time>2018-04-19T06:08:21Z</time>
<extensions>
<gpx10:speed>0.8606019</gpx10:speed></extensions></trkpt>
<trkpt lat="37.5091959" lon="126.7630456"><ele>53.448887</ele><time>2018-04-19T06:08:27Z</time>
<extensions>
<gpx10:speed>1.2556561</gpx10:speed></extensions></trkpt>
<trkpt lat="37.5091027" lon="126.7630148"><ele>54.01088</ele><time>2018-04-19T06:08:35Z</time>
<extensions>
<gpx10:speed>0.7087533</gpx10:speed></extensions></trkpt>
<trkpt lat="37.5090114" lon="126.7630255"><ele>54.4548</ele><time>2018-04-19T06:08:41Z</time>
<extensions>
<gpx10:speed>1.0390869</gpx10:speed></extensions></trkpt>
<trkpt lat="37.5089181" lon="126.7630171"><ele>54.83684</ele><time>2018-04-19T06:08:46Z</time>
<extensions>
<gpx10:speed>1.1676643</gpx10:speed></extensions></trkpt>
<trkpt lat="37.508812" lon="126.7629914"><ele>55.08136</ele><time>2018-04-19T06:08:53Z</time>
<extensions>
<gpx10:speed>1.0519764</gpx10:speed></extensions></trkpt>
<trkpt lat="37.5087205" lon="126.7629809"><ele>55.21044</ele><time>2018-04-19T06:09:00Z</time>
<extensions>
<gpx10:speed>1.0934236</gpx10:speed></extensions></trkpt>
<trkpt lat="37.508629" lon="126.7629753"><ele>55.70116</ele><time>2018-04-19T06:09:11Z</time>
<extensions>
<gpx10:speed>1.1127443</gpx10:speed></extensions></trkpt>
<trkpt lat="37.5085323" lon="126.7629452"><ele>56.091103</ele><time>2018-04-19T06:09:19Z</time>
<extensions>
<gpx10:speed>1.1567351</gpx10:speed></extensions></trkpt>
<trkpt lat="37.5084398" lon="126.7628977"><ele>56.48995</ele><time>2018-04-19T06:09:26Z</time>
<extensions>
<gpx10:speed>1.1330664</gpx10:speed></extensions></trkpt>
<trkpt lat="37.5083965" lon="126.7627978"><ele>56.80508</ele><time>2018-04-19T06:09:32Z</time>
<extensions>
<gpx10:speed>0.80471146</gpx10:speed></extensions></trkpt>
<trkpt lat="37.5083252" lon="126.7627254"><ele>56.84523</ele><time>2018-04-19T06:09:50Z</time>
<extensions>
<gpx10:speed>0.6535529</gpx10:speed></extensions></trkpt>
<trkpt lat="37.5082295" lon="126.7627575"><ele>56.705257</ele><time>2018-04-19T06:09:57Z</time>
<extensions>
<gpx10:speed>1.2073519</gpx10:speed></extensions></trkpt>
<trkpt lat="37.5081364" lon="126.7627792"><ele>56.70227</ele><time>2018-04-19T06:10:13Z</time>
<extensions>
<gpx10:speed>1.0552467</gpx10:speed></extensions></trkpt>
<trkpt lat="37.5080448" lon="126.7627733"><ele>56.691437</ele><time>2018-04-19T06:10:23Z</time>
<extensions>
<gpx10:speed>0.98626244</gpx10:speed></extensions></trkpt>
<trkpt lat="37.5079568" lon="126.7627365"><ele>56.77978</ele><time>2018-04-19T06:10:34Z</time>
<extensions>
<gpx10:speed>0.9115279</gpx10:speed></extensions></trkpt>
<trkpt lat="37.507861" lon="126.762728"><ele>56.99369</ele><time>2018-04-19T06:10:43Z</time>
<extensions>
<gpx10:speed>0.9357607</gpx10:speed></extensions></trkpt>
<trkpt lat="37.5077673" lon="126.7627222"><ele>57.21342</ele><time>2018-04-19T06:10:51Z</time>
<extensions>
<gpx10:speed>0.7309128</gpx10:speed></extensions></trkpt>
<trkpt lat="37.507669" lon="126.7627075"><ele>57.406384</ele><time>2018-04-19T06:11:00Z</time>
<extensions>
<gpx10:speed>0.9595504</gpx10:speed></extensions></trkpt>
<trkpt lat="37.5075806" lon="126.7626807"><ele>57.536472</ele><time>2018-04-19T06:11:06Z</time>
<extensions>
<gpx10:speed>1.0722431</gpx10:speed></extensions></trkpt>
<trkpt lat="37.5074861" lon="126.7626379"><ele>57.633194</ele><time>2018-04-19T06:11:11Z</time>
<extensions>
<gpx10:speed>1.0884187</gpx10:speed></extensions></trkpt>
<trkpt lat="37.5073919" lon="126.762624"><ele>57.77236</ele><time>2018-04-19T06:11:19Z</time>
<extensions>
<gpx10:speed>1.1014382</gpx10:speed></extensions></trkpt>
<trkpt lat="37.5073057" lon="126.7626849"><ele>57.93176</ele><time>2018-04-19T06:11:31Z</time>
<extensions>
<gpx10:speed>1.1477855</gpx10:speed></extensions></trkpt>
<trkpt lat="37.5072369" lon="126.7627631"><ele>57.94778</ele><time>2018-04-19T06:11:39Z</time>
<extensions>
<gpx10:speed>0.6358966</gpx10:speed></extensions></trkpt>
<trkpt lat="37.5072047" lon="126.7628754"><ele>57.73912</ele><time>2018-04-19T06:11:52Z</time>
<extensions>
<gpx10:speed>0.5156191</gpx10:speed></extensions></trkpt>
<trkpt lat="37.5071826" lon="126.7629876"><ele>57.414124</ele><time>2018-04-19T06:12:01Z</time>
<extensions>
<gpx10:speed>0.6659671</gpx10:speed></extensions></trkpt>
<trkpt lat="37.50715" lon="126.7631126"><ele>57.11489</ele><time>2018-04-19T06:12:09Z</time>
<extensions>
<gpx10:speed>1.1965048</gpx10:speed></extensions></trkpt>
<trkpt lat="37.5071214" lon="126.7632259"><ele>56.862072</ele><time>2018-04-19T06:12:16Z</time>
<extensions>
<gpx10:speed>1.0726421</gpx10:speed></extensions></trkpt>
<trkpt lat="37.507104" lon="126.7633599"><ele>56.63934</ele><time>2018-04-19T06:12:24Z</time>
<extensions>
<gpx10:speed>0.86018413</gpx10:speed></extensions></trkpt>
<trkpt lat="37.5070883" lon="126.7634789"><ele>56.545624</ele><time>2018-04-19T06:12:32Z</time>
<extensions>
<gpx10:speed>1.064933</gpx10:speed></extensions></trkpt>
<trkpt lat="37.5070729" lon="126.7636285"><ele>56.506184</ele><time>2018-04-19T06:12:39Z</time>
<extensions>
<gpx10:speed>1.058859</gpx10:speed></extensions></trkpt>
<trkpt lat="37.5070536" lon="126.7637469"><ele>56.457752</ele><time>2018-04-19T06:12:44Z</time>
<extensions>
<gpx10:speed>1.1061105</gpx10:speed></extensions></trkpt>
<trkpt lat="37.5070153" lon="126.7638684"><ele>56.37332</ele><time>2018-04-19T06:12:52Z</time>
<extensions>
<gpx10:speed>1.0941582</gpx10:speed></extensions></trkpt>
<trkpt lat="37.5069956" lon="126.763989"><ele>56.24288</ele><time>2018-04-19T06:13:04Z</time>
<extensions>
<gpx10:speed>1.2125659</gpx10:speed></extensions></trkpt>
<trkpt lat="37.5069741" lon="126.7641076"><ele>56.098213</ele><time>2018-04-19T06:13:13Z</time>
<extensions>
<gpx10:speed>1.2655779</gpx10:speed></extensions></trkpt>
<trkpt lat="37.5069569" lon="126.764224"><ele>56.012875</ele><time>2018-04-19T06:13:23Z</time>
<extensions>
<gpx10:speed>1.1067462</gpx10:speed></extensions></trkpt>
<trkpt lat="37.5069742" lon="126.7643539"><ele>55.977657</ele><time>2018-04-19T06:13:32Z</time>
<extensions>
<gpx10:speed>0.5752153</gpx10:speed></extensions></trkpt>
<trkpt lat="37.5069538" lon="126.764477"><ele>55.887096</ele><time>2018-04-19T06:13:41Z</time>
<extensions>
<gpx10:speed>0.73474336</gpx10:speed></extensions></trkpt>
<trkpt lat="37.5069346" lon="126.7645915"><ele>55.743473</ele><time>2018-04-19T06:13:50Z</time>
<extensions>
<gpx10:speed>0.98180157</gpx10:speed></extensions></trkpt>
<trkpt lat="37.5069233" lon="126.7647182"><ele>55.619884</ele><time>2018-04-19T06:13:58Z</time>
<extensions>
<gpx10:speed>1.0075787</gpx10:speed></extensions></trkpt>
<trkpt lat="37.5069061" lon="126.7648366"><ele>55.49853</ele><time>2018-04-19T06:14:04Z</time>
<extensions>
<gpx10:speed>0.6941108</gpx10:speed></extensions></trkpt>
<trkpt lat="37.506873" lon="126.7649513"><ele>55.381565</ele><time>2018-04-19T06:14:10Z</time>
<extensions>
<gpx10:speed>0.9571843</gpx10:speed></extensions></trkpt>
<trkpt lat="37.506844" lon="126.7650697"><ele>55.226013</ele><time>2018-04-19T06:14:18Z</time>
<extensions>
<gpx10:speed>0.87870544</gpx10:speed></extensions></trkpt>
<trkpt lat="37.5068217" lon="126.7651886"><ele>55.088963</ele><time>2018-04-19T06:14:25Z</time>
<extensions>
<gpx10:speed>0.9467403</gpx10:speed></extensions></trkpt>
<trkpt lat="37.5068204" lon="126.76531"><ele>54.861202</ele><time>2018-04-19T06:14:36Z</time>
<extensions>
<gpx10:speed>0.99437046</gpx10:speed></extensions></trkpt>
<trkpt lat="37.5068138" lon="126.7654276"><ele>54.729527</ele><time>2018-04-19T06:14:42Z</time>
<extensions>
<gpx10:speed>0.97890973</gpx10:speed></extensions></trkpt>
<trkpt lat="37.5067858" lon="126.7655441"><ele>54.571938</ele><time>2018-04-19T06:14:51Z</time>
<extensions>
<gpx10:speed>0.9925072</gpx10:speed></extensions></trkpt>
<trkpt lat="37.5067565" lon="126.7656654"><ele>54.440254</ele><time>2018-04-19T06:15:00Z</time>
<extensions>
<gpx10:speed>0.9345881</gpx10:speed></extensions></trkpt>
<trkpt lat="37.5067234" lon="126.7657819"><ele>54.326233</ele><time>2018-04-19T06:15:08Z</time>
<extensions>
<gpx10:speed>0.97680515</gpx10:speed></extensions></trkpt>
<trkpt lat="37.5066937" lon="126.7658994"><ele>54.212456</ele><time>2018-04-19T06:15:16Z</time>
<extensions>
<gpx10:speed>0.9253264</gpx10:speed></extensions></trkpt>
<trkpt lat="37.5066945" lon="126.7660381"><ele>54.101353</ele><time>2018-04-19T06:15:23Z</time>
<extensions>
<gpx10:speed>0.9337102</gpx10:speed></extensions></trkpt>
<trkpt lat="37.5067122" lon="126.766152"><ele>54.010307</ele><time>2018-04-19T06:15:29Z</time>
<extensions>
<gpx10:speed>1.0324726</gpx10:speed></extensions></trkpt>
<trkpt lat="37.5066904" lon="126.766268"><ele>53.882324</ele><time>2018-04-19T06:15:38Z</time>
<extensions>
<gpx10:speed>1.0849035</gpx10:speed></extensions></trkpt>
<trkpt lat="37.5066922" lon="126.7663912"><ele>53.81603</ele><time>2018-04-19T06:15:44Z</time>
<extensions>
<gpx10:speed>1.0047424</gpx10:speed></extensions></trkpt>
<trkpt lat="37.5066785" lon="126.7665043"><ele>53.764256</ele><time>2018-04-19T06:15:51Z</time>
<extensions>
<gpx10:speed>0.96660066</gpx10:speed></extensions></trkpt>
<trkpt lat="37.5066724" lon="126.7666263"><ele>53.715794</ele><time>2018-04-19T06:15:59Z</time>
<extensions>
<gpx10:speed>0.9982323</gpx10:speed></extensions></trkpt>
<trkpt lat="37.5066478" lon="126.7667374"><ele>53.66452</ele><time>2018-04-19T06:16:07Z</time>
<extensions>
<gpx10:speed>1.0228218</gpx10:speed></extensions></trkpt>
<trkpt lat="37.5066193" lon="126.7668465"><ele>53.607246</ele><time>2018-04-19T06:16:15Z</time>
<extensions>
<gpx10:speed>1.1319103</gpx10:speed></extensions></trkpt>
<trkpt lat="37.5065777" lon="126.7669488"><ele>53.527065</ele><time>2018-04-19T06:16:30Z</time>
<extensions>
<gpx10:speed>0.30902916</gpx10:speed></extensions></trkpt>
<trkpt lat="37.5065608" lon="126.7670654"><ele>53.502663</ele><time>2018-04-19T06:16:36Z</time>
<extensions>
<gpx10:speed>0.8913635</gpx10:speed></extensions></trkpt>
<trkpt lat="37.5065882" lon="126.7671808"><ele>53.47918</ele><time>2018-04-19T06:16:44Z</time>
<extensions>
<gpx10:speed>1.0454949</gpx10:speed></extensions></trkpt>
<trkpt lat="37.5065642" lon="126.7672968"><ele>53.44253</ele><time>2018-04-19T06:16:53Z</time>
<extensions>
<gpx10:speed>1.1318074</gpx10:speed></extensions></trkpt>
<trkpt lat="37.5065569" lon="126.7674108"><ele>53.39426</ele><time>2018-04-19T06:17:01Z</time>
<extensions>
<gpx10:speed>1.1477828</gpx10:speed></extensions></trkpt>
<trkpt lat="37.5065734" lon="126.767528"><ele>53.351887</ele><time>2018-04-19T06:17:06Z</time>
<extensions>
<gpx10:speed>0.64994115</gpx10:speed></extensions></trkpt>
<trkpt lat="37.5065495" lon="126.7676513"><ele>53.29878</ele><time>2018-04-19T06:17:12Z</time>
<extensions>
<gpx10:speed>0.9485737</gpx10:speed></extensions></trkpt>
<trkpt lat="37.5065364" lon="126.7677844"><ele>53.26298</ele><time>2018-04-19T06:17:17Z</time>
<extensions>
<gpx10:speed>1.0014774</gpx10:speed></extensions></trkpt>
<trkpt lat="37.5065498" lon="126.7678973"><ele>53.219376</ele><time>2018-04-19T06:17:30Z</time>
<extensions>
<gpx10:speed>1.1375014</gpx10:speed></extensions></trkpt>
<trkpt lat="37.5065199" lon="126.7680136"><ele>53.16356</ele><time>2018-04-19T06:17:39Z</time>
<extensions>
<gpx10:speed>1.3032082</gpx10:speed></extensions></trkpt>
<trkpt lat="37.5064772" lon="126.7681277"><ele>53.118553</ele><time>2018-04-19T06:17:45Z</time>
<extensions>
<gpx10:speed>1.0941644</gpx10:speed></extensions></trkpt>
<trkpt lat="37.5064714" lon="126.7682406"><ele>53.053753</ele><time>2018-04-19T06:17:54Z</time>
<extensions>
<gpx10:speed>1.0082422</gpx10:speed></extensions></trkpt>
<trkpt lat="37.5064407" lon="126.7683591"><ele>52.991535</ele><time>2018-04-19T06:18:02Z</time>
<extensions>
<gpx10:speed>1.035619</gpx10:speed></extensions></trkpt>
<trkpt lat="37.5064186" lon="126.7684769"><ele>52.94043</ele><time>2018-04-19T06:18:09Z</time>
<extensions>
<gpx10:speed>0.7766155</gpx10:speed></extensions></trkpt>
<trkpt lat="37.506385" lon="126.7685841"><ele>52.85499</ele><time>2018-04-19T06:18:20Z</time>
<extensions>
<gpx10:speed>0.34333286</gpx10:speed></extensions></trkpt>
<trkpt lat="37.5063411" lon="126.7687004"><ele>52.71661</ele><time>2018-04-19T06:18:38Z</time>
<extensions>
<gpx10:speed>0.43489498</gpx10:speed></extensions></trkpt>
<trkpt lat="37.5063033" lon="126.7688102"><ele>52.643185</ele><time>2018-04-19T06:18:45Z</time>
<extensions>
<gpx10:speed>1.0605693</gpx10:speed></extensions></trkpt>
<trkpt lat="37.5062882" lon="126.7689351"><ele>52.572105</ele><time>2018-04-19T06:18:53Z</time>
<extensions>
<gpx10:speed>0.82241625</gpx10:speed></extensions></trkpt>
<trkpt lat="37.5062755" lon="126.7690501"><ele>52.48661</ele><time>2018-04-19T06:19:05Z</time>
<extensions>
<gpx10:speed>0.24689114</gpx10:speed></extensions></trkpt>
<trkpt lat="37.506286" lon="126.7691625"><ele>52.38415</ele><time>2018-04-19T06:19:12Z</time>
<extensions>
<gpx10:speed>0.80375475</gpx10:speed></extensions></trkpt>
<trkpt lat="37.5062761" lon="126.7692787"><ele>52.074944</ele><time>2018-04-19T06:19:22Z</time>
<extensions>
<gpx10:speed>0.6323934</gpx10:speed></extensions></trkpt>
<trkpt lat="37.5062573" lon="126.76939"><ele>52.017467</ele><time>2018-04-19T06:20:01Z</time>
<extensions>
<gpx10:speed>0.5098349</gpx10:speed></extensions></trkpt>
<trkpt lat="37.5062832" lon="126.769508"><ele>52.196182</ele><time>2018-04-19T06:20:10Z</time>
<extensions>
<gpx10:speed>0.46816817</gpx10:speed></extensions></trkpt>
<trkpt lat="37.5062495" lon="126.7696224"><ele>52.403343</ele><time>2018-04-19T06:20:15Z</time>
<extensions>
<gpx10:speed>0.7899511</gpx10:speed></extensions></trkpt>
<trkpt lat="37.5062143" lon="126.7697387"><ele>52.93167</ele><time>2018-04-19T06:20:24Z</time>
<extensions>
<gpx10:speed>0.5277727</gpx10:speed></extensions></trkpt>
<trkpt lat="37.5061566" lon="126.7698479"><ele>53.466537</ele><time>2018-04-19T06:20:32Z</time>
<extensions>
<gpx10:speed>0.6085701</gpx10:speed></extensions></trkpt>
<trkpt lat="37.5061507" lon="126.7699656"><ele>54.150875</ele><time>2018-04-19T06:20:42Z</time>
<extensions>
<gpx10:speed>0.9241158</gpx10:speed></extensions></trkpt>
<trkpt lat="37.5061549" lon="126.7700909"><ele>54.79739</ele><time>2018-04-19T06:20:53Z</time>
<extensions>
<gpx10:speed>0.9979512</gpx10:speed></extensions></trkpt>
<trkpt lat="37.5061235" lon="126.7701973"><ele>55.17839</ele><time>2018-04-19T06:21:02Z</time>
<extensions>
<gpx10:speed>0.8882656</gpx10:speed></extensions></trkpt>
<trkpt lat="37.5061097" lon="126.7703341"><ele>55.367123</ele><time>2018-04-19T06:21:10Z</time>
<extensions>
<gpx10:speed>1.0402535</gpx10:speed></extensions></trkpt>
<trkpt lat="37.5061051" lon="126.7704561"><ele>55.487938</ele><time>2018-04-19T06:21:18Z</time>
<extensions>
<gpx10:speed>0.2695886</gpx10:speed></extensions></trkpt>
<trkpt lat="37.5061119" lon="126.7705708"><ele>55.613495</ele><time>2018-04-19T06:21:26Z</time>
<extensions>
<gpx10:speed>0.66283745</gpx10:speed></extensions></trkpt>
<trkpt lat="37.5060834" lon="126.7706817"><ele>55.99814</ele><time>2018-04-19T06:22:13Z</time>
<extensions>
<gpx10:speed>0.6913978</gpx10:speed></extensions></trkpt>
<trkpt lat="37.5060873" lon="126.7708093"><ele>56.100105</ele><time>2018-04-19T06:22:27Z</time>
<extensions>
<gpx10:speed>0.67699933</gpx10:speed></extensions></trkpt>
<trkpt lat="37.5060479" lon="126.7709292"><ele>56.141796</ele><time>2018-04-19T06:22:35Z</time>
<extensions>
<gpx10:speed>0.86168045</gpx10:speed></extensions></trkpt>
<trkpt lat="37.5059888" lon="126.7710312"><ele>56.21184</ele><time>2018-04-19T06:22:41Z</time>
<extensions>
<gpx10:speed>1.064096</gpx10:speed></extensions></trkpt>
<trkpt lat="37.5059752" lon="126.7711516"><ele>56.313393</ele><time>2018-04-19T06:22:52Z</time>
<extensions>
<gpx10:speed>0.9092825</gpx10:speed></extensions></trkpt>
<trkpt lat="37.5059768" lon="126.7712804"><ele>56.33981</ele><time>2018-04-19T06:22:57Z</time>
<extensions>
<gpx10:speed>0.67156917</gpx10:speed></extensions></trkpt>
<trkpt lat="37.5059835" lon="126.771397"><ele>56.40996</ele><time>2018-04-19T06:23:05Z</time>
<extensions>
<gpx10:speed>1.0525358</gpx10:speed></extensions></trkpt>
<trkpt lat="37.5059562" lon="126.7715254"><ele>56.47092</ele><time>2018-04-19T06:23:14Z</time>
<extensions>
<gpx10:speed>1.1086196</gpx10:speed></extensions></trkpt>
<trkpt lat="37.5059402" lon="126.7716511"><ele>56.52325</ele><time>2018-04-19T06:23:21Z</time>
<extensions>
<gpx10:speed>1.1115493</gpx10:speed></extensions></trkpt>
<trkpt lat="37.5059259" lon="126.7717705"><ele>56.586136</ele><time>2018-04-19T06:23:29Z</time>
<extensions>
<gpx10:speed>0.9912886</gpx10:speed></extensions></trkpt>
<trkpt lat="37.5059071" lon="126.7718957"><ele>56.656963</ele><time>2018-04-19T06:23:37Z</time>
<extensions>
<gpx10:speed>1.0854958</gpx10:speed></extensions></trkpt>
<trkpt lat="37.5058997" lon="126.7720124"><ele>56.700806</ele><time>2018-04-19T06:23:42Z</time>
<extensions>
<gpx10:speed>1.2118498</gpx10:speed></extensions></trkpt>
<trkpt lat="37.5058756" lon="126.7721344"><ele>56.789257</ele><time>2018-04-19T06:23:50Z</time>
<extensions>
<gpx10:speed>1.1660788</gpx10:speed></extensions></trkpt>
<trkpt lat="37.5058428" lon="126.7722502"><ele>56.91829</ele><time>2018-04-19T06:24:00Z</time>
<extensions>
<gpx10:speed>1.0357019</gpx10:speed></extensions></trkpt>
<trkpt lat="37.5058163" lon="126.7723808"><ele>57.04195</ele><time>2018-04-19T06:24:10Z</time>
<extensions>
<gpx10:speed>0.97077054</gpx10:speed></extensions></trkpt>
<trkpt lat="37.5058267" lon="126.7724983"><ele>57.13184</ele><time>2018-04-19T06:24:25Z</time>
<extensions>
<gpx10:speed>0.5235257</gpx10:speed></extensions></trkpt>
<trkpt lat="37.5057825" lon="126.7726015"><ele>57.154232</ele><time>2018-04-19T06:24:32Z</time>
<extensions>
<gpx10:speed>0.747683</gpx10:speed></extensions></trkpt>
<trkpt lat="37.5057182" lon="126.7726914"><ele>57.209236</ele><time>2018-04-19T06:24:44Z</time>
<extensions>
<gpx10:speed>0.8757798</gpx10:speed></extensions></trkpt>
<trkpt lat="37.5056258" lon="126.7726697"><ele>57.246773</ele><time>2018-04-19T06:24:54Z</time>
<extensions>
<gpx10:speed>0.9180023</gpx10:speed></extensions></trkpt>
<trkpt lat="37.5055304" lon="126.7726579"><ele>57.272144</ele><time>2018-04-19T06:25:04Z</time>
<extensions>
<gpx10:speed>0.8489137</gpx10:speed></extensions></trkpt>
<trkpt lat="37.5054361" lon="126.7726471"><ele>57.306293</ele><time>2018-04-19T06:25:10Z</time>
<extensions>
<gpx10:speed>0.87757057</gpx10:speed></extensions></trkpt>
<trkpt lat="37.5053369" lon="126.7726335"><ele>57.38863</ele><time>2018-04-19T06:25:18Z</time>
<extensions>
<gpx10:speed>1.084641</gpx10:speed></extensions></trkpt>
<trkpt lat="37.5052447" lon="126.772606"><ele>57.475536</ele><time>2018-04-19T06:25:27Z</time>
<extensions>
<gpx10:speed>0.7412333</gpx10:speed></extensions></trkpt>
<trkpt lat="37.5051534" lon="126.7725573"><ele>57.58416</ele><time>2018-04-19T06:25:37Z</time>
<extensions>
<gpx10:speed>0.5985286</gpx10:speed></extensions></trkpt>
<trkpt lat="37.5050552" lon="126.7725461"><ele>57.66249</ele><time>2018-04-19T06:25:46Z</time>
<extensions>
<gpx10:speed>0.5612343</gpx10:speed></extensions></trkpt>
<trkpt lat="37.505021" lon="126.7726508"><ele>57.654095</ele><time>2018-04-19T06:25:58Z</time>
<extensions>
<gpx10:speed>0.4124416</gpx10:speed></extensions></trkpt>
<trkpt lat="37.5049727" lon="126.772761"><ele>57.583103</ele><time>2018-04-19T06:26:09Z</time>
<extensions>
<gpx10:speed>0.7736398</gpx10:speed></extensions></trkpt>
<trkpt lat="37.5049311" lon="126.7728665"><ele>57.53672</ele><time>2018-04-19T06:26:17Z</time>
<extensions>
<gpx10:speed>0.7996034</gpx10:speed></extensions></trkpt>
</trkseg>
</trk>
</gpx>