<?xml version="1.0" encoding="UTF-8" ?>
<gpx
  version="1.1"
  creator="Tranggle Track 1.1.0 - http://www.beaglemap.com"
  xmlns:xsi="http://www.w3.org/2001/XMLSchema-instance"
  xmlns="http://www.topografix.com/GPX/1/1"
  xsi:schemaLocation="http://www.topografix.com/GPX/1/1 http://www.topografix.com/GPX/1/1/gpx.xsd">
  <metadata>
    <link href="http://www.beaglemap.com">
      <text>Tranggle 2.11.5</text>
    </link>
    <time>2014-11-29T14:43:45Z</time>
    <bounds minlat="37.556245" minlon="126.673797" maxlat="37.571454" maxlon="126.736199"/>
    <desc><![CDATA[CREATOR: B0DCC1729139B33918FA37C656898CD1, MODEL: SHV-E210S, FIRMWARE: 4.3, PRODUCT: GOOGLE, CONSTANT: M40, CATEGORY: Hiking, NETWORK: SKTelecom(LTE)]]></desc>
  </metadata>
  <wpt lat="37.568783" lon="126.673855">
    <ele>26.993359</ele>
    <time>2014-11-29T10:48:19Z</time>
    <name><![CDATA[검암역]]></name>
    <sym><![CDATA[20141129104840Waypoint]]></sym>
    <extensions>
      <maneuver>Turn left</maneuver>
    </extensions>
  </wpt>
  <wpt lat="37.564893" lon="126.685605">
    <ele>49.933193</ele>
    <time>2014-11-29T11:10:47Z</time>
    <name><![CDATA[은지초교등산로입구]]></name>
    <sym><![CDATA[20141129111110Waypoint]]></sym>
    <extensions>
      <maneuver>Bear right</maneuver>
    </extensions>
  </wpt>
  <wpt lat="37.558252" lon="126.691944">
    <ele>108.780238</ele>
    <time>2014-11-29T11:40:54Z</time>
    <name><![CDATA[군철책]]></name>
    <sym><![CDATA[20141129114107Waypoint]]></sym>
    <extensions>
      <maneuver>Bear left</maneuver>
    </extensions>
  </wpt>
  <wpt lat="37.558408" lon="126.692358">
    <ele>108.851034</ele>
    <time>2014-11-29T11:44:54Z</time>
    <name><![CDATA[꽃뫼마을갈림길]]></name>
    <sym><![CDATA[20141129114447Waypoint]]></sym>
    <extensions>
      <maneuver>Straight</maneuver>
    </extensions>
  </wpt>
  <wpt lat="37.558767" lon="126.695192">
    <ele>143.097990</ele>
    <time>2014-11-29T11:53:10Z</time>
    <name><![CDATA[체육시설_쉼터]]></name>
    <sym><![CDATA[20141129115351Waypoint]]></sym>
    <extensions>
      <maneuver>Bear right</maneuver>
    </extensions>
  </wpt>
  <wpt lat="37.559154" lon="126.696686">
    <ele>137.198449</ele>
    <time>2014-11-29T11:56:03Z</time>
    <name><![CDATA[로프난간]]></name>
    <sym><![CDATA[20141129115635Waypoint]]></sym>
    <extensions>
      <maneuver>Straight</maneuver>
    </extensions>
  </wpt>
  <wpt lat="37.559378" lon="126.698291">
    <ele>187.906104</ele>
    <time>2014-11-29T12:02:44Z</time>
    <name><![CDATA[전망쉼터]]></name>
    <sym><![CDATA[20141129120325Waypoint]]></sym>
    <extensions>
      <maneuver>Sharp right</maneuver>
    </extensions>
  </wpt>
  <wpt lat="37.557860" lon="126.700228">
    <ele>218.343079</ele>
    <time>2014-11-29T12:15:59Z</time>
    <name><![CDATA[헬기장]]></name>
    <sym><![CDATA[20141129121701Waypoint]]></sym>
    <extensions>
      <maneuver>Bear right</maneuver>
    </extensions>
  </wpt>
  <wpt lat="37.556917" lon="126.705787">
    <ele>173.912897</ele>
    <time>2014-11-29T12:37:42Z</time>
    <name><![CDATA[난간]]></name>
    <sym><![CDATA[20141129123746Waypoint]]></sym>
    <extensions>
      <maneuver>Straight</maneuver>
    </extensions>
  </wpt>
  <wpt lat="37.557155" lon="126.706570">
    <ele>204.392211</ele>
    <time>2014-11-29T12:42:54Z</time>
    <name><![CDATA[쉼터]]></name>
    <sym><![CDATA[20141129124258Waypoint]]></sym>
    <extensions>
      <maneuver>Turn right</maneuver>
    </extensions>
  </wpt>
  <wpt lat="37.563285" lon="126.710159">
    <ele>84.711760</ele>
    <time>2014-11-29T13:42:48Z</time>
    <name><![CDATA[목상동솔밭]]></name>
    <sym><![CDATA[20141129134331Waypoint]]></sym>
    <extensions>
      <maneuver>Bear right</maneuver>
    </extensions>
  </wpt>
  <wpt lat="37.562196" lon="126.714335">
    <ele>118.856395</ele>
    <time>2014-11-29T13:52:00Z</time>
    <name><![CDATA[갈림길]]></name>
    <sym><![CDATA[20141129135157Waypoint]]></sym>
    <extensions>
      <maneuver>Straight</maneuver>
    </extensions>
  </wpt>
  <wpt lat="37.563799" lon="126.717994">
    <ele>61.068552</ele>
    <time>2014-11-29T14:02:11Z</time>
    <name><![CDATA[다남동등산로입구]]></name>
    <sym><![CDATA[20141129140209Waypoint]]></sym>
    <extensions>
      <maneuver>Turn left</maneuver>
    </extensions>
  </wpt>
  <wpt lat="37.564736" lon="126.719134">
    <ele>61.461126</ele>
    <time>2014-11-29T14:03:42Z</time>
    <name><![CDATA[청룡정]]></name>
    <sym><![CDATA[20141129140401Waypoint]]></sym>
    <extensions>
      <maneuver>Straight</maneuver>
    </extensions>
  </wpt>
  <wpt lat="37.571028" lon="126.736199">
    <ele>30.399433</ele>
    <time>2014-11-29T14:43:23Z</time>
    <name><![CDATA[계양역]]></name>
    <sym><![CDATA[20141129144338Waypoint]]></sym>
    <extensions>
      <maneuver>Straight</maneuver>
    </extensions>
  </wpt>
  <trk>
    <trkseg>
    <trkpt lat="37.568801" lon="126.673797">
      <ele>33.226885</ele>
      <time>2014-11-29T10:47:52Z</time>
      <extensions>
        <dbm>-140</dbm>
      </extensions>
    </trkpt>
    <trkpt lat="37.568810" lon="126.673888">
      <ele>33.226885</ele>
      <time>2014-11-29T10:48:19Z</time>
      <extensions>
        <dbm>-140</dbm>
      </extensions>
    </trkpt>
    <trkpt lat="37.568788" lon="126.673976">
      <ele>30.411813</ele>
      <time>2014-11-29T10:48:52Z</time>
      <extensions>
        <dbm>-140</dbm>
      </extensions>
    </trkpt>
    <trkpt lat="37.568725" lon="126.674049">
      <ele>28.820030</ele>
      <time>2014-11-29T10:49:01Z</time>
      <extensions>
        <dbm>-140</dbm>
      </extensions>
    </trkpt>
    <trkpt lat="37.568669" lon="126.674149">
      <ele>29.499826</ele>
      <time>2014-11-29T10:49:17Z</time>
      <extensions>
        <dbm>-140</dbm>
      </extensions>
    </trkpt>
    <trkpt lat="37.568614" lon="126.674245">
      <ele>29.539198</ele>
      <time>2014-11-29T10:49:48Z</time>
      <extensions>
        <dbm>-140</dbm>
      </extensions>
    </trkpt>
    <trkpt lat="37.568578" lon="126.674356">
      <ele>29.369341</ele>
      <time>2014-11-29T10:49:55Z</time>
      <extensions>
        <dbm>-140</dbm>
      </extensions>
    </trkpt>
    <trkpt lat="37.568550" lon="126.674469">
      <ele>29.040479</ele>
      <time>2014-11-29T10:50:05Z</time>
      <extensions>
        <dbm>-140</dbm>
      </extensions>
    </trkpt>
    <trkpt lat="37.568542" lon="126.674598">
      <ele>28.755693</ele>
      <time>2014-11-29T10:50:20Z</time>
      <extensions>
        <dbm>-140</dbm>
      </extensions>
    </trkpt>
    <trkpt lat="37.568535" lon="126.674728">
      <ele>28.524898</ele>
      <time>2014-11-29T10:50:35Z</time>
      <extensions>
        <dbm>-140</dbm>
      </extensions>
    </trkpt>
    <trkpt lat="37.568515" lon="126.674850">
      <ele>28.370205</ele>
      <time>2014-11-29T10:50:44Z</time>
      <extensions>
        <dbm>-140</dbm>
      </extensions>
    </trkpt>
    <trkpt lat="37.568490" lon="126.674971">
      <ele>28.253999</ele>
      <time>2014-11-29T10:50:52Z</time>
      <extensions>
        <dbm>-140</dbm>
      </extensions>
    </trkpt>
    <trkpt lat="37.568472" lon="126.675094">
      <ele>28.026675</ele>
      <time>2014-11-29T10:51:04Z</time>
      <extensions>
        <dbm>-140</dbm>
      </extensions>
    </trkpt>
    <trkpt lat="37.568455" lon="126.675217">
      <ele>27.932366</ele>
      <time>2014-11-29T10:51:14Z</time>
      <extensions>
        <dbm>-140</dbm>
      </extensions>
    </trkpt>
    <trkpt lat="37.568441" lon="126.675335">
      <ele>28.016336</ele>
      <time>2014-11-29T10:51:22Z</time>
      <extensions>
        <dbm>-140</dbm>
      </extensions>
    </trkpt>
    <trkpt lat="37.568427" lon="126.675450">
      <ele>28.112038</ele>
      <time>2014-11-29T10:51:30Z</time>
      <extensions>
        <dbm>-140</dbm>
      </extensions>
    </trkpt>
    <trkpt lat="37.568422" lon="126.675576">
      <ele>28.205229</ele>
      <time>2014-11-29T10:51:39Z</time>
      <extensions>
        <dbm>-140</dbm>
      </extensions>
    </trkpt>
    <trkpt lat="37.568412" lon="126.675705">
      <ele>28.348267</ele>
      <time>2014-11-29T10:51:47Z</time>
      <extensions>
        <dbm>-140</dbm>
      </extensions>
    </trkpt>
    <trkpt lat="37.568370" lon="126.675803">
      <ele>28.475235</ele>
      <time>2014-11-29T10:51:56Z</time>
      <extensions>
        <dbm>-140</dbm>
      </extensions>
    </trkpt>
    <trkpt lat="37.568350" lon="126.675884">
      <ele>28.618688</ele>
      <time>2014-11-29T10:52:05Z</time>
      <extensions>
        <dbm>-140</dbm>
      </extensions>
    </trkpt>
    <trkpt lat="37.568360" lon="126.675956">
      <ele>28.724881</ele>
      <time>2014-11-29T10:52:29Z</time>
      <extensions>
        <dbm>-140</dbm>
      </extensions>
    </trkpt>
    <trkpt lat="37.568374" lon="126.676011">
      <ele>28.724881</ele>
      <time>2014-11-29T10:52:59Z</time>
      <extensions>
        <dbm>-140</dbm>
      </extensions>
    </trkpt>
    <trkpt lat="37.568407" lon="126.676081">
      <ele>28.847514</ele>
      <time>2014-11-29T10:53:30Z</time>
      <extensions>
        <dbm>-140</dbm>
      </extensions>
    </trkpt>
    <trkpt lat="37.568437" lon="126.676172">
      <ele>29.076213</ele>
      <time>2014-11-29T10:53:47Z</time>
      <extensions>
        <dbm>-140</dbm>
      </extensions>
    </trkpt>
    <trkpt lat="37.568413" lon="126.676272">
      <ele>29.199812</ele>
      <time>2014-11-29T10:53:58Z</time>
      <extensions>
        <dbm>-140</dbm>
      </extensions>
    </trkpt>
    <trkpt lat="37.568352" lon="126.676360">
      <ele>29.327060</ele>
      <time>2014-11-29T10:54:05Z</time>
      <extensions>
        <dbm>-140</dbm>
      </extensions>
    </trkpt>
    <trkpt lat="37.568277" lon="126.676434">
      <ele>29.798608</ele>
      <time>2014-11-29T10:54:10Z</time>
      <extensions>
        <dbm>-140</dbm>
      </extensions>
    </trkpt>
    <trkpt lat="37.568202" lon="126.676508">
      <ele>31.492183</ele>
      <time>2014-11-29T10:54:16Z</time>
      <extensions>
        <dbm>-140</dbm>
      </extensions>
    </trkpt>
    <trkpt lat="37.568134" lon="126.676594">
      <ele>33.789977</ele>
      <time>2014-11-29T10:54:22Z</time>
      <extensions>
        <dbm>-140</dbm>
      </extensions>
    </trkpt>
    <trkpt lat="37.568078" lon="126.676687">
      <ele>36.107696</ele>
      <time>2014-11-29T10:54:28Z</time>
      <extensions>
        <dbm>-140</dbm>
      </extensions>
    </trkpt>
    <trkpt lat="37.568047" lon="126.676801">
      <ele>38.114848</ele>
      <time>2014-11-29T10:54:43Z</time>
      <extensions>
        <dbm>-140</dbm>
      </extensions>
    </trkpt>
    <trkpt lat="37.568033" lon="126.676924">
      <ele>39.813407</ele>
      <time>2014-11-29T10:54:52Z</time>
      <extensions>
        <dbm>-140</dbm>
      </extensions>
    </trkpt>
    <trkpt lat="37.568032" lon="126.677053">
      <ele>41.340904</ele>
      <time>2014-11-29T10:55:01Z</time>
      <extensions>
        <dbm>-140</dbm>
      </extensions>
    </trkpt>
    <trkpt lat="37.568043" lon="126.677182">
      <ele>42.644659</ele>
      <time>2014-11-29T10:55:15Z</time>
      <extensions>
        <dbm>-140</dbm>
      </extensions>
    </trkpt>
    <trkpt lat="37.568067" lon="126.677305">
      <ele>43.775339</ele>
      <time>2014-11-29T10:55:23Z</time>
      <extensions>
        <dbm>-140</dbm>
      </extensions>
    </trkpt>
    <trkpt lat="37.568098" lon="126.677429">
      <ele>44.806909</ele>
      <time>2014-11-29T10:55:32Z</time>
      <extensions>
        <dbm>-140</dbm>
      </extensions>
    </trkpt>
    <trkpt lat="37.568128" lon="126.677551">
      <ele>45.613663</ele>
      <time>2014-11-29T10:55:42Z</time>
      <extensions>
        <dbm>-140</dbm>
      </extensions>
    </trkpt>
    <trkpt lat="37.568130" lon="126.677669">
      <ele>45.995108</ele>
      <time>2014-11-29T10:55:52Z</time>
      <extensions>
        <dbm>-140</dbm>
      </extensions>
    </trkpt>
    <trkpt lat="37.568088" lon="126.677755">
      <ele>45.995108</ele>
      <time>2014-11-29T10:56:01Z</time>
      <extensions>
        <dbm>-140</dbm>
      </extensions>
    </trkpt>
    <trkpt lat="37.568005" lon="126.677812">
      <ele>45.995108</ele>
      <time>2014-11-29T10:56:09Z</time>
      <extensions>
        <dbm>-140</dbm>
      </extensions>
    </trkpt>
    <trkpt lat="37.567905" lon="126.677837">
      <ele>46.694532</ele>
      <time>2014-11-29T10:56:21Z</time>
      <extensions>
        <dbm>-140</dbm>
      </extensions>
    </trkpt>
    <trkpt lat="37.567810" lon="126.677861">
      <ele>46.535258</ele>
      <time>2014-11-29T10:56:28Z</time>
      <extensions>
        <dbm>-140</dbm>
      </extensions>
    </trkpt>
    <trkpt lat="37.567709" lon="126.677887">
      <ele>45.119767</ele>
      <time>2014-11-29T10:56:35Z</time>
      <extensions>
        <dbm>-140</dbm>
      </extensions>
    </trkpt>
    <trkpt lat="37.567612" lon="126.677939">
      <ele>43.691075</ele>
      <time>2014-11-29T10:56:46Z</time>
      <extensions>
        <dbm>-140</dbm>
      </extensions>
    </trkpt>
    <trkpt lat="37.567511" lon="126.677996">
      <ele>42.333909</ele>
      <time>2014-11-29T10:56:58Z</time>
      <extensions>
        <dbm>-140</dbm>
      </extensions>
    </trkpt>
    <trkpt lat="37.567416" lon="126.678048">
      <ele>41.197644</ele>
      <time>2014-11-29T10:57:07Z</time>
      <extensions>
        <dbm>-140</dbm>
      </extensions>
    </trkpt>
    <trkpt lat="37.567323" lon="126.678091">
      <ele>40.293805</ele>
      <time>2014-11-29T10:57:14Z</time>
      <extensions>
        <dbm>-140</dbm>
      </extensions>
    </trkpt>
    <trkpt lat="37.567232" lon="126.678135">
      <ele>39.494911</ele>
      <time>2014-11-29T10:57:24Z</time>
      <extensions>
        <dbm>-140</dbm>
      </extensions>
    </trkpt>
    <trkpt lat="37.567141" lon="126.678181">
      <ele>38.855200</ele>
      <time>2014-11-29T10:57:34Z</time>
      <extensions>
        <dbm>-140</dbm>
      </extensions>
    </trkpt>
    <trkpt lat="37.567045" lon="126.678212">
      <ele>38.385215</ele>
      <time>2014-11-29T10:57:46Z</time>
      <extensions>
        <dbm>-140</dbm>
      </extensions>
    </trkpt>
    <trkpt lat="37.566948" lon="126.678242">
      <ele>38.006576</ele>
      <time>2014-11-29T10:57:56Z</time>
      <extensions>
        <dbm>-140</dbm>
      </extensions>
    </trkpt>
    <trkpt lat="37.566851" lon="126.678271">
      <ele>37.707748</ele>
      <time>2014-11-29T10:58:03Z</time>
      <extensions>
        <dbm>-140</dbm>
      </extensions>
    </trkpt>
    <trkpt lat="37.566759" lon="126.678308">
      <ele>37.528470</ele>
      <time>2014-11-29T10:58:10Z</time>
      <extensions>
        <dbm>-140</dbm>
      </extensions>
    </trkpt>
    <trkpt lat="37.566668" lon="126.678344">
      <ele>37.426869</ele>
      <time>2014-11-29T10:58:17Z</time>
      <extensions>
        <dbm>-140</dbm>
      </extensions>
    </trkpt>
    <trkpt lat="37.566576" lon="126.678378">
      <ele>37.400079</ele>
      <time>2014-11-29T10:58:26Z</time>
      <extensions>
        <dbm>-140</dbm>
      </extensions>
    </trkpt>
    <trkpt lat="37.566478" lon="126.678413">
      <ele>37.400079</ele>
      <time>2014-11-29T10:58:39Z</time>
      <extensions>
        <dbm>-140</dbm>
      </extensions>
    </trkpt>
    <trkpt lat="37.566379" lon="126.678447">
      <ele>37.397052</ele>
      <time>2014-11-29T10:58:51Z</time>
      <extensions>
        <dbm>-140</dbm>
      </extensions>
    </trkpt>
    <trkpt lat="37.566283" lon="126.678483">
      <ele>37.479684</ele>
      <time>2014-11-29T10:58:59Z</time>
      <extensions>
        <dbm>-140</dbm>
      </extensions>
    </trkpt>
    <trkpt lat="37.566192" lon="126.678519">
      <ele>37.543702</ele>
      <time>2014-11-29T10:59:09Z</time>
      <extensions>
        <dbm>-140</dbm>
      </extensions>
    </trkpt>
    <trkpt lat="37.566120" lon="126.678581">
      <ele>37.756193</ele>
      <time>2014-11-29T10:59:16Z</time>
      <extensions>
        <dbm>-140</dbm>
      </extensions>
    </trkpt>
    <trkpt lat="37.566056" lon="126.678657">
      <ele>38.095310</ele>
      <time>2014-11-29T10:59:32Z</time>
      <extensions>
        <dbm>-140</dbm>
      </extensions>
    </trkpt>
    <trkpt lat="37.565992" lon="126.678739">
      <ele>38.409037</ele>
      <time>2014-11-29T11:00:22Z</time>
      <extensions>
        <dbm>-140</dbm>
      </extensions>
    </trkpt>
    <trkpt lat="37.565951" lon="126.678830">
      <ele>38.695131</ele>
      <time>2014-11-29T11:00:32Z</time>
      <extensions>
        <dbm>-140</dbm>
      </extensions>
    </trkpt>
    <trkpt lat="37.565953" lon="126.678922">
      <ele>38.957641</ele>
      <time>2014-11-29T11:00:46Z</time>
      <extensions>
        <dbm>-140</dbm>
      </extensions>
    </trkpt>
    <trkpt lat="37.565999" lon="126.679040">
      <ele>39.265426</ele>
      <time>2014-11-29T11:00:55Z</time>
      <extensions>
        <dbm>-140</dbm>
      </extensions>
    </trkpt>
    <trkpt lat="37.566039" lon="126.679149">
      <ele>39.606697</ele>
      <time>2014-11-29T11:01:03Z</time>
      <extensions>
        <dbm>-140</dbm>
      </extensions>
    </trkpt>
    <trkpt lat="37.566080" lon="126.679267">
      <ele>39.942246</ele>
      <time>2014-11-29T11:01:11Z</time>
      <extensions>
        <dbm>-140</dbm>
      </extensions>
    </trkpt>
    <trkpt lat="37.566125" lon="126.679384">
      <ele>40.347877</ele>
      <time>2014-11-29T11:01:22Z</time>
      <extensions>
        <dbm>-140</dbm>
      </extensions>
    </trkpt>
    <trkpt lat="37.566170" lon="126.679504">
      <ele>40.717132</ele>
      <time>2014-11-29T11:01:31Z</time>
      <extensions>
        <dbm>-140</dbm>
      </extensions>
    </trkpt>
    <trkpt lat="37.566198" lon="126.679628">
      <ele>40.971050</ele>
      <time>2014-11-29T11:01:41Z</time>
      <extensions>
        <dbm>-140</dbm>
      </extensions>
    </trkpt>
    <trkpt lat="37.566212" lon="126.679751">
      <ele>41.028473</ele>
      <time>2014-11-29T11:01:47Z</time>
      <extensions>
        <dbm>-140</dbm>
      </extensions>
    </trkpt>
    <trkpt lat="37.566224" lon="126.679874">
      <ele>41.028473</ele>
      <time>2014-11-29T11:01:55Z</time>
      <extensions>
        <dbm>-140</dbm>
      </extensions>
    </trkpt>
    <trkpt lat="37.566236" lon="126.679993">
      <ele>41.028473</ele>
      <time>2014-11-29T11:02:02Z</time>
      <extensions>
        <dbm>-140</dbm>
      </extensions>
    </trkpt>
    <trkpt lat="37.566245" lon="126.680112">
      <ele>41.028473</ele>
      <time>2014-11-29T11:02:09Z</time>
      <extensions>
        <dbm>-140</dbm>
      </extensions>
    </trkpt>
    <trkpt lat="37.566251" lon="126.680229">
      <ele>41.045131</ele>
      <time>2014-11-29T11:02:20Z</time>
      <extensions>
        <dbm>-140</dbm>
      </extensions>
    </trkpt>
    <trkpt lat="37.566260" lon="126.680363">
      <ele>40.983939</ele>
      <time>2014-11-29T11:02:28Z</time>
      <extensions>
        <dbm>-140</dbm>
      </extensions>
    </trkpt>
    <trkpt lat="37.566280" lon="126.680503">
      <ele>40.925866</ele>
      <time>2014-11-29T11:02:43Z</time>
      <extensions>
        <dbm>-140</dbm>
      </extensions>
    </trkpt>
    <trkpt lat="37.566293" lon="126.680643">
      <ele>40.841701</ele>
      <time>2014-11-29T11:02:56Z</time>
      <extensions>
        <dbm>-140</dbm>
      </extensions>
    </trkpt>
    <trkpt lat="37.566298" lon="126.680771">
      <ele>40.708002</ele>
      <time>2014-11-29T11:03:06Z</time>
      <extensions>
        <dbm>-140</dbm>
      </extensions>
    </trkpt>
    <trkpt lat="37.566287" lon="126.680894">
      <ele>40.521837</ele>
      <time>2014-11-29T11:03:16Z</time>
      <extensions>
        <dbm>-140</dbm>
      </extensions>
    </trkpt>
    <trkpt lat="37.566281" lon="126.681020">
      <ele>40.291132</ele>
      <time>2014-11-29T11:03:26Z</time>
      <extensions>
        <dbm>-140</dbm>
      </extensions>
    </trkpt>
    <trkpt lat="37.566275" lon="126.681144">
      <ele>39.963103</ele>
      <time>2014-11-29T11:03:36Z</time>
      <extensions>
        <dbm>-140</dbm>
      </extensions>
    </trkpt>
    <trkpt lat="37.566288" lon="126.681265">
      <ele>39.724025</ele>
      <time>2014-11-29T11:03:44Z</time>
      <extensions>
        <dbm>-140</dbm>
      </extensions>
    </trkpt>
    <trkpt lat="37.566304" lon="126.681381">
      <ele>39.504392</ele>
      <time>2014-11-29T11:03:54Z</time>
      <extensions>
        <dbm>-140</dbm>
      </extensions>
    </trkpt>
    <trkpt lat="37.566323" lon="126.681499">
      <ele>39.273744</ele>
      <time>2014-11-29T11:04:03Z</time>
      <extensions>
        <dbm>-140</dbm>
      </extensions>
    </trkpt>
    <trkpt lat="37.566328" lon="126.681620">
      <ele>38.976410</ele>
      <time>2014-11-29T11:04:12Z</time>
      <extensions>
        <dbm>-140</dbm>
      </extensions>
    </trkpt>
    <trkpt lat="37.566325" lon="126.681741">
      <ele>38.779232</ele>
      <time>2014-11-29T11:04:20Z</time>
      <extensions>
        <dbm>-140</dbm>
      </extensions>
    </trkpt>
    <trkpt lat="37.566325" lon="126.681857">
      <ele>38.456564</ele>
      <time>2014-11-29T11:04:29Z</time>
      <extensions>
        <dbm>-140</dbm>
      </extensions>
    </trkpt>
    <trkpt lat="37.566326" lon="126.681983">
      <ele>38.140650</ele>
      <time>2014-11-29T11:04:38Z</time>
      <extensions>
        <dbm>-140</dbm>
      </extensions>
    </trkpt>
    <trkpt lat="37.566337" lon="126.682111">
      <ele>37.823826</ele>
      <time>2014-11-29T11:04:47Z</time>
      <extensions>
        <dbm>-140</dbm>
      </extensions>
    </trkpt>
    <trkpt lat="37.566355" lon="126.682241">
      <ele>37.335403</ele>
      <time>2014-11-29T11:04:57Z</time>
      <extensions>
        <dbm>-140</dbm>
      </extensions>
    </trkpt>
    <trkpt lat="37.566386" lon="126.682357">
      <ele>36.959530</ele>
      <time>2014-11-29T11:05:08Z</time>
      <extensions>
        <dbm>-140</dbm>
      </extensions>
    </trkpt>
    <trkpt lat="37.566419" lon="126.682474">
      <ele>36.538062</ele>
      <time>2014-11-29T11:05:16Z</time>
      <extensions>
        <dbm>-140</dbm>
      </extensions>
    </trkpt>
    <trkpt lat="37.566451" lon="126.682592">
      <ele>36.139788</ele>
      <time>2014-11-29T11:05:25Z</time>
      <extensions>
        <dbm>-140</dbm>
      </extensions>
    </trkpt>
    <trkpt lat="37.566487" lon="126.682707">
      <ele>35.969856</ele>
      <time>2014-11-29T11:05:34Z</time>
      <extensions>
        <dbm>-140</dbm>
      </extensions>
    </trkpt>
    <trkpt lat="37.566532" lon="126.682813">
      <ele>35.619683</ele>
      <time>2014-11-29T11:05:42Z</time>
      <extensions>
        <dbm>-140</dbm>
      </extensions>
    </trkpt>
    <trkpt lat="37.566553" lon="126.682920">
      <ele>35.343149</ele>
      <time>2014-11-29T11:05:52Z</time>
      <extensions>
        <dbm>-140</dbm>
      </extensions>
    </trkpt>
    <trkpt lat="37.566539" lon="126.683025">
      <ele>35.174376</ele>
      <time>2014-11-29T11:06:02Z</time>
      <extensions>
        <dbm>-140</dbm>
      </extensions>
    </trkpt>
    <trkpt lat="37.566485" lon="126.683125">
      <ele>35.130436</ele>
      <time>2014-11-29T11:06:09Z</time>
      <extensions>
        <dbm>-140</dbm>
      </extensions>
    </trkpt>
    <trkpt lat="37.566416" lon="126.683211">
      <ele>35.130436</ele>
      <time>2014-11-29T11:06:18Z</time>
      <extensions>
        <dbm>-140</dbm>
      </extensions>
    </trkpt>
    <trkpt lat="37.566339" lon="126.683288">
      <ele>35.130436</ele>
      <time>2014-11-29T11:06:29Z</time>
      <extensions>
        <dbm>-140</dbm>
      </extensions>
    </trkpt>
    <trkpt lat="37.566253" lon="126.683362">
      <ele>35.130436</ele>
      <time>2014-11-29T11:06:39Z</time>
      <extensions>
        <dbm>-140</dbm>
      </extensions>
    </trkpt>
    <trkpt lat="37.566170" lon="126.683437">
      <ele>35.130436</ele>
      <time>2014-11-29T11:06:49Z</time>
      <extensions>
        <dbm>-140</dbm>
      </extensions>
    </trkpt>
    <trkpt lat="37.566082" lon="126.683509">
      <ele>35.131993</ele>
      <time>2014-11-29T11:07:00Z</time>
      <extensions>
        <dbm>-140</dbm>
      </extensions>
    </trkpt>
    <trkpt lat="37.565998" lon="126.683577">
      <ele>35.253507</ele>
      <time>2014-11-29T11:07:10Z</time>
      <extensions>
        <dbm>-140</dbm>
      </extensions>
    </trkpt>
    <trkpt lat="37.565916" lon="126.683648">
      <ele>35.511221</ele>
      <time>2014-11-29T11:07:21Z</time>
      <extensions>
        <dbm>-140</dbm>
      </extensions>
    </trkpt>
    <trkpt lat="37.565840" lon="126.683723">
      <ele>35.953242</ele>
      <time>2014-11-29T11:07:34Z</time>
      <extensions>
        <dbm>-140</dbm>
      </extensions>
    </trkpt>
    <trkpt lat="37.565770" lon="126.683805">
      <ele>36.547491</ele>
      <time>2014-11-29T11:07:43Z</time>
      <extensions>
        <dbm>-140</dbm>
      </extensions>
    </trkpt>
    <trkpt lat="37.565696" lon="126.683878">
      <ele>37.291932</ele>
      <time>2014-11-29T11:07:54Z</time>
      <extensions>
        <dbm>-140</dbm>
      </extensions>
    </trkpt>
    <trkpt lat="37.565622" lon="126.683946">
      <ele>38.108011</ele>
      <time>2014-11-29T11:08:00Z</time>
      <extensions>
        <dbm>-140</dbm>
      </extensions>
    </trkpt>
    <trkpt lat="37.565545" lon="126.684010">
      <ele>38.915523</ele>
      <time>2014-11-29T11:08:10Z</time>
      <extensions>
        <dbm>-140</dbm>
      </extensions>
    </trkpt>
    <trkpt lat="37.565469" lon="126.684084">
      <ele>39.851339</ele>
      <time>2014-11-29T11:08:17Z</time>
      <extensions>
        <dbm>-140</dbm>
      </extensions>
    </trkpt>
    <trkpt lat="37.565404" lon="126.684172">
      <ele>40.801623</ele>
      <time>2014-11-29T11:08:28Z</time>
      <extensions>
        <dbm>-140</dbm>
      </extensions>
    </trkpt>
    <trkpt lat="37.565338" lon="126.684263">
      <ele>41.703960</ele>
      <time>2014-11-29T11:08:40Z</time>
      <extensions>
        <dbm>-140</dbm>
      </extensions>
    </trkpt>
    <trkpt lat="37.565270" lon="126.684359">
      <ele>42.570951</ele>
      <time>2014-11-29T11:08:49Z</time>
      <extensions>
        <dbm>-140</dbm>
      </extensions>
    </trkpt>
    <trkpt lat="37.565234" lon="126.684462">
      <ele>43.370581</ele>
      <time>2014-11-29T11:08:53Z</time>
      <extensions>
        <dbm>-140</dbm>
      </extensions>
    </trkpt>
    <trkpt lat="37.565205" lon="126.684567">
      <ele>44.058038</ele>
      <time>2014-11-29T11:09:18Z</time>
      <extensions>
        <dbm>-140</dbm>
      </extensions>
    </trkpt>
    <trkpt lat="37.565184" lon="126.684673">
      <ele>44.634294</ele>
      <time>2014-11-29T11:09:27Z</time>
      <extensions>
        <dbm>-140</dbm>
      </extensions>
    </trkpt>
    <trkpt lat="37.565130" lon="126.684773">
      <ele>45.195473</ele>
      <time>2014-11-29T11:09:37Z</time>
      <extensions>
        <dbm>-140</dbm>
      </extensions>
    </trkpt>
    <trkpt lat="37.565083" lon="126.684879">
      <ele>45.764381</ele>
      <time>2014-11-29T11:09:48Z</time>
      <extensions>
        <dbm>-140</dbm>
      </extensions>
    </trkpt>
    <trkpt lat="37.565043" lon="126.684988">
      <ele>46.301933</ele>
      <time>2014-11-29T11:09:56Z</time>
      <extensions>
        <dbm>-140</dbm>
      </extensions>
    </trkpt>
    <trkpt lat="37.565008" lon="126.685101">
      <ele>46.827961</ele>
      <time>2014-11-29T11:10:06Z</time>
      <extensions>
        <dbm>-140</dbm>
      </extensions>
    </trkpt>
    <trkpt lat="37.564973" lon="126.685218">
      <ele>47.263284</ele>
      <time>2014-11-29T11:10:16Z</time>
      <extensions>
        <dbm>-140</dbm>
      </extensions>
    </trkpt>
    <trkpt lat="37.564942" lon="126.685342">
      <ele>47.641208</ele>
      <time>2014-11-29T11:10:26Z</time>
      <extensions>
        <dbm>-140</dbm>
      </extensions>
    </trkpt>
    <trkpt lat="37.564916" lon="126.685469">
      <ele>47.982406</ele>
      <time>2014-11-29T11:10:37Z</time>
      <extensions>
        <dbm>-140</dbm>
      </extensions>
    </trkpt>
    <trkpt lat="37.564901" lon="126.685593">
      <ele>48.350464</ele>
      <time>2014-11-29T11:10:47Z</time>
      <extensions>
        <dbm>-140</dbm>
      </extensions>
    </trkpt>
    <trkpt lat="37.564926" lon="126.685675">
      <ele>48.687275</ele>
      <time>2014-11-29T11:11:52Z</time>
      <extensions>
        <dbm>-140</dbm>
      </extensions>
    </trkpt>
    <trkpt lat="37.564936" lon="126.685741">
      <ele>48.895622</ele>
      <time>2014-11-29T11:14:12Z</time>
      <extensions>
        <dbm>-140</dbm>
      </extensions>
    </trkpt>
    <trkpt lat="37.564948" lon="126.685744">
      <ele>49.001834</ele>
      <time>2014-11-29T11:14:34Z</time>
      <extensions>
        <dbm>-140</dbm>
      </extensions>
    </trkpt>
    <trkpt lat="37.564928" lon="126.685719">
      <ele>50.514349</ele>
      <time>2014-11-29T11:15:38Z</time>
      <extensions>
        <pause>start</pause>
        <type>auto</type>
        <dbm>-140</dbm>
      </extensions>
    </trkpt>
    <trkpt lat="37.564725" lon="126.685947">
      <ele>52.685742</ele>
      <time>2014-11-29T11:16:39Z</time>
      <extensions>
        <pause>end</pause>
        <type>auto</type>
        <dbm>-140</dbm>
      </extensions>
    </trkpt>
    <trkpt lat="37.564650" lon="126.686018">
      <ele>49.835082</ele>
      <time>2014-11-29T11:17:02Z</time>
      <extensions>
        <dbm>-140</dbm>
      </extensions>
    </trkpt>
    <trkpt lat="37.564570" lon="126.686087">
      <ele>49.958265</ele>
      <time>2014-11-29T11:17:20Z</time>
      <extensions>
        <dbm>-140</dbm>
      </extensions>
    </trkpt>
    <trkpt lat="37.564493" lon="126.686160">
      <ele>50.074392</ele>
      <time>2014-11-29T11:17:34Z</time>
      <extensions>
        <dbm>-140</dbm>
      </extensions>
    </trkpt>
    <trkpt lat="37.564435" lon="126.686255">
      <ele>50.189545</ele>
      <time>2014-11-29T11:17:49Z</time>
      <extensions>
        <dbm>-140</dbm>
      </extensions>
    </trkpt>
    <trkpt lat="37.564412" lon="126.686366">
      <ele>50.324982</ele>
      <time>2014-11-29T11:18:18Z</time>
      <extensions>
        <dbm>-140</dbm>
      </extensions>
    </trkpt>
    <trkpt lat="37.564406" lon="126.686484">
      <ele>50.604602</ele>
      <time>2014-11-29T11:18:29Z</time>
      <extensions>
        <dbm>-140</dbm>
      </extensions>
    </trkpt>
    <trkpt lat="37.564391" lon="126.686596">
      <ele>50.990157</ele>
      <time>2014-11-29T11:18:40Z</time>
      <extensions>
        <dbm>-140</dbm>
      </extensions>
    </trkpt>
    <trkpt lat="37.564347" lon="126.686694">
      <ele>51.529991</ele>
      <time>2014-11-29T11:18:53Z</time>
      <extensions>
        <dbm>-140</dbm>
      </extensions>
    </trkpt>
    <trkpt lat="37.564285" lon="126.686781">
      <ele>52.176689</ele>
      <time>2014-11-29T11:19:05Z</time>
      <extensions>
        <dbm>-140</dbm>
      </extensions>
    </trkpt>
    <trkpt lat="37.564211" lon="126.686843">
      <ele>52.899029</ele>
      <time>2014-11-29T11:19:19Z</time>
      <extensions>
        <dbm>-140</dbm>
      </extensions>
    </trkpt>
    <trkpt lat="37.564128" lon="126.686876">
      <ele>53.919392</ele>
      <time>2014-11-29T11:19:46Z</time>
      <extensions>
        <dbm>-140</dbm>
      </extensions>
    </trkpt>
    <trkpt lat="37.564034" lon="126.686890">
      <ele>55.071078</ele>
      <time>2014-11-29T11:20:08Z</time>
      <extensions>
        <dbm>-140</dbm>
      </extensions>
    </trkpt>
    <trkpt lat="37.563941" lon="126.686911">
      <ele>56.326346</ele>
      <time>2014-11-29T11:20:17Z</time>
      <extensions>
        <dbm>-140</dbm>
      </extensions>
    </trkpt>
    <trkpt lat="37.563846" lon="126.686934">
      <ele>57.671446</ele>
      <time>2014-11-29T11:20:29Z</time>
      <extensions>
        <dbm>-140</dbm>
      </extensions>
    </trkpt>
    <trkpt lat="37.563751" lon="126.686957">
      <ele>59.173803</ele>
      <time>2014-11-29T11:20:52Z</time>
      <extensions>
        <dbm>-140</dbm>
      </extensions>
    </trkpt>
    <trkpt lat="37.563654" lon="126.686958">
      <ele>61.621140</ele>
      <time>2014-11-29T11:21:02Z</time>
      <extensions>
        <dbm>-140</dbm>
      </extensions>
    </trkpt>
    <trkpt lat="37.563559" lon="126.686952">
      <ele>64.049695</ele>
      <time>2014-11-29T11:21:17Z</time>
      <extensions>
        <dbm>-140</dbm>
      </extensions>
    </trkpt>
    <trkpt lat="37.563463" lon="126.686922">
      <ele>64.803270</ele>
      <time>2014-11-29T11:21:34Z</time>
      <extensions>
        <dbm>-140</dbm>
      </extensions>
    </trkpt>
    <trkpt lat="37.563373" lon="126.686879">
      <ele>65.625008</ele>
      <time>2014-11-29T11:21:47Z</time>
      <extensions>
        <dbm>-140</dbm>
      </extensions>
    </trkpt>
    <trkpt lat="37.563287" lon="126.686825">
      <ele>67.179312</ele>
      <time>2014-11-29T11:21:57Z</time>
      <extensions>
        <dbm>-140</dbm>
      </extensions>
    </trkpt>
    <trkpt lat="37.563203" lon="126.686773">
      <ele>68.507987</ele>
      <time>2014-11-29T11:22:10Z</time>
      <extensions>
        <dbm>-140</dbm>
      </extensions>
    </trkpt>
    <trkpt lat="37.563119" lon="126.686715">
      <ele>69.706452</ele>
      <time>2014-11-29T11:22:23Z</time>
      <extensions>
        <dbm>-140</dbm>
      </extensions>
    </trkpt>
    <trkpt lat="37.563032" lon="126.686665">
      <ele>70.975788</ele>
      <time>2014-11-29T11:22:35Z</time>
      <extensions>
        <dbm>-140</dbm>
      </extensions>
    </trkpt>
    <trkpt lat="37.562945" lon="126.686609">
      <ele>72.425642</ele>
      <time>2014-11-29T11:22:44Z</time>
      <extensions>
        <dbm>-140</dbm>
      </extensions>
    </trkpt>
    <trkpt lat="37.562858" lon="126.686558">
      <ele>73.902036</ele>
      <time>2014-11-29T11:22:52Z</time>
      <extensions>
        <dbm>-140</dbm>
      </extensions>
    </trkpt>
    <trkpt lat="37.562777" lon="126.686486">
      <ele>75.293788</ele>
      <time>2014-11-29T11:22:58Z</time>
      <extensions>
        <dbm>-140</dbm>
      </extensions>
    </trkpt>
    <trkpt lat="37.562698" lon="126.686418">
      <ele>77.146319</ele>
      <time>2014-11-29T11:23:09Z</time>
      <extensions>
        <dbm>-140</dbm>
      </extensions>
    </trkpt>
    <trkpt lat="37.562616" lon="126.686388">
      <ele>77.967186</ele>
      <time>2014-11-29T11:23:24Z</time>
      <extensions>
        <dbm>-140</dbm>
      </extensions>
    </trkpt>
    <trkpt lat="37.562527" lon="126.686404">
      <ele>78.430293</ele>
      <time>2014-11-29T11:23:36Z</time>
      <extensions>
        <dbm>-140</dbm>
      </extensions>
    </trkpt>
    <trkpt lat="37.562437" lon="126.686442">
      <ele>79.859914</ele>
      <time>2014-11-29T11:23:47Z</time>
      <extensions>
        <dbm>-140</dbm>
      </extensions>
    </trkpt>
    <trkpt lat="37.562342" lon="126.686461">
      <ele>80.762144</ele>
      <time>2014-11-29T11:23:59Z</time>
      <extensions>
        <dbm>-140</dbm>
      </extensions>
    </trkpt>
    <trkpt lat="37.562247" lon="126.686469">
      <ele>81.673456</ele>
      <time>2014-11-29T11:24:13Z</time>
      <extensions>
        <dbm>-140</dbm>
      </extensions>
    </trkpt>
    <trkpt lat="37.562153" lon="126.686478">
      <ele>82.432644</ele>
      <time>2014-11-29T11:24:29Z</time>
      <extensions>
        <dbm>-140</dbm>
      </extensions>
    </trkpt>
    <trkpt lat="37.562061" lon="126.686506">
      <ele>82.963835</ele>
      <time>2014-11-29T11:24:40Z</time>
      <extensions>
        <dbm>-140</dbm>
      </extensions>
    </trkpt>
    <trkpt lat="37.561970" lon="126.686543">
      <ele>83.326296</ele>
      <time>2014-11-29T11:24:53Z</time>
      <extensions>
        <dbm>-140</dbm>
      </extensions>
    </trkpt>
    <trkpt lat="37.561881" lon="126.686587">
      <ele>83.700599</ele>
      <time>2014-11-29T11:25:07Z</time>
      <extensions>
        <dbm>-140</dbm>
      </extensions>
    </trkpt>
    <trkpt lat="37.561793" lon="126.686626">
      <ele>83.846331</ele>
      <time>2014-11-29T11:25:20Z</time>
      <extensions>
        <dbm>-140</dbm>
      </extensions>
    </trkpt>
    <trkpt lat="37.561706" lon="126.686649">
      <ele>84.190917</ele>
      <time>2014-11-29T11:26:15Z</time>
      <extensions>
        <dbm>-140</dbm>
      </extensions>
    </trkpt>
    <trkpt lat="37.561624" lon="126.686684">
      <ele>84.529737</ele>
      <time>2014-11-29T11:26:45Z</time>
      <extensions>
        <dbm>-140</dbm>
      </extensions>
    </trkpt>
    <trkpt lat="37.561546" lon="126.686727">
      <ele>85.011479</ele>
      <time>2014-11-29T11:28:13Z</time>
      <extensions>
        <dbm>-140</dbm>
      </extensions>
    </trkpt>
    <trkpt lat="37.561477" lon="126.686807">
      <ele>85.625292</ele>
      <time>2014-11-29T11:28:23Z</time>
      <extensions>
        <dbm>-140</dbm>
      </extensions>
    </trkpt>
    <trkpt lat="37.561406" lon="126.686884">
      <ele>86.493559</ele>
      <time>2014-11-29T11:28:37Z</time>
      <extensions>
        <dbm>-140</dbm>
      </extensions>
    </trkpt>
    <trkpt lat="37.561344" lon="126.686974">
      <ele>87.399045</ele>
      <time>2014-11-29T11:28:47Z</time>
      <extensions>
        <dbm>-140</dbm>
      </extensions>
    </trkpt>
    <trkpt lat="37.561283" lon="126.687062">
      <ele>88.201115</ele>
      <time>2014-11-29T11:28:58Z</time>
      <extensions>
        <dbm>-140</dbm>
      </extensions>
    </trkpt>
    <trkpt lat="37.561225" lon="126.687153">
      <ele>88.951377</ele>
      <time>2014-11-29T11:29:07Z</time>
      <extensions>
        <dbm>-140</dbm>
      </extensions>
    </trkpt>
    <trkpt lat="37.561153" lon="126.687226">
      <ele>89.796693</ele>
      <time>2014-11-29T11:29:20Z</time>
      <extensions>
        <dbm>-140</dbm>
      </extensions>
    </trkpt>
    <trkpt lat="37.561072" lon="126.687282">
      <ele>90.730876</ele>
      <time>2014-11-29T11:29:35Z</time>
      <extensions>
        <dbm>-140</dbm>
      </extensions>
    </trkpt>
    <trkpt lat="37.560982" lon="126.687327">
      <ele>91.636323</ele>
      <time>2014-11-29T11:29:50Z</time>
      <extensions>
        <dbm>-140</dbm>
      </extensions>
    </trkpt>
    <trkpt lat="37.560892" lon="126.687360">
      <ele>92.467901</ele>
      <time>2014-11-29T11:30:06Z</time>
      <extensions>
        <dbm>-140</dbm>
      </extensions>
    </trkpt>
    <trkpt lat="37.560799" lon="126.687388">
      <ele>93.124995</ele>
      <time>2014-11-29T11:30:20Z</time>
      <extensions>
        <dbm>-140</dbm>
      </extensions>
    </trkpt>
    <trkpt lat="37.560711" lon="126.687421">
      <ele>93.687412</ele>
      <time>2014-11-29T11:30:34Z</time>
      <extensions>
        <dbm>-140</dbm>
      </extensions>
    </trkpt>
    <trkpt lat="37.560630" lon="126.687471">
      <ele>94.052422</ele>
      <time>2014-11-29T11:30:45Z</time>
      <extensions>
        <dbm>-140</dbm>
      </extensions>
    </trkpt>
    <trkpt lat="37.560563" lon="126.687555">
      <ele>94.374258</ele>
      <time>2014-11-29T11:30:55Z</time>
      <extensions>
        <dbm>-140</dbm>
      </extensions>
    </trkpt>
    <trkpt lat="37.560510" lon="126.687655">
      <ele>94.774586</ele>
      <time>2014-11-29T11:31:08Z</time>
      <extensions>
        <dbm>-140</dbm>
      </extensions>
    </trkpt>
    <trkpt lat="37.560478" lon="126.687770">
      <ele>95.167518</ele>
      <time>2014-11-29T11:31:21Z</time>
      <extensions>
        <dbm>-140</dbm>
      </extensions>
    </trkpt>
    <trkpt lat="37.560468" lon="126.687885">
      <ele>95.553548</ele>
      <time>2014-11-29T11:31:34Z</time>
      <extensions>
        <dbm>-140</dbm>
      </extensions>
    </trkpt>
    <trkpt lat="37.560487" lon="126.688004">
      <ele>96.098365</ele>
      <time>2014-11-29T11:31:48Z</time>
      <extensions>
        <dbm>-140</dbm>
      </extensions>
    </trkpt>
    <trkpt lat="37.560509" lon="126.688126">
      <ele>96.543869</ele>
      <time>2014-11-29T11:31:58Z</time>
      <extensions>
        <dbm>-140</dbm>
      </extensions>
    </trkpt>
    <trkpt lat="37.560522" lon="126.688250">
      <ele>96.710711</ele>
      <time>2014-11-29T11:32:08Z</time>
      <extensions>
        <dbm>-140</dbm>
      </extensions>
    </trkpt>
    <trkpt lat="37.560529" lon="126.688373">
      <ele>96.727146</ele>
      <time>2014-11-29T11:32:17Z</time>
      <extensions>
        <dbm>-140</dbm>
      </extensions>
    </trkpt>
    <trkpt lat="37.560514" lon="126.688490">
      <ele>97.250698</ele>
      <time>2014-11-29T11:32:31Z</time>
      <extensions>
        <dbm>-140</dbm>
      </extensions>
    </trkpt>
    <trkpt lat="37.560493" lon="126.688603">
      <ele>97.261926</ele>
      <time>2014-11-29T11:32:43Z</time>
      <extensions>
        <dbm>-140</dbm>
      </extensions>
    </trkpt>
    <trkpt lat="37.560444" lon="126.688707">
      <ele>97.520465</ele>
      <time>2014-11-29T11:32:54Z</time>
      <extensions>
        <dbm>-140</dbm>
      </extensions>
    </trkpt>
    <trkpt lat="37.560389" lon="126.688803">
      <ele>97.389333</ele>
      <time>2014-11-29T11:33:03Z</time>
      <extensions>
        <dbm>-140</dbm>
      </extensions>
    </trkpt>
    <trkpt lat="37.560324" lon="126.688897">
      <ele>97.541503</ele>
      <time>2014-11-29T11:33:14Z</time>
      <extensions>
        <dbm>-140</dbm>
      </extensions>
    </trkpt>
    <trkpt lat="37.560253" lon="126.688990">
      <ele>97.589931</ele>
      <time>2014-11-29T11:33:28Z</time>
      <extensions>
        <dbm>-140</dbm>
      </extensions>
    </trkpt>
    <trkpt lat="37.560187" lon="126.689088">
      <ele>97.665624</ele>
      <time>2014-11-29T11:33:37Z</time>
      <extensions>
        <dbm>-140</dbm>
      </extensions>
    </trkpt>
    <trkpt lat="37.560114" lon="126.689178">
      <ele>97.732757</ele>
      <time>2014-11-29T11:33:46Z</time>
      <extensions>
        <dbm>-140</dbm>
      </extensions>
    </trkpt>
    <trkpt lat="37.560032" lon="126.689234">
      <ele>97.805391</ele>
      <time>2014-11-29T11:33:56Z</time>
      <extensions>
        <dbm>-140</dbm>
      </extensions>
    </trkpt>
    <trkpt lat="37.559947" lon="126.689278">
      <ele>97.975853</ele>
      <time>2014-11-29T11:34:18Z</time>
      <extensions>
        <dbm>-140</dbm>
      </extensions>
    </trkpt>
    <trkpt lat="37.559859" lon="126.689319">
      <ele>97.994030</ele>
      <time>2014-11-29T11:34:26Z</time>
      <extensions>
        <dbm>-140</dbm>
      </extensions>
    </trkpt>
    <trkpt lat="37.559786" lon="126.689399">
      <ele>97.915888</ele>
      <time>2014-11-29T11:34:35Z</time>
      <extensions>
        <dbm>-140</dbm>
      </extensions>
    </trkpt>
    <trkpt lat="37.559721" lon="126.689500">
      <ele>97.843978</ele>
      <time>2014-11-29T11:34:48Z</time>
      <extensions>
        <dbm>-140</dbm>
      </extensions>
    </trkpt>
    <trkpt lat="37.559656" lon="126.689605">
      <ele>97.773993</ele>
      <time>2014-11-29T11:34:55Z</time>
      <extensions>
        <dbm>-140</dbm>
      </extensions>
    </trkpt>
    <trkpt lat="37.559589" lon="126.689703">
      <ele>97.714969</ele>
      <time>2014-11-29T11:35:13Z</time>
      <extensions>
        <dbm>-140</dbm>
      </extensions>
    </trkpt>
    <trkpt lat="37.559518" lon="126.689798">
      <ele>97.714969</ele>
      <time>2014-11-29T11:35:19Z</time>
      <extensions>
        <dbm>-140</dbm>
      </extensions>
    </trkpt>
    <trkpt lat="37.559463" lon="126.689903">
      <ele>97.714969</ele>
      <time>2014-11-29T11:35:27Z</time>
      <extensions>
        <dbm>-140</dbm>
      </extensions>
    </trkpt>
    <trkpt lat="37.559414" lon="126.690016">
      <ele>97.758035</ele>
      <time>2014-11-29T11:35:36Z</time>
      <extensions>
        <dbm>-140</dbm>
      </extensions>
    </trkpt>
    <trkpt lat="37.559363" lon="126.690117">
      <ele>97.875901</ele>
      <time>2014-11-29T11:35:46Z</time>
      <extensions>
        <dbm>-140</dbm>
      </extensions>
    </trkpt>
    <trkpt lat="37.559298" lon="126.690202">
      <ele>98.022963</ele>
      <time>2014-11-29T11:35:53Z</time>
      <extensions>
        <dbm>-140</dbm>
      </extensions>
    </trkpt>
    <trkpt lat="37.559229" lon="126.690284">
      <ele>98.183647</ele>
      <time>2014-11-29T11:36:00Z</time>
      <extensions>
        <dbm>-140</dbm>
      </extensions>
    </trkpt>
    <trkpt lat="37.559163" lon="126.690371">
      <ele>98.268533</ele>
      <time>2014-11-29T11:36:09Z</time>
      <extensions>
        <dbm>-140</dbm>
      </extensions>
    </trkpt>
    <trkpt lat="37.559102" lon="126.690465">
      <ele>98.311035</ele>
      <time>2014-11-29T11:36:16Z</time>
      <extensions>
        <dbm>-140</dbm>
      </extensions>
    </trkpt>
    <trkpt lat="37.559034" lon="126.690546">
      <ele>98.311035</ele>
      <time>2014-11-29T11:36:24Z</time>
      <extensions>
        <dbm>-140</dbm>
      </extensions>
    </trkpt>
    <trkpt lat="37.558962" lon="126.690624">
      <ele>98.311035</ele>
      <time>2014-11-29T11:36:37Z</time>
      <extensions>
        <dbm>-140</dbm>
      </extensions>
    </trkpt>
    <trkpt lat="37.558879" lon="126.690693">
      <ele>98.311035</ele>
      <time>2014-11-29T11:36:45Z</time>
      <extensions>
        <dbm>-140</dbm>
      </extensions>
    </trkpt>
    <trkpt lat="37.558796" lon="126.690761">
      <ele>98.311035</ele>
      <time>2014-11-29T11:36:52Z</time>
      <extensions>
        <dbm>-140</dbm>
      </extensions>
    </trkpt>
    <trkpt lat="37.558710" lon="126.690815">
      <ele>98.277145</ele>
      <time>2014-11-29T11:37:01Z</time>
      <extensions>
        <dbm>-140</dbm>
      </extensions>
    </trkpt>
    <trkpt lat="37.558620" lon="126.690853">
      <ele>98.174613</ele>
      <time>2014-11-29T11:37:16Z</time>
      <extensions>
        <dbm>-140</dbm>
      </extensions>
    </trkpt>
    <trkpt lat="37.558524" lon="126.690873">
      <ele>98.087297</ele>
      <time>2014-11-29T11:37:31Z</time>
      <extensions>
        <dbm>-140</dbm>
      </extensions>
    </trkpt>
    <trkpt lat="37.558428" lon="126.690894">
      <ele>98.120484</ele>
      <time>2014-11-29T11:37:49Z</time>
      <extensions>
        <dbm>-140</dbm>
      </extensions>
    </trkpt>
    <trkpt lat="37.558333" lon="126.690933">
      <ele>98.156528</ele>
      <time>2014-11-29T11:37:59Z</time>
      <extensions>
        <dbm>-140</dbm>
      </extensions>
    </trkpt>
    <trkpt lat="37.558248" lon="126.691000">
      <ele>98.184710</ele>
      <time>2014-11-29T11:38:21Z</time>
      <extensions>
        <dbm>-140</dbm>
      </extensions>
    </trkpt>
    <trkpt lat="37.558197" lon="126.691097">
      <ele>98.243347</ele>
      <time>2014-11-29T11:38:29Z</time>
      <extensions>
        <dbm>-140</dbm>
      </extensions>
    </trkpt>
    <trkpt lat="37.558182" lon="126.691211">
      <ele>98.305846</ele>
      <time>2014-11-29T11:38:47Z</time>
      <extensions>
        <dbm>-140</dbm>
      </extensions>
    </trkpt>
    <trkpt lat="37.558202" lon="126.691335">
      <ele>98.397467</ele>
      <time>2014-11-29T11:38:59Z</time>
      <extensions>
        <dbm>-140</dbm>
      </extensions>
    </trkpt>
    <trkpt lat="37.558238" lon="126.691448">
      <ele>98.543108</ele>
      <time>2014-11-29T11:39:12Z</time>
      <extensions>
        <dbm>-140</dbm>
      </extensions>
    </trkpt>
    <trkpt lat="37.558283" lon="126.691558">
      <ele>98.743942</ele>
      <time>2014-11-29T11:39:19Z</time>
      <extensions>
        <dbm>-140</dbm>
      </extensions>
    </trkpt>
    <trkpt lat="37.558325" lon="126.691674">
      <ele>99.022800</ele>
      <time>2014-11-29T11:39:29Z</time>
      <extensions>
        <dbm>-140</dbm>
      </extensions>
    </trkpt>
    <trkpt lat="37.558325" lon="126.691786">
      <ele>99.490423</ele>
      <time>2014-11-29T11:39:39Z</time>
      <extensions>
        <dbm>-140</dbm>
      </extensions>
    </trkpt>
    <trkpt lat="37.558289" lon="126.691887">
      <ele>100.174733</ele>
      <time>2014-11-29T11:39:57Z</time>
      <extensions>
        <dbm>-140</dbm>
      </extensions>
    </trkpt>
    <trkpt lat="37.558265" lon="126.691973">
      <ele>101.017293</ele>
      <time>2014-11-29T11:40:54Z</time>
      <extensions>
        <dbm>-140</dbm>
      </extensions>
    </trkpt>
    <trkpt lat="37.558254" lon="126.692064">
      <ele>101.367650</ele>
      <time>2014-11-29T11:43:27Z</time>
      <extensions>
        <dbm>-140</dbm>
      </extensions>
    </trkpt>
    <trkpt lat="37.558279" lon="126.692167">
      <ele>102.403427</ele>
      <time>2014-11-29T11:43:47Z</time>
      <extensions>
        <dbm>-140</dbm>
      </extensions>
    </trkpt>
    <trkpt lat="37.558304" lon="126.692271">
      <ele>103.436838</ele>
      <time>2014-11-29T11:43:59Z</time>
      <extensions>
        <dbm>-140</dbm>
      </extensions>
    </trkpt>
    <trkpt lat="37.558368" lon="126.692289">
      <ele>104.409506</ele>
      <time>2014-11-29T11:44:16Z</time>
      <extensions>
        <dbm>-140</dbm>
      </extensions>
    </trkpt>
    <trkpt lat="37.558422" lon="126.692311">
      <ele>105.349123</ele>
      <time>2014-11-29T11:44:48Z</time>
      <extensions>
        <dbm>-140</dbm>
      </extensions>
    </trkpt>
    <trkpt lat="37.558474" lon="126.692316">
      <ele>104.956949</ele>
      <time>2014-11-29T11:44:54Z</time>
      <extensions>
        <dbm>-140</dbm>
      </extensions>
    </trkpt>
    <trkpt lat="37.558473" lon="126.692398">
      <ele>104.993158</ele>
      <time>2014-11-29T11:45:08Z</time>
      <extensions>
        <dbm>-140</dbm>
      </extensions>
    </trkpt>
    <trkpt lat="37.558440" lon="126.692470">
      <ele>104.625013</ele>
      <time>2014-11-29T11:45:40Z</time>
      <extensions>
        <dbm>-140</dbm>
      </extensions>
    </trkpt>
    <trkpt lat="37.558368" lon="126.692558">
      <ele>104.631098</ele>
      <time>2014-11-29T11:46:02Z</time>
      <extensions>
        <dbm>-140</dbm>
      </extensions>
    </trkpt>
    <trkpt lat="37.558292" lon="126.692643">
      <ele>104.730132</ele>
      <time>2014-11-29T11:46:12Z</time>
      <extensions>
        <dbm>-140</dbm>
      </extensions>
    </trkpt>
    <trkpt lat="37.558224" lon="126.692738">
      <ele>104.736751</ele>
      <time>2014-11-29T11:46:19Z</time>
      <extensions>
        <dbm>-140</dbm>
      </extensions>
    </trkpt>
    <trkpt lat="37.558169" lon="126.692840">
      <ele>104.736751</ele>
      <time>2014-11-29T11:46:34Z</time>
      <extensions>
        <dbm>-140</dbm>
      </extensions>
    </trkpt>
    <trkpt lat="37.558120" lon="126.692947">
      <ele>104.736751</ele>
      <time>2014-11-29T11:46:55Z</time>
      <extensions>
        <dbm>-140</dbm>
      </extensions>
    </trkpt>
    <trkpt lat="37.558066" lon="126.693036">
      <ele>104.690482</ele>
      <time>2014-11-29T11:47:08Z</time>
      <extensions>
        <dbm>-140</dbm>
      </extensions>
    </trkpt>
    <trkpt lat="37.558014" lon="126.693127">
      <ele>104.655728</ele>
      <time>2014-11-29T11:47:20Z</time>
      <extensions>
        <dbm>-140</dbm>
      </extensions>
    </trkpt>
    <trkpt lat="37.557979" lon="126.693228">
      <ele>104.696195</ele>
      <time>2014-11-29T11:47:37Z</time>
      <extensions>
        <dbm>-140</dbm>
      </extensions>
    </trkpt>
    <trkpt lat="37.557959" lon="126.693349">
      <ele>104.748250</ele>
      <time>2014-11-29T11:47:56Z</time>
      <extensions>
        <dbm>-140</dbm>
      </extensions>
    </trkpt>
    <trkpt lat="37.557916" lon="126.693454">
      <ele>104.945602</ele>
      <time>2014-11-29T11:48:12Z</time>
      <extensions>
        <dbm>-140</dbm>
      </extensions>
    </trkpt>
    <trkpt lat="37.557871" lon="126.693561">
      <ele>105.110077</ele>
      <time>2014-11-29T11:48:38Z</time>
      <extensions>
        <dbm>-140</dbm>
      </extensions>
    </trkpt>
    <trkpt lat="37.557819" lon="126.693662">
      <ele>105.404189</ele>
      <time>2014-11-29T11:49:02Z</time>
      <extensions>
        <dbm>-140</dbm>
      </extensions>
    </trkpt>
    <trkpt lat="37.557791" lon="126.693776">
      <ele>105.677105</ele>
      <time>2014-11-29T11:49:20Z</time>
      <extensions>
        <dbm>-140</dbm>
      </extensions>
    </trkpt>
    <trkpt lat="37.557766" lon="126.693891">
      <ele>105.389510</ele>
      <time>2014-11-29T11:49:40Z</time>
      <extensions>
        <dbm>-140</dbm>
      </extensions>
    </trkpt>
    <trkpt lat="37.557759" lon="126.694015">
      <ele>105.389510</ele>
      <time>2014-11-29T11:49:59Z</time>
      <extensions>
        <dbm>-140</dbm>
      </extensions>
    </trkpt>
    <trkpt lat="37.557777" lon="126.694129">
      <ele>105.389510</ele>
      <time>2014-11-29T11:50:14Z</time>
      <extensions>
        <dbm>-140</dbm>
      </extensions>
    </trkpt>
    <trkpt lat="37.557816" lon="126.694233">
      <ele>105.483132</ele>
      <time>2014-11-29T11:50:30Z</time>
      <extensions>
        <dbm>-140</dbm>
      </extensions>
    </trkpt>
    <trkpt lat="37.557879" lon="126.694317">
      <ele>107.517786</ele>
      <time>2014-11-29T11:50:40Z</time>
      <extensions>
        <dbm>-140</dbm>
      </extensions>
    </trkpt>
    <trkpt lat="37.557948" lon="126.694390">
      <ele>111.436062</ele>
      <time>2014-11-29T11:50:54Z</time>
      <extensions>
        <dbm>-140</dbm>
      </extensions>
    </trkpt>
    <trkpt lat="37.558023" lon="126.694457">
      <ele>112.509276</ele>
      <time>2014-11-29T11:51:25Z</time>
      <extensions>
        <dbm>-140</dbm>
      </extensions>
    </trkpt>
    <trkpt lat="37.558097" lon="126.694525">
      <ele>115.446075</ele>
      <time>2014-11-29T11:51:43Z</time>
      <extensions>
        <dbm>-140</dbm>
      </extensions>
    </trkpt>
    <trkpt lat="37.558174" lon="126.694592">
      <ele>118.429989</ele>
      <time>2014-11-29T11:51:54Z</time>
      <extensions>
        <dbm>-140</dbm>
      </extensions>
    </trkpt>
    <trkpt lat="37.558259" lon="126.694645">
      <ele>121.265986</ele>
      <time>2014-11-29T11:52:02Z</time>
      <extensions>
        <dbm>-140</dbm>
      </extensions>
    </trkpt>
    <trkpt lat="37.558346" lon="126.694694">
      <ele>123.983722</ele>
      <time>2014-11-29T11:52:12Z</time>
      <extensions>
        <dbm>-140</dbm>
      </extensions>
    </trkpt>
    <trkpt lat="37.558427" lon="126.694754">
      <ele>126.612935</ele>
      <time>2014-11-29T11:52:23Z</time>
      <extensions>
        <dbm>-140</dbm>
      </extensions>
    </trkpt>
    <trkpt lat="37.558498" lon="126.694831">
      <ele>129.191972</ele>
      <time>2014-11-29T11:52:33Z</time>
      <extensions>
        <dbm>-140</dbm>
      </extensions>
    </trkpt>
    <trkpt lat="37.558565" lon="126.694918">
      <ele>131.385422</ele>
      <time>2014-11-29T11:52:42Z</time>
      <extensions>
        <dbm>-140</dbm>
      </extensions>
    </trkpt>
    <trkpt lat="37.558633" lon="126.695009">
      <ele>133.324945</ele>
      <time>2014-11-29T11:52:51Z</time>
      <extensions>
        <dbm>-140</dbm>
      </extensions>
    </trkpt>
    <trkpt lat="37.558701" lon="126.695099">
      <ele>135.159212</ele>
      <time>2014-11-29T11:52:59Z</time>
      <extensions>
        <dbm>-140</dbm>
      </extensions>
    </trkpt>
    <trkpt lat="37.558761" lon="126.695196">
      <ele>136.600391</ele>
      <time>2014-11-29T11:53:10Z</time>
      <extensions>
        <dbm>-140</dbm>
      </extensions>
    </trkpt>
    <trkpt lat="37.558806" lon="126.695304">
      <ele>137.793764</ele>
      <time>2014-11-29T11:54:00Z</time>
      <extensions>
        <dbm>-140</dbm>
      </extensions>
    </trkpt>
    <trkpt lat="37.558835" lon="126.695423">
      <ele>139.347382</ele>
      <time>2014-11-29T11:54:06Z</time>
      <extensions>
        <dbm>-140</dbm>
      </extensions>
    </trkpt>
    <trkpt lat="37.558854" lon="126.695543">
      <ele>140.327102</ele>
      <time>2014-11-29T11:54:15Z</time>
      <extensions>
        <dbm>-140</dbm>
      </extensions>
    </trkpt>
    <trkpt lat="37.558862" lon="126.695668">
      <ele>141.000706</ele>
      <time>2014-11-29T11:54:23Z</time>
      <extensions>
        <dbm>-140</dbm>
      </extensions>
    </trkpt>
    <trkpt lat="37.558878" lon="126.695789">
      <ele>141.957355</ele>
      <time>2014-11-29T11:54:32Z</time>
      <extensions>
        <dbm>-140</dbm>
      </extensions>
    </trkpt>
    <trkpt lat="37.558897" lon="126.695913">
      <ele>142.458828</ele>
      <time>2014-11-29T11:54:40Z</time>
      <extensions>
        <dbm>-140</dbm>
      </extensions>
    </trkpt>
    <trkpt lat="37.558941" lon="126.696032">
      <ele>142.809992</ele>
      <time>2014-11-29T11:54:52Z</time>
      <extensions>
        <dbm>-140</dbm>
      </extensions>
    </trkpt>
    <trkpt lat="37.558996" lon="126.696151">
      <ele>142.918644</ele>
      <time>2014-11-29T11:55:02Z</time>
      <extensions>
        <dbm>-140</dbm>
      </extensions>
    </trkpt>
    <trkpt lat="37.559061" lon="126.696258">
      <ele>142.999699</ele>
      <time>2014-11-29T11:55:14Z</time>
      <extensions>
        <dbm>-140</dbm>
      </extensions>
    </trkpt>
    <trkpt lat="37.559104" lon="126.696373">
      <ele>142.999699</ele>
      <time>2014-11-29T11:55:33Z</time>
      <extensions>
        <dbm>-140</dbm>
      </extensions>
    </trkpt>
    <trkpt lat="37.559127" lon="126.696491">
      <ele>142.999699</ele>
      <time>2014-11-29T11:55:38Z</time>
      <extensions>
        <dbm>-140</dbm>
      </extensions>
    </trkpt>
    <trkpt lat="37.559144" lon="126.696616">
      <ele>142.999699</ele>
      <time>2014-11-29T11:55:48Z</time>
      <extensions>
        <dbm>-140</dbm>
      </extensions>
    </trkpt>
    <trkpt lat="37.559166" lon="126.696735">
      <ele>142.999699</ele>
      <time>2014-11-29T11:56:03Z</time>
      <extensions>
        <dbm>-140</dbm>
      </extensions>
    </trkpt>
    <trkpt lat="37.559208" lon="126.696839">
      <ele>142.930721</ele>
      <time>2014-11-29T11:56:43Z</time>
      <extensions>
        <dbm>-140</dbm>
      </extensions>
    </trkpt>
    <trkpt lat="37.559254" lon="126.696945">
      <ele>142.580219</ele>
      <time>2014-11-29T11:57:24Z</time>
      <extensions>
        <dbm>-140</dbm>
      </extensions>
    </trkpt>
    <trkpt lat="37.559311" lon="126.697042">
      <ele>142.099006</ele>
      <time>2014-11-29T11:57:42Z</time>
      <extensions>
        <dbm>-140</dbm>
      </extensions>
    </trkpt>
    <trkpt lat="37.559360" lon="126.697146">
      <ele>141.829887</ele>
      <time>2014-11-29T11:57:56Z</time>
      <extensions>
        <dbm>-140</dbm>
      </extensions>
    </trkpt>
    <trkpt lat="37.559399" lon="126.697249">
      <ele>141.831410</ele>
      <time>2014-11-29T11:58:30Z</time>
      <extensions>
        <dbm>-140</dbm>
      </extensions>
    </trkpt>
    <trkpt lat="37.559421" lon="126.697359">
      <ele>141.900245</ele>
      <time>2014-11-29T11:58:59Z</time>
      <extensions>
        <dbm>-140</dbm>
      </extensions>
    </trkpt>
    <trkpt lat="37.559408" lon="126.697462">
      <ele>142.027640</ele>
      <time>2014-11-29T11:59:15Z</time>
      <extensions>
        <dbm>-140</dbm>
      </extensions>
    </trkpt>
    <trkpt lat="37.559380" lon="126.697568">
      <ele>142.027640</ele>
      <time>2014-11-29T11:59:32Z</time>
      <extensions>
        <dbm>-140</dbm>
      </extensions>
    </trkpt>
    <trkpt lat="37.559333" lon="126.697668">
      <ele>142.027640</ele>
      <time>2014-11-29T11:59:56Z</time>
      <extensions>
        <dbm>-140</dbm>
      </extensions>
    </trkpt>
    <trkpt lat="37.559292" lon="126.697772">
      <ele>142.213988</ele>
      <time>2014-11-29T12:00:17Z</time>
      <extensions>
        <dbm>-140</dbm>
      </extensions>
    </trkpt>
    <trkpt lat="37.559263" lon="126.697876">
      <ele>142.876543</ele>
      <time>2014-11-29T12:00:41Z</time>
      <extensions>
        <dbm>-140</dbm>
      </extensions>
    </trkpt>
    <trkpt lat="37.559263" lon="126.697985">
      <ele>143.906846</ele>
      <time>2014-11-29T12:01:13Z</time>
      <extensions>
        <dbm>-140</dbm>
      </extensions>
    </trkpt>
    <trkpt lat="37.559286" lon="126.698099">
      <ele>144.450713</ele>
      <time>2014-11-29T12:01:36Z</time>
      <extensions>
        <dbm>-140</dbm>
      </extensions>
    </trkpt>
    <trkpt lat="37.559325" lon="126.698202">
      <ele>145.967045</ele>
      <time>2014-11-29T12:02:26Z</time>
      <extensions>
        <dbm>-140</dbm>
      </extensions>
    </trkpt>
    <trkpt lat="37.559376" lon="126.698292">
      <ele>148.010081</ele>
      <time>2014-11-29T12:02:44Z</time>
      <extensions>
        <dbm>-140</dbm>
      </extensions>
    </trkpt>
    <trkpt lat="37.559420" lon="126.698339">
      <ele>150.457339</ele>
      <time>2014-11-29T12:06:06Z</time>
      <extensions>
        <dbm>-140</dbm>
      </extensions>
    </trkpt>
    <trkpt lat="37.559439" lon="126.698355">
      <ele>194.022012</ele>
      <time>2014-11-29T12:06:37Z</time>
      <extensions>
        <pause>start</pause>
        <type>auto</type>
        <dbm>-140</dbm>
      </extensions>
    </trkpt>
    <trkpt lat="37.559257" lon="126.698630">
      <ele>199.892888</ele>
      <time>2014-11-29T12:11:44Z</time>
      <extensions>
        <pause>end</pause>
        <type>auto</type>
        <dbm>-140</dbm>
      </extensions>
    </trkpt>
    <trkpt lat="37.559184" lon="126.698703">
      <ele>163.001546</ele>
      <time>2014-11-29T12:11:55Z</time>
      <extensions>
        <dbm>-140</dbm>
      </extensions>
    </trkpt>
    <trkpt lat="37.559141" lon="126.698797">
      <ele>167.045502</ele>
      <time>2014-11-29T12:12:07Z</time>
      <extensions>
        <dbm>-140</dbm>
      </extensions>
    </trkpt>
    <trkpt lat="37.559118" lon="126.698906">
      <ele>171.317529</ele>
      <time>2014-11-29T12:12:17Z</time>
      <extensions>
        <dbm>-140</dbm>
      </extensions>
    </trkpt>
    <trkpt lat="37.559093" lon="126.699018">
      <ele>175.224110</ele>
      <time>2014-11-29T12:12:30Z</time>
      <extensions>
        <dbm>-140</dbm>
      </extensions>
    </trkpt>
    <trkpt lat="37.559044" lon="126.699121">
      <ele>179.358811</ele>
      <time>2014-11-29T12:12:41Z</time>
      <extensions>
        <dbm>-140</dbm>
      </extensions>
    </trkpt>
    <trkpt lat="37.558976" lon="126.699214">
      <ele>183.263619</ele>
      <time>2014-11-29T12:12:50Z</time>
      <extensions>
        <dbm>-140</dbm>
      </extensions>
    </trkpt>
    <trkpt lat="37.558920" lon="126.699318">
      <ele>186.814062</ele>
      <time>2014-11-29T12:12:59Z</time>
      <extensions>
        <dbm>-140</dbm>
      </extensions>
    </trkpt>
    <trkpt lat="37.558853" lon="126.699397">
      <ele>190.033356</ele>
      <time>2014-11-29T12:13:16Z</time>
      <extensions>
        <dbm>-140</dbm>
      </extensions>
    </trkpt>
    <trkpt lat="37.558781" lon="126.699467">
      <ele>193.125497</ele>
      <time>2014-11-29T12:13:27Z</time>
      <extensions>
        <dbm>-140</dbm>
      </extensions>
    </trkpt>
    <trkpt lat="37.558689" lon="126.699509">
      <ele>195.910675</ele>
      <time>2014-11-29T12:13:38Z</time>
      <extensions>
        <dbm>-140</dbm>
      </extensions>
    </trkpt>
    <trkpt lat="37.558601" lon="126.699565">
      <ele>198.399520</ele>
      <time>2014-11-29T12:13:49Z</time>
      <extensions>
        <dbm>-140</dbm>
      </extensions>
    </trkpt>
    <trkpt lat="37.558516" lon="126.699624">
      <ele>200.472668</ele>
      <time>2014-11-29T12:13:59Z</time>
      <extensions>
        <dbm>-140</dbm>
      </extensions>
    </trkpt>
    <trkpt lat="37.558428" lon="126.699670">
      <ele>202.416277</ele>
      <time>2014-11-29T12:14:07Z</time>
      <extensions>
        <dbm>-140</dbm>
      </extensions>
    </trkpt>
    <trkpt lat="37.558337" lon="126.699704">
      <ele>203.936694</ele>
      <time>2014-11-29T12:14:20Z</time>
      <extensions>
        <dbm>-140</dbm>
      </extensions>
    </trkpt>
    <trkpt lat="37.558243" lon="126.699735">
      <ele>205.418850</ele>
      <time>2014-11-29T12:14:29Z</time>
      <extensions>
        <dbm>-140</dbm>
      </extensions>
    </trkpt>
    <trkpt lat="37.558150" lon="126.699775">
      <ele>206.911658</ele>
      <time>2014-11-29T12:14:39Z</time>
      <extensions>
        <dbm>-140</dbm>
      </extensions>
    </trkpt>
    <trkpt lat="37.558063" lon="126.699827">
      <ele>207.839658</ele>
      <time>2014-11-29T12:14:56Z</time>
      <extensions>
        <dbm>-140</dbm>
      </extensions>
    </trkpt>
    <trkpt lat="37.557990" lon="126.699896">
      <ele>208.103956</ele>
      <time>2014-11-29T12:15:12Z</time>
      <extensions>
        <dbm>-140</dbm>
      </extensions>
    </trkpt>
    <trkpt lat="37.557935" lon="126.699988">
      <ele>208.665899</ele>
      <time>2014-11-29T12:15:21Z</time>
      <extensions>
        <dbm>-140</dbm>
      </extensions>
    </trkpt>
    <trkpt lat="37.557905" lon="126.700096">
      <ele>209.283400</ele>
      <time>2014-11-29T12:15:35Z</time>
      <extensions>
        <dbm>-140</dbm>
      </extensions>
    </trkpt>
    <trkpt lat="37.557860" lon="126.700202">
      <ele>209.889990</ele>
      <time>2014-11-29T12:15:59Z</time>
      <extensions>
        <dbm>-140</dbm>
      </extensions>
    </trkpt>
    <trkpt lat="37.557804" lon="126.700308">
      <ele>210.289611</ele>
      <time>2014-11-29T12:17:34Z</time>
      <extensions>
        <dbm>-140</dbm>
      </extensions>
    </trkpt>
    <trkpt lat="37.557725" lon="126.700402">
      <ele>210.826092</ele>
      <time>2014-11-29T12:17:43Z</time>
      <extensions>
        <dbm>-140</dbm>
      </extensions>
    </trkpt>
    <trkpt lat="37.557635" lon="126.700463">
      <ele>211.367081</ele>
      <time>2014-11-29T12:17:52Z</time>
      <extensions>
        <dbm>-140</dbm>
      </extensions>
    </trkpt>
    <trkpt lat="37.557544" lon="126.700500">
      <ele>211.904032</ele>
      <time>2014-11-29T12:18:03Z</time>
      <extensions>
        <dbm>-140</dbm>
      </extensions>
    </trkpt>
    <trkpt lat="37.557446" lon="126.700538">
      <ele>212.506868</ele>
      <time>2014-11-29T12:18:13Z</time>
      <extensions>
        <dbm>-140</dbm>
      </extensions>
    </trkpt>
    <trkpt lat="37.557371" lon="126.700610">
      <ele>213.428694</ele>
      <time>2014-11-29T12:18:25Z</time>
      <extensions>
        <dbm>-140</dbm>
      </extensions>
    </trkpt>
    <trkpt lat="37.557304" lon="126.700705">
      <ele>214.358197</ele>
      <time>2014-11-29T12:18:33Z</time>
      <extensions>
        <dbm>-140</dbm>
      </extensions>
    </trkpt>
    <trkpt lat="37.557240" lon="126.700791">
      <ele>215.242056</ele>
      <time>2014-11-29T12:18:46Z</time>
      <extensions>
        <dbm>-140</dbm>
      </extensions>
    </trkpt>
    <trkpt lat="37.557169" lon="126.700879">
      <ele>216.043890</ele>
      <time>2014-11-29T12:18:56Z</time>
      <extensions>
        <dbm>-140</dbm>
      </extensions>
    </trkpt>
    <trkpt lat="37.557097" lon="126.700959">
      <ele>216.724532</ele>
      <time>2014-11-29T12:19:08Z</time>
      <extensions>
        <dbm>-140</dbm>
      </extensions>
    </trkpt>
    <trkpt lat="37.557030" lon="126.701052">
      <ele>217.292814</ele>
      <time>2014-11-29T12:19:18Z</time>
      <extensions>
        <dbm>-140</dbm>
      </extensions>
    </trkpt>
    <trkpt lat="37.556963" lon="126.701142">
      <ele>217.735473</ele>
      <time>2014-11-29T12:19:28Z</time>
      <extensions>
        <dbm>-140</dbm>
      </extensions>
    </trkpt>
    <trkpt lat="37.556911" lon="126.701244">
      <ele>217.786093</ele>
      <time>2014-11-29T12:19:38Z</time>
      <extensions>
        <dbm>-140</dbm>
      </extensions>
    </trkpt>
    <trkpt lat="37.556854" lon="126.701308">
      <ele>217.786093</ele>
      <time>2014-11-29T12:20:00Z</time>
      <extensions>
        <dbm>-140</dbm>
      </extensions>
    </trkpt>
    <trkpt lat="37.556796" lon="126.701367">
      <ele>217.786093</ele>
      <time>2014-11-29T12:20:24Z</time>
      <extensions>
        <dbm>-140</dbm>
      </extensions>
    </trkpt>
    <trkpt lat="37.556721" lon="126.701420">
      <ele>217.468512</ele>
      <time>2014-11-29T12:20:35Z</time>
      <extensions>
        <dbm>-140</dbm>
      </extensions>
    </trkpt>
    <trkpt lat="37.556653" lon="126.701509">
      <ele>217.786093</ele>
      <time>2014-11-29T12:20:45Z</time>
      <extensions>
        <dbm>-140</dbm>
      </extensions>
    </trkpt>
    <trkpt lat="37.556577" lon="126.701592">
      <ele>217.642533</ele>
      <time>2014-11-29T12:20:59Z</time>
      <extensions>
        <dbm>-140</dbm>
      </extensions>
    </trkpt>
    <trkpt lat="37.556508" lon="126.701681">
      <ele>217.111378</ele>
      <time>2014-11-29T12:21:11Z</time>
      <extensions>
        <dbm>-140</dbm>
      </extensions>
    </trkpt>
    <trkpt lat="37.556437" lon="126.701767">
      <ele>216.285301</ele>
      <time>2014-11-29T12:21:23Z</time>
      <extensions>
        <dbm>-140</dbm>
      </extensions>
    </trkpt>
    <trkpt lat="37.556370" lon="126.701856">
      <ele>215.232917</ele>
      <time>2014-11-29T12:21:32Z</time>
      <extensions>
        <dbm>-140</dbm>
      </extensions>
    </trkpt>
    <trkpt lat="37.556311" lon="126.701949">
      <ele>214.231878</ele>
      <time>2014-11-29T12:21:50Z</time>
      <extensions>
        <dbm>-140</dbm>
      </extensions>
    </trkpt>
    <trkpt lat="37.556269" lon="126.702054">
      <ele>213.558771</ele>
      <time>2014-11-29T12:22:16Z</time>
      <extensions>
        <dbm>-140</dbm>
      </extensions>
    </trkpt>
    <trkpt lat="37.556269" lon="126.702164">
      <ele>213.950867</ele>
      <time>2014-11-29T12:22:29Z</time>
      <extensions>
        <dbm>-140</dbm>
      </extensions>
    </trkpt>
    <trkpt lat="37.556271" lon="126.702270">
      <ele>213.950867</ele>
      <time>2014-11-29T12:23:04Z</time>
      <extensions>
        <dbm>-140</dbm>
      </extensions>
    </trkpt>
    <trkpt lat="37.556296" lon="126.702367">
      <ele>213.950867</ele>
      <time>2014-11-29T12:23:44Z</time>
      <extensions>
        <dbm>-140</dbm>
      </extensions>
    </trkpt>
    <trkpt lat="37.556313" lon="126.702473">
      <ele>213.950867</ele>
      <time>2014-11-29T12:24:07Z</time>
      <extensions>
        <dbm>-140</dbm>
      </extensions>
    </trkpt>
    <trkpt lat="37.556346" lon="126.702584">
      <ele>213.940611</ele>
      <time>2014-11-29T12:24:42Z</time>
      <extensions>
        <dbm>-140</dbm>
      </extensions>
    </trkpt>
    <trkpt lat="37.556371" lon="126.702704">
      <ele>213.634551</ele>
      <time>2014-11-29T12:25:05Z</time>
      <extensions>
        <dbm>-140</dbm>
      </extensions>
    </trkpt>
    <trkpt lat="37.556382" lon="126.702822">
      <ele>213.212581</ele>
      <time>2014-11-29T12:25:29Z</time>
      <extensions>
        <dbm>-140</dbm>
      </extensions>
    </trkpt>
    <trkpt lat="37.556393" lon="126.702937">
      <ele>212.556092</ele>
      <time>2014-11-29T12:26:14Z</time>
      <extensions>
        <dbm>-140</dbm>
      </extensions>
    </trkpt>
    <trkpt lat="37.556410" lon="126.703046">
      <ele>211.739987</ele>
      <time>2014-11-29T12:28:01Z</time>
      <extensions>
        <dbm>-140</dbm>
      </extensions>
    </trkpt>
    <trkpt lat="37.556418" lon="126.703154">
      <ele>211.086097</ele>
      <time>2014-11-29T12:28:14Z</time>
      <extensions>
        <dbm>-140</dbm>
      </extensions>
    </trkpt>
    <trkpt lat="37.556432" lon="126.703257">
      <ele>210.458272</ele>
      <time>2014-11-29T12:28:30Z</time>
      <extensions>
        <dbm>-140</dbm>
      </extensions>
    </trkpt>
    <trkpt lat="37.556439" lon="126.703367">
      <ele>210.067425</ele>
      <time>2014-11-29T12:29:07Z</time>
      <extensions>
        <dbm>-140</dbm>
      </extensions>
    </trkpt>
    <trkpt lat="37.556469" lon="126.703477">
      <ele>209.908270</ele>
      <time>2014-11-29T12:29:20Z</time>
      <extensions>
        <dbm>-140</dbm>
      </extensions>
    </trkpt>
    <trkpt lat="37.556496" lon="126.703594">
      <ele>209.741746</ele>
      <time>2014-11-29T12:29:31Z</time>
      <extensions>
        <dbm>-140</dbm>
      </extensions>
    </trkpt>
    <trkpt lat="37.556521" lon="126.703714">
      <ele>208.482049</ele>
      <time>2014-11-29T12:30:11Z</time>
      <extensions>
        <dbm>-140</dbm>
      </extensions>
    </trkpt>
    <trkpt lat="37.556542" lon="126.703838">
      <ele>206.903510</ele>
      <time>2014-11-29T12:30:24Z</time>
      <extensions>
        <dbm>-140</dbm>
      </extensions>
    </trkpt>
    <trkpt lat="37.556557" lon="126.703960">
      <ele>205.030354</ele>
      <time>2014-11-29T12:30:32Z</time>
      <extensions>
        <dbm>-140</dbm>
      </extensions>
    </trkpt>
    <trkpt lat="37.556587" lon="126.704081">
      <ele>202.405057</ele>
      <time>2014-11-29T12:30:41Z</time>
      <extensions>
        <dbm>-140</dbm>
      </extensions>
    </trkpt>
    <trkpt lat="37.556632" lon="126.704197">
      <ele>199.464209</ele>
      <time>2014-11-29T12:30:50Z</time>
      <extensions>
        <dbm>-140</dbm>
      </extensions>
    </trkpt>
    <trkpt lat="37.556674" lon="126.704312">
      <ele>196.085465</ele>
      <time>2014-11-29T12:30:59Z</time>
      <extensions>
        <dbm>-140</dbm>
      </extensions>
    </trkpt>
    <trkpt lat="37.556695" lon="126.704427">
      <ele>192.069074</ele>
      <time>2014-11-29T12:31:08Z</time>
      <extensions>
        <dbm>-140</dbm>
      </extensions>
    </trkpt>
    <trkpt lat="37.556691" lon="126.704544">
      <ele>188.026613</ele>
      <time>2014-11-29T12:31:17Z</time>
      <extensions>
        <dbm>-140</dbm>
      </extensions>
    </trkpt>
    <trkpt lat="37.556689" lon="126.704664">
      <ele>184.105061</ele>
      <time>2014-11-29T12:31:24Z</time>
      <extensions>
        <dbm>-140</dbm>
      </extensions>
    </trkpt>
    <trkpt lat="37.556690" lon="126.704790">
      <ele>179.450135</ele>
      <time>2014-11-29T12:31:32Z</time>
      <extensions>
        <dbm>-140</dbm>
      </extensions>
    </trkpt>
    <trkpt lat="37.556707" lon="126.704917">
      <ele>176.968446</ele>
      <time>2014-11-29T12:31:42Z</time>
      <extensions>
        <dbm>-140</dbm>
      </extensions>
    </trkpt>
    <trkpt lat="37.556721" lon="126.705042">
      <ele>174.553457</ele>
      <time>2014-11-29T12:31:52Z</time>
      <extensions>
        <dbm>-140</dbm>
      </extensions>
    </trkpt>
    <trkpt lat="37.556725" lon="126.705160">
      <ele>172.235335</ele>
      <time>2014-11-29T12:31:58Z</time>
      <extensions>
        <dbm>-140</dbm>
      </extensions>
    </trkpt>
    <trkpt lat="37.556726" lon="126.705277">
      <ele>170.439120</ele>
      <time>2014-11-29T12:32:07Z</time>
      <extensions>
        <dbm>-140</dbm>
      </extensions>
    </trkpt>
    <trkpt lat="37.556740" lon="126.705390">
      <ele>168.760999</ele>
      <time>2014-11-29T12:33:25Z</time>
      <extensions>
        <dbm>-140</dbm>
      </extensions>
    </trkpt>
    <trkpt lat="37.556760" lon="126.705504">
      <ele>167.139762</ele>
      <time>2014-11-29T12:33:48Z</time>
      <extensions>
        <dbm>-140</dbm>
      </extensions>
    </trkpt>
    <trkpt lat="37.556793" lon="126.705612">
      <ele>165.873645</ele>
      <time>2014-11-29T12:34:09Z</time>
      <extensions>
        <dbm>-140</dbm>
      </extensions>
    </trkpt>
    <trkpt lat="37.556827" lon="126.705718">
      <ele>164.705490</ele>
      <time>2014-11-29T12:34:38Z</time>
      <extensions>
        <dbm>-140</dbm>
      </extensions>
    </trkpt>
    <trkpt lat="37.556889" lon="126.705779">
      <ele>163.882944</ele>
      <time>2014-11-29T12:37:42Z</time>
      <extensions>
        <dbm>-140</dbm>
      </extensions>
    </trkpt>
    <trkpt lat="37.556943" lon="126.705852">
      <ele>164.240661</ele>
      <time>2014-11-29T12:38:04Z</time>
      <extensions>
        <dbm>-140</dbm>
      </extensions>
    </trkpt>
    <trkpt lat="37.556960" lon="126.705929">
      <ele>164.240661</ele>
      <time>2014-11-29T12:38:45Z</time>
      <extensions>
        <dbm>-140</dbm>
      </extensions>
    </trkpt>
    <trkpt lat="37.556967" lon="126.705982">
      <ele>178.829507</ele>
      <time>2014-11-29T12:39:40Z</time>
      <extensions>
        <pause>start</pause>
        <type>auto</type>
        <dbm>-140</dbm>
      </extensions>
    </trkpt>
    <trkpt lat="37.557033" lon="126.706316">
      <ele>190.250608</ele>
      <time>2014-11-29T12:41:03Z</time>
      <extensions>
        <pause>end</pause>
        <type>auto</type>
        <dbm>-140</dbm>
      </extensions>
    </trkpt>
    <trkpt lat="37.557098" lon="126.706397">
      <ele>164.207106</ele>
      <time>2014-11-29T12:41:53Z</time>
      <extensions>
        <dbm>-140</dbm>
      </extensions>
    </trkpt>
    <trkpt lat="37.557108" lon="126.706487">
      <ele>164.762409</ele>
      <time>2014-11-29T12:42:14Z</time>
      <extensions>
        <dbm>-140</dbm>
      </extensions>
    </trkpt>
    <trkpt lat="37.557108" lon="126.706557">
      <ele>165.603306</ele>
      <time>2014-11-29T12:42:54Z</time>
      <extensions>
        <dbm>-140</dbm>
      </extensions>
    </trkpt>
    <trkpt lat="37.557108" lon="126.706597">
      <ele>207.925324</ele>
      <time>2014-11-29T12:43:39Z</time>
      <extensions>
        <pause>start</pause>
        <type>manual</type>
        <dbm>-140</dbm>
      </extensions>
    </trkpt>
    <trkpt lat="37.556429" lon="126.707364">
      <ele>202.395366</ele>
      <time>2014-11-29T12:53:49Z</time>
      <extensions>
        <pause>end</pause>
        <type>auto</type>
        <dbm>-140</dbm>
      </extensions>
    </trkpt>
    <trkpt lat="37.556391" lon="126.707459">
      <ele>185.911929</ele>
      <time>2014-11-29T12:53:59Z</time>
      <extensions>
        <dbm>-140</dbm>
      </extensions>
    </trkpt>
    <trkpt lat="37.556404" lon="126.707537">
      <ele>190.533273</ele>
      <time>2014-11-29T12:54:42Z</time>
      <extensions>
        <dbm>-140</dbm>
      </extensions>
    </trkpt>
    <trkpt lat="37.556446" lon="126.707626">
      <ele>194.367396</ele>
      <time>2014-11-29T12:54:55Z</time>
      <extensions>
        <dbm>-140</dbm>
      </extensions>
    </trkpt>
    <trkpt lat="37.556506" lon="126.707706">
      <ele>197.573088</ele>
      <time>2014-11-29T12:55:12Z</time>
      <extensions>
        <dbm>-140</dbm>
      </extensions>
    </trkpt>
    <trkpt lat="37.556567" lon="126.707794">
      <ele>199.006754</ele>
      <time>2014-11-29T12:55:24Z</time>
      <extensions>
        <dbm>-140</dbm>
      </extensions>
    </trkpt>
    <trkpt lat="37.556634" lon="126.707877">
      <ele>198.441985</ele>
      <time>2014-11-29T12:55:41Z</time>
      <extensions>
        <dbm>-140</dbm>
      </extensions>
    </trkpt>
    <trkpt lat="37.556711" lon="126.707930">
      <ele>197.882166</ele>
      <time>2014-11-29T12:55:59Z</time>
      <extensions>
        <dbm>-140</dbm>
      </extensions>
    </trkpt>
    <trkpt lat="37.556780" lon="126.707994">
      <ele>197.882166</ele>
      <time>2014-11-29T12:56:11Z</time>
      <extensions>
        <dbm>-140</dbm>
      </extensions>
    </trkpt>
    <trkpt lat="37.556863" lon="126.708039">
      <ele>197.882166</ele>
      <time>2014-11-29T12:56:25Z</time>
      <extensions>
        <dbm>-140</dbm>
      </extensions>
    </trkpt>
    <trkpt lat="37.556907" lon="126.708119">
      <ele>196.840533</ele>
      <time>2014-11-29T12:56:38Z</time>
      <extensions>
        <dbm>-140</dbm>
      </extensions>
    </trkpt>
    <trkpt lat="37.556911" lon="126.708204">
      <ele>194.958967</ele>
      <time>2014-11-29T12:56:53Z</time>
      <extensions>
        <dbm>-140</dbm>
      </extensions>
    </trkpt>
    <trkpt lat="37.556912" lon="126.708300">
      <ele>194.014080</ele>
      <time>2014-11-29T12:57:02Z</time>
      <extensions>
        <dbm>-140</dbm>
      </extensions>
    </trkpt>
    <trkpt lat="37.556946" lon="126.708388">
      <ele>192.988752</ele>
      <time>2014-11-29T12:57:30Z</time>
      <extensions>
        <dbm>-140</dbm>
      </extensions>
    </trkpt>
    <trkpt lat="37.557031" lon="126.708463">
      <ele>191.861503</ele>
      <time>2014-11-29T12:57:42Z</time>
      <extensions>
        <dbm>-140</dbm>
      </extensions>
    </trkpt>
    <trkpt lat="37.557122" lon="126.708519">
      <ele>190.996640</ele>
      <time>2014-11-29T12:57:58Z</time>
      <extensions>
        <dbm>-140</dbm>
      </extensions>
    </trkpt>
    <trkpt lat="37.557210" lon="126.708574">
      <ele>189.906970</ele>
      <time>2014-11-29T12:58:06Z</time>
      <extensions>
        <dbm>-140</dbm>
      </extensions>
    </trkpt>
    <trkpt lat="37.557276" lon="126.708643">
      <ele>188.907828</ele>
      <time>2014-11-29T12:58:22Z</time>
      <extensions>
        <dbm>-140</dbm>
      </extensions>
    </trkpt>
    <trkpt lat="37.557330" lon="126.708736">
      <ele>187.970463</ele>
      <time>2014-11-29T12:58:37Z</time>
      <extensions>
        <dbm>-140</dbm>
      </extensions>
    </trkpt>
    <trkpt lat="37.557395" lon="126.708822">
      <ele>186.961144</ele>
      <time>2014-11-29T12:58:48Z</time>
      <extensions>
        <dbm>-140</dbm>
      </extensions>
    </trkpt>
    <trkpt lat="37.557475" lon="126.708895">
      <ele>186.082214</ele>
      <time>2014-11-29T12:58:58Z</time>
      <extensions>
        <dbm>-140</dbm>
      </extensions>
    </trkpt>
    <trkpt lat="37.557564" lon="126.708961">
      <ele>184.270374</ele>
      <time>2014-11-29T12:59:04Z</time>
      <extensions>
        <dbm>-140</dbm>
      </extensions>
    </trkpt>
    <trkpt lat="37.557640" lon="126.709034">
      <ele>182.425371</ele>
      <time>2014-11-29T12:59:14Z</time>
      <extensions>
        <dbm>-140</dbm>
      </extensions>
    </trkpt>
    <trkpt lat="37.557722" lon="126.709098">
      <ele>179.507600</ele>
      <time>2014-11-29T12:59:27Z</time>
      <extensions>
        <dbm>-140</dbm>
      </extensions>
    </trkpt>
    <trkpt lat="37.557788" lon="126.709182">
      <ele>177.638939</ele>
      <time>2014-11-29T12:59:39Z</time>
      <extensions>
        <dbm>-140</dbm>
      </extensions>
    </trkpt>
    <trkpt lat="37.557848" lon="126.709269">
      <ele>175.884476</ele>
      <time>2014-11-29T12:59:50Z</time>
      <extensions>
        <dbm>-140</dbm>
      </extensions>
    </trkpt>
    <trkpt lat="37.557892" lon="126.709376">
      <ele>174.288009</ele>
      <time>2014-11-29T13:00:10Z</time>
      <extensions>
        <dbm>-140</dbm>
      </extensions>
    </trkpt>
    <trkpt lat="37.557952" lon="126.709469">
      <ele>172.737979</ele>
      <time>2014-11-29T13:00:30Z</time>
      <extensions>
        <dbm>-140</dbm>
      </extensions>
    </trkpt>
    <trkpt lat="37.558025" lon="126.709549">
      <ele>171.103301</ele>
      <time>2014-11-29T13:00:39Z</time>
      <extensions>
        <dbm>-140</dbm>
      </extensions>
    </trkpt>
    <trkpt lat="37.558113" lon="126.709603">
      <ele>169.365311</ele>
      <time>2014-11-29T13:01:03Z</time>
      <extensions>
        <dbm>-140</dbm>
      </extensions>
    </trkpt>
    <trkpt lat="37.558197" lon="126.709669">
      <ele>167.739518</ele>
      <time>2014-11-29T13:01:11Z</time>
      <extensions>
        <dbm>-140</dbm>
      </extensions>
    </trkpt>
    <trkpt lat="37.558283" lon="126.709730">
      <ele>165.709952</ele>
      <time>2014-11-29T13:01:20Z</time>
      <extensions>
        <dbm>-140</dbm>
      </extensions>
    </trkpt>
    <trkpt lat="37.558371" lon="126.709805">
      <ele>164.467707</ele>
      <time>2014-11-29T13:01:25Z</time>
      <extensions>
        <dbm>-140</dbm>
      </extensions>
    </trkpt>
    <trkpt lat="37.558465" lon="126.709861">
      <ele>163.495896</ele>
      <time>2014-11-29T13:01:31Z</time>
      <extensions>
        <dbm>-140</dbm>
      </extensions>
    </trkpt>
    <trkpt lat="37.558555" lon="126.709927">
      <ele>162.658145</ele>
      <time>2014-11-29T13:01:42Z</time>
      <extensions>
        <dbm>-140</dbm>
      </extensions>
    </trkpt>
    <trkpt lat="37.558662" lon="126.709985">
      <ele>161.970839</ele>
      <time>2014-11-29T13:01:51Z</time>
      <extensions>
        <dbm>-140</dbm>
      </extensions>
    </trkpt>
    <trkpt lat="37.558769" lon="126.710029">
      <ele>161.157097</ele>
      <time>2014-11-29T13:02:12Z</time>
      <extensions>
        <dbm>-140</dbm>
      </extensions>
    </trkpt>
    <trkpt lat="37.558882" lon="126.710056">
      <ele>161.057289</ele>
      <time>2014-11-29T13:02:14Z</time>
      <extensions>
        <dbm>-140</dbm>
      </extensions>
    </trkpt>
    <trkpt lat="37.558975" lon="126.710089">
      <ele>160.994556</ele>
      <time>2014-11-29T13:02:18Z</time>
      <extensions>
        <dbm>-140</dbm>
      </extensions>
    </trkpt>
    <trkpt lat="37.559035" lon="126.710157">
      <ele>160.849967</ele>
      <time>2014-11-29T13:02:24Z</time>
      <extensions>
        <dbm>-140</dbm>
      </extensions>
    </trkpt>
    <trkpt lat="37.559084" lon="126.710246">
      <ele>160.804288</ele>
      <time>2014-11-29T13:02:38Z</time>
      <extensions>
        <dbm>-140</dbm>
      </extensions>
    </trkpt>
    <trkpt lat="37.559129" lon="126.710339">
      <ele>160.574182</ele>
      <time>2014-11-29T13:03:09Z</time>
      <extensions>
        <dbm>-140</dbm>
      </extensions>
    </trkpt>
    <trkpt lat="37.559187" lon="126.710437">
      <ele>160.407749</ele>
      <time>2014-11-29T13:03:21Z</time>
      <extensions>
        <dbm>-140</dbm>
      </extensions>
    </trkpt>
    <trkpt lat="37.559248" lon="126.710535">
      <ele>160.234633</ele>
      <time>2014-11-29T13:03:34Z</time>
      <extensions>
        <dbm>-140</dbm>
      </extensions>
    </trkpt>
    <trkpt lat="37.559315" lon="126.710620">
      <ele>160.061347</ele>
      <time>2014-11-29T13:03:40Z</time>
      <extensions>
        <dbm>-140</dbm>
      </extensions>
    </trkpt>
    <trkpt lat="37.559393" lon="126.710683">
      <ele>159.672814</ele>
      <time>2014-11-29T13:03:48Z</time>
      <extensions>
        <dbm>-140</dbm>
      </extensions>
    </trkpt>
    <trkpt lat="37.559446" lon="126.710760">
      <ele>158.947138</ele>
      <time>2014-11-29T13:04:00Z</time>
      <extensions>
        <dbm>-140</dbm>
      </extensions>
    </trkpt>
    <trkpt lat="37.559460" lon="126.710860">
      <ele>157.986333</ele>
      <time>2014-11-29T13:04:13Z</time>
      <extensions>
        <dbm>-140</dbm>
      </extensions>
    </trkpt>
    <trkpt lat="37.559477" lon="126.710951">
      <ele>156.874011</ele>
      <time>2014-11-29T13:04:24Z</time>
      <extensions>
        <dbm>-140</dbm>
      </extensions>
    </trkpt>
    <trkpt lat="37.559526" lon="126.711013">
      <ele>156.490768</ele>
      <time>2014-11-29T13:04:53Z</time>
      <extensions>
        <dbm>-140</dbm>
      </extensions>
    </trkpt>
    <trkpt lat="37.559588" lon="126.711040">
      <ele>155.056956</ele>
      <time>2014-11-29T13:07:02Z</time>
      <extensions>
        <dbm>-140</dbm>
      </extensions>
    </trkpt>
    <trkpt lat="37.559624" lon="126.711057">
      <ele>136.511178</ele>
      <time>2014-11-29T13:09:14Z</time>
      <extensions>
        <pause>start</pause>
        <type>auto</type>
        <dbm>-140</dbm>
      </extensions>
    </trkpt>
    <trkpt lat="37.559671" lon="126.710711">
      <ele>137.087206</ele>
      <time>2014-11-29T13:26:56Z</time>
      <extensions>
        <pause>end</pause>
        <type>auto</type>
        <dbm>-140</dbm>
      </extensions>
    </trkpt>
    <trkpt lat="37.559715" lon="126.710603">
      <ele>149.786524</ele>
      <time>2014-11-29T13:27:33Z</time>
      <extensions>
        <dbm>-140</dbm>
      </extensions>
    </trkpt>
    <trkpt lat="37.559762" lon="126.710499">
      <ele>148.220554</ele>
      <time>2014-11-29T13:27:45Z</time>
      <extensions>
        <dbm>-140</dbm>
      </extensions>
    </trkpt>
    <trkpt lat="37.559811" lon="126.710398">
      <ele>146.454003</ele>
      <time>2014-11-29T13:27:59Z</time>
      <extensions>
        <dbm>-140</dbm>
      </extensions>
    </trkpt>
    <trkpt lat="37.559859" lon="126.710297">
      <ele>144.719291</ele>
      <time>2014-11-29T13:28:17Z</time>
      <extensions>
        <dbm>-140</dbm>
      </extensions>
    </trkpt>
    <trkpt lat="37.559907" lon="126.710191">
      <ele>144.078678</ele>
      <time>2014-11-29T13:28:27Z</time>
      <extensions>
        <dbm>-140</dbm>
      </extensions>
    </trkpt>
    <trkpt lat="37.559955" lon="126.710087">
      <ele>142.226060</ele>
      <time>2014-11-29T13:28:41Z</time>
      <extensions>
        <dbm>-140</dbm>
      </extensions>
    </trkpt>
    <trkpt lat="37.560003" lon="126.709976">
      <ele>141.145428</ele>
      <time>2014-11-29T13:28:53Z</time>
      <extensions>
        <dbm>-140</dbm>
      </extensions>
    </trkpt>
    <trkpt lat="37.560050" lon="126.709869">
      <ele>140.136768</ele>
      <time>2014-11-29T13:29:05Z</time>
      <extensions>
        <dbm>-140</dbm>
      </extensions>
    </trkpt>
    <trkpt lat="37.560097" lon="126.709756">
      <ele>139.197731</ele>
      <time>2014-11-29T13:29:14Z</time>
      <extensions>
        <dbm>-140</dbm>
      </extensions>
    </trkpt>
    <trkpt lat="37.560150" lon="126.709647">
      <ele>138.293869</ele>
      <time>2014-11-29T13:29:32Z</time>
      <extensions>
        <dbm>-140</dbm>
      </extensions>
    </trkpt>
    <trkpt lat="37.560219" lon="126.709586">
      <ele>137.387846</ele>
      <time>2014-11-29T13:29:42Z</time>
      <extensions>
        <dbm>-140</dbm>
      </extensions>
    </trkpt>
    <trkpt lat="37.560294" lon="126.709597">
      <ele>136.478730</ele>
      <time>2014-11-29T13:29:53Z</time>
      <extensions>
        <dbm>-140</dbm>
      </extensions>
    </trkpt>
    <trkpt lat="37.560375" lon="126.709646">
      <ele>135.579800</ele>
      <time>2014-11-29T13:30:05Z</time>
      <extensions>
        <dbm>-140</dbm>
      </extensions>
    </trkpt>
    <trkpt lat="37.560455" lon="126.709664">
      <ele>134.974501</ele>
      <time>2014-11-29T13:30:16Z</time>
      <extensions>
        <dbm>-140</dbm>
      </extensions>
    </trkpt>
    <trkpt lat="37.560545" lon="126.709663">
      <ele>134.573370</ele>
      <time>2014-11-29T13:30:22Z</time>
      <extensions>
        <dbm>-140</dbm>
      </extensions>
    </trkpt>
    <trkpt lat="37.560633" lon="126.709673">
      <ele>133.960859</ele>
      <time>2014-11-29T13:30:36Z</time>
      <extensions>
        <dbm>-140</dbm>
      </extensions>
    </trkpt>
    <trkpt lat="37.560721" lon="126.709702">
      <ele>133.459913</ele>
      <time>2014-11-29T13:30:59Z</time>
      <extensions>
        <dbm>-140</dbm>
      </extensions>
    </trkpt>
    <trkpt lat="37.560810" lon="126.709704">
      <ele>133.016980</ele>
      <time>2014-11-29T13:31:11Z</time>
      <extensions>
        <dbm>-140</dbm>
      </extensions>
    </trkpt>
    <trkpt lat="37.560904" lon="126.709681">
      <ele>132.814044</ele>
      <time>2014-11-29T13:31:21Z</time>
      <extensions>
        <dbm>-140</dbm>
      </extensions>
    </trkpt>
    <trkpt lat="37.560996" lon="126.709646">
      <ele>132.006722</ele>
      <time>2014-11-29T13:31:35Z</time>
      <extensions>
        <dbm>-140</dbm>
      </extensions>
    </trkpt>
    <trkpt lat="37.561087" lon="126.709604">
      <ele>131.185071</ele>
      <time>2014-11-29T13:31:45Z</time>
      <extensions>
        <dbm>-140</dbm>
      </extensions>
    </trkpt>
    <trkpt lat="37.561172" lon="126.709596">
      <ele>130.228112</ele>
      <time>2014-11-29T13:31:56Z</time>
      <extensions>
        <dbm>-140</dbm>
      </extensions>
    </trkpt>
    <trkpt lat="37.561254" lon="126.709618">
      <ele>129.014213</ele>
      <time>2014-11-29T13:32:10Z</time>
      <extensions>
        <dbm>-140</dbm>
      </extensions>
    </trkpt>
    <trkpt lat="37.561332" lon="126.709684">
      <ele>127.665983</ele>
      <time>2014-11-29T13:32:21Z</time>
      <extensions>
        <dbm>-140</dbm>
      </extensions>
    </trkpt>
    <trkpt lat="37.561414" lon="126.709725">
      <ele>126.257794</ele>
      <time>2014-11-29T13:32:32Z</time>
      <extensions>
        <dbm>-140</dbm>
      </extensions>
    </trkpt>
    <trkpt lat="37.561507" lon="126.709750">
      <ele>124.793848</ele>
      <time>2014-11-29T13:35:10Z</time>
      <extensions>
        <dbm>-140</dbm>
      </extensions>
    </trkpt>
    <trkpt lat="37.561606" lon="126.709722">
      <ele>123.312328</ele>
      <time>2014-11-29T13:36:56Z</time>
      <extensions>
        <dbm>-140</dbm>
      </extensions>
    </trkpt>
    <trkpt lat="37.561705" lon="126.709681">
      <ele>121.803976</ele>
      <time>2014-11-29T13:37:05Z</time>
      <extensions>
        <dbm>-140</dbm>
      </extensions>
    </trkpt>
    <trkpt lat="37.561794" lon="126.709656">
      <ele>120.282252</ele>
      <time>2014-11-29T13:37:15Z</time>
      <extensions>
        <dbm>-140</dbm>
      </extensions>
    </trkpt>
    <trkpt lat="37.561883" lon="126.709660">
      <ele>118.754527</ele>
      <time>2014-11-29T13:37:24Z</time>
      <extensions>
        <dbm>-140</dbm>
      </extensions>
    </trkpt>
    <trkpt lat="37.561976" lon="126.709685">
      <ele>117.107613</ele>
      <time>2014-11-29T13:37:38Z</time>
      <extensions>
        <dbm>-140</dbm>
      </extensions>
    </trkpt>
    <trkpt lat="37.562072" lon="126.709681">
      <ele>115.162911</ele>
      <time>2014-11-29T13:37:49Z</time>
      <extensions>
        <dbm>-140</dbm>
      </extensions>
    </trkpt>
    <trkpt lat="37.562169" lon="126.709685">
      <ele>113.153321</ele>
      <time>2014-11-29T13:38:05Z</time>
      <extensions>
        <dbm>-140</dbm>
      </extensions>
    </trkpt>
    <trkpt lat="37.562253" lon="126.709718">
      <ele>111.308656</ele>
      <time>2014-11-29T13:38:15Z</time>
      <extensions>
        <dbm>-140</dbm>
      </extensions>
    </trkpt>
    <trkpt lat="37.562326" lon="126.709791">
      <ele>109.531290</ele>
      <time>2014-11-29T13:38:40Z</time>
      <extensions>
        <dbm>-140</dbm>
      </extensions>
    </trkpt>
    <trkpt lat="37.562399" lon="126.709854">
      <ele>107.813612</ele>
      <time>2014-11-29T13:38:58Z</time>
      <extensions>
        <dbm>-140</dbm>
      </extensions>
    </trkpt>
    <trkpt lat="37.562487" lon="126.709873">
      <ele>106.105140</ele>
      <time>2014-11-29T13:39:11Z</time>
      <extensions>
        <dbm>-140</dbm>
      </extensions>
    </trkpt>
    <trkpt lat="37.562583" lon="126.709866">
      <ele>104.462164</ele>
      <time>2014-11-29T13:39:23Z</time>
      <extensions>
        <dbm>-140</dbm>
      </extensions>
    </trkpt>
    <trkpt lat="37.562681" lon="126.709867">
      <ele>102.938761</ele>
      <time>2014-11-29T13:39:44Z</time>
      <extensions>
        <dbm>-140</dbm>
      </extensions>
    </trkpt>
    <trkpt lat="37.562766" lon="126.709904">
      <ele>101.427507</ele>
      <time>2014-11-29T13:40:00Z</time>
      <extensions>
        <dbm>-140</dbm>
      </extensions>
    </trkpt>
    <trkpt lat="37.562841" lon="126.709910">
      <ele>99.759828</ele>
      <time>2014-11-29T13:40:22Z</time>
      <extensions>
        <dbm>-140</dbm>
      </extensions>
    </trkpt>
    <trkpt lat="37.562909" lon="126.709884">
      <ele>98.494573</ele>
      <time>2014-11-29T13:40:33Z</time>
      <extensions>
        <dbm>-140</dbm>
      </extensions>
    </trkpt>
    <trkpt lat="37.562985" lon="126.709834">
      <ele>97.588888</ele>
      <time>2014-11-29T13:40:44Z</time>
      <extensions>
        <dbm>-140</dbm>
      </extensions>
    </trkpt>
    <trkpt lat="37.563061" lon="126.709846">
      <ele>96.687309</ele>
      <time>2014-11-29T13:40:58Z</time>
      <extensions>
        <dbm>-140</dbm>
      </extensions>
    </trkpt>
    <trkpt lat="37.563125" lon="126.709915">
      <ele>95.607607</ele>
      <time>2014-11-29T13:41:10Z</time>
      <extensions>
        <dbm>-140</dbm>
      </extensions>
    </trkpt>
    <trkpt lat="37.563181" lon="126.710008">
      <ele>94.443452</ele>
      <time>2014-11-29T13:41:57Z</time>
      <extensions>
        <dbm>-140</dbm>
      </extensions>
    </trkpt>
    <trkpt lat="37.563249" lon="126.710072">
      <ele>94.045675</ele>
      <time>2014-11-29T13:42:08Z</time>
      <extensions>
        <dbm>-140</dbm>
      </extensions>
    </trkpt>
    <trkpt lat="37.563291" lon="126.710136">
      <ele>93.209334</ele>
      <time>2014-11-29T13:42:18Z</time>
      <extensions>
        <dbm>-140</dbm>
      </extensions>
    </trkpt>
    <trkpt lat="37.563303" lon="126.710218">
      <ele>92.441703</ele>
      <time>2014-11-29T13:42:48Z</time>
      <extensions>
        <dbm>-140</dbm>
      </extensions>
    </trkpt>
    <trkpt lat="37.563293" lon="126.710340">
      <ele>91.602148</ele>
      <time>2014-11-29T13:44:04Z</time>
      <extensions>
        <dbm>-140</dbm>
      </extensions>
    </trkpt>
    <trkpt lat="37.563304" lon="126.710470">
      <ele>90.906928</ele>
      <time>2014-11-29T13:44:11Z</time>
      <extensions>
        <dbm>-140</dbm>
      </extensions>
    </trkpt>
    <trkpt lat="37.563322" lon="126.710595">
      <ele>90.494537</ele>
      <time>2014-11-29T13:44:22Z</time>
      <extensions>
        <dbm>-140</dbm>
      </extensions>
    </trkpt>
    <trkpt lat="37.563342" lon="126.710716">
      <ele>90.108913</ele>
      <time>2014-11-29T13:44:35Z</time>
      <extensions>
        <dbm>-140</dbm>
      </extensions>
    </trkpt>
    <trkpt lat="37.563349" lon="126.710835">
      <ele>89.710908</ele>
      <time>2014-11-29T13:44:51Z</time>
      <extensions>
        <dbm>-140</dbm>
      </extensions>
    </trkpt>
    <trkpt lat="37.563347" lon="126.710952">
      <ele>89.208801</ele>
      <time>2014-11-29T13:45:05Z</time>
      <extensions>
        <dbm>-140</dbm>
      </extensions>
    </trkpt>
    <trkpt lat="37.563332" lon="126.711070">
      <ele>88.661725</ele>
      <time>2014-11-29T13:45:17Z</time>
      <extensions>
        <dbm>-140</dbm>
      </extensions>
    </trkpt>
    <trkpt lat="37.563315" lon="126.711185">
      <ele>88.221813</ele>
      <time>2014-11-29T13:45:31Z</time>
      <extensions>
        <dbm>-140</dbm>
      </extensions>
    </trkpt>
    <trkpt lat="37.563292" lon="126.711296">
      <ele>87.956851</ele>
      <time>2014-11-29T13:45:41Z</time>
      <extensions>
        <dbm>-140</dbm>
      </extensions>
    </trkpt>
    <trkpt lat="37.563258" lon="126.711402">
      <ele>87.857245</ele>
      <time>2014-11-29T13:45:52Z</time>
      <extensions>
        <dbm>-140</dbm>
      </extensions>
    </trkpt>
    <trkpt lat="37.563228" lon="126.711510">
      <ele>87.857245</ele>
      <time>2014-11-29T13:46:03Z</time>
      <extensions>
        <dbm>-140</dbm>
      </extensions>
    </trkpt>
    <trkpt lat="37.563206" lon="126.711621">
      <ele>87.857245</ele>
      <time>2014-11-29T13:46:12Z</time>
      <extensions>
        <dbm>-140</dbm>
      </extensions>
    </trkpt>
    <trkpt lat="37.563198" lon="126.711736">
      <ele>87.934604</ele>
      <time>2014-11-29T13:46:25Z</time>
      <extensions>
        <dbm>-140</dbm>
      </extensions>
    </trkpt>
    <trkpt lat="37.563188" lon="126.711850">
      <ele>88.069257</ele>
      <time>2014-11-29T13:46:37Z</time>
      <extensions>
        <dbm>-140</dbm>
      </extensions>
    </trkpt>
    <trkpt lat="37.563172" lon="126.711964">
      <ele>88.228662</ele>
      <time>2014-11-29T13:46:46Z</time>
      <extensions>
        <dbm>-140</dbm>
      </extensions>
    </trkpt>
    <trkpt lat="37.563144" lon="126.712076">
      <ele>88.424800</ele>
      <time>2014-11-29T13:46:57Z</time>
      <extensions>
        <dbm>-140</dbm>
      </extensions>
    </trkpt>
    <trkpt lat="37.563107" lon="126.712185">
      <ele>88.764437</ele>
      <time>2014-11-29T13:47:10Z</time>
      <extensions>
        <dbm>-140</dbm>
      </extensions>
    </trkpt>
    <trkpt lat="37.563072" lon="126.712294">
      <ele>89.158562</ele>
      <time>2014-11-29T13:47:21Z</time>
      <extensions>
        <dbm>-140</dbm>
      </extensions>
    </trkpt>
    <trkpt lat="37.563036" lon="126.712403">
      <ele>89.605084</ele>
      <time>2014-11-29T13:47:35Z</time>
      <extensions>
        <dbm>-140</dbm>
      </extensions>
    </trkpt>
    <trkpt lat="37.562999" lon="126.712516">
      <ele>90.078464</ele>
      <time>2014-11-29T13:47:48Z</time>
      <extensions>
        <dbm>-140</dbm>
      </extensions>
    </trkpt>
    <trkpt lat="37.562954" lon="126.712623">
      <ele>90.921174</ele>
      <time>2014-11-29T13:48:01Z</time>
      <extensions>
        <dbm>-140</dbm>
      </extensions>
    </trkpt>
    <trkpt lat="37.562915" lon="126.712729">
      <ele>92.029998</ele>
      <time>2014-11-29T13:48:11Z</time>
      <extensions>
        <dbm>-140</dbm>
      </extensions>
    </trkpt>
    <trkpt lat="37.562884" lon="126.712836">
      <ele>93.190168</ele>
      <time>2014-11-29T13:48:21Z</time>
      <extensions>
        <dbm>-140</dbm>
      </extensions>
    </trkpt>
    <trkpt lat="37.562858" lon="126.712948">
      <ele>94.209451</ele>
      <time>2014-11-29T13:48:31Z</time>
      <extensions>
        <dbm>-140</dbm>
      </extensions>
    </trkpt>
    <trkpt lat="37.562830" lon="126.713059">
      <ele>95.094874</ele>
      <time>2014-11-29T13:48:38Z</time>
      <extensions>
        <dbm>-140</dbm>
      </extensions>
    </trkpt>
    <trkpt lat="37.562792" lon="126.713164">
      <ele>95.879969</ele>
      <time>2014-11-29T13:48:50Z</time>
      <extensions>
        <dbm>-140</dbm>
      </extensions>
    </trkpt>
    <trkpt lat="37.562751" lon="126.713264">
      <ele>96.592169</ele>
      <time>2014-11-29T13:49:05Z</time>
      <extensions>
        <dbm>-140</dbm>
      </extensions>
    </trkpt>
    <trkpt lat="37.562703" lon="126.713366">
      <ele>97.157167</ele>
      <time>2014-11-29T13:49:15Z</time>
      <extensions>
        <dbm>-140</dbm>
      </extensions>
    </trkpt>
    <trkpt lat="37.562649" lon="126.713466">
      <ele>97.657125</ele>
      <time>2014-11-29T13:49:26Z</time>
      <extensions>
        <dbm>-140</dbm>
      </extensions>
    </trkpt>
    <trkpt lat="37.562587" lon="126.713560">
      <ele>98.239840</ele>
      <time>2014-11-29T13:49:39Z</time>
      <extensions>
        <dbm>-140</dbm>
      </extensions>
    </trkpt>
    <trkpt lat="37.562517" lon="126.713648">
      <ele>98.826617</ele>
      <time>2014-11-29T13:49:54Z</time>
      <extensions>
        <dbm>-140</dbm>
      </extensions>
    </trkpt>
    <trkpt lat="37.562457" lon="126.713743">
      <ele>99.550601</ele>
      <time>2014-11-29T13:50:06Z</time>
      <extensions>
        <dbm>-140</dbm>
      </extensions>
    </trkpt>
    <trkpt lat="37.562408" lon="126.713845">
      <ele>100.186643</ele>
      <time>2014-11-29T13:50:28Z</time>
      <extensions>
        <dbm>-140</dbm>
      </extensions>
    </trkpt>
    <trkpt lat="37.562371" lon="126.713953">
      <ele>100.821390</ele>
      <time>2014-11-29T13:50:38Z</time>
      <extensions>
        <dbm>-140</dbm>
      </extensions>
    </trkpt>
    <trkpt lat="37.562335" lon="126.714062">
      <ele>101.517466</ele>
      <time>2014-11-29T13:50:54Z</time>
      <extensions>
        <dbm>-140</dbm>
      </extensions>
    </trkpt>
    <trkpt lat="37.562294" lon="126.714165">
      <ele>102.289102</ele>
      <time>2014-11-29T13:51:10Z</time>
      <extensions>
        <dbm>-140</dbm>
      </extensions>
    </trkpt>
    <trkpt lat="37.562245" lon="126.714260">
      <ele>103.266957</ele>
      <time>2014-11-29T13:51:21Z</time>
      <extensions>
        <dbm>-140</dbm>
      </extensions>
    </trkpt>
    <trkpt lat="37.562207" lon="126.714358">
      <ele>104.428398</ele>
      <time>2014-11-29T13:51:36Z</time>
      <extensions>
        <dbm>-140</dbm>
      </extensions>
    </trkpt>
    <trkpt lat="37.562192" lon="126.714471">
      <ele>105.888357</ele>
      <time>2014-11-29T13:51:50Z</time>
      <extensions>
        <dbm>-140</dbm>
      </extensions>
    </trkpt>
    <trkpt lat="37.562188" lon="126.714470">
      <ele>107.395530</ele>
      <time>2014-11-29T13:52:47Z</time>
      <extensions>
        <dbm>-140</dbm>
      </extensions>
    </trkpt>
    <trkpt lat="37.562167" lon="126.714527">
      <ele>108.387888</ele>
      <time>2014-11-29T13:53:08Z</time>
      <extensions>
        <dbm>-140</dbm>
      </extensions>
    </trkpt>
    <trkpt lat="37.562123" lon="126.714646">
      <ele>109.930904</ele>
      <time>2014-11-29T13:53:19Z</time>
      <extensions>
        <dbm>-140</dbm>
      </extensions>
    </trkpt>
    <trkpt lat="37.562084" lon="126.714763">
      <ele>111.348065</ele>
      <time>2014-11-29T13:53:32Z</time>
      <extensions>
        <dbm>-140</dbm>
      </extensions>
    </trkpt>
    <trkpt lat="37.562035" lon="126.714872">
      <ele>112.746649</ele>
      <time>2014-11-29T13:53:41Z</time>
      <extensions>
        <dbm>-140</dbm>
      </extensions>
    </trkpt>
    <trkpt lat="37.561980" lon="126.714972">
      <ele>114.201179</ele>
      <time>2014-11-29T13:53:54Z</time>
      <extensions>
        <dbm>-140</dbm>
      </extensions>
    </trkpt>
    <trkpt lat="37.561925" lon="126.715072">
      <ele>115.887164</ele>
      <time>2014-11-29T13:54:11Z</time>
      <extensions>
        <dbm>-140</dbm>
      </extensions>
    </trkpt>
    <trkpt lat="37.561882" lon="126.715181">
      <ele>117.293202</ele>
      <time>2014-11-29T13:54:37Z</time>
      <extensions>
        <dbm>-140</dbm>
      </extensions>
    </trkpt>
    <trkpt lat="37.561858" lon="126.715294">
      <ele>118.047615</ele>
      <time>2014-11-29T13:54:54Z</time>
      <extensions>
        <dbm>-140</dbm>
      </extensions>
    </trkpt>
    <trkpt lat="37.561869" lon="126.715406">
      <ele>118.251533</ele>
      <time>2014-11-29T13:55:12Z</time>
      <extensions>
        <dbm>-140</dbm>
      </extensions>
    </trkpt>
    <trkpt lat="37.561904" lon="126.715510">
      <ele>118.251533</ele>
      <time>2014-11-29T13:55:36Z</time>
      <extensions>
        <dbm>-140</dbm>
      </extensions>
    </trkpt>
    <trkpt lat="37.561974" lon="126.715578">
      <ele>118.251533</ele>
      <time>2014-11-29T13:55:49Z</time>
      <extensions>
        <dbm>-140</dbm>
      </extensions>
    </trkpt>
    <trkpt lat="37.562057" lon="126.715618">
      <ele>118.251533</ele>
      <time>2014-11-29T13:56:01Z</time>
      <extensions>
        <dbm>-140</dbm>
      </extensions>
    </trkpt>
    <trkpt lat="37.562157" lon="126.715637">
      <ele>118.251533</ele>
      <time>2014-11-29T13:56:06Z</time>
      <extensions>
        <dbm>-140</dbm>
      </extensions>
    </trkpt>
    <trkpt lat="37.562255" lon="126.715652">
      <ele>118.251533</ele>
      <time>2014-11-29T13:56:16Z</time>
      <extensions>
        <dbm>-140</dbm>
      </extensions>
    </trkpt>
    <trkpt lat="37.562336" lon="126.715698">
      <ele>117.810064</ele>
      <time>2014-11-29T13:56:28Z</time>
      <extensions>
        <dbm>-140</dbm>
      </extensions>
    </trkpt>
    <trkpt lat="37.562385" lon="126.715773">
      <ele>116.684563</ele>
      <time>2014-11-29T13:56:41Z</time>
      <extensions>
        <dbm>-140</dbm>
      </extensions>
    </trkpt>
    <trkpt lat="37.562422" lon="126.715883">
      <ele>114.973440</ele>
      <time>2014-11-29T13:56:53Z</time>
      <extensions>
        <dbm>-140</dbm>
      </extensions>
    </trkpt>
    <trkpt lat="37.562452" lon="126.715999">
      <ele>113.017133</ele>
      <time>2014-11-29T13:57:05Z</time>
      <extensions>
        <dbm>-140</dbm>
      </extensions>
    </trkpt>
    <trkpt lat="37.562500" lon="126.716106">
      <ele>111.046655</ele>
      <time>2014-11-29T13:57:16Z</time>
      <extensions>
        <dbm>-140</dbm>
      </extensions>
    </trkpt>
    <trkpt lat="37.562546" lon="126.716214">
      <ele>107.920966</ele>
      <time>2014-11-29T13:57:26Z</time>
      <extensions>
        <dbm>-140</dbm>
      </extensions>
    </trkpt>
    <trkpt lat="37.562610" lon="126.716306">
      <ele>105.195806</ele>
      <time>2014-11-29T13:57:39Z</time>
      <extensions>
        <dbm>-140</dbm>
      </extensions>
    </trkpt>
    <trkpt lat="37.562678" lon="126.716397">
      <ele>102.499133</ele>
      <time>2014-11-29T13:57:48Z</time>
      <extensions>
        <dbm>-140</dbm>
      </extensions>
    </trkpt>
    <trkpt lat="37.562742" lon="126.716491">
      <ele>99.953483</ele>
      <time>2014-11-29T13:57:59Z</time>
      <extensions>
        <dbm>-140</dbm>
      </extensions>
    </trkpt>
    <trkpt lat="37.562805" lon="126.716589">
      <ele>97.526510</ele>
      <time>2014-11-29T13:58:14Z</time>
      <extensions>
        <dbm>-140</dbm>
      </extensions>
    </trkpt>
    <trkpt lat="37.562864" lon="126.716690">
      <ele>95.229094</ele>
      <time>2014-11-29T13:58:29Z</time>
      <extensions>
        <dbm>-140</dbm>
      </extensions>
    </trkpt>
    <trkpt lat="37.562931" lon="126.716781">
      <ele>93.304613</ele>
      <time>2014-11-29T13:58:38Z</time>
      <extensions>
        <dbm>-140</dbm>
      </extensions>
    </trkpt>
    <trkpt lat="37.563000" lon="126.716865">
      <ele>91.500267</ele>
      <time>2014-11-29T13:58:47Z</time>
      <extensions>
        <dbm>-140</dbm>
      </extensions>
    </trkpt>
    <trkpt lat="37.563074" lon="126.716948">
      <ele>88.855897</ele>
      <time>2014-11-29T13:58:57Z</time>
      <extensions>
        <dbm>-140</dbm>
      </extensions>
    </trkpt>
    <trkpt lat="37.563146" lon="126.717037">
      <ele>87.056261</ele>
      <time>2014-11-29T13:59:07Z</time>
      <extensions>
        <dbm>-140</dbm>
      </extensions>
    </trkpt>
    <trkpt lat="37.563219" lon="126.717130">
      <ele>84.980348</ele>
      <time>2014-11-29T13:59:17Z</time>
      <extensions>
        <dbm>-140</dbm>
      </extensions>
    </trkpt>
    <trkpt lat="37.563294" lon="126.717213">
      <ele>82.845360</ele>
      <time>2014-11-29T13:59:25Z</time>
      <extensions>
        <dbm>-140</dbm>
      </extensions>
    </trkpt>
    <trkpt lat="37.563352" lon="126.717304">
      <ele>80.726948</ele>
      <time>2014-11-29T13:59:35Z</time>
      <extensions>
        <dbm>-140</dbm>
      </extensions>
    </trkpt>
    <trkpt lat="37.563369" lon="126.717405">
      <ele>78.810873</ele>
      <time>2014-11-29T13:59:48Z</time>
      <extensions>
        <dbm>-140</dbm>
      </extensions>
    </trkpt>
    <trkpt lat="37.563360" lon="126.717522">
      <ele>77.124559</ele>
      <time>2014-11-29T13:59:57Z</time>
      <extensions>
        <dbm>-140</dbm>
      </extensions>
    </trkpt>
    <trkpt lat="37.563365" lon="126.717641">
      <ele>75.583113</ele>
      <time>2014-11-29T14:00:02Z</time>
      <extensions>
        <dbm>-140</dbm>
      </extensions>
    </trkpt>
    <trkpt lat="37.563411" lon="126.717739">
      <ele>74.255251</ele>
      <time>2014-11-29T14:00:15Z</time>
      <extensions>
        <dbm>-140</dbm>
      </extensions>
    </trkpt>
    <trkpt lat="37.563488" lon="126.717799">
      <ele>73.130795</ele>
      <time>2014-11-29T14:00:23Z</time>
      <extensions>
        <dbm>-140</dbm>
      </extensions>
    </trkpt>
    <trkpt lat="37.563571" lon="126.717845">
      <ele>72.045016</ele>
      <time>2014-11-29T14:00:48Z</time>
      <extensions>
        <dbm>-140</dbm>
      </extensions>
    </trkpt>
    <trkpt lat="37.563656" lon="126.717891">
      <ele>71.082512</ele>
      <time>2014-11-29T14:00:54Z</time>
      <extensions>
        <dbm>-140</dbm>
      </extensions>
    </trkpt>
    <trkpt lat="37.563741" lon="126.717963">
      <ele>70.266140</ele>
      <time>2014-11-29T14:01:01Z</time>
      <extensions>
        <dbm>-140</dbm>
      </extensions>
    </trkpt>
    <trkpt lat="37.563830" lon="126.718026">
      <ele>69.628615</ele>
      <time>2014-11-29T14:01:11Z</time>
      <extensions>
        <dbm>-140</dbm>
      </extensions>
    </trkpt>
    <trkpt lat="37.563908" lon="126.718104">
      <ele>69.095196</ele>
      <time>2014-11-29T14:01:18Z</time>
      <extensions>
        <dbm>-140</dbm>
      </extensions>
    </trkpt>
    <trkpt lat="37.563958" lon="126.718195">
      <ele>68.260841</ele>
      <time>2014-11-29T14:01:27Z</time>
      <extensions>
        <dbm>-140</dbm>
      </extensions>
    </trkpt>
    <trkpt lat="37.563974" lon="126.718312">
      <ele>67.408048</ele>
      <time>2014-11-29T14:01:55Z</time>
      <extensions>
        <dbm>-140</dbm>
      </extensions>
    </trkpt>
    <trkpt lat="37.563972" lon="126.718416">
      <ele>66.543046</ele>
      <time>2014-11-29T14:02:11Z</time>
      <extensions>
        <dbm>-140</dbm>
      </extensions>
    </trkpt>
    <trkpt lat="37.563996" lon="126.718505">
      <ele>66.223176</ele>
      <time>2014-11-29T14:02:17Z</time>
      <extensions>
        <dbm>-140</dbm>
      </extensions>
    </trkpt>
    <trkpt lat="37.564047" lon="126.718588">
      <ele>65.376352</ele>
      <time>2014-11-29T14:02:40Z</time>
      <extensions>
        <dbm>-140</dbm>
      </extensions>
    </trkpt>
    <trkpt lat="37.564126" lon="126.718672">
      <ele>64.732878</ele>
      <time>2014-11-29T14:02:49Z</time>
      <extensions>
        <dbm>-140</dbm>
      </extensions>
    </trkpt>
    <trkpt lat="37.564210" lon="126.718746">
      <ele>64.236979</ele>
      <time>2014-11-29T14:02:56Z</time>
      <extensions>
        <dbm>-140</dbm>
      </extensions>
    </trkpt>
    <trkpt lat="37.564298" lon="126.718799">
      <ele>63.807496</ele>
      <time>2014-11-29T14:03:06Z</time>
      <extensions>
        <dbm>-140</dbm>
      </extensions>
    </trkpt>
    <trkpt lat="37.564387" lon="126.718848">
      <ele>63.412103</ele>
      <time>2014-11-29T14:03:13Z</time>
      <extensions>
        <dbm>-140</dbm>
      </extensions>
    </trkpt>
    <trkpt lat="37.564473" lon="126.718892">
      <ele>63.087421</ele>
      <time>2014-11-29T14:03:20Z</time>
      <extensions>
        <dbm>-140</dbm>
      </extensions>
    </trkpt>
    <trkpt lat="37.564558" lon="126.718944">
      <ele>62.733632</ele>
      <time>2014-11-29T14:03:27Z</time>
      <extensions>
        <dbm>-140</dbm>
      </extensions>
    </trkpt>
    <trkpt lat="37.564646" lon="126.719005">
      <ele>62.621036</ele>
      <time>2014-11-29T14:03:33Z</time>
      <extensions>
        <dbm>-140</dbm>
      </extensions>
    </trkpt>
    <trkpt lat="37.564692" lon="126.719095">
      <ele>62.486906</ele>
      <time>2014-11-29T14:03:42Z</time>
      <extensions>
        <dbm>-140</dbm>
      </extensions>
    </trkpt>
    <trkpt lat="37.564744" lon="126.719164">
      <ele>62.335030</ele>
      <time>2014-11-29T14:04:25Z</time>
      <extensions>
        <dbm>-140</dbm>
      </extensions>
    </trkpt>
    <trkpt lat="37.564794" lon="126.719228">
      <ele>62.083548</ele>
      <time>2014-11-29T14:04:46Z</time>
      <extensions>
        <dbm>-140</dbm>
      </extensions>
    </trkpt>
    <trkpt lat="37.564884" lon="126.719262">
      <ele>61.851233</ele>
      <time>2014-11-29T14:04:52Z</time>
      <extensions>
        <dbm>-140</dbm>
      </extensions>
    </trkpt>
    <trkpt lat="37.564972" lon="126.719314">
      <ele>61.696105</ele>
      <time>2014-11-29T14:04:58Z</time>
      <extensions>
        <dbm>-140</dbm>
      </extensions>
    </trkpt>
    <trkpt lat="37.565064" lon="126.719367">
      <ele>61.607260</ele>
      <time>2014-11-29T14:05:04Z</time>
      <extensions>
        <dbm>-140</dbm>
      </extensions>
    </trkpt>
    <trkpt lat="37.565160" lon="126.719435">
      <ele>61.553841</ele>
      <time>2014-11-29T14:05:12Z</time>
      <extensions>
        <dbm>-140</dbm>
      </extensions>
    </trkpt>
    <trkpt lat="37.565256" lon="126.719502">
      <ele>61.304669</ele>
      <time>2014-11-29T14:05:20Z</time>
      <extensions>
        <dbm>-140</dbm>
      </extensions>
    </trkpt>
    <trkpt lat="37.565347" lon="126.719565">
      <ele>60.902639</ele>
      <time>2014-11-29T14:05:27Z</time>
      <extensions>
        <dbm>-140</dbm>
      </extensions>
    </trkpt>
    <trkpt lat="37.565435" lon="126.719628">
      <ele>60.461594</ele>
      <time>2014-11-29T14:05:34Z</time>
      <extensions>
        <dbm>-140</dbm>
      </extensions>
    </trkpt>
    <trkpt lat="37.565518" lon="126.719696">
      <ele>59.724083</ele>
      <time>2014-11-29T14:05:44Z</time>
      <extensions>
        <dbm>-140</dbm>
      </extensions>
    </trkpt>
    <trkpt lat="37.565601" lon="126.719770">
      <ele>59.166749</ele>
      <time>2014-11-29T14:05:53Z</time>
      <extensions>
        <dbm>-140</dbm>
      </extensions>
    </trkpt>
    <trkpt lat="37.565684" lon="126.719832">
      <ele>58.456334</ele>
      <time>2014-11-29T14:06:06Z</time>
      <extensions>
        <dbm>-140</dbm>
      </extensions>
    </trkpt>
    <trkpt lat="37.565773" lon="126.719881">
      <ele>57.697277</ele>
      <time>2014-11-29T14:07:40Z</time>
      <extensions>
        <dbm>-140</dbm>
      </extensions>
    </trkpt>
    <trkpt lat="37.565857" lon="126.719932">
      <ele>56.966515</ele>
      <time>2014-11-29T14:08:30Z</time>
      <extensions>
        <dbm>-140</dbm>
      </extensions>
    </trkpt>
    <trkpt lat="37.565948" lon="126.719984">
      <ele>56.251655</ele>
      <time>2014-11-29T14:08:48Z</time>
      <extensions>
        <dbm>-140</dbm>
      </extensions>
    </trkpt>
    <trkpt lat="37.566032" lon="126.720047">
      <ele>55.532350</ele>
      <time>2014-11-29T14:09:01Z</time>
      <extensions>
        <dbm>-140</dbm>
      </extensions>
    </trkpt>
    <trkpt lat="37.566121" lon="126.720106">
      <ele>55.149188</ele>
      <time>2014-11-29T14:09:12Z</time>
      <extensions>
        <dbm>-140</dbm>
      </extensions>
    </trkpt>
    <trkpt lat="37.566202" lon="126.720171">
      <ele>54.908682</ele>
      <time>2014-11-29T14:09:24Z</time>
      <extensions>
        <dbm>-140</dbm>
      </extensions>
    </trkpt>
    <trkpt lat="37.566288" lon="126.720234">
      <ele>54.659159</ele>
      <time>2014-11-29T14:09:37Z</time>
      <extensions>
        <dbm>-140</dbm>
      </extensions>
    </trkpt>
    <trkpt lat="37.566380" lon="126.720298">
      <ele>54.407232</ele>
      <time>2014-11-29T14:09:47Z</time>
      <extensions>
        <dbm>-140</dbm>
      </extensions>
    </trkpt>
    <trkpt lat="37.566476" lon="126.720354">
      <ele>54.103476</ele>
      <time>2014-11-29T14:09:55Z</time>
      <extensions>
        <dbm>-140</dbm>
      </extensions>
    </trkpt>
    <trkpt lat="37.566570" lon="126.720414">
      <ele>53.870277</ele>
      <time>2014-11-29T14:10:22Z</time>
      <extensions>
        <dbm>-140</dbm>
      </extensions>
    </trkpt>
    <trkpt lat="37.566661" lon="126.720471">
      <ele>53.536643</ele>
      <time>2014-11-29T14:10:33Z</time>
      <extensions>
        <dbm>-140</dbm>
      </extensions>
    </trkpt>
    <trkpt lat="37.566752" lon="126.720527">
      <ele>53.113383</ele>
      <time>2014-11-29T14:10:42Z</time>
      <extensions>
        <dbm>-140</dbm>
      </extensions>
    </trkpt>
    <trkpt lat="37.566841" lon="126.720578">
      <ele>52.646949</ele>
      <time>2014-11-29T14:10:58Z</time>
      <extensions>
        <dbm>-140</dbm>
      </extensions>
    </trkpt>
    <trkpt lat="37.566929" lon="126.720621">
      <ele>52.406424</ele>
      <time>2014-11-29T14:11:13Z</time>
      <extensions>
        <dbm>-140</dbm>
      </extensions>
    </trkpt>
    <trkpt lat="37.567017" lon="126.720662">
      <ele>52.010615</ele>
      <time>2014-11-29T14:11:24Z</time>
      <extensions>
        <dbm>-140</dbm>
      </extensions>
    </trkpt>
    <trkpt lat="37.567110" lon="126.720685">
      <ele>51.603438</ele>
      <time>2014-11-29T14:11:37Z</time>
      <extensions>
        <dbm>-140</dbm>
      </extensions>
    </trkpt>
    <trkpt lat="37.567206" lon="126.720702">
      <ele>51.180168</ele>
      <time>2014-11-29T14:11:48Z</time>
      <extensions>
        <dbm>-140</dbm>
      </extensions>
    </trkpt>
    <trkpt lat="37.567302" lon="126.720718">
      <ele>50.726246</ele>
      <time>2014-11-29T14:11:58Z</time>
      <extensions>
        <dbm>-140</dbm>
      </extensions>
    </trkpt>
    <trkpt lat="37.567400" lon="126.720738">
      <ele>50.297349</ele>
      <time>2014-11-29T14:13:41Z</time>
      <extensions>
        <dbm>-140</dbm>
      </extensions>
    </trkpt>
    <trkpt lat="37.567498" lon="126.720758">
      <ele>49.867424</ele>
      <time>2014-11-29T14:13:50Z</time>
      <extensions>
        <dbm>-140</dbm>
      </extensions>
    </trkpt>
    <trkpt lat="37.567595" lon="126.720777">
      <ele>49.432532</ele>
      <time>2014-11-29T14:13:59Z</time>
      <extensions>
        <dbm>-140</dbm>
      </extensions>
    </trkpt>
    <trkpt lat="37.567687" lon="126.720778">
      <ele>49.149821</ele>
      <time>2014-11-29T14:14:08Z</time>
      <extensions>
        <dbm>-140</dbm>
      </extensions>
    </trkpt>
    <trkpt lat="37.567788" lon="126.720782">
      <ele>48.976708</ele>
      <time>2014-11-29T14:14:35Z</time>
      <extensions>
        <dbm>-140</dbm>
      </extensions>
    </trkpt>
    <trkpt lat="37.567891" lon="126.720784">
      <ele>48.976708</ele>
      <time>2014-11-29T14:14:40Z</time>
      <extensions>
        <dbm>-140</dbm>
      </extensions>
    </trkpt>
    <trkpt lat="37.567999" lon="126.720808">
      <ele>48.976708</ele>
      <time>2014-11-29T14:14:47Z</time>
      <extensions>
        <dbm>-140</dbm>
      </extensions>
    </trkpt>
    <trkpt lat="37.568102" lon="126.720823">
      <ele>48.976708</ele>
      <time>2014-11-29T14:14:55Z</time>
      <extensions>
        <dbm>-140</dbm>
      </extensions>
    </trkpt>
    <trkpt lat="37.568193" lon="126.720874">
      <ele>48.976708</ele>
      <time>2014-11-29T14:15:10Z</time>
      <extensions>
        <dbm>-140</dbm>
      </extensions>
    </trkpt>
    <trkpt lat="37.568287" lon="126.720900">
      <ele>49.063973</ele>
      <time>2014-11-29T14:15:14Z</time>
      <extensions>
        <dbm>-140</dbm>
      </extensions>
    </trkpt>
    <trkpt lat="37.568376" lon="126.720924">
      <ele>49.174080</ele>
      <time>2014-11-29T14:15:31Z</time>
      <extensions>
        <dbm>-140</dbm>
      </extensions>
    </trkpt>
    <trkpt lat="37.568478" lon="126.720903">
      <ele>49.260997</ele>
      <time>2014-11-29T14:15:40Z</time>
      <extensions>
        <dbm>-140</dbm>
      </extensions>
    </trkpt>
    <trkpt lat="37.568572" lon="126.720903">
      <ele>49.339013</ele>
      <time>2014-11-29T14:15:51Z</time>
      <extensions>
        <dbm>-140</dbm>
      </extensions>
    </trkpt>
    <trkpt lat="37.568669" lon="126.720914">
      <ele>49.428219</ele>
      <time>2014-11-29T14:16:00Z</time>
      <extensions>
        <dbm>-140</dbm>
      </extensions>
    </trkpt>
    <trkpt lat="37.568763" lon="126.720934">
      <ele>49.619617</ele>
      <time>2014-11-29T14:16:10Z</time>
      <extensions>
        <dbm>-140</dbm>
      </extensions>
    </trkpt>
    <trkpt lat="37.568857" lon="126.720955">
      <ele>49.818960</ele>
      <time>2014-11-29T14:16:19Z</time>
      <extensions>
        <dbm>-140</dbm>
      </extensions>
    </trkpt>
    <trkpt lat="37.568950" lon="126.720968">
      <ele>50.031200</ele>
      <time>2014-11-29T14:16:29Z</time>
      <extensions>
        <dbm>-140</dbm>
      </extensions>
    </trkpt>
    <trkpt lat="37.569044" lon="126.720980">
      <ele>50.284529</ele>
      <time>2014-11-29T14:16:39Z</time>
      <extensions>
        <dbm>-140</dbm>
      </extensions>
    </trkpt>
    <trkpt lat="37.569139" lon="126.720992">
      <ele>50.465055</ele>
      <time>2014-11-29T14:16:47Z</time>
      <extensions>
        <dbm>-140</dbm>
      </extensions>
    </trkpt>
    <trkpt lat="37.569216" lon="126.721043">
      <ele>50.618177</ele>
      <time>2014-11-29T14:16:57Z</time>
      <extensions>
        <dbm>-140</dbm>
      </extensions>
    </trkpt>
    <trkpt lat="37.569270" lon="126.721127">
      <ele>50.622436</ele>
      <time>2014-11-29T14:17:10Z</time>
      <extensions>
        <dbm>-140</dbm>
      </extensions>
    </trkpt>
    <trkpt lat="37.569293" lon="126.721243">
      <ele>50.622436</ele>
      <time>2014-11-29T14:17:21Z</time>
      <extensions>
        <dbm>-140</dbm>
      </extensions>
    </trkpt>
    <trkpt lat="37.569310" lon="126.721359">
      <ele>50.622436</ele>
      <time>2014-11-29T14:17:32Z</time>
      <extensions>
        <dbm>-140</dbm>
      </extensions>
    </trkpt>
    <trkpt lat="37.569332" lon="126.721474">
      <ele>50.622436</ele>
      <time>2014-11-29T14:17:43Z</time>
      <extensions>
        <dbm>-140</dbm>
      </extensions>
    </trkpt>
    <trkpt lat="37.569367" lon="126.721585">
      <ele>50.556958</ele>
      <time>2014-11-29T14:17:54Z</time>
      <extensions>
        <dbm>-140</dbm>
      </extensions>
    </trkpt>
    <trkpt lat="37.569405" lon="126.721694">
      <ele>50.441701</ele>
      <time>2014-11-29T14:18:02Z</time>
      <extensions>
        <dbm>-140</dbm>
      </extensions>
    </trkpt>
    <trkpt lat="37.569422" lon="126.721804">
      <ele>50.389762</ele>
      <time>2014-11-29T14:18:12Z</time>
      <extensions>
        <dbm>-140</dbm>
      </extensions>
    </trkpt>
    <trkpt lat="37.569420" lon="126.721929">
      <ele>50.218751</ele>
      <time>2014-11-29T14:18:22Z</time>
      <extensions>
        <dbm>-140</dbm>
      </extensions>
    </trkpt>
    <trkpt lat="37.569413" lon="126.722055">
      <ele>49.608690</ele>
      <time>2014-11-29T14:18:31Z</time>
      <extensions>
        <dbm>-140</dbm>
      </extensions>
    </trkpt>
    <trkpt lat="37.569414" lon="126.722186">
      <ele>49.099595</ele>
      <time>2014-11-29T14:18:40Z</time>
      <extensions>
        <dbm>-140</dbm>
      </extensions>
    </trkpt>
    <trkpt lat="37.569425" lon="126.722308">
      <ele>48.539920</ele>
      <time>2014-11-29T14:18:53Z</time>
      <extensions>
        <dbm>-140</dbm>
      </extensions>
    </trkpt>
    <trkpt lat="37.569454" lon="126.722431">
      <ele>47.941738</ele>
      <time>2014-11-29T14:19:02Z</time>
      <extensions>
        <dbm>-140</dbm>
      </extensions>
    </trkpt>
    <trkpt lat="37.569506" lon="126.722545">
      <ele>47.271455</ele>
      <time>2014-11-29T14:19:12Z</time>
      <extensions>
        <dbm>-140</dbm>
      </extensions>
    </trkpt>
    <trkpt lat="37.569555" lon="126.722660">
      <ele>46.583563</ele>
      <time>2014-11-29T14:19:20Z</time>
      <extensions>
        <dbm>-140</dbm>
      </extensions>
    </trkpt>
    <trkpt lat="37.569585" lon="126.722776">
      <ele>45.890619</ele>
      <time>2014-11-29T14:19:49Z</time>
      <extensions>
        <dbm>-140</dbm>
      </extensions>
    </trkpt>
    <trkpt lat="37.569589" lon="126.722894">
      <ele>45.168141</ele>
      <time>2014-11-29T14:19:59Z</time>
      <extensions>
        <dbm>-140</dbm>
      </extensions>
    </trkpt>
    <trkpt lat="37.569576" lon="126.723016">
      <ele>44.477203</ele>
      <time>2014-11-29T14:20:08Z</time>
      <extensions>
        <dbm>-140</dbm>
      </extensions>
    </trkpt>
    <trkpt lat="37.569552" lon="126.723138">
      <ele>43.849822</ele>
      <time>2014-11-29T14:20:18Z</time>
      <extensions>
        <dbm>-140</dbm>
      </extensions>
    </trkpt>
    <trkpt lat="37.569525" lon="126.723266">
      <ele>43.316565</ele>
      <time>2014-11-29T14:20:28Z</time>
      <extensions>
        <dbm>-140</dbm>
      </extensions>
    </trkpt>
    <trkpt lat="37.569531" lon="126.723381">
      <ele>42.722938</ele>
      <time>2014-11-29T14:20:39Z</time>
      <extensions>
        <dbm>-140</dbm>
      </extensions>
    </trkpt>
    <trkpt lat="37.569577" lon="126.723471">
      <ele>42.139207</ele>
      <time>2014-11-29T14:20:47Z</time>
      <extensions>
        <dbm>-140</dbm>
      </extensions>
    </trkpt>
    <trkpt lat="37.569657" lon="126.723541">
      <ele>41.510998</ele>
      <time>2014-11-29T14:20:54Z</time>
      <extensions>
        <dbm>-140</dbm>
      </extensions>
    </trkpt>
    <trkpt lat="37.569751" lon="126.723593">
      <ele>40.844596</ele>
      <time>2014-11-29T14:21:03Z</time>
      <extensions>
        <dbm>-140</dbm>
      </extensions>
    </trkpt>
    <trkpt lat="37.569844" lon="126.723637">
      <ele>40.231539</ele>
      <time>2014-11-29T14:21:13Z</time>
      <extensions>
        <dbm>-140</dbm>
      </extensions>
    </trkpt>
    <trkpt lat="37.569940" lon="126.723657">
      <ele>39.729494</ele>
      <time>2014-11-29T14:21:22Z</time>
      <extensions>
        <dbm>-140</dbm>
      </extensions>
    </trkpt>
    <trkpt lat="37.570035" lon="126.723680">
      <ele>39.269281</ele>
      <time>2014-11-29T14:21:30Z</time>
      <extensions>
        <dbm>-140</dbm>
      </extensions>
    </trkpt>
    <trkpt lat="37.570133" lon="126.723706">
      <ele>38.884700</ele>
      <time>2014-11-29T14:21:41Z</time>
      <extensions>
        <dbm>-140</dbm>
      </extensions>
    </trkpt>
    <trkpt lat="37.570233" lon="126.723735">
      <ele>38.593719</ele>
      <time>2014-11-29T14:21:51Z</time>
      <extensions>
        <dbm>-140</dbm>
      </extensions>
    </trkpt>
    <trkpt lat="37.570317" lon="126.723786">
      <ele>38.351447</ele>
      <time>2014-11-29T14:22:00Z</time>
      <extensions>
        <dbm>-140</dbm>
      </extensions>
    </trkpt>
    <trkpt lat="37.570372" lon="126.723862">
      <ele>38.120537</ele>
      <time>2014-11-29T14:22:10Z</time>
      <extensions>
        <dbm>-140</dbm>
      </extensions>
    </trkpt>
    <trkpt lat="37.570417" lon="126.723960">
      <ele>38.057258</ele>
      <time>2014-11-29T14:22:19Z</time>
      <extensions>
        <dbm>-140</dbm>
      </extensions>
    </trkpt>
    <trkpt lat="37.570469" lon="126.724064">
      <ele>37.973078</ele>
      <time>2014-11-29T14:22:30Z</time>
      <extensions>
        <dbm>-140</dbm>
      </extensions>
    </trkpt>
    <trkpt lat="37.570538" lon="126.724164">
      <ele>37.879785</ele>
      <time>2014-11-29T14:22:38Z</time>
      <extensions>
        <dbm>-140</dbm>
      </extensions>
    </trkpt>
    <trkpt lat="37.570609" lon="126.724263">
      <ele>37.875911</ele>
      <time>2014-11-29T14:22:47Z</time>
      <extensions>
        <dbm>-140</dbm>
      </extensions>
    </trkpt>
    <trkpt lat="37.570674" lon="126.724360">
      <ele>37.875911</ele>
      <time>2014-11-29T14:23:00Z</time>
      <extensions>
        <dbm>-140</dbm>
      </extensions>
    </trkpt>
    <trkpt lat="37.570735" lon="126.724456">
      <ele>37.933555</ele>
      <time>2014-11-29T14:23:08Z</time>
      <extensions>
        <dbm>-140</dbm>
      </extensions>
    </trkpt>
    <trkpt lat="37.570782" lon="126.724558">
      <ele>38.107280</ele>
      <time>2014-11-29T14:23:15Z</time>
      <extensions>
        <dbm>-140</dbm>
      </extensions>
    </trkpt>
    <trkpt lat="37.570819" lon="126.724667">
      <ele>38.362872</ele>
      <time>2014-11-29T14:23:27Z</time>
      <extensions>
        <dbm>-140</dbm>
      </extensions>
    </trkpt>
    <trkpt lat="37.570847" lon="126.724793">
      <ele>38.742136</ele>
      <time>2014-11-29T14:23:38Z</time>
      <extensions>
        <dbm>-140</dbm>
      </extensions>
    </trkpt>
    <trkpt lat="37.570862" lon="126.724927">
      <ele>38.933598</ele>
      <time>2014-11-29T14:23:48Z</time>
      <extensions>
        <dbm>-140</dbm>
      </extensions>
    </trkpt>
    <trkpt lat="37.570871" lon="126.725066">
      <ele>39.033623</ele>
      <time>2014-11-29T14:23:57Z</time>
      <extensions>
        <dbm>-140</dbm>
      </extensions>
    </trkpt>
    <trkpt lat="37.570906" lon="126.725160">
      <ele>39.033623</ele>
      <time>2014-11-29T14:24:05Z</time>
      <extensions>
        <dbm>-140</dbm>
      </extensions>
    </trkpt>
    <trkpt lat="37.570970" lon="126.725194">
      <ele>39.033623</ele>
      <time>2014-11-29T14:24:18Z</time>
      <extensions>
        <dbm>-140</dbm>
      </extensions>
    </trkpt>
    <trkpt lat="37.571063" lon="126.725168">
      <ele>39.033623</ele>
      <time>2014-11-29T14:24:28Z</time>
      <extensions>
        <dbm>-140</dbm>
      </extensions>
    </trkpt>
    <trkpt lat="37.571155" lon="126.725149">
      <ele>39.033623</ele>
      <time>2014-11-29T14:24:39Z</time>
      <extensions>
        <dbm>-140</dbm>
      </extensions>
    </trkpt>
    <trkpt lat="37.571213" lon="126.725188">
      <ele>38.983134</ele>
      <time>2014-11-29T14:24:49Z</time>
      <extensions>
        <dbm>-140</dbm>
      </extensions>
    </trkpt>
    <trkpt lat="37.571243" lon="126.725279">
      <ele>38.835199</ele>
      <time>2014-11-29T14:24:59Z</time>
      <extensions>
        <dbm>-140</dbm>
      </extensions>
    </trkpt>
    <trkpt lat="37.571238" lon="126.725398">
      <ele>38.601927</ele>
      <time>2014-11-29T14:25:07Z</time>
      <extensions>
        <dbm>-140</dbm>
      </extensions>
    </trkpt>
    <trkpt lat="37.571237" lon="126.725516">
      <ele>38.321965</ele>
      <time>2014-11-29T14:25:17Z</time>
      <extensions>
        <dbm>-140</dbm>
      </extensions>
    </trkpt>
    <trkpt lat="37.571237" lon="126.725638">
      <ele>38.042669</ele>
      <time>2014-11-29T14:25:27Z</time>
      <extensions>
        <dbm>-140</dbm>
      </extensions>
    </trkpt>
    <trkpt lat="37.571241" lon="126.725764">
      <ele>37.761840</ele>
      <time>2014-11-29T14:25:35Z</time>
      <extensions>
        <dbm>-140</dbm>
      </extensions>
    </trkpt>
    <trkpt lat="37.571246" lon="126.725898">
      <ele>37.489409</ele>
      <time>2014-11-29T14:25:43Z</time>
      <extensions>
        <dbm>-140</dbm>
      </extensions>
    </trkpt>
    <trkpt lat="37.571252" lon="126.726026">
      <ele>37.121968</ele>
      <time>2014-11-29T14:25:52Z</time>
      <extensions>
        <dbm>-140</dbm>
      </extensions>
    </trkpt>
    <trkpt lat="37.571252" lon="126.726151">
      <ele>36.599796</ele>
      <time>2014-11-29T14:26:07Z</time>
      <extensions>
        <dbm>-140</dbm>
      </extensions>
    </trkpt>
    <trkpt lat="37.571253" lon="126.726269">
      <ele>35.967493</ele>
      <time>2014-11-29T14:29:27Z</time>
      <extensions>
        <dbm>-140</dbm>
      </extensions>
    </trkpt>
    <trkpt lat="37.571251" lon="126.726395">
      <ele>35.307130</ele>
      <time>2014-11-29T14:29:35Z</time>
      <extensions>
        <dbm>-140</dbm>
      </extensions>
    </trkpt>
    <trkpt lat="37.571257" lon="126.726523">
      <ele>34.388664</ele>
      <time>2014-11-29T14:29:45Z</time>
      <extensions>
        <dbm>-140</dbm>
      </extensions>
    </trkpt>
    <trkpt lat="37.571269" lon="126.726649">
      <ele>34.168378</ele>
      <time>2014-11-29T14:29:53Z</time>
      <extensions>
        <dbm>-140</dbm>
      </extensions>
    </trkpt>
    <trkpt lat="37.571286" lon="126.726769">
      <ele>33.588958</ele>
      <time>2014-11-29T14:30:04Z</time>
      <extensions>
        <dbm>-140</dbm>
      </extensions>
    </trkpt>
    <trkpt lat="37.571301" lon="126.726890">
      <ele>32.988108</ele>
      <time>2014-11-29T14:30:13Z</time>
      <extensions>
        <dbm>-140</dbm>
      </extensions>
    </trkpt>
    <trkpt lat="37.571312" lon="126.727021">
      <ele>32.343209</ele>
      <time>2014-11-29T14:30:23Z</time>
      <extensions>
        <dbm>-140</dbm>
      </extensions>
    </trkpt>
    <trkpt lat="37.571314" lon="126.727157">
      <ele>31.468546</ele>
      <time>2014-11-29T14:30:33Z</time>
      <extensions>
        <dbm>-140</dbm>
      </extensions>
    </trkpt>
    <trkpt lat="37.571316" lon="126.727294">
      <ele>30.971720</ele>
      <time>2014-11-29T14:30:44Z</time>
      <extensions>
        <dbm>-140</dbm>
      </extensions>
    </trkpt>
    <trkpt lat="37.571315" lon="126.727422">
      <ele>30.570584</ele>
      <time>2014-11-29T14:30:55Z</time>
      <extensions>
        <dbm>-140</dbm>
      </extensions>
    </trkpt>
    <trkpt lat="37.571319" lon="126.727544">
      <ele>30.010297</ele>
      <time>2014-11-29T14:31:01Z</time>
      <extensions>
        <dbm>-140</dbm>
      </extensions>
    </trkpt>
    <trkpt lat="37.571324" lon="126.727666">
      <ele>29.758645</ele>
      <time>2014-11-29T14:31:09Z</time>
      <extensions>
        <dbm>-140</dbm>
      </extensions>
    </trkpt>
    <trkpt lat="37.571334" lon="126.727795">
      <ele>29.567594</ele>
      <time>2014-11-29T14:31:20Z</time>
      <extensions>
        <dbm>-140</dbm>
      </extensions>
    </trkpt>
    <trkpt lat="37.571344" lon="126.727930">
      <ele>29.430643</ele>
      <time>2014-11-29T14:31:31Z</time>
      <extensions>
        <dbm>-140</dbm>
      </extensions>
    </trkpt>
    <trkpt lat="37.571358" lon="126.728061">
      <ele>29.351978</ele>
      <time>2014-11-29T14:31:38Z</time>
      <extensions>
        <dbm>-140</dbm>
      </extensions>
    </trkpt>
    <trkpt lat="37.571367" lon="126.728186">
      <ele>29.351978</ele>
      <time>2014-11-29T14:31:48Z</time>
      <extensions>
        <dbm>-140</dbm>
      </extensions>
    </trkpt>
    <trkpt lat="37.571374" lon="126.728308">
      <ele>29.351978</ele>
      <time>2014-11-29T14:31:58Z</time>
      <extensions>
        <dbm>-140</dbm>
      </extensions>
    </trkpt>
    <trkpt lat="37.571375" lon="126.728427">
      <ele>29.351978</ele>
      <time>2014-11-29T14:32:05Z</time>
      <extensions>
        <dbm>-140</dbm>
      </extensions>
    </trkpt>
    <trkpt lat="37.571381" lon="126.728548">
      <ele>29.351978</ele>
      <time>2014-11-29T14:32:15Z</time>
      <extensions>
        <dbm>-140</dbm>
      </extensions>
    </trkpt>
    <trkpt lat="37.571382" lon="126.728669">
      <ele>29.383847</ele>
      <time>2014-11-29T14:32:24Z</time>
      <extensions>
        <dbm>-140</dbm>
      </extensions>
    </trkpt>
    <trkpt lat="37.571390" lon="126.728798">
      <ele>29.524919</ele>
      <time>2014-11-29T14:32:33Z</time>
      <extensions>
        <dbm>-140</dbm>
      </extensions>
    </trkpt>
    <trkpt lat="37.571400" lon="126.728921">
      <ele>29.759149</ele>
      <time>2014-11-29T14:32:48Z</time>
      <extensions>
        <dbm>-140</dbm>
      </extensions>
    </trkpt>
    <trkpt lat="37.571409" lon="126.729045">
      <ele>30.013668</ele>
      <time>2014-11-29T14:32:56Z</time>
      <extensions>
        <dbm>-140</dbm>
      </extensions>
    </trkpt>
    <trkpt lat="37.571411" lon="126.729163">
      <ele>30.258440</ele>
      <time>2014-11-29T14:33:06Z</time>
      <extensions>
        <dbm>-140</dbm>
      </extensions>
    </trkpt>
    <trkpt lat="37.571411" lon="126.729282">
      <ele>30.515250</ele>
      <time>2014-11-29T14:33:14Z</time>
      <extensions>
        <dbm>-140</dbm>
      </extensions>
    </trkpt>
    <trkpt lat="37.571420" lon="126.729399">
      <ele>30.625293</ele>
      <time>2014-11-29T14:33:21Z</time>
      <extensions>
        <dbm>-140</dbm>
      </extensions>
    </trkpt>
    <trkpt lat="37.571435" lon="126.729518">
      <ele>30.848423</ele>
      <time>2014-11-29T14:33:29Z</time>
      <extensions>
        <dbm>-140</dbm>
      </extensions>
    </trkpt>
    <trkpt lat="37.571447" lon="126.729635">
      <ele>31.073466</ele>
      <time>2014-11-29T14:33:43Z</time>
      <extensions>
        <dbm>-140</dbm>
      </extensions>
    </trkpt>
    <trkpt lat="37.571451" lon="126.729756">
      <ele>31.293194</ele>
      <time>2014-11-29T14:33:51Z</time>
      <extensions>
        <dbm>-140</dbm>
      </extensions>
    </trkpt>
    <trkpt lat="37.571430" lon="126.729874">
      <ele>31.511978</ele>
      <time>2014-11-29T14:34:02Z</time>
      <extensions>
        <dbm>-140</dbm>
      </extensions>
    </trkpt>
    <trkpt lat="37.571383" lon="126.729979">
      <ele>31.640375</ele>
      <time>2014-11-29T14:34:10Z</time>
      <extensions>
        <dbm>-140</dbm>
      </extensions>
    </trkpt>
    <trkpt lat="37.571321" lon="126.730074">
      <ele>31.672517</ele>
      <time>2014-11-29T14:34:24Z</time>
      <extensions>
        <dbm>-140</dbm>
      </extensions>
    </trkpt>
    <trkpt lat="37.571264" lon="126.730168">
      <ele>31.672517</ele>
      <time>2014-11-29T14:34:41Z</time>
      <extensions>
        <dbm>-140</dbm>
      </extensions>
    </trkpt>
    <trkpt lat="37.571229" lon="126.730276">
      <ele>31.672517</ele>
      <time>2014-11-29T14:34:55Z</time>
      <extensions>
        <dbm>-140</dbm>
      </extensions>
    </trkpt>
    <trkpt lat="37.571201" lon="126.730387">
      <ele>31.687684</ele>
      <time>2014-11-29T14:35:02Z</time>
      <extensions>
        <dbm>-140</dbm>
      </extensions>
    </trkpt>
    <trkpt lat="37.571185" lon="126.730502">
      <ele>31.719670</ele>
      <time>2014-11-29T14:35:09Z</time>
      <extensions>
        <dbm>-140</dbm>
      </extensions>
    </trkpt>
    <trkpt lat="37.571154" lon="126.730612">
      <ele>31.805731</ele>
      <time>2014-11-29T14:35:17Z</time>
      <extensions>
        <dbm>-140</dbm>
      </extensions>
    </trkpt>
    <trkpt lat="37.571135" lon="126.730728">
      <ele>31.866744</ele>
      <time>2014-11-29T14:35:39Z</time>
      <extensions>
        <dbm>-140</dbm>
      </extensions>
    </trkpt>
    <trkpt lat="37.571135" lon="126.730839">
      <ele>31.936612</ele>
      <time>2014-11-29T14:35:52Z</time>
      <extensions>
        <dbm>-140</dbm>
      </extensions>
    </trkpt>
    <trkpt lat="37.571169" lon="126.730953">
      <ele>31.974987</ele>
      <time>2014-11-29T14:36:00Z</time>
      <extensions>
        <dbm>-140</dbm>
      </extensions>
    </trkpt>
    <trkpt lat="37.571212" lon="126.731071">
      <ele>32.064971</ele>
      <time>2014-11-29T14:36:08Z</time>
      <extensions>
        <dbm>-140</dbm>
      </extensions>
    </trkpt>
    <trkpt lat="37.571247" lon="126.731196">
      <ele>32.241491</ele>
      <time>2014-11-29T14:36:17Z</time>
      <extensions>
        <dbm>-140</dbm>
      </extensions>
    </trkpt>
    <trkpt lat="37.571270" lon="126.731330">
      <ele>32.541866</ele>
      <time>2014-11-29T14:36:26Z</time>
      <extensions>
        <dbm>-140</dbm>
      </extensions>
    </trkpt>
    <trkpt lat="37.571281" lon="126.731458">
      <ele>32.889576</ele>
      <time>2014-11-29T14:36:37Z</time>
      <extensions>
        <dbm>-140</dbm>
      </extensions>
    </trkpt>
    <trkpt lat="37.571286" lon="126.731585">
      <ele>33.234901</ele>
      <time>2014-11-29T14:36:46Z</time>
      <extensions>
        <dbm>-140</dbm>
      </extensions>
    </trkpt>
    <trkpt lat="37.571297" lon="126.731710">
      <ele>33.574112</ele>
      <time>2014-11-29T14:36:58Z</time>
      <extensions>
        <dbm>-140</dbm>
      </extensions>
    </trkpt>
    <trkpt lat="37.571306" lon="126.731837">
      <ele>33.900510</ele>
      <time>2014-11-29T14:37:06Z</time>
      <extensions>
        <dbm>-140</dbm>
      </extensions>
    </trkpt>
    <trkpt lat="37.571309" lon="126.731967">
      <ele>34.301175</ele>
      <time>2014-11-29T14:37:16Z</time>
      <extensions>
        <dbm>-140</dbm>
      </extensions>
    </trkpt>
    <trkpt lat="37.571310" lon="126.732096">
      <ele>34.795843</ele>
      <time>2014-11-29T14:37:26Z</time>
      <extensions>
        <dbm>-140</dbm>
      </extensions>
    </trkpt>
    <trkpt lat="37.571313" lon="126.732223">
      <ele>35.333332</ele>
      <time>2014-11-29T14:37:34Z</time>
      <extensions>
        <dbm>-140</dbm>
      </extensions>
    </trkpt>
    <trkpt lat="37.571317" lon="126.732347">
      <ele>35.854472</ele>
      <time>2014-11-29T14:37:42Z</time>
      <extensions>
        <dbm>-140</dbm>
      </extensions>
    </trkpt>
    <trkpt lat="37.571314" lon="126.732468">
      <ele>36.306724</ele>
      <time>2014-11-29T14:37:50Z</time>
      <extensions>
        <dbm>-140</dbm>
      </extensions>
    </trkpt>
    <trkpt lat="37.571306" lon="126.732586">
      <ele>36.680931</ele>
      <time>2014-11-29T14:38:00Z</time>
      <extensions>
        <dbm>-140</dbm>
      </extensions>
    </trkpt>
    <trkpt lat="37.571300" lon="126.732704">
      <ele>36.906724</ele>
      <time>2014-11-29T14:38:15Z</time>
      <extensions>
        <dbm>-140</dbm>
      </extensions>
    </trkpt>
    <trkpt lat="37.571297" lon="126.732825">
      <ele>36.969330</ele>
      <time>2014-11-29T14:38:26Z</time>
      <extensions>
        <dbm>-140</dbm>
      </extensions>
    </trkpt>
    <trkpt lat="37.571297" lon="126.732948">
      <ele>36.969330</ele>
      <time>2014-11-29T14:38:35Z</time>
      <extensions>
        <dbm>-140</dbm>
      </extensions>
    </trkpt>
    <trkpt lat="37.571299" lon="126.733069">
      <ele>36.969330</ele>
      <time>2014-11-29T14:38:42Z</time>
      <extensions>
        <dbm>-140</dbm>
      </extensions>
    </trkpt>
    <trkpt lat="37.571305" lon="126.733186">
      <ele>36.969330</ele>
      <time>2014-11-29T14:38:51Z</time>
      <extensions>
        <dbm>-140</dbm>
      </extensions>
    </trkpt>
    <trkpt lat="37.571314" lon="126.733306">
      <ele>36.969330</ele>
      <time>2014-11-29T14:39:00Z</time>
      <extensions>
        <dbm>-140</dbm>
      </extensions>
    </trkpt>
    <trkpt lat="37.571320" lon="126.733426">
      <ele>36.913034</ele>
      <time>2014-11-29T14:39:08Z</time>
      <extensions>
        <dbm>-140</dbm>
      </extensions>
    </trkpt>
    <trkpt lat="37.571318" lon="126.733548">
      <ele>36.767615</ele>
      <time>2014-11-29T14:39:15Z</time>
      <extensions>
        <dbm>-140</dbm>
      </extensions>
    </trkpt>
    <trkpt lat="37.571315" lon="126.733668">
      <ele>36.580119</ele>
      <time>2014-11-29T14:39:24Z</time>
      <extensions>
        <dbm>-140</dbm>
      </extensions>
    </trkpt>
    <trkpt lat="37.571310" lon="126.733786">
      <ele>36.307424</ele>
      <time>2014-11-29T14:39:32Z</time>
      <extensions>
        <dbm>-140</dbm>
      </extensions>
    </trkpt>
    <trkpt lat="37.571310" lon="126.733907">
      <ele>35.919094</ele>
      <time>2014-11-29T14:39:42Z</time>
      <extensions>
        <dbm>-140</dbm>
      </extensions>
    </trkpt>
    <trkpt lat="37.571312" lon="126.734025">
      <ele>35.569084</ele>
      <time>2014-11-29T14:39:50Z</time>
      <extensions>
        <dbm>-140</dbm>
      </extensions>
    </trkpt>
    <trkpt lat="37.571314" lon="126.734145">
      <ele>35.227997</ele>
      <time>2014-11-29T14:40:00Z</time>
      <extensions>
        <dbm>-140</dbm>
      </extensions>
    </trkpt>
    <trkpt lat="37.571315" lon="126.734264">
      <ele>34.881693</ele>
      <time>2014-11-29T14:40:06Z</time>
      <extensions>
        <dbm>-140</dbm>
      </extensions>
    </trkpt>
    <trkpt lat="37.571314" lon="126.734385">
      <ele>34.525428</ele>
      <time>2014-11-29T14:40:14Z</time>
      <extensions>
        <dbm>-140</dbm>
      </extensions>
    </trkpt>
    <trkpt lat="37.571316" lon="126.734512">
      <ele>34.165888</ele>
      <time>2014-11-29T14:40:23Z</time>
      <extensions>
        <dbm>-140</dbm>
      </extensions>
    </trkpt>
    <trkpt lat="37.571299" lon="126.734630">
      <ele>33.927693</ele>
      <time>2014-11-29T14:40:31Z</time>
      <extensions>
        <dbm>-140</dbm>
      </extensions>
    </trkpt>
    <trkpt lat="37.571260" lon="126.734733">
      <ele>33.869181</ele>
      <time>2014-11-29T14:40:38Z</time>
      <extensions>
        <dbm>-140</dbm>
      </extensions>
    </trkpt>
    <trkpt lat="37.571198" lon="126.734819">
      <ele>33.869181</ele>
      <time>2014-11-29T14:40:47Z</time>
      <extensions>
        <dbm>-140</dbm>
      </extensions>
    </trkpt>
    <trkpt lat="37.571132" lon="126.734902">
      <ele>33.869181</ele>
      <time>2014-11-29T14:40:58Z</time>
      <extensions>
        <dbm>-140</dbm>
      </extensions>
    </trkpt>
    <trkpt lat="37.571068" lon="126.734992">
      <ele>33.869181</ele>
      <time>2014-11-29T14:41:11Z</time>
      <extensions>
        <dbm>-140</dbm>
      </extensions>
    </trkpt>
    <trkpt lat="37.571005" lon="126.735083">
      <ele>33.869181</ele>
      <time>2014-11-29T14:41:21Z</time>
      <extensions>
        <dbm>-140</dbm>
      </extensions>
    </trkpt>
    <trkpt lat="37.570948" lon="126.735184">
      <ele>33.839849</ele>
      <time>2014-11-29T14:41:30Z</time>
      <extensions>
        <dbm>-140</dbm>
      </extensions>
    </trkpt>
    <trkpt lat="37.570927" lon="126.735289">
      <ele>33.781623</ele>
      <time>2014-11-29T14:41:40Z</time>
      <extensions>
        <dbm>-140</dbm>
      </extensions>
    </trkpt>
    <trkpt lat="37.570927" lon="126.735404">
      <ele>33.694173</ele>
      <time>2014-11-29T14:42:05Z</time>
      <extensions>
        <dbm>-140</dbm>
      </extensions>
    </trkpt>
    <trkpt lat="37.570925" lon="126.735519">
      <ele>33.615418</ele>
      <time>2014-11-29T14:42:18Z</time>
      <extensions>
        <dbm>-140</dbm>
      </extensions>
    </trkpt>
    <trkpt lat="37.570904" lon="126.735635">
      <ele>33.573669</ele>
      <time>2014-11-29T14:42:29Z</time>
      <extensions>
        <dbm>-140</dbm>
      </extensions>
    </trkpt>
    <trkpt lat="37.570901" lon="126.735746">
      <ele>33.540933</ele>
      <time>2014-11-29T14:42:37Z</time>
      <extensions>
        <dbm>-140</dbm>
      </extensions>
    </trkpt>
    <trkpt lat="37.570921" lon="126.735859">
      <ele>33.495700</ele>
      <time>2014-11-29T14:42:43Z</time>
      <extensions>
        <dbm>-140</dbm>
      </extensions>
    </trkpt>
    <trkpt lat="37.570950" lon="126.735979">
      <ele>33.415973</ele>
      <time>2014-11-29T14:42:52Z</time>
      <extensions>
        <dbm>-140</dbm>
      </extensions>
    </trkpt>
    <trkpt lat="37.570981" lon="126.736094">
      <ele>33.287733</ele>
      <time>2014-11-29T14:43:02Z</time>
      <extensions>
        <dbm>-140</dbm>
      </extensions>
    </trkpt>
    </trkseg>
  </trk>
  
  <extensions>

   <badge tag="candidates" msg="nearby L(37.55672, 126.70509)" gpsTime="2014-11-29T12:31:54Z" >
      <item id="130121" dist="149.32231"/>
   </badge>
   <badge tag="candidates" msg="nearby L(37.55678, 126.70561)" gpsTime="2014-11-29T12:34:07Z" >
      <item id="130121" dist="104.464806"/>
   </badge>
   <badge tag="candidates" msg="nearby L(37.55695, 126.70588)" gpsTime="2014-11-29T12:38:08Z" >
      <item id="130121" dist="75.42667"/>
   </badge>
   <badge tag="registration (offline)" msg="code -1" badgeId="130121" badgeUser="B0DCC1729139B33918FA37C656898CD1" badgeTime="2014-11-29T12:38:09Z" />
     <badge tag="registration (online)" msg="code 0" badgeId="130121" badgeUser="B0DCC1729139B33918FA37C656898CD1" badgeTime="2014-11-29T12:38:09Z" />

  </extensions>

</gpx>
