<?xml version='1.0' encoding='UTF-8' standalone='yes' ?>
<gpx version="1.1" creator="com.ngt.android.nadeuli" xsi:schemaLocation="http://www.topografix.com/GPX/1/1 http://www.topografix.com/gpx/1/1/gpx.xsd" xmlns="http://www.topografix.com/GPX/1/1" xmlns:xsi="http://www.w3.org/2001/XMLSchema-instance" xmlns:gpx10="http://www.topografix.com/GPX/1/0">
<metadata><time>2018-04-03T01:02:36Z</time></metadata>
<trk><name>Track 2018-04-03 계양산</name>
<trkseg>
<trkpt lat="37.5432103" lon="126.7271556"><ele>115.14994</ele><time>2018-04-03T01:02:42Z</time>
<extensions>
<gpx10:speed>0.9340981</gpx10:speed></extensions></trkpt>
<trkpt lat="37.5432201" lon="126.7272727"><ele>95.55728</ele><time>2018-04-03T01:02:47Z</time>
<extensions>
<gpx10:speed>0.41084427</gpx10:speed></extensions></trkpt>
<trkpt lat="37.5432175" lon="126.7273959"><ele>83.34437</ele><time>2018-04-03T01:02:54Z</time>
<extensions>
<gpx10:speed>0.18434186</gpx10:speed></extensions></trkpt>
<trkpt lat="37.5432708" lon="126.7275201"><ele>73.780396</ele><time>2018-04-03T01:02:57Z</time>
<extensions /></trkpt>
<trkpt lat="37.5433589" lon="126.7276181"><ele>70.87112</ele><time>2018-04-03T01:03:02Z</time>
<extensions /></trkpt>
<trkpt lat="37.5434361" lon="126.7277449"><ele>63.93737</ele><time>2018-04-03T01:03:09Z</time>
<extensions /></trkpt>
<trkpt lat="37.5434069" lon="126.727905"><ele>59.965015</ele><time>2018-04-03T01:03:16Z</time>
<extensions /></trkpt>
<trkpt lat="37.543416" lon="126.7280226"><ele>54.3725</ele><time>2018-04-03T01:03:26Z</time>
<extensions>
<gpx10:speed>0.48289666</gpx10:speed></extensions></trkpt>
<trkpt lat="37.543431" lon="126.7281498"><ele>53.975468</ele><time>2018-04-03T01:03:35Z</time>
<extensions>
<gpx10:speed>0.7447793</gpx10:speed></extensions></trkpt>
<trkpt lat="37.5434587" lon="126.7282669"><ele>53.411247</ele><time>2018-04-03T01:03:42Z</time>
<extensions>
<gpx10:speed>0.6641246</gpx10:speed></extensions></trkpt>
<trkpt lat="37.5435263" lon="126.7283528"><ele>53.21648</ele><time>2018-04-03T01:03:49Z</time>
<extensions>
<gpx10:speed>0.6280331</gpx10:speed></extensions></trkpt>
<trkpt lat="37.5436083" lon="126.7284202"><ele>52.964645</ele><time>2018-04-03T01:04:02Z</time>
<extensions>
<gpx10:speed>1.0214435</gpx10:speed></extensions></trkpt>
<trkpt lat="37.5437081" lon="126.7284261"><ele>52.521442</ele><time>2018-04-03T01:04:11Z</time>
<extensions>
<gpx10:speed>1.0868213</gpx10:speed></extensions></trkpt>
<trkpt lat="37.5438003" lon="126.728435"><ele>51.510555</ele><time>2018-04-03T01:04:21Z</time>
<extensions>
<gpx10:speed>0.69502515</gpx10:speed></extensions></trkpt>
<trkpt lat="37.5439277" lon="126.7285491"><ele>50.683826</ele><time>2018-04-03T01:04:28Z</time>
<extensions>
<gpx10:speed>0.38164777</gpx10:speed></extensions></trkpt>
<trkpt lat="37.5438943" lon="126.7286569"><ele>52.0483</ele><time>2018-04-03T01:04:36Z</time>
<extensions>
<gpx10:speed>0.24328479</gpx10:speed></extensions></trkpt>
<trkpt lat="37.5439659" lon="126.7287619"><ele>55.082207</ele><time>2018-04-03T01:04:40Z</time>
<extensions>
<gpx10:speed>0.40928507</gpx10:speed></extensions></trkpt>
<trkpt lat="37.5440171" lon="126.7286406"><ele>62.27414</ele><time>2018-04-03T01:04:50Z</time>
<extensions>
<gpx10:speed>0.60876745</gpx10:speed></extensions></trkpt>
<trkpt lat="37.5440979" lon="126.7285818"><ele>63.301186</ele><time>2018-04-03T01:04:59Z</time>
<extensions>
<gpx10:speed>0.5400994</gpx10:speed></extensions></trkpt>
<trkpt lat="37.5441952" lon="126.7285491"><ele>63.00775</ele><time>2018-04-03T01:05:04Z</time>
<extensions>
<gpx10:speed>0.6079866</gpx10:speed></extensions></trkpt>
<trkpt lat="37.5442886" lon="126.7285348"><ele>61.806187</ele><time>2018-04-03T01:05:11Z</time>
<extensions>
<gpx10:speed>0.59765226</gpx10:speed></extensions></trkpt>
<trkpt lat="37.5443859" lon="126.728548"><ele>60.480507</ele><time>2018-04-03T01:05:18Z</time>
<extensions>
<gpx10:speed>0.90167177</gpx10:speed></extensions></trkpt>
<trkpt lat="37.5444755" lon="126.7285646"><ele>59.050114</ele><time>2018-04-03T01:05:27Z</time>
<extensions>
<gpx10:speed>0.56425196</gpx10:speed></extensions></trkpt>
<trkpt lat="37.5445782" lon="126.7285628"><ele>58.18571</ele><time>2018-04-03T01:05:34Z</time>
<extensions>
<gpx10:speed>0.5663082</gpx10:speed></extensions></trkpt>
<trkpt lat="37.5446708" lon="126.7285533"><ele>57.509514</ele><time>2018-04-03T01:05:42Z</time>
<extensions>
<gpx10:speed>0.48487583</gpx10:speed></extensions></trkpt>
<trkpt lat="37.5447704" lon="126.7285511"><ele>56.854862</ele><time>2018-04-03T01:05:51Z</time>
<extensions>
<gpx10:speed>0.36506626</gpx10:speed></extensions></trkpt>
<trkpt lat="37.5448621" lon="126.7285815"><ele>55.94914</ele><time>2018-04-03T01:06:01Z</time>
<extensions>
<gpx10:speed>1.0224489</gpx10:speed></extensions></trkpt>
<trkpt lat="37.5449575" lon="126.7285666"><ele>55.35873</ele><time>2018-04-03T01:06:10Z</time>
<extensions>
<gpx10:speed>0.6125279</gpx10:speed></extensions></trkpt>
<trkpt lat="37.5450512" lon="126.7285515"><ele>55.459164</ele><time>2018-04-03T01:06:18Z</time>
<extensions>
<gpx10:speed>0.46536508</gpx10:speed></extensions></trkpt>
<trkpt lat="37.5451452" lon="126.7285799"><ele>55.831486</ele><time>2018-04-03T01:06:28Z</time>
<extensions>
<gpx10:speed>0.8807935</gpx10:speed></extensions></trkpt>
<trkpt lat="37.5452462" lon="126.7285825"><ele>55.589687</ele><time>2018-04-03T01:06:37Z</time>
<extensions>
<gpx10:speed>0.5162818</gpx10:speed></extensions></trkpt>
<trkpt lat="37.5453395" lon="126.7285819"><ele>55.04914</ele><time>2018-04-03T01:06:46Z</time>
<extensions>
<gpx10:speed>0.53479373</gpx10:speed></extensions></trkpt>
<trkpt lat="37.5454342" lon="126.7285825"><ele>54.62975</ele><time>2018-04-03T01:06:53Z</time>
<extensions>
<gpx10:speed>0.5553457</gpx10:speed></extensions></trkpt>
<trkpt lat="37.5455263" lon="126.7286031"><ele>54.798336</ele><time>2018-04-03T01:07:02Z</time>
<extensions>
<gpx10:speed>0.69981277</gpx10:speed></extensions></trkpt>
<trkpt lat="37.5456217" lon="126.7286202"><ele>55.068264</ele><time>2018-04-03T01:07:10Z</time>
<extensions>
<gpx10:speed>0.754798</gpx10:speed></extensions></trkpt>
<trkpt lat="37.5457209" lon="126.7286305"><ele>55.376938</ele><time>2018-04-03T01:07:18Z</time>
<extensions>
<gpx10:speed>0.7495064</gpx10:speed></extensions></trkpt>
<trkpt lat="37.5458231" lon="126.7286277"><ele>55.897873</ele><time>2018-04-03T01:07:30Z</time>
<extensions>
<gpx10:speed>0.40112352</gpx10:speed></extensions></trkpt>
<trkpt lat="37.5459303" lon="126.7286151"><ele>56.498943</ele><time>2018-04-03T01:07:38Z</time>
<extensions>
<gpx10:speed>0.26036716</gpx10:speed></extensions></trkpt>
<trkpt lat="37.5460221" lon="126.728586"><ele>56.968513</ele><time>2018-04-03T01:07:45Z</time>
<extensions>
<gpx10:speed>0.427006</gpx10:speed></extensions></trkpt>
<trkpt lat="37.5461091" lon="126.728622"><ele>57.30686</ele><time>2018-04-03T01:07:55Z</time>
<extensions>
<gpx10:speed>0.695691</gpx10:speed></extensions></trkpt>
<trkpt lat="37.5461993" lon="126.7286373"><ele>57.60449</ele><time>2018-04-03T01:08:03Z</time>
<extensions>
<gpx10:speed>0.24797846</gpx10:speed></extensions></trkpt>
<trkpt lat="37.5462971" lon="126.7286294"><ele>58.10499</ele><time>2018-04-03T01:08:15Z</time>
<extensions>
<gpx10:speed>0.6447989</gpx10:speed></extensions></trkpt>
<trkpt lat="37.5463899" lon="126.7286394"><ele>58.537792</ele><time>2018-04-03T01:08:24Z</time>
<extensions>
<gpx10:speed>0.27735576</gpx10:speed></extensions></trkpt>
<trkpt lat="37.5464817" lon="126.7286624"><ele>59.157066</ele><time>2018-04-03T01:08:32Z</time>
<extensions>
<gpx10:speed>0.6187321</gpx10:speed></extensions></trkpt>
<trkpt lat="37.5465742" lon="126.7286722"><ele>59.809513</ele><time>2018-04-03T01:08:41Z</time>
<extensions>
<gpx10:speed>0.38468885</gpx10:speed></extensions></trkpt>
<trkpt lat="37.5466673" lon="126.7286785"><ele>60.10712</ele><time>2018-04-03T01:08:51Z</time>
<extensions>
<gpx10:speed>0.8721029</gpx10:speed></extensions></trkpt>
<trkpt lat="37.5467582" lon="126.7286844"><ele>60.157635</ele><time>2018-04-03T01:09:00Z</time>
<extensions>
<gpx10:speed>0.6355619</gpx10:speed></extensions></trkpt>
<trkpt lat="37.5468483" lon="126.7286959"><ele>60.038494</ele><time>2018-04-03T01:09:08Z</time>
<extensions>
<gpx10:speed>0.6217807</gpx10:speed></extensions></trkpt>
<trkpt lat="37.5469396" lon="126.7287084"><ele>60.014233</ele><time>2018-04-03T01:09:16Z</time>
<extensions>
<gpx10:speed>0.7758075</gpx10:speed></extensions></trkpt>
<trkpt lat="37.5470378" lon="126.7287067"><ele>60.541462</ele><time>2018-04-03T01:09:25Z</time>
<extensions>
<gpx10:speed>0.8207125</gpx10:speed></extensions></trkpt>
<trkpt lat="37.5471279" lon="126.7287009"><ele>61.368256</ele><time>2018-04-03T01:09:33Z</time>
<extensions>
<gpx10:speed>1.1227</gpx10:speed></extensions></trkpt>
<trkpt lat="37.5472253" lon="126.7287077"><ele>62.61131</ele><time>2018-04-03T01:09:41Z</time>
<extensions>
<gpx10:speed>0.921807</gpx10:speed></extensions></trkpt>
<trkpt lat="37.5473208" lon="126.7287255"><ele>64.753654</ele><time>2018-04-03T01:09:53Z</time>
<extensions>
<gpx10:speed>0.7669026</gpx10:speed></extensions></trkpt>
<trkpt lat="37.547422" lon="126.7287179"><ele>66.209015</ele><time>2018-04-03T01:10:04Z</time>
<extensions>
<gpx10:speed>0.8218131</gpx10:speed></extensions></trkpt>
<trkpt lat="37.5475147" lon="126.7287158"><ele>66.94171</ele><time>2018-04-03T01:10:14Z</time>
<extensions>
<gpx10:speed>0.87169945</gpx10:speed></extensions></trkpt>
<trkpt lat="37.5476012" lon="126.7286752"><ele>67.919106</ele><time>2018-04-03T01:10:25Z</time>
<extensions>
<gpx10:speed>0.7728445</gpx10:speed></extensions></trkpt>
<trkpt lat="37.5476889" lon="126.7287092"><ele>68.8346</ele><time>2018-04-03T01:10:36Z</time>
<extensions>
<gpx10:speed>0.8363438</gpx10:speed></extensions></trkpt>
<trkpt lat="37.547729" lon="126.7288121"><ele>69.88604</ele><time>2018-04-03T01:10:53Z</time>
<extensions>
<gpx10:speed>0.33590248</gpx10:speed></extensions></trkpt>
<trkpt lat="37.547776" lon="126.7287155"><ele>77.0366</ele><time>2018-04-03T01:14:31Z</time>
<extensions>
<gpx10:speed>0.045214858</gpx10:speed></extensions></trkpt>
<trkpt lat="37.5477639" lon="126.7288349"><ele>78.215294</ele><time>2018-04-03T01:17:50Z</time>
<extensions>
<gpx10:speed>0.41121393</gpx10:speed></extensions></trkpt>
<trkpt lat="37.5478173" lon="126.7289351"><ele>80.71831</ele><time>2018-04-03T01:18:07Z</time>
<extensions>
<gpx10:speed>0.449381</gpx10:speed></extensions></trkpt>
<trkpt lat="37.5479094" lon="126.7289313"><ele>86.998985</ele><time>2018-04-03T01:18:44Z</time>
<extensions>
<gpx10:speed>0.2666993</gpx10:speed></extensions></trkpt>
<trkpt lat="37.5480022" lon="126.7289224"><ele>91.61266</ele><time>2018-04-03T01:19:12Z</time>
<extensions>
<gpx10:speed>0.48669916</gpx10:speed></extensions></trkpt>
<trkpt lat="37.548044" lon="126.7290317"><ele>93.66976</ele><time>2018-04-03T01:19:20Z</time>
<extensions>
<gpx10:speed>0.51904416</gpx10:speed></extensions></trkpt>
<trkpt lat="37.5480796" lon="126.729144"><ele>95.7129</ele><time>2018-04-03T01:19:31Z</time>
<extensions>
<gpx10:speed>0.82437235</gpx10:speed></extensions></trkpt>
<trkpt lat="37.548107" lon="126.7292596"><ele>98.74375</ele><time>2018-04-03T01:19:46Z</time>
<extensions>
<gpx10:speed>0.6841452</gpx10:speed></extensions></trkpt>
<trkpt lat="37.5481276" lon="126.7293699"><ele>99.42425</ele><time>2018-04-03T01:19:53Z</time>
<extensions>
<gpx10:speed>0.6481924</gpx10:speed></extensions></trkpt>
<trkpt lat="37.5481398" lon="126.7294845"><ele>99.55432</ele><time>2018-04-03T01:20:01Z</time>
<extensions>
<gpx10:speed>0.9696233</gpx10:speed></extensions></trkpt>
<trkpt lat="37.5482119" lon="126.7295676"><ele>99.472404</ele><time>2018-04-03T01:20:11Z</time>
<extensions>
<gpx10:speed>0.8044765</gpx10:speed></extensions></trkpt>
<trkpt lat="37.5482676" lon="126.7296636"><ele>99.41336</ele><time>2018-04-03T01:20:20Z</time>
<extensions>
<gpx10:speed>0.82135427</gpx10:speed></extensions></trkpt>
<trkpt lat="37.5483147" lon="126.7297664"><ele>99.83145</ele><time>2018-04-03T01:20:29Z</time>
<extensions>
<gpx10:speed>0.7504209</gpx10:speed></extensions></trkpt>
<trkpt lat="37.5483862" lon="126.7298354"><ele>100.26127</ele><time>2018-04-03T01:20:35Z</time>
<extensions>
<gpx10:speed>0.7403896</gpx10:speed></extensions></trkpt>
<trkpt lat="37.5484573" lon="126.7299069"><ele>101.3561</ele><time>2018-04-03T01:20:47Z</time>
<extensions>
<gpx10:speed>0.38599104</gpx10:speed></extensions></trkpt>
<trkpt lat="37.548544" lon="126.7299517"><ele>101.70876</ele><time>2018-04-03T01:20:58Z</time>
<extensions>
<gpx10:speed>0.5913228</gpx10:speed></extensions></trkpt>
<trkpt lat="37.5486311" lon="126.7299888"><ele>102.66714</ele><time>2018-04-03T01:21:17Z</time>
<extensions>
<gpx10:speed>0.3085075</gpx10:speed></extensions></trkpt>
<trkpt lat="37.5487179" lon="126.7300277"><ele>105.17135</ele><time>2018-04-03T01:22:01Z</time>
<extensions>
<gpx10:speed>0.64943933</gpx10:speed></extensions></trkpt>
<trkpt lat="37.54881" lon="126.7300262"><ele>105.02471</ele><time>2018-04-03T01:22:09Z</time>
<extensions>
<gpx10:speed>0.5988198</gpx10:speed></extensions></trkpt>
<trkpt lat="37.5488943" lon="126.7299771"><ele>104.78828</ele><time>2018-04-03T01:22:17Z</time>
<extensions>
<gpx10:speed>0.95985407</gpx10:speed></extensions></trkpt>
<trkpt lat="37.5489803" lon="126.7299229"><ele>104.906006</ele><time>2018-04-03T01:22:27Z</time>
<extensions>
<gpx10:speed>0.86490506</gpx10:speed></extensions></trkpt>
<trkpt lat="37.549056" lon="126.7298534"><ele>104.788734</ele><time>2018-04-03T01:22:36Z</time>
<extensions>
<gpx10:speed>0.84590715</gpx10:speed></extensions></trkpt>
<trkpt lat="37.5491102" lon="126.7297594"><ele>104.975204</ele><time>2018-04-03T01:22:45Z</time>
<extensions>
<gpx10:speed>0.6256163</gpx10:speed></extensions></trkpt>
<trkpt lat="37.5491748" lon="126.7296748"><ele>105.11662</ele><time>2018-04-03T01:22:57Z</time>
<extensions>
<gpx10:speed>0.22043096</gpx10:speed></extensions></trkpt>
<trkpt lat="37.5492643" lon="126.7297356"><ele>105.776855</ele><time>2018-04-03T01:23:07Z</time>
<extensions>
<gpx10:speed>0.3348886</gpx10:speed></extensions></trkpt>
<trkpt lat="37.5493391" lon="126.7298001"><ele>107.6922</ele><time>2018-04-03T01:23:20Z</time>
<extensions>
<gpx10:speed>0.47776338</gpx10:speed></extensions></trkpt>
<trkpt lat="37.5493963" lon="126.7298963"><ele>109.55274</ele><time>2018-04-03T01:23:28Z</time>
<extensions>
<gpx10:speed>0.60620296</gpx10:speed></extensions></trkpt>
<trkpt lat="37.5494871" lon="126.7298951"><ele>111.99044</ele><time>2018-04-03T01:23:40Z</time>
<extensions>
<gpx10:speed>0.6437989</gpx10:speed></extensions></trkpt>
<trkpt lat="37.5495719" lon="126.7299474"><ele>113.54497</ele><time>2018-04-03T01:23:53Z</time>
<extensions>
<gpx10:speed>0.3075176</gpx10:speed></extensions></trkpt>
<trkpt lat="37.5496626" lon="126.7299703"><ele>115.18497</ele><time>2018-04-03T01:24:04Z</time>
<extensions>
<gpx10:speed>0.80783737</gpx10:speed></extensions></trkpt>
<trkpt lat="37.5497245" lon="126.7300539"><ele>116.473206</ele><time>2018-04-03T01:24:15Z</time>
<extensions>
<gpx10:speed>0.31652462</gpx10:speed></extensions></trkpt>
<trkpt lat="37.5498056" lon="126.7301132"><ele>118.18096</ele><time>2018-04-03T01:24:25Z</time>
<extensions>
<gpx10:speed>0.7454842</gpx10:speed></extensions></trkpt>
<trkpt lat="37.5498925" lon="126.7301695"><ele>120.88504</ele><time>2018-04-03T01:24:42Z</time>
<extensions>
<gpx10:speed>0.37305588</gpx10:speed></extensions></trkpt>
<trkpt lat="37.5499589" lon="126.7302569"><ele>123.250374</ele><time>2018-04-03T01:24:53Z</time>
<extensions>
<gpx10:speed>0.36907297</gpx10:speed></extensions></trkpt>
<trkpt lat="37.5500307" lon="126.7303318"><ele>125.24126</ele><time>2018-04-03T01:25:04Z</time>
<extensions>
<gpx10:speed>0.306068</gpx10:speed></extensions></trkpt>
<trkpt lat="37.5501089" lon="126.7304001"><ele>127.11273</ele><time>2018-04-03T01:25:18Z</time>
<extensions>
<gpx10:speed>0.686343</gpx10:speed></extensions></trkpt>
<trkpt lat="37.5501833" lon="126.7304645"><ele>128.37703</ele><time>2018-04-03T01:25:31Z</time>
<extensions>
<gpx10:speed>0.32916066</gpx10:speed></extensions></trkpt>
<trkpt lat="37.5502736" lon="126.730497"><ele>129.82027</ele><time>2018-04-03T01:25:42Z</time>
<extensions>
<gpx10:speed>0.7829184</gpx10:speed></extensions></trkpt>
<trkpt lat="37.5503576" lon="126.7304547"><ele>132.21042</ele><time>2018-04-03T01:25:54Z</time>
<extensions>
<gpx10:speed>0.4396766</gpx10:speed></extensions></trkpt>
<trkpt lat="37.5503888" lon="126.7303432"><ele>135.06285</ele><time>2018-04-03T01:26:10Z</time>
<extensions>
<gpx10:speed>0.4557478</gpx10:speed></extensions></trkpt>
<trkpt lat="37.550417" lon="126.7302326"><ele>137.02095</ele><time>2018-04-03T01:26:24Z</time>
<extensions>
<gpx10:speed>0.40905043</gpx10:speed></extensions></trkpt>
<trkpt lat="37.5503734" lon="126.730132"><ele>137.83612</ele><time>2018-04-03T01:26:33Z</time>
<extensions>
<gpx10:speed>0.3433789</gpx10:speed></extensions></trkpt>
<trkpt lat="37.5503955" lon="126.7300179"><ele>138.77676</ele><time>2018-04-03T01:26:50Z</time>
<extensions>
<gpx10:speed>0.9662885</gpx10:speed></extensions></trkpt>
<trkpt lat="37.5504173" lon="126.7299078"><ele>139.1567</ele><time>2018-04-03T01:26:59Z</time>
<extensions>
<gpx10:speed>0.81266564</gpx10:speed></extensions></trkpt>
<trkpt lat="37.5504421" lon="126.729788"><ele>139.32414</ele><time>2018-04-03T01:27:10Z</time>
<extensions>
<gpx10:speed>0.58827436</gpx10:speed></extensions></trkpt>
<trkpt lat="37.5504843" lon="126.7296877"><ele>139.71086</ele><time>2018-04-03T01:27:23Z</time>
<extensions>
<gpx10:speed>0.81524503</gpx10:speed></extensions></trkpt>
<trkpt lat="37.5505547" lon="126.7296143"><ele>139.87894</ele><time>2018-04-03T01:27:30Z</time>
<extensions>
<gpx10:speed>0.959697</gpx10:speed></extensions></trkpt>
<trkpt lat="37.5506157" lon="126.7295297"><ele>140.69943</ele><time>2018-04-03T01:27:39Z</time>
<extensions>
<gpx10:speed>0.6380542</gpx10:speed></extensions></trkpt>
<trkpt lat="37.5506585" lon="126.7294162"><ele>141.73924</ele><time>2018-04-03T01:27:47Z</time>
<extensions>
<gpx10:speed>0.6082713</gpx10:speed></extensions></trkpt>
<trkpt lat="37.550709" lon="126.7293219"><ele>141.78915</ele><time>2018-04-03T01:27:54Z</time>
<extensions>
<gpx10:speed>0.74416924</gpx10:speed></extensions></trkpt>
<trkpt lat="37.5507605" lon="126.7292284"><ele>141.24553</ele><time>2018-04-03T01:28:04Z</time>
<extensions>
<gpx10:speed>0.8271499</gpx10:speed></extensions></trkpt>
<trkpt lat="37.5507755" lon="126.7291079"><ele>140.88493</ele><time>2018-04-03T01:28:12Z</time>
<extensions>
<gpx10:speed>0.70646083</gpx10:speed></extensions></trkpt>
<trkpt lat="37.5508309" lon="126.7290183"><ele>140.72232</ele><time>2018-04-03T01:28:22Z</time>
<extensions>
<gpx10:speed>0.42401478</gpx10:speed></extensions></trkpt>
<trkpt lat="37.5508984" lon="126.728934"><ele>140.76207</ele><time>2018-04-03T01:28:29Z</time>
<extensions>
<gpx10:speed>0.6660239</gpx10:speed></extensions></trkpt>
<trkpt lat="37.5509673" lon="126.7288538"><ele>140.91527</ele><time>2018-04-03T01:28:38Z</time>
<extensions>
<gpx10:speed>0.54718286</gpx10:speed></extensions></trkpt>
<trkpt lat="37.5510256" lon="126.7287668"><ele>141.35912</ele><time>2018-04-03T01:28:47Z</time>
<extensions>
<gpx10:speed>0.47760785</gpx10:speed></extensions></trkpt>
<trkpt lat="37.5510839" lon="126.7286641"><ele>142.05974</ele><time>2018-04-03T01:28:59Z</time>
<extensions>
<gpx10:speed>0.52981883</gpx10:speed></extensions></trkpt>
<trkpt lat="37.5511002" lon="126.7285476"><ele>143.21906</ele><time>2018-04-03T01:29:11Z</time>
<extensions>
<gpx10:speed>0.6644703</gpx10:speed></extensions></trkpt>
<trkpt lat="37.5511041" lon="126.7284328"><ele>143.50842</ele><time>2018-04-03T01:29:20Z</time>
<extensions>
<gpx10:speed>0.3522121</gpx10:speed></extensions></trkpt>
<trkpt lat="37.551122" lon="126.7283049"><ele>142.9917</ele><time>2018-04-03T01:29:27Z</time>
<extensions>
<gpx10:speed>0.87311286</gpx10:speed></extensions></trkpt>
<trkpt lat="37.5511326" lon="126.7281912"><ele>141.89577</ele><time>2018-04-03T01:29:41Z</time>
<extensions>
<gpx10:speed>0.28931415</gpx10:speed></extensions></trkpt>
<trkpt lat="37.5511755" lon="126.7280881"><ele>140.59334</ele><time>2018-04-03T01:29:50Z</time>
<extensions>
<gpx10:speed>0.79471415</gpx10:speed></extensions></trkpt>
<trkpt lat="37.5511933" lon="126.7279752"><ele>139.20773</ele><time>2018-04-03T01:30:01Z</time>
<extensions>
<gpx10:speed>0.6440345</gpx10:speed></extensions></trkpt>
<trkpt lat="37.5512063" lon="126.7278552"><ele>139.35373</ele><time>2018-04-03T01:30:09Z</time>
<extensions>
<gpx10:speed>0.5419804</gpx10:speed></extensions></trkpt>
<trkpt lat="37.5512674" lon="126.7277629"><ele>139.62073</ele><time>2018-04-03T01:30:18Z</time>
<extensions>
<gpx10:speed>0.6093404</gpx10:speed></extensions></trkpt>
<trkpt lat="37.5513124" lon="126.7276613"><ele>140.2145</ele><time>2018-04-03T01:30:27Z</time>
<extensions>
<gpx10:speed>0.45870727</gpx10:speed></extensions></trkpt>
<trkpt lat="37.5513735" lon="126.7275712"><ele>141.06203</ele><time>2018-04-03T01:30:35Z</time>
<extensions>
<gpx10:speed>0.85421145</gpx10:speed></extensions></trkpt>
<trkpt lat="37.5514749" lon="126.7275697"><ele>140.83687</ele><time>2018-04-03T01:30:42Z</time>
<extensions>
<gpx10:speed>0.5792039</gpx10:speed></extensions></trkpt>
<trkpt lat="37.5515723" lon="126.7275801"><ele>140.00089</ele><time>2018-04-03T01:30:50Z</time>
<extensions>
<gpx10:speed>0.9281805</gpx10:speed></extensions></trkpt>
<trkpt lat="37.5516629" lon="126.7275753"><ele>139.45491</ele><time>2018-04-03T01:30:59Z</time>
<extensions>
<gpx10:speed>0.72467357</gpx10:speed></extensions></trkpt>
<trkpt lat="37.5517462" lon="126.727531"><ele>140.12546</ele><time>2018-04-03T01:31:13Z</time>
<extensions>
<gpx10:speed>0.30872157</gpx10:speed></extensions></trkpt>
<trkpt lat="37.5518398" lon="126.7275118"><ele>143.8858</ele><time>2018-04-03T01:31:34Z</time>
<extensions>
<gpx10:speed>0.2985598</gpx10:speed></extensions></trkpt>
<trkpt lat="37.5519269" lon="126.727481"><ele>146.43727</ele><time>2018-04-03T01:31:45Z</time>
<extensions>
<gpx10:speed>0.6944775</gpx10:speed></extensions></trkpt>
<trkpt lat="37.5520159" lon="126.727432"><ele>148.76709</ele><time>2018-04-03T01:31:56Z</time>
<extensions>
<gpx10:speed>0.56507885</gpx10:speed></extensions></trkpt>
<trkpt lat="37.5521071" lon="126.7274078"><ele>149.92072</ele><time>2018-04-03T01:32:04Z</time>
<extensions>
<gpx10:speed>0.6918016</gpx10:speed></extensions></trkpt>
<trkpt lat="37.5521892" lon="126.7273478"><ele>150.32942</ele><time>2018-04-03T01:32:11Z</time>
<extensions>
<gpx10:speed>0.75203776</gpx10:speed></extensions></trkpt>
<trkpt lat="37.5522748" lon="126.7273053"><ele>150.4974</ele><time>2018-04-03T01:32:19Z</time>
<extensions>
<gpx10:speed>0.7591382</gpx10:speed></extensions></trkpt>
<trkpt lat="37.5523673" lon="126.7272633"><ele>150.67982</ele><time>2018-04-03T01:32:29Z</time>
<extensions>
<gpx10:speed>0.66738564</gpx10:speed></extensions></trkpt>
<trkpt lat="37.5524679" lon="126.727255"><ele>151.06448</ele><time>2018-04-03T01:32:39Z</time>
<extensions>
<gpx10:speed>0.9292033</gpx10:speed></extensions></trkpt>
<trkpt lat="37.5525586" lon="126.7272081"><ele>151.34047</ele><time>2018-04-03T01:32:47Z</time>
<extensions>
<gpx10:speed>0.87614244</gpx10:speed></extensions></trkpt>
<trkpt lat="37.5526087" lon="126.7271016"><ele>151.52882</ele><time>2018-04-03T01:32:56Z</time>
<extensions>
<gpx10:speed>0.8748081</gpx10:speed></extensions></trkpt>
<trkpt lat="37.5526834" lon="126.7270252"><ele>150.69849</ele><time>2018-04-03T01:33:09Z</time>
<extensions>
<gpx10:speed>0.64501977</gpx10:speed></extensions></trkpt>
<trkpt lat="37.5527247" lon="126.7269157"><ele>150.05461</ele><time>2018-04-03T01:33:16Z</time>
<extensions>
<gpx10:speed>0.52145535</gpx10:speed></extensions></trkpt>
<trkpt lat="37.5527887" lon="126.726802"><ele>149.15855</ele><time>2018-04-03T01:33:26Z</time>
<extensions>
<gpx10:speed>0.93559885</gpx10:speed></extensions></trkpt>
<trkpt lat="37.5528799" lon="126.726759"><ele>148.75111</ele><time>2018-04-03T01:33:31Z</time>
<extensions>
<gpx10:speed>0.89975286</gpx10:speed></extensions></trkpt>
<trkpt lat="37.5529668" lon="126.7267057"><ele>148.0491</ele><time>2018-04-03T01:33:41Z</time>
<extensions>
<gpx10:speed>0.7142673</gpx10:speed></extensions></trkpt>
<trkpt lat="37.5530572" lon="126.7266582"><ele>147.98633</ele><time>2018-04-03T01:33:54Z</time>
<extensions>
<gpx10:speed>0.22397308</gpx10:speed></extensions></trkpt>
<trkpt lat="37.5531481" lon="126.7266447"><ele>147.53723</ele><time>2018-04-03T01:34:01Z</time>
<extensions>
<gpx10:speed>0.24270011</gpx10:speed></extensions></trkpt>
<trkpt lat="37.5532357" lon="126.7265841"><ele>147.19315</ele><time>2018-04-03T01:34:09Z</time>
<extensions>
<gpx10:speed>0.6909509</gpx10:speed></extensions></trkpt>
<trkpt lat="37.5532581" lon="126.7264684"><ele>147.05994</ele><time>2018-04-03T01:34:20Z</time>
<extensions>
<gpx10:speed>0.680501</gpx10:speed></extensions></trkpt>
<trkpt lat="37.5531951" lon="126.7263752"><ele>147.42168</ele><time>2018-04-03T01:34:28Z</time>
<extensions>
<gpx10:speed>0.5863893</gpx10:speed></extensions></trkpt>
<trkpt lat="37.5531255" lon="126.7262857"><ele>147.83282</ele><time>2018-04-03T01:34:39Z</time>
<extensions>
<gpx10:speed>0.75023377</gpx10:speed></extensions></trkpt>
<trkpt lat="37.5530296" lon="126.726289"><ele>146.86018</ele><time>2018-04-03T01:34:48Z</time>
<extensions>
<gpx10:speed>0.70965517</gpx10:speed></extensions></trkpt>
<trkpt lat="37.5529591" lon="126.7262002"><ele>146.34163</ele><time>2018-04-03T01:34:57Z</time>
<extensions>
<gpx10:speed>0.35496145</gpx10:speed></extensions></trkpt>
<trkpt lat="37.5529213" lon="126.7260895"><ele>147.63887</ele><time>2018-04-03T01:35:13Z</time>
<extensions>
<gpx10:speed>0.6489823</gpx10:speed></extensions></trkpt>
<trkpt lat="37.5528425" lon="126.7259989"><ele>149.25317</ele><time>2018-04-03T01:35:24Z</time>
<extensions>
<gpx10:speed>0.82330024</gpx10:speed></extensions></trkpt>
<trkpt lat="37.5527795" lon="126.7259006"><ele>150.9489</ele><time>2018-04-03T01:35:33Z</time>
<extensions>
<gpx10:speed>0.7822619</gpx10:speed></extensions></trkpt>
<trkpt lat="37.5527071" lon="126.7258265"><ele>152.18417</ele><time>2018-04-03T01:35:41Z</time>
<extensions>
<gpx10:speed>1.0124829</gpx10:speed></extensions></trkpt>
<trkpt lat="37.5526244" lon="126.7257615"><ele>153.05084</ele><time>2018-04-03T01:35:51Z</time>
<extensions>
<gpx10:speed>0.97192496</gpx10:speed></extensions></trkpt>
<trkpt lat="37.5525958" lon="126.7256394"><ele>152.61913</ele><time>2018-04-03T01:35:59Z</time>
<extensions>
<gpx10:speed>1.1024877</gpx10:speed></extensions></trkpt>
<trkpt lat="37.5525963" lon="126.7255158"><ele>152.1647</ele><time>2018-04-03T01:36:06Z</time>
<extensions>
<gpx10:speed>0.9118514</gpx10:speed></extensions></trkpt>
<trkpt lat="37.5526331" lon="126.7254109"><ele>152.0509</ele><time>2018-04-03T01:36:13Z</time>
<extensions>
<gpx10:speed>0.4782991</gpx10:speed></extensions></trkpt>
<trkpt lat="37.5525825" lon="126.7252966"><ele>152.1319</ele><time>2018-04-03T01:36:20Z</time>
<extensions>
<gpx10:speed>0.87723917</gpx10:speed></extensions></trkpt>
<trkpt lat="37.552557" lon="126.7251846"><ele>152.99297</ele><time>2018-04-03T01:36:28Z</time>
<extensions>
<gpx10:speed>0.4883057</gpx10:speed></extensions></trkpt>
<trkpt lat="37.5525368" lon="126.7250656"><ele>153.95071</ele><time>2018-04-03T01:36:37Z</time>
<extensions>
<gpx10:speed>1.1413435</gpx10:speed></extensions></trkpt>
<trkpt lat="37.5525255" lon="126.7249448"><ele>155.15984</ele><time>2018-04-03T01:36:46Z</time>
<extensions>
<gpx10:speed>0.8749869</gpx10:speed></extensions></trkpt>
<trkpt lat="37.5525586" lon="126.7248327"><ele>156.61234</ele><time>2018-04-03T01:36:56Z</time>
<extensions>
<gpx10:speed>0.6367816</gpx10:speed></extensions></trkpt>
<trkpt lat="37.5525997" lon="126.7247306"><ele>159.14815</ele><time>2018-04-03T01:37:11Z</time>
<extensions>
<gpx10:speed>0.35135967</gpx10:speed></extensions></trkpt>
<trkpt lat="37.5526441" lon="126.7246316"><ele>160.39116</ele><time>2018-04-03T01:37:24Z</time>
<extensions>
<gpx10:speed>0.23432899</gpx10:speed></extensions></trkpt>
<trkpt lat="37.5527095" lon="126.7245468"><ele>161.55249</ele><time>2018-04-03T01:37:37Z</time>
<extensions>
<gpx10:speed>0.7400736</gpx10:speed></extensions></trkpt>
<trkpt lat="37.5528003" lon="126.7245638"><ele>163.04218</ele><time>2018-04-03T01:37:51Z</time>
<extensions>
<gpx10:speed>0.41826016</gpx10:speed></extensions></trkpt>
<trkpt lat="37.5528946" lon="126.7245406"><ele>164.18785</ele><time>2018-04-03T01:38:02Z</time>
<extensions>
<gpx10:speed>0.65534276</gpx10:speed></extensions></trkpt>
<trkpt lat="37.5529843" lon="126.7244801"><ele>165.38664</ele><time>2018-04-03T01:38:14Z</time>
<extensions>
<gpx10:speed>0.4988384</gpx10:speed></extensions></trkpt>
<trkpt lat="37.5530777" lon="126.7244429"><ele>166.35893</ele><time>2018-04-03T01:38:25Z</time>
<extensions>
<gpx10:speed>0.43960002</gpx10:speed></extensions></trkpt>
<trkpt lat="37.5531424" lon="126.7243639"><ele>167.26912</ele><time>2018-04-03T01:38:38Z</time>
<extensions>
<gpx10:speed>0.28650174</gpx10:speed></extensions></trkpt>
<trkpt lat="37.55317" lon="126.7242494"><ele>168.47517</ele><time>2018-04-03T01:38:48Z</time>
<extensions>
<gpx10:speed>0.4162393</gpx10:speed></extensions></trkpt>
<trkpt lat="37.5531898" lon="126.7241357"><ele>169.90979</ele><time>2018-04-03T01:38:57Z</time>
<extensions>
<gpx10:speed>0.47824234</gpx10:speed></extensions></trkpt>
<trkpt lat="37.5532206" lon="126.7240168"><ele>172.02336</ele><time>2018-04-03T01:39:08Z</time>
<extensions>
<gpx10:speed>0.46146894</gpx10:speed></extensions></trkpt>
<trkpt lat="37.5532647" lon="126.7239121"><ele>174.68042</ele><time>2018-04-03T01:39:18Z</time>
<extensions>
<gpx10:speed>0.4165015</gpx10:speed></extensions></trkpt>
<trkpt lat="37.553318" lon="126.7238204"><ele>176.44177</ele><time>2018-04-03T01:39:28Z</time>
<extensions>
<gpx10:speed>0.8428633</gpx10:speed></extensions></trkpt>
<trkpt lat="37.5533887" lon="126.7237388"><ele>178.05138</ele><time>2018-04-03T01:39:37Z</time>
<extensions>
<gpx10:speed>0.6776772</gpx10:speed></extensions></trkpt>
<trkpt lat="37.5534145" lon="126.7236256"><ele>179.43297</ele><time>2018-04-03T01:39:48Z</time>
<extensions>
<gpx10:speed>0.5645814</gpx10:speed></extensions></trkpt>
<trkpt lat="37.5534283" lon="126.7235034"><ele>180.12854</ele><time>2018-04-03T01:39:58Z</time>
<extensions>
<gpx10:speed>0.7515841</gpx10:speed></extensions></trkpt>
<trkpt lat="37.5534162" lon="126.7233761"><ele>181.11497</ele><time>2018-04-03T01:40:08Z</time>
<extensions>
<gpx10:speed>0.62014085</gpx10:speed></extensions></trkpt>
<trkpt lat="37.5533899" lon="126.7232591"><ele>181.45769</ele><time>2018-04-03T01:40:19Z</time>
<extensions>
<gpx10:speed>0.8132537</gpx10:speed></extensions></trkpt>
<trkpt lat="37.5533851" lon="126.723143"><ele>181.16</ele><time>2018-04-03T01:40:29Z</time>
<extensions>
<gpx10:speed>0.48577476</gpx10:speed></extensions></trkpt>
<trkpt lat="37.5533678" lon="126.7230226"><ele>180.25804</ele><time>2018-04-03T01:40:41Z</time>
<extensions>
<gpx10:speed>0.66785634</gpx10:speed></extensions></trkpt>
<trkpt lat="37.5533689" lon="126.7229051"><ele>179.48198</ele><time>2018-04-03T01:40:51Z</time>
<extensions>
<gpx10:speed>0.9937908</gpx10:speed></extensions></trkpt>
<trkpt lat="37.5534487" lon="126.7228445"><ele>179.11484</ele><time>2018-04-03T01:40:59Z</time>
<extensions>
<gpx10:speed>0.65860987</gpx10:speed></extensions></trkpt>
<trkpt lat="37.5534872" lon="126.7227418"><ele>178.642</ele><time>2018-04-03T01:41:09Z</time>
<extensions>
<gpx10:speed>0.5870045</gpx10:speed></extensions></trkpt>
<trkpt lat="37.5535162" lon="126.7226244"><ele>178.3252</ele><time>2018-04-03T01:41:16Z</time>
<extensions>
<gpx10:speed>0.77688634</gpx10:speed></extensions></trkpt>
<trkpt lat="37.5536055" lon="126.7226089"><ele>175.79024</ele><time>2018-04-03T01:41:43Z</time>
<extensions>
<gpx10:speed>0.094617896</gpx10:speed></extensions></trkpt>
<trkpt lat="37.5536884" lon="126.7225468"><ele>175.90903</ele><time>2018-04-03T01:42:12Z</time>
<extensions>
<gpx10:speed>0.009687554</gpx10:speed></extensions></trkpt>
<trkpt lat="37.5537768" lon="126.7224877"><ele>176.00868</ele><time>2018-04-03T01:42:21Z</time>
<extensions>
<gpx10:speed>0.3781057</gpx10:speed></extensions></trkpt>
<trkpt lat="37.5538596" lon="126.7224229"><ele>175.507</ele><time>2018-04-03T01:42:31Z</time>
<extensions>
<gpx10:speed>0.41067064</gpx10:speed></extensions></trkpt>
<trkpt lat="37.553955" lon="126.7224114"><ele>175.12303</ele><time>2018-04-03T01:42:38Z</time>
<extensions>
<gpx10:speed>1.0997323</gpx10:speed></extensions></trkpt>
<trkpt lat="37.5540168" lon="126.7223195"><ele>174.86583</ele><time>2018-04-03T01:42:46Z</time>
<extensions>
<gpx10:speed>0.7838195</gpx10:speed></extensions></trkpt>
<trkpt lat="37.5540857" lon="126.7222321"><ele>174.93327</ele><time>2018-04-03T01:42:56Z</time>
<extensions>
<gpx10:speed>0.54491884</gpx10:speed></extensions></trkpt>
<trkpt lat="37.5541285" lon="126.7221247"><ele>174.984</ele><time>2018-04-03T01:43:06Z</time>
<extensions>
<gpx10:speed>0.41780046</gpx10:speed></extensions></trkpt>
<trkpt lat="37.5541294" lon="126.7220103"><ele>174.59128</ele><time>2018-04-03T01:43:15Z</time>
<extensions>
<gpx10:speed>0.43020463</gpx10:speed></extensions></trkpt>
<trkpt lat="37.5541516" lon="126.7218895"><ele>174.46054</ele><time>2018-04-03T01:43:24Z</time>
<extensions>
<gpx10:speed>0.4899984</gpx10:speed></extensions></trkpt>
<trkpt lat="37.5541494" lon="126.7217649"><ele>175.00528</ele><time>2018-04-03T01:43:33Z</time>
<extensions>
<gpx10:speed>0.8030911</gpx10:speed></extensions></trkpt>
<trkpt lat="37.5541535" lon="126.721651"><ele>176.37917</ele><time>2018-04-03T01:43:42Z</time>
<extensions>
<gpx10:speed>0.7050422</gpx10:speed></extensions></trkpt>
<trkpt lat="37.5541587" lon="126.7215151"><ele>177.10265</ele><time>2018-04-03T01:43:50Z</time>
<extensions>
<gpx10:speed>0.59119797</gpx10:speed></extensions></trkpt>
<trkpt lat="37.5541395" lon="126.7213951"><ele>177.46649</ele><time>2018-04-03T01:44:02Z</time>
<extensions>
<gpx10:speed>0.64581096</gpx10:speed></extensions></trkpt>
<trkpt lat="37.5541994" lon="126.7212975"><ele>178.79713</ele><time>2018-04-03T01:44:12Z</time>
<extensions>
<gpx10:speed>0.8565788</gpx10:speed></extensions></trkpt>
<trkpt lat="37.5542556" lon="126.721209"><ele>179.22055</ele><time>2018-04-03T01:44:21Z</time>
<extensions>
<gpx10:speed>0.6601573</gpx10:speed></extensions></trkpt>
<trkpt lat="37.5543445" lon="126.7212304"><ele>179.28477</ele><time>2018-04-03T01:44:32Z</time>
<extensions>
<gpx10:speed>0.5456409</gpx10:speed></extensions></trkpt>
<trkpt lat="37.5543982" lon="126.7213352"><ele>178.27402</ele><time>2018-04-03T01:44:45Z</time>
<extensions>
<gpx10:speed>0.01596061</gpx10:speed></extensions></trkpt>
<trkpt lat="37.5544694" lon="126.7214069"><ele>177.63794</ele><time>2018-04-03T01:44:56Z</time>
<extensions>
<gpx10:speed>0.34767792</gpx10:speed></extensions></trkpt>
<trkpt lat="37.5545417" lon="126.7214861"><ele>177.46422</ele><time>2018-04-03T01:45:06Z</time>
<extensions>
<gpx10:speed>0.4024994</gpx10:speed></extensions></trkpt>
<trkpt lat="37.5546168" lon="126.7215487"><ele>177.90607</ele><time>2018-04-03T01:45:18Z</time>
<extensions>
<gpx10:speed>0.45379263</gpx10:speed></extensions></trkpt>
<trkpt lat="37.5547121" lon="126.7215731"><ele>178.27045</ele><time>2018-04-03T01:45:27Z</time>
<extensions>
<gpx10:speed>0.54510736</gpx10:speed></extensions></trkpt>
<trkpt lat="37.5548107" lon="126.7215855"><ele>178.93134</ele><time>2018-04-03T01:45:37Z</time>
<extensions>
<gpx10:speed>0.7748778</gpx10:speed></extensions></trkpt>
<trkpt lat="37.5549103" lon="126.721586"><ele>179.43288</ele><time>2018-04-03T01:45:45Z</time>
<extensions>
<gpx10:speed>0.81825346</gpx10:speed></extensions></trkpt>
<trkpt lat="37.5550073" lon="126.7215598"><ele>179.33438</ele><time>2018-04-03T01:45:54Z</time>
<extensions>
<gpx10:speed>0.61608</gpx10:speed></extensions></trkpt>
<trkpt lat="37.5550606" lon="126.7214561"><ele>178.68556</ele><time>2018-04-03T01:46:04Z</time>
<extensions>
<gpx10:speed>0.57032025</gpx10:speed></extensions></trkpt>
<trkpt lat="37.5551336" lon="126.7213746"><ele>178.45787</ele><time>2018-04-03T01:46:14Z</time>
<extensions>
<gpx10:speed>0.49422833</gpx10:speed></extensions></trkpt>
<trkpt lat="37.5552039" lon="126.7212923"><ele>177.98817</ele><time>2018-04-03T01:46:26Z</time>
<extensions>
<gpx10:speed>0.41757378</gpx10:speed></extensions></trkpt>
<trkpt lat="37.5552897" lon="126.7212309"><ele>177.60956</ele><time>2018-04-03T01:46:37Z</time>
<extensions>
<gpx10:speed>0.6036885</gpx10:speed></extensions></trkpt>
<trkpt lat="37.5553688" lon="126.721158"><ele>177.32037</ele><time>2018-04-03T01:46:45Z</time>
<extensions>
<gpx10:speed>0.7366574</gpx10:speed></extensions></trkpt>
<trkpt lat="37.5554295" lon="126.7210644"><ele>176.94965</ele><time>2018-04-03T01:46:56Z</time>
<extensions>
<gpx10:speed>0.57338005</gpx10:speed></extensions></trkpt>
<trkpt lat="37.5554919" lon="126.7209825"><ele>177.05331</ele><time>2018-04-03T01:47:03Z</time>
<extensions>
<gpx10:speed>0.7215929</gpx10:speed></extensions></trkpt>
<trkpt lat="37.5555376" lon="126.7210804"><ele>176.51039</ele><time>2018-04-03T01:49:26Z</time>
<extensions>
<gpx10:speed>0.024688186</gpx10:speed></extensions></trkpt>
<trkpt lat="37.5555635" lon="126.7209694"><ele>177.58824</ele><time>2018-04-03T01:52:14Z</time>
<extensions>
<gpx10:speed>0.44655588</gpx10:speed></extensions></trkpt>
<trkpt lat="37.5556139" lon="126.720872"><ele>177.42123</ele><time>2018-04-03T01:52:22Z</time>
<extensions>
<gpx10:speed>0.6535374</gpx10:speed></extensions></trkpt>
<trkpt lat="37.5556904" lon="126.7207993"><ele>176.64221</ele><time>2018-04-03T01:52:33Z</time>
<extensions>
<gpx10:speed>0.46267763</gpx10:speed></extensions></trkpt>
<trkpt lat="37.5557447" lon="126.7206986"><ele>176.28278</ele><time>2018-04-03T01:52:41Z</time>
<extensions>
<gpx10:speed>0.7844223</gpx10:speed></extensions></trkpt>
<trkpt lat="37.5558098" lon="126.7206059"><ele>175.9969</ele><time>2018-04-03T01:52:52Z</time>
<extensions>
<gpx10:speed>0.49244115</gpx10:speed></extensions></trkpt>
<trkpt lat="37.5558629" lon="126.7205109"><ele>176.10336</ele><time>2018-04-03T01:53:01Z</time>
<extensions>
<gpx10:speed>0.455875</gpx10:speed></extensions></trkpt>
<trkpt lat="37.5558473" lon="126.7203917"><ele>176.43181</ele><time>2018-04-03T01:53:08Z</time>
<extensions>
<gpx10:speed>0.38040915</gpx10:speed></extensions></trkpt>
<trkpt lat="37.5558942" lon="126.720281"><ele>176.89462</ele><time>2018-04-03T01:53:18Z</time>
<extensions>
<gpx10:speed>0.58080983</gpx10:speed></extensions></trkpt>
<trkpt lat="37.5559185" lon="126.7201601"><ele>177.02805</ele><time>2018-04-03T01:53:26Z</time>
<extensions>
<gpx10:speed>0.6627079</gpx10:speed></extensions></trkpt>
<trkpt lat="37.5559627" lon="126.7200525"><ele>177.49086</ele><time>2018-04-03T01:53:35Z</time>
<extensions>
<gpx10:speed>0.60426384</gpx10:speed></extensions></trkpt>
<trkpt lat="37.5560183" lon="126.7199629"><ele>177.81895</ele><time>2018-04-03T01:53:43Z</time>
<extensions>
<gpx10:speed>0.63832307</gpx10:speed></extensions></trkpt>
<trkpt lat="37.5560504" lon="126.7198539"><ele>178.08537</ele><time>2018-04-03T01:53:52Z</time>
<extensions>
<gpx10:speed>0.69272333</gpx10:speed></extensions></trkpt>
<trkpt lat="37.5561175" lon="126.7197601"><ele>178.4792</ele><time>2018-04-03T01:54:00Z</time>
<extensions>
<gpx10:speed>0.70846456</gpx10:speed></extensions></trkpt>
<trkpt lat="37.5562034" lon="126.719707"><ele>178.9305</ele><time>2018-04-03T01:54:10Z</time>
<extensions>
<gpx10:speed>0.5013995</gpx10:speed></extensions></trkpt>
<trkpt lat="37.5562895" lon="126.7196466"><ele>178.74065</ele><time>2018-04-03T01:54:18Z</time>
<extensions>
<gpx10:speed>0.6227946</gpx10:speed></extensions></trkpt>
<trkpt lat="37.5563346" lon="126.719546"><ele>178.49055</ele><time>2018-04-03T01:54:26Z</time>
<extensions>
<gpx10:speed>0.47168568</gpx10:speed></extensions></trkpt>
<trkpt lat="37.5564263" lon="126.7195415"><ele>178.0486</ele><time>2018-04-03T01:54:35Z</time>
<extensions>
<gpx10:speed>0.39462537</gpx10:speed></extensions></trkpt>
<trkpt lat="37.5564616" lon="126.7194218"><ele>177.48293</ele><time>2018-04-03T01:54:46Z</time>
<extensions>
<gpx10:speed>0.7611273</gpx10:speed></extensions></trkpt>
<trkpt lat="37.5565212" lon="126.7193302"><ele>177.86728</ele><time>2018-04-03T01:55:00Z</time>
<extensions>
<gpx10:speed>0.4588398</gpx10:speed></extensions></trkpt>
<trkpt lat="37.5566116" lon="126.7193649"><ele>177.16594</ele><time>2018-04-03T01:55:12Z</time>
<extensions>
<gpx10:speed>0.47112843</gpx10:speed></extensions></trkpt>
<trkpt lat="37.556705" lon="126.7192903"><ele>176.51839</ele><time>2018-04-03T01:55:22Z</time>
<extensions>
<gpx10:speed>0.7446318</gpx10:speed></extensions></trkpt>
<trkpt lat="37.5567674" lon="126.7192042"><ele>176.19122</ele><time>2018-04-03T01:55:30Z</time>
<extensions>
<gpx10:speed>0.81013393</gpx10:speed></extensions></trkpt>
<trkpt lat="37.5568332" lon="126.7191072"><ele>176.11479</ele><time>2018-04-03T01:55:39Z</time>
<extensions>
<gpx10:speed>0.4819123</gpx10:speed></extensions></trkpt>
<trkpt lat="37.5568808" lon="126.7189926"><ele>175.65247</ele><time>2018-04-03T01:55:48Z</time>
<extensions>
<gpx10:speed>0.55597776</gpx10:speed></extensions></trkpt>
<trkpt lat="37.5569443" lon="126.7189081"><ele>175.126</ele><time>2018-04-03T01:55:55Z</time>
<extensions>
<gpx10:speed>0.8147135</gpx10:speed></extensions></trkpt>
<trkpt lat="37.5569896" lon="126.7187937"><ele>175.35141</ele><time>2018-04-03T01:56:02Z</time>
<extensions>
<gpx10:speed>0.43178228</gpx10:speed></extensions></trkpt>
<trkpt lat="37.5570423" lon="126.71869"><ele>176.41687</ele><time>2018-04-03T01:56:10Z</time>
<extensions>
<gpx10:speed>0.39287162</gpx10:speed></extensions></trkpt>
<trkpt lat="37.5570977" lon="126.718586"><ele>176.73543</ele><time>2018-04-03T01:56:18Z</time>
<extensions>
<gpx10:speed>0.75032586</gpx10:speed></extensions></trkpt>
<trkpt lat="37.5571828" lon="126.718541"><ele>176.88112</ele><time>2018-04-03T01:56:27Z</time>
<extensions>
<gpx10:speed>0.2902494</gpx10:speed></extensions></trkpt>
<trkpt lat="37.5572372" lon="126.7184313"><ele>175.8053</ele><time>2018-04-03T01:56:38Z</time>
<extensions>
<gpx10:speed>0.62899655</gpx10:speed></extensions></trkpt>
<trkpt lat="37.5573084" lon="126.7183586"><ele>174.67143</ele><time>2018-04-03T01:56:44Z</time>
<extensions>
<gpx10:speed>0.6491919</gpx10:speed></extensions></trkpt>
<trkpt lat="37.5573978" lon="126.7183327"><ele>173.0558</ele><time>2018-04-03T01:56:52Z</time>
<extensions>
<gpx10:speed>0.61799043</gpx10:speed></extensions></trkpt>
<trkpt lat="37.5574807" lon="126.7182658"><ele>170.99501</ele><time>2018-04-03T01:57:02Z</time>
<extensions>
<gpx10:speed>0.26532525</gpx10:speed></extensions></trkpt>
<trkpt lat="37.557561" lon="126.7182138"><ele>169.05078</ele><time>2018-04-03T01:57:10Z</time>
<extensions>
<gpx10:speed>0.71462446</gpx10:speed></extensions></trkpt>
<trkpt lat="37.5576067" lon="126.7181071"><ele>167.95743</ele><time>2018-04-03T01:57:18Z</time>
<extensions>
<gpx10:speed>0.54383826</gpx10:speed></extensions></trkpt>
<trkpt lat="37.5576743" lon="126.7180072"><ele>166.85406</ele><time>2018-04-03T01:57:26Z</time>
<extensions>
<gpx10:speed>0.7573597</gpx10:speed></extensions></trkpt>
<trkpt lat="37.5577183" lon="126.7178953"><ele>165.89977</ele><time>2018-04-03T01:57:34Z</time>
<extensions>
<gpx10:speed>0.5501315</gpx10:speed></extensions></trkpt>
<trkpt lat="37.5578031" lon="126.7178291"><ele>164.79453</ele><time>2018-04-03T01:57:42Z</time>
<extensions>
<gpx10:speed>0.6197569</gpx10:speed></extensions></trkpt>
<trkpt lat="37.5579003" lon="126.7178244"><ele>163.92357</ele><time>2018-04-03T01:57:50Z</time>
<extensions>
<gpx10:speed>0.7045821</gpx10:speed></extensions></trkpt>
<trkpt lat="37.5579786" lon="126.7177459"><ele>163.62444</ele><time>2018-04-03T01:57:58Z</time>
<extensions>
<gpx10:speed>0.40777898</gpx10:speed></extensions></trkpt>
<trkpt lat="37.5580176" lon="126.7176355"><ele>163.87965</ele><time>2018-04-03T01:58:04Z</time>
<extensions>
<gpx10:speed>0.47179163</gpx10:speed></extensions></trkpt>
<trkpt lat="37.5580831" lon="126.7175569"><ele>164.29578</ele><time>2018-04-03T01:58:10Z</time>
<extensions>
<gpx10:speed>0.8844397</gpx10:speed></extensions></trkpt>
<trkpt lat="37.5581668" lon="126.717485"><ele>164.3709</ele><time>2018-04-03T01:58:16Z</time>
<extensions>
<gpx10:speed>0.90229195</gpx10:speed></extensions></trkpt>
<trkpt lat="37.5582386" lon="126.7174163"><ele>164.77658</ele><time>2018-04-03T01:58:24Z</time>
<extensions>
<gpx10:speed>0.58071864</gpx10:speed></extensions></trkpt>
<trkpt lat="37.5583112" lon="126.7173285"><ele>165.20512</ele><time>2018-04-03T01:58:33Z</time>
<extensions>
<gpx10:speed>0.57388633</gpx10:speed></extensions></trkpt>
<trkpt lat="37.5583583" lon="126.7172273"><ele>165.52013</ele><time>2018-04-03T01:58:43Z</time>
<extensions>
<gpx10:speed>0.55774504</gpx10:speed></extensions></trkpt>
<trkpt lat="37.5584158" lon="126.7171385"><ele>165.74269</ele><time>2018-04-03T01:58:50Z</time>
<extensions>
<gpx10:speed>0.916583</gpx10:speed></extensions></trkpt>
<trkpt lat="37.558461" lon="126.7170382"><ele>166.25606</ele><time>2018-04-03T01:58:59Z</time>
<extensions>
<gpx10:speed>0.858097</gpx10:speed></extensions></trkpt>
<trkpt lat="37.558479" lon="126.7169247"><ele>166.92352</ele><time>2018-04-03T01:59:07Z</time>
<extensions>
<gpx10:speed>0.6115914</gpx10:speed></extensions></trkpt>
<trkpt lat="37.558495" lon="126.7168036"><ele>167.30809</ele><time>2018-04-03T01:59:17Z</time>
<extensions>
<gpx10:speed>0.40111306</gpx10:speed></extensions></trkpt>
<trkpt lat="37.5585378" lon="126.7167019"><ele>167.33572</ele><time>2018-04-03T01:59:25Z</time>
<extensions>
<gpx10:speed>0.6281233</gpx10:speed></extensions></trkpt>
<trkpt lat="37.5585883" lon="126.7166037"><ele>167.6717</ele><time>2018-04-03T01:59:32Z</time>
<extensions>
<gpx10:speed>0.35997477</gpx10:speed></extensions></trkpt>
<trkpt lat="37.5586452" lon="126.7165007"><ele>168.34502</ele><time>2018-04-03T01:59:42Z</time>
<extensions>
<gpx10:speed>0.48270643</gpx10:speed></extensions></trkpt>
<trkpt lat="37.5587036" lon="126.7164082"><ele>169.22455</ele><time>2018-04-03T01:59:52Z</time>
<extensions>
<gpx10:speed>0.51967514</gpx10:speed></extensions></trkpt>
<trkpt lat="37.5587762" lon="126.7163319"><ele>169.33841</ele><time>2018-04-03T02:00:01Z</time>
<extensions>
<gpx10:speed>0.0011815174</gpx10:speed></extensions></trkpt>
<trkpt lat="37.5587939" lon="126.7162099"><ele>170.12637</ele><time>2018-04-03T02:00:20Z</time>
<extensions>
<gpx10:speed>0.5744153</gpx10:speed></extensions></trkpt>
<trkpt lat="37.5588741" lon="126.7161446"><ele>171.1968</ele><time>2018-04-03T02:00:33Z</time>
<extensions>
<gpx10:speed>0.36346996</gpx10:speed></extensions></trkpt>
<trkpt lat="37.5589354" lon="126.7160543"><ele>171.36327</ele><time>2018-04-03T02:00:44Z</time>
<extensions>
<gpx10:speed>0.5809753</gpx10:speed></extensions></trkpt>
<trkpt lat="37.5589461" lon="126.7159341"><ele>171.83989</ele><time>2018-04-03T02:00:55Z</time>
<extensions>
<gpx10:speed>0.54967</gpx10:speed></extensions></trkpt>
<trkpt lat="37.5589045" lon="126.7158312"><ele>172.47072</ele><time>2018-04-03T02:01:05Z</time>
<extensions>
<gpx10:speed>0.5775887</gpx10:speed></extensions></trkpt>
<trkpt lat="37.5588394" lon="126.715745"><ele>173.77942</ele><time>2018-04-03T02:01:16Z</time>
<extensions>
<gpx10:speed>0.36884284</gpx10:speed></extensions></trkpt>
<trkpt lat="37.5587631" lon="126.7156727"><ele>175.97531</ele><time>2018-04-03T02:01:26Z</time>
<extensions>
<gpx10:speed>0.29254702</gpx10:speed></extensions></trkpt>
<trkpt lat="37.5587635" lon="126.7155494"><ele>178.01659</ele><time>2018-04-03T02:01:35Z</time>
<extensions>
<gpx10:speed>0.2753262</gpx10:speed></extensions></trkpt>
<trkpt lat="37.55878" lon="126.7154309"><ele>180.0322</ele><time>2018-04-03T02:01:43Z</time>
<extensions>
<gpx10:speed>0.46171176</gpx10:speed></extensions></trkpt>
<trkpt lat="37.5587983" lon="126.7153147"><ele>183.12946</ele><time>2018-04-03T02:01:56Z</time>
<extensions>
<gpx10:speed>0.3867432</gpx10:speed></extensions></trkpt>
<trkpt lat="37.5588184" lon="126.715195"><ele>184.85698</ele><time>2018-04-03T02:02:12Z</time>
<extensions>
<gpx10:speed>0.23534596</gpx10:speed></extensions></trkpt>
<trkpt lat="37.5588173" lon="126.7150748"><ele>186.66835</ele><time>2018-04-03T02:02:22Z</time>
<extensions>
<gpx10:speed>0.7458136</gpx10:speed></extensions></trkpt>
<trkpt lat="37.5588106" lon="126.7149463"><ele>188.42036</ele><time>2018-04-03T02:02:31Z</time>
<extensions>
<gpx10:speed>0.3755187</gpx10:speed></extensions></trkpt>
<trkpt lat="37.5588237" lon="126.7148343"><ele>189.71776</ele><time>2018-04-03T02:02:40Z</time>
<extensions>
<gpx10:speed>0.4300667</gpx10:speed></extensions></trkpt>
<trkpt lat="37.5587785" lon="126.7147306"><ele>191.10287</ele><time>2018-04-03T02:02:51Z</time>
<extensions>
<gpx10:speed>0.23377682</gpx10:speed></extensions></trkpt>
<trkpt lat="37.558742" lon="126.7146136"><ele>191.98836</ele><time>2018-04-03T02:03:00Z</time>
<extensions>
<gpx10:speed>0.4253865</gpx10:speed></extensions></trkpt>
<trkpt lat="37.5586551" lon="126.7145713"><ele>193.49649</ele><time>2018-04-03T02:03:19Z</time>
<extensions>
<gpx10:speed>0.38241404</gpx10:speed></extensions></trkpt>
<trkpt lat="37.5586596" lon="126.714458"><ele>193.14366</ele><time>2018-04-03T02:03:55Z</time>
<extensions>
<gpx10:speed>0.1849081</gpx10:speed></extensions></trkpt>
<trkpt lat="37.5586573" lon="126.7143376"><ele>193.1275</ele><time>2018-04-03T02:04:08Z</time>
<extensions>
<gpx10:speed>0.19061118</gpx10:speed></extensions></trkpt>
<trkpt lat="37.5586263" lon="126.7142281"><ele>193.80475</ele><time>2018-04-03T02:04:22Z</time>
<extensions>
<gpx10:speed>0.33338878</gpx10:speed></extensions></trkpt>
<trkpt lat="37.5586105" lon="126.7141109"><ele>194.61006</ele><time>2018-04-03T02:04:32Z</time>
<extensions>
<gpx10:speed>0.6707079</gpx10:speed></extensions></trkpt>
<trkpt lat="37.5585917" lon="126.7139996"><ele>196.26366</ele><time>2018-04-03T02:04:45Z</time>
<extensions>
<gpx10:speed>0.17268167</gpx10:speed></extensions></trkpt>
<trkpt lat="37.558595" lon="126.7138769"><ele>197.15913</ele><time>2018-04-03T02:04:52Z</time>
<extensions>
<gpx10:speed>0.6807932</gpx10:speed></extensions></trkpt>
<trkpt lat="37.558573" lon="126.7137645"><ele>197.68993</ele><time>2018-04-03T02:05:01Z</time>
<extensions>
<gpx10:speed>0.5290885</gpx10:speed></extensions></trkpt>
<trkpt lat="37.5585527" lon="126.7136537"><ele>198.30533</ele><time>2018-04-03T02:05:10Z</time>
<extensions>
<gpx10:speed>0.6799083</gpx10:speed></extensions></trkpt>
<trkpt lat="37.5585213" lon="126.7135401"><ele>198.8605</ele><time>2018-04-03T02:05:19Z</time>
<extensions>
<gpx10:speed>0.56227326</gpx10:speed></extensions></trkpt>
<trkpt lat="37.5584748" lon="126.7134429"><ele>198.79681</ele><time>2018-04-03T02:05:28Z</time>
<extensions>
<gpx10:speed>0.36310712</gpx10:speed></extensions></trkpt>
<trkpt lat="37.5584091" lon="126.7133642"><ele>199.17087</ele><time>2018-04-03T02:05:38Z</time>
<extensions>
<gpx10:speed>0.7591557</gpx10:speed></extensions></trkpt>
<trkpt lat="37.5583227" lon="126.7133185"><ele>199.94606</ele><time>2018-04-03T02:05:46Z</time>
<extensions>
<gpx10:speed>0.83475715</gpx10:speed></extensions></trkpt>
<trkpt lat="37.5582442" lon="126.7132508"><ele>202.05319</ele><time>2018-04-03T02:06:01Z</time>
<extensions>
<gpx10:speed>0.84695816</gpx10:speed></extensions></trkpt>
<trkpt lat="37.5581951" lon="126.7131537"><ele>202.59329</ele><time>2018-04-03T02:06:09Z</time>
<extensions>
<gpx10:speed>0.8318638</gpx10:speed></extensions></trkpt>
<trkpt lat="37.558174" lon="126.7130312"><ele>203.63914</ele><time>2018-04-03T02:06:15Z</time>
<extensions>
<gpx10:speed>0.9488761</gpx10:speed></extensions></trkpt>
<trkpt lat="37.5581715" lon="126.7129132"><ele>205.43935</ele><time>2018-04-03T02:06:25Z</time>
<extensions>
<gpx10:speed>0.5520979</gpx10:speed></extensions></trkpt>
<trkpt lat="37.558146" lon="126.7127981"><ele>206.71466</ele><time>2018-04-03T02:06:36Z</time>
<extensions>
<gpx10:speed>0.44874573</gpx10:speed></extensions></trkpt>
<trkpt lat="37.5581508" lon="126.7126841"><ele>207.5198</ele><time>2018-04-03T02:06:44Z</time>
<extensions>
<gpx10:speed>0.40535587</gpx10:speed></extensions></trkpt>
<trkpt lat="37.5581283" lon="126.712574"><ele>207.96011</ele><time>2018-04-03T02:06:53Z</time>
<extensions>
<gpx10:speed>0.7902732</gpx10:speed></extensions></trkpt>
<trkpt lat="37.5580635" lon="126.7124805"><ele>207.95152</ele><time>2018-04-03T02:06:59Z</time>
<extensions>
<gpx10:speed>0.9791278</gpx10:speed></extensions></trkpt>
<trkpt lat="37.5579694" lon="126.7124378"><ele>207.96326</ele><time>2018-04-03T02:07:08Z</time>
<extensions>
<gpx10:speed>0.34601802</gpx10:speed></extensions></trkpt>
<trkpt lat="37.557871" lon="126.7123891"><ele>207.78728</ele><time>2018-04-03T02:07:17Z</time>
<extensions>
<gpx10:speed>0.7104682</gpx10:speed></extensions></trkpt>
<trkpt lat="37.5577835" lon="126.7123569"><ele>207.84973</ele><time>2018-04-03T02:07:25Z</time>
<extensions>
<gpx10:speed>0.88483924</gpx10:speed></extensions></trkpt>
<trkpt lat="37.5577382" lon="126.7122564"><ele>207.93892</ele><time>2018-04-03T02:07:32Z</time>
<extensions>
<gpx10:speed>0.90832627</gpx10:speed></extensions></trkpt>
<trkpt lat="37.557684" lon="126.7121629"><ele>208.48033</ele><time>2018-04-03T02:07:42Z</time>
<extensions>
<gpx10:speed>1.0091481</gpx10:speed></extensions></trkpt>
<trkpt lat="37.5576674" lon="126.7120497"><ele>208.5421</ele><time>2018-04-03T02:07:52Z</time>
<extensions>
<gpx10:speed>0.4662246</gpx10:speed></extensions></trkpt>
<trkpt lat="37.5576696" lon="126.7119194"><ele>207.73868</ele><time>2018-04-03T02:07:59Z</time>
<extensions>
<gpx10:speed>0.52252257</gpx10:speed></extensions></trkpt>
<trkpt lat="37.5576538" lon="126.7117846"><ele>207.45312</ele><time>2018-04-03T02:08:05Z</time>
<extensions>
<gpx10:speed>0.73909986</gpx10:speed></extensions></trkpt>
<trkpt lat="37.5576638" lon="126.7116704"><ele>207.7103</ele><time>2018-04-03T02:08:11Z</time>
<extensions>
<gpx10:speed>0.69336295</gpx10:speed></extensions></trkpt>
<trkpt lat="37.5577256" lon="126.7115787"><ele>208.03506</ele><time>2018-04-03T02:08:20Z</time>
<extensions>
<gpx10:speed>0.5299539</gpx10:speed></extensions></trkpt>
<trkpt lat="37.55778" lon="126.7114782"><ele>208.01537</ele><time>2018-04-03T02:08:29Z</time>
<extensions>
<gpx10:speed>0.6994919</gpx10:speed></extensions></trkpt>
<trkpt lat="37.5578077" lon="126.7113682"><ele>207.94673</ele><time>2018-04-03T02:08:36Z</time>
<extensions>
<gpx10:speed>0.67195284</gpx10:speed></extensions></trkpt>
<trkpt lat="37.55785" lon="126.7112664"><ele>207.61794</ele><time>2018-04-03T02:08:42Z</time>
<extensions>
<gpx10:speed>0.8072297</gpx10:speed></extensions></trkpt>
<trkpt lat="37.5578752" lon="126.711151"><ele>207.2276</ele><time>2018-04-03T02:08:52Z</time>
<extensions>
<gpx10:speed>0.44429848</gpx10:speed></extensions></trkpt>
<trkpt lat="37.5578884" lon="126.7110358"><ele>207.50456</ele><time>2018-04-03T02:09:05Z</time>
<extensions>
<gpx10:speed>0.33950058</gpx10:speed></extensions></trkpt>
<trkpt lat="37.5578674" lon="126.7109115"><ele>207.07281</ele><time>2018-04-03T02:09:14Z</time>
<extensions>
<gpx10:speed>0.85258716</gpx10:speed></extensions></trkpt>
<trkpt lat="37.5577981" lon="126.7108169"><ele>206.88481</ele><time>2018-04-03T02:09:21Z</time>
<extensions>
<gpx10:speed>0.95673364</gpx10:speed></extensions></trkpt>
<trkpt lat="37.5576996" lon="126.7107913"><ele>207.04706</ele><time>2018-04-03T02:09:29Z</time>
<extensions>
<gpx10:speed>0.9071596</gpx10:speed></extensions></trkpt>
<trkpt lat="37.5576022" lon="126.7107857"><ele>207.0278</ele><time>2018-04-03T02:09:38Z</time>
<extensions>
<gpx10:speed>0.8591766</gpx10:speed></extensions></trkpt>
<trkpt lat="37.5575065" lon="126.7108065"><ele>206.61942</ele><time>2018-04-03T02:09:46Z</time>
<extensions>
<gpx10:speed>0.8512105</gpx10:speed></extensions></trkpt>
<trkpt lat="37.5574144" lon="126.7108017"><ele>205.91096</ele><time>2018-04-03T02:09:53Z</time>
<extensions>
<gpx10:speed>0.8215859</gpx10:speed></extensions></trkpt>
<trkpt lat="37.5573211" lon="126.7108045"><ele>204.8548</ele><time>2018-04-03T02:10:00Z</time>
<extensions>
<gpx10:speed>0.9413047</gpx10:speed></extensions></trkpt>
<trkpt lat="37.5572292" lon="126.7107874"><ele>203.52278</ele><time>2018-04-03T02:10:10Z</time>
<extensions>
<gpx10:speed>0.9231216</gpx10:speed></extensions></trkpt>
<trkpt lat="37.5571407" lon="126.7107643"><ele>203.43382</ele><time>2018-04-03T02:10:26Z</time>
<extensions>
<gpx10:speed>0.0520224</gpx10:speed></extensions></trkpt>
<trkpt lat="37.5571124" lon="126.7106503"><ele>202.83951</ele><time>2018-04-03T02:10:33Z</time>
<extensions>
<gpx10:speed>0.49732432</gpx10:speed></extensions></trkpt>
<trkpt lat="37.5571111" lon="126.7105176"><ele>201.86847</ele><time>2018-04-03T02:10:40Z</time>
<extensions>
<gpx10:speed>0.6407263</gpx10:speed></extensions></trkpt>
<trkpt lat="37.5571121" lon="126.7104004"><ele>201.24818</ele><time>2018-04-03T02:10:45Z</time>
<extensions>
<gpx10:speed>0.66150254</gpx10:speed></extensions></trkpt>
<trkpt lat="37.5571215" lon="126.7102873"><ele>200.66592</ele><time>2018-04-03T02:10:52Z</time>
<extensions>
<gpx10:speed>0.8470878</gpx10:speed></extensions></trkpt>
<trkpt lat="37.5571203" lon="126.7101693"><ele>200.44447</ele><time>2018-04-03T02:10:57Z</time>
<extensions>
<gpx10:speed>0.8932862</gpx10:speed></extensions></trkpt>
<trkpt lat="37.5571115" lon="126.7100332"><ele>200.44525</ele><time>2018-04-03T02:11:04Z</time>
<extensions>
<gpx10:speed>0.98957264</gpx10:speed></extensions></trkpt>
<trkpt lat="37.5570926" lon="126.7099108"><ele>200.532</ele><time>2018-04-03T02:11:12Z</time>
<extensions>
<gpx10:speed>1.0186473</gpx10:speed></extensions></trkpt>
<trkpt lat="37.5570396" lon="126.7098189"><ele>201.06091</ele><time>2018-04-03T02:11:23Z</time>
<extensions>
<gpx10:speed>0.9532318</gpx10:speed></extensions></trkpt>
<trkpt lat="37.5569959" lon="126.7097192"><ele>201.64487</ele><time>2018-04-03T02:11:30Z</time>
<extensions>
<gpx10:speed>1.0131587</gpx10:speed></extensions></trkpt>
<trkpt lat="37.5569072" lon="126.7096853"><ele>205.34</ele><time>2018-04-03T02:14:06Z</time>
<extensions>
<gpx10:speed>0.7808957</gpx10:speed></extensions></trkpt>
<trkpt lat="37.5568233" lon="126.7096332"><ele>205.42174</ele><time>2018-04-03T02:14:18Z</time>
<extensions>
<gpx10:speed>0.4208594</gpx10:speed></extensions></trkpt>
<trkpt lat="37.5567498" lon="126.70956"><ele>204.77896</ele><time>2018-04-03T02:14:27Z</time>
<extensions>
<gpx10:speed>0.74475634</gpx10:speed></extensions></trkpt>
<trkpt lat="37.5566911" lon="126.7094697"><ele>204.19298</ele><time>2018-04-03T02:14:37Z</time>
<extensions>
<gpx10:speed>0.7730438</gpx10:speed></extensions></trkpt>
<trkpt lat="37.5566028" lon="126.7094127"><ele>203.83876</ele><time>2018-04-03T02:14:46Z</time>
<extensions>
<gpx10:speed>0.6145318</gpx10:speed></extensions></trkpt>
<trkpt lat="37.5565222" lon="126.7093429"><ele>204.04727</ele><time>2018-04-03T02:14:55Z</time>
<extensions>
<gpx10:speed>0.92914826</gpx10:speed></extensions></trkpt>
<trkpt lat="37.556471" lon="126.7092443"><ele>204.14548</ele><time>2018-04-03T02:15:09Z</time>
<extensions>
<gpx10:speed>0.17428987</gpx10:speed></extensions></trkpt>
<trkpt lat="37.5563891" lon="126.7091947"><ele>203.03052</ele><time>2018-04-03T02:15:19Z</time>
<extensions>
<gpx10:speed>0.5509764</gpx10:speed></extensions></trkpt>
<trkpt lat="37.556297" lon="126.7091843"><ele>202.05411</ele><time>2018-04-03T02:15:26Z</time>
<extensions>
<gpx10:speed>0.79375476</gpx10:speed></extensions></trkpt>
<trkpt lat="37.5562298" lon="126.7090937"><ele>201.99332</ele><time>2018-04-03T02:15:34Z</time>
<extensions>
<gpx10:speed>0.7761635</gpx10:speed></extensions></trkpt>
<trkpt lat="37.5561852" lon="126.7089947"><ele>201.94035</ele><time>2018-04-03T02:15:42Z</time>
<extensions>
<gpx10:speed>0.80943596</gpx10:speed></extensions></trkpt>
<trkpt lat="37.5562094" lon="126.7088789"><ele>201.47743</ele><time>2018-04-03T02:15:51Z</time>
<extensions>
<gpx10:speed>0.655108</gpx10:speed></extensions></trkpt>
<trkpt lat="37.5562115" lon="126.70876"><ele>201.28535</ele><time>2018-04-03T02:16:02Z</time>
<extensions>
<gpx10:speed>0.46967784</gpx10:speed></extensions></trkpt>
<trkpt lat="37.5562086" lon="126.7086403"><ele>201.52986</ele><time>2018-04-03T02:16:11Z</time>
<extensions>
<gpx10:speed>0.90216136</gpx10:speed></extensions></trkpt>
<trkpt lat="37.5561791" lon="126.7085275"><ele>202.55997</ele><time>2018-04-03T02:16:15Z</time>
<extensions>
<gpx10:speed>0.9509817</gpx10:speed></extensions></trkpt>
<trkpt lat="37.5561961" lon="126.7084102"><ele>204.7724</ele><time>2018-04-03T02:16:23Z</time>
<extensions>
<gpx10:speed>0.6591857</gpx10:speed></extensions></trkpt>
<trkpt lat="37.5562217" lon="126.7082891"><ele>206.25793</ele><time>2018-04-03T02:16:31Z</time>
<extensions>
<gpx10:speed>0.69383913</gpx10:speed></extensions></trkpt>
<trkpt lat="37.556235" lon="126.7081693"><ele>207.18674</ele><time>2018-04-03T02:16:39Z</time>
<extensions>
<gpx10:speed>0.86168647</gpx10:speed></extensions></trkpt>
<trkpt lat="37.5562382" lon="126.7080516"><ele>207.22704</ele><time>2018-04-03T02:16:47Z</time>
<extensions>
<gpx10:speed>0.6659862</gpx10:speed></extensions></trkpt>
<trkpt lat="37.5562589" lon="126.707937"><ele>206.93365</ele><time>2018-04-03T02:16:55Z</time>
<extensions>
<gpx10:speed>0.6721808</gpx10:speed></extensions></trkpt>
<trkpt lat="37.5562642" lon="126.7078234"><ele>206.92166</ele><time>2018-04-03T02:17:03Z</time>
<extensions>
<gpx10:speed>0.69359195</gpx10:speed></extensions></trkpt>
<trkpt lat="37.5562175" lon="126.7077215"><ele>206.91675</ele><time>2018-04-03T02:17:28Z</time>
<extensions>
<gpx10:speed>0.26100278</gpx10:speed></extensions></trkpt>
<trkpt lat="37.5561716" lon="126.7078287"><ele>206.39182</ele><time>2018-04-03T02:18:51Z</time>
<extensions>
<gpx10:speed>0.28125313</gpx10:speed></extensions></trkpt>
<trkpt lat="37.5561012" lon="126.7079021"><ele>206.69476</ele><time>2018-04-03T02:19:14Z</time>
<extensions>
<gpx10:speed>0.21059428</gpx10:speed></extensions></trkpt>
<trkpt lat="37.5560211" lon="126.7079591"><ele>207.78392</ele><time>2018-04-03T02:19:27Z</time>
<extensions>
<gpx10:speed>0.50111085</gpx10:speed></extensions></trkpt>
<trkpt lat="37.5559745" lon="126.7080566"><ele>210.62442</ele><time>2018-04-03T02:19:48Z</time>
<extensions>
<gpx10:speed>0.031382326</gpx10:speed></extensions></trkpt>
<trkpt lat="37.5559178" lon="126.708159"><ele>214.70514</ele><time>2018-04-03T02:20:13Z</time>
<extensions>
<gpx10:speed>0.3027977</gpx10:speed></extensions></trkpt>
<trkpt lat="37.5558772" lon="126.7082614"><ele>216.66327</ele><time>2018-04-03T02:20:26Z</time>
<extensions>
<gpx10:speed>0.2907476</gpx10:speed></extensions></trkpt>
<trkpt lat="37.5557914" lon="126.7083091"><ele>220.2825</ele><time>2018-04-03T02:20:43Z</time>
<extensions>
<gpx10:speed>0.27139214</gpx10:speed></extensions></trkpt>
<trkpt lat="37.5557128" lon="126.7083789"><ele>223.54199</ele><time>2018-04-03T02:21:01Z</time>
<extensions>
<gpx10:speed>0.29350013</gpx10:speed></extensions></trkpt>
<trkpt lat="37.5556274" lon="126.7084174"><ele>228.05156</ele><time>2018-04-03T02:21:25Z</time>
<extensions>
<gpx10:speed>0.30152774</gpx10:speed></extensions></trkpt>
<trkpt lat="37.5555329" lon="126.7084099"><ele>231.2616</ele><time>2018-04-03T02:21:42Z</time>
<extensions>
<gpx10:speed>0.4415834</gpx10:speed></extensions></trkpt>
<trkpt lat="37.5554695" lon="126.7084934"><ele>233.53592</ele><time>2018-04-03T02:21:55Z</time>
<extensions>
<gpx10:speed>0.2717086</gpx10:speed></extensions></trkpt>
<trkpt lat="37.5553915" lon="126.7085582"><ele>236.51367</ele><time>2018-04-03T02:22:17Z</time>
<extensions>
<gpx10:speed>0.03229697</gpx10:speed></extensions></trkpt>
<trkpt lat="37.555319" lon="126.708635"><ele>239.52664</ele><time>2018-04-03T02:22:29Z</time>
<extensions>
<gpx10:speed>0.5012046</gpx10:speed></extensions></trkpt>
<trkpt lat="37.5552334" lon="126.708679"><ele>245.1545</ele><time>2018-04-03T02:22:53Z</time>
<extensions>
<gpx10:speed>0.045599267</gpx10:speed></extensions></trkpt>
<trkpt lat="37.5551475" lon="126.708718"><ele>249.62215</ele><time>2018-04-03T02:23:13Z</time>
<extensions>
<gpx10:speed>0.2077256</gpx10:speed></extensions></trkpt>
<trkpt lat="37.5550886" lon="126.7088054"><ele>254.07593</ele><time>2018-04-03T02:23:33Z</time>
<extensions>
<gpx10:speed>0.22602338</gpx10:speed></extensions></trkpt>
<trkpt lat="37.5550071" lon="126.7088578"><ele>256.11676</ele><time>2018-04-03T02:23:48Z</time>
<extensions>
<gpx10:speed>0.21450931</gpx10:speed></extensions></trkpt>
<trkpt lat="37.5549467" lon="126.7089455"><ele>259.8822</ele><time>2018-04-03T02:24:01Z</time>
<extensions>
<gpx10:speed>0.27957428</gpx10:speed></extensions></trkpt>
<trkpt lat="37.5548737" lon="126.7090187"><ele>263.7765</ele><time>2018-04-03T02:24:17Z</time>
<extensions>
<gpx10:speed>0.18901236</gpx10:speed></extensions></trkpt>
<trkpt lat="37.5548142" lon="126.7091075"><ele>268.5761</ele><time>2018-04-03T02:24:42Z</time>
<extensions>
<gpx10:speed>0.054148097</gpx10:speed></extensions></trkpt>
<trkpt lat="37.5547433" lon="126.7091997"><ele>271.87955</ele><time>2018-04-03T02:25:02Z</time>
<extensions>
<gpx10:speed>0.3316506</gpx10:speed></extensions></trkpt>
<trkpt lat="37.5546975" lon="126.7092971"><ele>273.838</ele><time>2018-04-03T02:25:09Z</time>
<extensions>
<gpx10:speed>0.325027</gpx10:speed></extensions></trkpt>
<trkpt lat="37.5546114" lon="126.7093356"><ele>277.59137</ele><time>2018-04-03T02:25:24Z</time>
<extensions>
<gpx10:speed>0.41578287</gpx10:speed></extensions></trkpt>
<trkpt lat="37.5545397" lon="126.7094218"><ele>280.57303</ele><time>2018-04-03T02:25:35Z</time>
<extensions>
<gpx10:speed>0.65245813</gpx10:speed></extensions></trkpt>
<trkpt lat="37.5544975" lon="126.7095268"><ele>282.9536</ele><time>2018-04-03T02:25:45Z</time>
<extensions>
<gpx10:speed>0.7266118</gpx10:speed></extensions></trkpt>
<trkpt lat="37.5544518" lon="126.7096327"><ele>284.51166</ele><time>2018-04-03T02:25:54Z</time>
<extensions>
<gpx10:speed>0.824964</gpx10:speed></extensions></trkpt>
<trkpt lat="37.5544173" lon="126.709741"><ele>286.05875</ele><time>2018-04-03T02:26:06Z</time>
<extensions>
<gpx10:speed>0.34731424</gpx10:speed></extensions></trkpt>
<trkpt lat="37.5543924" lon="126.7098532"><ele>288.28317</ele><time>2018-04-03T02:26:19Z</time>
<extensions>
<gpx10:speed>0.33681005</gpx10:speed></extensions></trkpt>
<trkpt lat="37.5543986" lon="126.7099727"><ele>290.9524</ele><time>2018-04-03T02:26:32Z</time>
<extensions>
<gpx10:speed>0.41960892</gpx10:speed></extensions></trkpt>
<trkpt lat="37.5543829" lon="126.7100959"><ele>293.24512</ele><time>2018-04-03T02:26:48Z</time>
<extensions>
<gpx10:speed>0.7291446</gpx10:speed></extensions></trkpt>
<trkpt lat="37.5543819" lon="126.7102127"><ele>295.691</ele><time>2018-04-03T02:27:00Z</time>
<extensions>
<gpx10:speed>0.4564711</gpx10:speed></extensions></trkpt>
<trkpt lat="37.5543614" lon="126.7103288"><ele>299.08484</ele><time>2018-04-03T02:27:18Z</time>
<extensions>
<gpx10:speed>0.03356987</gpx10:speed></extensions></trkpt>
<trkpt lat="37.5543424" lon="126.7104399"><ele>302.53397</ele><time>2018-04-03T02:27:42Z</time>
<extensions>
<gpx10:speed>0.04791237</gpx10:speed></extensions></trkpt>
<trkpt lat="37.5543424" lon="126.7105636"><ele>305.11502</ele><time>2018-04-03T02:28:04Z</time>
<extensions>
<gpx10:speed>0.25697616</gpx10:speed></extensions></trkpt>
<trkpt lat="37.554325" lon="126.7106771"><ele>307.52457</ele><time>2018-04-03T02:28:14Z</time>
<extensions>
<gpx10:speed>0.040679246</gpx10:speed></extensions></trkpt>
<trkpt lat="37.554264" lon="126.7107673"><ele>312.12537</ele><time>2018-04-03T02:28:30Z</time>
<extensions>
<gpx10:speed>0.2836831</gpx10:speed></extensions></trkpt>
<trkpt lat="37.5541963" lon="126.710842"><ele>317.32294</ele><time>2018-04-03T02:28:58Z</time>
<extensions>
<gpx10:speed>0.16253904</gpx10:speed></extensions></trkpt>
<trkpt lat="37.5541312" lon="126.71093"><ele>321.0237</ele><time>2018-04-03T02:29:12Z</time>
<extensions>
<gpx10:speed>0.26487595</gpx10:speed></extensions></trkpt>
<trkpt lat="37.5541069" lon="126.7110434"><ele>323.82254</ele><time>2018-04-03T02:29:24Z</time>
<extensions>
<gpx10:speed>0.5096448</gpx10:speed></extensions></trkpt>
<trkpt lat="37.5540698" lon="126.7111531"><ele>326.02902</ele><time>2018-04-03T02:29:34Z</time>
<extensions>
<gpx10:speed>0.7143781</gpx10:speed></extensions></trkpt>
<trkpt lat="37.5540251" lon="126.7112586"><ele>328.15604</ele><time>2018-04-03T02:29:47Z</time>
<extensions>
<gpx10:speed>0.57348406</gpx10:speed></extensions></trkpt>
<trkpt lat="37.5539823" lon="126.7113674"><ele>331.15863</ele><time>2018-04-03T02:30:00Z</time>
<extensions>
<gpx10:speed>0.408319</gpx10:speed></extensions></trkpt>
<trkpt lat="37.5539365" lon="126.7114704"><ele>333.57693</ele><time>2018-04-03T02:30:12Z</time>
<extensions>
<gpx10:speed>0.24061415</gpx10:speed></extensions></trkpt>
<trkpt lat="37.5538937" lon="126.71157"><ele>337.49435</ele><time>2018-04-03T02:30:33Z</time>
<extensions>
<gpx10:speed>0.28081644</gpx10:speed></extensions></trkpt>
<trkpt lat="37.5538677" lon="126.7116922"><ele>339.02682</ele><time>2018-04-03T02:30:41Z</time>
<extensions>
<gpx10:speed>0.8097678</gpx10:speed></extensions></trkpt>
<trkpt lat="37.5538141" lon="126.7117907"><ele>341.74527</ele><time>2018-04-03T02:30:55Z</time>
<extensions>
<gpx10:speed>0.35451996</gpx10:speed></extensions></trkpt>
<trkpt lat="37.5537456" lon="126.7118689"><ele>344.95868</ele><time>2018-04-03T02:31:10Z</time>
<extensions>
<gpx10:speed>0.2551416</gpx10:speed></extensions></trkpt>
<trkpt lat="37.5536549" lon="126.7118791"><ele>348.00818</ele><time>2018-04-03T02:31:25Z</time>
<extensions>
<gpx10:speed>0.27906013</gpx10:speed></extensions></trkpt>
<trkpt lat="37.5536015" lon="126.7119707"><ele>350.6934</ele><time>2018-04-03T02:31:36Z</time>
<extensions>
<gpx10:speed>0.4834553</gpx10:speed></extensions></trkpt>
<trkpt lat="37.5535525" lon="126.7120715"><ele>355.17755</ele><time>2018-04-03T02:31:56Z</time>
<extensions>
<gpx10:speed>0.4316394</gpx10:speed></extensions></trkpt>
<trkpt lat="37.5535165" lon="126.7121806"><ele>359.37802</ele><time>2018-04-03T02:32:14Z</time>
<extensions>
<gpx10:speed>0.29425386</gpx10:speed></extensions></trkpt>
<trkpt lat="37.5534668" lon="126.7122824"><ele>364.3132</ele><time>2018-04-03T02:32:40Z</time>
<extensions>
<gpx10:speed>0.24842964</gpx10:speed></extensions></trkpt>
<trkpt lat="37.5534141" lon="126.712377"><ele>366.66223</ele><time>2018-04-03T02:32:54Z</time>
<extensions>
<gpx10:speed>0.50038636</gpx10:speed></extensions></trkpt>
<trkpt lat="37.5533644" lon="126.7124761"><ele>369.243</ele><time>2018-04-03T02:33:08Z</time>
<extensions>
<gpx10:speed>0.869198</gpx10:speed></extensions></trkpt>
<trkpt lat="37.5534009" lon="126.7125809"><ele>371.79092</ele><time>2018-04-03T02:33:21Z</time>
<extensions>
<gpx10:speed>0.42781878</gpx10:speed></extensions></trkpt>
<trkpt lat="37.5534144" lon="126.7126997"><ele>373.47406</ele><time>2018-04-03T02:33:31Z</time>
<extensions>
<gpx10:speed>0.9149309</gpx10:speed></extensions></trkpt>
<trkpt lat="37.55345" lon="126.7128051"><ele>374.3746</ele><time>2018-04-03T02:33:41Z</time>
<extensions>
<gpx10:speed>0.4622976</gpx10:speed></extensions></trkpt>
<trkpt lat="37.5534728" lon="126.7129187"><ele>375.8508</ele><time>2018-04-03T02:33:54Z</time>
<extensions>
<gpx10:speed>0.64529663</gpx10:speed></extensions></trkpt>
<trkpt lat="37.5534711" lon="126.7130505"><ele>377.05222</ele><time>2018-04-03T02:34:03Z</time>
<extensions>
<gpx10:speed>0.93123066</gpx10:speed></extensions></trkpt>
<trkpt lat="37.5534902" lon="126.7131706"><ele>378.40906</ele><time>2018-04-03T02:34:17Z</time>
<extensions>
<gpx10:speed>0.7340402</gpx10:speed></extensions></trkpt>
<trkpt lat="37.5535124" lon="126.7132881"><ele>379.51605</ele><time>2018-04-03T02:34:28Z</time>
<extensions>
<gpx10:speed>0.35231787</gpx10:speed></extensions></trkpt>
<trkpt lat="37.5535563" lon="126.7133927"><ele>380.97116</ele><time>2018-04-03T02:34:38Z</time>
<extensions>
<gpx10:speed>0.6049703</gpx10:speed></extensions></trkpt>
<trkpt lat="37.5535321" lon="126.7135096"><ele>383.3005</ele><time>2018-04-03T02:34:54Z</time>
<extensions>
<gpx10:speed>1.0024598</gpx10:speed></extensions></trkpt>
<trkpt lat="37.5534989" lon="126.7136198"><ele>385.29523</ele><time>2018-04-03T02:35:04Z</time>
<extensions>
<gpx10:speed>0.47539225</gpx10:speed></extensions></trkpt>
<trkpt lat="37.5534921" lon="126.7137442"><ele>386.9183</ele><time>2018-04-03T02:35:27Z</time>
<extensions>
<gpx10:speed>0.8705704</gpx10:speed></extensions></trkpt>
<trkpt lat="37.5534231" lon="126.7138403"><ele>387.5856</ele><time>2018-04-03T02:35:34Z</time>
<extensions>
<gpx10:speed>0.8890607</gpx10:speed></extensions></trkpt>
<trkpt lat="37.5533514" lon="126.71392"><ele>388.5529</ele><time>2018-04-03T02:35:42Z</time>
<extensions>
<gpx10:speed>1.0667942</gpx10:speed></extensions></trkpt>
<trkpt lat="37.5532821" lon="126.7140036"><ele>389.766</ele><time>2018-04-03T02:35:51Z</time>
<extensions>
<gpx10:speed>0.9737266</gpx10:speed></extensions></trkpt>
<trkpt lat="37.5532792" lon="126.714117"><ele>391.90253</ele><time>2018-04-03T02:36:01Z</time>
<extensions>
<gpx10:speed>0.23685105</gpx10:speed></extensions></trkpt>
<trkpt lat="37.5532542" lon="126.7142389"><ele>399.1135</ele><time>2018-04-03T02:36:35Z</time>
<extensions>
<gpx10:speed>0.46683156</gpx10:speed></extensions></trkpt>
<trkpt lat="37.5531963" lon="126.7143348"><ele>400.35587</ele><time>2018-04-03T02:36:44Z</time>
<extensions>
<gpx10:speed>0.664959</gpx10:speed></extensions></trkpt>
<trkpt lat="37.5531668" lon="126.7144488"><ele>403.13788</ele><time>2018-04-03T02:37:02Z</time>
<extensions>
<gpx10:speed>0.5166329</gpx10:speed></extensions></trkpt>
<trkpt lat="37.5531641" lon="126.7145708"><ele>406.81876</ele><time>2018-04-03T02:37:28Z</time>
<extensions>
<gpx10:speed>0.47492287</gpx10:speed></extensions></trkpt>
<trkpt lat="37.5530668" lon="126.7145674"><ele>412.79294</ele><time>2018-04-03T02:41:54Z</time>
<extensions>
<gpx10:speed>0.6006882</gpx10:speed></extensions></trkpt>
<trkpt lat="37.5531393" lon="126.7144964"><ele>412.5217</ele><time>2018-04-03T02:43:47Z</time>
<extensions>
<gpx10:speed>0.051094227</gpx10:speed></extensions></trkpt>
<trkpt lat="37.5531519" lon="126.7146102"><ele>412.24454</ele><time>2018-04-03T02:49:18Z</time>
<extensions>
<gpx10:speed>0.0050467607</gpx10:speed></extensions></trkpt>
<trkpt lat="37.5532251" lon="126.7145353"><ele>412.33063</ele><time>2018-04-03T02:49:51Z</time>
<extensions>
<gpx10:speed>0.1775229</gpx10:speed></extensions></trkpt>
<trkpt lat="37.5531639" lon="126.7144508"><ele>415.2106</ele><time>2018-04-03T02:54:42Z</time>
<extensions>
<gpx10:speed>0.35400873</gpx10:speed></extensions></trkpt>
<trkpt lat="37.5531893" lon="126.7143321"><ele>413.3496</ele><time>2018-04-03T02:55:11Z</time>
<extensions>
<gpx10:speed>0.5802038</gpx10:speed></extensions></trkpt>
<trkpt lat="37.5532595" lon="126.71426"><ele>412.7066</ele><time>2018-04-03T02:55:28Z</time>
<extensions>
<gpx10:speed>0.14840618</gpx10:speed></extensions></trkpt>
<trkpt lat="37.5533289" lon="126.7141753"><ele>412.04047</ele><time>2018-04-03T02:55:39Z</time>
<extensions>
<gpx10:speed>0.010523147</gpx10:speed></extensions></trkpt>
<trkpt lat="37.5532787" lon="126.7140723"><ele>409.59656</ele><time>2018-04-03T02:56:01Z</time>
<extensions>
<gpx10:speed>0.25049725</gpx10:speed></extensions></trkpt>
<trkpt lat="37.5533469" lon="126.7139868"><ele>406.79483</ele><time>2018-04-03T02:56:20Z</time>
<extensions>
<gpx10:speed>0.28446367</gpx10:speed></extensions></trkpt>
<trkpt lat="37.5534246" lon="126.7139226"><ele>403.3015</ele><time>2018-04-03T02:56:33Z</time>
<extensions>
<gpx10:speed>0.77201927</gpx10:speed></extensions></trkpt>
<trkpt lat="37.553453" lon="126.7138097"><ele>400.88348</ele><time>2018-04-03T02:56:45Z</time>
<extensions>
<gpx10:speed>0.56815016</gpx10:speed></extensions></trkpt>
<trkpt lat="37.5535178" lon="126.7137257"><ele>399.79727</ele><time>2018-04-03T02:56:54Z</time>
<extensions>
<gpx10:speed>1.0127887</gpx10:speed></extensions></trkpt>
<trkpt lat="37.5535427" lon="126.7136155"><ele>398.21277</ele><time>2018-04-03T02:57:06Z</time>
<extensions>
<gpx10:speed>0.94231296</gpx10:speed></extensions></trkpt>
<trkpt lat="37.5535547" lon="126.7135012"><ele>395.40518</ele><time>2018-04-03T02:57:23Z</time>
<extensions>
<gpx10:speed>0.17081042</gpx10:speed></extensions></trkpt>
<trkpt lat="37.5535348" lon="126.7133809"><ele>393.94116</ele><time>2018-04-03T02:57:34Z</time>
<extensions>
<gpx10:speed>0.23033935</gpx10:speed></extensions></trkpt>
<trkpt lat="37.5535126" lon="126.7132592"><ele>392.93567</ele><time>2018-04-03T02:57:49Z</time>
<extensions>
<gpx10:speed>0.25143564</gpx10:speed></extensions></trkpt>
<trkpt lat="37.5534801" lon="126.7131452"><ele>391.6805</ele><time>2018-04-03T02:58:09Z</time>
<extensions>
<gpx10:speed>0.45068228</gpx10:speed></extensions></trkpt>
<trkpt lat="37.5534575" lon="126.7130275"><ele>389.61978</ele><time>2018-04-03T02:58:25Z</time>
<extensions>
<gpx10:speed>0.48161426</gpx10:speed></extensions></trkpt>
<trkpt lat="37.5534613" lon="126.7129122"><ele>388.09018</ele><time>2018-04-03T02:58:34Z</time>
<extensions>
<gpx10:speed>0.7457506</gpx10:speed></extensions></trkpt>
<trkpt lat="37.5534169" lon="126.7128109"><ele>386.82114</ele><time>2018-04-03T02:58:45Z</time>
<extensions>
<gpx10:speed>0.7150667</gpx10:speed></extensions></trkpt>
<trkpt lat="37.5533956" lon="126.712695"><ele>385.35165</ele><time>2018-04-03T02:58:57Z</time>
<extensions>
<gpx10:speed>0.8021928</gpx10:speed></extensions></trkpt>
<trkpt lat="37.5533658" lon="126.7125791"><ele>385.1517</ele><time>2018-04-03T02:59:44Z</time>
<extensions>
<gpx10:speed>0.87685204</gpx10:speed></extensions></trkpt>
<trkpt lat="37.5532878" lon="126.7125169"><ele>384.40076</ele><time>2018-04-03T03:00:08Z</time>
<extensions>
<gpx10:speed>0.80059004</gpx10:speed></extensions></trkpt>
<trkpt lat="37.5532108" lon="126.7124428"><ele>383.97614</ele><time>2018-04-03T03:00:18Z</time>
<extensions>
<gpx10:speed>1.1899549</gpx10:speed></extensions></trkpt>
<trkpt lat="37.5531468" lon="126.7123583"><ele>383.6856</ele><time>2018-04-03T03:00:28Z</time>
<extensions>
<gpx10:speed>0.70825887</gpx10:speed></extensions></trkpt>
<trkpt lat="37.5530681" lon="126.7123012"><ele>384.19077</ele><time>2018-04-03T03:01:02Z</time>
<extensions>
<gpx10:speed>0.1597615</gpx10:speed></extensions></trkpt>
<trkpt lat="37.5530268" lon="126.7121938"><ele>385.00864</ele><time>2018-04-03T03:01:24Z</time>
<extensions>
<gpx10:speed>0.575634</gpx10:speed></extensions></trkpt>
<trkpt lat="37.5529801" lon="126.7120929"><ele>381.84964</ele><time>2018-04-03T03:01:55Z</time>
<extensions>
<gpx10:speed>0.31405193</gpx10:speed></extensions></trkpt>
<trkpt lat="37.5529263" lon="126.7119985"><ele>379.59818</ele><time>2018-04-03T03:02:12Z</time>
<extensions>
<gpx10:speed>0.44298655</gpx10:speed></extensions></trkpt>
<trkpt lat="37.5529117" lon="126.7118786"><ele>375.81772</ele><time>2018-04-03T03:02:38Z</time>
<extensions>
<gpx10:speed>0.42618567</gpx10:speed></extensions></trkpt>
<trkpt lat="37.5528462" lon="126.7117786"><ele>372.8301</ele><time>2018-04-03T03:02:53Z</time>
<extensions>
<gpx10:speed>0.4644427</gpx10:speed></extensions></trkpt>
<trkpt lat="37.5527948" lon="126.7116785"><ele>370.6543</ele><time>2018-04-03T03:03:09Z</time>
<extensions>
<gpx10:speed>0.86167926</gpx10:speed></extensions></trkpt>
<trkpt lat="37.5527161" lon="126.7115986"><ele>368.50635</ele><time>2018-04-03T03:03:25Z</time>
<extensions>
<gpx10:speed>0.91337377</gpx10:speed></extensions></trkpt>
<trkpt lat="37.5526783" lon="126.7114948"><ele>366.71768</ele><time>2018-04-03T03:03:35Z</time>
<extensions>
<gpx10:speed>0.79497564</gpx10:speed></extensions></trkpt>
<trkpt lat="37.5526384" lon="126.711391"><ele>364.40332</ele><time>2018-04-03T03:03:47Z</time>
<extensions>
<gpx10:speed>0.71502376</gpx10:speed></extensions></trkpt>
<trkpt lat="37.5525675" lon="126.7113086"><ele>361.6042</ele><time>2018-04-03T03:04:04Z</time>
<extensions>
<gpx10:speed>0.4469788</gpx10:speed></extensions></trkpt>
<trkpt lat="37.5525128" lon="126.7112175"><ele>358.6889</ele><time>2018-04-03T03:04:19Z</time>
<extensions>
<gpx10:speed>0.4843747</gpx10:speed></extensions></trkpt>
<trkpt lat="37.5524372" lon="126.7111465"><ele>355.91003</ele><time>2018-04-03T03:04:39Z</time>
<extensions>
<gpx10:speed>0.33973166</gpx10:speed></extensions></trkpt>
<trkpt lat="37.5523847" lon="126.7110536"><ele>352.51785</ele><time>2018-04-03T03:05:09Z</time>
<extensions>
<gpx10:speed>0.15342022</gpx10:speed></extensions></trkpt>
<trkpt lat="37.5523745" lon="126.7109315"><ele>350.1711</ele><time>2018-04-03T03:05:34Z</time>
<extensions>
<gpx10:speed>0.48979956</gpx10:speed></extensions></trkpt>
<trkpt lat="37.5523577" lon="126.7108156"><ele>347.89218</ele><time>2018-04-03T03:05:46Z</time>
<extensions>
<gpx10:speed>0.5128935</gpx10:speed></extensions></trkpt>
<trkpt lat="37.5522863" lon="126.7107457"><ele>346.00064</ele><time>2018-04-03T03:05:58Z</time>
<extensions>
<gpx10:speed>0.56775284</gpx10:speed></extensions></trkpt>
<trkpt lat="37.5522271" lon="126.7106488"><ele>344.93826</ele><time>2018-04-03T03:06:07Z</time>
<extensions>
<gpx10:speed>0.3670736</gpx10:speed></extensions></trkpt>
<trkpt lat="37.5521598" lon="126.7105641"><ele>342.9296</ele><time>2018-04-03T03:06:21Z</time>
<extensions>
<gpx10:speed>0.41455314</gpx10:speed></extensions></trkpt>
<trkpt lat="37.5521166" lon="126.7104635"><ele>341.87042</ele><time>2018-04-03T03:06:32Z</time>
<extensions>
<gpx10:speed>0.473283</gpx10:speed></extensions></trkpt>
<trkpt lat="37.5520459" lon="126.7103901"><ele>340.48663</ele><time>2018-04-03T03:06:47Z</time>
<extensions>
<gpx10:speed>0.4989916</gpx10:speed></extensions></trkpt>
<trkpt lat="37.5519873" lon="126.7103"><ele>337.99527</ele><time>2018-04-03T03:07:06Z</time>
<extensions>
<gpx10:speed>0.6193002</gpx10:speed></extensions></trkpt>
<trkpt lat="37.5519098" lon="126.7102286"><ele>337.0272</ele><time>2018-04-03T03:07:15Z</time>
<extensions>
<gpx10:speed>0.6285162</gpx10:speed></extensions></trkpt>
<trkpt lat="37.5518152" lon="126.7102132"><ele>336.77255</ele><time>2018-04-03T03:07:28Z</time>
<extensions>
<gpx10:speed>0.35868564</gpx10:speed></extensions></trkpt>
<trkpt lat="37.5517619" lon="126.7101136"><ele>335.8618</ele><time>2018-04-03T03:08:04Z</time>
<extensions>
<gpx10:speed>0.014294101</gpx10:speed></extensions></trkpt>
<trkpt lat="37.5517718" lon="126.7102276"><ele>336.30997</ele><time>2018-04-03T03:26:01Z</time>
<extensions>
<gpx10:speed>0.35281393</gpx10:speed></extensions></trkpt>
<trkpt lat="37.5516779" lon="126.7102195"><ele>334.3121</ele><time>2018-04-03T03:26:28Z</time>
<extensions>
<gpx10:speed>0.43941253</gpx10:speed></extensions></trkpt>
<trkpt lat="37.551582" lon="126.710209"><ele>331.3391</ele><time>2018-04-03T03:26:56Z</time>
<extensions>
<gpx10:speed>0.91540563</gpx10:speed></extensions></trkpt>
<trkpt lat="37.551487" lon="126.7101932"><ele>328.00684</ele><time>2018-04-03T03:27:07Z</time>
<extensions>
<gpx10:speed>0.6611382</gpx10:speed></extensions></trkpt>
<trkpt lat="37.5513998" lon="126.7101576"><ele>324.30148</ele><time>2018-04-03T03:27:21Z</time>
<extensions>
<gpx10:speed>0.7168385</gpx10:speed></extensions></trkpt>
<trkpt lat="37.5513111" lon="126.7101323"><ele>322.11456</ele><time>2018-04-03T03:27:32Z</time>
<extensions>
<gpx10:speed>0.8319963</gpx10:speed></extensions></trkpt>
<trkpt lat="37.5512162" lon="126.7100899"><ele>320.88254</ele><time>2018-04-03T03:27:42Z</time>
<extensions>
<gpx10:speed>0.83349866</gpx10:speed></extensions></trkpt>
<trkpt lat="37.551126" lon="126.7101067"><ele>318.71008</ele><time>2018-04-03T03:28:09Z</time>
<extensions>
<gpx10:speed>0.40141302</gpx10:speed></extensions></trkpt>
<trkpt lat="37.5510272" lon="126.7101345"><ele>315.47787</ele><time>2018-04-03T03:28:24Z</time>
<extensions>
<gpx10:speed>0.30513704</gpx10:speed></extensions></trkpt>
<trkpt lat="37.5509402" lon="126.7100793"><ele>313.75388</ele><time>2018-04-03T03:28:34Z</time>
<extensions>
<gpx10:speed>0.7515164</gpx10:speed></extensions></trkpt>
<trkpt lat="37.5508488" lon="126.7100479"><ele>311.52246</ele><time>2018-04-03T03:28:50Z</time>
<extensions>
<gpx10:speed>0.5766469</gpx10:speed></extensions></trkpt>
<trkpt lat="37.5507578" lon="126.7100301"><ele>309.10614</ele><time>2018-04-03T03:29:07Z</time>
<extensions>
<gpx10:speed>0.4549056</gpx10:speed></extensions></trkpt>
<trkpt lat="37.5506931" lon="126.7099502"><ele>307.03687</ele><time>2018-04-03T03:29:21Z</time>
<extensions>
<gpx10:speed>0.50980955</gpx10:speed></extensions></trkpt>
<trkpt lat="37.5505992" lon="126.7099325"><ele>303.77203</ele><time>2018-04-03T03:29:44Z</time>
<extensions>
<gpx10:speed>0.54838806</gpx10:speed></extensions></trkpt>
<trkpt lat="37.5505058" lon="126.709933"><ele>301.75607</ele><time>2018-04-03T03:29:55Z</time>
<extensions>
<gpx10:speed>0.40817136</gpx10:speed></extensions></trkpt>
<trkpt lat="37.5504186" lon="126.7098874"><ele>298.71155</ele><time>2018-04-03T03:30:15Z</time>
<extensions>
<gpx10:speed>0.39563632</gpx10:speed></extensions></trkpt>
<trkpt lat="37.5503407" lon="126.7098289"><ele>295.9265</ele><time>2018-04-03T03:30:35Z</time>
<extensions>
<gpx10:speed>0.29959592</gpx10:speed></extensions></trkpt>
<trkpt lat="37.5502811" lon="126.7097302"><ele>293.797</ele><time>2018-04-03T03:30:54Z</time>
<extensions>
<gpx10:speed>0.9549013</gpx10:speed></extensions></trkpt>
<trkpt lat="37.5501926" lon="126.709703"><ele>291.3227</ele><time>2018-04-03T03:31:12Z</time>
<extensions>
<gpx10:speed>0.49383634</gpx10:speed></extensions></trkpt>
<trkpt lat="37.550121" lon="126.7096327"><ele>288.65536</ele><time>2018-04-03T03:31:29Z</time>
<extensions>
<gpx10:speed>0.3364955</gpx10:speed></extensions></trkpt>
<trkpt lat="37.5500504" lon="126.709561"><ele>285.61765</ele><time>2018-04-03T03:31:45Z</time>
<extensions>
<gpx10:speed>0.533287</gpx10:speed></extensions></trkpt>
<trkpt lat="37.5500212" lon="126.7094532"><ele>282.7972</ele><time>2018-04-03T03:32:05Z</time>
<extensions>
<gpx10:speed>0.22458005</gpx10:speed></extensions></trkpt>
<trkpt lat="37.550008" lon="126.7093397"><ele>279.34988</ele><time>2018-04-03T03:32:31Z</time>
<extensions>
<gpx10:speed>0.24265812</gpx10:speed></extensions></trkpt>
<trkpt lat="37.5499409" lon="126.7092593"><ele>276.69196</ele><time>2018-04-03T03:32:46Z</time>
<extensions>
<gpx10:speed>0.3886449</gpx10:speed></extensions></trkpt>
<trkpt lat="37.5499165" lon="126.70915"><ele>273.1125</ele><time>2018-04-03T03:33:19Z</time>
<extensions>
<gpx10:speed>0.30466682</gpx10:speed></extensions></trkpt>
<trkpt lat="37.5499051" lon="126.7090362"><ele>270.16013</ele><time>2018-04-03T03:33:42Z</time>
<extensions>
<gpx10:speed>0.22790614</gpx10:speed></extensions></trkpt>
<trkpt lat="37.5498787" lon="126.7089243"><ele>267.2614</ele><time>2018-04-03T03:34:04Z</time>
<extensions>
<gpx10:speed>0.050062675</gpx10:speed></extensions></trkpt>
<trkpt lat="37.5497872" lon="126.7088884"><ele>263.3128</ele><time>2018-04-03T03:34:30Z</time>
<extensions>
<gpx10:speed>0.2701911</gpx10:speed></extensions></trkpt>
<trkpt lat="37.5497157" lon="126.7088136"><ele>259.23535</ele><time>2018-04-03T03:34:50Z</time>
<extensions>
<gpx10:speed>0.26970476</gpx10:speed></extensions></trkpt>
<trkpt lat="37.5496496" lon="126.7087325"><ele>254.3711</ele><time>2018-04-03T03:35:16Z</time>
<extensions>
<gpx10:speed>0.26297304</gpx10:speed></extensions></trkpt>
<trkpt lat="37.5495565" lon="126.7087586"><ele>248.69987</ele><time>2018-04-03T03:35:43Z</time>
<extensions>
<gpx10:speed>0.25973547</gpx10:speed></extensions></trkpt>
<trkpt lat="37.5494779" lon="126.7086957"><ele>243.1222</ele><time>2018-04-03T03:36:11Z</time>
<extensions>
<gpx10:speed>0.17644052</gpx10:speed></extensions></trkpt>
<trkpt lat="37.549408" lon="126.7086228"><ele>238.28546</ele><time>2018-04-03T03:36:30Z</time>
<extensions>
<gpx10:speed>0.26646447</gpx10:speed></extensions></trkpt>
<trkpt lat="37.5493381" lon="126.7085486"><ele>231.24966</ele><time>2018-04-03T03:36:55Z</time>
<extensions>
<gpx10:speed>0.36841616</gpx10:speed></extensions></trkpt>
<trkpt lat="37.5492462" lon="126.7085429"><ele>228.68373</ele><time>2018-04-03T03:37:15Z</time>
<extensions>
<gpx10:speed>0.060265325</gpx10:speed></extensions></trkpt>
<trkpt lat="37.5491799" lon="126.7084591"><ele>226.84215</ele><time>2018-04-03T03:37:34Z</time>
<extensions>
<gpx10:speed>0.21021268</gpx10:speed></extensions></trkpt>
<trkpt lat="37.5491117" lon="126.708384"><ele>223.57129</ele><time>2018-04-03T03:37:56Z</time>
<extensions>
<gpx10:speed>0.31567684</gpx10:speed></extensions></trkpt>
<trkpt lat="37.5490203" lon="126.7083926"><ele>219.3774</ele><time>2018-04-03T03:38:16Z</time>
<extensions>
<gpx10:speed>0.32027635</gpx10:speed></extensions></trkpt>
<trkpt lat="37.5489282" lon="126.7083721"><ele>214.48933</ele><time>2018-04-03T03:38:42Z</time>
<extensions>
<gpx10:speed>0.31784093</gpx10:speed></extensions></trkpt>
<trkpt lat="37.5488516" lon="126.7083064"><ele>210.06334</ele><time>2018-04-03T03:39:08Z</time>
<extensions>
<gpx10:speed>0.6533859</gpx10:speed></extensions></trkpt>
<trkpt lat="37.5487942" lon="126.7082149"><ele>205.8583</ele><time>2018-04-03T03:39:28Z</time>
<extensions>
<gpx10:speed>0.57153624</gpx10:speed></extensions></trkpt>
<trkpt lat="37.5487237" lon="126.7081379"><ele>200.85054</ele><time>2018-04-03T03:39:50Z</time>
<extensions>
<gpx10:speed>0.4738815</gpx10:speed></extensions></trkpt>
<trkpt lat="37.5486541" lon="126.7080659"><ele>197.40948</ele><time>2018-04-03T03:40:11Z</time>
<extensions>
<gpx10:speed>0.460054</gpx10:speed></extensions></trkpt>
<trkpt lat="37.548565" lon="126.7080364"><ele>192.31006</ele><time>2018-04-03T03:40:44Z</time>
<extensions>
<gpx10:speed>0.14051577</gpx10:speed></extensions></trkpt>
<trkpt lat="37.5484932" lon="126.7079659"><ele>188.37473</ele><time>2018-04-03T03:41:07Z</time>
<extensions>
<gpx10:speed>0.23414402</gpx10:speed></extensions></trkpt>
<trkpt lat="37.5484263" lon="126.7078891"><ele>184.65817</ele><time>2018-04-03T03:41:26Z</time>
<extensions>
<gpx10:speed>0.47173455</gpx10:speed></extensions></trkpt>
<trkpt lat="37.548356" lon="126.7078155"><ele>180.73195</ele><time>2018-04-03T03:41:53Z</time>
<extensions>
<gpx10:speed>0.16491503</gpx10:speed></extensions></trkpt>
<trkpt lat="37.5482852" lon="126.707745"><ele>177.23448</ele><time>2018-04-03T03:42:10Z</time>
<extensions>
<gpx10:speed>0.5916878</gpx10:speed></extensions></trkpt>
<trkpt lat="37.5481927" lon="126.7077262"><ele>174.11981</ele><time>2018-04-03T03:42:24Z</time>
<extensions>
<gpx10:speed>0.39162716</gpx10:speed></extensions></trkpt>
<trkpt lat="37.5480964" lon="126.7077416"><ele>168.6197</ele><time>2018-04-03T03:43:24Z</time>
<extensions>
<gpx10:speed>0.42748675</gpx10:speed></extensions></trkpt>
<trkpt lat="37.5480326" lon="126.7078255"><ele>167.33583</ele><time>2018-04-03T03:43:34Z</time>
<extensions>
<gpx10:speed>0.78574955</gpx10:speed></extensions></trkpt>
<trkpt lat="37.5479564" lon="126.707895"><ele>164.60919</ele><time>2018-04-03T03:43:59Z</time>
<extensions>
<gpx10:speed>0.52221835</gpx10:speed></extensions></trkpt>
<trkpt lat="37.547898" lon="126.7079999"><ele>163.06606</ele><time>2018-04-03T03:44:08Z</time>
<extensions>
<gpx10:speed>1.014156</gpx10:speed></extensions></trkpt>
<trkpt lat="37.5478478" lon="126.7081001"><ele>159.5044</ele><time>2018-04-03T03:44:36Z</time>
<extensions>
<gpx10:speed>0.6343948</gpx10:speed></extensions></trkpt>
<trkpt lat="37.5478722" lon="126.7082241"><ele>158.15823</ele><time>2018-04-03T03:44:45Z</time>
<extensions>
<gpx10:speed>0.62675405</gpx10:speed></extensions></trkpt>
<trkpt lat="37.5478025" lon="126.7083097"><ele>156.86665</ele><time>2018-04-03T03:44:53Z</time>
<extensions>
<gpx10:speed>0.6811659</gpx10:speed></extensions></trkpt>
<trkpt lat="37.5478477" lon="126.7084183"><ele>154.7086</ele><time>2018-04-03T03:45:29Z</time>
<extensions>
<gpx10:speed>1.200397</gpx10:speed></extensions></trkpt>
<trkpt lat="37.547793" lon="126.7085233"><ele>153.86987</ele><time>2018-04-03T03:45:37Z</time>
<extensions>
<gpx10:speed>1.0015498</gpx10:speed></extensions></trkpt>
<trkpt lat="37.5477199" lon="126.708592"><ele>153.0369</ele><time>2018-04-03T03:45:44Z</time>
<extensions>
<gpx10:speed>0.97853184</gpx10:speed></extensions></trkpt>
<trkpt lat="37.5476467" lon="126.7086734"><ele>152.37106</ele><time>2018-04-03T03:45:51Z</time>
<extensions>
<gpx10:speed>1.012872</gpx10:speed></extensions></trkpt>
<trkpt lat="37.5476268" lon="126.708787"><ele>152.07652</ele><time>2018-04-03T03:45:59Z</time>
<extensions>
<gpx10:speed>0.84461194</gpx10:speed></extensions></trkpt>
<trkpt lat="37.5476332" lon="126.7089064"><ele>151.69193</ele><time>2018-04-03T03:46:07Z</time>
<extensions>
<gpx10:speed>0.45370397</gpx10:speed></extensions></trkpt>
<trkpt lat="37.5475765" lon="126.7090026"><ele>150.99232</ele><time>2018-04-03T03:46:14Z</time>
<extensions>
<gpx10:speed>0.70890933</gpx10:speed></extensions></trkpt>
<trkpt lat="37.5475125" lon="126.709093"><ele>149.82336</ele><time>2018-04-03T03:46:25Z</time>
<extensions>
<gpx10:speed>0.6077736</gpx10:speed></extensions></trkpt>
<trkpt lat="37.5474753" lon="126.7092014"><ele>148.86406</ele><time>2018-04-03T03:46:34Z</time>
<extensions>
<gpx10:speed>0.53863007</gpx10:speed></extensions></trkpt>
<trkpt lat="37.5474784" lon="126.7093273"><ele>148.02132</ele><time>2018-04-03T03:46:45Z</time>
<extensions>
<gpx10:speed>0.6958856</gpx10:speed></extensions></trkpt>
<trkpt lat="37.5474817" lon="126.7094455"><ele>147.24176</ele><time>2018-04-03T03:46:54Z</time>
<extensions>
<gpx10:speed>0.6965159</gpx10:speed></extensions></trkpt>
<trkpt lat="37.5474438" lon="126.7095552"><ele>146.0406</ele><time>2018-04-03T03:47:06Z</time>
<extensions>
<gpx10:speed>0.64345634</gpx10:speed></extensions></trkpt>
<trkpt lat="37.5474228" lon="126.7096665"><ele>144.9294</ele><time>2018-04-03T03:47:15Z</time>
<extensions>
<gpx10:speed>0.80923295</gpx10:speed></extensions></trkpt>
<trkpt lat="37.5473653" lon="126.7097665"><ele>143.42906</ele><time>2018-04-03T03:47:26Z</time>
<extensions>
<gpx10:speed>0.8092894</gpx10:speed></extensions></trkpt>
<trkpt lat="37.5473304" lon="126.7098765"><ele>141.86365</ele><time>2018-04-03T03:47:36Z</time>
<extensions>
<gpx10:speed>0.78660256</gpx10:speed></extensions></trkpt>
<trkpt lat="37.5472873" lon="126.7099913"><ele>140.61453</ele><time>2018-04-03T03:47:44Z</time>
<extensions>
<gpx10:speed>0.9172151</gpx10:speed></extensions></trkpt>
<trkpt lat="37.5472288" lon="126.7100804"><ele>138.93565</ele><time>2018-04-03T03:47:55Z</time>
<extensions>
<gpx10:speed>0.93947303</gpx10:speed></extensions></trkpt>
<trkpt lat="37.547171" lon="126.7101762"><ele>136.32251</ele><time>2018-04-03T03:48:08Z</time>
<extensions>
<gpx10:speed>0.58960456</gpx10:speed></extensions></trkpt>
<trkpt lat="37.5471306" lon="126.7102873"><ele>134.45392</ele><time>2018-04-03T03:48:18Z</time>
<extensions>
<gpx10:speed>0.69775194</gpx10:speed></extensions></trkpt>
<trkpt lat="37.5470868" lon="126.7103885"><ele>132.8988</ele><time>2018-04-03T03:48:28Z</time>
<extensions>
<gpx10:speed>0.4230592</gpx10:speed></extensions></trkpt>
<trkpt lat="37.5470692" lon="126.710504"><ele>131.55531</ele><time>2018-04-03T03:48:39Z</time>
<extensions>
<gpx10:speed>0.6034006</gpx10:speed></extensions></trkpt>
<trkpt lat="37.5470042" lon="126.7105887"><ele>129.93018</ele><time>2018-04-03T03:48:49Z</time>
<extensions>
<gpx10:speed>0.7640004</gpx10:speed></extensions></trkpt>
<trkpt lat="37.5469597" lon="126.7106951"><ele>128.81172</ele><time>2018-04-03T03:48:56Z</time>
<extensions>
<gpx10:speed>0.8730261</gpx10:speed></extensions></trkpt>
<trkpt lat="37.5469419" lon="126.7108151"><ele>127.10378</ele><time>2018-04-03T03:49:10Z</time>
<extensions>
<gpx10:speed>0.64179325</gpx10:speed></extensions></trkpt>
<trkpt lat="37.546941" lon="126.7109398"><ele>125.80193</ele><time>2018-04-03T03:49:18Z</time>
<extensions>
<gpx10:speed>0.6762019</gpx10:speed></extensions></trkpt>
<trkpt lat="37.5469895" lon="126.7110445"><ele>123.263504</ele><time>2018-04-03T03:49:32Z</time>
<extensions>
<gpx10:speed>0.404221</gpx10:speed></extensions></trkpt>
<trkpt lat="37.5469524" lon="126.7111554"><ele>121.39725</ele><time>2018-04-03T03:49:42Z</time>
<extensions>
<gpx10:speed>0.558534</gpx10:speed></extensions></trkpt>
<trkpt lat="37.5468671" lon="126.7111952"><ele>119.930244</ele><time>2018-04-03T03:49:49Z</time>
<extensions>
<gpx10:speed>0.9081082</gpx10:speed></extensions></trkpt>
<trkpt lat="37.5467787" lon="126.7112515"><ele>117.19791</ele><time>2018-04-03T03:50:00Z</time>
<extensions>
<gpx10:speed>0.531222</gpx10:speed></extensions></trkpt>
<trkpt lat="37.5468153" lon="126.7113572"><ele>115.46785</ele><time>2018-04-03T03:50:09Z</time>
<extensions>
<gpx10:speed>0.6357046</gpx10:speed></extensions></trkpt>
<trkpt lat="37.5467712" lon="126.7114712"><ele>114.46604</ele><time>2018-04-03T03:50:18Z</time>
<extensions>
<gpx10:speed>0.6999699</gpx10:speed></extensions></trkpt>
<trkpt lat="37.5467199" lon="126.7115791"><ele>114.086845</ele><time>2018-04-03T03:50:25Z</time>
<extensions>
<gpx10:speed>0.5651807</gpx10:speed></extensions></trkpt>
<trkpt lat="37.546671" lon="126.7116859"><ele>113.853645</ele><time>2018-04-03T03:50:33Z</time>
<extensions>
<gpx10:speed>0.51606417</gpx10:speed></extensions></trkpt>
<trkpt lat="37.5466762" lon="126.7118113"><ele>113.477394</ele><time>2018-04-03T03:50:42Z</time>
<extensions>
<gpx10:speed>0.72900283</gpx10:speed></extensions></trkpt>
<trkpt lat="37.5467037" lon="126.7119308"><ele>111.78958</ele><time>2018-04-03T03:54:00Z</time>
<extensions>
<gpx10:speed>0.66760343</gpx10:speed></extensions></trkpt>
<trkpt lat="37.5467723" lon="126.7120045"><ele>111.999275</ele><time>2018-04-03T03:54:09Z</time>
<extensions>
<gpx10:speed>0.71338725</gpx10:speed></extensions></trkpt>
<trkpt lat="37.5467963" lon="126.7121165"><ele>112.754715</ele><time>2018-04-03T03:54:24Z</time>
<extensions>
<gpx10:speed>0.54588914</gpx10:speed></extensions></trkpt>
<trkpt lat="37.546805" lon="126.7122345"><ele>114.58803</ele><time>2018-04-03T03:54:47Z</time>
<extensions>
<gpx10:speed>0.616449</gpx10:speed></extensions></trkpt>
<trkpt lat="37.5467931" lon="126.7123571"><ele>115.59628</ele><time>2018-04-03T03:54:56Z</time>
<extensions>
<gpx10:speed>1.0323274</gpx10:speed></extensions></trkpt>
<trkpt lat="37.546781" lon="126.7124764"><ele>115.76228</ele><time>2018-04-03T03:55:04Z</time>
<extensions>
<gpx10:speed>1.0017226</gpx10:speed></extensions></trkpt>
<trkpt lat="37.5467944" lon="126.7125939"><ele>115.529915</ele><time>2018-04-03T03:55:14Z</time>
<extensions>
<gpx10:speed>0.9816458</gpx10:speed></extensions></trkpt>
<trkpt lat="37.54681" lon="126.7127096"><ele>115.69259</ele><time>2018-04-03T03:55:26Z</time>
<extensions>
<gpx10:speed>0.86033195</gpx10:speed></extensions></trkpt>
<trkpt lat="37.5468095" lon="126.7128341"><ele>115.71858</ele><time>2018-04-03T03:55:36Z</time>
<extensions>
<gpx10:speed>0.9555774</gpx10:speed></extensions></trkpt>
<trkpt lat="37.5468383" lon="126.7129517"><ele>115.553696</ele><time>2018-04-03T03:55:44Z</time>
<extensions>
<gpx10:speed>1.0298082</gpx10:speed></extensions></trkpt>
<trkpt lat="37.5468701" lon="126.7130629"><ele>115.42827</ele><time>2018-04-03T03:55:52Z</time>
<extensions>
<gpx10:speed>0.9244696</gpx10:speed></extensions></trkpt>
<trkpt lat="37.5469034" lon="126.7131714"><ele>115.26034</ele><time>2018-04-03T03:56:01Z</time>
<extensions>
<gpx10:speed>0.903193</gpx10:speed></extensions></trkpt>
<trkpt lat="37.5468899" lon="126.7132972"><ele>115.38176</ele><time>2018-04-03T03:56:08Z</time>
<extensions>
<gpx10:speed>0.9344998</gpx10:speed></extensions></trkpt>
<trkpt lat="37.5468846" lon="126.7134165"><ele>115.34224</ele><time>2018-04-03T03:56:17Z</time>
<extensions>
<gpx10:speed>0.88679796</gpx10:speed></extensions></trkpt>
<trkpt lat="37.5468906" lon="126.7135324"><ele>115.496826</ele><time>2018-04-03T03:56:25Z</time>
<extensions>
<gpx10:speed>0.86385256</gpx10:speed></extensions></trkpt>
<trkpt lat="37.5469178" lon="126.7136524"><ele>115.46851</ele><time>2018-04-03T03:56:35Z</time>
<extensions>
<gpx10:speed>0.75299305</gpx10:speed></extensions></trkpt>
<trkpt lat="37.546949" lon="126.7137644"><ele>115.37534</ele><time>2018-04-03T03:56:43Z</time>
<extensions>
<gpx10:speed>0.37525058</gpx10:speed></extensions></trkpt>
<trkpt lat="37.5469985" lon="126.7138649"><ele>114.93582</ele><time>2018-04-03T03:56:51Z</time>
<extensions>
<gpx10:speed>0.5861387</gpx10:speed></extensions></trkpt>
<trkpt lat="37.5470623" lon="126.7139452"><ele>115.4319</ele><time>2018-04-03T03:56:59Z</time>
<extensions>
<gpx10:speed>0.6287304</gpx10:speed></extensions></trkpt>
<trkpt lat="37.5471307" lon="126.7140405"><ele>115.88958</ele><time>2018-04-03T03:57:10Z</time>
<extensions>
<gpx10:speed>0.4744807</gpx10:speed></extensions></trkpt>
<trkpt lat="37.5471803" lon="126.7141398"><ele>116.21668</ele><time>2018-04-03T03:57:19Z</time>
<extensions>
<gpx10:speed>0.5850884</gpx10:speed></extensions></trkpt>
<trkpt lat="37.5472502" lon="126.7142142"><ele>117.123405</ele><time>2018-04-03T03:57:27Z</time>
<extensions>
<gpx10:speed>0.5483693</gpx10:speed></extensions></trkpt>
<trkpt lat="37.547321" lon="126.7143003"><ele>118.78291</ele><time>2018-04-03T03:57:38Z</time>
<extensions>
<gpx10:speed>0.33576882</gpx10:speed></extensions></trkpt>
<trkpt lat="37.5473894" lon="126.7143823"><ele>120.08735</ele><time>2018-04-03T03:57:47Z</time>
<extensions>
<gpx10:speed>0.43711588</gpx10:speed></extensions></trkpt>
<trkpt lat="37.5474616" lon="126.7144602"><ele>121.194664</ele><time>2018-04-03T03:57:54Z</time>
<extensions>
<gpx10:speed>0.66074044</gpx10:speed></extensions></trkpt>
<trkpt lat="37.5475126" lon="126.7145547"><ele>123.55056</ele><time>2018-04-03T03:58:04Z</time>
<extensions>
<gpx10:speed>0.7571044</gpx10:speed></extensions></trkpt>
<trkpt lat="37.5475794" lon="126.7146336"><ele>126.01953</ele><time>2018-04-03T03:58:14Z</time>
<extensions>
<gpx10:speed>0.7760393</gpx10:speed></extensions></trkpt>
<trkpt lat="37.5476416" lon="126.7147178"><ele>127.936516</ele><time>2018-04-03T03:58:24Z</time>
<extensions>
<gpx10:speed>0.5025516</gpx10:speed></extensions></trkpt>
<trkpt lat="37.5477105" lon="126.7148037"><ele>129.66344</ele><time>2018-04-03T03:58:34Z</time>
<extensions>
<gpx10:speed>0.7385515</gpx10:speed></extensions></trkpt>
<trkpt lat="37.5477736" lon="126.7148971"><ele>130.66846</ele><time>2018-04-03T03:58:43Z</time>
<extensions>
<gpx10:speed>0.6900982</gpx10:speed></extensions></trkpt>
<trkpt lat="37.5478461" lon="126.7149653"><ele>130.87788</ele><time>2018-04-03T03:58:52Z</time>
<extensions>
<gpx10:speed>0.65245813</gpx10:speed></extensions></trkpt>
<trkpt lat="37.5478494" lon="126.7150812"><ele>130.76228</ele><time>2018-04-03T03:58:59Z</time>
<extensions>
<gpx10:speed>0.6223597</gpx10:speed></extensions></trkpt>
<trkpt lat="37.5478701" lon="126.7151981"><ele>130.77669</ele><time>2018-04-03T03:59:07Z</time>
<extensions>
<gpx10:speed>0.5308308</gpx10:speed></extensions></trkpt>
<trkpt lat="37.5478513" lon="126.7153117"><ele>130.80508</ele><time>2018-04-03T03:59:14Z</time>
<extensions>
<gpx10:speed>0.7154598</gpx10:speed></extensions></trkpt>
<trkpt lat="37.5478286" lon="126.7154239"><ele>130.77197</ele><time>2018-04-03T03:59:20Z</time>
<extensions>
<gpx10:speed>0.974401</gpx10:speed></extensions></trkpt>
<trkpt lat="37.547847" lon="126.7155398"><ele>130.70511</ele><time>2018-04-03T03:59:31Z</time>
<extensions>
<gpx10:speed>0.5102433</gpx10:speed></extensions></trkpt>
<trkpt lat="37.5478439" lon="126.7156552"><ele>130.85272</ele><time>2018-04-03T03:59:39Z</time>
<extensions>
<gpx10:speed>0.43158647</gpx10:speed></extensions></trkpt>
<trkpt lat="37.5478394" lon="126.7157796"><ele>131.1422</ele><time>2018-04-03T03:59:50Z</time>
<extensions>
<gpx10:speed>0.4913922</gpx10:speed></extensions></trkpt>
<trkpt lat="37.5478341" lon="126.7159015"><ele>130.61847</ele><time>2018-04-03T04:00:04Z</time>
<extensions>
<gpx10:speed>0.7551627</gpx10:speed></extensions></trkpt>
<trkpt lat="37.5478375" lon="126.7160158"><ele>130.19357</ele><time>2018-04-03T04:00:09Z</time>
<extensions>
<gpx10:speed>1.3001001</gpx10:speed></extensions></trkpt>
<trkpt lat="37.5478116" lon="126.7161308"><ele>129.37584</ele><time>2018-04-03T04:00:17Z</time>
<extensions>
<gpx10:speed>1.1291482</gpx10:speed></extensions></trkpt>
<trkpt lat="37.5477799" lon="126.7162382"><ele>128.70209</ele><time>2018-04-03T04:00:24Z</time>
<extensions>
<gpx10:speed>1.1186244</gpx10:speed></extensions></trkpt>
<trkpt lat="37.5478037" lon="126.7163522"><ele>127.32947</ele><time>2018-04-03T04:00:33Z</time>
<extensions>
<gpx10:speed>0.83008623</gpx10:speed></extensions></trkpt>
<trkpt lat="37.5478359" lon="126.7164646"><ele>124.98951</ele><time>2018-04-03T04:00:46Z</time>
<extensions>
<gpx10:speed>0.63387424</gpx10:speed></extensions></trkpt>
<trkpt lat="37.5478505" lon="126.7165782"><ele>123.206024</ele><time>2018-04-03T04:00:55Z</time>
<extensions>
<gpx10:speed>0.7082475</gpx10:speed></extensions></trkpt>
<trkpt lat="37.5478749" lon="126.7166943"><ele>122.17938</ele><time>2018-04-03T04:01:02Z</time>
<extensions>
<gpx10:speed>0.5281456</gpx10:speed></extensions></trkpt>
<trkpt lat="37.5478821" lon="126.7168091"><ele>121.62995</ele><time>2018-04-03T04:01:08Z</time>
<extensions>
<gpx10:speed>0.5052802</gpx10:speed></extensions></trkpt>
<trkpt lat="37.5478526" lon="126.7169223"><ele>121.52498</ele><time>2018-04-03T04:01:16Z</time>
<extensions>
<gpx10:speed>0.25008526</gpx10:speed></extensions></trkpt>
<trkpt lat="37.5477694" lon="126.7169978"><ele>121.44928</ele><time>2018-04-03T04:01:24Z</time>
<extensions>
<gpx10:speed>0.3474871</gpx10:speed></extensions></trkpt>
<trkpt lat="37.547682" lon="126.7170561"><ele>124.76388</ele><time>2018-04-03T04:02:51Z</time>
<extensions>
<gpx10:speed>0.48124167</gpx10:speed></extensions></trkpt>
<trkpt lat="37.5475969" lon="126.7171225"><ele>124.73171</ele><time>2018-04-03T04:03:02Z</time>
<extensions>
<gpx10:speed>0.79913944</gpx10:speed></extensions></trkpt>
<trkpt lat="37.5475051" lon="126.7171308"><ele>124.294014</ele><time>2018-04-03T04:03:13Z</time>
<extensions>
<gpx10:speed>0.88001007</gpx10:speed></extensions></trkpt>
<trkpt lat="37.5474126" lon="126.717142"><ele>123.996185</ele><time>2018-04-03T04:03:23Z</time>
<extensions>
<gpx10:speed>0.67555285</gpx10:speed></extensions></trkpt>
<trkpt lat="37.547325" lon="126.7170972"><ele>123.187485</ele><time>2018-04-03T04:03:35Z</time>
<extensions>
<gpx10:speed>0.014854629</gpx10:speed></extensions></trkpt>
<trkpt lat="37.547264" lon="126.7170036"><ele>121.43035</ele><time>2018-04-03T04:03:51Z</time>
<extensions>
<gpx10:speed>1.0774887</gpx10:speed></extensions></trkpt>
<trkpt lat="37.5471817" lon="126.7170529"><ele>120.77361</ele><time>2018-04-03T04:03:57Z</time>
<extensions>
<gpx10:speed>0.39333597</gpx10:speed></extensions></trkpt>
<trkpt lat="37.5470775" lon="126.7170702"><ele>119.73352</ele><time>2018-04-03T04:04:04Z</time>
<extensions>
<gpx10:speed>1.1982268</gpx10:speed></extensions></trkpt>
<trkpt lat="37.5469889" lon="126.7170993"><ele>118.811844</ele><time>2018-04-03T04:04:10Z</time>
<extensions>
<gpx10:speed>1.0464044</gpx10:speed></extensions></trkpt>
<trkpt lat="37.5469022" lon="126.7171317"><ele>117.41786</ele><time>2018-04-03T04:04:18Z</time>
<extensions>
<gpx10:speed>1.1718585</gpx10:speed></extensions></trkpt>
<trkpt lat="37.5468307" lon="126.7172102"><ele>115.94248</ele><time>2018-04-03T04:04:28Z</time>
<extensions>
<gpx10:speed>1.1356703</gpx10:speed></extensions></trkpt>
<trkpt lat="37.5467425" lon="126.7172493"><ele>114.97917</ele><time>2018-04-03T04:04:34Z</time>
<extensions>
<gpx10:speed>1.1282597</gpx10:speed></extensions></trkpt>
<trkpt lat="37.5466527" lon="126.7172841"><ele>112.96633</ele><time>2018-04-03T04:04:43Z</time>
<extensions>
<gpx10:speed>1.1967599</gpx10:speed></extensions></trkpt>
<trkpt lat="37.5465561" lon="126.7173149"><ele>111.17918</ele><time>2018-04-03T04:04:53Z</time>
<extensions>
<gpx10:speed>1.1675214</gpx10:speed></extensions></trkpt>
<trkpt lat="37.5464908" lon="126.717396"><ele>109.83203</ele><time>2018-04-03T04:05:02Z</time>
<extensions>
<gpx10:speed>1.0539213</gpx10:speed></extensions></trkpt>
<trkpt lat="37.5463952" lon="126.7174498"><ele>106.86484</ele><time>2018-04-03T04:05:21Z</time>
<extensions>
<gpx10:speed>0.7298999</gpx10:speed></extensions></trkpt>
<trkpt lat="37.5463339" lon="126.7175387"><ele>105.11944</ele><time>2018-04-03T04:05:29Z</time>
<extensions>
<gpx10:speed>1.0975546</gpx10:speed></extensions></trkpt>
<trkpt lat="37.5463651" lon="126.7176503"><ele>102.92634</ele><time>2018-04-03T04:05:38Z</time>
<extensions>
<gpx10:speed>0.9905213</gpx10:speed></extensions></trkpt>
<trkpt lat="37.5463984" lon="126.7177662"><ele>100.75212</ele><time>2018-04-03T04:05:46Z</time>
<extensions>
<gpx10:speed>1.134778</gpx10:speed></extensions></trkpt>
<trkpt lat="37.5464262" lon="126.7178801"><ele>99.03135</ele><time>2018-04-03T04:05:54Z</time>
<extensions>
<gpx10:speed>1.3218639</gpx10:speed></extensions></trkpt>
<trkpt lat="37.5464533" lon="126.7180022"><ele>97.28769</ele><time>2018-04-03T04:06:06Z</time>
<extensions>
<gpx10:speed>1.1319245</gpx10:speed></extensions></trkpt>
<trkpt lat="37.5465026" lon="126.7181037"><ele>96.94161</ele><time>2018-04-03T04:06:14Z</time>
<extensions>
<gpx10:speed>0.9724528</gpx10:speed></extensions></trkpt>
<trkpt lat="37.5464946" lon="126.7182169"><ele>97.212616</ele><time>2018-04-03T04:06:23Z</time>
<extensions>
<gpx10:speed>0.97075546</gpx10:speed></extensions></trkpt>
<trkpt lat="37.5464897" lon="126.7183451"><ele>97.54104</ele><time>2018-04-03T04:06:31Z</time>
<extensions>
<gpx10:speed>1.0219072</gpx10:speed></extensions></trkpt>
<trkpt lat="37.5465148" lon="126.7184601"><ele>97.71908</ele><time>2018-04-03T04:06:38Z</time>
<extensions>
<gpx10:speed>1.0275121</gpx10:speed></extensions></trkpt>
<trkpt lat="37.5465551" lon="126.7185651"><ele>97.32763</ele><time>2018-04-03T04:06:44Z</time>
<extensions>
<gpx10:speed>1.1670237</gpx10:speed></extensions></trkpt>
<trkpt lat="37.5465882" lon="126.7186731"><ele>96.258316</ele><time>2018-04-03T04:06:52Z</time>
<extensions>
<gpx10:speed>1.3624797</gpx10:speed></extensions></trkpt>
<trkpt lat="37.5466229" lon="126.7187777"><ele>95.570206</ele><time>2018-04-03T04:06:59Z</time>
<extensions>
<gpx10:speed>1.5346686</gpx10:speed></extensions></trkpt>
<trkpt lat="37.5466858" lon="126.7188704"><ele>94.83334</ele><time>2018-04-03T04:07:06Z</time>
<extensions>
<gpx10:speed>1.6023208</gpx10:speed></extensions></trkpt>
<trkpt lat="37.5467238" lon="126.7189808"><ele>94.17613</ele><time>2018-04-03T04:07:15Z</time>
<extensions>
<gpx10:speed>1.3697182</gpx10:speed></extensions></trkpt>
<trkpt lat="37.5467248" lon="126.719098"><ele>93.882545</ele><time>2018-04-03T04:07:24Z</time>
<extensions>
<gpx10:speed>1.0774051</gpx10:speed></extensions></trkpt>
<trkpt lat="37.5467814" lon="126.719187"><ele>93.7491</ele><time>2018-04-03T04:07:32Z</time>
<extensions>
<gpx10:speed>0.9762209</gpx10:speed></extensions></trkpt>
<trkpt lat="37.5468239" lon="126.7192956"><ele>93.73885</ele><time>2018-04-03T04:07:38Z</time>
<extensions>
<gpx10:speed>0.9891448</gpx10:speed></extensions></trkpt>
<trkpt lat="37.5468705" lon="126.7193994"><ele>94.01377</ele><time>2018-04-03T04:07:46Z</time>
<extensions>
<gpx10:speed>0.93281674</gpx10:speed></extensions></trkpt>
<trkpt lat="37.5468291" lon="126.7195071"><ele>93.90163</ele><time>2018-04-03T04:07:52Z</time>
<extensions>
<gpx10:speed>0.9588667</gpx10:speed></extensions></trkpt>
<trkpt lat="37.5468739" lon="126.7196405"><ele>93.190285</ele><time>2018-04-03T04:08:01Z</time>
<extensions>
<gpx10:speed>1.0539458</gpx10:speed></extensions></trkpt>
<trkpt lat="37.5469493" lon="126.7197161"><ele>92.66336</ele><time>2018-04-03T04:08:08Z</time>
<extensions>
<gpx10:speed>1.0434779</gpx10:speed></extensions></trkpt>
<trkpt lat="37.5470347" lon="126.7197855"><ele>91.42839</ele><time>2018-04-03T04:08:17Z</time>
<extensions>
<gpx10:speed>1.0253925</gpx10:speed></extensions></trkpt>
<trkpt lat="37.5470321" lon="126.7199037"><ele>90.21134</ele><time>2018-04-03T04:08:28Z</time>
<extensions>
<gpx10:speed>0.3010901</gpx10:speed></extensions></trkpt>
<trkpt lat="37.5469673" lon="126.719997"><ele>88.296364</ele><time>2018-04-03T04:10:28Z</time>
<extensions>
<gpx10:speed>0.5412217</gpx10:speed></extensions></trkpt>
<trkpt lat="37.5468764" lon="126.7200306"><ele>87.99147</ele><time>2018-04-03T04:10:36Z</time>
<extensions>
<gpx10:speed>1.0285225</gpx10:speed></extensions></trkpt>
<trkpt lat="37.546794" lon="126.7200851"><ele>87.28075</ele><time>2018-04-03T04:10:51Z</time>
<extensions>
<gpx10:speed>0.6585045</gpx10:speed></extensions></trkpt>
<trkpt lat="37.5467051" lon="126.7201226"><ele>87.034615</ele><time>2018-04-03T04:11:00Z</time>
<extensions>
<gpx10:speed>0.9746977</gpx10:speed></extensions></trkpt>
<trkpt lat="37.5466062" lon="126.7201124"><ele>86.94409</ele><time>2018-04-03T04:11:09Z</time>
<extensions>
<gpx10:speed>1.0382153</gpx10:speed></extensions></trkpt>
<trkpt lat="37.5465131" lon="126.7201278"><ele>86.86338</ele><time>2018-04-03T04:11:18Z</time>
<extensions>
<gpx10:speed>1.1384162</gpx10:speed></extensions></trkpt>
<trkpt lat="37.5464174" lon="126.7201085"><ele>86.322296</ele><time>2018-04-03T04:11:24Z</time>
<extensions>
<gpx10:speed>1.3843929</gpx10:speed></extensions></trkpt>
<trkpt lat="37.5463289" lon="126.720078"><ele>85.45978</ele><time>2018-04-03T04:11:31Z</time>
<extensions>
<gpx10:speed>1.2000874</gpx10:speed></extensions></trkpt>
<trkpt lat="37.5462409" lon="126.720128"><ele>85.55432</ele><time>2018-04-03T04:11:34Z</time>
<extensions>
<gpx10:speed>1.2259074</gpx10:speed></extensions></trkpt>
<trkpt lat="37.5461411" lon="126.7201332"><ele>86.5224</ele><time>2018-04-03T04:11:42Z</time>
<extensions>
<gpx10:speed>1.1257123</gpx10:speed></extensions></trkpt>
<trkpt lat="37.5460566" lon="126.7201799"><ele>87.25979</ele><time>2018-04-03T04:11:51Z</time>
<extensions>
<gpx10:speed>1.2204077</gpx10:speed></extensions></trkpt>
<trkpt lat="37.5459645" lon="126.7201863"><ele>87.174805</ele><time>2018-04-03T04:12:01Z</time>
<extensions>
<gpx10:speed>1.1529325</gpx10:speed></extensions></trkpt>
<trkpt lat="37.5458729" lon="126.7201959"><ele>86.615135</ele><time>2018-04-03T04:12:09Z</time>
<extensions>
<gpx10:speed>1.0770534</gpx10:speed></extensions></trkpt>
<trkpt lat="37.5457846" lon="126.7202246"><ele>85.36942</ele><time>2018-04-03T04:12:18Z</time>
<extensions>
<gpx10:speed>0.9701937</gpx10:speed></extensions></trkpt>
<trkpt lat="37.5456988" lon="126.7202726"><ele>84.11114</ele><time>2018-04-03T04:12:26Z</time>
<extensions>
<gpx10:speed>0.8274867</gpx10:speed></extensions></trkpt>
<trkpt lat="37.545606" lon="126.7202371"><ele>82.981995</ele><time>2018-04-03T04:12:33Z</time>
<extensions>
<gpx10:speed>0.7627937</gpx10:speed></extensions></trkpt>
<trkpt lat="37.5455074" lon="126.7202272"><ele>81.30773</ele><time>2018-04-03T04:12:44Z</time>
<extensions>
<gpx10:speed>1.0102912</gpx10:speed></extensions></trkpt>
<trkpt lat="37.5454092" lon="126.720203"><ele>80.00933</ele><time>2018-04-03T04:12:53Z</time>
<extensions>
<gpx10:speed>1.0093337</gpx10:speed></extensions></trkpt>
<trkpt lat="37.5453181" lon="126.7202123"><ele>79.045815</ele><time>2018-04-03T04:13:02Z</time>
<extensions>
<gpx10:speed>0.9190831</gpx10:speed></extensions></trkpt>
<trkpt lat="37.5452247" lon="126.7202203"><ele>78.72507</ele><time>2018-04-03T04:13:09Z</time>
<extensions>
<gpx10:speed>0.9160624</gpx10:speed></extensions></trkpt>
<trkpt lat="37.5451354" lon="126.7201827"><ele>78.26428</ele><time>2018-04-03T04:13:17Z</time>
<extensions>
<gpx10:speed>0.9175242</gpx10:speed></extensions></trkpt>
<trkpt lat="37.5450436" lon="126.7201521"><ele>78.13285</ele><time>2018-04-03T04:13:25Z</time>
<extensions>
<gpx10:speed>0.9137523</gpx10:speed></extensions></trkpt>
<trkpt lat="37.5449542" lon="126.7201328"><ele>77.70365</ele><time>2018-04-03T04:13:34Z</time>
<extensions>
<gpx10:speed>0.960962</gpx10:speed></extensions></trkpt>
<trkpt lat="37.5448599" lon="126.7201576"><ele>77.34315</ele><time>2018-04-03T04:13:42Z</time>
<extensions>
<gpx10:speed>0.5421986</gpx10:speed></extensions></trkpt>
<trkpt lat="37.5447746" lon="126.7200995"><ele>77.214355</ele><time>2018-04-03T04:13:53Z</time>
<extensions>
<gpx10:speed>0.8709904</gpx10:speed></extensions></trkpt>
<trkpt lat="37.5446866" lon="126.7200728"><ele>77.36555</ele><time>2018-04-03T04:14:01Z</time>
<extensions>
<gpx10:speed>0.8885567</gpx10:speed></extensions></trkpt>
<trkpt lat="37.5445927" lon="126.7200812"><ele>77.03657</ele><time>2018-04-03T04:14:08Z</time>
<extensions>
<gpx10:speed>0.9622246</gpx10:speed></extensions></trkpt>
<trkpt lat="37.5444887" lon="126.7200682"><ele>76.89942</ele><time>2018-04-03T04:14:15Z</time>
<extensions>
<gpx10:speed>1.1213046</gpx10:speed></extensions></trkpt>
<trkpt lat="37.5443842" lon="126.7200835"><ele>76.7953</ele><time>2018-04-03T04:14:21Z</time>
<extensions>
<gpx10:speed>1.0607783</gpx10:speed></extensions></trkpt>
<trkpt lat="37.5442877" lon="126.7200987"><ele>76.556786</ele><time>2018-04-03T04:14:28Z</time>
<extensions>
<gpx10:speed>1.1302313</gpx10:speed></extensions></trkpt>
<trkpt lat="37.5442" lon="126.7200666"><ele>76.66474</ele><time>2018-04-03T04:14:35Z</time>
<extensions>
<gpx10:speed>1.0950698</gpx10:speed></extensions></trkpt>
<trkpt lat="37.5441018" lon="126.7200413"><ele>76.80248</ele><time>2018-04-03T04:14:43Z</time>
<extensions>
<gpx10:speed>1.0696082</gpx10:speed></extensions></trkpt>
<trkpt lat="37.544008" lon="126.7200271"><ele>76.73239</ele><time>2018-04-03T04:14:55Z</time>
<extensions>
<gpx10:speed>0.6064644</gpx10:speed></extensions></trkpt>
<trkpt lat="37.5439151" lon="126.7200165"><ele>76.86785</ele><time>2018-04-03T04:15:01Z</time>
<extensions>
<gpx10:speed>1.2139857</gpx10:speed></extensions></trkpt>
<trkpt lat="37.5438106" lon="126.7200178"><ele>76.66159</ele><time>2018-04-03T04:15:07Z</time>
<extensions>
<gpx10:speed>1.12319</gpx10:speed></extensions></trkpt>
<trkpt lat="37.5437433" lon="126.7201341"><ele>76.779495</ele><time>2018-04-03T04:15:11Z</time>
<extensions>
<gpx10:speed>1.2904316</gpx10:speed></extensions></trkpt>
<trkpt lat="37.5436978" lon="126.7202388"><ele>76.9285</ele><time>2018-04-03T04:15:17Z</time>
<extensions>
<gpx10:speed>1.3103279</gpx10:speed></extensions></trkpt>
<trkpt lat="37.5437046" lon="126.7203629"><ele>76.76852</ele><time>2018-04-03T04:15:25Z</time>
<extensions>
<gpx10:speed>1.2229223</gpx10:speed></extensions></trkpt>
<trkpt lat="37.5437456" lon="126.7204654"><ele>76.25683</ele><time>2018-04-03T04:15:33Z</time>
<extensions>
<gpx10:speed>1.1114624</gpx10:speed></extensions></trkpt>
<trkpt lat="37.5437705" lon="126.7205805"><ele>76.329636</ele><time>2018-04-03T04:15:42Z</time>
<extensions>
<gpx10:speed>0.8533623</gpx10:speed></extensions></trkpt>
<trkpt lat="37.5437736" lon="126.720702"><ele>76.46437</ele><time>2018-04-03T04:15:51Z</time>
<extensions>
<gpx10:speed>0.96195304</gpx10:speed></extensions></trkpt>
<trkpt lat="37.5437712" lon="126.7208235"><ele>76.49035</ele><time>2018-04-03T04:15:58Z</time>
<extensions>
<gpx10:speed>1.0984709</gpx10:speed></extensions></trkpt>
<trkpt lat="37.5437587" lon="126.7209388"><ele>76.477234</ele><time>2018-04-03T04:16:04Z</time>
<extensions>
<gpx10:speed>1.2209253</gpx10:speed></extensions></trkpt>
<trkpt lat="37.5437405" lon="126.7210603"><ele>76.08373</ele><time>2018-04-03T04:16:13Z</time>
<extensions>
<gpx10:speed>1.1428612</gpx10:speed></extensions></trkpt>
<trkpt lat="37.543732" lon="126.7211828"><ele>75.45972</ele><time>2018-04-03T04:16:21Z</time>
<extensions>
<gpx10:speed>0.95962787</gpx10:speed></extensions></trkpt>
<trkpt lat="37.543728" lon="126.7213071"><ele>75.04076</ele><time>2018-04-03T04:16:28Z</time>
<extensions>
<gpx10:speed>1.0738392</gpx10:speed></extensions></trkpt>
<trkpt lat="37.5437268" lon="126.7214236"><ele>74.77036</ele><time>2018-04-03T04:16:33Z</time>
<extensions>
<gpx10:speed>1.2450538</gpx10:speed></extensions></trkpt>
<trkpt lat="37.5437247" lon="126.7215409"><ele>74.70584</ele><time>2018-04-03T04:16:40Z</time>
<extensions>
<gpx10:speed>1.224809</gpx10:speed></extensions></trkpt>
<trkpt lat="37.5437269" lon="126.7216644"><ele>74.93617</ele><time>2018-04-03T04:16:48Z</time>
<extensions>
<gpx10:speed>1.1520643</gpx10:speed></extensions></trkpt>
<trkpt lat="37.543722" lon="126.7217824"><ele>75.18507</ele><time>2018-04-03T04:16:54Z</time>
<extensions>
<gpx10:speed>1.2112052</gpx10:speed></extensions></trkpt>
<trkpt lat="37.5437036" lon="126.7218993"><ele>75.75545</ele><time>2018-04-03T04:17:03Z</time>
<extensions>
<gpx10:speed>1.2756147</gpx10:speed></extensions></trkpt>
<trkpt lat="37.543684" lon="126.7220179"><ele>76.23507</ele><time>2018-04-03T04:17:10Z</time>
<extensions>
<gpx10:speed>1.3075413</gpx10:speed></extensions></trkpt>
<trkpt lat="37.5436621" lon="126.7221332"><ele>76.65479</ele><time>2018-04-03T04:17:17Z</time>
<extensions>
<gpx10:speed>1.1869395</gpx10:speed></extensions></trkpt>
<trkpt lat="37.5436364" lon="126.7222518"><ele>76.81392</ele><time>2018-04-03T04:17:25Z</time>
<extensions>
<gpx10:speed>1.1041075</gpx10:speed></extensions></trkpt>
<trkpt lat="37.5436382" lon="126.7223801"><ele>76.86754</ele><time>2018-04-03T04:17:32Z</time>
<extensions>
<gpx10:speed>1.1872048</gpx10:speed></extensions></trkpt>
<trkpt lat="37.5436577" lon="126.7225016"><ele>76.90243</ele><time>2018-04-03T04:17:39Z</time>
<extensions>
<gpx10:speed>1.145162</gpx10:speed></extensions></trkpt>
<trkpt lat="37.5436673" lon="126.7226315"><ele>76.981384</ele><time>2018-04-03T04:17:45Z</time>
<extensions>
<gpx10:speed>1.3121886</gpx10:speed></extensions></trkpt>
<trkpt lat="37.5436659" lon="126.7227532"><ele>76.99277</ele><time>2018-04-03T04:17:52Z</time>
<extensions>
<gpx10:speed>1.2945136</gpx10:speed></extensions></trkpt>
<trkpt lat="37.5436602" lon="126.7228729"><ele>76.98761</ele><time>2018-04-03T04:17:59Z</time>
<extensions>
<gpx10:speed>1.2163601</gpx10:speed></extensions></trkpt>
<trkpt lat="37.5436406" lon="126.7230091"><ele>77.04415</ele><time>2018-04-03T04:18:09Z</time>
<extensions>
<gpx10:speed>1.210314</gpx10:speed></extensions></trkpt>
<trkpt lat="37.543615" lon="126.7231216"><ele>77.343704</ele><time>2018-04-03T04:18:16Z</time>
<extensions>
<gpx10:speed>1.2828915</gpx10:speed></extensions></trkpt>
<trkpt lat="37.5435868" lon="126.7232392"><ele>79.27643</ele><time>2018-04-03T04:18:29Z</time>
<extensions>
<gpx10:speed>0.9658828</gpx10:speed></extensions></trkpt>
<trkpt lat="37.54356" lon="126.7233639"><ele>81.177246</ele><time>2018-04-03T04:18:36Z</time>
<extensions>
<gpx10:speed>1.1201397</gpx10:speed></extensions></trkpt>
<trkpt lat="37.5435625" lon="126.723485"><ele>82.544464</ele><time>2018-04-03T04:18:41Z</time>
<extensions>
<gpx10:speed>1.3890356</gpx10:speed></extensions></trkpt>
<trkpt lat="37.5435644" lon="126.7236131"><ele>83.93956</ele><time>2018-04-03T04:18:48Z</time>
<extensions>
<gpx10:speed>1.3708553</gpx10:speed></extensions></trkpt>
<trkpt lat="37.5435706" lon="126.7237317"><ele>84.52796</ele><time>2018-04-03T04:18:54Z</time>
<extensions>
<gpx10:speed>1.3268421</gpx10:speed></extensions></trkpt>
<trkpt lat="37.543585" lon="126.7238636"><ele>84.38418</ele><time>2018-04-03T04:19:00Z</time>
<extensions>
<gpx10:speed>1.4524523</gpx10:speed></extensions></trkpt>
<trkpt lat="37.5436007" lon="126.7239756"><ele>83.86554</ele><time>2018-04-03T04:19:10Z</time>
<extensions>
<gpx10:speed>0.7789307</gpx10:speed></extensions></trkpt>
<trkpt lat="37.5435976" lon="126.7240972"><ele>83.85334</ele><time>2018-04-03T04:19:17Z</time>
<extensions>
<gpx10:speed>1.2034571</gpx10:speed></extensions></trkpt>
<trkpt lat="37.5435889" lon="126.7242104"><ele>84.37691</ele><time>2018-04-03T04:19:23Z</time>
<extensions>
<gpx10:speed>1.2482326</gpx10:speed></extensions></trkpt>
<trkpt lat="37.5435575" lon="126.7243331"><ele>85.25778</ele><time>2018-04-03T04:19:30Z</time>
<extensions>
<gpx10:speed>1.3498062</gpx10:speed></extensions></trkpt>
<trkpt lat="37.5435365" lon="126.7244625"><ele>86.25109</ele><time>2018-04-03T04:19:38Z</time>
<extensions>
<gpx10:speed>1.2919612</gpx10:speed></extensions></trkpt>
<trkpt lat="37.5435244" lon="126.7245799"><ele>86.52705</ele><time>2018-04-03T04:19:43Z</time>
<extensions>
<gpx10:speed>1.433266</gpx10:speed></extensions></trkpt>
<trkpt lat="37.5435242" lon="126.7247061"><ele>86.45238</ele><time>2018-04-03T04:19:50Z</time>
<extensions>
<gpx10:speed>1.2937173</gpx10:speed></extensions></trkpt>
<trkpt lat="37.5435208" lon="126.7248272"><ele>86.086945</ele><time>2018-04-03T04:19:56Z</time>
<extensions>
<gpx10:speed>1.2911729</gpx10:speed></extensions></trkpt>
<trkpt lat="37.543516" lon="126.7249563"><ele>85.50372</ele><time>2018-04-03T04:20:02Z</time>
<extensions>
<gpx10:speed>1.3412503</gpx10:speed></extensions></trkpt>
<trkpt lat="37.5435243" lon="126.7250704"><ele>84.96446</ele><time>2018-04-03T04:20:08Z</time>
<extensions>
<gpx10:speed>1.4970065</gpx10:speed></extensions></trkpt>
<trkpt lat="37.5435266" lon="126.7251984"><ele>84.08032</ele><time>2018-04-03T04:20:16Z</time>
<extensions>
<gpx10:speed>1.4904964</gpx10:speed></extensions></trkpt>
<trkpt lat="37.5435281" lon="126.7253116"><ele>83.07738</ele><time>2018-04-03T04:20:23Z</time>
<extensions>
<gpx10:speed>1.446915</gpx10:speed></extensions></trkpt>
<trkpt lat="37.543534" lon="126.7254316"><ele>82.11226</ele><time>2018-04-03T04:20:30Z</time>
<extensions>
<gpx10:speed>1.5121651</gpx10:speed></extensions></trkpt>
<trkpt lat="37.5435445" lon="126.725546"><ele>80.93307</ele><time>2018-04-03T04:20:41Z</time>
<extensions>
<gpx10:speed>1.2427363</gpx10:speed></extensions></trkpt>
<trkpt lat="37.5435426" lon="126.7256636"><ele>80.37296</ele><time>2018-04-03T04:20:48Z</time>
<extensions>
<gpx10:speed>0.91608536</gpx10:speed></extensions></trkpt>
<trkpt lat="37.54356" lon="126.72578"><ele>79.121475</ele><time>2018-04-03T04:20:54Z</time>
<extensions>
<gpx10:speed>0.7374348</gpx10:speed></extensions></trkpt>
<trkpt lat="37.5435775" lon="126.7258952"><ele>76.83395</ele><time>2018-04-03T04:21:01Z</time>
<extensions>
<gpx10:speed>0.60224164</gpx10:speed></extensions></trkpt>
<trkpt lat="37.5435363" lon="126.7260097"><ele>75.248886</ele><time>2018-04-03T04:21:08Z</time>
<extensions>
<gpx10:speed>0.70521754</gpx10:speed></extensions></trkpt>
<trkpt lat="37.5435152" lon="126.7261267"><ele>73.93622</ele><time>2018-04-03T04:21:14Z</time>
<extensions>
<gpx10:speed>1.0740149</gpx10:speed></extensions></trkpt>
<trkpt lat="37.5435129" lon="126.7262457"><ele>72.57732</ele><time>2018-04-03T04:21:20Z</time>
<extensions>
<gpx10:speed>0.9768561</gpx10:speed></extensions></trkpt>
<trkpt lat="37.5435269" lon="126.72637"><ele>71.176</ele><time>2018-04-03T04:21:27Z</time>
<extensions>
<gpx10:speed>0.9641261</gpx10:speed></extensions></trkpt>
<trkpt lat="37.5435104" lon="126.7264967"><ele>68.68542</ele><time>2018-04-03T04:21:38Z</time>
<extensions>
<gpx10:speed>0.77032757</gpx10:speed></extensions></trkpt>
<trkpt lat="37.5435131" lon="126.7266174"><ele>66.74511</ele><time>2018-04-03T04:21:45Z</time>
<extensions>
<gpx10:speed>0.71059</gpx10:speed></extensions></trkpt>
<trkpt lat="37.543519" lon="126.7267303"><ele>65.30826</ele><time>2018-04-03T04:22:08Z</time>
<extensions>
<gpx10:speed>0.0018876541</gpx10:speed></extensions></trkpt>
</trkseg>
</trk>
</gpx>