<?xml version="1.0" encoding="UTF-8"?>
<gpx creator="Ramblr - http://www.ramblr.com" version="1.1" xmlns="http://www.topografix.com/GPX/1/1">
<metadata>
<name>북한산성입구 - 백운대 </name>
<desc>Bientus, Inc. - www.ramblr.com - Share your outdoor stories on a map!</desc>
<author>
<name></name>
</author>
<link href="https://www.ramblr.com/web/mymap/trip/809628/10773586"></link>
<time>2026-07-05T01:20:51Z</time>
</metadata>
<trk>
<name>북한산성입구 - 백운대 </name>
<trkseg>
<trkpt lat="37.65803464" lon="126.94527611"><ele>51.88</ele><time>2026-07-05T01:20:52Z</time></trkpt>
<trkpt lat="37.65799602" lon="126.94524445"><ele>49.71</ele><time>2026-07-05T01:21:06Z</time></trkpt>
<trkpt lat="37.65799879" lon="126.94525338"><ele>50.05</ele><time>2026-07-05T01:21:14Z</time></trkpt>
<trkpt lat="37.65799931" lon="126.94534023"><ele>55.95</ele><time>2026-07-05T01:21:30Z</time></trkpt>
<trkpt lat="37.65803542" lon="126.94546030"><ele>58.50</ele><time>2026-07-05T01:21:39Z</time></trkpt>
<trkpt lat="37.65804363" lon="126.94549159"><ele>59.53</ele><time>2026-07-05T01:21:41Z</time></trkpt>
<trkpt lat="37.65804803" lon="126.94550672"><ele>59.56</ele><time>2026-07-05T01:21:42Z</time></trkpt>
<trkpt lat="37.65805447" lon="126.94553674"><ele>59.93</ele><time>2026-07-05T01:21:44Z</time></trkpt>
<trkpt lat="37.65805581" lon="126.94555278"><ele>60.12</ele><time>2026-07-05T01:21:45Z</time></trkpt>
<trkpt lat="37.65805868" lon="126.94558847"><ele>61.03</ele><time>2026-07-05T01:21:47Z</time></trkpt>
<trkpt lat="37.65806286" lon="126.94560428"><ele>61.12</ele><time>2026-07-05T01:21:48Z</time></trkpt>
<trkpt lat="37.65807125" lon="126.94563074"><ele>62.64</ele><time>2026-07-05T01:21:50Z</time></trkpt>
<trkpt lat="37.65807598" lon="126.94564316"><ele>62.99</ele><time>2026-07-05T01:21:51Z</time></trkpt>
<trkpt lat="37.65808318" lon="126.94566344"><ele>62.81</ele><time>2026-07-05T01:21:53Z</time></trkpt>
<trkpt lat="37.65808697" lon="126.94568754"><ele>63.20</ele><time>2026-07-05T01:21:55Z</time></trkpt>
<trkpt lat="37.65809323" lon="126.94571063"><ele>63.98</ele><time>2026-07-05T01:21:57Z</time></trkpt>
<trkpt lat="37.65809841" lon="126.94570606"><ele>64.77</ele><time>2026-07-05T01:22:07Z</time></trkpt>
<trkpt lat="37.65811233" lon="126.94583815"><ele>68.59</ele><time>2026-07-05T01:22:27Z</time></trkpt>
<trkpt lat="37.65812633" lon="126.94587972"><ele>68.77</ele><time>2026-07-05T01:22:30Z</time></trkpt>
<trkpt lat="37.65813049" lon="126.94589395"><ele>69.29</ele><time>2026-07-05T01:22:31Z</time></trkpt>
<trkpt lat="37.65813781" lon="126.94592405"><ele>69.22</ele><time>2026-07-05T01:22:33Z</time></trkpt>
<trkpt lat="37.65814322" lon="126.94594011"><ele>69.13</ele><time>2026-07-05T01:22:34Z</time></trkpt>
<trkpt lat="37.65815227" lon="126.94597294"><ele>68.64</ele><time>2026-07-05T01:22:36Z</time></trkpt>
<trkpt lat="37.65815492" lon="126.94598990"><ele>68.85</ele><time>2026-07-05T01:22:37Z</time></trkpt>
<trkpt lat="37.65815926" lon="126.94602531"><ele>68.15</ele><time>2026-07-05T01:22:39Z</time></trkpt>
<trkpt lat="37.65816205" lon="126.94604172"><ele>68.85</ele><time>2026-07-05T01:22:40Z</time></trkpt>
<trkpt lat="37.65816576" lon="126.94607180"><ele>69.64</ele><time>2026-07-05T01:22:42Z</time></trkpt>
<trkpt lat="37.65816685" lon="126.94608911"><ele>70.02</ele><time>2026-07-05T01:22:43Z</time></trkpt>
<trkpt lat="37.65817116" lon="126.94611950"><ele>70.79</ele><time>2026-07-05T01:22:45Z</time></trkpt>
<trkpt lat="37.65817084" lon="126.94613486"><ele>72.04</ele><time>2026-07-05T01:22:46Z</time></trkpt>
<trkpt lat="37.65816851" lon="126.94616169"><ele>72.83</ele><time>2026-07-05T01:22:48Z</time></trkpt>
<trkpt lat="37.65816566" lon="126.94620395"><ele>73.29</ele><time>2026-07-05T01:22:51Z</time></trkpt>
<trkpt lat="37.65816194" lon="126.94621904"><ele>74.04</ele><time>2026-07-05T01:22:52Z</time></trkpt>
<trkpt lat="37.65815512" lon="126.94624846"><ele>74.11</ele><time>2026-07-05T01:22:54Z</time></trkpt>
<trkpt lat="37.65815124" lon="126.94626598"><ele>74.38</ele><time>2026-07-05T01:22:55Z</time></trkpt>
<trkpt lat="37.65814592" lon="126.94629876"><ele>75.21</ele><time>2026-07-05T01:22:57Z</time></trkpt>
<trkpt lat="37.65814343" lon="126.94631338"><ele>75.31</ele><time>2026-07-05T01:22:58Z</time></trkpt>
<trkpt lat="37.65813968" lon="126.94634621"><ele>74.03</ele><time>2026-07-05T01:23:00Z</time></trkpt>
<trkpt lat="37.65813637" lon="126.94636062"><ele>73.82</ele><time>2026-07-05T01:23:01Z</time></trkpt>
<trkpt lat="37.65812368" lon="126.94638506"><ele>73.44</ele><time>2026-07-05T01:23:03Z</time></trkpt>
<trkpt lat="37.65811543" lon="126.94639420"><ele>73.11</ele><time>2026-07-05T01:23:04Z</time></trkpt>
<trkpt lat="37.65809767" lon="126.94640908"><ele>73.45</ele><time>2026-07-05T01:23:06Z</time></trkpt>
<trkpt lat="37.65808851" lon="126.94641588"><ele>73.37</ele><time>2026-07-05T01:23:07Z</time></trkpt>
<trkpt lat="37.65807155" lon="126.94643413"><ele>72.45</ele><time>2026-07-05T01:23:09Z</time></trkpt>
<trkpt lat="37.65805555" lon="126.94644991"><ele>72.72</ele><time>2026-07-05T01:23:11Z</time></trkpt>
<trkpt lat="37.65804757" lon="126.94645597"><ele>72.87</ele><time>2026-07-05T01:23:12Z</time></trkpt>
<trkpt lat="37.65802579" lon="126.94647832"><ele>71.69</ele><time>2026-07-05T01:23:14Z</time></trkpt>
<trkpt lat="37.65801518" lon="126.94649008"><ele>71.00</ele><time>2026-07-05T01:23:15Z</time></trkpt>
<trkpt lat="37.65799567" lon="126.94651142"><ele>70.30</ele><time>2026-07-05T01:23:17Z</time></trkpt>
<trkpt lat="37.65798598" lon="126.94651955"><ele>70.53</ele><time>2026-07-05T01:23:18Z</time></trkpt>
<trkpt lat="37.65796683" lon="126.94653803"><ele>70.28</ele><time>2026-07-05T01:23:20Z</time></trkpt>
<trkpt lat="37.65795767" lon="126.94654746"><ele>70.17</ele><time>2026-07-05T01:23:21Z</time></trkpt>
<trkpt lat="37.65793645" lon="126.94656472"><ele>69.89</ele><time>2026-07-05T01:23:23Z</time></trkpt>
<trkpt lat="37.65792684" lon="126.94657315"><ele>70.06</ele><time>2026-07-05T01:23:24Z</time></trkpt>
<trkpt lat="37.65790899" lon="126.94659139"><ele>70.14</ele><time>2026-07-05T01:23:26Z</time></trkpt>
<trkpt lat="37.65789861" lon="126.94659841"><ele>70.16</ele><time>2026-07-05T01:23:27Z</time></trkpt>
<trkpt lat="37.65787756" lon="126.94661043"><ele>69.81</ele><time>2026-07-05T01:23:29Z</time></trkpt>
<trkpt lat="37.65786854" lon="126.94661662"><ele>69.16</ele><time>2026-07-05T01:23:30Z</time></trkpt>
<trkpt lat="37.65784731" lon="126.94662460"><ele>69.07</ele><time>2026-07-05T01:23:32Z</time></trkpt>
<trkpt lat="37.65782523" lon="126.94663062"><ele>68.90</ele><time>2026-07-05T01:23:34Z</time></trkpt>
<trkpt lat="37.65781418" lon="126.94663361"><ele>68.98</ele><time>2026-07-05T01:23:35Z</time></trkpt>
<trkpt lat="37.65779135" lon="126.94663763"><ele>69.10</ele><time>2026-07-05T01:23:37Z</time></trkpt>
<trkpt lat="37.65778363" lon="126.94663972"><ele>67.72</ele><time>2026-07-05T01:23:38Z</time></trkpt>
<trkpt lat="37.65779947" lon="126.94665905"><ele>67.18</ele><time>2026-07-05T01:24:46Z</time></trkpt>
<trkpt lat="37.65768371" lon="126.94667727"><ele>67.68</ele><time>2026-07-05T01:24:56Z</time></trkpt>
<trkpt lat="37.65761192" lon="126.94674999"><ele>70.45</ele><time>2026-07-05T01:25:06Z</time></trkpt>
<trkpt lat="37.65760198" lon="126.94675851"><ele>70.38</ele><time>2026-07-05T01:25:07Z</time></trkpt>
<trkpt lat="37.65758278" lon="126.94677499"><ele>70.36</ele><time>2026-07-05T01:25:09Z</time></trkpt>
<trkpt lat="37.65757431" lon="126.94678556"><ele>70.24</ele><time>2026-07-05T01:25:10Z</time></trkpt>
<trkpt lat="37.65756344" lon="126.94696012"><ele>71.56</ele><time>2026-07-05T01:25:20Z</time></trkpt>
<trkpt lat="37.65756007" lon="126.94697778"><ele>71.71</ele><time>2026-07-05T01:25:21Z</time></trkpt>
<trkpt lat="37.65754906" lon="126.94700440"><ele>71.54</ele><time>2026-07-05T01:25:23Z</time></trkpt>
<trkpt lat="37.65754326" lon="126.94701766"><ele>71.67</ele><time>2026-07-05T01:25:24Z</time></trkpt>
<trkpt lat="37.65752845" lon="126.94703493"><ele>71.42</ele><time>2026-07-05T01:25:26Z</time></trkpt>
<trkpt lat="37.65751010" lon="126.94704621"><ele>71.19</ele><time>2026-07-05T01:25:28Z</time></trkpt>
<trkpt lat="37.65750068" lon="126.94705413"><ele>71.22</ele><time>2026-07-05T01:25:29Z</time></trkpt>
<trkpt lat="37.65748076" lon="126.94706601"><ele>71.66</ele><time>2026-07-05T01:25:31Z</time></trkpt>
<trkpt lat="37.65747243" lon="126.94707165"><ele>71.32</ele><time>2026-07-05T01:25:32Z</time></trkpt>
<trkpt lat="37.65745517" lon="126.94707978"><ele>71.57</ele><time>2026-07-05T01:25:34Z</time></trkpt>
<trkpt lat="37.65744616" lon="126.94708706"><ele>71.47</ele><time>2026-07-05T01:25:35Z</time></trkpt>
<trkpt lat="37.65742933" lon="126.94709819"><ele>71.21</ele><time>2026-07-05T01:25:37Z</time></trkpt>
<trkpt lat="37.65741958" lon="126.94710235"><ele>71.34</ele><time>2026-07-05T01:25:38Z</time></trkpt>
<trkpt lat="37.65740116" lon="126.94711429"><ele>71.38</ele><time>2026-07-05T01:25:40Z</time></trkpt>
<trkpt lat="37.65739205" lon="126.94711836"><ele>71.34</ele><time>2026-07-05T01:25:41Z</time></trkpt>
<trkpt lat="37.65737338" lon="126.94713014"><ele>71.32</ele><time>2026-07-05T01:25:43Z</time></trkpt>
<trkpt lat="37.65736442" lon="126.94713825"><ele>70.92</ele><time>2026-07-05T01:25:44Z</time></trkpt>
<trkpt lat="37.65734635" lon="126.94715136"><ele>70.82</ele><time>2026-07-05T01:25:46Z</time></trkpt>
<trkpt lat="37.65733636" lon="126.94715902"><ele>70.61</ele><time>2026-07-05T01:25:47Z</time></trkpt>
<trkpt lat="37.65731674" lon="126.94717569"><ele>70.30</ele><time>2026-07-05T01:25:49Z</time></trkpt>
<trkpt lat="37.65729940" lon="126.94718680"><ele>70.40</ele><time>2026-07-05T01:25:51Z</time></trkpt>
<trkpt lat="37.65728959" lon="126.94719041"><ele>70.43</ele><time>2026-07-05T01:25:52Z</time></trkpt>
<trkpt lat="37.65727044" lon="126.94720067"><ele>70.18</ele><time>2026-07-05T01:25:54Z</time></trkpt>
<trkpt lat="37.65726174" lon="126.94720760"><ele>70.31</ele><time>2026-07-05T01:25:55Z</time></trkpt>
<trkpt lat="37.65724274" lon="126.94722252"><ele>70.35</ele><time>2026-07-05T01:25:57Z</time></trkpt>
<trkpt lat="37.65723375" lon="126.94722781"><ele>70.51</ele><time>2026-07-05T01:25:58Z</time></trkpt>
<trkpt lat="37.65721681" lon="126.94724022"><ele>70.45</ele><time>2026-07-05T01:26:00Z</time></trkpt>
<trkpt lat="37.65720777" lon="126.94724285"><ele>70.44</ele><time>2026-07-05T01:26:01Z</time></trkpt>
<trkpt lat="37.65719120" lon="126.94725325"><ele>70.54</ele><time>2026-07-05T01:26:03Z</time></trkpt>
<trkpt lat="37.65718304" lon="126.94725829"><ele>70.40</ele><time>2026-07-05T01:26:04Z</time></trkpt>
<trkpt lat="37.65716401" lon="126.94726706"><ele>70.57</ele><time>2026-07-05T01:26:06Z</time></trkpt>
<trkpt lat="37.65715602" lon="126.94727164"><ele>70.71</ele><time>2026-07-05T01:26:07Z</time></trkpt>
<trkpt lat="37.65714207" lon="126.94728805"><ele>71.04</ele><time>2026-07-05T01:26:09Z</time></trkpt>
<trkpt lat="37.65713351" lon="126.94729388"><ele>71.06</ele><time>2026-07-05T01:26:10Z</time></trkpt>
<trkpt lat="37.65711306" lon="126.94730442"><ele>70.79</ele><time>2026-07-05T01:26:12Z</time></trkpt>
<trkpt lat="37.65709578" lon="126.94731589"><ele>71.13</ele><time>2026-07-05T01:26:14Z</time></trkpt>
<trkpt lat="37.65708646" lon="126.94732150"><ele>71.41</ele><time>2026-07-05T01:26:15Z</time></trkpt>
<trkpt lat="37.65707089" lon="126.94733797"><ele>71.37</ele><time>2026-07-05T01:26:17Z</time></trkpt>
<trkpt lat="37.65706081" lon="126.94734612"><ele>70.73</ele><time>2026-07-05T01:26:18Z</time></trkpt>
<trkpt lat="37.65704115" lon="126.94736037"><ele>70.76</ele><time>2026-07-05T01:26:20Z</time></trkpt>
<trkpt lat="37.65703357" lon="126.94736856"><ele>70.91</ele><time>2026-07-05T01:26:21Z</time></trkpt>
<trkpt lat="37.65701746" lon="126.94738493"><ele>71.18</ele><time>2026-07-05T01:26:23Z</time></trkpt>
<trkpt lat="37.65701033" lon="126.94739310"><ele>71.18</ele><time>2026-07-05T01:26:24Z</time></trkpt>
<trkpt lat="37.65699488" lon="126.94741343"><ele>71.18</ele><time>2026-07-05T01:26:26Z</time></trkpt>
<trkpt lat="37.65698775" lon="126.94742320"><ele>70.91</ele><time>2026-07-05T01:26:27Z</time></trkpt>
<trkpt lat="37.65697125" lon="126.94744382"><ele>71.14</ele><time>2026-07-05T01:26:29Z</time></trkpt>
<trkpt lat="37.65696319" lon="126.94744958"><ele>71.13</ele><time>2026-07-05T01:26:30Z</time></trkpt>
<trkpt lat="37.65694471" lon="126.94745825"><ele>71.10</ele><time>2026-07-05T01:26:32Z</time></trkpt>
<trkpt lat="37.65693499" lon="126.94746589"><ele>70.89</ele><time>2026-07-05T01:26:33Z</time></trkpt>
<trkpt lat="37.65691562" lon="126.94747976"><ele>71.17</ele><time>2026-07-05T01:26:35Z</time></trkpt>
<trkpt lat="37.65690062" lon="126.94749807"><ele>71.47</ele><time>2026-07-05T01:26:37Z</time></trkpt>
<trkpt lat="37.65689243" lon="126.94750803"><ele>71.68</ele><time>2026-07-05T01:26:38Z</time></trkpt>
<trkpt lat="37.65688050" lon="126.94752575"><ele>71.92</ele><time>2026-07-05T01:26:40Z</time></trkpt>
<trkpt lat="37.65687313" lon="126.94753299"><ele>72.03</ele><time>2026-07-05T01:26:41Z</time></trkpt>
<trkpt lat="37.65685490" lon="126.94754967"><ele>72.18</ele><time>2026-07-05T01:26:43Z</time></trkpt>
<trkpt lat="37.65684514" lon="126.94756016"><ele>71.89</ele><time>2026-07-05T01:26:44Z</time></trkpt>
<trkpt lat="37.65682745" lon="126.94757681"><ele>72.09</ele><time>2026-07-05T01:26:46Z</time></trkpt>
<trkpt lat="37.65681910" lon="126.94758611"><ele>72.27</ele><time>2026-07-05T01:26:47Z</time></trkpt>
<trkpt lat="37.65680444" lon="126.94760306"><ele>72.56</ele><time>2026-07-05T01:26:49Z</time></trkpt>
<trkpt lat="37.65679708" lon="126.94761101"><ele>72.67</ele><time>2026-07-05T01:26:50Z</time></trkpt>
<trkpt lat="37.65677953" lon="126.94762703"><ele>73.00</ele><time>2026-07-05T01:26:52Z</time></trkpt>
<trkpt lat="37.65677029" lon="126.94763650"><ele>72.79</ele><time>2026-07-05T01:26:53Z</time></trkpt>
<trkpt lat="37.65675294" lon="126.94765825"><ele>72.94</ele><time>2026-07-05T01:26:55Z</time></trkpt>
<trkpt lat="37.65673977" lon="126.94767917"><ele>72.73</ele><time>2026-07-05T01:26:57Z</time></trkpt>
<trkpt lat="37.65673236" lon="126.94768741"><ele>72.62</ele><time>2026-07-05T01:26:58Z</time></trkpt>
<trkpt lat="37.65671793" lon="126.94770385"><ele>72.77</ele><time>2026-07-05T01:27:00Z</time></trkpt>
<trkpt lat="37.65671277" lon="126.94771440"><ele>72.91</ele><time>2026-07-05T01:27:01Z</time></trkpt>
<trkpt lat="37.65670206" lon="126.94773029"><ele>72.86</ele><time>2026-07-05T01:27:03Z</time></trkpt>
<trkpt lat="37.65669380" lon="126.94773538"><ele>72.81</ele><time>2026-07-05T01:27:04Z</time></trkpt>
<trkpt lat="37.65667883" lon="126.94775400"><ele>72.30</ele><time>2026-07-05T01:27:06Z</time></trkpt>
<trkpt lat="37.65667157" lon="126.94776397"><ele>72.50</ele><time>2026-07-05T01:27:07Z</time></trkpt>
<trkpt lat="37.65665759" lon="126.94778106"><ele>72.13</ele><time>2026-07-05T01:27:09Z</time></trkpt>
<trkpt lat="37.65665033" lon="126.94778876"><ele>72.37</ele><time>2026-07-05T01:27:10Z</time></trkpt>
<trkpt lat="37.65663512" lon="126.94780218"><ele>72.53</ele><time>2026-07-05T01:27:12Z</time></trkpt>
<trkpt lat="37.65662240" lon="126.94782249"><ele>73.01</ele><time>2026-07-05T01:27:14Z</time></trkpt>
<trkpt lat="37.65660624" lon="126.94783911"><ele>73.47</ele><time>2026-07-05T01:27:16Z</time></trkpt>
<trkpt lat="37.65659928" lon="126.94784607"><ele>73.54</ele><time>2026-07-05T01:27:17Z</time></trkpt>
<trkpt lat="37.65658337" lon="126.94786183"><ele>73.22</ele><time>2026-07-05T01:27:19Z</time></trkpt>
<trkpt lat="37.65656825" lon="126.94788682"><ele>73.14</ele><time>2026-07-05T01:27:21Z</time></trkpt>
<trkpt lat="37.65656165" lon="126.94789696"><ele>73.21</ele><time>2026-07-05T01:27:22Z</time></trkpt>
<trkpt lat="37.65654544" lon="126.94791908"><ele>73.24</ele><time>2026-07-05T01:27:24Z</time></trkpt>
<trkpt lat="37.65653722" lon="126.94792689"><ele>73.40</ele><time>2026-07-05T01:27:25Z</time></trkpt>
<trkpt lat="37.65652582" lon="126.94794275"><ele>73.35</ele><time>2026-07-05T01:27:27Z</time></trkpt>
<trkpt lat="37.65652059" lon="126.94795006"><ele>73.16</ele><time>2026-07-05T01:27:28Z</time></trkpt>
<trkpt lat="37.65650564" lon="126.94796793"><ele>73.25</ele><time>2026-07-05T01:27:30Z</time></trkpt>
<trkpt lat="37.65649933" lon="126.94798063"><ele>73.31</ele><time>2026-07-05T01:27:31Z</time></trkpt>
<trkpt lat="37.65648832" lon="126.94800341"><ele>73.33</ele><time>2026-07-05T01:27:33Z</time></trkpt>
<trkpt lat="37.65648191" lon="126.94801371"><ele>73.58</ele><time>2026-07-05T01:27:34Z</time></trkpt>
<trkpt lat="37.65646698" lon="126.94803101"><ele>73.49</ele><time>2026-07-05T01:27:36Z</time></trkpt>
<trkpt lat="37.65645925" lon="126.94803852"><ele>73.56</ele><time>2026-07-05T01:27:37Z</time></trkpt>
<trkpt lat="37.65644146" lon="126.94805240"><ele>73.86</ele><time>2026-07-05T01:27:39Z</time></trkpt>
<trkpt lat="37.65643278" lon="126.94806062"><ele>74.01</ele><time>2026-07-05T01:27:40Z</time></trkpt>
<trkpt lat="37.65642195" lon="126.94807973"><ele>74.34</ele><time>2026-07-05T01:27:42Z</time></trkpt>
<trkpt lat="37.65640558" lon="126.94809721"><ele>73.97</ele><time>2026-07-05T01:27:44Z</time></trkpt>
<trkpt lat="37.65639648" lon="126.94810556"><ele>74.24</ele><time>2026-07-05T01:27:45Z</time></trkpt>
<trkpt lat="37.65637928" lon="126.94812002"><ele>74.37</ele><time>2026-07-05T01:27:47Z</time></trkpt>
<trkpt lat="37.65637011" lon="126.94812730"><ele>74.37</ele><time>2026-07-05T01:27:48Z</time></trkpt>
<trkpt lat="37.65635327" lon="126.94814439"><ele>74.25</ele><time>2026-07-05T01:27:50Z</time></trkpt>
<trkpt lat="37.65634466" lon="126.94815336"><ele>74.43</ele><time>2026-07-05T01:27:51Z</time></trkpt>
<trkpt lat="37.65632881" lon="126.94817585"><ele>74.69</ele><time>2026-07-05T01:27:53Z</time></trkpt>
<trkpt lat="37.65632098" lon="126.94818640"><ele>74.72</ele><time>2026-07-05T01:27:54Z</time></trkpt>
<trkpt lat="37.65630690" lon="126.94820738"><ele>74.86</ele><time>2026-07-05T01:27:56Z</time></trkpt>
<trkpt lat="37.65629978" lon="126.94821572"><ele>75.05</ele><time>2026-07-05T01:27:57Z</time></trkpt>
<trkpt lat="37.65628479" lon="126.94823026"><ele>75.28</ele><time>2026-07-05T01:27:59Z</time></trkpt>
<trkpt lat="37.65627776" lon="126.94824118"><ele>75.38</ele><time>2026-07-05T01:28:00Z</time></trkpt>
<trkpt lat="37.65625393" lon="126.94829058"><ele>76.13</ele><time>2026-07-05T01:28:05Z</time></trkpt>
<trkpt lat="37.65624866" lon="126.94830132"><ele>76.35</ele><time>2026-07-05T01:28:06Z</time></trkpt>
<trkpt lat="37.65623809" lon="126.94831816"><ele>76.81</ele><time>2026-07-05T01:28:08Z</time></trkpt>
<trkpt lat="37.65622237" lon="126.94833252"><ele>77.33</ele><time>2026-07-05T01:28:10Z</time></trkpt>
<trkpt lat="37.65621483" lon="126.94834077"><ele>77.42</ele><time>2026-07-05T01:28:11Z</time></trkpt>
<trkpt lat="37.65619870" lon="126.94835443"><ele>77.81</ele><time>2026-07-05T01:28:13Z</time></trkpt>
<trkpt lat="37.65619143" lon="126.94836319"><ele>78.15</ele><time>2026-07-05T01:28:14Z</time></trkpt>
<trkpt lat="37.65617723" lon="126.94838387"><ele>78.58</ele><time>2026-07-05T01:28:16Z</time></trkpt>
<trkpt lat="37.65616957" lon="126.94839270"><ele>78.60</ele><time>2026-07-05T01:28:17Z</time></trkpt>
<trkpt lat="37.65615551" lon="126.94840857"><ele>78.89</ele><time>2026-07-05T01:28:19Z</time></trkpt>
<trkpt lat="37.65614838" lon="126.94841727"><ele>79.04</ele><time>2026-07-05T01:28:20Z</time></trkpt>
<trkpt lat="37.65613318" lon="126.94843569"><ele>78.95</ele><time>2026-07-05T01:28:22Z</time></trkpt>
<trkpt lat="37.65612634" lon="126.94844526"><ele>79.11</ele><time>2026-07-05T01:28:23Z</time></trkpt>
<trkpt lat="37.65611184" lon="126.94846001"><ele>79.43</ele><time>2026-07-05T01:28:25Z</time></trkpt>
<trkpt lat="37.65610482" lon="126.94846921"><ele>79.45</ele><time>2026-07-05T01:28:26Z</time></trkpt>
<trkpt lat="37.65609114" lon="126.94848554"><ele>79.59</ele><time>2026-07-05T01:28:28Z</time></trkpt>
<trkpt lat="37.65608128" lon="126.94849707"><ele>78.51</ele><time>2026-07-05T01:28:29Z</time></trkpt>
<trkpt lat="37.65606735" lon="126.94851447"><ele>78.77</ele><time>2026-07-05T01:28:31Z</time></trkpt>
<trkpt lat="37.65605076" lon="126.94853716"><ele>79.37</ele><time>2026-07-05T01:28:33Z</time></trkpt>
<trkpt lat="37.65604352" lon="126.94854692"><ele>79.42</ele><time>2026-07-05T01:28:34Z</time></trkpt>
<trkpt lat="37.65602889" lon="126.94856334"><ele>79.60</ele><time>2026-07-05T01:28:36Z</time></trkpt>
<trkpt lat="37.65602093" lon="126.94857192"><ele>79.90</ele><time>2026-07-05T01:28:37Z</time></trkpt>
<trkpt lat="37.65600631" lon="126.94859085"><ele>80.01</ele><time>2026-07-05T01:28:39Z</time></trkpt>
<trkpt lat="37.65599908" lon="126.94859878"><ele>80.00</ele><time>2026-07-05T01:28:40Z</time></trkpt>
<trkpt lat="37.65598077" lon="126.94861366"><ele>80.48</ele><time>2026-07-05T01:28:42Z</time></trkpt>
<trkpt lat="37.65597165" lon="126.94862093"><ele>80.48</ele><time>2026-07-05T01:28:43Z</time></trkpt>
<trkpt lat="37.65595433" lon="126.94863589"><ele>81.11</ele><time>2026-07-05T01:28:45Z</time></trkpt>
<trkpt lat="37.65594729" lon="126.94864363"><ele>81.06</ele><time>2026-07-05T01:28:46Z</time></trkpt>
<trkpt lat="37.65593207" lon="126.94865590"><ele>81.50</ele><time>2026-07-05T01:28:48Z</time></trkpt>
<trkpt lat="37.65592306" lon="126.94866503"><ele>81.36</ele><time>2026-07-05T01:28:49Z</time></trkpt>
<trkpt lat="37.65590592" lon="126.94868251"><ele>81.90</ele><time>2026-07-05T01:28:51Z</time></trkpt>
<trkpt lat="37.65588856" lon="126.94869998"><ele>81.78</ele><time>2026-07-05T01:28:53Z</time></trkpt>
<trkpt lat="37.65588122" lon="126.94870880"><ele>81.66</ele><time>2026-07-05T01:28:54Z</time></trkpt>
<trkpt lat="37.65586463" lon="126.94872378"><ele>81.98</ele><time>2026-07-05T01:28:56Z</time></trkpt>
<trkpt lat="37.65585569" lon="126.94873260"><ele>82.00</ele><time>2026-07-05T01:28:57Z</time></trkpt>
<trkpt lat="37.65583728" lon="126.94875008"><ele>82.31</ele><time>2026-07-05T01:28:59Z</time></trkpt>
<trkpt lat="37.65582815" lon="126.94875914"><ele>82.73</ele><time>2026-07-05T01:29:00Z</time></trkpt>
<trkpt lat="37.65580940" lon="126.94878026"><ele>82.96</ele><time>2026-07-05T01:29:02Z</time></trkpt>
<trkpt lat="37.65580059" lon="126.94878929"><ele>83.09</ele><time>2026-07-05T01:29:03Z</time></trkpt>
<trkpt lat="37.65578368" lon="126.94880906"><ele>83.08</ele><time>2026-07-05T01:29:05Z</time></trkpt>
<trkpt lat="37.65577603" lon="126.94881813"><ele>82.71</ele><time>2026-07-05T01:29:06Z</time></trkpt>
<trkpt lat="37.65576011" lon="126.94883749"><ele>82.98</ele><time>2026-07-05T01:29:08Z</time></trkpt>
<trkpt lat="37.65575146" lon="126.94884914"><ele>82.92</ele><time>2026-07-05T01:29:09Z</time></trkpt>
<trkpt lat="37.65573344" lon="126.94887165"><ele>83.15</ele><time>2026-07-05T01:29:11Z</time></trkpt>
<trkpt lat="37.65572404" lon="126.94888289"><ele>82.99</ele><time>2026-07-05T01:29:12Z</time></trkpt>
<trkpt lat="37.65570517" lon="126.94890004"><ele>83.39</ele><time>2026-07-05T01:29:14Z</time></trkpt>
<trkpt lat="37.65568713" lon="126.94891700"><ele>83.49</ele><time>2026-07-05T01:29:16Z</time></trkpt>
<trkpt lat="37.65567882" lon="126.94892523"><ele>83.73</ele><time>2026-07-05T01:29:17Z</time></trkpt>
<trkpt lat="37.65565955" lon="126.94894148"><ele>84.15</ele><time>2026-07-05T01:29:19Z</time></trkpt>
<trkpt lat="37.65564861" lon="126.94895048"><ele>84.54</ele><time>2026-07-05T01:29:20Z</time></trkpt>
<trkpt lat="37.65563089" lon="126.94897031"><ele>84.24</ele><time>2026-07-05T01:29:22Z</time></trkpt>
<trkpt lat="37.65562241" lon="126.94898027"><ele>84.14</ele><time>2026-07-05T01:29:23Z</time></trkpt>
<trkpt lat="37.65560234" lon="126.94899476"><ele>84.25</ele><time>2026-07-05T01:29:25Z</time></trkpt>
<trkpt lat="37.65558573" lon="126.94901188"><ele>84.62</ele><time>2026-07-05T01:29:27Z</time></trkpt>
<trkpt lat="37.65556580" lon="126.94902919"><ele>84.88</ele><time>2026-07-05T01:29:29Z</time></trkpt>
<trkpt lat="37.65555711" lon="126.94903821"><ele>84.75</ele><time>2026-07-05T01:29:30Z</time></trkpt>
<trkpt lat="37.65553878" lon="126.94905533"><ele>84.80</ele><time>2026-07-05T01:29:32Z</time></trkpt>
<trkpt lat="37.65552919" lon="126.94906236"><ele>85.14</ele><time>2026-07-05T01:29:33Z</time></trkpt>
<trkpt lat="37.65551112" lon="126.94908125"><ele>85.17</ele><time>2026-07-05T01:29:35Z</time></trkpt>
<trkpt lat="37.65550165" lon="126.94908940"><ele>85.24</ele><time>2026-07-05T01:29:36Z</time></trkpt>
<trkpt lat="37.65548534" lon="126.94910838"><ele>85.94</ele><time>2026-07-05T01:29:38Z</time></trkpt>
<trkpt lat="37.65543485" lon="126.94914907"><ele>86.67</ele><time>2026-07-05T01:29:43Z</time></trkpt>
<trkpt lat="37.65542500" lon="126.94915748"><ele>86.75</ele><time>2026-07-05T01:29:44Z</time></trkpt>
<trkpt lat="37.65540386" lon="126.94916937"><ele>87.21</ele><time>2026-07-05T01:29:46Z</time></trkpt>
<trkpt lat="37.65539345" lon="126.94917840"><ele>87.30</ele><time>2026-07-05T01:29:47Z</time></trkpt>
<trkpt lat="37.65537064" lon="126.94919503"><ele>87.92</ele><time>2026-07-05T01:29:49Z</time></trkpt>
<trkpt lat="37.65535955" lon="126.94920204"><ele>88.16</ele><time>2026-07-05T01:29:50Z</time></trkpt>
<trkpt lat="37.65533699" lon="126.94921641"><ele>88.15</ele><time>2026-07-05T01:29:52Z</time></trkpt>
<trkpt lat="37.65532483" lon="126.94922128"><ele>88.24</ele><time>2026-07-05T01:29:53Z</time></trkpt>
<trkpt lat="37.65530141" lon="126.94923038"><ele>88.67</ele><time>2026-07-05T01:29:55Z</time></trkpt>
<trkpt lat="37.65529098" lon="126.94923893"><ele>88.04</ele><time>2026-07-05T01:29:56Z</time></trkpt>
<trkpt lat="37.65526731" lon="126.94925230"><ele>88.20</ele><time>2026-07-05T01:29:58Z</time></trkpt>
<trkpt lat="37.65525489" lon="126.94925987"><ele>88.31</ele><time>2026-07-05T01:29:59Z</time></trkpt>
<trkpt lat="37.65523052" lon="126.94927485"><ele>88.60</ele><time>2026-07-05T01:30:01Z</time></trkpt>
<trkpt lat="37.65521938" lon="126.94928226"><ele>88.64</ele><time>2026-07-05T01:30:02Z</time></trkpt>
<trkpt lat="37.65519867" lon="126.94929820"><ele>88.83</ele><time>2026-07-05T01:30:04Z</time></trkpt>
<trkpt lat="37.65517958" lon="126.94931949"><ele>88.94</ele><time>2026-07-05T01:30:06Z</time></trkpt>
<trkpt lat="37.65516988" lon="126.94933137"><ele>89.07</ele><time>2026-07-05T01:30:07Z</time></trkpt>
<trkpt lat="37.65515303" lon="126.94935861"><ele>88.62</ele><time>2026-07-05T01:30:09Z</time></trkpt>
<trkpt lat="37.65514534" lon="126.94937234"><ele>88.77</ele><time>2026-07-05T01:30:10Z</time></trkpt>
<trkpt lat="37.65513036" lon="126.94939556"><ele>88.93</ele><time>2026-07-05T01:30:12Z</time></trkpt>
<trkpt lat="37.65512185" lon="126.94940457"><ele>88.99</ele><time>2026-07-05T01:30:13Z</time></trkpt>
<trkpt lat="37.65510516" lon="126.94941783"><ele>88.97</ele><time>2026-07-05T01:30:15Z</time></trkpt>
<trkpt lat="37.65509645" lon="126.94942431"><ele>89.30</ele><time>2026-07-05T01:30:16Z</time></trkpt>
<trkpt lat="37.65507951" lon="126.94943746"><ele>89.31</ele><time>2026-07-05T01:30:18Z</time></trkpt>
<trkpt lat="37.65507290" lon="126.94944676"><ele>89.76</ele><time>2026-07-05T01:30:19Z</time></trkpt>
<trkpt lat="37.65506274" lon="126.94946986"><ele>89.71</ele><time>2026-07-05T01:30:21Z</time></trkpt>
<trkpt lat="37.65506129" lon="126.94948258"><ele>89.72</ele><time>2026-07-05T01:30:22Z</time></trkpt>
<trkpt lat="37.65505346" lon="126.94950787"><ele>89.67</ele><time>2026-07-05T01:30:24Z</time></trkpt>
<trkpt lat="37.65505098" lon="126.94952063"><ele>89.76</ele><time>2026-07-05T01:30:25Z</time></trkpt>
<trkpt lat="37.65504621" lon="126.94954669"><ele>89.03</ele><time>2026-07-05T01:30:27Z</time></trkpt>
<trkpt lat="37.65503716" lon="126.94957498"><ele>89.18</ele><time>2026-07-05T01:30:29Z</time></trkpt>
<trkpt lat="37.65503361" lon="126.94958677"><ele>88.79</ele><time>2026-07-05T01:30:30Z</time></trkpt>
<trkpt lat="37.65502735" lon="126.94961088"><ele>89.57</ele><time>2026-07-05T01:30:32Z</time></trkpt>
<trkpt lat="37.65502412" lon="126.94962519"><ele>89.43</ele><time>2026-07-05T01:30:33Z</time></trkpt>
<trkpt lat="37.65501720" lon="126.94964654"><ele>88.81</ele><time>2026-07-05T01:30:35Z</time></trkpt>
<trkpt lat="37.65501237" lon="126.94965840"><ele>89.25</ele><time>2026-07-05T01:30:36Z</time></trkpt>
<trkpt lat="37.65499852" lon="126.94968216"><ele>89.36</ele><time>2026-07-05T01:30:38Z</time></trkpt>
<trkpt lat="37.65499190" lon="126.94969273"><ele>89.17</ele><time>2026-07-05T01:30:39Z</time></trkpt>
<trkpt lat="37.65498006" lon="126.94971402"><ele>89.32</ele><time>2026-07-05T01:30:41Z</time></trkpt>
<trkpt lat="37.65497364" lon="126.94972600"><ele>89.15</ele><time>2026-07-05T01:30:42Z</time></trkpt>
<trkpt lat="37.65496411" lon="126.94975015"><ele>89.22</ele><time>2026-07-05T01:30:44Z</time></trkpt>
<trkpt lat="37.65495911" lon="126.94976279"><ele>89.50</ele><time>2026-07-05T01:30:45Z</time></trkpt>
<trkpt lat="37.65495290" lon="126.94978866"><ele>89.81</ele><time>2026-07-05T01:30:47Z</time></trkpt>
<trkpt lat="37.65495185" lon="126.94980235"><ele>89.64</ele><time>2026-07-05T01:30:48Z</time></trkpt>
<trkpt lat="37.65494725" lon="126.94983126"><ele>89.56</ele><time>2026-07-05T01:30:50Z</time></trkpt>
<trkpt lat="37.65494426" lon="126.94985692"><ele>89.70</ele><time>2026-07-05T01:30:52Z</time></trkpt>
<trkpt lat="37.65494399" lon="126.94987035"><ele>88.98</ele><time>2026-07-05T01:30:53Z</time></trkpt>
<trkpt lat="37.65493909" lon="126.94989660"><ele>89.05</ele><time>2026-07-05T01:30:55Z</time></trkpt>
<trkpt lat="37.65493412" lon="126.94990853"><ele>88.59</ele><time>2026-07-05T01:30:56Z</time></trkpt>
<trkpt lat="37.65492529" lon="126.94993447"><ele>87.79</ele><time>2026-07-05T01:30:58Z</time></trkpt>
<trkpt lat="37.65492151" lon="126.94994661"><ele>87.53</ele><time>2026-07-05T01:30:59Z</time></trkpt>
<trkpt lat="37.65491324" lon="126.94997232"><ele>87.63</ele><time>2026-07-05T01:31:01Z</time></trkpt>
<trkpt lat="37.65490899" lon="126.94998553"><ele>87.46</ele><time>2026-07-05T01:31:02Z</time></trkpt>
<trkpt lat="37.65490212" lon="126.95001095"><ele>87.27</ele><time>2026-07-05T01:31:04Z</time></trkpt>
<trkpt lat="37.65489725" lon="126.95002455"><ele>87.22</ele><time>2026-07-05T01:31:05Z</time></trkpt>
<trkpt lat="37.65489161" lon="126.95005293"><ele>86.47</ele><time>2026-07-05T01:31:07Z</time></trkpt>
<trkpt lat="37.65488766" lon="126.95006626"><ele>86.66</ele><time>2026-07-05T01:31:08Z</time></trkpt>
<trkpt lat="37.65487845" lon="126.95009054"><ele>86.52</ele><time>2026-07-05T01:31:10Z</time></trkpt>
<trkpt lat="37.65486938" lon="126.95011476"><ele>86.75</ele><time>2026-07-05T01:31:12Z</time></trkpt>
<trkpt lat="37.65486466" lon="126.95012523"><ele>86.96</ele><time>2026-07-05T01:31:13Z</time></trkpt>
<trkpt lat="37.65485930" lon="126.95015367"><ele>86.78</ele><time>2026-07-05T01:31:15Z</time></trkpt>
<trkpt lat="37.65485703" lon="126.95016716"><ele>86.99</ele><time>2026-07-05T01:31:16Z</time></trkpt>
<trkpt lat="37.65485212" lon="126.95019130"><ele>86.94</ele><time>2026-07-05T01:31:18Z</time></trkpt>
<trkpt lat="37.65484923" lon="126.95020462"><ele>86.91</ele><time>2026-07-05T01:31:19Z</time></trkpt>
<trkpt lat="37.65484434" lon="126.95023173"><ele>87.14</ele><time>2026-07-05T01:31:21Z</time></trkpt>
<trkpt lat="37.65484109" lon="126.95024534"><ele>87.22</ele><time>2026-07-05T01:31:22Z</time></trkpt>
<trkpt lat="37.65483424" lon="126.95027089"><ele>87.41</ele><time>2026-07-05T01:31:24Z</time></trkpt>
<trkpt lat="37.65483059" lon="126.95028326"><ele>87.52</ele><time>2026-07-05T01:31:25Z</time></trkpt>
<trkpt lat="37.65482289" lon="126.95030824"><ele>87.13</ele><time>2026-07-05T01:31:27Z</time></trkpt>
<trkpt lat="37.65481726" lon="126.95032040"><ele>87.50</ele><time>2026-07-05T01:31:28Z</time></trkpt>
<trkpt lat="37.65480782" lon="126.95034325"><ele>87.92</ele><time>2026-07-05T01:31:30Z</time></trkpt>
<trkpt lat="37.65480501" lon="126.95035358"><ele>88.07</ele><time>2026-07-05T01:31:31Z</time></trkpt>
<trkpt lat="37.65480012" lon="126.95038039"><ele>87.52</ele><time>2026-07-05T01:31:33Z</time></trkpt>
<trkpt lat="37.65479359" lon="126.95040442"><ele>87.99</ele><time>2026-07-05T01:31:35Z</time></trkpt>
<trkpt lat="37.65478973" lon="126.95041616"><ele>88.27</ele><time>2026-07-05T01:31:36Z</time></trkpt>
<trkpt lat="37.65478569" lon="126.95043878"><ele>88.03</ele><time>2026-07-05T01:31:38Z</time></trkpt>
<trkpt lat="37.65478349" lon="126.95045065"><ele>87.97</ele><time>2026-07-05T01:31:39Z</time></trkpt>
<trkpt lat="37.65477369" lon="126.95047293"><ele>88.34</ele><time>2026-07-05T01:31:41Z</time></trkpt>
<trkpt lat="37.65477097" lon="126.95048405"><ele>88.43</ele><time>2026-07-05T01:31:42Z</time></trkpt>
<trkpt lat="37.65476444" lon="126.95050849"><ele>88.36</ele><time>2026-07-05T01:31:44Z</time></trkpt>
<trkpt lat="37.65476155" lon="126.95052090"><ele>88.66</ele><time>2026-07-05T01:31:45Z</time></trkpt>
<trkpt lat="37.65475861" lon="126.95054636"><ele>88.86</ele><time>2026-07-05T01:31:47Z</time></trkpt>
<trkpt lat="37.65475562" lon="126.95055853"><ele>88.75</ele><time>2026-07-05T01:31:48Z</time></trkpt>
<trkpt lat="37.65473035" lon="126.95060480"><ele>89.23</ele><time>2026-07-05T01:31:53Z</time></trkpt>
<trkpt lat="37.65472424" lon="126.95061154"><ele>90.08</ele><time>2026-07-05T01:31:54Z</time></trkpt>
<trkpt lat="37.65471036" lon="126.95063029"><ele>90.94</ele><time>2026-07-05T01:31:56Z</time></trkpt>
<trkpt lat="37.65470453" lon="126.95064226"><ele>91.17</ele><time>2026-07-05T01:31:57Z</time></trkpt>
<trkpt lat="37.65469394" lon="126.95066437"><ele>91.29</ele><time>2026-07-05T01:31:59Z</time></trkpt>
<trkpt lat="37.65468301" lon="126.95068510"><ele>91.36</ele><time>2026-07-05T01:32:01Z</time></trkpt>
<trkpt lat="37.65467580" lon="126.95069418"><ele>91.87</ele><time>2026-07-05T01:32:02Z</time></trkpt>
<trkpt lat="37.65466161" lon="126.95072659"><ele>91.83</ele><time>2026-07-05T01:32:05Z</time></trkpt>
<trkpt lat="37.65465601" lon="126.95073825"><ele>91.92</ele><time>2026-07-05T01:32:06Z</time></trkpt>
<trkpt lat="37.65464628" lon="126.95075766"><ele>92.45</ele><time>2026-07-05T01:32:08Z</time></trkpt>
<trkpt lat="37.65464001" lon="126.95076770"><ele>92.39</ele><time>2026-07-05T01:32:09Z</time></trkpt>
<trkpt lat="37.65462423" lon="126.95077956"><ele>92.69</ele><time>2026-07-05T01:32:11Z</time></trkpt>
<trkpt lat="37.65457712" lon="126.95083378"><ele>93.47</ele><time>2026-07-05T01:32:18Z</time></trkpt>
<trkpt lat="37.65456274" lon="126.95084895"><ele>93.31</ele><time>2026-07-05T01:32:20Z</time></trkpt>
<trkpt lat="37.65455358" lon="126.95085623"><ele>93.60</ele><time>2026-07-05T01:32:21Z</time></trkpt>
<trkpt lat="37.65453584" lon="126.95086956"><ele>93.96</ele><time>2026-07-05T01:32:23Z</time></trkpt>
<trkpt lat="37.65452859" lon="126.95087609"><ele>93.84</ele><time>2026-07-05T01:32:24Z</time></trkpt>
<trkpt lat="37.65451004" lon="126.95088580"><ele>94.30</ele><time>2026-07-05T01:32:26Z</time></trkpt>
<trkpt lat="37.65450139" lon="126.95089205"><ele>94.49</ele><time>2026-07-05T01:32:27Z</time></trkpt>
<trkpt lat="37.65448516" lon="126.95090168"><ele>94.58</ele><time>2026-07-05T01:32:29Z</time></trkpt>
<trkpt lat="37.65446772" lon="126.95091316"><ele>94.58</ele><time>2026-07-05T01:32:31Z</time></trkpt>
<trkpt lat="37.65445902" lon="126.95091863"><ele>94.71</ele><time>2026-07-05T01:32:32Z</time></trkpt>
<trkpt lat="37.65444294" lon="126.95093125"><ele>94.79</ele><time>2026-07-05T01:32:34Z</time></trkpt>
<trkpt lat="37.65443539" lon="126.95093721"><ele>94.75</ele><time>2026-07-05T01:32:35Z</time></trkpt>
<trkpt lat="37.65441756" lon="126.95094565"><ele>95.14</ele><time>2026-07-05T01:32:37Z</time></trkpt>
<trkpt lat="37.65440812" lon="126.95095016"><ele>95.41</ele><time>2026-07-05T01:32:38Z</time></trkpt>
<trkpt lat="37.65439080" lon="126.95096159"><ele>95.89</ele><time>2026-07-05T01:32:40Z</time></trkpt>
<trkpt lat="37.65438211" lon="126.95096751"><ele>96.13</ele><time>2026-07-05T01:32:41Z</time></trkpt>
<trkpt lat="37.65436601" lon="126.95098432"><ele>95.63</ele><time>2026-07-05T01:32:43Z</time></trkpt>
<trkpt lat="37.65435735" lon="126.95099122"><ele>96.03</ele><time>2026-07-05T01:32:44Z</time></trkpt>
<trkpt lat="37.65433998" lon="126.95100107"><ele>96.62</ele><time>2026-07-05T01:32:46Z</time></trkpt>
<trkpt lat="37.65433068" lon="126.95100565"><ele>96.57</ele><time>2026-07-05T01:32:47Z</time></trkpt>
<trkpt lat="37.65430931" lon="126.95101312"><ele>96.93</ele><time>2026-07-05T01:32:49Z</time></trkpt>
<trkpt lat="37.65429913" lon="126.95102045"><ele>97.06</ele><time>2026-07-05T01:32:50Z</time></trkpt>
<trkpt lat="37.65428417" lon="126.95103329"><ele>96.92</ele><time>2026-07-05T01:32:52Z</time></trkpt>
<trkpt lat="37.65426693" lon="126.95104299"><ele>97.17</ele><time>2026-07-05T01:32:54Z</time></trkpt>
<trkpt lat="37.65425708" lon="126.95104837"><ele>97.45</ele><time>2026-07-05T01:32:55Z</time></trkpt>
<trkpt lat="37.65423949" lon="126.95106481"><ele>97.58</ele><time>2026-07-05T01:32:57Z</time></trkpt>
<trkpt lat="37.65423096" lon="126.95107127"><ele>97.78</ele><time>2026-07-05T01:32:58Z</time></trkpt>
<trkpt lat="37.65421368" lon="126.95108209"><ele>97.93</ele><time>2026-07-05T01:33:00Z</time></trkpt>
<trkpt lat="37.65420411" lon="126.95108603"><ele>98.18</ele><time>2026-07-05T01:33:01Z</time></trkpt>
<trkpt lat="37.65418800" lon="126.95109812"><ele>98.63</ele><time>2026-07-05T01:33:03Z</time></trkpt>
<trkpt lat="37.65417934" lon="126.95110287"><ele>98.60</ele><time>2026-07-05T01:33:04Z</time></trkpt>
<trkpt lat="37.65416133" lon="126.95111027"><ele>98.85</ele><time>2026-07-05T01:33:06Z</time></trkpt>
<trkpt lat="37.65415116" lon="126.95111613"><ele>99.09</ele><time>2026-07-05T01:33:07Z</time></trkpt>
<trkpt lat="37.65413594" lon="126.95112844"><ele>99.53</ele><time>2026-07-05T01:33:09Z</time></trkpt>
<trkpt lat="37.65411795" lon="126.95113609"><ele>100.34</ele><time>2026-07-05T01:33:11Z</time></trkpt>
<trkpt lat="37.65409790" lon="126.95114740"><ele>100.97</ele><time>2026-07-05T01:33:13Z</time></trkpt>
<trkpt lat="37.65408002" lon="126.95115909"><ele>100.39</ele><time>2026-07-05T01:33:15Z</time></trkpt>
<trkpt lat="37.65407117" lon="126.95116651"><ele>100.46</ele><time>2026-07-05T01:33:16Z</time></trkpt>
<trkpt lat="37.65405379" lon="126.95117698"><ele>100.97</ele><time>2026-07-05T01:33:18Z</time></trkpt>
<trkpt lat="37.65404497" lon="126.95118479"><ele>101.21</ele><time>2026-07-05T01:33:19Z</time></trkpt>
<trkpt lat="37.65402834" lon="126.95120098"><ele>101.46</ele><time>2026-07-05T01:33:21Z</time></trkpt>
<trkpt lat="37.65401927" lon="126.95120837"><ele>101.73</ele><time>2026-07-05T01:33:22Z</time></trkpt>
<trkpt lat="37.65400291" lon="126.95122303"><ele>102.07</ele><time>2026-07-05T01:33:24Z</time></trkpt>
<trkpt lat="37.65399356" lon="126.95123010"><ele>102.40</ele><time>2026-07-05T01:33:25Z</time></trkpt>
<trkpt lat="37.65397535" lon="126.95124458"><ele>102.03</ele><time>2026-07-05T01:33:27Z</time></trkpt>
<trkpt lat="37.65396818" lon="126.95125181"><ele>102.28</ele><time>2026-07-05T01:33:28Z</time></trkpt>
<trkpt lat="37.65395299" lon="126.95126189"><ele>102.35</ele><time>2026-07-05T01:33:30Z</time></trkpt>
<trkpt lat="37.65394229" lon="126.95127131"><ele>102.32</ele><time>2026-07-05T01:33:31Z</time></trkpt>
<trkpt lat="37.65392437" lon="126.95128697"><ele>102.65</ele><time>2026-07-05T01:33:33Z</time></trkpt>
<trkpt lat="37.65391676" lon="126.95129123"><ele>103.18</ele><time>2026-07-05T01:33:34Z</time></trkpt>
<trkpt lat="37.65389843" lon="126.95129821"><ele>103.83</ele><time>2026-07-05T01:33:36Z</time></trkpt>
<trkpt lat="37.65387966" lon="126.95130813"><ele>103.75</ele><time>2026-07-05T01:33:38Z</time></trkpt>
<trkpt lat="37.65387003" lon="126.95131173"><ele>104.02</ele><time>2026-07-05T01:33:39Z</time></trkpt>
<trkpt lat="37.65385078" lon="126.95132040"><ele>104.03</ele><time>2026-07-05T01:33:41Z</time></trkpt>
<trkpt lat="37.65384148" lon="126.95132511"><ele>104.15</ele><time>2026-07-05T01:33:42Z</time></trkpt>
<trkpt lat="37.65382229" lon="126.95133077"><ele>104.29</ele><time>2026-07-05T01:33:44Z</time></trkpt>
<trkpt lat="37.65381362" lon="126.95133180"><ele>104.54</ele><time>2026-07-05T01:33:45Z</time></trkpt>
<trkpt lat="37.65379490" lon="126.95134309"><ele>104.19</ele><time>2026-07-05T01:33:47Z</time></trkpt>
<trkpt lat="37.65378635" lon="126.95135054"><ele>104.28</ele><time>2026-07-05T01:33:48Z</time></trkpt>
<trkpt lat="37.65376625" lon="126.95135970"><ele>104.96</ele><time>2026-07-05T01:33:50Z</time></trkpt>
<trkpt lat="37.65375599" lon="126.95136557"><ele>104.94</ele><time>2026-07-05T01:33:51Z</time></trkpt>
<trkpt lat="37.65373882" lon="126.95137751"><ele>105.51</ele><time>2026-07-05T01:33:53Z</time></trkpt>
<trkpt lat="37.65373018" lon="126.95138184"><ele>105.32</ele><time>2026-07-05T01:33:54Z</time></trkpt>
<trkpt lat="37.65371402" lon="126.95139196"><ele>105.53</ele><time>2026-07-05T01:33:56Z</time></trkpt>
<trkpt lat="37.65370544" lon="126.95139591"><ele>106.00</ele><time>2026-07-05T01:33:57Z</time></trkpt>
<trkpt lat="37.65368955" lon="126.95140633"><ele>106.10</ele><time>2026-07-05T01:33:59Z</time></trkpt>
<trkpt lat="37.65367021" lon="126.95141566"><ele>106.38</ele><time>2026-07-05T01:34:01Z</time></trkpt>
<trkpt lat="37.65365979" lon="126.95141877"><ele>106.82</ele><time>2026-07-05T01:34:02Z</time></trkpt>
<trkpt lat="37.65364295" lon="126.95142655"><ele>107.03</ele><time>2026-07-05T01:34:04Z</time></trkpt>
<trkpt lat="37.65363453" lon="126.95143279"><ele>106.97</ele><time>2026-07-05T01:34:05Z</time></trkpt>
<trkpt lat="37.65361711" lon="126.95144091"><ele>107.85</ele><time>2026-07-05T01:34:07Z</time></trkpt>
<trkpt lat="37.65360892" lon="126.95144470"><ele>108.10</ele><time>2026-07-05T01:34:08Z</time></trkpt>
<trkpt lat="37.65359089" lon="126.95145237"><ele>108.19</ele><time>2026-07-05T01:34:10Z</time></trkpt>
<trkpt lat="37.65358165" lon="126.95145430"><ele>108.52</ele><time>2026-07-05T01:34:11Z</time></trkpt>
<trkpt lat="37.65356447" lon="126.95146145"><ele>108.45</ele><time>2026-07-05T01:34:13Z</time></trkpt>
<trkpt lat="37.65348238" lon="126.95146763"><ele>111.10</ele><time>2026-07-05T01:34:22Z</time></trkpt>
<trkpt lat="37.65346408" lon="126.95146775"><ele>111.36</ele><time>2026-07-05T01:34:24Z</time></trkpt>
<trkpt lat="37.65345362" lon="126.95146942"><ele>111.05</ele><time>2026-07-05T01:34:25Z</time></trkpt>
<trkpt lat="37.65343223" lon="126.95147393"><ele>111.64</ele><time>2026-07-05T01:34:27Z</time></trkpt>
<trkpt lat="37.65342258" lon="126.95147274"><ele>111.57</ele><time>2026-07-05T01:34:28Z</time></trkpt>
<trkpt lat="37.65340177" lon="126.95147242"><ele>112.05</ele><time>2026-07-05T01:34:30Z</time></trkpt>
<trkpt lat="37.65335595" lon="126.95148957"><ele>111.54</ele><time>2026-07-05T01:34:34Z</time></trkpt>
<trkpt lat="37.65334647" lon="126.95149029"><ele>111.51</ele><time>2026-07-05T01:34:35Z</time></trkpt>
<trkpt lat="37.65332566" lon="126.95149360"><ele>112.12</ele><time>2026-07-05T01:34:37Z</time></trkpt>
<trkpt lat="37.65331307" lon="126.95149468"><ele>112.63</ele><time>2026-07-05T01:34:38Z</time></trkpt>
<trkpt lat="37.65329196" lon="126.95149749"><ele>112.98</ele><time>2026-07-05T01:34:40Z</time></trkpt>
<trkpt lat="37.65328229" lon="126.95149806"><ele>113.09</ele><time>2026-07-05T01:34:41Z</time></trkpt>
<trkpt lat="37.65326220" lon="126.95149535"><ele>113.41</ele><time>2026-07-05T01:34:43Z</time></trkpt>
<trkpt lat="37.65322868" lon="126.95149934"><ele>114.01</ele><time>2026-07-05T01:34:46Z</time></trkpt>
<trkpt lat="37.65319364" lon="126.95151276"><ele>113.37</ele><time>2026-07-05T01:34:49Z</time></trkpt>
<trkpt lat="37.65318354" lon="126.95151594"><ele>113.29</ele><time>2026-07-05T01:34:50Z</time></trkpt>
<trkpt lat="37.65316203" lon="126.95152513"><ele>113.84</ele><time>2026-07-05T01:34:52Z</time></trkpt>
<trkpt lat="37.65315160" lon="126.95152925"><ele>113.81</ele><time>2026-07-05T01:34:53Z</time></trkpt>
<trkpt lat="37.65311425" lon="126.95153249"><ele>114.45</ele><time>2026-07-05T01:34:57Z</time></trkpt>
<trkpt lat="37.65309392" lon="126.95154091"><ele>114.79</ele><time>2026-07-05T01:34:59Z</time></trkpt>
<trkpt lat="37.65307632" lon="126.95154456"><ele>115.57</ele><time>2026-07-05T01:35:01Z</time></trkpt>
<trkpt lat="37.65305731" lon="126.95154722"><ele>116.60</ele><time>2026-07-05T01:35:03Z</time></trkpt>
<trkpt lat="37.65304661" lon="126.95155140"><ele>116.67</ele><time>2026-07-05T01:35:04Z</time></trkpt>
<trkpt lat="37.65302812" lon="126.95156151"><ele>117.36</ele><time>2026-07-05T01:35:06Z</time></trkpt>
<trkpt lat="37.65301937" lon="126.95156620"><ele>117.20</ele><time>2026-07-05T01:35:07Z</time></trkpt>
<trkpt lat="37.65300153" lon="126.95157568"><ele>118.15</ele><time>2026-07-05T01:35:09Z</time></trkpt>
<trkpt lat="37.65299280" lon="126.95158144"><ele>118.55</ele><time>2026-07-05T01:35:10Z</time></trkpt>
<trkpt lat="37.65297795" lon="126.95159919"><ele>118.29</ele><time>2026-07-05T01:35:12Z</time></trkpt>
<trkpt lat="37.65296914" lon="126.95160725"><ele>117.62</ele><time>2026-07-05T01:35:13Z</time></trkpt>
<trkpt lat="37.65293055" lon="126.95163543"><ele>114.67</ele><time>2026-07-05T01:35:43Z</time></trkpt>
<trkpt lat="37.65293247" lon="126.95164300"><ele>114.23</ele><time>2026-07-05T01:35:53Z</time></trkpt>
<trkpt lat="37.65285532" lon="126.95172993"><ele>115.41</ele><time>2026-07-05T01:36:35Z</time></trkpt>
<trkpt lat="37.65284891" lon="126.95174218"><ele>115.61</ele><time>2026-07-05T01:36:36Z</time></trkpt>
<trkpt lat="37.65283008" lon="126.95175886"><ele>116.40</ele><time>2026-07-05T01:36:38Z</time></trkpt>
<trkpt lat="37.65282220" lon="126.95177060"><ele>116.38</ele><time>2026-07-05T01:36:39Z</time></trkpt>
<trkpt lat="37.65279840" lon="126.95179437"><ele>116.71</ele><time>2026-07-05T01:36:42Z</time></trkpt>
<trkpt lat="37.65275872" lon="126.95190030"><ele>116.78</ele><time>2026-07-05T01:36:52Z</time></trkpt>
<trkpt lat="37.65275627" lon="126.95191136"><ele>116.48</ele><time>2026-07-05T01:36:53Z</time></trkpt>
<trkpt lat="37.65275831" lon="126.95195867"><ele>115.87</ele><time>2026-07-05T01:36:56Z</time></trkpt>
<trkpt lat="37.65275882" lon="126.95197310"><ele>115.96</ele><time>2026-07-05T01:36:57Z</time></trkpt>
<trkpt lat="37.65275952" lon="126.95199851"><ele>116.64</ele><time>2026-07-05T01:36:59Z</time></trkpt>
<trkpt lat="37.65275934" lon="126.95201178"><ele>116.88</ele><time>2026-07-05T01:37:00Z</time></trkpt>
<trkpt lat="37.65275811" lon="126.95203865"><ele>117.37</ele><time>2026-07-05T01:37:02Z</time></trkpt>
<trkpt lat="37.65275845" lon="126.95205032"><ele>117.57</ele><time>2026-07-05T01:37:03Z</time></trkpt>
<trkpt lat="37.65276103" lon="126.95207631"><ele>118.02</ele><time>2026-07-05T01:37:05Z</time></trkpt>
<trkpt lat="37.65276130" lon="126.95209102"><ele>118.58</ele><time>2026-07-05T01:37:06Z</time></trkpt>
<trkpt lat="37.65275465" lon="126.95226208"><ele>115.95</ele><time>2026-07-05T01:37:20Z</time></trkpt>
<trkpt lat="37.65276629" lon="126.95238082"><ele>116.45</ele><time>2026-07-05T01:37:29Z</time></trkpt>
<trkpt lat="37.65276381" lon="126.95240586"><ele>115.79</ele><time>2026-07-05T01:37:31Z</time></trkpt>
<trkpt lat="37.65275965" lon="126.95242728"><ele>115.54</ele><time>2026-07-05T01:37:33Z</time></trkpt>
<trkpt lat="37.65275749" lon="126.95243774"><ele>115.55</ele><time>2026-07-05T01:37:34Z</time></trkpt>
<trkpt lat="37.65275115" lon="126.95253271"><ele>117.20</ele><time>2026-07-05T01:37:45Z</time></trkpt>
<trkpt lat="37.65281056" lon="126.95260242"><ele>117.54</ele><time>2026-07-05T01:37:54Z</time></trkpt>
<trkpt lat="37.65285235" lon="126.95262788"><ele>118.15</ele><time>2026-07-05T01:37:59Z</time></trkpt>
<trkpt lat="37.65291772" lon="126.95263465"><ele>119.10</ele><time>2026-07-05T01:38:09Z</time></trkpt>
<trkpt lat="37.65293888" lon="126.95262760"><ele>120.60</ele><time>2026-07-05T01:38:12Z</time></trkpt>
<trkpt lat="37.65294784" lon="126.95262695"><ele>120.78</ele><time>2026-07-05T01:38:14Z</time></trkpt>
<trkpt lat="37.65301238" lon="126.95257486"><ele>119.36</ele><time>2026-07-05T01:38:25Z</time></trkpt>
<trkpt lat="37.65301809" lon="126.95256534"><ele>117.89</ele><time>2026-07-05T01:38:26Z</time></trkpt>
<trkpt lat="37.65303432" lon="126.95254625"><ele>116.81</ele><time>2026-07-05T01:38:30Z</time></trkpt>
<trkpt lat="37.65303955" lon="126.95254056"><ele>116.69</ele><time>2026-07-05T01:38:31Z</time></trkpt>
<trkpt lat="37.65305357" lon="126.95251664"><ele>116.63</ele><time>2026-07-05T01:38:35Z</time></trkpt>
<trkpt lat="37.65307212" lon="126.95246538"><ele>118.43</ele><time>2026-07-05T01:38:40Z</time></trkpt>
<trkpt lat="37.65315937" lon="126.95239966"><ele>122.90</ele><time>2026-07-05T01:38:58Z</time></trkpt>
<trkpt lat="37.65323395" lon="126.95237596"><ele>122.38</ele><time>2026-07-05T01:39:08Z</time></trkpt>
<trkpt lat="37.65324311" lon="126.95237457"><ele>122.50</ele><time>2026-07-05T01:39:09Z</time></trkpt>
<trkpt lat="37.65326077" lon="126.95237248"><ele>122.70</ele><time>2026-07-05T01:39:11Z</time></trkpt>
<trkpt lat="37.65326956" lon="126.95237316"><ele>122.44</ele><time>2026-07-05T01:39:12Z</time></trkpt>
<trkpt lat="37.65329916" lon="126.95238415"><ele>121.02</ele><time>2026-07-05T01:39:16Z</time></trkpt>
<trkpt lat="37.65330868" lon="126.95238074"><ele>121.97</ele><time>2026-07-05T01:39:17Z</time></trkpt>
<trkpt lat="37.65332625" lon="126.95237338"><ele>123.36</ele><time>2026-07-05T01:39:20Z</time></trkpt>
<trkpt lat="37.65334566" lon="126.95237313"><ele>123.71</ele><time>2026-07-05T01:39:22Z</time></trkpt>
<trkpt lat="37.65338339" lon="126.95239079"><ele>123.44</ele><time>2026-07-05T01:39:27Z</time></trkpt>
<trkpt lat="37.65339221" lon="126.95239894"><ele>123.22</ele><time>2026-07-05T01:39:28Z</time></trkpt>
<trkpt lat="37.65340977" lon="126.95241365"><ele>123.18</ele><time>2026-07-05T01:39:30Z</time></trkpt>
<trkpt lat="37.65341742" lon="126.95241955"><ele>123.22</ele><time>2026-07-05T01:39:31Z</time></trkpt>
<trkpt lat="37.65343157" lon="126.95243747"><ele>123.49</ele><time>2026-07-05T01:39:33Z</time></trkpt>
<trkpt lat="37.65344039" lon="126.95244643"><ele>123.61</ele><time>2026-07-05T01:39:34Z</time></trkpt>
<trkpt lat="37.65346125" lon="126.95245888"><ele>124.56</ele><time>2026-07-05T01:39:37Z</time></trkpt>
<trkpt lat="37.65347516" lon="126.95247570"><ele>124.65</ele><time>2026-07-05T01:39:39Z</time></trkpt>
<trkpt lat="37.65347980" lon="126.95248354"><ele>125.11</ele><time>2026-07-05T01:39:40Z</time></trkpt>
<trkpt lat="37.65348603" lon="126.95250620"><ele>125.44</ele><time>2026-07-05T01:39:42Z</time></trkpt>
<trkpt lat="37.65348878" lon="126.95251335"><ele>125.71</ele><time>2026-07-05T01:39:43Z</time></trkpt>
<trkpt lat="37.65349516" lon="126.95253891"><ele>126.39</ele><time>2026-07-05T01:39:45Z</time></trkpt>
<trkpt lat="37.65349837" lon="126.95255174"><ele>127.17</ele><time>2026-07-05T01:39:46Z</time></trkpt>
<trkpt lat="37.65350755" lon="126.95256562"><ele>127.20</ele><time>2026-07-05T01:39:48Z</time></trkpt>
<trkpt lat="37.65351086" lon="126.95266869"><ele>127.09</ele><time>2026-07-05T01:39:57Z</time></trkpt>
<trkpt lat="37.65351509" lon="126.95268842"><ele>127.03</ele><time>2026-07-05T01:39:59Z</time></trkpt>
<trkpt lat="37.65351716" lon="126.95269957"><ele>127.58</ele><time>2026-07-05T01:40:00Z</time></trkpt>
<trkpt lat="37.65348903" lon="126.95280689"><ele>127.88</ele><time>2026-07-05T01:40:10Z</time></trkpt>
<trkpt lat="37.65348630" lon="126.95281718"><ele>128.02</ele><time>2026-07-05T01:40:11Z</time></trkpt>
<trkpt lat="37.65348069" lon="126.95284294"><ele>128.61</ele><time>2026-07-05T01:40:14Z</time></trkpt>
<trkpt lat="37.65347518" lon="126.95285448"><ele>128.35</ele><time>2026-07-05T01:40:15Z</time></trkpt>
<trkpt lat="37.65346575" lon="126.95288568"><ele>128.49</ele><time>2026-07-05T01:40:17Z</time></trkpt>
<trkpt lat="37.65345724" lon="126.95290760"><ele>128.64</ele><time>2026-07-05T01:40:19Z</time></trkpt>
<trkpt lat="37.65345457" lon="126.95291716"><ele>128.95</ele><time>2026-07-05T01:40:20Z</time></trkpt>
<trkpt lat="37.65345408" lon="126.95293742"><ele>129.78</ele><time>2026-07-05T01:40:22Z</time></trkpt>
<trkpt lat="37.65341559" lon="126.95304893"><ele>130.55</ele><time>2026-07-05T01:40:32Z</time></trkpt>
<trkpt lat="37.65341009" lon="126.95307996"><ele>134.84</ele><time>2026-07-05T01:40:35Z</time></trkpt>
<trkpt lat="37.65340886" lon="126.95309244"><ele>135.01</ele><time>2026-07-05T01:40:36Z</time></trkpt>
<trkpt lat="37.65339973" lon="126.95312355"><ele>135.23</ele><time>2026-07-05T01:40:39Z</time></trkpt>
<trkpt lat="37.65339764" lon="126.95313109"><ele>135.89</ele><time>2026-07-05T01:40:40Z</time></trkpt>
<trkpt lat="37.65338407" lon="126.95315207"><ele>136.73</ele><time>2026-07-05T01:40:44Z</time></trkpt>
<trkpt lat="37.65337754" lon="126.95316476"><ele>137.52</ele><time>2026-07-05T01:40:46Z</time></trkpt>
<trkpt lat="37.65336809" lon="126.95318630"><ele>138.38</ele><time>2026-07-05T01:40:49Z</time></trkpt>
<trkpt lat="37.65336366" lon="126.95319483"><ele>138.19</ele><time>2026-07-05T01:40:50Z</time></trkpt>
<trkpt lat="37.65335592" lon="126.95321407"><ele>138.73</ele><time>2026-07-05T01:40:52Z</time></trkpt>
<trkpt lat="37.65335216" lon="126.95322163"><ele>138.83</ele><time>2026-07-05T01:40:53Z</time></trkpt>
<trkpt lat="37.65334359" lon="126.95323774"><ele>139.00</ele><time>2026-07-05T01:40:55Z</time></trkpt>
<trkpt lat="37.65333377" lon="126.95325403"><ele>139.06</ele><time>2026-07-05T01:40:57Z</time></trkpt>
<trkpt lat="37.65332843" lon="126.95326952"><ele>139.31</ele><time>2026-07-05T01:40:59Z</time></trkpt>
<trkpt lat="37.65332057" lon="126.95328406"><ele>139.42</ele><time>2026-07-05T01:41:01Z</time></trkpt>
<trkpt lat="37.65331730" lon="126.95329092"><ele>139.34</ele><time>2026-07-05T01:41:02Z</time></trkpt>
<trkpt lat="37.65330627" lon="126.95330911"><ele>140.03</ele><time>2026-07-05T01:41:05Z</time></trkpt>
<trkpt lat="37.65329556" lon="126.95331953"><ele>140.05</ele><time>2026-07-05T01:41:07Z</time></trkpt>
<trkpt lat="37.65328517" lon="126.95333150"><ele>140.33</ele><time>2026-07-05T01:41:09Z</time></trkpt>
<trkpt lat="37.65327838" lon="126.95333757"><ele>140.55</ele><time>2026-07-05T01:41:10Z</time></trkpt>
<trkpt lat="37.65326525" lon="126.95334622"><ele>140.80</ele><time>2026-07-05T01:41:12Z</time></trkpt>
<trkpt lat="37.65326011" lon="126.95335189"><ele>140.08</ele><time>2026-07-05T01:41:13Z</time></trkpt>
<trkpt lat="37.65324358" lon="126.95336510"><ele>140.39</ele><time>2026-07-05T01:41:16Z</time></trkpt>
<trkpt lat="37.65323684" lon="126.95337305"><ele>140.63</ele><time>2026-07-05T01:41:17Z</time></trkpt>
<trkpt lat="37.65321796" lon="126.95339254"><ele>140.77</ele><time>2026-07-05T01:41:20Z</time></trkpt>
<trkpt lat="37.65319415" lon="126.95339934"><ele>141.09</ele><time>2026-07-05T01:41:22Z</time></trkpt>
<trkpt lat="37.65318358" lon="126.95340445"><ele>141.15</ele><time>2026-07-05T01:41:23Z</time></trkpt>
<trkpt lat="37.65316380" lon="126.95340988"><ele>141.29</ele><time>2026-07-05T01:41:25Z</time></trkpt>
<trkpt lat="37.65315388" lon="126.95340809"><ele>141.80</ele><time>2026-07-05T01:41:26Z</time></trkpt>
<trkpt lat="37.65312178" lon="126.95341950"><ele>141.27</ele><time>2026-07-05T01:41:30Z</time></trkpt>
<trkpt lat="37.65311449" lon="126.95342144"><ele>140.45</ele><time>2026-07-05T01:41:32Z</time></trkpt>
<trkpt lat="37.65305013" lon="126.95343213"><ele>143.61</ele><time>2026-07-05T01:41:40Z</time></trkpt>
<trkpt lat="37.65297762" lon="126.95341804"><ele>143.23</ele><time>2026-07-05T01:41:49Z</time></trkpt>
<trkpt lat="37.65290633" lon="126.95345849"><ele>143.13</ele><time>2026-07-05T01:41:59Z</time></trkpt>
<trkpt lat="37.65289672" lon="126.95346011"><ele>143.08</ele><time>2026-07-05T01:42:00Z</time></trkpt>
<trkpt lat="37.65287236" lon="126.95346322"><ele>142.95</ele><time>2026-07-05T01:42:03Z</time></trkpt>
<trkpt lat="37.65286034" lon="126.95346667"><ele>141.84</ele><time>2026-07-05T01:42:05Z</time></trkpt>
<trkpt lat="37.65283889" lon="126.95347854"><ele>141.97</ele><time>2026-07-05T01:42:09Z</time></trkpt>
<trkpt lat="37.65283136" lon="126.95348631"><ele>142.09</ele><time>2026-07-05T01:42:11Z</time></trkpt>
<trkpt lat="37.65279162" lon="126.95352186"><ele>143.36</ele><time>2026-07-05T01:42:17Z</time></trkpt>
<trkpt lat="37.65274978" lon="126.95356208"><ele>144.35</ele><time>2026-07-05T01:42:24Z</time></trkpt>
<trkpt lat="37.65272008" lon="126.95363587"><ele>145.35</ele><time>2026-07-05T01:42:34Z</time></trkpt>
<trkpt lat="37.65271497" lon="126.95365479"><ele>145.14</ele><time>2026-07-05T01:42:36Z</time></trkpt>
<trkpt lat="37.65271115" lon="126.95366547"><ele>145.52</ele><time>2026-07-05T01:42:38Z</time></trkpt>
<trkpt lat="37.65271040" lon="126.95370915"><ele>146.04</ele><time>2026-07-05T01:42:44Z</time></trkpt>
<trkpt lat="37.65270763" lon="126.95372521"><ele>146.29</ele><time>2026-07-05T01:42:46Z</time></trkpt>
<trkpt lat="37.65270620" lon="126.95374298"><ele>146.48</ele><time>2026-07-05T01:42:49Z</time></trkpt>
<trkpt lat="37.65270618" lon="126.95375833"><ele>147.00</ele><time>2026-07-05T01:42:51Z</time></trkpt>
<trkpt lat="37.65270207" lon="126.95377934"><ele>147.39</ele><time>2026-07-05T01:42:54Z</time></trkpt>
<trkpt lat="37.65270124" lon="126.95379079"><ele>148.15</ele><time>2026-07-05T01:42:56Z</time></trkpt>
<trkpt lat="37.65269794" lon="126.95381099"><ele>147.06</ele><time>2026-07-05T01:42:59Z</time></trkpt>
<trkpt lat="37.65269244" lon="126.95382655"><ele>147.42</ele><time>2026-07-05T01:43:01Z</time></trkpt>
<trkpt lat="37.65261252" lon="126.95387760"><ele>147.29</ele><time>2026-07-05T01:43:11Z</time></trkpt>
<trkpt lat="37.65260244" lon="126.95390045"><ele>147.12</ele><time>2026-07-05T01:43:20Z</time></trkpt>
<trkpt lat="37.65266731" lon="126.95388571"><ele>146.02</ele><time>2026-07-05T01:43:47Z</time></trkpt>
<trkpt lat="37.65267967" lon="126.95390416"><ele>145.61</ele><time>2026-07-05T01:43:49Z</time></trkpt>
<trkpt lat="37.65268171" lon="126.95400974"><ele>146.20</ele><time>2026-07-05T01:43:58Z</time></trkpt>
<trkpt lat="37.65268619" lon="126.95403007"><ele>146.40</ele><time>2026-07-05T01:44:00Z</time></trkpt>
<trkpt lat="37.65268656" lon="126.95404348"><ele>146.40</ele><time>2026-07-05T01:44:01Z</time></trkpt>
<trkpt lat="37.65268359" lon="126.95407154"><ele>146.96</ele><time>2026-07-05T01:44:03Z</time></trkpt>
<trkpt lat="37.65268257" lon="126.95408090"><ele>146.69</ele><time>2026-07-05T01:44:04Z</time></trkpt>
<trkpt lat="37.65268755" lon="126.95411208"><ele>146.80</ele><time>2026-07-05T01:44:07Z</time></trkpt>
<trkpt lat="37.65268805" lon="126.95412708"><ele>147.10</ele><time>2026-07-05T01:44:08Z</time></trkpt>
<trkpt lat="37.65269866" lon="126.95416922"><ele>146.48</ele><time>2026-07-05T01:44:12Z</time></trkpt>
<trkpt lat="37.65269736" lon="126.95418358"><ele>146.13</ele><time>2026-07-05T01:44:13Z</time></trkpt>
<trkpt lat="37.65270176" lon="126.95422690"><ele>146.55</ele><time>2026-07-05T01:44:16Z</time></trkpt>
<trkpt lat="37.65270369" lon="126.95423965"><ele>146.32</ele><time>2026-07-05T01:44:17Z</time></trkpt>
<trkpt lat="37.65270390" lon="126.95426386"><ele>145.85</ele><time>2026-07-05T01:44:19Z</time></trkpt>
<trkpt lat="37.65269677" lon="126.95428863"><ele>148.01</ele><time>2026-07-05T01:44:21Z</time></trkpt>
<trkpt lat="37.65271873" lon="126.95440704"><ele>147.87</ele><time>2026-07-05T01:44:31Z</time></trkpt>
<trkpt lat="37.65272834" lon="126.95442862"><ele>146.94</ele><time>2026-07-05T01:44:34Z</time></trkpt>
<trkpt lat="37.65273294" lon="126.95443897"><ele>147.21</ele><time>2026-07-05T01:44:35Z</time></trkpt>
<trkpt lat="37.65274376" lon="126.95457422"><ele>149.88</ele><time>2026-07-05T01:44:46Z</time></trkpt>
<trkpt lat="37.65275207" lon="126.95460930"><ele>151.14</ele><time>2026-07-05T01:44:50Z</time></trkpt>
<trkpt lat="37.65275775" lon="126.95464131"><ele>150.78</ele><time>2026-07-05T01:44:52Z</time></trkpt>
<trkpt lat="37.65276265" lon="126.95465588"><ele>150.04</ele><time>2026-07-05T01:44:54Z</time></trkpt>
<trkpt lat="37.65280883" lon="126.95476608"><ele>147.73</ele><time>2026-07-05T01:45:07Z</time></trkpt>
<trkpt lat="37.65281469" lon="126.95477146"><ele>148.45</ele><time>2026-07-05T01:45:08Z</time></trkpt>
<trkpt lat="37.65283343" lon="126.95480919"><ele>148.51</ele><time>2026-07-05T01:45:13Z</time></trkpt>
<trkpt lat="37.65283795" lon="126.95481572"><ele>148.74</ele><time>2026-07-05T01:45:14Z</time></trkpt>
<trkpt lat="37.65284946" lon="126.95483503"><ele>149.54</ele><time>2026-07-05T01:45:17Z</time></trkpt>
<trkpt lat="37.65285326" lon="126.95484426"><ele>149.67</ele><time>2026-07-05T01:45:18Z</time></trkpt>
<trkpt lat="37.65285979" lon="126.95485984"><ele>150.84</ele><time>2026-07-05T01:45:20Z</time></trkpt>
<trkpt lat="37.65286391" lon="126.95487473"><ele>151.51</ele><time>2026-07-05T01:45:22Z</time></trkpt>
<trkpt lat="37.65286908" lon="126.95491633"><ele>150.87</ele><time>2026-07-05T01:45:27Z</time></trkpt>
<trkpt lat="37.65287709" lon="126.95499423"><ele>152.27</ele><time>2026-07-05T01:45:34Z</time></trkpt>
<trkpt lat="37.65287858" lon="126.95500448"><ele>152.86</ele><time>2026-07-05T01:45:35Z</time></trkpt>
<trkpt lat="37.65287955" lon="126.95502290"><ele>153.93</ele><time>2026-07-05T01:45:37Z</time></trkpt>
<trkpt lat="37.65287974" lon="126.95503262"><ele>153.86</ele><time>2026-07-05T01:45:38Z</time></trkpt>
<trkpt lat="37.65287775" lon="126.95505029"><ele>154.31</ele><time>2026-07-05T01:45:40Z</time></trkpt>
<trkpt lat="37.65287660" lon="126.95505953"><ele>154.51</ele><time>2026-07-05T01:45:41Z</time></trkpt>
<trkpt lat="37.65287370" lon="126.95507826"><ele>154.99</ele><time>2026-07-05T01:45:43Z</time></trkpt>
<trkpt lat="37.65287201" lon="126.95508723"><ele>155.33</ele><time>2026-07-05T01:45:44Z</time></trkpt>
<trkpt lat="37.65286642" lon="126.95510744"><ele>156.17</ele><time>2026-07-05T01:45:46Z</time></trkpt>
<trkpt lat="37.65286443" lon="126.95511702"><ele>156.63</ele><time>2026-07-05T01:45:47Z</time></trkpt>
<trkpt lat="37.65286058" lon="126.95513424"><ele>157.04</ele><time>2026-07-05T01:45:49Z</time></trkpt>
<trkpt lat="37.65285733" lon="126.95514763"><ele>157.80</ele><time>2026-07-05T01:45:51Z</time></trkpt>
<trkpt lat="37.65285218" lon="126.95516586"><ele>157.99</ele><time>2026-07-05T01:45:53Z</time></trkpt>
<trkpt lat="37.65284536" lon="126.95518294"><ele>158.67</ele><time>2026-07-05T01:45:55Z</time></trkpt>
<trkpt lat="37.65284170" lon="126.95519235"><ele>158.88</ele><time>2026-07-05T01:45:56Z</time></trkpt>
<trkpt lat="37.65283454" lon="126.95521048"><ele>159.63</ele><time>2026-07-05T01:45:58Z</time></trkpt>
<trkpt lat="37.65282749" lon="126.95522397"><ele>160.50</ele><time>2026-07-05T01:46:00Z</time></trkpt>
<trkpt lat="37.65282064" lon="126.95523984"><ele>160.93</ele><time>2026-07-05T01:46:02Z</time></trkpt>
<trkpt lat="37.65281682" lon="126.95524665"><ele>161.21</ele><time>2026-07-05T01:46:03Z</time></trkpt>
<trkpt lat="37.65280800" lon="126.95526892"><ele>161.95</ele><time>2026-07-05T01:46:06Z</time></trkpt>
<trkpt lat="37.65280263" lon="126.95527550"><ele>162.53</ele><time>2026-07-05T01:46:07Z</time></trkpt>
<trkpt lat="37.65277670" lon="126.95534500"><ele>163.34</ele><time>2026-07-05T01:46:14Z</time></trkpt>
<trkpt lat="37.65277587" lon="126.95535609"><ele>163.32</ele><time>2026-07-05T01:46:15Z</time></trkpt>
<trkpt lat="37.65277085" lon="126.95538379"><ele>163.54</ele><time>2026-07-05T01:46:17Z</time></trkpt>
<trkpt lat="37.65276463" lon="126.95539924"><ele>163.78</ele><time>2026-07-05T01:46:18Z</time></trkpt>
<trkpt lat="37.65274917" lon="126.95542784"><ele>163.60</ele><time>2026-07-05T01:46:20Z</time></trkpt>
<trkpt lat="37.65273953" lon="126.95543748"><ele>163.72</ele><time>2026-07-05T01:46:21Z</time></trkpt>
<trkpt lat="37.65272267" lon="126.95544953"><ele>163.91</ele><time>2026-07-05T01:46:23Z</time></trkpt>
<trkpt lat="37.65268997" lon="126.95557060"><ele>163.37</ele><time>2026-07-05T01:46:33Z</time></trkpt>
<trkpt lat="37.65268887" lon="126.95558502"><ele>164.00</ele><time>2026-07-05T01:46:34Z</time></trkpt>
<trkpt lat="37.65269386" lon="126.95566991"><ele>165.70</ele><time>2026-07-05T01:46:39Z</time></trkpt>
<trkpt lat="37.65268193" lon="126.95574311"><ele>165.03</ele><time>2026-07-05T01:46:44Z</time></trkpt>
<trkpt lat="37.65268096" lon="126.95576431"><ele>165.23</ele><time>2026-07-05T01:46:46Z</time></trkpt>
<trkpt lat="37.65267971" lon="126.95577715"><ele>165.18</ele><time>2026-07-05T01:46:47Z</time></trkpt>
<trkpt lat="37.65267829" lon="126.95579841"><ele>164.93</ele><time>2026-07-05T01:46:49Z</time></trkpt>
<trkpt lat="37.65268071" lon="126.95580947"><ele>164.35</ele><time>2026-07-05T01:46:50Z</time></trkpt>
<trkpt lat="37.65270928" lon="126.95584624"><ele>165.34</ele><time>2026-07-05T01:46:55Z</time></trkpt>
<trkpt lat="37.65272598" lon="126.95588401"><ele>165.81</ele><time>2026-07-05T01:46:58Z</time></trkpt>
<trkpt lat="37.65273798" lon="126.95590539"><ele>164.73</ele><time>2026-07-05T01:47:00Z</time></trkpt>
<trkpt lat="37.65274544" lon="126.95591751"><ele>165.87</ele><time>2026-07-05T01:47:01Z</time></trkpt>
<trkpt lat="37.65276000" lon="126.95594500"><ele>165.53</ele><time>2026-07-05T01:47:03Z</time></trkpt>
<trkpt lat="37.65281983" lon="126.95601727"><ele>167.62</ele><time>2026-07-05T01:47:12Z</time></trkpt>
<trkpt lat="37.65283332" lon="126.95603187"><ele>167.65</ele><time>2026-07-05T01:47:14Z</time></trkpt>
<trkpt lat="37.65285116" lon="126.95604622"><ele>168.14</ele><time>2026-07-05T01:47:16Z</time></trkpt>
<trkpt lat="37.65286146" lon="126.95605105"><ele>168.95</ele><time>2026-07-05T01:47:17Z</time></trkpt>
<trkpt lat="37.65287771" lon="126.95605715"><ele>168.91</ele><time>2026-07-05T01:47:19Z</time></trkpt>
<trkpt lat="37.65288653" lon="126.95606096"><ele>168.95</ele><time>2026-07-05T01:47:20Z</time></trkpt>
<trkpt lat="37.65298255" lon="126.95606551"><ele>168.33</ele><time>2026-07-05T01:47:30Z</time></trkpt>
<trkpt lat="37.65305229" lon="126.95602719"><ele>170.22</ele><time>2026-07-05T01:47:39Z</time></trkpt>
<trkpt lat="37.65307375" lon="126.95602370"><ele>169.09</ele><time>2026-07-05T01:47:41Z</time></trkpt>
<trkpt lat="37.65312300" lon="126.95600210"><ele>170.23</ele><time>2026-07-05T01:47:46Z</time></trkpt>
<trkpt lat="37.65317393" lon="126.95596980"><ele>169.78</ele><time>2026-07-05T01:47:52Z</time></trkpt>
<trkpt lat="37.65318459" lon="126.95595828"><ele>169.94</ele><time>2026-07-05T01:47:53Z</time></trkpt>
<trkpt lat="37.65320689" lon="126.95593057"><ele>170.22</ele><time>2026-07-05T01:47:56Z</time></trkpt>
<trkpt lat="37.65322193" lon="126.95592534"><ele>171.14</ele><time>2026-07-05T01:47:57Z</time></trkpt>
<trkpt lat="37.65324165" lon="126.95591281"><ele>170.72</ele><time>2026-07-05T01:47:59Z</time></trkpt>
<trkpt lat="37.65325105" lon="126.95590766"><ele>170.25</ele><time>2026-07-05T01:48:01Z</time></trkpt>
<trkpt lat="37.65329992" lon="126.95586512"><ele>172.14</ele><time>2026-07-05T01:48:07Z</time></trkpt>
<trkpt lat="37.65331295" lon="126.95586026"><ele>172.70</ele><time>2026-07-05T01:48:09Z</time></trkpt>
<trkpt lat="37.65332488" lon="126.95585919"><ele>172.43</ele><time>2026-07-05T01:48:10Z</time></trkpt>
<trkpt lat="37.65334272" lon="126.95585500"><ele>172.41</ele><time>2026-07-05T01:48:12Z</time></trkpt>
<trkpt lat="37.65335344" lon="126.95585153"><ele>172.83</ele><time>2026-07-05T01:48:14Z</time></trkpt>
<trkpt lat="37.65338038" lon="126.95584400"><ele>173.24</ele><time>2026-07-05T01:48:16Z</time></trkpt>
<trkpt lat="37.65338862" lon="126.95584260"><ele>173.06</ele><time>2026-07-05T01:48:17Z</time></trkpt>
<trkpt lat="37.65341040" lon="126.95583287"><ele>175.13</ele><time>2026-07-05T01:48:20Z</time></trkpt>
<trkpt lat="37.65348032" lon="126.95586912"><ele>172.29</ele><time>2026-07-05T01:48:29Z</time></trkpt>
<trkpt lat="37.65350470" lon="126.95587960"><ele>172.80</ele><time>2026-07-05T01:48:31Z</time></trkpt>
<trkpt lat="37.65351120" lon="126.95588006"><ele>173.12</ele><time>2026-07-05T01:48:32Z</time></trkpt>
<trkpt lat="37.65358975" lon="126.95595307"><ele>172.20</ele><time>2026-07-05T01:48:42Z</time></trkpt>
<trkpt lat="37.65359796" lon="126.95596118"><ele>171.48</ele><time>2026-07-05T01:48:43Z</time></trkpt>
<trkpt lat="37.65358279" lon="126.95604991"><ele>173.16</ele><time>2026-07-05T01:48:53Z</time></trkpt>
<trkpt lat="37.65354057" lon="126.95607824"><ele>174.84</ele><time>2026-07-05T01:49:02Z</time></trkpt>
<trkpt lat="37.65352988" lon="126.95600082"><ele>169.35</ele><time>2026-07-05T01:49:22Z</time></trkpt>
<trkpt lat="37.65351360" lon="126.95601614"><ele>167.68</ele><time>2026-07-05T01:50:43Z</time></trkpt>
<trkpt lat="37.65350872" lon="126.95602215"><ele>167.28</ele><time>2026-07-05T01:51:58Z</time></trkpt>
<trkpt lat="37.65346274" lon="126.95612130"><ele>176.03</ele><time>2026-07-05T01:52:18Z</time></trkpt>
<trkpt lat="37.65347673" lon="126.95618394"><ele>178.49</ele><time>2026-07-05T01:52:32Z</time></trkpt>
<trkpt lat="37.65351132" lon="126.95622146"><ele>177.72</ele><time>2026-07-05T01:52:43Z</time></trkpt>
<trkpt lat="37.65352585" lon="126.95623932"><ele>177.14</ele><time>2026-07-05T01:52:48Z</time></trkpt>
<trkpt lat="37.65353625" lon="126.95625498"><ele>177.33</ele><time>2026-07-05T01:52:53Z</time></trkpt>
<trkpt lat="37.65355540" lon="126.95627105"><ele>177.90</ele><time>2026-07-05T01:53:03Z</time></trkpt>
<trkpt lat="37.65356870" lon="126.95628390"><ele>177.28</ele><time>2026-07-05T01:53:05Z</time></trkpt>
<trkpt lat="37.65357816" lon="126.95629286"><ele>177.23</ele><time>2026-07-05T01:53:06Z</time></trkpt>
<trkpt lat="37.65358933" lon="126.95631539"><ele>178.02</ele><time>2026-07-05T01:53:08Z</time></trkpt>
<trkpt lat="37.65359366" lon="126.95632354"><ele>178.42</ele><time>2026-07-05T01:53:09Z</time></trkpt>
<trkpt lat="37.65358769" lon="126.95642145"><ele>178.79</ele><time>2026-07-05T01:53:49Z</time></trkpt>
<trkpt lat="37.65358602" lon="126.95643040"><ele>178.68</ele><time>2026-07-05T01:53:50Z</time></trkpt>
<trkpt lat="37.65358573" lon="126.95644772"><ele>179.54</ele><time>2026-07-05T01:53:52Z</time></trkpt>
<trkpt lat="37.65364639" lon="126.95652220"><ele>181.62</ele><time>2026-07-05T01:54:02Z</time></trkpt>
<trkpt lat="37.65365173" lon="126.95653155"><ele>181.88</ele><time>2026-07-05T01:54:03Z</time></trkpt>
<trkpt lat="37.65365939" lon="126.95655192"><ele>182.18</ele><time>2026-07-05T01:54:05Z</time></trkpt>
<trkpt lat="37.65369706" lon="126.95660467"><ele>183.57</ele><time>2026-07-05T01:54:13Z</time></trkpt>
<trkpt lat="37.65370989" lon="126.95661677"><ele>184.13</ele><time>2026-07-05T01:54:15Z</time></trkpt>
<trkpt lat="37.65373127" lon="126.95662113"><ele>183.85</ele><time>2026-07-05T01:54:17Z</time></trkpt>
<trkpt lat="37.65375275" lon="126.95662360"><ele>184.31</ele><time>2026-07-05T01:54:19Z</time></trkpt>
<trkpt lat="37.65376326" lon="126.95662499"><ele>183.84</ele><time>2026-07-05T01:54:20Z</time></trkpt>
<trkpt lat="37.65378403" lon="126.95662093"><ele>183.95</ele><time>2026-07-05T01:54:22Z</time></trkpt>
<trkpt lat="37.65379392" lon="126.95661827"><ele>184.59</ele><time>2026-07-05T01:54:23Z</time></trkpt>
<trkpt lat="37.65375328" lon="126.95666165"><ele>185.53</ele><time>2026-07-05T01:54:35Z</time></trkpt>
<trkpt lat="37.65371188" lon="126.95667493"><ele>184.06</ele><time>2026-07-05T01:54:42Z</time></trkpt>
<trkpt lat="37.65376586" lon="126.95685669"><ele>191.60</ele><time>2026-07-05T01:55:00Z</time></trkpt>
<trkpt lat="37.65377731" lon="126.95688778"><ele>192.31</ele><time>2026-07-05T01:55:03Z</time></trkpt>
<trkpt lat="37.65378058" lon="126.95689858"><ele>192.74</ele><time>2026-07-05T01:55:04Z</time></trkpt>
<trkpt lat="37.65378959" lon="126.95692043"><ele>193.33</ele><time>2026-07-05T01:55:06Z</time></trkpt>
<trkpt lat="37.65379185" lon="126.95693158"><ele>193.61</ele><time>2026-07-05T01:55:07Z</time></trkpt>
<trkpt lat="37.65379799" lon="126.95695102"><ele>194.35</ele><time>2026-07-05T01:55:09Z</time></trkpt>
<trkpt lat="37.65379963" lon="126.95696188"><ele>194.27</ele><time>2026-07-05T01:55:10Z</time></trkpt>
<trkpt lat="37.65379904" lon="126.95698187"><ele>195.51</ele><time>2026-07-05T01:55:12Z</time></trkpt>
<trkpt lat="37.65380065" lon="126.95699301"><ele>195.85</ele><time>2026-07-05T01:55:13Z</time></trkpt>
<trkpt lat="37.65380666" lon="126.95701699"><ele>195.41</ele><time>2026-07-05T01:55:15Z</time></trkpt>
<trkpt lat="37.65380959" lon="126.95702730"><ele>195.95</ele><time>2026-07-05T01:55:16Z</time></trkpt>
<trkpt lat="37.65380985" lon="126.95705449"><ele>195.07</ele><time>2026-07-05T01:55:18Z</time></trkpt>
<trkpt lat="37.65381178" lon="126.95706790"><ele>195.17</ele><time>2026-07-05T01:55:19Z</time></trkpt>
<trkpt lat="37.65381538" lon="126.95709054"><ele>195.58</ele><time>2026-07-05T01:55:21Z</time></trkpt>
<trkpt lat="37.65381729" lon="126.95710268"><ele>195.60</ele><time>2026-07-05T01:55:22Z</time></trkpt>
<trkpt lat="37.65381617" lon="126.95712780"><ele>195.85</ele><time>2026-07-05T01:55:24Z</time></trkpt>
<trkpt lat="37.65384290" lon="126.95714544"><ele>195.05</ele><time>2026-07-05T01:55:34Z</time></trkpt>
<trkpt lat="37.65383998" lon="126.95707611"><ele>191.59</ele><time>2026-07-05T01:55:43Z</time></trkpt>
<trkpt lat="37.65384019" lon="126.95718023"><ele>191.39</ele><time>2026-07-05T01:55:59Z</time></trkpt>
<trkpt lat="37.65384603" lon="126.95719302"><ele>191.98</ele><time>2026-07-05T01:56:02Z</time></trkpt>
<trkpt lat="37.65385402" lon="126.95721381"><ele>193.02</ele><time>2026-07-05T01:56:06Z</time></trkpt>
<trkpt lat="37.65386222" lon="126.95724387"><ele>193.86</ele><time>2026-07-05T01:56:09Z</time></trkpt>
<trkpt lat="37.65386861" lon="126.95725870"><ele>194.02</ele><time>2026-07-05T01:56:11Z</time></trkpt>
<trkpt lat="37.65387505" lon="126.95726793"><ele>193.81</ele><time>2026-07-05T01:56:14Z</time></trkpt>
<trkpt lat="37.65388691" lon="126.95732439"><ele>194.12</ele><time>2026-07-05T01:56:25Z</time></trkpt>
<trkpt lat="37.65388836" lon="126.95733316"><ele>194.19</ele><time>2026-07-05T01:56:26Z</time></trkpt>
<trkpt lat="37.65389346" lon="126.95735629"><ele>194.35</ele><time>2026-07-05T01:56:28Z</time></trkpt>
<trkpt lat="37.65389666" lon="126.95736796"><ele>194.43</ele><time>2026-07-05T01:56:29Z</time></trkpt>
<trkpt lat="37.65389827" lon="126.95738819"><ele>194.92</ele><time>2026-07-05T01:56:31Z</time></trkpt>
<trkpt lat="37.65389753" lon="126.95739860"><ele>195.16</ele><time>2026-07-05T01:56:32Z</time></trkpt>
<trkpt lat="37.65389750" lon="126.95742191"><ele>195.44</ele><time>2026-07-05T01:56:34Z</time></trkpt>
<trkpt lat="37.65389499" lon="126.95744087"><ele>194.97</ele><time>2026-07-05T01:56:36Z</time></trkpt>
<trkpt lat="37.65389497" lon="126.95744930"><ele>195.05</ele><time>2026-07-05T01:56:37Z</time></trkpt>
<trkpt lat="37.65393996" lon="126.95753346"><ele>195.47</ele><time>2026-07-05T01:56:49Z</time></trkpt>
<trkpt lat="37.65394406" lon="126.95754215"><ele>195.29</ele><time>2026-07-05T01:56:50Z</time></trkpt>
<trkpt lat="37.65395290" lon="126.95756349"><ele>195.73</ele><time>2026-07-05T01:56:52Z</time></trkpt>
<trkpt lat="37.65395448" lon="126.95757562"><ele>195.67</ele><time>2026-07-05T01:56:53Z</time></trkpt>
<trkpt lat="37.65395975" lon="126.95759429"><ele>195.24</ele><time>2026-07-05T01:56:55Z</time></trkpt>
<trkpt lat="37.65396258" lon="126.95760321"><ele>195.67</ele><time>2026-07-05T01:56:56Z</time></trkpt>
<trkpt lat="37.65397043" lon="126.95762002"><ele>195.46</ele><time>2026-07-05T01:56:58Z</time></trkpt>
<trkpt lat="37.65397348" lon="126.95762881"><ele>195.10</ele><time>2026-07-05T01:56:59Z</time></trkpt>
<trkpt lat="37.65398268" lon="126.95765221"><ele>195.78</ele><time>2026-07-05T01:57:02Z</time></trkpt>
<trkpt lat="37.65398724" lon="126.95765975"><ele>195.98</ele><time>2026-07-05T01:57:03Z</time></trkpt>
<trkpt lat="37.65400645" lon="126.95771679"><ele>196.46</ele><time>2026-07-05T01:57:08Z</time></trkpt>
<trkpt lat="37.65401121" lon="126.95772710"><ele>196.51</ele><time>2026-07-05T01:57:09Z</time></trkpt>
<trkpt lat="37.65402203" lon="126.95775295"><ele>197.26</ele><time>2026-07-05T01:57:11Z</time></trkpt>
<trkpt lat="37.65402909" lon="126.95777540"><ele>196.88</ele><time>2026-07-05T01:57:13Z</time></trkpt>
<trkpt lat="37.65403155" lon="126.95778765"><ele>197.13</ele><time>2026-07-05T01:57:14Z</time></trkpt>
<trkpt lat="37.65403918" lon="126.95781173"><ele>197.18</ele><time>2026-07-05T01:57:16Z</time></trkpt>
<trkpt lat="37.65404139" lon="126.95782549"><ele>197.56</ele><time>2026-07-05T01:57:17Z</time></trkpt>
<trkpt lat="37.65403980" lon="126.95785468"><ele>198.22</ele><time>2026-07-05T01:57:19Z</time></trkpt>
<trkpt lat="37.65403863" lon="126.95786674"><ele>198.41</ele><time>2026-07-05T01:57:20Z</time></trkpt>
<trkpt lat="37.65393658" lon="126.95794243"><ele>201.82</ele><time>2026-07-05T01:57:30Z</time></trkpt>
<trkpt lat="37.65392602" lon="126.95794528"><ele>202.36</ele><time>2026-07-05T01:57:31Z</time></trkpt>
<trkpt lat="37.65390586" lon="126.95795870"><ele>202.69</ele><time>2026-07-05T01:57:33Z</time></trkpt>
<trkpt lat="37.65385613" lon="126.95797133"><ele>201.98</ele><time>2026-07-05T01:57:37Z</time></trkpt>
<trkpt lat="37.65383189" lon="126.95798771"><ele>201.18</ele><time>2026-07-05T01:57:39Z</time></trkpt>
<trkpt lat="37.65382044" lon="126.95799747"><ele>200.87</ele><time>2026-07-05T01:57:40Z</time></trkpt>
<trkpt lat="37.65379457" lon="126.95801386"><ele>200.26</ele><time>2026-07-05T01:57:42Z</time></trkpt>
<trkpt lat="37.65378254" lon="126.95802269"><ele>200.45</ele><time>2026-07-05T01:57:43Z</time></trkpt>
<trkpt lat="37.65376316" lon="126.95804859"><ele>200.51</ele><time>2026-07-05T01:57:45Z</time></trkpt>
<trkpt lat="37.65374554" lon="126.95807531"><ele>200.90</ele><time>2026-07-05T01:57:47Z</time></trkpt>
<trkpt lat="37.65373571" lon="126.95808728"><ele>201.03</ele><time>2026-07-05T01:57:48Z</time></trkpt>
<trkpt lat="37.65371799" lon="126.95810931"><ele>199.14</ele><time>2026-07-05T01:57:50Z</time></trkpt>
<trkpt lat="37.65370907" lon="126.95812288"><ele>199.63</ele><time>2026-07-05T01:57:51Z</time></trkpt>
<trkpt lat="37.65369052" lon="126.95814401"><ele>199.61</ele><time>2026-07-05T01:57:53Z</time></trkpt>
<trkpt lat="37.65368183" lon="126.95815568"><ele>199.16</ele><time>2026-07-05T01:57:54Z</time></trkpt>
<trkpt lat="37.65364788" lon="126.95818131"><ele>198.26</ele><time>2026-07-05T01:57:57Z</time></trkpt>
<trkpt lat="37.65363822" lon="126.95819452"><ele>197.80</ele><time>2026-07-05T01:57:58Z</time></trkpt>
<trkpt lat="37.65362316" lon="126.95822275"><ele>199.43</ele><time>2026-07-05T01:58:00Z</time></trkpt>
<trkpt lat="37.65359074" lon="126.95825218"><ele>200.82</ele><time>2026-07-05T01:58:03Z</time></trkpt>
<trkpt lat="37.65357392" lon="126.95827231"><ele>201.16</ele><time>2026-07-05T01:58:05Z</time></trkpt>
<trkpt lat="37.65356617" lon="126.95828570"><ele>199.99</ele><time>2026-07-05T01:58:06Z</time></trkpt>
<trkpt lat="37.65354334" lon="126.95830604"><ele>199.67</ele><time>2026-07-05T01:58:08Z</time></trkpt>
<trkpt lat="37.65352523" lon="126.95832914"><ele>201.67</ele><time>2026-07-05T01:58:10Z</time></trkpt>
<trkpt lat="37.65351853" lon="126.95834184"><ele>201.68</ele><time>2026-07-05T01:58:11Z</time></trkpt>
<trkpt lat="37.65350417" lon="126.95836529"><ele>202.67</ele><time>2026-07-05T01:58:13Z</time></trkpt>
<trkpt lat="37.65349585" lon="126.95837622"><ele>203.23</ele><time>2026-07-05T01:58:14Z</time></trkpt>
<trkpt lat="37.65348142" lon="126.95840429"><ele>202.73</ele><time>2026-07-05T01:58:16Z</time></trkpt>
<trkpt lat="37.65347328" lon="126.95841621"><ele>202.33</ele><time>2026-07-05T01:58:17Z</time></trkpt>
<trkpt lat="37.65346060" lon="126.95844368"><ele>201.93</ele><time>2026-07-05T01:58:19Z</time></trkpt>
<trkpt lat="37.65345438" lon="126.95845757"><ele>201.60</ele><time>2026-07-05T01:58:20Z</time></trkpt>
<trkpt lat="37.65344312" lon="126.95848581"><ele>202.19</ele><time>2026-07-05T01:58:22Z</time></trkpt>
<trkpt lat="37.65343907" lon="126.95850192"><ele>201.76</ele><time>2026-07-05T01:58:23Z</time></trkpt>
<trkpt lat="37.65343620" lon="126.95853618"><ele>199.76</ele><time>2026-07-05T01:58:25Z</time></trkpt>
<trkpt lat="37.65343784" lon="126.95855408"><ele>200.19</ele><time>2026-07-05T01:58:26Z</time></trkpt>
<trkpt lat="37.65343564" lon="126.95858699"><ele>200.83</ele><time>2026-07-05T01:58:28Z</time></trkpt>
<trkpt lat="37.65343489" lon="126.95859940"><ele>200.02</ele><time>2026-07-05T01:58:29Z</time></trkpt>
<trkpt lat="37.65343468" lon="126.95862894"><ele>201.16</ele><time>2026-07-05T01:58:31Z</time></trkpt>
<trkpt lat="37.65344286" lon="126.95865938"><ele>202.06</ele><time>2026-07-05T01:58:33Z</time></trkpt>
<trkpt lat="37.65344724" lon="126.95867303"><ele>202.09</ele><time>2026-07-05T01:58:34Z</time></trkpt>
<trkpt lat="37.65355051" lon="126.95874639"><ele>203.67</ele><time>2026-07-05T01:58:45Z</time></trkpt>
<trkpt lat="37.65356176" lon="126.95874893"><ele>203.85</ele><time>2026-07-05T01:58:46Z</time></trkpt>
<trkpt lat="37.65358457" lon="126.95875442"><ele>202.55</ele><time>2026-07-05T01:58:48Z</time></trkpt>
<trkpt lat="37.65359528" lon="126.95875646"><ele>202.48</ele><time>2026-07-05T01:58:49Z</time></trkpt>
<trkpt lat="37.65361511" lon="126.95876176"><ele>201.75</ele><time>2026-07-05T01:58:51Z</time></trkpt>
<trkpt lat="37.65362626" lon="126.95876113"><ele>201.39</ele><time>2026-07-05T01:58:52Z</time></trkpt>
<trkpt lat="37.65365184" lon="126.95876291"><ele>203.04</ele><time>2026-07-05T01:58:54Z</time></trkpt>
<trkpt lat="37.65368424" lon="126.95874725"><ele>203.55</ele><time>2026-07-05T01:58:57Z</time></trkpt>
<trkpt lat="37.65370499" lon="126.95874299"><ele>204.27</ele><time>2026-07-05T01:58:59Z</time></trkpt>
<trkpt lat="37.65375698" lon="126.95871645"><ele>209.55</ele><time>2026-07-05T01:59:04Z</time></trkpt>
<trkpt lat="37.65379368" lon="126.95871731"><ele>208.50</ele><time>2026-07-05T01:59:07Z</time></trkpt>
<trkpt lat="37.65380526" lon="126.95871743"><ele>208.43</ele><time>2026-07-05T01:59:08Z</time></trkpt>
<trkpt lat="37.65383090" lon="126.95871629"><ele>206.77</ele><time>2026-07-05T01:59:10Z</time></trkpt>
<trkpt lat="37.65385735" lon="126.95871915"><ele>206.38</ele><time>2026-07-05T01:59:12Z</time></trkpt>
<trkpt lat="37.65387039" lon="126.95872064"><ele>206.63</ele><time>2026-07-05T01:59:13Z</time></trkpt>
<trkpt lat="37.65389546" lon="126.95872417"><ele>205.51</ele><time>2026-07-05T01:59:15Z</time></trkpt>
<trkpt lat="37.65390727" lon="126.95873124"><ele>204.84</ele><time>2026-07-05T01:59:16Z</time></trkpt>
<trkpt lat="37.65395050" lon="126.95879014"><ele>201.33</ele><time>2026-07-05T01:59:21Z</time></trkpt>
<trkpt lat="37.65395691" lon="126.95880381"><ele>201.09</ele><time>2026-07-05T01:59:22Z</time></trkpt>
<trkpt lat="37.65396951" lon="126.95882765"><ele>198.58</ele><time>2026-07-05T01:59:24Z</time></trkpt>
<trkpt lat="37.65397322" lon="126.95884013"><ele>197.98</ele><time>2026-07-05T01:59:25Z</time></trkpt>
<trkpt lat="37.65392896" lon="126.95899643"><ele>195.74</ele><time>2026-07-05T01:59:35Z</time></trkpt>
<trkpt lat="37.65392654" lon="126.95901337"><ele>195.77</ele><time>2026-07-05T01:59:36Z</time></trkpt>
<trkpt lat="37.65391530" lon="126.95904221"><ele>194.68</ele><time>2026-07-05T01:59:38Z</time></trkpt>
<trkpt lat="37.65391284" lon="126.95905658"><ele>193.52</ele><time>2026-07-05T01:59:39Z</time></trkpt>
<trkpt lat="37.65390567" lon="126.95909057"><ele>192.47</ele><time>2026-07-05T01:59:41Z</time></trkpt>
<trkpt lat="37.65390093" lon="126.95910544"><ele>192.02</ele><time>2026-07-05T01:59:42Z</time></trkpt>
<trkpt lat="37.65388835" lon="126.95913394"><ele>191.31</ele><time>2026-07-05T01:59:44Z</time></trkpt>
<trkpt lat="37.65387626" lon="126.95916151"><ele>190.79</ele><time>2026-07-05T01:59:46Z</time></trkpt>
<trkpt lat="37.65387153" lon="126.95917600"><ele>190.77</ele><time>2026-07-05T01:59:47Z</time></trkpt>
<trkpt lat="37.65386095" lon="126.95920149"><ele>190.47</ele><time>2026-07-05T01:59:49Z</time></trkpt>
<trkpt lat="37.65385448" lon="126.95921556"><ele>190.02</ele><time>2026-07-05T01:59:50Z</time></trkpt>
<trkpt lat="37.65384230" lon="126.95924225"><ele>190.01</ele><time>2026-07-05T01:59:52Z</time></trkpt>
<trkpt lat="37.65383638" lon="126.95925506"><ele>189.99</ele><time>2026-07-05T01:59:53Z</time></trkpt>
<trkpt lat="37.65382906" lon="126.95927990"><ele>190.02</ele><time>2026-07-05T01:59:55Z</time></trkpt>
<trkpt lat="37.65382527" lon="126.95929386"><ele>189.94</ele><time>2026-07-05T01:59:56Z</time></trkpt>
<trkpt lat="37.65381243" lon="126.95931698"><ele>190.13</ele><time>2026-07-05T01:59:58Z</time></trkpt>
<trkpt lat="37.65380325" lon="126.95932867"><ele>189.78</ele><time>2026-07-05T01:59:59Z</time></trkpt>
<trkpt lat="37.65378558" lon="126.95935276"><ele>189.62</ele><time>2026-07-05T02:00:01Z</time></trkpt>
<trkpt lat="37.65377550" lon="126.95936323"><ele>189.68</ele><time>2026-07-05T02:00:02Z</time></trkpt>
<trkpt lat="37.65376068" lon="126.95938629"><ele>189.34</ele><time>2026-07-05T02:00:04Z</time></trkpt>
<trkpt lat="37.65375574" lon="126.95939960"><ele>188.21</ele><time>2026-07-05T02:00:05Z</time></trkpt>
<trkpt lat="37.65377639" lon="126.95950760"><ele>188.98</ele><time>2026-07-05T02:00:37Z</time></trkpt>
<trkpt lat="37.65376997" lon="126.95953362"><ele>189.06</ele><time>2026-07-05T02:00:39Z</time></trkpt>
<trkpt lat="37.65376677" lon="126.95954761"><ele>188.80</ele><time>2026-07-05T02:00:40Z</time></trkpt>
<trkpt lat="37.65375860" lon="126.95956809"><ele>188.94</ele><time>2026-07-05T02:00:42Z</time></trkpt>
<trkpt lat="37.65373550" lon="126.95959500"><ele>188.18</ele><time>2026-07-05T02:00:45Z</time></trkpt>
<trkpt lat="37.65371536" lon="126.95974878"><ele>189.02</ele><time>2026-07-05T02:00:55Z</time></trkpt>
<trkpt lat="37.65371410" lon="126.95976172"><ele>189.88</ele><time>2026-07-05T02:00:56Z</time></trkpt>
<trkpt lat="37.65370826" lon="126.95979030"><ele>190.18</ele><time>2026-07-05T02:00:58Z</time></trkpt>
<trkpt lat="37.65370558" lon="126.95980403"><ele>190.39</ele><time>2026-07-05T02:00:59Z</time></trkpt>
<trkpt lat="37.65369581" lon="126.95982797"><ele>190.59</ele><time>2026-07-05T02:01:01Z</time></trkpt>
<trkpt lat="37.65369080" lon="126.95984109"><ele>190.84</ele><time>2026-07-05T02:01:02Z</time></trkpt>
<trkpt lat="37.65368511" lon="126.95986660"><ele>190.98</ele><time>2026-07-05T02:01:04Z</time></trkpt>
<trkpt lat="37.65368353" lon="126.95987797"><ele>190.63</ele><time>2026-07-05T02:01:05Z</time></trkpt>
<trkpt lat="37.65367498" lon="126.95989670"><ele>190.25</ele><time>2026-07-05T02:01:07Z</time></trkpt>
<trkpt lat="37.65367124" lon="126.95990423"><ele>190.82</ele><time>2026-07-05T02:01:08Z</time></trkpt>
<trkpt lat="37.65366452" lon="126.95992332"><ele>191.48</ele><time>2026-07-05T02:01:10Z</time></trkpt>
<trkpt lat="37.65365321" lon="126.95994087"><ele>192.24</ele><time>2026-07-05T02:01:12Z</time></trkpt>
<trkpt lat="37.65364710" lon="126.95994878"><ele>192.40</ele><time>2026-07-05T02:01:13Z</time></trkpt>
<trkpt lat="37.65363614" lon="126.95996829"><ele>193.04</ele><time>2026-07-05T02:01:15Z</time></trkpt>
<trkpt lat="37.65362361" lon="126.95998658"><ele>192.51</ele><time>2026-07-05T02:01:17Z</time></trkpt>
<trkpt lat="37.65360891" lon="126.96003838"><ele>192.79</ele><time>2026-07-05T02:01:22Z</time></trkpt>
<trkpt lat="37.65360116" lon="126.96005263"><ele>194.27</ele><time>2026-07-05T02:01:24Z</time></trkpt>
<trkpt lat="37.65350317" lon="126.96011786"><ele>195.15</ele><time>2026-07-05T02:01:35Z</time></trkpt>
<trkpt lat="37.65349622" lon="126.96012572"><ele>195.67</ele><time>2026-07-05T02:01:37Z</time></trkpt>
<trkpt lat="37.65346541" lon="126.96014845"><ele>196.83</ele><time>2026-07-05T02:01:41Z</time></trkpt>
<trkpt lat="37.65345606" lon="126.96015628"><ele>197.72</ele><time>2026-07-05T02:01:43Z</time></trkpt>
<trkpt lat="37.65344012" lon="126.96017448"><ele>197.23</ele><time>2026-07-05T02:01:45Z</time></trkpt>
<trkpt lat="37.65343427" lon="126.96018130"><ele>197.19</ele><time>2026-07-05T02:01:46Z</time></trkpt>
<trkpt lat="37.65341834" lon="126.96019738"><ele>196.72</ele><time>2026-07-05T02:01:48Z</time></trkpt>
<trkpt lat="37.65340857" lon="126.96021476"><ele>196.98</ele><time>2026-07-05T02:01:50Z</time></trkpt>
<trkpt lat="37.65340442" lon="126.96022403"><ele>197.06</ele><time>2026-07-05T02:01:51Z</time></trkpt>
<trkpt lat="37.65339413" lon="126.96024205"><ele>196.58</ele><time>2026-07-05T02:01:53Z</time></trkpt>
<trkpt lat="37.65338773" lon="126.96025156"><ele>196.78</ele><time>2026-07-05T02:01:54Z</time></trkpt>
<trkpt lat="37.65337605" lon="126.96026790"><ele>196.93</ele><time>2026-07-05T02:01:56Z</time></trkpt>
<trkpt lat="37.65337036" lon="126.96027864"><ele>197.04</ele><time>2026-07-05T02:01:57Z</time></trkpt>
<trkpt lat="37.65331832" lon="126.96034201"><ele>197.04</ele><time>2026-07-05T02:02:07Z</time></trkpt>
<trkpt lat="37.65330293" lon="126.96036014"><ele>196.87</ele><time>2026-07-05T02:02:09Z</time></trkpt>
<trkpt lat="37.65328587" lon="126.96037873"><ele>198.40</ele><time>2026-07-05T02:02:11Z</time></trkpt>
<trkpt lat="37.65327568" lon="126.96039472"><ele>197.14</ele><time>2026-07-05T02:02:12Z</time></trkpt>
<trkpt lat="37.65325679" lon="126.96042256"><ele>198.11</ele><time>2026-07-05T02:02:14Z</time></trkpt>
<trkpt lat="37.65324944" lon="126.96043711"><ele>197.70</ele><time>2026-07-05T02:02:15Z</time></trkpt>
<trkpt lat="37.65324067" lon="126.96046593"><ele>197.61</ele><time>2026-07-05T02:02:17Z</time></trkpt>
<trkpt lat="37.65323561" lon="126.96047858"><ele>197.35</ele><time>2026-07-05T02:02:18Z</time></trkpt>
<trkpt lat="37.65322758" lon="126.96050823"><ele>198.30</ele><time>2026-07-05T02:02:20Z</time></trkpt>
<trkpt lat="37.65321944" lon="126.96052949"><ele>198.04</ele><time>2026-07-05T02:02:22Z</time></trkpt>
<trkpt lat="37.65321772" lon="126.96054334"><ele>198.55</ele><time>2026-07-05T02:02:23Z</time></trkpt>
<trkpt lat="37.65320526" lon="126.96058100"><ele>199.78</ele><time>2026-07-05T02:02:26Z</time></trkpt>
<trkpt lat="37.65320139" lon="126.96059377"><ele>200.22</ele><time>2026-07-05T02:02:27Z</time></trkpt>
<trkpt lat="37.65317484" lon="126.96064483"><ele>201.11</ele><time>2026-07-05T02:02:32Z</time></trkpt>
<trkpt lat="37.65316924" lon="126.96065532"><ele>200.68</ele><time>2026-07-05T02:02:33Z</time></trkpt>
<trkpt lat="37.65315620" lon="126.96067428"><ele>200.75</ele><time>2026-07-05T02:02:35Z</time></trkpt>
<trkpt lat="37.65314874" lon="126.96068354"><ele>200.93</ele><time>2026-07-05T02:02:36Z</time></trkpt>
<trkpt lat="37.65313350" lon="126.96069903"><ele>201.46</ele><time>2026-07-05T02:02:38Z</time></trkpt>
<trkpt lat="37.65312733" lon="126.96070671"><ele>201.29</ele><time>2026-07-05T02:02:39Z</time></trkpt>
<trkpt lat="37.65311538" lon="126.96072057"><ele>201.35</ele><time>2026-07-05T02:02:41Z</time></trkpt>
<trkpt lat="37.65311043" lon="126.96072693"><ele>200.88</ele><time>2026-07-05T02:02:42Z</time></trkpt>
<trkpt lat="37.65310040" lon="126.96074071"><ele>200.68</ele><time>2026-07-05T02:02:44Z</time></trkpt>
<trkpt lat="37.65309537" lon="126.96074662"><ele>201.04</ele><time>2026-07-05T02:02:45Z</time></trkpt>
<trkpt lat="37.65308564" lon="126.96076406"><ele>201.99</ele><time>2026-07-05T02:02:47Z</time></trkpt>
<trkpt lat="37.65307677" lon="126.96078508"><ele>202.43</ele><time>2026-07-05T02:02:49Z</time></trkpt>
<trkpt lat="37.65307301" lon="126.96079277"><ele>202.77</ele><time>2026-07-05T02:02:50Z</time></trkpt>
<trkpt lat="37.65305531" lon="126.96080782"><ele>203.36</ele><time>2026-07-05T02:02:52Z</time></trkpt>
<trkpt lat="37.65304966" lon="126.96081380"><ele>203.37</ele><time>2026-07-05T02:02:53Z</time></trkpt>
<trkpt lat="37.65303805" lon="126.96083188"><ele>204.01</ele><time>2026-07-05T02:02:55Z</time></trkpt>
<trkpt lat="37.65303289" lon="126.96084234"><ele>204.82</ele><time>2026-07-05T02:02:56Z</time></trkpt>
<trkpt lat="37.65302907" lon="126.96086416"><ele>206.41</ele><time>2026-07-05T02:02:58Z</time></trkpt>
<trkpt lat="37.65295341" lon="126.96095621"><ele>209.12</ele><time>2026-07-05T02:03:07Z</time></trkpt>
<trkpt lat="37.65293993" lon="126.96099711"><ele>209.33</ele><time>2026-07-05T02:03:11Z</time></trkpt>
<trkpt lat="37.65293592" lon="126.96101192"><ele>208.74</ele><time>2026-07-05T02:03:12Z</time></trkpt>
<trkpt lat="37.65293238" lon="126.96104090"><ele>208.25</ele><time>2026-07-05T02:03:14Z</time></trkpt>
<trkpt lat="37.65293108" lon="126.96105040"><ele>208.33</ele><time>2026-07-05T02:03:15Z</time></trkpt>
<trkpt lat="37.65291644" lon="126.96110888"><ele>206.42</ele><time>2026-07-05T02:03:20Z</time></trkpt>
<trkpt lat="37.65291498" lon="126.96112534"><ele>206.73</ele><time>2026-07-05T02:03:21Z</time></trkpt>
<trkpt lat="37.65290370" lon="126.96123376"><ele>206.97</ele><time>2026-07-05T02:03:29Z</time></trkpt>
<trkpt lat="37.65290288" lon="126.96126154"><ele>207.21</ele><time>2026-07-05T02:03:31Z</time></trkpt>
<trkpt lat="37.65290368" lon="126.96127311"><ele>207.92</ele><time>2026-07-05T02:03:32Z</time></trkpt>
<trkpt lat="37.65288839" lon="126.96136598"><ele>208.42</ele><time>2026-07-05T02:03:39Z</time></trkpt>
<trkpt lat="37.65288866" lon="126.96138059"><ele>208.17</ele><time>2026-07-05T02:03:40Z</time></trkpt>
<trkpt lat="37.65289116" lon="126.96140907"><ele>208.05</ele><time>2026-07-05T02:03:42Z</time></trkpt>
<trkpt lat="37.65289130" lon="126.96142484"><ele>208.45</ele><time>2026-07-05T02:03:43Z</time></trkpt>
<trkpt lat="37.65289815" lon="126.96156770"><ele>208.25</ele><time>2026-07-05T02:03:53Z</time></trkpt>
<trkpt lat="37.65289772" lon="126.96158296"><ele>208.42</ele><time>2026-07-05T02:03:54Z</time></trkpt>
<trkpt lat="37.65289486" lon="126.96163604"><ele>207.79</ele><time>2026-07-05T02:03:57Z</time></trkpt>
<trkpt lat="37.65289218" lon="126.96165348"><ele>206.97</ele><time>2026-07-05T02:03:58Z</time></trkpt>
<trkpt lat="37.65288714" lon="126.96168236"><ele>206.61</ele><time>2026-07-05T02:04:00Z</time></trkpt>
<trkpt lat="37.65288696" lon="126.96169481"><ele>206.95</ele><time>2026-07-05T02:04:01Z</time></trkpt>
<trkpt lat="37.65282093" lon="126.96181946"><ele>210.28</ele><time>2026-07-05T02:04:11Z</time></trkpt>
<trkpt lat="37.65281342" lon="126.96183277"><ele>210.12</ele><time>2026-07-05T02:04:12Z</time></trkpt>
<trkpt lat="37.65279494" lon="126.96185466"><ele>209.27</ele><time>2026-07-05T02:04:14Z</time></trkpt>
<trkpt lat="37.65277503" lon="126.96187106"><ele>208.56</ele><time>2026-07-05T02:04:16Z</time></trkpt>
<trkpt lat="37.65276421" lon="126.96188308"><ele>208.68</ele><time>2026-07-05T02:04:17Z</time></trkpt>
<trkpt lat="37.65274490" lon="126.96190589"><ele>209.30</ele><time>2026-07-05T02:04:19Z</time></trkpt>
<trkpt lat="37.65273334" lon="126.96191667"><ele>208.71</ele><time>2026-07-05T02:04:20Z</time></trkpt>
<trkpt lat="37.65271188" lon="126.96193537"><ele>208.55</ele><time>2026-07-05T02:04:22Z</time></trkpt>
<trkpt lat="37.65270407" lon="126.96194400"><ele>209.03</ele><time>2026-07-05T02:04:23Z</time></trkpt>
<trkpt lat="37.65268832" lon="126.96196238"><ele>208.80</ele><time>2026-07-05T02:04:25Z</time></trkpt>
<trkpt lat="37.65267911" lon="126.96197047"><ele>208.23</ele><time>2026-07-05T02:04:26Z</time></trkpt>
<trkpt lat="37.65266076" lon="126.96198130"><ele>208.26</ele><time>2026-07-05T02:04:28Z</time></trkpt>
<trkpt lat="37.65264944" lon="126.96198622"><ele>208.83</ele><time>2026-07-05T02:04:29Z</time></trkpt>
<trkpt lat="37.65263101" lon="126.96199893"><ele>208.89</ele><time>2026-07-05T02:04:31Z</time></trkpt>
<trkpt lat="37.65262244" lon="126.96200713"><ele>208.75</ele><time>2026-07-05T02:04:32Z</time></trkpt>
<trkpt lat="37.65260763" lon="126.96206320"><ele>205.99</ele><time>2026-07-05T02:05:02Z</time></trkpt>
<trkpt lat="37.65259584" lon="126.96208518"><ele>207.07</ele><time>2026-07-05T02:05:04Z</time></trkpt>
<trkpt lat="37.65259042" lon="126.96209596"><ele>207.30</ele><time>2026-07-05T02:05:05Z</time></trkpt>
<trkpt lat="37.65258026" lon="126.96212146"><ele>207.47</ele><time>2026-07-05T02:05:07Z</time></trkpt>
<trkpt lat="37.65257404" lon="126.96213466"><ele>207.57</ele><time>2026-07-05T02:05:08Z</time></trkpt>
<trkpt lat="37.65255836" lon="126.96216533"><ele>207.63</ele><time>2026-07-05T02:05:10Z</time></trkpt>
<trkpt lat="37.65254681" lon="126.96217904"><ele>207.97</ele><time>2026-07-05T02:05:11Z</time></trkpt>
<trkpt lat="37.65253000" lon="126.96220572"><ele>208.32</ele><time>2026-07-05T02:05:13Z</time></trkpt>
<trkpt lat="37.65252468" lon="126.96221436"><ele>207.39</ele><time>2026-07-05T02:05:14Z</time></trkpt>
<trkpt lat="37.65250894" lon="126.96222953"><ele>205.86</ele><time>2026-07-05T02:05:16Z</time></trkpt>
<trkpt lat="37.65250072" lon="126.96223389"><ele>205.01</ele><time>2026-07-05T02:05:17Z</time></trkpt>
<trkpt lat="37.65248066" lon="126.96224784"><ele>203.32</ele><time>2026-07-05T02:05:19Z</time></trkpt>
<trkpt lat="37.65246874" lon="126.96225873"><ele>203.69</ele><time>2026-07-05T02:05:20Z</time></trkpt>
<trkpt lat="37.65244519" lon="126.96227728"><ele>203.93</ele><time>2026-07-05T02:05:22Z</time></trkpt>
<trkpt lat="37.65243378" lon="126.96228746"><ele>203.29</ele><time>2026-07-05T02:05:23Z</time></trkpt>
<trkpt lat="37.65241812" lon="126.96230291"><ele>202.90</ele><time>2026-07-05T02:05:25Z</time></trkpt>
<trkpt lat="37.65240300" lon="126.96232249"><ele>202.39</ele><time>2026-07-05T02:05:27Z</time></trkpt>
<trkpt lat="37.65239516" lon="126.96233094"><ele>201.55</ele><time>2026-07-05T02:05:28Z</time></trkpt>
<trkpt lat="37.65238228" lon="126.96235524"><ele>201.89</ele><time>2026-07-05T02:05:30Z</time></trkpt>
<trkpt lat="37.65237662" lon="126.96236711"><ele>202.68</ele><time>2026-07-05T02:05:31Z</time></trkpt>
<trkpt lat="37.65236453" lon="126.96238440"><ele>203.76</ele><time>2026-07-05T02:05:33Z</time></trkpt>
<trkpt lat="37.65236070" lon="126.96239499"><ele>203.86</ele><time>2026-07-05T02:05:34Z</time></trkpt>
<trkpt lat="37.65235324" lon="126.96242364"><ele>203.15</ele><time>2026-07-05T02:05:36Z</time></trkpt>
<trkpt lat="37.65235310" lon="126.96243795"><ele>203.41</ele><time>2026-07-05T02:05:37Z</time></trkpt>
<trkpt lat="37.65235370" lon="126.96245933"><ele>203.63</ele><time>2026-07-05T02:05:39Z</time></trkpt>
<trkpt lat="37.65235369" lon="126.96247287"><ele>203.81</ele><time>2026-07-05T02:05:40Z</time></trkpt>
<trkpt lat="37.65239812" lon="126.96260002"><ele>205.42</ele><time>2026-07-05T02:05:50Z</time></trkpt>
<trkpt lat="37.65240067" lon="126.96261458"><ele>205.32</ele><time>2026-07-05T02:05:51Z</time></trkpt>
<trkpt lat="37.65243694" lon="126.96272202"><ele>205.02</ele><time>2026-07-05T02:06:00Z</time></trkpt>
<trkpt lat="37.65237456" lon="126.96278704"><ele>203.12</ele><time>2026-07-05T02:06:09Z</time></trkpt>
<trkpt lat="37.65245974" lon="126.96278329"><ele>206.88</ele><time>2026-07-05T02:06:29Z</time></trkpt>
<trkpt lat="37.65248238" lon="126.96279060"><ele>208.67</ele><time>2026-07-05T02:06:32Z</time></trkpt>
<trkpt lat="37.65249368" lon="126.96279850"><ele>209.28</ele><time>2026-07-05T02:06:33Z</time></trkpt>
<trkpt lat="37.65258412" lon="126.96274612"><ele>208.47</ele><time>2026-07-05T02:06:43Z</time></trkpt>
<trkpt lat="37.65258852" lon="126.96273999"><ele>208.65</ele><time>2026-07-05T02:06:44Z</time></trkpt>
<trkpt lat="37.65261294" lon="126.96269591"><ele>206.90</ele><time>2026-07-05T02:06:52Z</time></trkpt>
<trkpt lat="37.65269075" lon="126.96272572"><ele>207.57</ele><time>2026-07-05T02:07:19Z</time></trkpt>
<trkpt lat="37.65280713" lon="126.96267365"><ele>207.27</ele><time>2026-07-05T02:07:29Z</time></trkpt>
<trkpt lat="37.65281456" lon="126.96266452"><ele>207.35</ele><time>2026-07-05T02:07:30Z</time></trkpt>
<trkpt lat="37.65282723" lon="126.96264592"><ele>207.76</ele><time>2026-07-05T02:07:32Z</time></trkpt>
<trkpt lat="37.65291845" lon="126.96258031"><ele>206.68</ele><time>2026-07-05T02:07:41Z</time></trkpt>
<trkpt lat="37.65296003" lon="126.96253173"><ele>206.63</ele><time>2026-07-05T02:07:46Z</time></trkpt>
<trkpt lat="37.65297170" lon="126.96252382"><ele>206.81</ele><time>2026-07-05T02:07:47Z</time></trkpt>
<trkpt lat="37.65299233" lon="126.96250341"><ele>206.73</ele><time>2026-07-05T02:07:49Z</time></trkpt>
<trkpt lat="37.65300406" lon="126.96249308"><ele>206.79</ele><time>2026-07-05T02:07:50Z</time></trkpt>
<trkpt lat="37.65302664" lon="126.96247808"><ele>206.69</ele><time>2026-07-05T02:07:52Z</time></trkpt>
<trkpt lat="37.65304370" lon="126.96246874"><ele>206.89</ele><time>2026-07-05T02:07:54Z</time></trkpt>
<trkpt lat="37.65305373" lon="126.96246577"><ele>207.23</ele><time>2026-07-05T02:07:55Z</time></trkpt>
<trkpt lat="37.65307804" lon="126.96247046"><ele>207.33</ele><time>2026-07-05T02:07:57Z</time></trkpt>
<trkpt lat="37.65309023" lon="126.96247805"><ele>207.26</ele><time>2026-07-05T02:07:58Z</time></trkpt>
<trkpt lat="37.65311119" lon="126.96249081"><ele>207.01</ele><time>2026-07-05T02:08:00Z</time></trkpt>
<trkpt lat="37.65311947" lon="126.96249347"><ele>207.32</ele><time>2026-07-05T02:08:01Z</time></trkpt>
<trkpt lat="37.65313749" lon="126.96250151"><ele>207.60</ele><time>2026-07-05T02:08:03Z</time></trkpt>
<trkpt lat="37.65314478" lon="126.96250986"><ele>207.38</ele><time>2026-07-05T02:08:04Z</time></trkpt>
<trkpt lat="37.65315813" lon="126.96253998"><ele>207.47</ele><time>2026-07-05T02:08:06Z</time></trkpt>
<trkpt lat="37.65316383" lon="126.96255243"><ele>207.37</ele><time>2026-07-05T02:08:07Z</time></trkpt>
<trkpt lat="37.65317399" lon="126.96257407"><ele>207.66</ele><time>2026-07-05T02:08:09Z</time></trkpt>
<trkpt lat="37.65317626" lon="126.96258312"><ele>207.98</ele><time>2026-07-05T02:08:10Z</time></trkpt>
<trkpt lat="37.65318551" lon="126.96260496"><ele>207.00</ele><time>2026-07-05T02:08:13Z</time></trkpt>
<trkpt lat="37.65319040" lon="126.96263634"><ele>206.17</ele><time>2026-07-05T02:08:16Z</time></trkpt>
<trkpt lat="37.65319163" lon="126.96265426"><ele>207.50</ele><time>2026-07-05T02:08:18Z</time></trkpt>
<trkpt lat="37.65319998" lon="126.96267954"><ele>207.99</ele><time>2026-07-05T02:08:21Z</time></trkpt>
<trkpt lat="37.65320360" lon="126.96268816"><ele>207.92</ele><time>2026-07-05T02:08:22Z</time></trkpt>
<trkpt lat="37.65320832" lon="126.96270596"><ele>208.30</ele><time>2026-07-05T02:08:26Z</time></trkpt>
<trkpt lat="37.65320995" lon="126.96271641"><ele>208.53</ele><time>2026-07-05T02:08:27Z</time></trkpt>
<trkpt lat="37.65321936" lon="126.96276765"><ele>210.92</ele><time>2026-07-05T02:08:38Z</time></trkpt>
<trkpt lat="37.65322146" lon="126.96277879"><ele>211.14</ele><time>2026-07-05T02:08:43Z</time></trkpt>
<trkpt lat="37.65323266" lon="126.96279590"><ele>211.34</ele><time>2026-07-05T02:08:49Z</time></trkpt>
<trkpt lat="37.65322082" lon="126.96285331"><ele>212.69</ele><time>2026-07-05T02:08:59Z</time></trkpt>
<trkpt lat="37.65320315" lon="126.96289063"><ele>215.99</ele><time>2026-07-05T02:09:08Z</time></trkpt>
<trkpt lat="37.65319845" lon="126.96289779"><ele>216.17</ele><time>2026-07-05T02:09:09Z</time></trkpt>
<trkpt lat="37.65322622" lon="126.96297477"><ele>213.65</ele><time>2026-07-05T02:09:28Z</time></trkpt>
<trkpt lat="37.65322307" lon="126.96298747"><ele>214.37</ele><time>2026-07-05T02:09:33Z</time></trkpt>
<trkpt lat="37.65319440" lon="126.96310372"><ele>220.86</ele><time>2026-07-05T02:09:51Z</time></trkpt>
<trkpt lat="37.65318909" lon="126.96311176"><ele>221.49</ele><time>2026-07-05T02:09:55Z</time></trkpt>
<trkpt lat="37.65319972" lon="126.96319629"><ele>219.54</ele><time>2026-07-05T02:10:09Z</time></trkpt>
<trkpt lat="37.65317218" lon="126.96324832"><ele>224.00</ele><time>2026-07-05T02:10:24Z</time></trkpt>
<trkpt lat="37.65314833" lon="126.96325837"><ele>225.29</ele><time>2026-07-05T02:10:29Z</time></trkpt>
<trkpt lat="37.65311232" lon="126.96333051"><ele>229.03</ele><time>2026-07-05T02:10:40Z</time></trkpt>
<trkpt lat="37.65312381" lon="126.96340872"><ele>231.40</ele><time>2026-07-05T02:10:51Z</time></trkpt>
<trkpt lat="37.65313176" lon="126.96344105"><ele>230.74</ele><time>2026-07-05T02:10:55Z</time></trkpt>
<trkpt lat="37.65315007" lon="126.96349162"><ele>230.97</ele><time>2026-07-05T02:11:04Z</time></trkpt>
<trkpt lat="37.65315723" lon="126.96352219"><ele>231.05</ele><time>2026-07-05T02:11:07Z</time></trkpt>
<trkpt lat="37.65317150" lon="126.96355106"><ele>231.46</ele><time>2026-07-05T02:11:10Z</time></trkpt>
<trkpt lat="37.65317663" lon="126.96357651"><ele>231.86</ele><time>2026-07-05T02:11:16Z</time></trkpt>
<trkpt lat="37.65317871" lon="126.96358989"><ele>231.51</ele><time>2026-07-05T02:11:18Z</time></trkpt>
<trkpt lat="37.65318507" lon="126.96361091"><ele>231.35</ele><time>2026-07-05T02:11:20Z</time></trkpt>
<trkpt lat="37.65318897" lon="126.96361866"><ele>233.99</ele><time>2026-07-05T02:11:24Z</time></trkpt>
<trkpt lat="37.65319107" lon="126.96363887"><ele>234.91</ele><time>2026-07-05T02:11:30Z</time></trkpt>
<trkpt lat="37.65318372" lon="126.96365851"><ele>235.70</ele><time>2026-07-05T02:11:33Z</time></trkpt>
<trkpt lat="37.65317263" lon="126.96367590"><ele>236.02</ele><time>2026-07-05T02:11:36Z</time></trkpt>
<trkpt lat="37.65319066" lon="126.96373884"><ele>235.52</ele><time>2026-07-05T02:11:47Z</time></trkpt>
<trkpt lat="37.65320571" lon="126.96375839"><ele>235.62</ele><time>2026-07-05T02:11:52Z</time></trkpt>
<trkpt lat="37.65319743" lon="126.96382177"><ele>237.20</ele><time>2026-07-05T02:12:04Z</time></trkpt>
<trkpt lat="37.65319643" lon="126.96383199"><ele>237.24</ele><time>2026-07-05T02:12:05Z</time></trkpt>
<trkpt lat="37.65319618" lon="126.96385154"><ele>237.43</ele><time>2026-07-05T02:12:09Z</time></trkpt>
<trkpt lat="37.65319892" lon="126.96386170"><ele>237.35</ele><time>2026-07-05T02:12:10Z</time></trkpt>
<trkpt lat="37.65320692" lon="126.96388459"><ele>239.74</ele><time>2026-07-05T02:12:14Z</time></trkpt>
<trkpt lat="37.65316564" lon="126.96394061"><ele>238.80</ele><time>2026-07-05T02:12:24Z</time></trkpt>
<trkpt lat="37.65319747" lon="126.96403927"><ele>239.71</ele><time>2026-07-05T02:12:34Z</time></trkpt>
<trkpt lat="37.65320639" lon="126.96405041"><ele>240.02</ele><time>2026-07-05T02:12:36Z</time></trkpt>
<trkpt lat="37.65322906" lon="126.96407640"><ele>242.21</ele><time>2026-07-05T02:12:40Z</time></trkpt>
<trkpt lat="37.65324597" lon="126.96410918"><ele>243.73</ele><time>2026-07-05T02:12:45Z</time></trkpt>
<trkpt lat="37.65325462" lon="126.96412181"><ele>243.97</ele><time>2026-07-05T02:12:47Z</time></trkpt>
<trkpt lat="37.65325945" lon="126.96413802"><ele>244.93</ele><time>2026-07-05T02:12:49Z</time></trkpt>
<trkpt lat="37.65325909" lon="126.96414652"><ele>245.18</ele><time>2026-07-05T02:12:50Z</time></trkpt>
<trkpt lat="37.65329308" lon="126.96423103"><ele>249.19</ele><time>2026-07-05T02:13:02Z</time></trkpt>
<trkpt lat="37.65329647" lon="126.96423878"><ele>249.33</ele><time>2026-07-05T02:13:04Z</time></trkpt>
<trkpt lat="37.65331156" lon="126.96426852"><ele>248.85</ele><time>2026-07-05T02:13:06Z</time></trkpt>
<trkpt lat="37.65331861" lon="126.96428169"><ele>248.62</ele><time>2026-07-05T02:13:07Z</time></trkpt>
<trkpt lat="37.65335247" lon="126.96440905"><ele>249.70</ele><time>2026-07-05T02:13:19Z</time></trkpt>
<trkpt lat="37.65335026" lon="126.96443184"><ele>250.43</ele><time>2026-07-05T02:13:21Z</time></trkpt>
<trkpt lat="37.65338800" lon="126.96453294"><ele>249.99</ele><time>2026-07-05T02:13:31Z</time></trkpt>
<trkpt lat="37.65339029" lon="126.96454654"><ele>250.20</ele><time>2026-07-05T02:13:32Z</time></trkpt>
<trkpt lat="37.65339530" lon="126.96457795"><ele>251.02</ele><time>2026-07-05T02:13:34Z</time></trkpt>
<trkpt lat="37.65340500" lon="126.96459464"><ele>251.35</ele><time>2026-07-05T02:13:36Z</time></trkpt>
<trkpt lat="37.65341934" lon="126.96460865"><ele>251.40</ele><time>2026-07-05T02:13:38Z</time></trkpt>
<trkpt lat="37.65342527" lon="126.96461825"><ele>251.39</ele><time>2026-07-05T02:13:39Z</time></trkpt>
<trkpt lat="37.65343926" lon="126.96463850"><ele>251.77</ele><time>2026-07-05T02:13:41Z</time></trkpt>
<trkpt lat="37.65347019" lon="126.96466597"><ele>251.85</ele><time>2026-07-05T02:13:46Z</time></trkpt>
<trkpt lat="37.65348190" lon="126.96467879"><ele>250.46</ele><time>2026-07-05T02:13:48Z</time></trkpt>
<trkpt lat="37.65352825" lon="126.96476836"><ele>251.30</ele><time>2026-07-05T02:13:58Z</time></trkpt>
<trkpt lat="37.65353379" lon="126.96478012"><ele>251.62</ele><time>2026-07-05T02:13:59Z</time></trkpt>
<trkpt lat="37.65354604" lon="126.96482775"><ele>251.09</ele><time>2026-07-05T02:14:04Z</time></trkpt>
<trkpt lat="37.65354810" lon="126.96483607"><ele>251.22</ele><time>2026-07-05T02:14:06Z</time></trkpt>
<trkpt lat="37.65355879" lon="126.96487013"><ele>251.62</ele><time>2026-07-05T02:14:09Z</time></trkpt>
<trkpt lat="37.65356416" lon="126.96487832"><ele>251.66</ele><time>2026-07-05T02:14:10Z</time></trkpt>
<trkpt lat="37.65357567" lon="126.96488918"><ele>252.30</ele><time>2026-07-05T02:14:12Z</time></trkpt>
<trkpt lat="37.65358164" lon="126.96489556"><ele>251.66</ele><time>2026-07-05T02:14:13Z</time></trkpt>
<trkpt lat="37.65367840" lon="126.96492940"><ele>252.46</ele><time>2026-07-05T02:14:25Z</time></trkpt>
<trkpt lat="37.65372924" lon="126.96501475"><ele>255.03</ele><time>2026-07-05T02:14:34Z</time></trkpt>
<trkpt lat="37.65373586" lon="126.96503708"><ele>255.03</ele><time>2026-07-05T02:14:36Z</time></trkpt>
<trkpt lat="37.65373911" lon="126.96504826"><ele>255.02</ele><time>2026-07-05T02:14:37Z</time></trkpt>
<trkpt lat="37.65375344" lon="126.96510158"><ele>256.15</ele><time>2026-07-05T02:14:42Z</time></trkpt>
<trkpt lat="37.65376336" lon="126.96512549"><ele>257.14</ele><time>2026-07-05T02:14:45Z</time></trkpt>
<trkpt lat="37.65376554" lon="126.96515844"><ele>257.71</ele><time>2026-07-05T02:14:48Z</time></trkpt>
<trkpt lat="37.65376590" lon="126.96519635"><ele>257.31</ele><time>2026-07-05T02:14:52Z</time></trkpt>
<trkpt lat="37.65376922" lon="126.96521661"><ele>256.54</ele><time>2026-07-05T02:14:54Z</time></trkpt>
<trkpt lat="37.65376661" lon="126.96526938"><ele>256.52</ele><time>2026-07-05T02:15:00Z</time></trkpt>
<trkpt lat="37.65376642" lon="126.96527851"><ele>257.14</ele><time>2026-07-05T02:15:01Z</time></trkpt>
<trkpt lat="37.65376620" lon="126.96529766"><ele>257.10</ele><time>2026-07-05T02:15:03Z</time></trkpt>
<trkpt lat="37.65376763" lon="126.96530948"><ele>257.14</ele><time>2026-07-05T02:15:04Z</time></trkpt>
<trkpt lat="37.65377145" lon="126.96532521"><ele>256.88</ele><time>2026-07-05T02:15:06Z</time></trkpt>
<trkpt lat="37.65379211" lon="126.96535384"><ele>258.34</ele><time>2026-07-05T02:15:10Z</time></trkpt>
<trkpt lat="37.65380021" lon="126.96536863"><ele>258.19</ele><time>2026-07-05T02:15:12Z</time></trkpt>
<trkpt lat="37.65380834" lon="126.96538164"><ele>257.43</ele><time>2026-07-05T02:15:14Z</time></trkpt>
<trkpt lat="37.65383186" lon="126.96542456"><ele>256.34</ele><time>2026-07-05T02:15:23Z</time></trkpt>
<trkpt lat="37.65383671" lon="126.96543444"><ele>255.81</ele><time>2026-07-05T02:15:24Z</time></trkpt>
<trkpt lat="37.65390241" lon="126.96546400"><ele>255.25</ele><time>2026-07-05T02:15:35Z</time></trkpt>
<trkpt lat="37.65393021" lon="126.96552237"><ele>258.05</ele><time>2026-07-05T02:15:46Z</time></trkpt>
<trkpt lat="37.65394312" lon="126.96553056"><ele>258.26</ele><time>2026-07-05T02:15:49Z</time></trkpt>
<trkpt lat="37.65394682" lon="126.96556452"><ele>255.13</ele><time>2026-07-05T02:16:05Z</time></trkpt>
<trkpt lat="37.65398374" lon="126.96557787"><ele>257.76</ele><time>2026-07-05T02:16:16Z</time></trkpt>
<trkpt lat="37.65403904" lon="126.96564184"><ele>259.89</ele><time>2026-07-05T02:16:32Z</time></trkpt>
<trkpt lat="37.65400097" lon="126.96567951"><ele>263.93</ele><time>2026-07-05T02:16:41Z</time></trkpt>
<trkpt lat="37.65398597" lon="126.96569302"><ele>264.88</ele><time>2026-07-05T02:16:43Z</time></trkpt>
<trkpt lat="37.65397790" lon="126.96569556"><ele>264.30</ele><time>2026-07-05T02:16:44Z</time></trkpt>
<trkpt lat="37.65396067" lon="126.96570724"><ele>265.37</ele><time>2026-07-05T02:16:48Z</time></trkpt>
<trkpt lat="37.65394431" lon="126.96571608"><ele>268.35</ele><time>2026-07-05T02:16:52Z</time></trkpt>
<trkpt lat="37.65393242" lon="126.96564511"><ele>269.32</ele><time>2026-07-05T02:17:11Z</time></trkpt>
<trkpt lat="37.65394536" lon="126.96564240"><ele>268.90</ele><time>2026-07-05T02:17:58Z</time></trkpt>
<trkpt lat="37.65395692" lon="126.96572096"><ele>270.56</ele><time>2026-07-05T02:18:41Z</time></trkpt>
<trkpt lat="37.65397151" lon="126.96577743"><ele>276.01</ele><time>2026-07-05T02:18:54Z</time></trkpt>
<trkpt lat="37.65397457" lon="126.96579002"><ele>275.80</ele><time>2026-07-05T02:18:55Z</time></trkpt>
<trkpt lat="37.65397612" lon="126.96582966"><ele>276.26</ele><time>2026-07-05T02:18:58Z</time></trkpt>
<trkpt lat="37.65398117" lon="126.96585166"><ele>276.77</ele><time>2026-07-05T02:19:00Z</time></trkpt>
<trkpt lat="37.65398096" lon="126.96603184"><ele>273.62</ele><time>2026-07-05T02:19:18Z</time></trkpt>
<trkpt lat="37.65400900" lon="126.96606103"><ele>275.65</ele><time>2026-07-05T02:19:29Z</time></trkpt>
<trkpt lat="37.65402539" lon="126.96607703"><ele>274.90</ele><time>2026-07-05T02:19:32Z</time></trkpt>
<trkpt lat="37.65403013" lon="126.96612543"><ele>279.66</ele><time>2026-07-05T02:19:41Z</time></trkpt>
<trkpt lat="37.65398937" lon="126.96618625"><ele>281.60</ele><time>2026-07-05T02:19:52Z</time></trkpt>
<trkpt lat="37.65398271" lon="126.96619763"><ele>281.78</ele><time>2026-07-05T02:19:53Z</time></trkpt>
<trkpt lat="37.65393948" lon="126.96619407"><ele>284.60</ele><time>2026-07-05T02:20:13Z</time></trkpt>
<trkpt lat="37.65398242" lon="126.96628288"><ele>283.14</ele><time>2026-07-05T02:20:23Z</time></trkpt>
<trkpt lat="37.65402378" lon="126.96627727"><ele>287.53</ele><time>2026-07-05T02:20:42Z</time></trkpt>
<trkpt lat="37.65401427" lon="126.96626736"><ele>288.80</ele><time>2026-07-05T02:20:56Z</time></trkpt>
<trkpt lat="37.65395687" lon="126.96636808"><ele>290.43</ele><time>2026-07-05T02:21:34Z</time></trkpt>
<trkpt lat="37.65395002" lon="126.96649078"><ele>291.39</ele><time>2026-07-05T02:21:45Z</time></trkpt>
<trkpt lat="37.65395207" lon="126.96649957"><ele>292.10</ele><time>2026-07-05T02:21:46Z</time></trkpt>
<trkpt lat="37.65404916" lon="126.96655967"><ele>290.65</ele><time>2026-07-05T02:21:56Z</time></trkpt>
<trkpt lat="37.65406008" lon="126.96663616"><ele>289.87</ele><time>2026-07-05T02:22:05Z</time></trkpt>
<trkpt lat="37.65409425" lon="126.96669493"><ele>292.92</ele><time>2026-07-05T02:22:16Z</time></trkpt>
<trkpt lat="37.65410194" lon="126.96671124"><ele>293.21</ele><time>2026-07-05T02:22:18Z</time></trkpt>
<trkpt lat="37.65413112" lon="126.96676242"><ele>293.22</ele><time>2026-07-05T02:22:26Z</time></trkpt>
<trkpt lat="37.65413649" lon="126.96677018"><ele>293.42</ele><time>2026-07-05T02:22:27Z</time></trkpt>
<trkpt lat="37.65415472" lon="126.96685706"><ele>294.83</ele><time>2026-07-05T02:22:38Z</time></trkpt>
<trkpt lat="37.65415767" lon="126.96687045"><ele>294.12</ele><time>2026-07-05T02:22:40Z</time></trkpt>
<trkpt lat="37.65420020" lon="126.96688400"><ele>293.35</ele><time>2026-07-05T02:22:57Z</time></trkpt>
<trkpt lat="37.65421639" lon="126.96688670"><ele>293.45</ele><time>2026-07-05T02:22:59Z</time></trkpt>
<trkpt lat="37.65425067" lon="126.96699403"><ele>299.13</ele><time>2026-07-05T02:23:18Z</time></trkpt>
<trkpt lat="37.65425430" lon="126.96705538"><ele>299.71</ele><time>2026-07-05T02:23:27Z</time></trkpt>
<trkpt lat="37.65426074" lon="126.96707046"><ele>300.51</ele><time>2026-07-05T02:23:30Z</time></trkpt>
<trkpt lat="37.65427845" lon="126.96709078"><ele>299.70</ele><time>2026-07-05T02:23:33Z</time></trkpt>
<trkpt lat="37.65428998" lon="126.96710238"><ele>300.24</ele><time>2026-07-05T02:23:34Z</time></trkpt>
<trkpt lat="37.65431366" lon="126.96711133"><ele>300.42</ele><time>2026-07-05T02:23:37Z</time></trkpt>
<trkpt lat="37.65432083" lon="126.96711707"><ele>300.16</ele><time>2026-07-05T02:23:38Z</time></trkpt>
<trkpt lat="37.65437078" lon="126.96719228"><ele>300.57</ele><time>2026-07-05T02:23:49Z</time></trkpt>
<trkpt lat="37.65443291" lon="126.96723005"><ele>301.36</ele><time>2026-07-05T02:23:59Z</time></trkpt>
<trkpt lat="37.65444206" lon="126.96724508"><ele>301.17</ele><time>2026-07-05T02:24:01Z</time></trkpt>
<trkpt lat="37.65444822" lon="126.96725500"><ele>301.47</ele><time>2026-07-05T02:24:02Z</time></trkpt>
<trkpt lat="37.65445444" lon="126.96729470"><ele>300.55</ele><time>2026-07-05T02:24:05Z</time></trkpt>
<trkpt lat="37.65445513" lon="126.96730748"><ele>301.05</ele><time>2026-07-05T02:24:06Z</time></trkpt>
<trkpt lat="37.65441939" lon="126.96739076"><ele>308.93</ele><time>2026-07-05T02:24:16Z</time></trkpt>
<trkpt lat="37.65444860" lon="126.96743460"><ele>308.51</ele><time>2026-07-05T02:24:26Z</time></trkpt>
<trkpt lat="37.65445528" lon="126.96745440"><ele>309.23</ele><time>2026-07-05T02:24:28Z</time></trkpt>
<trkpt lat="37.65445688" lon="126.96746294"><ele>308.46</ele><time>2026-07-05T02:24:29Z</time></trkpt>
<trkpt lat="37.65445910" lon="126.96748811"><ele>309.65</ele><time>2026-07-05T02:24:32Z</time></trkpt>
<trkpt lat="37.65447412" lon="126.96752375"><ele>309.42</ele><time>2026-07-05T02:24:36Z</time></trkpt>
<trkpt lat="37.65450813" lon="126.96756476"><ele>309.62</ele><time>2026-07-05T02:24:41Z</time></trkpt>
<trkpt lat="37.65452256" lon="126.96758472"><ele>309.78</ele><time>2026-07-05T02:24:43Z</time></trkpt>
<trkpt lat="37.65452956" lon="126.96759179"><ele>309.84</ele><time>2026-07-05T02:24:44Z</time></trkpt>
<trkpt lat="37.65455098" lon="126.96768975"><ele>311.58</ele><time>2026-07-05T02:24:55Z</time></trkpt>
<trkpt lat="37.65455249" lon="126.96770572"><ele>311.85</ele><time>2026-07-05T02:24:57Z</time></trkpt>
<trkpt lat="37.65454148" lon="126.96774151"><ele>311.23</ele><time>2026-07-05T02:25:01Z</time></trkpt>
<trkpt lat="37.65455954" lon="126.96781648"><ele>313.79</ele><time>2026-07-05T02:25:10Z</time></trkpt>
<trkpt lat="37.65457836" lon="126.96784740"><ele>314.71</ele><time>2026-07-05T02:25:14Z</time></trkpt>
<trkpt lat="37.65458174" lon="126.96785545"><ele>314.75</ele><time>2026-07-05T02:25:15Z</time></trkpt>
<trkpt lat="37.65463031" lon="126.96796925"><ele>314.33</ele><time>2026-07-05T02:25:33Z</time></trkpt>
<trkpt lat="37.65463058" lon="126.96798303"><ele>315.03</ele><time>2026-07-05T02:25:35Z</time></trkpt>
<trkpt lat="37.65461639" lon="126.96804578"><ele>315.95</ele><time>2026-07-05T02:25:43Z</time></trkpt>
<trkpt lat="37.65461132" lon="126.96805649"><ele>316.02</ele><time>2026-07-05T02:25:44Z</time></trkpt>
<trkpt lat="37.65460103" lon="126.96808029"><ele>317.38</ele><time>2026-07-05T02:25:47Z</time></trkpt>
<trkpt lat="37.65459771" lon="126.96809954"><ele>317.29</ele><time>2026-07-05T02:25:49Z</time></trkpt>
<trkpt lat="37.65459599" lon="126.96810863"><ele>317.34</ele><time>2026-07-05T02:25:50Z</time></trkpt>
<trkpt lat="37.65462874" lon="126.96828833"><ele>319.09</ele><time>2026-07-05T02:26:08Z</time></trkpt>
<trkpt lat="37.65462899" lon="126.96830051"><ele>320.24</ele><time>2026-07-05T02:26:09Z</time></trkpt>
<trkpt lat="37.65457194" lon="126.96836888"><ele>323.59</ele><time>2026-07-05T02:26:19Z</time></trkpt>
<trkpt lat="37.65459037" lon="126.96838554"><ele>325.63</ele><time>2026-07-05T02:26:30Z</time></trkpt>
<trkpt lat="37.65457676" lon="126.96845345"><ele>327.44</ele><time>2026-07-05T02:26:44Z</time></trkpt>
<trkpt lat="37.65457342" lon="126.96846789"><ele>328.31</ele><time>2026-07-05T02:26:46Z</time></trkpt>
<trkpt lat="37.65457021" lon="126.96850456"><ele>330.54</ele><time>2026-07-05T02:26:53Z</time></trkpt>
<trkpt lat="37.65455993" lon="126.96855177"><ele>331.37</ele><time>2026-07-05T02:27:00Z</time></trkpt>
<trkpt lat="37.65455673" lon="126.96859217"><ele>332.66</ele><time>2026-07-05T02:27:07Z</time></trkpt>
<trkpt lat="37.65458130" lon="126.96867163"><ele>334.59</ele><time>2026-07-05T02:27:16Z</time></trkpt>
<trkpt lat="37.65462659" lon="126.96880629"><ele>335.79</ele><time>2026-07-05T02:27:34Z</time></trkpt>
<trkpt lat="37.65464644" lon="126.96889183"><ele>336.15</ele><time>2026-07-05T02:27:43Z</time></trkpt>
<trkpt lat="37.65465484" lon="126.96890759"><ele>336.65</ele><time>2026-07-05T02:27:45Z</time></trkpt>
<trkpt lat="37.65465870" lon="126.96892874"><ele>337.61</ele><time>2026-07-05T02:27:48Z</time></trkpt>
<trkpt lat="37.65465719" lon="126.96894397"><ele>337.39</ele><time>2026-07-05T02:27:49Z</time></trkpt>
<trkpt lat="37.65465976" lon="126.96896415"><ele>337.31</ele><time>2026-07-05T02:27:51Z</time></trkpt>
<trkpt lat="37.65467794" lon="126.96900330"><ele>337.27</ele><time>2026-07-05T02:27:58Z</time></trkpt>
<trkpt lat="37.65468274" lon="126.96902599"><ele>337.66</ele><time>2026-07-05T02:28:02Z</time></trkpt>
<trkpt lat="37.65472397" lon="126.96908985"><ele>336.21</ele><time>2026-07-05T02:28:11Z</time></trkpt>
<trkpt lat="37.65474000" lon="126.96910522"><ele>335.79</ele><time>2026-07-05T02:28:13Z</time></trkpt>
<trkpt lat="37.65477205" lon="126.96916924"><ele>331.83</ele><time>2026-07-05T02:28:23Z</time></trkpt>
<trkpt lat="37.65483745" lon="126.96929228"><ele>332.30</ele><time>2026-07-05T02:28:42Z</time></trkpt>
<trkpt lat="37.65484107" lon="126.96930264"><ele>332.49</ele><time>2026-07-05T02:28:43Z</time></trkpt>
<trkpt lat="37.65484735" lon="126.96931867"><ele>332.89</ele><time>2026-07-05T02:28:45Z</time></trkpt>
<trkpt lat="37.65485177" lon="126.96932690"><ele>332.70</ele><time>2026-07-05T02:28:46Z</time></trkpt>
<trkpt lat="37.65489140" lon="126.96935620"><ele>331.47</ele><time>2026-07-05T02:28:51Z</time></trkpt>
<trkpt lat="37.65492167" lon="126.96939856"><ele>331.87</ele><time>2026-07-05T02:28:55Z</time></trkpt>
<trkpt lat="37.65492700" lon="126.96940743"><ele>331.73</ele><time>2026-07-05T02:28:56Z</time></trkpt>
<trkpt lat="37.65493640" lon="126.96942855"><ele>332.04</ele><time>2026-07-05T02:28:58Z</time></trkpt>
<trkpt lat="37.65494123" lon="126.96943800"><ele>332.52</ele><time>2026-07-05T02:28:59Z</time></trkpt>
<trkpt lat="37.65495343" lon="126.96945516"><ele>333.71</ele><time>2026-07-05T02:29:01Z</time></trkpt>
<trkpt lat="37.65496008" lon="126.96946293"><ele>334.08</ele><time>2026-07-05T02:29:02Z</time></trkpt>
<trkpt lat="37.65497510" lon="126.96948177"><ele>334.76</ele><time>2026-07-05T02:29:04Z</time></trkpt>
<trkpt lat="37.65498089" lon="126.96948803"><ele>334.91</ele><time>2026-07-05T02:29:05Z</time></trkpt>
<trkpt lat="37.65499734" lon="126.96949976"><ele>334.41</ele><time>2026-07-05T02:29:07Z</time></trkpt>
<trkpt lat="37.65500507" lon="126.96950491"><ele>334.25</ele><time>2026-07-05T02:29:08Z</time></trkpt>
<trkpt lat="37.65502040" lon="126.96951506"><ele>333.68</ele><time>2026-07-05T02:29:10Z</time></trkpt>
<trkpt lat="37.65503183" lon="126.96952617"><ele>334.17</ele><time>2026-07-05T02:29:12Z</time></trkpt>
<trkpt lat="37.65504767" lon="126.96953926"><ele>334.45</ele><time>2026-07-05T02:29:14Z</time></trkpt>
<trkpt lat="37.65505598" lon="126.96954642"><ele>334.80</ele><time>2026-07-05T02:29:15Z</time></trkpt>
<trkpt lat="37.65507041" lon="126.96955703"><ele>334.16</ele><time>2026-07-05T02:29:17Z</time></trkpt>
<trkpt lat="37.65508147" lon="126.96957097"><ele>334.01</ele><time>2026-07-05T02:29:19Z</time></trkpt>
<trkpt lat="37.65508811" lon="126.96957850"><ele>334.36</ele><time>2026-07-05T02:29:20Z</time></trkpt>
<trkpt lat="37.65510459" lon="126.96959264"><ele>335.96</ele><time>2026-07-05T02:29:22Z</time></trkpt>
<trkpt lat="37.65511257" lon="126.96959492"><ele>336.04</ele><time>2026-07-05T02:29:23Z</time></trkpt>
<trkpt lat="37.65512917" lon="126.96960901"><ele>336.60</ele><time>2026-07-05T02:29:26Z</time></trkpt>
<trkpt lat="37.65513673" lon="126.96962167"><ele>337.20</ele><time>2026-07-05T02:29:28Z</time></trkpt>
<trkpt lat="37.65515311" lon="126.96964079"><ele>337.02</ele><time>2026-07-05T02:29:32Z</time></trkpt>
<trkpt lat="37.65515907" lon="126.96964547"><ele>336.89</ele><time>2026-07-05T02:29:33Z</time></trkpt>
<trkpt lat="37.65517757" lon="126.96964992"><ele>337.21</ele><time>2026-07-05T02:29:36Z</time></trkpt>
<trkpt lat="37.65518819" lon="126.96965554"><ele>337.47</ele><time>2026-07-05T02:29:39Z</time></trkpt>
<trkpt lat="37.65523608" lon="126.96972166"><ele>341.56</ele><time>2026-07-05T02:29:50Z</time></trkpt>
<trkpt lat="37.65524408" lon="126.96973545"><ele>341.78</ele><time>2026-07-05T02:29:51Z</time></trkpt>
<trkpt lat="37.65517683" lon="126.96981374"><ele>345.35</ele><time>2026-07-05T02:30:10Z</time></trkpt>
<trkpt lat="37.65517404" lon="126.96980602"><ele>344.74</ele><time>2026-07-05T02:32:01Z</time></trkpt>
</trkseg>
<trkseg>
<trkpt lat="37.65518173" lon="126.96980024"><ele>345.13</ele><time>2026-07-05T02:39:20Z</time></trkpt>
<trkpt lat="37.65539019" lon="126.97000219"><ele>350.21</ele><time>2026-07-05T02:39:21Z</time></trkpt>
<trkpt lat="37.65539094" lon="126.96999963"><ele>350.36</ele><time>2026-07-05T02:39:22Z</time></trkpt>
<trkpt lat="37.65540480" lon="126.97001182"><ele>351.04</ele><time>2026-07-05T02:39:24Z</time></trkpt>
<trkpt lat="37.65542309" lon="126.97003799"><ele>350.43</ele><time>2026-07-05T02:39:33Z</time></trkpt>
<trkpt lat="37.65547467" lon="126.97004582"><ele>356.84</ele><time>2026-07-05T02:39:44Z</time></trkpt>
<trkpt lat="37.65552517" lon="126.97015843"><ele>359.69</ele><time>2026-07-05T02:40:01Z</time></trkpt>
<trkpt lat="37.65554467" lon="126.97022703"><ele>360.64</ele><time>2026-07-05T02:40:12Z</time></trkpt>
<trkpt lat="37.65558126" lon="126.97028471"><ele>365.47</ele><time>2026-07-05T02:40:21Z</time></trkpt>
<trkpt lat="37.65563031" lon="126.97027736"><ele>366.52</ele><time>2026-07-05T02:40:35Z</time></trkpt>
<trkpt lat="37.65564644" lon="126.97026382"><ele>366.67</ele><time>2026-07-05T02:40:37Z</time></trkpt>
<trkpt lat="37.65565747" lon="126.97024685"><ele>367.83</ele><time>2026-07-05T02:40:42Z</time></trkpt>
<trkpt lat="37.65568206" lon="126.97023061"><ele>369.49</ele><time>2026-07-05T02:40:48Z</time></trkpt>
<trkpt lat="37.65568845" lon="126.97022597"><ele>370.43</ele><time>2026-07-05T02:40:49Z</time></trkpt>
<trkpt lat="37.65569440" lon="126.97014715"><ele>367.94</ele><time>2026-07-05T02:40:59Z</time></trkpt>
<trkpt lat="37.65569782" lon="126.97012631"><ele>367.34</ele><time>2026-07-05T02:41:01Z</time></trkpt>
<trkpt lat="37.65570160" lon="126.97011507"><ele>366.22</ele><time>2026-07-05T02:41:02Z</time></trkpt>
<trkpt lat="37.65570559" lon="126.97009474"><ele>365.72</ele><time>2026-07-05T02:41:04Z</time></trkpt>
<trkpt lat="37.65571646" lon="126.97005653"><ele>365.96</ele><time>2026-07-05T02:41:08Z</time></trkpt>
<trkpt lat="37.65572817" lon="126.97003248"><ele>367.13</ele><time>2026-07-05T02:41:11Z</time></trkpt>
<trkpt lat="37.65573830" lon="126.97001288"><ele>367.63</ele><time>2026-07-05T02:41:13Z</time></trkpt>
<trkpt lat="37.65575179" lon="126.96999476"><ele>369.12</ele><time>2026-07-05T02:41:16Z</time></trkpt>
<trkpt lat="37.65575588" lon="126.96990585"><ele>371.25</ele><time>2026-07-05T02:41:26Z</time></trkpt>
<trkpt lat="37.65581133" lon="126.96985340"><ele>373.44</ele><time>2026-07-05T02:41:37Z</time></trkpt>
<trkpt lat="37.65582248" lon="126.96984427"><ele>372.70</ele><time>2026-07-05T02:41:39Z</time></trkpt>
<trkpt lat="37.65582970" lon="126.96983775"><ele>372.97</ele><time>2026-07-05T02:41:41Z</time></trkpt>
<trkpt lat="37.65584093" lon="126.96982825"><ele>372.89</ele><time>2026-07-05T02:41:43Z</time></trkpt>
<trkpt lat="37.65586008" lon="126.96982401"><ele>373.35</ele><time>2026-07-05T02:41:46Z</time></trkpt>
<trkpt lat="37.65586710" lon="126.96982279"><ele>373.59</ele><time>2026-07-05T02:41:47Z</time></trkpt>
<trkpt lat="37.65595851" lon="126.96981859"><ele>376.90</ele><time>2026-07-05T02:42:06Z</time></trkpt>
<trkpt lat="37.65598363" lon="126.96977932"><ele>378.51</ele><time>2026-07-05T02:42:11Z</time></trkpt>
<trkpt lat="37.65599115" lon="126.96977284"><ele>378.60</ele><time>2026-07-05T02:42:12Z</time></trkpt>
<trkpt lat="37.65600169" lon="126.96975889"><ele>379.64</ele><time>2026-07-05T02:42:14Z</time></trkpt>
<trkpt lat="37.65601413" lon="126.96974323"><ele>378.79</ele><time>2026-07-05T02:42:16Z</time></trkpt>
<trkpt lat="37.65601916" lon="126.96973392"><ele>378.71</ele><time>2026-07-05T02:42:17Z</time></trkpt>
<trkpt lat="37.65603067" lon="126.96971566"><ele>378.86</ele><time>2026-07-05T02:42:19Z</time></trkpt>
<trkpt lat="37.65610789" lon="126.96972151"><ele>381.40</ele><time>2026-07-05T02:42:29Z</time></trkpt>
<trkpt lat="37.65611436" lon="126.96972140"><ele>382.04</ele><time>2026-07-05T02:42:30Z</time></trkpt>
<trkpt lat="37.65613356" lon="126.96971691"><ele>381.31</ele><time>2026-07-05T02:42:33Z</time></trkpt>
<trkpt lat="37.65604663" lon="126.96971877"><ele>384.21</ele><time>2026-07-05T02:42:52Z</time></trkpt>
<trkpt lat="37.65598520" lon="126.96972991"><ele>384.19</ele><time>2026-07-05T02:42:59Z</time></trkpt>
<trkpt lat="37.65593746" lon="126.96981242"><ele>386.11</ele><time>2026-07-05T02:43:09Z</time></trkpt>
<trkpt lat="37.65593151" lon="126.96981771"><ele>386.59</ele><time>2026-07-05T02:43:10Z</time></trkpt>
<trkpt lat="37.65592165" lon="126.96983136"><ele>385.60</ele><time>2026-07-05T02:43:12Z</time></trkpt>
<trkpt lat="37.65590958" lon="126.96984769"><ele>385.99</ele><time>2026-07-05T02:43:14Z</time></trkpt>
<trkpt lat="37.65590277" lon="126.96986157"><ele>384.90</ele><time>2026-07-05T02:43:16Z</time></trkpt>
<trkpt lat="37.65585028" lon="126.96982600"><ele>379.15</ele><time>2026-07-05T02:43:29Z</time></trkpt>
<trkpt lat="37.65577400" lon="126.96989672"><ele>378.37</ele><time>2026-07-05T02:43:40Z</time></trkpt>
<trkpt lat="37.65575822" lon="126.96991985"><ele>377.79</ele><time>2026-07-05T02:43:43Z</time></trkpt>
<trkpt lat="37.65573359" lon="126.96993847"><ele>378.67</ele><time>2026-07-05T02:43:46Z</time></trkpt>
<trkpt lat="37.65571414" lon="126.96994966"><ele>376.98</ele><time>2026-07-05T02:43:48Z</time></trkpt>
<trkpt lat="37.65570698" lon="126.96995815"><ele>376.84</ele><time>2026-07-05T02:43:49Z</time></trkpt>
<trkpt lat="37.65570345" lon="126.97005838"><ele>373.34</ele><time>2026-07-05T02:43:59Z</time></trkpt>
<trkpt lat="37.65567572" lon="126.97019218"><ele>371.87</ele><time>2026-07-05T02:44:13Z</time></trkpt>
<trkpt lat="37.65567285" lon="126.97020511"><ele>371.69</ele><time>2026-07-05T02:44:14Z</time></trkpt>
<trkpt lat="37.65567567" lon="126.97023301"><ele>370.95</ele><time>2026-07-05T02:44:17Z</time></trkpt>
<trkpt lat="37.65564611" lon="126.97032206"><ele>369.65</ele><time>2026-07-05T02:44:27Z</time></trkpt>
<trkpt lat="37.65564389" lon="126.97033319"><ele>370.76</ele><time>2026-07-05T02:44:28Z</time></trkpt>
<trkpt lat="37.65564393" lon="126.97035544"><ele>371.05</ele><time>2026-07-05T02:44:30Z</time></trkpt>
<trkpt lat="37.65564301" lon="126.97037944"><ele>371.17</ele><time>2026-07-05T02:44:32Z</time></trkpt>
<trkpt lat="37.65564645" lon="126.97039131"><ele>371.75</ele><time>2026-07-05T02:44:33Z</time></trkpt>
<trkpt lat="37.65565137" lon="126.97041349"><ele>371.58</ele><time>2026-07-05T02:44:35Z</time></trkpt>
<trkpt lat="37.65565333" lon="126.97043646"><ele>372.67</ele><time>2026-07-05T02:44:37Z</time></trkpt>
<trkpt lat="37.65562276" lon="126.97052786"><ele>371.98</ele><time>2026-07-05T02:44:46Z</time></trkpt>
<trkpt lat="37.65561136" lon="126.97054790"><ele>371.86</ele><time>2026-07-05T02:44:48Z</time></trkpt>
<trkpt lat="37.65560736" lon="126.97055923"><ele>371.91</ele><time>2026-07-05T02:44:49Z</time></trkpt>
<trkpt lat="37.65560110" lon="126.97058339"><ele>372.29</ele><time>2026-07-05T02:44:51Z</time></trkpt>
<trkpt lat="37.65558680" lon="126.97059884"><ele>373.31</ele><time>2026-07-05T02:44:53Z</time></trkpt>
<trkpt lat="37.65557702" lon="126.97060496"><ele>372.74</ele><time>2026-07-05T02:44:54Z</time></trkpt>
<trkpt lat="37.65556165" lon="126.97061521"><ele>373.09</ele><time>2026-07-05T02:44:56Z</time></trkpt>
<trkpt lat="37.65552993" lon="126.97071179"><ele>372.28</ele><time>2026-07-05T02:45:06Z</time></trkpt>
<trkpt lat="37.65552566" lon="126.97072306"><ele>372.58</ele><time>2026-07-05T02:45:07Z</time></trkpt>
<trkpt lat="37.65554528" lon="126.97083139"><ele>370.74</ele><time>2026-07-05T02:45:18Z</time></trkpt>
<trkpt lat="37.65555040" lon="126.97086022"><ele>370.40</ele><time>2026-07-05T02:45:21Z</time></trkpt>
<trkpt lat="37.65555280" lon="126.97087082"><ele>370.45</ele><time>2026-07-05T02:45:22Z</time></trkpt>
<trkpt lat="37.65556526" lon="126.97090796"><ele>372.42</ele><time>2026-07-05T02:45:28Z</time></trkpt>
<trkpt lat="37.65557674" lon="126.97092202"><ele>373.60</ele><time>2026-07-05T02:45:30Z</time></trkpt>
<trkpt lat="37.65559401" lon="126.97095151"><ele>373.96</ele><time>2026-07-05T02:45:37Z</time></trkpt>
<trkpt lat="37.65559769" lon="126.97104568"><ele>376.24</ele><time>2026-07-05T02:45:51Z</time></trkpt>
<trkpt lat="37.65558843" lon="126.97107736"><ele>375.72</ele><time>2026-07-05T02:45:55Z</time></trkpt>
<trkpt lat="37.65558459" lon="126.97108632"><ele>375.22</ele><time>2026-07-05T02:45:56Z</time></trkpt>
<trkpt lat="37.65557578" lon="126.97110515"><ele>376.30</ele><time>2026-07-05T02:45:59Z</time></trkpt>
<trkpt lat="37.65555716" lon="126.97117931"><ele>379.39</ele><time>2026-07-05T02:46:10Z</time></trkpt>
<trkpt lat="37.65555555" lon="126.97118768"><ele>380.08</ele><time>2026-07-05T02:46:11Z</time></trkpt>
<trkpt lat="37.65556987" lon="126.97127862"><ele>381.60</ele><time>2026-07-05T02:46:23Z</time></trkpt>
<trkpt lat="37.65556087" lon="126.97131506"><ele>384.10</ele><time>2026-07-05T02:46:28Z</time></trkpt>
<trkpt lat="37.65556549" lon="126.97139591"><ele>384.03</ele><time>2026-07-05T02:46:37Z</time></trkpt>
<trkpt lat="37.65559023" lon="126.97144503"><ele>384.93</ele><time>2026-07-05T02:46:47Z</time></trkpt>
<trkpt lat="37.65560304" lon="126.97148679"><ele>386.55</ele><time>2026-07-05T02:46:53Z</time></trkpt>
<trkpt lat="37.65560769" lon="126.97151430"><ele>388.76</ele><time>2026-07-05T02:46:57Z</time></trkpt>
<trkpt lat="37.65561001" lon="126.97153502"><ele>389.53</ele><time>2026-07-05T02:47:00Z</time></trkpt>
<trkpt lat="37.65559312" lon="126.97155326"><ele>392.30</ele><time>2026-07-05T02:47:10Z</time></trkpt>
<trkpt lat="37.65556509" lon="126.97154157"><ele>392.55</ele><time>2026-07-05T02:47:25Z</time></trkpt>
<trkpt lat="37.65564210" lon="126.97158357"><ele>391.62</ele><time>2026-07-05T02:47:49Z</time></trkpt>
<trkpt lat="37.65561968" lon="126.97168464"><ele>392.31</ele><time>2026-07-05T02:47:59Z</time></trkpt>
<trkpt lat="37.65561719" lon="126.97180313"><ele>392.77</ele><time>2026-07-05T02:48:12Z</time></trkpt>
<trkpt lat="37.65564240" lon="126.97189477"><ele>394.44</ele><time>2026-07-05T02:48:27Z</time></trkpt>
<trkpt lat="37.65564967" lon="126.97190395"><ele>394.02</ele><time>2026-07-05T02:48:28Z</time></trkpt>
<trkpt lat="37.65566365" lon="126.97191003"><ele>394.74</ele><time>2026-07-05T02:48:30Z</time></trkpt>
<trkpt lat="37.65569095" lon="126.97197604"><ele>395.32</ele><time>2026-07-05T02:48:40Z</time></trkpt>
<trkpt lat="37.65569356" lon="126.97198508"><ele>395.31</ele><time>2026-07-05T02:48:41Z</time></trkpt>
<trkpt lat="37.65568566" lon="126.97207562"><ele>396.25</ele><time>2026-07-05T02:49:01Z</time></trkpt>
<trkpt lat="37.65572972" lon="126.97212938"><ele>398.92</ele><time>2026-07-05T02:49:20Z</time></trkpt>
<trkpt lat="37.65574498" lon="126.97213969"><ele>399.08</ele><time>2026-07-05T02:49:24Z</time></trkpt>
<trkpt lat="37.65571523" lon="126.97222148"><ele>404.73</ele><time>2026-07-05T02:49:43Z</time></trkpt>
<trkpt lat="37.65572398" lon="126.97233433"><ele>405.26</ele><time>2026-07-05T02:49:54Z</time></trkpt>
<trkpt lat="37.65572656" lon="126.97234600"><ele>405.82</ele><time>2026-07-05T02:49:55Z</time></trkpt>
<trkpt lat="37.65572764" lon="126.97236942"><ele>404.42</ele><time>2026-07-05T02:49:57Z</time></trkpt>
<trkpt lat="37.65572167" lon="126.97248086"><ele>406.28</ele><time>2026-07-05T02:50:10Z</time></trkpt>
<trkpt lat="37.65575529" lon="126.97253335"><ele>409.94</ele><time>2026-07-05T02:50:19Z</time></trkpt>
<trkpt lat="37.65581102" lon="126.97257790"><ele>412.43</ele><time>2026-07-05T02:50:32Z</time></trkpt>
<trkpt lat="37.65585306" lon="126.97263579"><ele>414.64</ele><time>2026-07-05T02:50:43Z</time></trkpt>
<trkpt lat="37.65586140" lon="126.97264205"><ele>415.87</ele><time>2026-07-05T02:50:45Z</time></trkpt>
<trkpt lat="37.65590933" lon="126.97270730"><ele>415.37</ele><time>2026-07-05T02:51:07Z</time></trkpt>
<trkpt lat="37.65591085" lon="126.97271650"><ele>415.40</ele><time>2026-07-05T02:51:08Z</time></trkpt>
<trkpt lat="37.65591245" lon="126.97273603"><ele>415.23</ele><time>2026-07-05T02:51:10Z</time></trkpt>
<trkpt lat="37.65598790" lon="126.97278654"><ele>418.86</ele><time>2026-07-05T02:51:27Z</time></trkpt>
<trkpt lat="37.65602044" lon="126.97282900"><ele>420.37</ele><time>2026-07-05T02:51:36Z</time></trkpt>
<trkpt lat="37.65603389" lon="126.97285271"><ele>420.96</ele><time>2026-07-05T02:51:39Z</time></trkpt>
<trkpt lat="37.65608191" lon="126.97289681"><ele>424.89</ele><time>2026-07-05T02:51:50Z</time></trkpt>
<trkpt lat="37.65610105" lon="126.97296023"><ele>428.76</ele><time>2026-07-05T02:52:00Z</time></trkpt>
<trkpt lat="37.65611363" lon="126.97297954"><ele>429.05</ele><time>2026-07-05T02:52:03Z</time></trkpt>
<trkpt lat="37.65614062" lon="126.97303302"><ele>433.28</ele><time>2026-07-05T02:52:15Z</time></trkpt>
<trkpt lat="37.65614559" lon="126.97303895"><ele>433.60</ele><time>2026-07-05T02:52:16Z</time></trkpt>
<trkpt lat="37.65616002" lon="126.97313850"><ele>434.06</ele><time>2026-07-05T02:52:35Z</time></trkpt>
<trkpt lat="37.65605238" lon="126.97312875"><ele>441.99</ele><time>2026-07-05T02:52:51Z</time></trkpt>
<trkpt lat="37.65603819" lon="126.97311555"><ele>443.63</ele><time>2026-07-05T02:52:53Z</time></trkpt>
<trkpt lat="37.65602288" lon="126.97311067"><ele>445.34</ele><time>2026-07-05T02:52:55Z</time></trkpt>
<trkpt lat="37.65600862" lon="126.97311409"><ele>446.27</ele><time>2026-07-05T02:52:57Z</time></trkpt>
<trkpt lat="37.65600119" lon="126.97311651"><ele>447.64</ele><time>2026-07-05T02:52:59Z</time></trkpt>
<trkpt lat="37.65598921" lon="126.97310975"><ele>446.65</ele><time>2026-07-05T02:53:10Z</time></trkpt>
<trkpt lat="37.65602766" lon="126.97313680"><ele>447.06</ele><time>2026-07-05T02:53:23Z</time></trkpt>
<trkpt lat="37.65603341" lon="126.97314389"><ele>447.46</ele><time>2026-07-05T02:53:25Z</time></trkpt>
<trkpt lat="37.65602302" lon="126.97319747"><ele>452.17</ele><time>2026-07-05T02:53:41Z</time></trkpt>
<trkpt lat="37.65600134" lon="126.97329469"><ele>457.66</ele><time>2026-07-05T02:54:01Z</time></trkpt>
<trkpt lat="37.65594409" lon="126.97328897"><ele>464.54</ele><time>2026-07-05T02:54:11Z</time></trkpt>
<trkpt lat="37.65593885" lon="126.97336170"><ele>465.44</ele><time>2026-07-05T02:54:30Z</time></trkpt>
<trkpt lat="37.65594046" lon="126.97339476"><ele>465.89</ele><time>2026-07-05T02:54:33Z</time></trkpt>
<trkpt lat="37.65593944" lon="126.97340312"><ele>466.61</ele><time>2026-07-05T02:54:34Z</time></trkpt>
<trkpt lat="37.65592200" lon="126.97345743"><ele>465.52</ele><time>2026-07-05T02:54:40Z</time></trkpt>
<trkpt lat="37.65596264" lon="126.97355630"><ele>464.65</ele><time>2026-07-05T02:54:49Z</time></trkpt>
<trkpt lat="37.65598297" lon="126.97364394"><ele>465.19</ele><time>2026-07-05T02:54:58Z</time></trkpt>
<trkpt lat="37.65599477" lon="126.97368210"><ele>465.06</ele><time>2026-07-05T02:55:01Z</time></trkpt>
<trkpt lat="37.65596903" lon="126.97378207"><ele>469.16</ele><time>2026-07-05T02:55:10Z</time></trkpt>
<trkpt lat="37.65596199" lon="126.97380524"><ele>467.55</ele><time>2026-07-05T02:55:12Z</time></trkpt>
<trkpt lat="37.65595385" lon="126.97382469"><ele>467.57</ele><time>2026-07-05T02:55:14Z</time></trkpt>
<trkpt lat="37.65594740" lon="126.97383161"><ele>467.46</ele><time>2026-07-05T02:55:15Z</time></trkpt>
<trkpt lat="37.65589117" lon="126.97378752"><ele>468.66</ele><time>2026-07-05T02:55:41Z</time></trkpt>
<trkpt lat="37.65589138" lon="126.97377603"><ele>467.57</ele><time>2026-07-05T02:55:58Z</time></trkpt>
<trkpt lat="37.65589100" lon="126.97376596"><ele>468.01</ele><time>2026-07-05T02:56:05Z</time></trkpt>
</trkseg>
<trkseg>
<trkpt lat="37.65588277" lon="126.97376507"><ele>469.50</ele><time>2026-07-05T03:33:34Z</time></trkpt>
<trkpt lat="37.65600893" lon="126.97405553"><ele>468.58</ele><time>2026-07-05T03:33:34Z</time></trkpt>
<trkpt lat="37.65600802" lon="126.97406500"><ele>469.76</ele><time>2026-07-05T03:33:36Z</time></trkpt>
<trkpt lat="37.65601112" lon="126.97406934"><ele>470.10</ele><time>2026-07-05T03:33:37Z</time></trkpt>
<trkpt lat="37.65601908" lon="126.97407710"><ele>470.31</ele><time>2026-07-05T03:33:39Z</time></trkpt>
<trkpt lat="37.65601071" lon="126.97414227"><ele>469.96</ele><time>2026-07-05T03:33:51Z</time></trkpt>
<trkpt lat="37.65601930" lon="126.97420216"><ele>471.73</ele><time>2026-07-05T03:34:03Z</time></trkpt>
<trkpt lat="37.65602747" lon="126.97429773"><ele>474.61</ele><time>2026-07-05T03:34:22Z</time></trkpt>
<trkpt lat="37.65602813" lon="126.97433109"><ele>475.79</ele><time>2026-07-05T03:34:28Z</time></trkpt>
<trkpt lat="37.65601393" lon="126.97438192"><ele>476.63</ele><time>2026-07-05T03:34:43Z</time></trkpt>
<trkpt lat="37.65604658" lon="126.97443660"><ele>479.60</ele><time>2026-07-05T03:34:57Z</time></trkpt>
<trkpt lat="37.65605064" lon="126.97444439"><ele>479.93</ele><time>2026-07-05T03:34:58Z</time></trkpt>
<trkpt lat="37.65603054" lon="126.97458681"><ele>482.02</ele><time>2026-07-05T03:35:16Z</time></trkpt>
<trkpt lat="37.65602743" lon="126.97459537"><ele>482.60</ele><time>2026-07-05T03:35:17Z</time></trkpt>
<trkpt lat="37.65602549" lon="126.97460523"><ele>482.20</ele><time>2026-07-05T03:35:19Z</time></trkpt>
<trkpt lat="37.65604663" lon="126.97468078"><ele>484.21</ele><time>2026-07-05T03:35:56Z</time></trkpt>
<trkpt lat="37.65604720" lon="126.97469044"><ele>485.21</ele><time>2026-07-05T03:35:57Z</time></trkpt>
<trkpt lat="37.65604948" lon="126.97471472"><ele>485.04</ele><time>2026-07-05T03:36:00Z</time></trkpt>
<trkpt lat="37.65605112" lon="126.97472847"><ele>483.27</ele><time>2026-07-05T03:36:02Z</time></trkpt>
<trkpt lat="37.65604929" lon="126.97474112"><ele>483.50</ele><time>2026-07-05T03:36:03Z</time></trkpt>
<trkpt lat="37.65602583" lon="126.97485627"><ele>483.98</ele><time>2026-07-05T03:36:21Z</time></trkpt>
<trkpt lat="37.65603850" lon="126.97492071"><ele>482.56</ele><time>2026-07-05T03:36:29Z</time></trkpt>
<trkpt lat="37.65603572" lon="126.97496791"><ele>482.24</ele><time>2026-07-05T03:36:35Z</time></trkpt>
<trkpt lat="37.65603454" lon="126.97497722"><ele>482.48</ele><time>2026-07-05T03:36:36Z</time></trkpt>
<trkpt lat="37.65603390" lon="126.97498739"><ele>482.34</ele><time>2026-07-05T03:36:37Z</time></trkpt>
<trkpt lat="37.65604240" lon="126.97503562"><ele>484.26</ele><time>2026-07-05T03:36:46Z</time></trkpt>
<trkpt lat="37.65605496" lon="126.97506155"><ele>489.99</ele><time>2026-07-05T03:36:55Z</time></trkpt>
<trkpt lat="37.65604144" lon="126.97510091"><ele>491.04</ele><time>2026-07-05T03:37:09Z</time></trkpt>
<trkpt lat="37.65603165" lon="126.97513171"><ele>492.36</ele><time>2026-07-05T03:37:15Z</time></trkpt>
<trkpt lat="37.65608785" lon="126.97515532"><ele>494.63</ele><time>2026-07-05T03:37:24Z</time></trkpt>
<trkpt lat="37.65606075" lon="126.97519506"><ele>501.45</ele><time>2026-07-05T03:37:43Z</time></trkpt>
<trkpt lat="37.65604330" lon="126.97518812"><ele>508.73</ele><time>2026-07-05T03:37:47Z</time></trkpt>
<trkpt lat="37.65613303" lon="126.97535458"><ele>516.19</ele><time>2026-07-05T03:38:08Z</time></trkpt>
<trkpt lat="37.65621996" lon="126.97538973"><ele>515.13</ele><time>2026-07-05T03:38:13Z</time></trkpt>
<trkpt lat="37.65624272" lon="126.97545953"><ele>514.77</ele><time>2026-07-05T03:38:22Z</time></trkpt>
<trkpt lat="37.65624826" lon="126.97554978"><ele>521.23</ele><time>2026-07-05T03:38:37Z</time></trkpt>
<trkpt lat="37.65624137" lon="126.97556910"><ele>520.29</ele><time>2026-07-05T03:38:44Z</time></trkpt>
<trkpt lat="37.65627721" lon="126.97562221"><ele>520.63</ele><time>2026-07-05T03:38:54Z</time></trkpt>
<trkpt lat="37.65628484" lon="126.97562247"><ele>521.42</ele><time>2026-07-05T03:39:10Z</time></trkpt>
<trkpt lat="37.65629210" lon="126.97562124"><ele>521.99</ele><time>2026-07-05T03:40:28Z</time></trkpt>
<trkpt lat="37.65637093" lon="126.97563015"><ele>523.80</ele><time>2026-07-05T03:41:51Z</time></trkpt>
<trkpt lat="37.65637963" lon="126.97563604"><ele>524.67</ele><time>2026-07-05T03:42:01Z</time></trkpt>
<trkpt lat="37.65638770" lon="126.97564326"><ele>524.30</ele><time>2026-07-05T03:42:09Z</time></trkpt>
<trkpt lat="37.65644590" lon="126.97570207"><ele>526.93</ele><time>2026-07-05T03:42:25Z</time></trkpt>
<trkpt lat="37.65646050" lon="126.97572157"><ele>527.82</ele><time>2026-07-05T03:42:30Z</time></trkpt>
<trkpt lat="37.65651843" lon="126.97572123"><ele>531.88</ele><time>2026-07-05T03:42:50Z</time></trkpt>
<trkpt lat="37.65650162" lon="126.97572319"><ele>532.47</ele><time>2026-07-05T03:42:59Z</time></trkpt>
<trkpt lat="37.65652579" lon="126.97575659"><ele>530.31</ele><time>2026-07-05T03:43:20Z</time></trkpt>
<trkpt lat="37.65654825" lon="126.97576343"><ele>529.57</ele><time>2026-07-05T03:43:30Z</time></trkpt>
<trkpt lat="37.65657900" lon="126.97581420"><ele>534.22</ele><time>2026-07-05T03:43:41Z</time></trkpt>
<trkpt lat="37.65663319" lon="126.97590676"><ele>527.97</ele><time>2026-07-05T03:44:01Z</time></trkpt>
<trkpt lat="37.65664115" lon="126.97591396"><ele>528.30</ele><time>2026-07-05T03:44:02Z</time></trkpt>
<trkpt lat="37.65665347" lon="126.97592584"><ele>529.77</ele><time>2026-07-05T03:44:05Z</time></trkpt>
<trkpt lat="37.65664193" lon="126.97597544"><ele>530.66</ele><time>2026-07-05T03:44:24Z</time></trkpt>
<trkpt lat="37.65666718" lon="126.97594131"><ele>534.07</ele><time>2026-07-05T03:44:34Z</time></trkpt>
<trkpt lat="37.65668560" lon="126.97590627"><ele>538.53</ele><time>2026-07-05T03:44:40Z</time></trkpt>
<trkpt lat="37.65669184" lon="126.97589789"><ele>539.04</ele><time>2026-07-05T03:44:41Z</time></trkpt>
<trkpt lat="37.65671275" lon="126.97588439"><ele>538.92</ele><time>2026-07-05T03:44:45Z</time></trkpt>
<trkpt lat="37.65676788" lon="126.97590483"><ele>541.29</ele><time>2026-07-05T03:45:05Z</time></trkpt>
<trkpt lat="37.65677724" lon="126.97590963"><ele>540.59</ele><time>2026-07-05T03:45:08Z</time></trkpt>
<trkpt lat="37.65681379" lon="126.97590623"><ele>544.17</ele><time>2026-07-05T03:46:02Z</time></trkpt>
<trkpt lat="37.65686336" lon="126.97597688"><ele>545.45</ele><time>2026-07-05T03:46:11Z</time></trkpt>
<trkpt lat="37.65690770" lon="126.97599703"><ele>549.41</ele><time>2026-07-05T03:46:20Z</time></trkpt>
<trkpt lat="37.65696275" lon="126.97602764"><ele>551.23</ele><time>2026-07-05T03:46:26Z</time></trkpt>
<trkpt lat="37.65696935" lon="126.97603164"><ele>551.11</ele><time>2026-07-05T03:46:27Z</time></trkpt>
<trkpt lat="37.65697497" lon="126.97603677"><ele>552.56</ele><time>2026-07-05T03:46:29Z</time></trkpt>
<trkpt lat="37.65698264" lon="126.97605402"><ele>551.47</ele><time>2026-07-05T03:46:31Z</time></trkpt>
<trkpt lat="37.65696476" lon="126.97616038"><ele>555.12</ele><time>2026-07-05T03:46:40Z</time></trkpt>
<trkpt lat="37.65691665" lon="126.97623244"><ele>550.89</ele><time>2026-07-05T03:46:50Z</time></trkpt>
<trkpt lat="37.65691163" lon="126.97623912"><ele>550.97</ele><time>2026-07-05T03:46:51Z</time></trkpt>
<trkpt lat="37.65690393" lon="126.97624832"><ele>552.31</ele><time>2026-07-05T03:46:52Z</time></trkpt>
<trkpt lat="37.65688241" lon="126.97626174"><ele>553.05</ele><time>2026-07-05T03:46:54Z</time></trkpt>
<trkpt lat="37.65682619" lon="126.97627315"><ele>555.11</ele><time>2026-07-05T03:47:00Z</time></trkpt>
<trkpt lat="37.65681173" lon="126.97638646"><ele>553.02</ele><time>2026-07-05T03:47:12Z</time></trkpt>
<trkpt lat="37.65681122" lon="126.97639700"><ele>553.28</ele><time>2026-07-05T03:47:13Z</time></trkpt>
<trkpt lat="37.65680832" lon="126.97640739"><ele>553.46</ele><time>2026-07-05T03:47:14Z</time></trkpt>
<trkpt lat="37.65680750" lon="126.97642958"><ele>554.43</ele><time>2026-07-05T03:47:19Z</time></trkpt>
<trkpt lat="37.65680637" lon="126.97644102"><ele>555.04</ele><time>2026-07-05T03:47:20Z</time></trkpt>
<trkpt lat="37.65677996" lon="126.97651197"><ele>558.96</ele><time>2026-07-05T03:47:28Z</time></trkpt>
<trkpt lat="37.65677417" lon="126.97652076"><ele>561.60</ele><time>2026-07-05T03:47:30Z</time></trkpt>
<trkpt lat="37.65676824" lon="126.97653588"><ele>561.69</ele><time>2026-07-05T03:47:32Z</time></trkpt>
<trkpt lat="37.65673526" lon="126.97663160"><ele>564.43</ele><time>2026-07-05T03:47:46Z</time></trkpt>
<trkpt lat="37.65673326" lon="126.97663982"><ele>564.53</ele><time>2026-07-05T03:47:47Z</time></trkpt>
<trkpt lat="37.65672642" lon="126.97666144"><ele>565.21</ele><time>2026-07-05T03:47:50Z</time></trkpt>
<trkpt lat="37.65672468" lon="126.97667347"><ele>565.29</ele><time>2026-07-05T03:47:51Z</time></trkpt>
<trkpt lat="37.65672062" lon="126.97668462"><ele>565.44</ele><time>2026-07-05T03:47:53Z</time></trkpt>
<trkpt lat="37.65670937" lon="126.97669927"><ele>565.92</ele><time>2026-07-05T03:48:08Z</time></trkpt>
<trkpt lat="37.65669423" lon="126.97673167"><ele>565.46</ele><time>2026-07-05T03:48:26Z</time></trkpt>
<trkpt lat="37.65668751" lon="126.97676017"><ele>565.21</ele><time>2026-07-05T03:48:27Z</time></trkpt>
<trkpt lat="37.65671348" lon="126.97685298"><ele>563.81</ele><time>2026-07-05T03:48:39Z</time></trkpt>
<trkpt lat="37.65664994" lon="126.97684951"><ele>569.21</ele><time>2026-07-05T03:48:48Z</time></trkpt>
<trkpt lat="37.65668334" lon="126.97694017"><ele>569.88</ele><time>2026-07-05T03:48:58Z</time></trkpt>
<trkpt lat="37.65674107" lon="126.97697470"><ele>571.11</ele><time>2026-07-05T03:49:09Z</time></trkpt>
<trkpt lat="37.65673131" lon="126.97700364"><ele>573.45</ele><time>2026-07-05T03:49:18Z</time></trkpt>
<trkpt lat="37.65679376" lon="126.97704803"><ele>576.39</ele><time>2026-07-05T03:49:41Z</time></trkpt>
<trkpt lat="37.65679038" lon="126.97711149"><ele>579.37</ele><time>2026-07-05T03:49:51Z</time></trkpt>
<trkpt lat="37.65676116" lon="126.97711775"><ele>583.98</ele><time>2026-07-05T03:50:13Z</time></trkpt>
<trkpt lat="37.65674802" lon="126.97720135"><ele>585.30</ele><time>2026-07-05T03:50:33Z</time></trkpt>
<trkpt lat="37.65673555" lon="126.97722092"><ele>584.65</ele><time>2026-07-05T03:50:42Z</time></trkpt>
<trkpt lat="37.65678043" lon="126.97731546"><ele>587.71</ele><time>2026-07-05T03:51:05Z</time></trkpt>
<trkpt lat="37.65681753" lon="126.97728766"><ele>591.83</ele><time>2026-07-05T03:51:15Z</time></trkpt>
<trkpt lat="37.65683526" lon="126.97730424"><ele>592.26</ele><time>2026-07-05T03:51:31Z</time></trkpt>
<trkpt lat="37.65682442" lon="126.97727787"><ele>595.04</ele><time>2026-07-05T03:51:40Z</time></trkpt>
<trkpt lat="37.65683449" lon="126.97734018"><ele>595.94</ele><time>2026-07-05T03:51:58Z</time></trkpt>
<trkpt lat="37.65681291" lon="126.97738569"><ele>598.22</ele><time>2026-07-05T03:52:11Z</time></trkpt>
<trkpt lat="37.65683217" lon="126.97744822"><ele>603.19</ele><time>2026-07-05T03:52:40Z</time></trkpt>
<trkpt lat="37.65684169" lon="126.97747325"><ele>603.99</ele><time>2026-07-05T03:52:45Z</time></trkpt>
<trkpt lat="37.65684517" lon="126.97748052"><ele>604.18</ele><time>2026-07-05T03:52:46Z</time></trkpt>
<trkpt lat="37.65684892" lon="126.97749095"><ele>603.69</ele><time>2026-07-05T03:52:48Z</time></trkpt>
<trkpt lat="37.65685673" lon="126.97751012"><ele>603.69</ele><time>2026-07-05T03:52:50Z</time></trkpt>
<trkpt lat="37.65689740" lon="126.97751374"><ele>608.07</ele><time>2026-07-05T03:53:00Z</time></trkpt>
<trkpt lat="37.65686760" lon="126.97753024"><ele>610.32</ele><time>2026-07-05T03:53:09Z</time></trkpt>
<trkpt lat="37.65692083" lon="126.97757066"><ele>615.71</ele><time>2026-07-05T03:53:26Z</time></trkpt>
<trkpt lat="37.65690214" lon="126.97757443"><ele>617.46</ele><time>2026-07-05T03:53:35Z</time></trkpt>
<trkpt lat="37.65694360" lon="126.97763978"><ele>616.26</ele><time>2026-07-05T03:54:01Z</time></trkpt>
<trkpt lat="37.65695873" lon="126.97767488"><ele>618.97</ele><time>2026-07-05T03:54:06Z</time></trkpt>
<trkpt lat="37.65689607" lon="126.97769608"><ele>621.61</ele><time>2026-07-05T03:54:15Z</time></trkpt>
<trkpt lat="37.65689393" lon="126.97768522"><ele>620.08</ele><time>2026-07-05T03:55:47Z</time></trkpt>
<trkpt lat="37.65689978" lon="126.97769113"><ele>619.63</ele><time>2026-07-05T03:56:26Z</time></trkpt>
<trkpt lat="37.65690703" lon="126.97767421"><ele>622.58</ele><time>2026-07-05T03:57:46Z</time></trkpt>
</trkseg>
<trkseg>
<trkpt lat="37.65690703" lon="126.97767421"><ele>622.58</ele><time>2026-07-05T04:01:33Z</time></trkpt>
<trkpt lat="37.65704548" lon="126.97793786"><ele>630.99</ele><time>2026-07-05T04:01:33Z</time></trkpt>
<trkpt lat="37.65705978" lon="126.97794629"><ele>628.42</ele><time>2026-07-05T04:01:35Z</time></trkpt>
<trkpt lat="37.65706930" lon="126.97795125"><ele>628.21</ele><time>2026-07-05T04:01:36Z</time></trkpt>
<trkpt lat="37.65707838" lon="126.97794553"><ele>629.06</ele><time>2026-07-05T04:01:38Z</time></trkpt>
<trkpt lat="37.65710002" lon="126.97792725"><ele>635.73</ele><time>2026-07-05T04:01:48Z</time></trkpt>
<trkpt lat="37.65709798" lon="126.97796418"><ele>637.81</ele><time>2026-07-05T04:01:58Z</time></trkpt>
<trkpt lat="37.65709484" lon="126.97799033"><ele>636.29</ele><time>2026-07-05T04:02:01Z</time></trkpt>
<trkpt lat="37.65709570" lon="126.97799864"><ele>636.53</ele><time>2026-07-05T04:02:02Z</time></trkpt>
<trkpt lat="37.65709019" lon="126.97803470"><ele>636.50</ele><time>2026-07-05T04:02:10Z</time></trkpt>
<trkpt lat="37.65708969" lon="126.97804402"><ele>636.08</ele><time>2026-07-05T04:02:11Z</time></trkpt>
<trkpt lat="37.65709536" lon="126.97808071"><ele>637.26</ele><time>2026-07-05T04:02:16Z</time></trkpt>
<trkpt lat="37.65711239" lon="126.97812429"><ele>639.99</ele><time>2026-07-05T04:03:04Z</time></trkpt>
<trkpt lat="37.65713388" lon="126.97812258"><ele>640.16</ele><time>2026-07-05T04:03:14Z</time></trkpt>
<trkpt lat="37.65714915" lon="126.97812604"><ele>640.36</ele><time>2026-07-05T04:03:19Z</time></trkpt>
<trkpt lat="37.65717360" lon="126.97817956"><ele>642.12</ele><time>2026-07-05T04:03:31Z</time></trkpt>
<trkpt lat="37.65717912" lon="126.97819440"><ele>641.80</ele><time>2026-07-05T04:03:33Z</time></trkpt>
<trkpt lat="37.65718700" lon="126.97822253"><ele>643.14</ele><time>2026-07-05T04:03:36Z</time></trkpt>
<trkpt lat="37.65718647" lon="126.97823571"><ele>644.01</ele><time>2026-07-05T04:03:38Z</time></trkpt>
<trkpt lat="37.65718318" lon="126.97824639"><ele>644.27</ele><time>2026-07-05T04:03:39Z</time></trkpt>
<trkpt lat="37.65717193" lon="126.97830861"><ele>647.09</ele><time>2026-07-05T04:04:09Z</time></trkpt>
<trkpt lat="37.65715019" lon="126.97835628"><ele>647.86</ele><time>2026-07-05T04:04:18Z</time></trkpt>
<trkpt lat="37.65713918" lon="126.97837485"><ele>649.36</ele><time>2026-07-05T04:04:20Z</time></trkpt>
<trkpt lat="37.65713371" lon="126.97838395"><ele>649.75</ele><time>2026-07-05T04:04:21Z</time></trkpt>
<trkpt lat="37.65712769" lon="126.97839154"><ele>650.21</ele><time>2026-07-05T04:04:22Z</time></trkpt>
<trkpt lat="37.65713753" lon="126.97844941"><ele>653.20</ele><time>2026-07-05T04:04:34Z</time></trkpt>
<trkpt lat="37.65715167" lon="126.97844900"><ele>653.03</ele><time>2026-07-05T04:04:43Z</time></trkpt>
<trkpt lat="37.65720098" lon="126.97845665"><ele>655.92</ele><time>2026-07-05T04:04:56Z</time></trkpt>
<trkpt lat="37.65722013" lon="126.97842596"><ele>656.86</ele><time>2026-07-05T04:05:07Z</time></trkpt>
<trkpt lat="37.65721183" lon="126.97841915"><ele>657.60</ele><time>2026-07-05T04:05:21Z</time></trkpt>
<trkpt lat="37.65728551" lon="126.97844116"><ele>661.62</ele><time>2026-07-05T04:05:50Z</time></trkpt>
<trkpt lat="37.65727109" lon="126.97843178"><ele>660.93</ele><time>2026-07-05T04:06:01Z</time></trkpt>
<trkpt lat="37.65725602" lon="126.97843406"><ele>661.00</ele><time>2026-07-05T04:06:26Z</time></trkpt>
<trkpt lat="37.65727709" lon="126.97841861"><ele>663.30</ele><time>2026-07-05T04:06:41Z</time></trkpt>
<trkpt lat="37.65730546" lon="126.97849632"><ele>664.55</ele><time>2026-07-05T04:06:50Z</time></trkpt>
<trkpt lat="37.65727645" lon="126.97855717"><ele>667.89</ele><time>2026-07-05T04:07:02Z</time></trkpt>
<trkpt lat="37.65726374" lon="126.97856843"><ele>668.95</ele><time>2026-07-05T04:07:07Z</time></trkpt>
<trkpt lat="37.65728826" lon="126.97863490"><ele>669.71</ele><time>2026-07-05T04:07:30Z</time></trkpt>
<trkpt lat="37.65728392" lon="126.97870637"><ele>674.24</ele><time>2026-07-05T04:07:46Z</time></trkpt>
<trkpt lat="37.65731716" lon="126.97871710"><ele>674.34</ele><time>2026-07-05T04:07:57Z</time></trkpt>
<trkpt lat="37.65733693" lon="126.97872544"><ele>675.15</ele><time>2026-07-05T04:08:00Z</time></trkpt>
<trkpt lat="37.65734373" lon="126.97872812"><ele>674.84</ele><time>2026-07-05T04:08:01Z</time></trkpt>
<trkpt lat="37.65739096" lon="126.97871937"><ele>679.47</ele><time>2026-07-05T04:08:12Z</time></trkpt>
<trkpt lat="37.65742587" lon="126.97873939"><ele>684.01</ele><time>2026-07-05T04:08:36Z</time></trkpt>
<trkpt lat="37.65743184" lon="126.97878315"><ele>684.22</ele><time>2026-07-05T04:08:46Z</time></trkpt>
<trkpt lat="37.65743371" lon="126.97884620"><ele>689.05</ele><time>2026-07-05T04:08:56Z</time></trkpt>
<trkpt lat="37.65744302" lon="126.97886713"><ele>692.05</ele><time>2026-07-05T04:09:06Z</time></trkpt>
<trkpt lat="37.65747090" lon="126.97889638"><ele>694.18</ele><time>2026-07-05T04:09:16Z</time></trkpt>
<trkpt lat="37.65747082" lon="126.97899642"><ele>695.67</ele><time>2026-07-05T04:09:38Z</time></trkpt>
<trkpt lat="37.65747183" lon="126.97900960"><ele>696.05</ele><time>2026-07-05T04:09:40Z</time></trkpt>
<trkpt lat="37.65742285" lon="126.97905103"><ele>694.14</ele><time>2026-07-05T04:09:50Z</time></trkpt>
<trkpt lat="37.65741788" lon="126.97902265"><ele>695.17</ele><time>2026-07-05T04:10:00Z</time></trkpt>
<trkpt lat="37.65740021" lon="126.97901697"><ele>698.55</ele><time>2026-07-05T04:10:10Z</time></trkpt>
<trkpt lat="37.65738883" lon="126.97902674"><ele>697.73</ele><time>2026-07-05T04:10:36Z</time></trkpt>
<trkpt lat="37.65741478" lon="126.97902075"><ele>697.66</ele><time>2026-07-05T04:10:39Z</time></trkpt>
<trkpt lat="37.65743931" lon="126.97912199"><ele>698.76</ele><time>2026-07-05T04:10:58Z</time></trkpt>
<trkpt lat="37.65742242" lon="126.97915944"><ele>700.63</ele><time>2026-07-05T04:11:08Z</time></trkpt>
<trkpt lat="37.65742899" lon="126.97913238"><ele>702.72</ele><time>2026-07-05T04:11:24Z</time></trkpt>
<trkpt lat="37.65747050" lon="126.97920405"><ele>701.51</ele><time>2026-07-05T04:11:37Z</time></trkpt>
<trkpt lat="37.65747829" lon="126.97921570"><ele>701.08</ele><time>2026-07-05T04:11:40Z</time></trkpt>
<trkpt lat="37.65748932" lon="126.97923977"><ele>701.60</ele><time>2026-07-05T04:11:44Z</time></trkpt>
<trkpt lat="37.65749071" lon="126.97925411"><ele>701.92</ele><time>2026-07-05T04:11:46Z</time></trkpt>
<trkpt lat="37.65750153" lon="126.97925891"><ele>706.76</ele><time>2026-07-05T04:11:57Z</time></trkpt>
<trkpt lat="37.65751181" lon="126.97929586"><ele>709.47</ele><time>2026-07-05T04:12:12Z</time></trkpt>
<trkpt lat="37.65751517" lon="126.97930552"><ele>709.94</ele><time>2026-07-05T04:12:14Z</time></trkpt>
<trkpt lat="37.65754382" lon="126.97932191"><ele>714.36</ele><time>2026-07-05T04:12:24Z</time></trkpt>
<trkpt lat="37.65758727" lon="126.97936308"><ele>719.16</ele><time>2026-07-05T04:13:09Z</time></trkpt>
<trkpt lat="37.65761641" lon="126.97940969"><ele>721.12</ele><time>2026-07-05T04:13:19Z</time></trkpt>
<trkpt lat="37.65765725" lon="126.97949162"><ele>727.95</ele><time>2026-07-05T04:13:38Z</time></trkpt>
<trkpt lat="37.65766597" lon="126.97950325"><ele>728.68</ele><time>2026-07-05T04:13:40Z</time></trkpt>
<trkpt lat="37.65767108" lon="126.97950868"><ele>729.06</ele><time>2026-07-05T04:13:41Z</time></trkpt>
<trkpt lat="37.65768862" lon="126.97954177"><ele>726.52</ele><time>2026-07-05T04:13:50Z</time></trkpt>
<trkpt lat="37.65776230" lon="126.97948257"><ele>730.04</ele><time>2026-07-05T04:14:00Z</time></trkpt>
<trkpt lat="37.65777879" lon="126.97946806"><ele>731.62</ele><time>2026-07-05T04:14:08Z</time></trkpt>
<trkpt lat="37.65778821" lon="126.97946303"><ele>732.32</ele><time>2026-07-05T04:14:09Z</time></trkpt>
<trkpt lat="37.65779646" lon="126.97945767"><ele>732.55</ele><time>2026-07-05T04:14:10Z</time></trkpt>
<trkpt lat="37.65783107" lon="126.97943565"><ele>733.62</ele><time>2026-07-05T04:14:13Z</time></trkpt>
<trkpt lat="37.65785951" lon="126.97942428"><ele>734.37</ele><time>2026-07-05T04:14:16Z</time></trkpt>
<trkpt lat="37.65788131" lon="126.97941379"><ele>734.88</ele><time>2026-07-05T04:14:18Z</time></trkpt>
<trkpt lat="37.65789253" lon="126.97940973"><ele>735.08</ele><time>2026-07-05T04:14:19Z</time></trkpt>
<trkpt lat="37.65790501" lon="126.97940452"><ele>739.68</ele><time>2026-07-05T04:14:22Z</time></trkpt>
<trkpt lat="37.65793390" lon="126.97940519"><ele>739.98</ele><time>2026-07-05T04:14:27Z</time></trkpt>
<trkpt lat="37.65794156" lon="126.97940403"><ele>739.86</ele><time>2026-07-05T04:14:28Z</time></trkpt>
<trkpt lat="37.65788317" lon="126.97935563"><ele>737.33</ele><time>2026-07-05T04:14:41Z</time></trkpt>
<trkpt lat="37.65789618" lon="126.97933140"><ele>736.15</ele><time>2026-07-05T04:14:51Z</time></trkpt>
<trkpt lat="37.65789782" lon="126.97932371"><ele>736.01</ele><time>2026-07-05T04:15:19Z</time></trkpt>
<trkpt lat="37.65790703" lon="126.97934555"><ele>738.31</ele><time>2026-07-05T04:17:54Z</time></trkpt>
<trkpt lat="37.65792106" lon="126.97936179"><ele>738.24</ele><time>2026-07-05T04:17:56Z</time></trkpt>
<trkpt lat="37.65793366" lon="126.97939226"><ele>738.97</ele><time>2026-07-05T04:17:59Z</time></trkpt>
<trkpt lat="37.65798806" lon="126.97944977"><ele>739.15</ele><time>2026-07-05T04:18:21Z</time></trkpt>
<trkpt lat="37.65801567" lon="126.97939376"><ele>742.24</ele><time>2026-07-05T04:18:46Z</time></trkpt>
<trkpt lat="37.65803403" lon="126.97937528"><ele>742.96</ele><time>2026-07-05T04:18:51Z</time></trkpt>
<trkpt lat="37.65804168" lon="126.97936546"><ele>742.90</ele><time>2026-07-05T04:18:53Z</time></trkpt>
<trkpt lat="37.65804670" lon="126.97935833"><ele>742.80</ele><time>2026-07-05T04:18:55Z</time></trkpt>
<trkpt lat="37.65805513" lon="126.97933515"><ele>742.92</ele><time>2026-07-05T04:18:59Z</time></trkpt>
<trkpt lat="37.65805744" lon="126.97932401"><ele>743.59</ele><time>2026-07-05T04:19:01Z</time></trkpt>
<trkpt lat="37.65807757" lon="126.97928005"><ele>744.32</ele><time>2026-07-05T04:19:12Z</time></trkpt>
<trkpt lat="37.65808194" lon="126.97926311"><ele>744.41</ele><time>2026-07-05T04:19:15Z</time></trkpt>
<trkpt lat="37.65808450" lon="126.97925427"><ele>745.05</ele><time>2026-07-05T04:19:16Z</time></trkpt>
<trkpt lat="37.65808582" lon="126.97922613"><ele>746.37</ele><time>2026-07-05T04:19:23Z</time></trkpt>
<trkpt lat="37.65811663" lon="126.97919642"><ele>749.84</ele><time>2026-07-05T04:19:33Z</time></trkpt>
<trkpt lat="37.65807546" lon="126.97917733"><ele>752.68</ele><time>2026-07-05T04:19:49Z</time></trkpt>
<trkpt lat="37.65806600" lon="126.97917271"><ele>753.50</ele><time>2026-07-05T04:19:51Z</time></trkpt>
<trkpt lat="37.65805849" lon="126.97917198"><ele>754.31</ele><time>2026-07-05T04:19:53Z</time></trkpt>
<trkpt lat="37.65804304" lon="126.97917119"><ele>755.46</ele><time>2026-07-05T04:19:56Z</time></trkpt>
<trkpt lat="37.65799611" lon="126.97913548"><ele>757.71</ele><time>2026-07-05T04:20:06Z</time></trkpt>
<trkpt lat="37.65796415" lon="126.97916026"><ele>759.02</ele><time>2026-07-05T04:20:18Z</time></trkpt>
<trkpt lat="37.65797940" lon="126.97913956"><ele>760.15</ele><time>2026-07-05T04:20:32Z</time></trkpt>
<trkpt lat="37.65798494" lon="126.97913269"><ele>760.18</ele><time>2026-07-05T04:20:33Z</time></trkpt>
<trkpt lat="37.65799697" lon="126.97910753"><ele>760.30</ele><time>2026-07-05T04:20:35Z</time></trkpt>
<trkpt lat="37.65800133" lon="126.97909511"><ele>760.55</ele><time>2026-07-05T04:20:37Z</time></trkpt>
<trkpt lat="37.65800335" lon="126.97908642"><ele>760.62</ele><time>2026-07-05T04:20:39Z</time></trkpt>
<trkpt lat="37.65800416" lon="126.97905744"><ele>761.82</ele><time>2026-07-05T04:20:43Z</time></trkpt>
<trkpt lat="37.65804016" lon="126.97900959"><ele>762.87</ele><time>2026-07-05T04:20:53Z</time></trkpt>
<trkpt lat="37.65804486" lon="126.97898011"><ele>765.21</ele><time>2026-07-05T04:21:11Z</time></trkpt>
<trkpt lat="37.65804315" lon="126.97897097"><ele>765.81</ele><time>2026-07-05T04:21:28Z</time></trkpt>
<trkpt lat="37.65803998" lon="126.97896381"><ele>765.43</ele><time>2026-07-05T04:21:30Z</time></trkpt>
<trkpt lat="37.65805806" lon="126.97893342"><ele>767.54</ele><time>2026-07-05T04:22:30Z</time></trkpt>
<trkpt lat="37.65805072" lon="126.97892723"><ele>767.97</ele><time>2026-07-05T04:22:56Z</time></trkpt>
<trkpt lat="37.65801459" lon="126.97892149"><ele>768.63</ele><time>2026-07-05T04:25:33Z</time></trkpt>
</trkseg>
<trkseg>
<trkpt lat="37.65801459" lon="126.97892149"><ele>768.63</ele><time>2026-07-05T04:27:39Z</time></trkpt>
<trkpt lat="37.65815664" lon="126.97865281"><ele>782.03</ele><time>2026-07-05T04:27:39Z</time></trkpt>
<trkpt lat="37.65816285" lon="126.97864384"><ele>782.23</ele><time>2026-07-05T04:27:41Z</time></trkpt>
<trkpt lat="37.65816758" lon="126.97863352"><ele>782.87</ele><time>2026-07-05T04:27:42Z</time></trkpt>
<trkpt lat="37.65816902" lon="126.97863332"><ele>782.91</ele><time>2026-07-05T04:27:43Z</time></trkpt>
<trkpt lat="37.65817327" lon="126.97862178"><ele>782.93</ele><time>2026-07-05T04:27:44Z</time></trkpt>
<trkpt lat="37.65818140" lon="126.97859114"><ele>784.91</ele><time>2026-07-05T04:28:57Z</time></trkpt>
<trkpt lat="37.65819093" lon="126.97857806"><ele>785.77</ele><time>2026-07-05T04:29:04Z</time></trkpt>
<trkpt lat="37.65820161" lon="126.97855123"><ele>786.54</ele><time>2026-07-05T04:29:07Z</time></trkpt>
<trkpt lat="37.65820602" lon="126.97853889"><ele>784.71</ele><time>2026-07-05T04:29:08Z</time></trkpt>
<trkpt lat="37.65820015" lon="126.97850572"><ele>786.10</ele><time>2026-07-05T04:29:20Z</time></trkpt>
<trkpt lat="37.65823052" lon="126.97848315"><ele>788.07</ele><time>2026-07-05T04:29:30Z</time></trkpt>
<trkpt lat="37.65823511" lon="126.97847704"><ele>789.66</ele><time>2026-07-05T04:29:41Z</time></trkpt>
<trkpt lat="37.65825081" lon="126.97844599"><ele>791.52</ele><time>2026-07-05T04:29:52Z</time></trkpt>
<trkpt lat="37.65829263" lon="126.97840877"><ele>796.42</ele><time>2026-07-05T04:31:03Z</time></trkpt>
<trkpt lat="37.65829828" lon="126.97840392"><ele>797.63</ele><time>2026-07-05T04:31:10Z</time></trkpt>
<trkpt lat="37.65830653" lon="126.97842153"><ele>799.48</ele><time>2026-07-05T04:31:19Z</time></trkpt>
<trkpt lat="37.65832706" lon="126.97839956"><ele>801.62</ele><time>2026-07-05T04:31:49Z</time></trkpt>
<trkpt lat="37.65833444" lon="126.97838521"><ele>802.42</ele><time>2026-07-05T04:31:51Z</time></trkpt>
<trkpt lat="37.65835314" lon="126.97836259"><ele>804.20</ele><time>2026-07-05T04:32:02Z</time></trkpt>
<trkpt lat="37.65835639" lon="126.97835550"><ele>804.20</ele><time>2026-07-05T04:32:04Z</time></trkpt>
<trkpt lat="37.65835794" lon="126.97834769"><ele>803.97</ele><time>2026-07-05T04:32:09Z</time></trkpt>
<trkpt lat="37.65837987" lon="126.97835557"><ele>807.17</ele><time>2026-07-05T04:32:29Z</time></trkpt>
<trkpt lat="37.65839603" lon="126.97835556"><ele>807.36</ele><time>2026-07-05T04:32:40Z</time></trkpt>
<trkpt lat="37.65842639" lon="126.97838207"><ele>809.76</ele><time>2026-07-05T04:32:54Z</time></trkpt>
<trkpt lat="37.65843263" lon="126.97838972"><ele>810.41</ele><time>2026-07-05T04:33:03Z</time></trkpt>
<trkpt lat="37.65844596" lon="126.97840862"><ele>810.94</ele><time>2026-07-05T04:33:05Z</time></trkpt>
<trkpt lat="37.65845234" lon="126.97842332"><ele>810.31</ele><time>2026-07-05T04:33:06Z</time></trkpt>
<trkpt lat="37.65845833" lon="126.97843647"><ele>810.56</ele><time>2026-07-05T04:33:07Z</time></trkpt>
<trkpt lat="37.65846734" lon="126.97844664"><ele>810.52</ele><time>2026-07-05T04:33:08Z</time></trkpt>
<trkpt lat="37.65850046" lon="126.97848958"><ele>810.64</ele><time>2026-07-05T04:33:10Z</time></trkpt>
<trkpt lat="37.65850776" lon="126.97850020"><ele>810.06</ele><time>2026-07-05T04:33:11Z</time></trkpt>
<trkpt lat="37.65851277" lon="126.97850757"><ele>809.92</ele><time>2026-07-05T04:33:12Z</time></trkpt>
<trkpt lat="37.65851820" lon="126.97851502"><ele>810.48</ele><time>2026-07-05T04:33:14Z</time></trkpt>
<trkpt lat="37.65853698" lon="126.97854398"><ele>812.91</ele><time>2026-07-05T04:33:19Z</time></trkpt>
<trkpt lat="37.65860020" lon="126.97856183"><ele>812.43</ele><time>2026-07-05T04:33:29Z</time></trkpt>
<trkpt lat="37.65861062" lon="126.97856661"><ele>812.42</ele><time>2026-07-05T04:33:31Z</time></trkpt>
<trkpt lat="37.65863338" lon="126.97855896"><ele>813.95</ele><time>2026-07-05T04:33:41Z</time></trkpt>
<trkpt lat="37.65869760" lon="126.97851638"><ele>821.70</ele><time>2026-07-05T04:34:06Z</time></trkpt>
<trkpt lat="37.65871845" lon="126.97847440"><ele>824.29</ele><time>2026-07-05T04:34:15Z</time></trkpt>
<trkpt lat="37.65872092" lon="126.97846442"><ele>824.91</ele><time>2026-07-05T04:34:16Z</time></trkpt>
<trkpt lat="37.65872243" lon="126.97845632"><ele>825.00</ele><time>2026-07-05T04:34:18Z</time></trkpt>
<trkpt lat="37.65873040" lon="126.97843881"><ele>824.86</ele><time>2026-07-05T04:34:22Z</time></trkpt>
<trkpt lat="37.65873419" lon="126.97842678"><ele>825.79</ele><time>2026-07-05T04:34:25Z</time></trkpt>
<trkpt lat="37.65878956" lon="126.97841551"><ele>827.74</ele><time>2026-07-05T04:34:44Z</time></trkpt>
<trkpt lat="37.65883454" lon="126.97836321"><ele>831.10</ele><time>2026-07-05T04:34:54Z</time></trkpt>
<trkpt lat="37.65881538" lon="126.97830794"><ele>835.03</ele><time>2026-07-05T04:35:07Z</time></trkpt>
<trkpt lat="37.65880895" lon="126.97829617"><ele>835.47</ele><time>2026-07-05T04:35:08Z</time></trkpt>
<trkpt lat="37.65880160" lon="126.97828815"><ele>835.68</ele><time>2026-07-05T04:35:09Z</time></trkpt>
<trkpt lat="37.65879106" lon="126.97828117"><ele>835.64</ele><time>2026-07-05T04:35:12Z</time></trkpt>
<trkpt lat="37.65870619" lon="126.97823255"><ele>837.02</ele><time>2026-07-05T04:35:23Z</time></trkpt>
<trkpt lat="37.65869030" lon="126.97822454"><ele>837.17</ele><time>2026-07-05T04:35:25Z</time></trkpt>
<trkpt lat="37.65868757" lon="126.97813356"><ele>842.14</ele><time>2026-07-05T04:35:35Z</time></trkpt>
<trkpt lat="37.65868728" lon="126.97814704"><ele>844.02</ele><time>2026-07-05T04:35:46Z</time></trkpt>
<trkpt lat="37.65869276" lon="126.97812698"><ele>845.55</ele><time>2026-07-05T04:36:01Z</time></trkpt>
<trkpt lat="37.65868705" lon="126.97811339"><ele>845.55</ele><time>2026-07-05T04:36:12Z</time></trkpt>
<trkpt lat="37.65868396" lon="126.97813483"><ele>846.53</ele><time>2026-07-05T04:36:33Z</time></trkpt>
<trkpt lat="37.65866882" lon="126.97814230"><ele>844.83</ele><time>2026-07-05T04:37:15Z</time></trkpt>
<trkpt lat="37.65868236" lon="126.97814402"><ele>844.81</ele><time>2026-07-05T04:37:42Z</time></trkpt>
<trkpt lat="37.65867627" lon="126.97814025"><ele>845.58</ele><time>2026-07-05T04:38:55Z</time></trkpt>
</trkseg>
<trkseg>
<trkpt lat="37.65867627" lon="126.97814025"><ele>845.58</ele><time>2026-07-05T05:08:25Z</time></trkpt>
<trkpt lat="37.65878063" lon="126.97842476"><ele>833.88</ele><time>2026-07-05T05:08:26Z</time></trkpt>
<trkpt lat="37.65877844" lon="126.97845491"><ele>834.09</ele><time>2026-07-05T05:08:27Z</time></trkpt>
<trkpt lat="37.65878132" lon="126.97846207"><ele>833.76</ele><time>2026-07-05T05:08:29Z</time></trkpt>
<trkpt lat="37.65878167" lon="126.97846193"><ele>833.71</ele><time>2026-07-05T05:08:30Z</time></trkpt>
<trkpt lat="37.65871046" lon="126.97843456"><ele>820.69</ele><time>2026-07-05T05:08:49Z</time></trkpt>
<trkpt lat="37.65869294" lon="126.97847891"><ele>821.99</ele><time>2026-07-05T05:08:59Z</time></trkpt>
<trkpt lat="37.65868842" lon="126.97849999"><ele>821.90</ele><time>2026-07-05T05:09:04Z</time></trkpt>
<trkpt lat="37.65868458" lon="126.97850991"><ele>821.83</ele><time>2026-07-05T05:09:06Z</time></trkpt>
<trkpt lat="37.65867352" lon="126.97852790"><ele>821.65</ele><time>2026-07-05T05:09:10Z</time></trkpt>
<trkpt lat="37.65864926" lon="126.97854501"><ele>820.92</ele><time>2026-07-05T05:09:15Z</time></trkpt>
<trkpt lat="37.65863784" lon="126.97855887"><ele>819.71</ele><time>2026-07-05T05:09:17Z</time></trkpt>
<trkpt lat="37.65863266" lon="126.97856396"><ele>819.54</ele><time>2026-07-05T05:09:18Z</time></trkpt>
<trkpt lat="37.65861930" lon="126.97857356"><ele>818.38</ele><time>2026-07-05T05:09:22Z</time></trkpt>
<trkpt lat="37.65861185" lon="126.97857989"><ele>817.73</ele><time>2026-07-05T05:09:25Z</time></trkpt>
<trkpt lat="37.65854079" lon="126.97851442"><ele>818.66</ele><time>2026-07-05T05:09:39Z</time></trkpt>
<trkpt lat="37.65853222" lon="126.97850010"><ele>818.79</ele><time>2026-07-05T05:09:41Z</time></trkpt>
<trkpt lat="37.65851922" lon="126.97848355"><ele>818.97</ele><time>2026-07-05T05:09:44Z</time></trkpt>
<trkpt lat="37.65849808" lon="126.97846163"><ele>819.13</ele><time>2026-07-05T05:09:47Z</time></trkpt>
<trkpt lat="37.65848884" lon="126.97844810"><ele>819.74</ele><time>2026-07-05T05:09:48Z</time></trkpt>
<trkpt lat="37.65847405" lon="126.97842872"><ele>819.65</ele><time>2026-07-05T05:09:50Z</time></trkpt>
<trkpt lat="37.65846681" lon="126.97842158"><ele>820.34</ele><time>2026-07-05T05:09:51Z</time></trkpt>
<trkpt lat="37.65845601" lon="126.97841178"><ele>820.60</ele><time>2026-07-05T05:09:53Z</time></trkpt>
<trkpt lat="37.65845108" lon="126.97840674"><ele>820.64</ele><time>2026-07-05T05:09:54Z</time></trkpt>
<trkpt lat="37.65844184" lon="126.97839552"><ele>820.86</ele><time>2026-07-05T05:09:56Z</time></trkpt>
<trkpt lat="37.65843541" lon="126.97839024"><ele>820.88</ele><time>2026-07-05T05:09:57Z</time></trkpt>
<trkpt lat="37.65839884" lon="126.97837947"><ele>819.64</ele><time>2026-07-05T05:10:04Z</time></trkpt>
<trkpt lat="37.65838840" lon="126.97837709"><ele>819.58</ele><time>2026-07-05T05:10:06Z</time></trkpt>
<trkpt lat="37.65831382" lon="126.97834934"><ele>813.54</ele><time>2026-07-05T05:10:25Z</time></trkpt>
<trkpt lat="37.65830917" lon="126.97835831"><ele>813.61</ele><time>2026-07-05T05:10:26Z</time></trkpt>
<trkpt lat="37.65830155" lon="126.97837457"><ele>813.86</ele><time>2026-07-05T05:10:28Z</time></trkpt>
<trkpt lat="37.65829797" lon="126.97838120"><ele>813.30</ele><time>2026-07-05T05:10:29Z</time></trkpt>
<trkpt lat="37.65828857" lon="126.97839519"><ele>811.78</ele><time>2026-07-05T05:10:31Z</time></trkpt>
<trkpt lat="37.65828252" lon="126.97840296"><ele>811.90</ele><time>2026-07-05T05:10:32Z</time></trkpt>
<trkpt lat="37.65827213" lon="126.97841419"><ele>811.64</ele><time>2026-07-05T05:10:34Z</time></trkpt>
<trkpt lat="37.65824966" lon="126.97843627"><ele>812.09</ele><time>2026-07-05T05:10:37Z</time></trkpt>
<trkpt lat="37.65819790" lon="126.97837359"><ele>802.52</ele><time>2026-07-05T05:10:56Z</time></trkpt>
<trkpt lat="37.65819604" lon="126.97847363"><ele>802.37</ele><time>2026-07-05T05:11:15Z</time></trkpt>
<trkpt lat="37.65820259" lon="126.97848222"><ele>801.15</ele><time>2026-07-05T05:11:28Z</time></trkpt>
<trkpt lat="37.65817553" lon="126.97852561"><ele>798.84</ele><time>2026-07-05T05:11:40Z</time></trkpt>
<trkpt lat="37.65817061" lon="126.97858260"><ele>796.36</ele><time>2026-07-05T05:11:50Z</time></trkpt>
<trkpt lat="37.65815768" lon="126.97862862"><ele>792.98</ele><time>2026-07-05T05:12:04Z</time></trkpt>
<trkpt lat="37.65815471" lon="126.97863801"><ele>792.54</ele><time>2026-07-05T05:12:07Z</time></trkpt>
<trkpt lat="37.65812800" lon="126.97867801"><ele>788.22</ele><time>2026-07-05T05:12:21Z</time></trkpt>
<trkpt lat="37.65812148" lon="126.97868179"><ele>787.39</ele><time>2026-07-05T05:12:23Z</time></trkpt>
<trkpt lat="37.65810808" lon="126.97869219"><ele>786.11</ele><time>2026-07-05T05:12:30Z</time></trkpt>
<trkpt lat="37.65811919" lon="126.97874780"><ele>783.67</ele><time>2026-07-05T05:12:41Z</time></trkpt>
<trkpt lat="37.65808893" lon="126.97879994"><ele>782.45</ele><time>2026-07-05T05:12:53Z</time></trkpt>
<trkpt lat="37.65808509" lon="126.97881173"><ele>780.39</ele><time>2026-07-05T05:12:56Z</time></trkpt>
<trkpt lat="37.65804431" lon="126.97885928"><ele>776.28</ele><time>2026-07-05T05:13:07Z</time></trkpt>
<trkpt lat="37.65804105" lon="126.97886646"><ele>775.72</ele><time>2026-07-05T05:13:08Z</time></trkpt>
<trkpt lat="37.65803042" lon="126.97889074"><ele>774.55</ele><time>2026-07-05T05:13:12Z</time></trkpt>
<trkpt lat="37.65802629" lon="126.97890101"><ele>773.44</ele><time>2026-07-05T05:13:14Z</time></trkpt>
<trkpt lat="37.65801765" lon="126.97891813"><ele>772.48</ele><time>2026-07-05T05:13:17Z</time></trkpt>
<trkpt lat="37.65800891" lon="126.97893403"><ele>771.55</ele><time>2026-07-05T05:13:20Z</time></trkpt>
<trkpt lat="37.65800281" lon="126.97894274"><ele>770.94</ele><time>2026-07-05T05:13:22Z</time></trkpt>
<trkpt lat="37.65797204" lon="126.97901221"><ele>768.41</ele><time>2026-07-05T05:13:36Z</time></trkpt>
<trkpt lat="37.65798776" lon="126.97905600"><ele>766.93</ele><time>2026-07-05T05:13:45Z</time></trkpt>
<trkpt lat="37.65798931" lon="126.97915170"><ele>761.64</ele><time>2026-07-05T05:14:02Z</time></trkpt>
<trkpt lat="37.65798369" lon="126.97915879"><ele>760.51</ele><time>2026-07-05T05:14:11Z</time></trkpt>
<trkpt lat="37.65803589" lon="126.97922328"><ele>758.18</ele><time>2026-07-05T05:14:21Z</time></trkpt>
<trkpt lat="37.65804139" lon="126.97923047"><ele>759.30</ele><time>2026-07-05T05:14:22Z</time></trkpt>
<trkpt lat="37.65805350" lon="126.97924116"><ele>759.74</ele><time>2026-07-05T05:14:24Z</time></trkpt>
<trkpt lat="37.65805992" lon="126.97924702"><ele>760.20</ele><time>2026-07-05T05:14:25Z</time></trkpt>
<trkpt lat="37.65808038" lon="126.97925266"><ele>759.34</ele><time>2026-07-05T05:14:29Z</time></trkpt>
<trkpt lat="37.65807308" lon="126.97929044"><ele>756.86</ele><time>2026-07-05T05:14:39Z</time></trkpt>
<trkpt lat="37.65806956" lon="126.97931422"><ele>753.86</ele><time>2026-07-05T05:14:45Z</time></trkpt>
<trkpt lat="37.65806799" lon="126.97932579"><ele>753.47</ele><time>2026-07-05T05:14:46Z</time></trkpt>
<trkpt lat="37.65804635" lon="126.97939830"><ele>747.40</ele><time>2026-07-05T05:14:58Z</time></trkpt>
<trkpt lat="37.65797905" lon="126.97945132"><ele>746.71</ele><time>2026-07-05T05:15:07Z</time></trkpt>
<trkpt lat="37.65796709" lon="126.97946468"><ele>746.53</ele><time>2026-07-05T05:15:09Z</time></trkpt>
<trkpt lat="37.65795888" lon="126.97946940"><ele>746.52</ele><time>2026-07-05T05:15:11Z</time></trkpt>
<trkpt lat="37.65799797" lon="126.97956534"><ele>744.48</ele><time>2026-07-05T05:15:22Z</time></trkpt>
<trkpt lat="37.65800636" lon="126.97959639"><ele>742.97</ele><time>2026-07-05T05:15:28Z</time></trkpt>
<trkpt lat="37.65797743" lon="126.97959303"><ele>741.39</ele><time>2026-07-05T05:15:38Z</time></trkpt>
<trkpt lat="37.65799361" lon="126.97955814"><ele>741.96</ele><time>2026-07-05T05:16:30Z</time></trkpt>
<trkpt lat="37.65799347" lon="126.97954938"><ele>741.97</ele><time>2026-07-05T05:16:32Z</time></trkpt>
<trkpt lat="37.65801073" lon="126.97951717"><ele>742.14</ele><time>2026-07-05T05:16:50Z</time></trkpt>
<trkpt lat="37.65801226" lon="126.97950376"><ele>743.07</ele><time>2026-07-05T05:17:03Z</time></trkpt>
<trkpt lat="37.65801237" lon="126.97950498"><ele>743.26</ele><time>2026-07-05T05:18:05Z</time></trkpt>
<trkpt lat="37.65798082" lon="126.97943293"><ele>742.85</ele><time>2026-07-05T05:18:17Z</time></trkpt>
<trkpt lat="37.65797356" lon="126.97941920"><ele>742.55</ele><time>2026-07-05T05:18:19Z</time></trkpt>
<trkpt lat="37.65796612" lon="126.97940970"><ele>741.85</ele><time>2026-07-05T05:18:21Z</time></trkpt>
<trkpt lat="37.65795212" lon="126.97939774"><ele>740.33</ele><time>2026-07-05T05:18:24Z</time></trkpt>
<trkpt lat="37.65794403" lon="126.97939209"><ele>739.85</ele><time>2026-07-05T05:18:25Z</time></trkpt>
<trkpt lat="37.65787969" lon="126.97939506"><ele>739.30</ele><time>2026-07-05T05:18:36Z</time></trkpt>
<trkpt lat="37.65784848" lon="126.97944040"><ele>736.50</ele><time>2026-07-05T05:18:45Z</time></trkpt>
<trkpt lat="37.65777840" lon="126.97947515"><ele>735.95</ele><time>2026-07-05T05:18:56Z</time></trkpt>
<trkpt lat="37.65776738" lon="126.97947701"><ele>736.22</ele><time>2026-07-05T05:18:57Z</time></trkpt>
<trkpt lat="37.65774982" lon="126.97948279"><ele>737.21</ele><time>2026-07-05T05:18:59Z</time></trkpt>
<trkpt lat="37.65772854" lon="126.97950961"><ele>735.97</ele><time>2026-07-05T05:19:03Z</time></trkpt>
<trkpt lat="37.65772273" lon="126.97951667"><ele>736.71</ele><time>2026-07-05T05:19:04Z</time></trkpt>
<trkpt lat="37.65771507" lon="126.97953130"><ele>737.53</ele><time>2026-07-05T05:19:06Z</time></trkpt>
<trkpt lat="37.65771286" lon="126.97953992"><ele>737.91</ele><time>2026-07-05T05:19:07Z</time></trkpt>
<trkpt lat="37.65761739" lon="126.97944851"><ele>732.59</ele><time>2026-07-05T05:19:26Z</time></trkpt>
<trkpt lat="37.65761304" lon="126.97944240"><ele>732.06</ele><time>2026-07-05T05:19:27Z</time></trkpt>
<trkpt lat="37.65760311" lon="126.97942593"><ele>731.01</ele><time>2026-07-05T05:19:30Z</time></trkpt>
<trkpt lat="37.65759737" lon="126.97940934"><ele>730.09</ele><time>2026-07-05T05:19:32Z</time></trkpt>
<trkpt lat="37.65760027" lon="126.97934567"><ele>726.56</ele><time>2026-07-05T05:19:40Z</time></trkpt>
<trkpt lat="37.65757915" lon="126.97928512"><ele>723.02</ele><time>2026-07-05T05:19:49Z</time></trkpt>
<trkpt lat="37.65757023" lon="126.97925297"><ele>725.46</ele><time>2026-07-05T05:19:55Z</time></trkpt>
<trkpt lat="37.65753771" lon="126.97921300"><ele>725.05</ele><time>2026-07-05T05:20:01Z</time></trkpt>
<trkpt lat="37.65747753" lon="126.97916166"><ele>725.79</ele><time>2026-07-05T05:20:12Z</time></trkpt>
<trkpt lat="37.65746946" lon="126.97915938"><ele>726.21</ele><time>2026-07-05T05:20:13Z</time></trkpt>
<trkpt lat="37.65744582" lon="126.97912900"><ele>719.62</ele><time>2026-07-05T05:20:30Z</time></trkpt>
<trkpt lat="37.65743950" lon="126.97912177"><ele>719.53</ele><time>2026-07-05T05:20:31Z</time></trkpt>
<trkpt lat="37.65742467" lon="126.97910962"><ele>720.72</ele><time>2026-07-05T05:20:34Z</time></trkpt>
<trkpt lat="37.65740157" lon="126.97908114"><ele>715.46</ele><time>2026-07-05T05:20:44Z</time></trkpt>
<trkpt lat="37.65739129" lon="126.97906182"><ele>714.08</ele><time>2026-07-05T05:20:50Z</time></trkpt>
<trkpt lat="37.65740233" lon="126.97900620"><ele>711.55</ele><time>2026-07-05T05:21:01Z</time></trkpt>
<trkpt lat="37.65740284" lon="126.97898947"><ele>711.75</ele><time>2026-07-05T05:21:03Z</time></trkpt>
<trkpt lat="37.65740120" lon="126.97896290"><ele>709.98</ele><time>2026-07-05T05:21:06Z</time></trkpt>
<trkpt lat="37.65745273" lon="126.97897345"><ele>702.61</ele><time>2026-07-05T05:21:16Z</time></trkpt>
<trkpt lat="37.65746732" lon="126.97890563"><ele>698.62</ele><time>2026-07-05T05:21:28Z</time></trkpt>
<trkpt lat="37.65746663" lon="126.97889642"><ele>699.14</ele><time>2026-07-05T05:21:29Z</time></trkpt>
<trkpt lat="37.65746812" lon="126.97887979"><ele>699.33</ele><time>2026-07-05T05:21:32Z</time></trkpt>
<trkpt lat="37.65746790" lon="126.97886788"><ele>699.44</ele><time>2026-07-05T05:21:33Z</time></trkpt>
<trkpt lat="37.65743780" lon="126.97878878"><ele>696.26</ele><time>2026-07-05T05:21:49Z</time></trkpt>
<trkpt lat="37.65743267" lon="126.97877857"><ele>695.62</ele><time>2026-07-05T05:21:50Z</time></trkpt>
<trkpt lat="37.65739809" lon="126.97874278"><ele>692.85</ele><time>2026-07-05T05:22:02Z</time></trkpt>
<trkpt lat="37.65738727" lon="126.97873354"><ele>691.18</ele><time>2026-07-05T05:22:04Z</time></trkpt>
<trkpt lat="37.65730974" lon="126.97875228"><ele>688.80</ele><time>2026-07-05T05:22:19Z</time></trkpt>
<trkpt lat="37.65731701" lon="126.97868997"><ele>689.55</ele><time>2026-07-05T05:22:28Z</time></trkpt>
<trkpt lat="37.65728147" lon="126.97867330"><ele>681.27</ele><time>2026-07-05T05:22:41Z</time></trkpt>
<trkpt lat="37.65728349" lon="126.97864026"><ele>677.82</ele><time>2026-07-05T05:22:53Z</time></trkpt>
<trkpt lat="37.65725564" lon="126.97855794"><ele>676.81</ele><time>2026-07-05T05:23:09Z</time></trkpt>
<trkpt lat="37.65726762" lon="126.97842759"><ele>669.48</ele><time>2026-07-05T05:23:32Z</time></trkpt>
<trkpt lat="37.65725737" lon="126.97845395"><ele>668.58</ele><time>2026-07-05T05:23:42Z</time></trkpt>
<trkpt lat="37.65726352" lon="126.97845228"><ele>668.52</ele><time>2026-07-05T05:24:07Z</time></trkpt>
<trkpt lat="37.65722954" lon="126.97848747"><ele>666.37</ele><time>2026-07-05T05:24:59Z</time></trkpt>
<trkpt lat="37.65713354" lon="126.97841190"><ele>661.32</ele><time>2026-07-05T05:25:19Z</time></trkpt>
<trkpt lat="37.65712357" lon="126.97841135"><ele>661.03</ele><time>2026-07-05T05:25:20Z</time></trkpt>
<trkpt lat="37.65710719" lon="126.97841410"><ele>660.63</ele><time>2026-07-05T05:25:22Z</time></trkpt>
<trkpt lat="37.65710041" lon="126.97841502"><ele>660.15</ele><time>2026-07-05T05:25:23Z</time></trkpt>
<trkpt lat="37.65711943" lon="126.97835140"><ele>651.85</ele><time>2026-07-05T05:25:34Z</time></trkpt>
<trkpt lat="37.65713893" lon="126.97832606"><ele>650.06</ele><time>2026-07-05T05:25:39Z</time></trkpt>
<trkpt lat="37.65716671" lon="126.97828884"><ele>649.22</ele><time>2026-07-05T05:25:44Z</time></trkpt>
<trkpt lat="37.65715427" lon="126.97820801"><ele>649.04</ele><time>2026-07-05T05:25:53Z</time></trkpt>
<trkpt lat="37.65714946" lon="126.97818360"><ele>650.71</ele><time>2026-07-05T05:25:55Z</time></trkpt>
<trkpt lat="37.65714797" lon="126.97817105"><ele>650.46</ele><time>2026-07-05T05:25:56Z</time></trkpt>
<trkpt lat="37.65714864" lon="126.97814807"><ele>649.73</ele><time>2026-07-05T05:25:58Z</time></trkpt>
<trkpt lat="37.65712085" lon="126.97810082"><ele>646.33</ele><time>2026-07-05T05:26:07Z</time></trkpt>
<trkpt lat="37.65710246" lon="126.97803617"><ele>645.98</ele><time>2026-07-05T05:26:16Z</time></trkpt>
<trkpt lat="37.65709211" lon="126.97801483"><ele>647.63</ele><time>2026-07-05T05:26:19Z</time></trkpt>
<trkpt lat="37.65708895" lon="126.97800762"><ele>647.49</ele><time>2026-07-05T05:26:20Z</time></trkpt>
<trkpt lat="37.65716149" lon="126.97798575"><ele>637.43</ele><time>2026-07-05T05:26:33Z</time></trkpt>
<trkpt lat="37.65717302" lon="126.97797592"><ele>633.95</ele><time>2026-07-05T05:26:35Z</time></trkpt>
<trkpt lat="37.65718478" lon="126.97796473"><ele>629.99</ele><time>2026-07-05T05:26:39Z</time></trkpt>
<trkpt lat="37.65712298" lon="126.97789052"><ele>626.80</ele><time>2026-07-05T05:26:49Z</time></trkpt>
<trkpt lat="37.65711269" lon="126.97786426"><ele>625.32</ele><time>2026-07-05T05:26:52Z</time></trkpt>
<trkpt lat="37.65711203" lon="126.97785150"><ele>624.42</ele><time>2026-07-05T05:26:54Z</time></trkpt>
<trkpt lat="37.65707135" lon="126.97775286"><ele>617.43</ele><time>2026-07-05T05:27:13Z</time></trkpt>
<trkpt lat="37.65708248" lon="126.97768942"><ele>614.12</ele><time>2026-07-05T05:27:23Z</time></trkpt>
<trkpt lat="37.65708888" lon="126.97766464"><ele>614.98</ele><time>2026-07-05T05:27:26Z</time></trkpt>
<trkpt lat="37.65703155" lon="126.97761379"><ele>614.40</ele><time>2026-07-05T05:27:36Z</time></trkpt>
<trkpt lat="37.65701401" lon="126.97759690"><ele>613.24</ele><time>2026-07-05T05:27:40Z</time></trkpt>
<trkpt lat="37.65700781" lon="126.97759184"><ele>612.77</ele><time>2026-07-05T05:27:42Z</time></trkpt>
<trkpt lat="37.65699474" lon="126.97758448"><ele>611.69</ele><time>2026-07-05T05:27:45Z</time></trkpt>
<trkpt lat="37.65693459" lon="126.97749471"><ele>615.40</ele><time>2026-07-05T05:27:54Z</time></trkpt>
<trkpt lat="37.65690153" lon="126.97745058"><ele>613.67</ele><time>2026-07-05T05:28:00Z</time></trkpt>
<trkpt lat="37.65689439" lon="126.97744191"><ele>614.81</ele><time>2026-07-05T05:28:01Z</time></trkpt>
<trkpt lat="37.65686164" lon="126.97741494"><ele>612.25</ele><time>2026-07-05T05:28:07Z</time></trkpt>
<trkpt lat="37.65685142" lon="126.97739781"><ele>612.01</ele><time>2026-07-05T05:28:10Z</time></trkpt>
<trkpt lat="37.65684813" lon="126.97737382"><ele>611.59</ele><time>2026-07-05T05:28:12Z</time></trkpt>
<trkpt lat="37.65684649" lon="126.97734043"><ele>609.81</ele><time>2026-07-05T05:28:20Z</time></trkpt>
<trkpt lat="37.65681776" lon="126.97727366"><ele>610.40</ele><time>2026-07-05T05:28:32Z</time></trkpt>
<trkpt lat="37.65680986" lon="126.97722710"><ele>606.68</ele><time>2026-07-05T05:28:45Z</time></trkpt>
<trkpt lat="37.65679620" lon="126.97720534"><ele>604.96</ele><time>2026-07-05T05:28:54Z</time></trkpt>
<trkpt lat="37.65674195" lon="126.97716486"><ele>607.09</ele><time>2026-07-05T05:29:02Z</time></trkpt>
<trkpt lat="37.65673100" lon="126.97715562"><ele>607.70</ele><time>2026-07-05T05:29:04Z</time></trkpt>
<trkpt lat="37.65673558" lon="126.97706828"><ele>605.64</ele><time>2026-07-05T05:29:20Z</time></trkpt>
<trkpt lat="37.65673319" lon="126.97704783"><ele>599.71</ele><time>2026-07-05T05:29:28Z</time></trkpt>
<trkpt lat="37.65673206" lon="126.97702834"><ele>594.44</ele><time>2026-07-05T05:29:40Z</time></trkpt>
<trkpt lat="37.65676420" lon="126.97693894"><ele>594.29</ele><time>2026-07-05T05:29:49Z</time></trkpt>
<trkpt lat="37.65671498" lon="126.97690054"><ele>592.93</ele><time>2026-07-05T05:30:00Z</time></trkpt>
<trkpt lat="37.65666830" lon="126.97689115"><ele>588.28</ele><time>2026-07-05T05:30:09Z</time></trkpt>
<trkpt lat="37.65665183" lon="126.97680805"><ele>582.74</ele><time>2026-07-05T05:30:21Z</time></trkpt>
<trkpt lat="37.65664512" lon="126.97678676"><ele>581.21</ele><time>2026-07-05T05:30:24Z</time></trkpt>
<trkpt lat="37.65670359" lon="126.97666394"><ele>571.95</ele><time>2026-07-05T05:30:43Z</time></trkpt>
<trkpt lat="37.65671637" lon="126.97661175"><ele>571.17</ele><time>2026-07-05T05:30:50Z</time></trkpt>
<trkpt lat="37.65671720" lon="126.97660124"><ele>571.37</ele><time>2026-07-05T05:30:51Z</time></trkpt>
<trkpt lat="37.65672430" lon="126.97657837"><ele>570.30</ele><time>2026-07-05T05:30:54Z</time></trkpt>
<trkpt lat="37.65672665" lon="126.97654421"><ele>568.43</ele><time>2026-07-05T05:30:57Z</time></trkpt>
<trkpt lat="37.65675762" lon="126.97644442"><ele>565.35</ele><time>2026-07-05T05:31:08Z</time></trkpt>
<trkpt lat="37.65677595" lon="126.97640809"><ele>564.17</ele><time>2026-07-05T05:31:14Z</time></trkpt>
<trkpt lat="37.65679145" lon="126.97631155"><ele>558.80</ele><time>2026-07-05T05:31:25Z</time></trkpt>
<trkpt lat="37.65685338" lon="126.97625829"><ele>558.09</ele><time>2026-07-05T05:31:34Z</time></trkpt>
<trkpt lat="37.65686757" lon="126.97625408"><ele>556.88</ele><time>2026-07-05T05:31:36Z</time></trkpt>
<trkpt lat="37.65687466" lon="126.97625310"><ele>556.55</ele><time>2026-07-05T05:31:37Z</time></trkpt>
<trkpt lat="37.65689313" lon="126.97623942"><ele>556.74</ele><time>2026-07-05T05:31:40Z</time></trkpt>
<trkpt lat="37.65689873" lon="126.97623281"><ele>555.24</ele><time>2026-07-05T05:31:41Z</time></trkpt>
<trkpt lat="37.65691275" lon="126.97621753"><ele>556.91</ele><time>2026-07-05T05:31:43Z</time></trkpt>
<trkpt lat="37.65691951" lon="126.97620719"><ele>557.28</ele><time>2026-07-05T05:31:44Z</time></trkpt>
<trkpt lat="37.65692627" lon="126.97618640"><ele>557.53</ele><time>2026-07-05T05:31:46Z</time></trkpt>
<trkpt lat="37.65692957" lon="126.97617210"><ele>557.85</ele><time>2026-07-05T05:31:47Z</time></trkpt>
<trkpt lat="37.65693355" lon="126.97614781"><ele>558.90</ele><time>2026-07-05T05:31:49Z</time></trkpt>
<trkpt lat="37.65689946" lon="126.97606874"><ele>558.73</ele><time>2026-07-05T05:31:58Z</time></trkpt>
<trkpt lat="37.65688354" lon="126.97604588"><ele>558.73</ele><time>2026-07-05T05:32:02Z</time></trkpt>
<trkpt lat="37.65687386" lon="126.97603211"><ele>557.15</ele><time>2026-07-05T05:32:04Z</time></trkpt>
<trkpt lat="37.65686933" lon="126.97602629"><ele>556.74</ele><time>2026-07-05T05:32:05Z</time></trkpt>
<trkpt lat="37.65677311" lon="126.97595762"><ele>555.67</ele><time>2026-07-05T05:32:24Z</time></trkpt>
<trkpt lat="37.65676987" lon="126.97595033"><ele>555.30</ele><time>2026-07-05T05:32:25Z</time></trkpt>
<trkpt lat="37.65676419" lon="126.97593223"><ele>554.52</ele><time>2026-07-05T05:32:27Z</time></trkpt>
<trkpt lat="37.65676177" lon="126.97592279"><ele>553.94</ele><time>2026-07-05T05:32:28Z</time></trkpt>
<trkpt lat="37.65675210" lon="126.97590444"><ele>552.09</ele><time>2026-07-05T05:32:31Z</time></trkpt>
<trkpt lat="37.65674657" lon="126.97589091"><ele>552.52</ele><time>2026-07-05T05:32:33Z</time></trkpt>
<trkpt lat="37.65673937" lon="126.97587513"><ele>552.95</ele><time>2026-07-05T05:32:35Z</time></trkpt>
<trkpt lat="37.65667758" lon="126.97587641"><ele>553.06</ele><time>2026-07-05T05:32:44Z</time></trkpt>
<trkpt lat="37.65664548" lon="126.97586668"><ele>548.07</ele><time>2026-07-05T05:32:53Z</time></trkpt>
<trkpt lat="37.65662276" lon="126.97591930"><ele>543.63</ele><time>2026-07-05T05:33:03Z</time></trkpt>
<trkpt lat="37.65657406" lon="126.97593137"><ele>541.71</ele><time>2026-07-05T05:33:16Z</time></trkpt>
<trkpt lat="37.65655658" lon="126.97585619"><ele>539.77</ele><time>2026-07-05T05:33:26Z</time></trkpt>
<trkpt lat="37.65653106" lon="126.97578676"><ele>536.37</ele><time>2026-07-05T05:33:37Z</time></trkpt>
<trkpt lat="37.65650327" lon="126.97576148"><ele>533.64</ele><time>2026-07-05T05:33:47Z</time></trkpt>
<trkpt lat="37.65646790" lon="126.97569811"><ele>532.05</ele><time>2026-07-05T05:34:02Z</time></trkpt>
<trkpt lat="37.65641187" lon="126.97572406"><ele>529.91</ele><time>2026-07-05T05:34:18Z</time></trkpt>
<trkpt lat="37.65637506" lon="126.97567475"><ele>528.82</ele><time>2026-07-05T05:34:27Z</time></trkpt>
<trkpt lat="37.65636352" lon="126.97566079"><ele>528.99</ele><time>2026-07-05T05:34:29Z</time></trkpt>
<trkpt lat="37.65635716" lon="126.97565599"><ele>529.15</ele><time>2026-07-05T05:34:30Z</time></trkpt>
<trkpt lat="37.65633952" lon="126.97563684"><ele>527.42</ele><time>2026-07-05T05:34:39Z</time></trkpt>
<trkpt lat="37.65633451" lon="126.97562952"><ele>527.49</ele><time>2026-07-05T05:34:40Z</time></trkpt>
<trkpt lat="37.65628913" lon="126.97560953"><ele>524.98</ele><time>2026-07-05T05:34:51Z</time></trkpt>
<trkpt lat="37.65628288" lon="126.97560574"><ele>524.98</ele><time>2026-07-05T05:34:52Z</time></trkpt>
<trkpt lat="37.65624856" lon="126.97553786"><ele>527.66</ele><time>2026-07-05T05:35:05Z</time></trkpt>
<trkpt lat="37.65623101" lon="126.97550984"><ele>526.76</ele><time>2026-07-05T05:35:10Z</time></trkpt>
<trkpt lat="37.65622068" lon="126.97549102"><ele>524.78</ele><time>2026-07-05T05:35:15Z</time></trkpt>
<trkpt lat="37.65621414" lon="126.97548209"><ele>524.61</ele><time>2026-07-05T05:35:17Z</time></trkpt>
<trkpt lat="37.65622008" lon="126.97542110"><ele>517.31</ele><time>2026-07-05T05:35:30Z</time></trkpt>
<trkpt lat="37.65619270" lon="126.97536944"><ele>512.29</ele><time>2026-07-05T05:35:40Z</time></trkpt>
<trkpt lat="37.65618578" lon="126.97533418"><ele>510.54</ele><time>2026-07-05T05:35:45Z</time></trkpt>
<trkpt lat="37.65618036" lon="126.97532039"><ele>509.88</ele><time>2026-07-05T05:35:47Z</time></trkpt>
<trkpt lat="37.65616022" lon="126.97523375"><ele>503.35</ele><time>2026-07-05T05:36:08Z</time></trkpt>
<trkpt lat="37.65615424" lon="126.97520841"><ele>502.71</ele><time>2026-07-05T05:36:11Z</time></trkpt>
<trkpt lat="37.65614146" lon="126.97519158"><ele>501.37</ele><time>2026-07-05T05:36:16Z</time></trkpt>
<trkpt lat="37.65613330" lon="126.97517610"><ele>500.66</ele><time>2026-07-05T05:36:18Z</time></trkpt>
<trkpt lat="37.65612820" lon="126.97516979"><ele>500.33</ele><time>2026-07-05T05:36:19Z</time></trkpt>
<trkpt lat="37.65609747" lon="126.97519421"><ele>494.85</ele><time>2026-07-05T05:36:38Z</time></trkpt>
<trkpt lat="37.65609113" lon="126.97508884"><ele>498.91</ele><time>2026-07-05T05:36:50Z</time></trkpt>
<trkpt lat="37.65605067" lon="126.97494520"><ele>492.33</ele><time>2026-07-05T05:37:08Z</time></trkpt>
<trkpt lat="37.65602058" lon="126.97491163"><ele>488.27</ele><time>2026-07-05T05:37:18Z</time></trkpt>
<trkpt lat="37.65601701" lon="126.97481947"><ele>488.82</ele><time>2026-07-05T05:37:28Z</time></trkpt>
<trkpt lat="37.65601970" lon="126.97481073"><ele>488.40</ele><time>2026-07-05T05:37:29Z</time></trkpt>
<trkpt lat="37.65602125" lon="126.97479200"><ele>488.08</ele><time>2026-07-05T05:37:31Z</time></trkpt>
<trkpt lat="37.65602132" lon="126.97478209"><ele>487.37</ele><time>2026-07-05T05:37:32Z</time></trkpt>
<trkpt lat="37.65602846" lon="126.97476230"><ele>485.99</ele><time>2026-07-05T05:37:34Z</time></trkpt>
<trkpt lat="37.65603285" lon="126.97475112"><ele>485.27</ele><time>2026-07-05T05:37:35Z</time></trkpt>
<trkpt lat="37.65605299" lon="126.97469925"><ele>484.04</ele><time>2026-07-05T05:37:44Z</time></trkpt>
<trkpt lat="37.65603012" lon="126.97464249"><ele>487.63</ele><time>2026-07-05T05:37:54Z</time></trkpt>
<trkpt lat="37.65602269" lon="126.97456212"><ele>485.90</ele><time>2026-07-05T05:38:03Z</time></trkpt>
<trkpt lat="37.65602602" lon="126.97455179"><ele>485.73</ele><time>2026-07-05T05:38:04Z</time></trkpt>
<trkpt lat="37.65602735" lon="126.97453192"><ele>484.92</ele><time>2026-07-05T05:38:07Z</time></trkpt>
<trkpt lat="37.65602955" lon="126.97451116"><ele>484.06</ele><time>2026-07-05T05:38:09Z</time></trkpt>
<trkpt lat="37.65603118" lon="126.97450031"><ele>483.79</ele><time>2026-07-05T05:38:10Z</time></trkpt>
<trkpt lat="37.65603723" lon="126.97447867"><ele>483.94</ele><time>2026-07-05T05:38:12Z</time></trkpt>
<trkpt lat="37.65603925" lon="126.97446946"><ele>483.83</ele><time>2026-07-05T05:38:13Z</time></trkpt>
<trkpt lat="37.65604351" lon="126.97444285"><ele>483.05</ele><time>2026-07-05T05:38:16Z</time></trkpt>
<trkpt lat="37.65604315" lon="126.97443427"><ele>482.87</ele><time>2026-07-05T05:38:17Z</time></trkpt>
<trkpt lat="37.65601362" lon="126.97435901"><ele>481.25</ele><time>2026-07-05T05:38:28Z</time></trkpt>
<trkpt lat="37.65602647" lon="126.97428382"><ele>479.73</ele><time>2026-07-05T05:38:37Z</time></trkpt>
<trkpt lat="37.65602043" lon="126.97421684"><ele>477.63</ele><time>2026-07-05T05:38:45Z</time></trkpt>
<trkpt lat="37.65601688" lon="126.97420630"><ele>477.77</ele><time>2026-07-05T05:38:47Z</time></trkpt>
<trkpt lat="37.65600454" lon="126.97418547"><ele>475.18</ele><time>2026-07-05T05:38:55Z</time></trkpt>
<trkpt lat="37.65600818" lon="126.97410065"><ele>473.10</ele><time>2026-07-05T05:39:05Z</time></trkpt>
<trkpt lat="37.65601685" lon="126.97405523"><ele>473.03</ele><time>2026-07-05T05:39:09Z</time></trkpt>
<trkpt lat="37.65599192" lon="126.97399368"><ele>471.73</ele><time>2026-07-05T05:39:19Z</time></trkpt>
<trkpt lat="37.65598579" lon="126.97397149"><ele>470.14</ele><time>2026-07-05T05:39:23Z</time></trkpt>
<trkpt lat="37.65596445" lon="126.97393916"><ele>468.99</ele><time>2026-07-05T05:39:28Z</time></trkpt>
<trkpt lat="37.65592634" lon="126.97385600"><ele>471.37</ele><time>2026-07-05T05:39:40Z</time></trkpt>
<trkpt lat="37.65594435" lon="126.97377009"><ele>470.18</ele><time>2026-07-05T05:39:50Z</time></trkpt>
<trkpt lat="37.65594540" lon="126.97375913"><ele>469.89</ele><time>2026-07-05T05:39:51Z</time></trkpt>
<trkpt lat="37.65595829" lon="126.97371055"><ele>468.38</ele><time>2026-07-05T05:39:56Z</time></trkpt>
<trkpt lat="37.65596340" lon="126.97369827"><ele>468.08</ele><time>2026-07-05T05:39:57Z</time></trkpt>
<trkpt lat="37.65596937" lon="126.97367832"><ele>467.54</ele><time>2026-07-05T05:39:59Z</time></trkpt>
<trkpt lat="37.65596989" lon="126.97366378"><ele>467.15</ele><time>2026-07-05T05:40:01Z</time></trkpt>
<trkpt lat="37.65594224" lon="126.97358033"><ele>464.34</ele><time>2026-07-05T05:40:11Z</time></trkpt>
<trkpt lat="37.65593791" lon="126.97357257"><ele>464.22</ele><time>2026-07-05T05:40:12Z</time></trkpt>
<trkpt lat="37.65593282" lon="126.97355486"><ele>463.33</ele><time>2026-07-05T05:40:14Z</time></trkpt>
<trkpt lat="37.65593234" lon="126.97354284"><ele>463.05</ele><time>2026-07-05T05:40:15Z</time></trkpt>
<trkpt lat="37.65592800" lon="126.97352043"><ele>463.18</ele><time>2026-07-05T05:40:17Z</time></trkpt>
<trkpt lat="37.65592712" lon="126.97351099"><ele>462.43</ele><time>2026-07-05T05:40:18Z</time></trkpt>
<trkpt lat="37.65596176" lon="126.97342526"><ele>460.74</ele><time>2026-07-05T05:40:30Z</time></trkpt>
<trkpt lat="37.65596935" lon="126.97340469"><ele>460.83</ele><time>2026-07-05T05:40:32Z</time></trkpt>
<trkpt lat="37.65597254" lon="126.97338449"><ele>459.15</ele><time>2026-07-05T05:40:34Z</time></trkpt>
<trkpt lat="37.65597571" lon="126.97337487"><ele>458.42</ele><time>2026-07-05T05:40:35Z</time></trkpt>
<trkpt lat="37.65598180" lon="126.97335439"><ele>457.60</ele><time>2026-07-05T05:40:37Z</time></trkpt>
<trkpt lat="37.65598449" lon="126.97333813"><ele>457.12</ele><time>2026-07-05T05:40:42Z</time></trkpt>
<trkpt lat="37.65598608" lon="126.97331432"><ele>456.35</ele><time>2026-07-05T05:40:45Z</time></trkpt>
<trkpt lat="37.65602054" lon="126.97319669"><ele>453.61</ele><time>2026-07-05T05:41:03Z</time></trkpt>
<trkpt lat="37.65607826" lon="126.97319370"><ele>450.13</ele><time>2026-07-05T05:41:12Z</time></trkpt>
<trkpt lat="37.65603057" lon="126.97306173"><ele>449.83</ele><time>2026-07-05T05:41:24Z</time></trkpt>
<trkpt lat="37.65602702" lon="126.97305330"><ele>450.34</ele><time>2026-07-05T05:41:25Z</time></trkpt>
<trkpt lat="37.65597785" lon="126.97314959"><ele>445.15</ele><time>2026-07-05T05:41:37Z</time></trkpt>
<trkpt lat="37.65596628" lon="126.97312396"><ele>446.92</ele><time>2026-07-05T05:41:48Z</time></trkpt>
<trkpt lat="37.65592537" lon="126.97319760"><ele>443.64</ele><time>2026-07-05T05:42:19Z</time></trkpt>
<trkpt lat="37.65593760" lon="126.97314201"><ele>442.81</ele><time>2026-07-05T05:42:29Z</time></trkpt>
<trkpt lat="37.65598706" lon="126.97313358"><ele>442.80</ele><time>2026-07-05T05:42:41Z</time></trkpt>
<trkpt lat="37.65599969" lon="126.97313167"><ele>443.17</ele><time>2026-07-05T05:42:50Z</time></trkpt>
<trkpt lat="37.65602731" lon="126.97313824"><ele>443.41</ele><time>2026-07-05T05:42:53Z</time></trkpt>
<trkpt lat="37.65606637" lon="126.97307228"><ele>443.68</ele><time>2026-07-05T05:43:02Z</time></trkpt>
<trkpt lat="37.65616568" lon="126.97302429"><ele>441.64</ele><time>2026-07-05T05:43:13Z</time></trkpt>
<trkpt lat="37.65617983" lon="126.97301468"><ele>441.67</ele><time>2026-07-05T05:43:14Z</time></trkpt>
<trkpt lat="37.65619792" lon="126.97301105"><ele>439.88</ele><time>2026-07-05T05:43:16Z</time></trkpt>
<trkpt lat="37.65617415" lon="126.97299126"><ele>438.20</ele><time>2026-07-05T05:43:25Z</time></trkpt>
<trkpt lat="37.65613601" lon="126.97301709"><ele>438.84</ele><time>2026-07-05T05:43:43Z</time></trkpt>
<trkpt lat="37.65616624" lon="126.97299394"><ele>440.32</ele><time>2026-07-05T05:44:16Z</time></trkpt>
<trkpt lat="37.65617215" lon="126.97299731"><ele>440.00</ele><time>2026-07-05T05:45:29Z</time></trkpt>
<trkpt lat="37.65609328" lon="126.97293917"><ele>439.93</ele><time>2026-07-05T05:46:32Z</time></trkpt>
<trkpt lat="37.65608325" lon="126.97292551"><ele>436.97</ele><time>2026-07-05T05:46:42Z</time></trkpt>
<trkpt lat="37.65604686" lon="126.97283668"><ele>434.62</ele><time>2026-07-05T05:46:57Z</time></trkpt>
<trkpt lat="37.65604265" lon="126.97282496"><ele>434.48</ele><time>2026-07-05T05:46:59Z</time></trkpt>
<trkpt lat="37.65599868" lon="126.97278879"><ele>434.48</ele><time>2026-07-05T05:47:10Z</time></trkpt>
<trkpt lat="37.65598692" lon="126.97274349"><ele>431.92</ele><time>2026-07-05T05:47:19Z</time></trkpt>
<trkpt lat="37.65593784" lon="126.97272573"><ele>428.88</ele><time>2026-07-05T05:47:29Z</time></trkpt>
<trkpt lat="37.65592870" lon="126.97272217"><ele>428.32</ele><time>2026-07-05T05:47:30Z</time></trkpt>
<trkpt lat="37.65591041" lon="126.97268038"><ele>424.80</ele><time>2026-07-05T05:47:40Z</time></trkpt>
<trkpt lat="37.65586132" lon="126.97265336"><ele>426.27</ele><time>2026-07-05T05:47:49Z</time></trkpt>
<trkpt lat="37.65585082" lon="126.97264391"><ele>426.56</ele><time>2026-07-05T05:47:51Z</time></trkpt>
<trkpt lat="37.65584299" lon="126.97263444"><ele>423.33</ele><time>2026-07-05T05:47:55Z</time></trkpt>
<trkpt lat="37.65578831" lon="126.97257733"><ele>416.75</ele><time>2026-07-05T05:48:15Z</time></trkpt>
<trkpt lat="37.65578104" lon="126.97257578"><ele>415.54</ele><time>2026-07-05T05:48:20Z</time></trkpt>
<trkpt lat="37.65576213" lon="126.97256576"><ele>415.81</ele><time>2026-07-05T05:48:23Z</time></trkpt>
<trkpt lat="37.65575546" lon="126.97256374"><ele>415.65</ele><time>2026-07-05T05:48:24Z</time></trkpt>
<trkpt lat="37.65568181" lon="126.97249395"><ele>414.81</ele><time>2026-07-05T05:48:39Z</time></trkpt>
<trkpt lat="37.65567189" lon="126.97243290"><ele>412.44</ele><time>2026-07-05T05:48:49Z</time></trkpt>
<trkpt lat="37.65571079" lon="126.97236824"><ele>408.21</ele><time>2026-07-05T05:48:58Z</time></trkpt>
<trkpt lat="37.65572023" lon="126.97234625"><ele>408.30</ele><time>2026-07-05T05:49:01Z</time></trkpt>
<trkpt lat="37.65570403" lon="126.97229099"><ele>405.38</ele><time>2026-07-05T05:49:10Z</time></trkpt>
<trkpt lat="37.65569708" lon="126.97227052"><ele>403.81</ele><time>2026-07-05T05:49:12Z</time></trkpt>
<trkpt lat="37.65569282" lon="126.97226348"><ele>403.63</ele><time>2026-07-05T05:49:13Z</time></trkpt>
<trkpt lat="37.65568140" lon="126.97224962"><ele>404.02</ele><time>2026-07-05T05:49:15Z</time></trkpt>
<trkpt lat="37.65567799" lon="126.97224097"><ele>404.43</ele><time>2026-07-05T05:49:16Z</time></trkpt>
<trkpt lat="37.65571715" lon="126.97210951"><ele>406.01</ele><time>2026-07-05T05:49:31Z</time></trkpt>
<trkpt lat="37.65568530" lon="126.97203974"><ele>406.54</ele><time>2026-07-05T05:49:41Z</time></trkpt>
<trkpt lat="37.65564959" lon="126.97198172"><ele>404.07</ele><time>2026-07-05T05:49:52Z</time></trkpt>
<trkpt lat="37.65564308" lon="126.97197098"><ele>404.29</ele><time>2026-07-05T05:49:55Z</time></trkpt>
<trkpt lat="37.65561164" lon="126.97191743"><ele>404.48</ele><time>2026-07-05T05:50:00Z</time></trkpt>
<trkpt lat="37.65560392" lon="126.97189546"><ele>405.49</ele><time>2026-07-05T05:50:01Z</time></trkpt>
<trkpt lat="37.65557819" lon="126.97184507"><ele>402.89</ele><time>2026-07-05T05:50:20Z</time></trkpt>
<trkpt lat="37.65556748" lon="126.97177100"><ele>401.27</ele><time>2026-07-05T05:50:30Z</time></trkpt>
<trkpt lat="37.65556455" lon="126.97174777"><ele>396.25</ele><time>2026-07-05T05:50:37Z</time></trkpt>
<trkpt lat="37.65558419" lon="126.97167356"><ele>392.02</ele><time>2026-07-05T05:50:46Z</time></trkpt>
<trkpt lat="37.65558662" lon="126.97166365"><ele>392.14</ele><time>2026-07-05T05:50:47Z</time></trkpt>
<trkpt lat="37.65559510" lon="126.97163871"><ele>389.08</ele><time>2026-07-05T05:50:50Z</time></trkpt>
<trkpt lat="37.65559994" lon="126.97163026"><ele>388.94</ele><time>2026-07-05T05:50:51Z</time></trkpt>
<trkpt lat="37.65561656" lon="126.97158994"><ele>387.18</ele><time>2026-07-05T05:50:56Z</time></trkpt>
<trkpt lat="37.65561849" lon="126.97158132"><ele>387.07</ele><time>2026-07-05T05:50:57Z</time></trkpt>
<trkpt lat="37.65562784" lon="126.97155404"><ele>384.94</ele><time>2026-07-05T05:51:01Z</time></trkpt>
<trkpt lat="37.65562897" lon="126.97153537"><ele>384.47</ele><time>2026-07-05T05:51:02Z</time></trkpt>
<trkpt lat="37.65563788" lon="126.97147901"><ele>384.36</ele><time>2026-07-05T05:51:05Z</time></trkpt>
<trkpt lat="37.65564138" lon="126.97145353"><ele>384.57</ele><time>2026-07-05T05:51:06Z</time></trkpt>
<trkpt lat="37.65561667" lon="126.97142243"><ele>386.28</ele><time>2026-07-05T05:51:26Z</time></trkpt>
<trkpt lat="37.65562903" lon="126.97135573"><ele>388.95</ele><time>2026-07-05T05:51:51Z</time></trkpt>
<trkpt lat="37.65558603" lon="126.97120116"><ele>386.14</ele><time>2026-07-05T05:52:09Z</time></trkpt>
<trkpt lat="37.65555841" lon="126.97112950"><ele>384.41</ele><time>2026-07-05T05:52:17Z</time></trkpt>
<trkpt lat="37.65555503" lon="126.97110409"><ele>384.32</ele><time>2026-07-05T05:52:19Z</time></trkpt>
<trkpt lat="37.65557708" lon="126.97096624"><ele>384.75</ele><time>2026-07-05T05:52:28Z</time></trkpt>
<trkpt lat="37.65553856" lon="126.97086272"><ele>384.84</ele><time>2026-07-05T05:52:38Z</time></trkpt>
<trkpt lat="37.65553629" lon="126.97085043"><ele>376.81</ele><time>2026-07-05T05:52:49Z</time></trkpt>
<trkpt lat="37.65553430" lon="126.97083064"><ele>376.91</ele><time>2026-07-05T05:52:51Z</time></trkpt>
<trkpt lat="37.65552652" lon="126.97081136"><ele>377.48</ele><time>2026-07-05T05:52:53Z</time></trkpt>
<trkpt lat="37.65555262" lon="126.97072432"><ele>376.29</ele><time>2026-07-05T05:53:02Z</time></trkpt>
<trkpt lat="37.65555914" lon="126.97070444"><ele>376.63</ele><time>2026-07-05T05:53:04Z</time></trkpt>
<trkpt lat="37.65555666" lon="126.97067181"><ele>376.68</ele><time>2026-07-05T05:53:07Z</time></trkpt>
<trkpt lat="37.65555903" lon="126.97064542"><ele>376.50</ele><time>2026-07-05T05:53:09Z</time></trkpt>
<trkpt lat="37.65555912" lon="126.97063598"><ele>376.36</ele><time>2026-07-05T05:53:10Z</time></trkpt>
<trkpt lat="37.65556222" lon="126.97061389"><ele>376.90</ele><time>2026-07-05T05:53:12Z</time></trkpt>
<trkpt lat="37.65556273" lon="126.97059712"><ele>375.65</ele><time>2026-07-05T05:53:13Z</time></trkpt>
<trkpt lat="37.65556842" lon="126.97056769"><ele>376.00</ele><time>2026-07-05T05:53:15Z</time></trkpt>
<trkpt lat="37.65557257" lon="126.97055823"><ele>376.63</ele><time>2026-07-05T05:53:17Z</time></trkpt>
<trkpt lat="37.65555130" lon="126.97045972"><ele>376.58</ele><time>2026-07-05T05:53:28Z</time></trkpt>
<trkpt lat="37.65556136" lon="126.97036400"><ele>373.31</ele><time>2026-07-05T05:53:37Z</time></trkpt>
<trkpt lat="37.65554925" lon="126.97031950"><ele>371.30</ele><time>2026-07-05T05:53:42Z</time></trkpt>
<trkpt lat="37.65554874" lon="126.97030830"><ele>371.16</ele><time>2026-07-05T05:53:43Z</time></trkpt>
<trkpt lat="37.65554739" lon="126.97028827"><ele>369.99</ele><time>2026-07-05T05:53:46Z</time></trkpt>
<trkpt lat="37.65554607" lon="126.97028000"><ele>370.00</ele><time>2026-07-05T05:53:47Z</time></trkpt>
<trkpt lat="37.65554481" lon="126.97025857"><ele>368.74</ele><time>2026-07-05T05:53:50Z</time></trkpt>
<trkpt lat="37.65553315" lon="126.97018262"><ele>366.54</ele><time>2026-07-05T05:54:01Z</time></trkpt>
<trkpt lat="37.65552950" lon="126.97017091"><ele>366.73</ele><time>2026-07-05T05:54:02Z</time></trkpt>
<trkpt lat="37.65552178" lon="126.97014633"><ele>365.25</ele><time>2026-07-05T05:54:05Z</time></trkpt>
<trkpt lat="37.65551770" lon="126.97013658"><ele>364.81</ele><time>2026-07-05T05:54:06Z</time></trkpt>
<trkpt lat="37.65551289" lon="126.97011637"><ele>364.37</ele><time>2026-07-05T05:54:10Z</time></trkpt>
<trkpt lat="37.65550594" lon="126.97010355"><ele>364.77</ele><time>2026-07-05T05:54:14Z</time></trkpt>
<trkpt lat="37.65549357" lon="126.97008002"><ele>364.88</ele><time>2026-07-05T05:54:17Z</time></trkpt>
<trkpt lat="37.65547989" lon="126.97002836"><ele>364.36</ele><time>2026-07-05T05:54:26Z</time></trkpt>
<trkpt lat="37.65542617" lon="126.96997205"><ele>364.63</ele><time>2026-07-05T05:54:37Z</time></trkpt>
<trkpt lat="37.65538125" lon="126.96997035"><ele>364.84</ele><time>2026-07-05T05:54:47Z</time></trkpt>
<trkpt lat="37.65536395" lon="126.96997074"><ele>363.73</ele><time>2026-07-05T05:54:51Z</time></trkpt>
<trkpt lat="37.65533325" lon="126.96993761"><ele>364.08</ele><time>2026-07-05T05:55:02Z</time></trkpt>
<trkpt lat="37.65528260" lon="126.96988503"><ele>360.15</ele><time>2026-07-05T05:55:24Z</time></trkpt>
<trkpt lat="37.65527163" lon="126.96984291"><ele>360.38</ele><time>2026-07-05T05:55:29Z</time></trkpt>
<trkpt lat="37.65525926" lon="126.96981354"><ele>359.63</ele><time>2026-07-05T05:55:34Z</time></trkpt>
<trkpt lat="37.65525633" lon="126.96980616"><ele>359.99</ele><time>2026-07-05T05:55:35Z</time></trkpt>
<trkpt lat="37.65524495" lon="126.96979490"><ele>359.58</ele><time>2026-07-05T05:55:43Z</time></trkpt>
<trkpt lat="37.65523285" lon="126.96969899"><ele>360.06</ele><time>2026-07-05T05:55:55Z</time></trkpt>
<trkpt lat="37.65521612" lon="126.96963942"><ele>353.42</ele><time>2026-07-05T05:56:05Z</time></trkpt>
<trkpt lat="37.65519001" lon="126.96959803"><ele>354.06</ele><time>2026-07-05T05:56:11Z</time></trkpt>
<trkpt lat="37.65518401" lon="126.96959261"><ele>353.21</ele><time>2026-07-05T05:56:12Z</time></trkpt>
<trkpt lat="37.65509877" lon="126.96952442"><ele>351.21</ele><time>2026-07-05T05:56:25Z</time></trkpt>
<trkpt lat="37.65509054" lon="126.96952033"><ele>351.13</ele><time>2026-07-05T05:56:26Z</time></trkpt>
<trkpt lat="37.65507081" lon="126.96950285"><ele>351.31</ele><time>2026-07-05T05:56:28Z</time></trkpt>
<trkpt lat="37.65506175" lon="126.96949690"><ele>351.63</ele><time>2026-07-05T05:56:29Z</time></trkpt>
<trkpt lat="37.65504128" lon="126.96948341"><ele>351.40</ele><time>2026-07-05T05:56:31Z</time></trkpt>
<trkpt lat="37.65502713" lon="126.96947158"><ele>347.93</ele><time>2026-07-05T05:56:33Z</time></trkpt>
<trkpt lat="37.65500496" lon="126.96945769"><ele>347.48</ele><time>2026-07-05T05:56:35Z</time></trkpt>
<trkpt lat="37.65499224" lon="126.96944469"><ele>347.80</ele><time>2026-07-05T05:56:36Z</time></trkpt>
<trkpt lat="37.65497100" lon="126.96942434"><ele>347.78</ele><time>2026-07-05T05:56:38Z</time></trkpt>
<trkpt lat="37.65495977" lon="126.96941896"><ele>347.75</ele><time>2026-07-05T05:56:39Z</time></trkpt>
<trkpt lat="37.65494081" lon="126.96941075"><ele>347.22</ele><time>2026-07-05T05:56:41Z</time></trkpt>
<trkpt lat="37.65493388" lon="126.96940224"><ele>347.14</ele><time>2026-07-05T05:56:42Z</time></trkpt>
<trkpt lat="37.65491768" lon="126.96936630"><ele>347.81</ele><time>2026-07-05T05:56:45Z</time></trkpt>
<trkpt lat="37.65491384" lon="126.96935496"><ele>347.57</ele><time>2026-07-05T05:56:46Z</time></trkpt>
<trkpt lat="37.65490124" lon="126.96933267"><ele>347.00</ele><time>2026-07-05T05:56:48Z</time></trkpt>
<trkpt lat="37.65488506" lon="126.96931418"><ele>346.73</ele><time>2026-07-05T05:56:50Z</time></trkpt>
<trkpt lat="37.65487457" lon="126.96930542"><ele>347.17</ele><time>2026-07-05T05:56:51Z</time></trkpt>
<trkpt lat="37.65482302" lon="126.96915392"><ele>340.71</ele><time>2026-07-05T05:57:04Z</time></trkpt>
<trkpt lat="37.65472009" lon="126.96909497"><ele>342.62</ele><time>2026-07-05T05:57:13Z</time></trkpt>
<trkpt lat="37.65462346" lon="126.96897406"><ele>347.01</ele><time>2026-07-05T05:57:27Z</time></trkpt>
<trkpt lat="37.65461166" lon="126.96887014"><ele>348.57</ele><time>2026-07-05T05:57:36Z</time></trkpt>
<trkpt lat="37.65457395" lon="126.96875014"><ele>343.45</ele><time>2026-07-05T05:57:47Z</time></trkpt>
<trkpt lat="37.65457097" lon="126.96873618"><ele>343.80</ele><time>2026-07-05T05:57:48Z</time></trkpt>
<trkpt lat="37.65455397" lon="126.96869358"><ele>344.80</ele><time>2026-07-05T05:57:51Z</time></trkpt>
<trkpt lat="37.65454834" lon="126.96868178"><ele>344.67</ele><time>2026-07-05T05:57:52Z</time></trkpt>
<trkpt lat="37.65454897" lon="126.96863885"><ele>343.59</ele><time>2026-07-05T05:57:55Z</time></trkpt>
<trkpt lat="37.65455151" lon="126.96862556"><ele>343.84</ele><time>2026-07-05T05:57:56Z</time></trkpt>
<trkpt lat="37.65455274" lon="126.96859810"><ele>344.39</ele><time>2026-07-05T05:57:58Z</time></trkpt>
<trkpt lat="37.65455294" lon="126.96858444"><ele>344.30</ele><time>2026-07-05T05:57:59Z</time></trkpt>
<trkpt lat="37.65455402" lon="126.96855961"><ele>343.92</ele><time>2026-07-05T05:58:01Z</time></trkpt>
<trkpt lat="37.65454984" lon="126.96852622"><ele>343.65</ele><time>2026-07-05T05:58:04Z</time></trkpt>
<trkpt lat="37.65455501" lon="126.96842939"><ele>339.20</ele><time>2026-07-05T05:58:14Z</time></trkpt>
<trkpt lat="37.65458656" lon="126.96826354"><ele>336.73</ele><time>2026-07-05T05:58:31Z</time></trkpt>
<trkpt lat="37.65460351" lon="126.96820057"><ele>336.52</ele><time>2026-07-05T05:58:38Z</time></trkpt>
<trkpt lat="37.65460108" lon="126.96818176"><ele>336.04</ele><time>2026-07-05T05:58:40Z</time></trkpt>
<trkpt lat="37.65459884" lon="126.96817024"><ele>336.06</ele><time>2026-07-05T05:58:41Z</time></trkpt>
<trkpt lat="37.65459159" lon="126.96814606"><ele>335.15</ele><time>2026-07-05T05:58:43Z</time></trkpt>
<trkpt lat="37.65458718" lon="126.96813380"><ele>331.40</ele><time>2026-07-05T05:58:44Z</time></trkpt>
<trkpt lat="37.65457914" lon="126.96809304"><ele>332.35</ele><time>2026-07-05T05:58:47Z</time></trkpt>
<trkpt lat="37.65457680" lon="126.96808082"><ele>332.49</ele><time>2026-07-05T05:58:48Z</time></trkpt>
<trkpt lat="37.65457127" lon="126.96805401"><ele>332.73</ele><time>2026-07-05T05:58:50Z</time></trkpt>
<trkpt lat="37.65457025" lon="126.96804050"><ele>332.69</ele><time>2026-07-05T05:58:51Z</time></trkpt>
<trkpt lat="37.65457315" lon="126.96801741"><ele>332.46</ele><time>2026-07-05T05:58:53Z</time></trkpt>
<trkpt lat="37.65457314" lon="126.96798844"><ele>331.45</ele><time>2026-07-05T05:58:56Z</time></trkpt>
<trkpt lat="37.65457630" lon="126.96796227"><ele>331.65</ele><time>2026-07-05T05:58:58Z</time></trkpt>
<trkpt lat="37.65457937" lon="126.96795067"><ele>332.13</ele><time>2026-07-05T05:58:59Z</time></trkpt>
<trkpt lat="37.65458506" lon="126.96793457"><ele>331.19</ele><time>2026-07-05T05:59:01Z</time></trkpt>
<trkpt lat="37.65459254" lon="126.96786768"><ele>329.65</ele><time>2026-07-05T05:59:06Z</time></trkpt>
<trkpt lat="37.65452826" lon="126.96780459"><ele>324.44</ele><time>2026-07-05T05:59:17Z</time></trkpt>
<trkpt lat="37.65451962" lon="126.96779809"><ele>323.55</ele><time>2026-07-05T05:59:19Z</time></trkpt>
<trkpt lat="37.65454494" lon="126.96769221"><ele>325.71</ele><time>2026-07-05T05:59:29Z</time></trkpt>
<trkpt lat="37.65453587" lon="126.96758981"><ele>323.94</ele><time>2026-07-05T05:59:39Z</time></trkpt>
<trkpt lat="37.65453266" lon="126.96757546"><ele>324.02</ele><time>2026-07-05T05:59:40Z</time></trkpt>
<trkpt lat="37.65452239" lon="126.96755283"><ele>322.12</ele><time>2026-07-05T05:59:43Z</time></trkpt>
<trkpt lat="37.65451178" lon="126.96753170"><ele>321.85</ele><time>2026-07-05T05:59:45Z</time></trkpt>
<trkpt lat="37.65449211" lon="126.96751440"><ele>320.26</ele><time>2026-07-05T05:59:47Z</time></trkpt>
<trkpt lat="37.65448377" lon="126.96750487"><ele>319.34</ele><time>2026-07-05T05:59:48Z</time></trkpt>
<trkpt lat="37.65441970" lon="126.96744316"><ele>317.14</ele><time>2026-07-05T05:59:59Z</time></trkpt>
<trkpt lat="37.65440272" lon="126.96736393"><ele>315.44</ele><time>2026-07-05T06:00:08Z</time></trkpt>
<trkpt lat="37.65444041" lon="126.96725988"><ele>313.23</ele><time>2026-07-05T06:00:19Z</time></trkpt>
<trkpt lat="37.65450312" lon="126.96734909"><ele>309.04</ele><time>2026-07-05T06:00:28Z</time></trkpt>
<trkpt lat="37.65453199" lon="126.96738469"><ele>308.52</ele><time>2026-07-05T06:00:32Z</time></trkpt>
<trkpt lat="37.65456550" lon="126.96741228"><ele>309.03</ele><time>2026-07-05T06:00:36Z</time></trkpt>
<trkpt lat="37.65458058" lon="126.96743275"><ele>310.05</ele><time>2026-07-05T06:00:38Z</time></trkpt>
<trkpt lat="37.65458533" lon="126.96744684"><ele>311.45</ele><time>2026-07-05T06:00:39Z</time></trkpt>
<trkpt lat="37.65466726" lon="126.96755501"><ele>314.18</ele><time>2026-07-05T06:00:49Z</time></trkpt>
<trkpt lat="37.65467644" lon="126.96756494"><ele>314.34</ele><time>2026-07-05T06:00:50Z</time></trkpt>
<trkpt lat="37.65469782" lon="126.96758002"><ele>314.17</ele><time>2026-07-05T06:00:52Z</time></trkpt>
<trkpt lat="37.65471743" lon="126.96759461"><ele>316.53</ele><time>2026-07-05T06:00:55Z</time></trkpt>
<trkpt lat="37.65472472" lon="126.96760073"><ele>316.69</ele><time>2026-07-05T06:00:56Z</time></trkpt>
<trkpt lat="37.65474441" lon="126.96761541"><ele>318.94</ele><time>2026-07-05T06:00:59Z</time></trkpt>
<trkpt lat="37.65475258" lon="126.96762324"><ele>318.49</ele><time>2026-07-05T06:01:00Z</time></trkpt>
<trkpt lat="37.65476845" lon="126.96763438"><ele>317.64</ele><time>2026-07-05T06:01:02Z</time></trkpt>
<trkpt lat="37.65486709" lon="126.96763524"><ele>316.07</ele><time>2026-07-05T06:01:11Z</time></trkpt>
<trkpt lat="37.65488838" lon="126.96763564"><ele>316.51</ele><time>2026-07-05T06:01:13Z</time></trkpt>
<trkpt lat="37.65489803" lon="126.96763710"><ele>316.86</ele><time>2026-07-05T06:01:14Z</time></trkpt>
<trkpt lat="37.65490379" lon="126.96760622"><ele>316.25</ele><time>2026-07-05T06:04:09Z</time></trkpt>
<trkpt lat="37.65489663" lon="126.96761174"><ele>317.72</ele><time>2026-07-05T06:04:28Z</time></trkpt>
<trkpt lat="37.65488149" lon="126.96762514"><ele>318.23</ele><time>2026-07-05T06:04:30Z</time></trkpt>
<trkpt lat="37.65487152" lon="126.96763167"><ele>318.43</ele><time>2026-07-05T06:04:31Z</time></trkpt>
<trkpt lat="37.65485432" lon="126.96763908"><ele>317.27</ele><time>2026-07-05T06:04:33Z</time></trkpt>
<trkpt lat="37.65484724" lon="126.96764211"><ele>316.65</ele><time>2026-07-05T06:04:34Z</time></trkpt>
<trkpt lat="37.65483165" lon="126.96764866"><ele>317.57</ele><time>2026-07-05T06:04:36Z</time></trkpt>
<trkpt lat="37.65482052" lon="126.96764841"><ele>317.31</ele><time>2026-07-05T06:04:37Z</time></trkpt>
<trkpt lat="37.65479771" lon="126.96765132"><ele>316.65</ele><time>2026-07-05T06:04:39Z</time></trkpt>
<trkpt lat="37.65471476" lon="126.96759359"><ele>315.15</ele><time>2026-07-05T06:04:48Z</time></trkpt>
<trkpt lat="37.65469596" lon="126.96758461"><ele>313.77</ele><time>2026-07-05T06:04:50Z</time></trkpt>
<trkpt lat="37.65467536" lon="126.96756994"><ele>314.34</ele><time>2026-07-05T06:04:53Z</time></trkpt>
<trkpt lat="37.65465409" lon="126.96753309"><ele>313.66</ele><time>2026-07-05T06:04:57Z</time></trkpt>
<trkpt lat="37.65463545" lon="126.96751403"><ele>313.25</ele><time>2026-07-05T06:04:59Z</time></trkpt>
<trkpt lat="37.65462853" lon="126.96751104"><ele>313.62</ele><time>2026-07-05T06:05:00Z</time></trkpt>
<trkpt lat="37.65460661" lon="126.96750352"><ele>313.40</ele><time>2026-07-05T06:05:03Z</time></trkpt>
<trkpt lat="37.65454755" lon="126.96741479"><ele>314.23</ele><time>2026-07-05T06:05:12Z</time></trkpt>
<trkpt lat="37.65453007" lon="126.96739928"><ele>313.98</ele><time>2026-07-05T06:05:14Z</time></trkpt>
<trkpt lat="37.65452191" lon="126.96739078"><ele>313.88</ele><time>2026-07-05T06:05:15Z</time></trkpt>
<trkpt lat="37.65450567" lon="126.96738311"><ele>313.15</ele><time>2026-07-05T06:05:17Z</time></trkpt>
<trkpt lat="37.65449676" lon="126.96738156"><ele>312.44</ele><time>2026-07-05T06:05:18Z</time></trkpt>
<trkpt lat="37.65446766" lon="126.96737446"><ele>312.76</ele><time>2026-07-05T06:05:21Z</time></trkpt>
<trkpt lat="37.65441609" lon="126.96730532"><ele>311.13</ele><time>2026-07-05T06:05:31Z</time></trkpt>
<trkpt lat="37.65431447" lon="126.96715130"><ele>306.70</ele><time>2026-07-05T06:05:49Z</time></trkpt>
<trkpt lat="37.65428880" lon="126.96710908"><ele>306.28</ele><time>2026-07-05T06:05:54Z</time></trkpt>
<trkpt lat="37.65424797" lon="126.96707355"><ele>305.71</ele><time>2026-07-05T06:06:00Z</time></trkpt>
<trkpt lat="37.65424159" lon="126.96706825"><ele>305.69</ele><time>2026-07-05T06:06:01Z</time></trkpt>
<trkpt lat="37.65421445" lon="126.96696408"><ele>306.79</ele><time>2026-07-05T06:06:11Z</time></trkpt>
<trkpt lat="37.65417578" lon="126.96685766"><ele>303.19</ele><time>2026-07-05T06:06:25Z</time></trkpt>
<trkpt lat="37.65416794" lon="126.96685139"><ele>303.36</ele><time>2026-07-05T06:06:26Z</time></trkpt>
<trkpt lat="37.65411648" lon="126.96674529"><ele>304.86</ele><time>2026-07-05T06:06:36Z</time></trkpt>
<trkpt lat="37.65411292" lon="126.96673446"><ele>305.37</ele><time>2026-07-05T06:06:37Z</time></trkpt>
<trkpt lat="37.65406403" lon="126.96667971"><ele>304.56</ele><time>2026-07-05T06:06:46Z</time></trkpt>
<trkpt lat="37.65405649" lon="126.96667424"><ele>303.85</ele><time>2026-07-05T06:06:47Z</time></trkpt>
<trkpt lat="37.65404613" lon="126.96666319"><ele>303.32</ele><time>2026-07-05T06:06:49Z</time></trkpt>
<trkpt lat="37.65404209" lon="126.96665678"><ele>302.90</ele><time>2026-07-05T06:06:50Z</time></trkpt>
<trkpt lat="37.65403538" lon="126.96663159"><ele>302.97</ele><time>2026-07-05T06:06:53Z</time></trkpt>
<trkpt lat="37.65403203" lon="126.96662161"><ele>302.49</ele><time>2026-07-05T06:06:54Z</time></trkpt>
<trkpt lat="37.65402619" lon="126.96660472"><ele>301.18</ele><time>2026-07-05T06:06:56Z</time></trkpt>
<trkpt lat="37.65402423" lon="126.96659520"><ele>301.09</ele><time>2026-07-05T06:06:57Z</time></trkpt>
<trkpt lat="37.65402385" lon="126.96655908"><ele>298.13</ele><time>2026-07-05T06:07:00Z</time></trkpt>
<trkpt lat="37.65402493" lon="126.96654967"><ele>298.48</ele><time>2026-07-05T06:07:01Z</time></trkpt>
<trkpt lat="37.65402559" lon="126.96652955"><ele>297.97</ele><time>2026-07-05T06:07:03Z</time></trkpt>
<trkpt lat="37.65402728" lon="126.96652005"><ele>297.71</ele><time>2026-07-05T06:07:04Z</time></trkpt>
<trkpt lat="37.65394935" lon="126.96646108"><ele>297.38</ele><time>2026-07-05T06:07:14Z</time></trkpt>
<trkpt lat="37.65395690" lon="126.96635832"><ele>297.90</ele><time>2026-07-05T06:07:24Z</time></trkpt>
<trkpt lat="37.65397615" lon="126.96631457"><ele>294.68</ele><time>2026-07-05T06:07:29Z</time></trkpt>
<trkpt lat="37.65400330" lon="126.96627544"><ele>290.84</ele><time>2026-07-05T06:07:34Z</time></trkpt>
<trkpt lat="37.65400888" lon="126.96626458"><ele>290.69</ele><time>2026-07-05T06:07:35Z</time></trkpt>
<trkpt lat="37.65398443" lon="126.96611785"><ele>293.29</ele><time>2026-07-05T06:07:53Z</time></trkpt>
<trkpt lat="37.65398249" lon="126.96608206"><ele>289.54</ele><time>2026-07-05T06:07:58Z</time></trkpt>
<trkpt lat="37.65400786" lon="126.96600473"><ele>290.95</ele><time>2026-07-05T06:08:09Z</time></trkpt>
<trkpt lat="37.65398410" lon="126.96593206"><ele>290.81</ele><time>2026-07-05T06:08:19Z</time></trkpt>
<trkpt lat="37.65397952" lon="126.96585181"><ele>284.13</ele><time>2026-07-05T06:08:34Z</time></trkpt>
<trkpt lat="37.65398371" lon="126.96584199"><ele>283.69</ele><time>2026-07-05T06:08:36Z</time></trkpt>
<trkpt lat="37.65399174" lon="126.96582435"><ele>283.60</ele><time>2026-07-05T06:08:38Z</time></trkpt>
<trkpt lat="37.65399386" lon="126.96581293"><ele>283.49</ele><time>2026-07-05T06:08:39Z</time></trkpt>
<trkpt lat="37.65399978" lon="126.96579013"><ele>283.48</ele><time>2026-07-05T06:08:41Z</time></trkpt>
<trkpt lat="37.65400327" lon="126.96577776"><ele>283.45</ele><time>2026-07-05T06:08:42Z</time></trkpt>
<trkpt lat="37.65400961" lon="126.96575640"><ele>282.68</ele><time>2026-07-05T06:08:44Z</time></trkpt>
<trkpt lat="37.65401160" lon="126.96574482"><ele>282.83</ele><time>2026-07-05T06:08:45Z</time></trkpt>
<trkpt lat="37.65402193" lon="126.96569110"><ele>274.55</ele><time>2026-07-05T06:09:01Z</time></trkpt>
<trkpt lat="37.65403101" lon="126.96568052"><ele>275.06</ele><time>2026-07-05T06:09:03Z</time></trkpt>
<trkpt lat="37.65405933" lon="126.96560730"><ele>269.91</ele><time>2026-07-05T06:09:15Z</time></trkpt>
<trkpt lat="37.65400062" lon="126.96554966"><ele>266.49</ele><time>2026-07-05T06:09:25Z</time></trkpt>
<trkpt lat="37.65399666" lon="126.96553963"><ele>266.81</ele><time>2026-07-05T06:09:26Z</time></trkpt>
<trkpt lat="37.65393254" lon="126.96546745"><ele>267.51</ele><time>2026-07-05T06:09:35Z</time></trkpt>
<trkpt lat="37.65392489" lon="126.96545759"><ele>267.83</ele><time>2026-07-05T06:09:36Z</time></trkpt>
<trkpt lat="37.65391450" lon="126.96543993"><ele>269.15</ele><time>2026-07-05T06:09:38Z</time></trkpt>
<trkpt lat="37.65390626" lon="126.96542991"><ele>270.29</ele><time>2026-07-05T06:09:39Z</time></trkpt>
<trkpt lat="37.65389225" lon="126.96540843"><ele>269.46</ele><time>2026-07-05T06:09:41Z</time></trkpt>
<trkpt lat="37.65388772" lon="126.96540081"><ele>269.75</ele><time>2026-07-05T06:09:42Z</time></trkpt>
<trkpt lat="37.65388262" lon="126.96538081"><ele>269.53</ele><time>2026-07-05T06:09:44Z</time></trkpt>
<trkpt lat="37.65388241" lon="126.96536354"><ele>270.47</ele><time>2026-07-05T06:09:46Z</time></trkpt>
<trkpt lat="37.65379621" lon="126.96530704"><ele>269.04</ele><time>2026-07-05T06:09:56Z</time></trkpt>
<trkpt lat="37.65378862" lon="126.96529245"><ele>270.08</ele><time>2026-07-05T06:09:57Z</time></trkpt>
<trkpt lat="37.65377294" lon="126.96526557"><ele>271.66</ele><time>2026-07-05T06:09:59Z</time></trkpt>
<trkpt lat="37.65376722" lon="126.96524659"><ele>272.29</ele><time>2026-07-05T06:10:00Z</time></trkpt>
<trkpt lat="37.65375445" lon="126.96521258"><ele>273.18</ele><time>2026-07-05T06:10:02Z</time></trkpt>
<trkpt lat="37.65374558" lon="126.96519916"><ele>273.98</ele><time>2026-07-05T06:10:03Z</time></trkpt>
<trkpt lat="37.65375745" lon="126.96512944"><ele>270.77</ele><time>2026-07-05T06:10:16Z</time></trkpt>
<trkpt lat="37.65375867" lon="126.96509296"><ele>268.79</ele><time>2026-07-05T06:10:19Z</time></trkpt>
<trkpt lat="37.65375868" lon="126.96507522"><ele>268.33</ele><time>2026-07-05T06:10:20Z</time></trkpt>
<trkpt lat="37.65374703" lon="126.96503538"><ele>269.13</ele><time>2026-07-05T06:10:23Z</time></trkpt>
<trkpt lat="37.65374215" lon="126.96502163"><ele>266.60</ele><time>2026-07-05T06:10:25Z</time></trkpt>
<trkpt lat="37.65369741" lon="126.96495505"><ele>259.20</ele><time>2026-07-05T06:10:35Z</time></trkpt>
<trkpt lat="37.65368075" lon="126.96494153"><ele>259.82</ele><time>2026-07-05T06:10:37Z</time></trkpt>
<trkpt lat="37.65362046" lon="126.96486617"><ele>256.61</ele><time>2026-07-05T06:10:47Z</time></trkpt>
<trkpt lat="37.65361078" lon="126.96485946"><ele>256.32</ele><time>2026-07-05T06:10:48Z</time></trkpt>
<trkpt lat="37.65355607" lon="126.96483070"><ele>257.82</ele><time>2026-07-05T06:10:54Z</time></trkpt>
<trkpt lat="37.65351429" lon="126.96472380"><ele>260.88</ele><time>2026-07-05T06:11:03Z</time></trkpt>
<trkpt lat="37.65350172" lon="126.96470161"><ele>259.96</ele><time>2026-07-05T06:11:05Z</time></trkpt>
<trkpt lat="37.65349214" lon="126.96469211"><ele>260.66</ele><time>2026-07-05T06:11:06Z</time></trkpt>
<trkpt lat="37.65345041" lon="126.96461147"><ele>257.06</ele><time>2026-07-05T06:11:14Z</time></trkpt>
<trkpt lat="37.65340264" lon="126.96457563"><ele>258.87</ele><time>2026-07-05T06:11:20Z</time></trkpt>
<trkpt lat="37.65338354" lon="126.96455229"><ele>258.67</ele><time>2026-07-05T06:11:23Z</time></trkpt>
<trkpt lat="37.65337850" lon="126.96454551"><ele>258.18</ele><time>2026-07-05T06:11:24Z</time></trkpt>
<trkpt lat="37.65337031" lon="126.96450349"><ele>256.20</ele><time>2026-07-05T06:11:28Z</time></trkpt>
<trkpt lat="37.65337010" lon="126.96449077"><ele>255.99</ele><time>2026-07-05T06:11:29Z</time></trkpt>
<trkpt lat="37.65334902" lon="126.96443042"><ele>255.96</ele><time>2026-07-05T06:11:34Z</time></trkpt>
<trkpt lat="37.65333655" lon="126.96428702"><ele>256.93</ele><time>2026-07-05T06:11:46Z</time></trkpt>
<trkpt lat="37.65333528" lon="126.96427199"><ele>256.68</ele><time>2026-07-05T06:11:47Z</time></trkpt>
<trkpt lat="37.65327857" lon="126.96413524"><ele>257.88</ele><time>2026-07-05T06:11:57Z</time></trkpt>
<trkpt lat="37.65327357" lon="126.96412389"><ele>257.70</ele><time>2026-07-05T06:11:58Z</time></trkpt>
<trkpt lat="37.65322827" lon="126.96408149"><ele>253.39</ele><time>2026-07-05T06:12:06Z</time></trkpt>
<trkpt lat="37.65317967" lon="126.96397059"><ele>252.30</ele><time>2026-07-05T06:12:15Z</time></trkpt>
<trkpt lat="37.65317405" lon="126.96394449"><ele>251.66</ele><time>2026-07-05T06:12:17Z</time></trkpt>
<trkpt lat="37.65318989" lon="126.96383555"><ele>248.17</ele><time>2026-07-05T06:12:25Z</time></trkpt>
<trkpt lat="37.65319379" lon="126.96374918"><ele>245.37</ele><time>2026-07-05T06:12:33Z</time></trkpt>
<trkpt lat="37.65318011" lon="126.96364116"><ele>246.49</ele><time>2026-07-05T06:12:42Z</time></trkpt>
<trkpt lat="37.65318795" lon="126.96351252"><ele>250.60</ele><time>2026-07-05T06:12:55Z</time></trkpt>
<trkpt lat="37.65314150" lon="126.96341410"><ele>245.35</ele><time>2026-07-05T06:13:04Z</time></trkpt>
<trkpt lat="37.65309564" lon="126.96328501"><ele>245.22</ele><time>2026-07-05T06:13:18Z</time></trkpt>
<trkpt lat="37.65316612" lon="126.96321065"><ele>239.54</ele><time>2026-07-05T06:13:27Z</time></trkpt>
<trkpt lat="37.65318184" lon="126.96319790"><ele>238.89</ele><time>2026-07-05T06:13:29Z</time></trkpt>
<trkpt lat="37.65318829" lon="126.96318757"><ele>238.86</ele><time>2026-07-05T06:13:30Z</time></trkpt>
<trkpt lat="37.65322643" lon="126.96313488"><ele>236.40</ele><time>2026-07-05T06:13:37Z</time></trkpt>
<trkpt lat="37.65322782" lon="126.96296868"><ele>230.55</ele><time>2026-07-05T06:13:55Z</time></trkpt>
<trkpt lat="37.65323392" lon="126.96295897"><ele>229.42</ele><time>2026-07-05T06:13:56Z</time></trkpt>
<trkpt lat="37.65325268" lon="126.96293425"><ele>230.99</ele><time>2026-07-05T06:13:59Z</time></trkpt>
<trkpt lat="37.65325788" lon="126.96292648"><ele>229.73</ele><time>2026-07-05T06:14:00Z</time></trkpt>
<trkpt lat="37.65318530" lon="126.96286568"><ele>226.99</ele><time>2026-07-05T06:14:12Z</time></trkpt>
<trkpt lat="37.65319884" lon="126.96275874"><ele>224.82</ele><time>2026-07-05T06:14:21Z</time></trkpt>
<trkpt lat="37.65319788" lon="126.96273750"><ele>224.29</ele><time>2026-07-05T06:14:23Z</time></trkpt>
<trkpt lat="37.65318802" lon="126.96271200"><ele>222.44</ele><time>2026-07-05T06:14:26Z</time></trkpt>
<trkpt lat="37.65314384" lon="126.96259670"><ele>220.01</ele><time>2026-07-05T06:14:38Z</time></trkpt>
<trkpt lat="37.65313641" lon="126.96255249"><ele>218.45</ele><time>2026-07-05T06:14:42Z</time></trkpt>
<trkpt lat="37.65312076" lon="126.96251216"><ele>216.35</ele><time>2026-07-05T06:14:46Z</time></trkpt>
<trkpt lat="37.65311818" lon="126.96250042"><ele>215.32</ele><time>2026-07-05T06:14:47Z</time></trkpt>
<trkpt lat="37.65303215" lon="126.96247385"><ele>213.34</ele><time>2026-07-05T06:14:57Z</time></trkpt>
<trkpt lat="37.65294457" lon="126.96251118"><ele>213.84</ele><time>2026-07-05T06:15:06Z</time></trkpt>
<trkpt lat="37.65290057" lon="126.96255069"><ele>212.62</ele><time>2026-07-05T06:15:11Z</time></trkpt>
<trkpt lat="37.65289121" lon="126.96255721"><ele>211.96</ele><time>2026-07-05T06:15:12Z</time></trkpt>
<trkpt lat="37.65287117" lon="126.96258664"><ele>210.77</ele><time>2026-07-05T06:15:15Z</time></trkpt>
<trkpt lat="37.65286412" lon="126.96259703"><ele>211.63</ele><time>2026-07-05T06:15:16Z</time></trkpt>
<trkpt lat="37.65284723" lon="126.96261513"><ele>211.83</ele><time>2026-07-05T06:15:18Z</time></trkpt>
<trkpt lat="37.65282772" lon="126.96262498"><ele>212.79</ele><time>2026-07-05T06:15:20Z</time></trkpt>
<trkpt lat="37.65281835" lon="126.96262909"><ele>212.64</ele><time>2026-07-05T06:15:21Z</time></trkpt>
<trkpt lat="37.65279900" lon="126.96263682"><ele>212.05</ele><time>2026-07-05T06:15:23Z</time></trkpt>
<trkpt lat="37.65278935" lon="126.96264146"><ele>212.35</ele><time>2026-07-05T06:15:24Z</time></trkpt>
<trkpt lat="37.65276990" lon="126.96265418"><ele>211.45</ele><time>2026-07-05T06:15:26Z</time></trkpt>
<trkpt lat="37.65276005" lon="126.96265991"><ele>211.68</ele><time>2026-07-05T06:15:27Z</time></trkpt>
<trkpt lat="37.65274129" lon="126.96267664"><ele>212.70</ele><time>2026-07-05T06:15:29Z</time></trkpt>
<trkpt lat="37.65273423" lon="126.96268806"><ele>211.68</ele><time>2026-07-05T06:15:30Z</time></trkpt>
<trkpt lat="37.65271529" lon="126.96270732"><ele>211.73</ele><time>2026-07-05T06:15:32Z</time></trkpt>
<trkpt lat="37.65270509" lon="126.96271195"><ele>212.25</ele><time>2026-07-05T06:15:33Z</time></trkpt>
<trkpt lat="37.65267590" lon="126.96273012"><ele>212.11</ele><time>2026-07-05T06:15:36Z</time></trkpt>
<trkpt lat="37.65265330" lon="126.96273583"><ele>212.56</ele><time>2026-07-05T06:15:38Z</time></trkpt>
<trkpt lat="37.65263333" lon="126.96274786"><ele>211.75</ele><time>2026-07-05T06:15:40Z</time></trkpt>
<trkpt lat="37.65262368" lon="126.96275549"><ele>211.41</ele><time>2026-07-05T06:15:41Z</time></trkpt>
<trkpt lat="37.65260691" lon="126.96277350"><ele>210.91</ele><time>2026-07-05T06:15:43Z</time></trkpt>
<trkpt lat="37.65259823" lon="126.96277881"><ele>210.65</ele><time>2026-07-05T06:15:44Z</time></trkpt>
<trkpt lat="37.65250231" lon="126.96280953"><ele>207.98</ele><time>2026-07-05T06:15:54Z</time></trkpt>
<trkpt lat="37.65248340" lon="126.96281434"><ele>207.90</ele><time>2026-07-05T06:15:56Z</time></trkpt>
<trkpt lat="37.65247356" lon="126.96281538"><ele>207.27</ele><time>2026-07-05T06:15:57Z</time></trkpt>
<trkpt lat="37.65240753" lon="126.96270223"><ele>206.65</ele><time>2026-07-05T06:16:07Z</time></trkpt>
<trkpt lat="37.65240050" lon="126.96269384"><ele>206.63</ele><time>2026-07-05T06:16:08Z</time></trkpt>
<trkpt lat="37.65236621" lon="126.96256678"><ele>206.07</ele><time>2026-07-05T06:16:18Z</time></trkpt>
<trkpt lat="37.65236540" lon="126.96255476"><ele>206.24</ele><time>2026-07-05T06:16:19Z</time></trkpt>
<trkpt lat="37.65236934" lon="126.96240141"><ele>205.42</ele><time>2026-07-05T06:16:31Z</time></trkpt>
<trkpt lat="37.65244085" lon="126.96230674"><ele>202.58</ele><time>2026-07-05T06:16:40Z</time></trkpt>
<trkpt lat="37.65245564" lon="126.96228127"><ele>202.43</ele><time>2026-07-05T06:16:42Z</time></trkpt>
<trkpt lat="37.65246239" lon="126.96227111"><ele>202.28</ele><time>2026-07-05T06:16:43Z</time></trkpt>
<trkpt lat="37.65247443" lon="126.96224366"><ele>202.16</ele><time>2026-07-05T06:16:45Z</time></trkpt>
<trkpt lat="37.65248032" lon="126.96223132"><ele>202.68</ele><time>2026-07-05T06:16:46Z</time></trkpt>
<trkpt lat="37.65249686" lon="126.96220984"><ele>202.69</ele><time>2026-07-05T06:16:48Z</time></trkpt>
<trkpt lat="37.65250431" lon="126.96219943"><ele>202.81</ele><time>2026-07-05T06:16:49Z</time></trkpt>
<trkpt lat="37.65251927" lon="126.96217786"><ele>203.61</ele><time>2026-07-05T06:16:51Z</time></trkpt>
<trkpt lat="37.65252895" lon="126.96216961"><ele>203.03</ele><time>2026-07-05T06:16:52Z</time></trkpt>
<trkpt lat="37.65254660" lon="126.96215195"><ele>201.71</ele><time>2026-07-05T06:16:54Z</time></trkpt>
<trkpt lat="37.65256324" lon="126.96213204"><ele>203.34</ele><time>2026-07-05T06:16:56Z</time></trkpt>
<trkpt lat="37.65257172" lon="126.96212139"><ele>203.60</ele><time>2026-07-05T06:16:57Z</time></trkpt>
<trkpt lat="37.65258721" lon="126.96210162"><ele>203.68</ele><time>2026-07-05T06:16:59Z</time></trkpt>
<trkpt lat="37.65259369" lon="126.96209024"><ele>203.91</ele><time>2026-07-05T06:17:00Z</time></trkpt>
<trkpt lat="37.65260712" lon="126.96206835"><ele>204.67</ele><time>2026-07-05T06:17:02Z</time></trkpt>
<trkpt lat="37.65261643" lon="126.96205828"><ele>203.84</ele><time>2026-07-05T06:17:03Z</time></trkpt>
<trkpt lat="37.65263510" lon="126.96204092"><ele>204.44</ele><time>2026-07-05T06:17:05Z</time></trkpt>
<trkpt lat="37.65264500" lon="126.96203211"><ele>204.73</ele><time>2026-07-05T06:17:06Z</time></trkpt>
<trkpt lat="37.65266907" lon="126.96201777"><ele>204.88</ele><time>2026-07-05T06:17:08Z</time></trkpt>
<trkpt lat="37.65268007" lon="126.96200619"><ele>204.99</ele><time>2026-07-05T06:17:09Z</time></trkpt>
<trkpt lat="37.65269832" lon="126.96198589"><ele>205.67</ele><time>2026-07-05T06:17:11Z</time></trkpt>
<trkpt lat="37.65270583" lon="126.96197496"><ele>205.67</ele><time>2026-07-05T06:17:12Z</time></trkpt>
<trkpt lat="37.65272096" lon="126.96195457"><ele>205.50</ele><time>2026-07-05T06:17:14Z</time></trkpt>
<trkpt lat="37.65272682" lon="126.96194460"><ele>205.57</ele><time>2026-07-05T06:17:15Z</time></trkpt>
<trkpt lat="37.65273577" lon="126.96192197"><ele>206.08</ele><time>2026-07-05T06:17:17Z</time></trkpt>
<trkpt lat="37.65274375" lon="126.96190974"><ele>205.37</ele><time>2026-07-05T06:17:18Z</time></trkpt>
<trkpt lat="37.65276235" lon="126.96189060"><ele>205.30</ele><time>2026-07-05T06:17:20Z</time></trkpt>
<trkpt lat="37.65277068" lon="126.96188203"><ele>205.45</ele><time>2026-07-05T06:17:21Z</time></trkpt>
<trkpt lat="37.65278428" lon="126.96185975"><ele>205.07</ele><time>2026-07-05T06:17:23Z</time></trkpt>
<trkpt lat="37.65279301" lon="126.96183600"><ele>205.66</ele><time>2026-07-05T06:17:25Z</time></trkpt>
<trkpt lat="37.65279811" lon="126.96182570"><ele>205.95</ele><time>2026-07-05T06:17:26Z</time></trkpt>
<trkpt lat="37.65280966" lon="126.96180489"><ele>206.03</ele><time>2026-07-05T06:17:28Z</time></trkpt>
<trkpt lat="37.65281829" lon="126.96177177"><ele>206.71</ele><time>2026-07-05T06:17:31Z</time></trkpt>
<trkpt lat="37.65282792" lon="126.96175255"><ele>206.83</ele><time>2026-07-05T06:17:33Z</time></trkpt>
<trkpt lat="37.65283434" lon="126.96174399"><ele>207.02</ele><time>2026-07-05T06:17:34Z</time></trkpt>
<trkpt lat="37.65286432" lon="126.96163803"><ele>206.50</ele><time>2026-07-05T06:17:44Z</time></trkpt>
<trkpt lat="37.65286655" lon="126.96162619"><ele>206.48</ele><time>2026-07-05T06:17:45Z</time></trkpt>
<trkpt lat="37.65287376" lon="126.96160142"><ele>206.73</ele><time>2026-07-05T06:17:47Z</time></trkpt>
<trkpt lat="37.65287809" lon="126.96158989"><ele>206.70</ele><time>2026-07-05T06:17:48Z</time></trkpt>
<trkpt lat="37.65288156" lon="126.96151487"><ele>207.07</ele><time>2026-07-05T06:18:10Z</time></trkpt>
<trkpt lat="37.65295161" lon="126.96148084"><ele>210.41</ele><time>2026-07-05T06:18:20Z</time></trkpt>
<trkpt lat="37.65296868" lon="126.96147466"><ele>209.48</ele><time>2026-07-05T06:18:23Z</time></trkpt>
<trkpt lat="37.65297627" lon="126.96147034"><ele>208.82</ele><time>2026-07-05T06:18:24Z</time></trkpt>
<trkpt lat="37.65299165" lon="126.96146482"><ele>208.53</ele><time>2026-07-05T06:18:26Z</time></trkpt>
<trkpt lat="37.65300092" lon="126.96146562"><ele>208.30</ele><time>2026-07-05T06:18:27Z</time></trkpt>
<trkpt lat="37.65301634" lon="126.96146757"><ele>208.35</ele><time>2026-07-05T06:18:29Z</time></trkpt>
<trkpt lat="37.65311347" lon="126.96137981"><ele>201.78</ele><time>2026-07-05T06:18:47Z</time></trkpt>
<trkpt lat="37.65312229" lon="126.96137543"><ele>201.06</ele><time>2026-07-05T06:18:48Z</time></trkpt>
<trkpt lat="37.65313898" lon="126.96136482"><ele>199.49</ele><time>2026-07-05T06:18:50Z</time></trkpt>
<trkpt lat="37.65314762" lon="126.96135708"><ele>198.86</ele><time>2026-07-05T06:18:51Z</time></trkpt>
<trkpt lat="37.65316487" lon="126.96134320"><ele>198.40</ele><time>2026-07-05T06:18:53Z</time></trkpt>
<trkpt lat="37.65317345" lon="126.96133692"><ele>196.93</ele><time>2026-07-05T06:18:54Z</time></trkpt>
<trkpt lat="37.65318951" lon="126.96132372"><ele>195.78</ele><time>2026-07-05T06:18:56Z</time></trkpt>
<trkpt lat="37.65320209" lon="126.96130386"><ele>195.34</ele><time>2026-07-05T06:18:58Z</time></trkpt>
<trkpt lat="37.65328908" lon="126.96124248"><ele>194.55</ele><time>2026-07-05T06:19:08Z</time></trkpt>
<trkpt lat="37.65329786" lon="126.96123610"><ele>194.19</ele><time>2026-07-05T06:19:09Z</time></trkpt>
<trkpt lat="37.65331891" lon="126.96122816"><ele>193.55</ele><time>2026-07-05T06:19:11Z</time></trkpt>
<trkpt lat="37.65332969" lon="126.96122405"><ele>193.79</ele><time>2026-07-05T06:19:12Z</time></trkpt>
<trkpt lat="37.65334925" lon="126.96121542"><ele>192.93</ele><time>2026-07-05T06:19:14Z</time></trkpt>
<trkpt lat="37.65335879" lon="126.96120834"><ele>192.99</ele><time>2026-07-05T06:19:15Z</time></trkpt>
<trkpt lat="37.65337511" lon="126.96118770"><ele>192.34</ele><time>2026-07-05T06:19:17Z</time></trkpt>
<trkpt lat="37.65338171" lon="126.96117602"><ele>192.20</ele><time>2026-07-05T06:19:18Z</time></trkpt>
<trkpt lat="37.65339206" lon="126.96114839"><ele>193.23</ele><time>2026-07-05T06:19:20Z</time></trkpt>
<trkpt lat="37.65339331" lon="126.96113309"><ele>193.29</ele><time>2026-07-05T06:19:21Z</time></trkpt>
<trkpt lat="37.65337953" lon="126.96106278"><ele>192.35</ele><time>2026-07-05T06:19:27Z</time></trkpt>
<trkpt lat="37.65344823" lon="126.96098690"><ele>191.28</ele><time>2026-07-05T06:19:37Z</time></trkpt>
<trkpt lat="37.65345548" lon="126.96097753"><ele>190.97</ele><time>2026-07-05T06:19:38Z</time></trkpt>
<trkpt lat="37.65346882" lon="126.96095988"><ele>190.45</ele><time>2026-07-05T06:19:40Z</time></trkpt>
<trkpt lat="37.65347512" lon="126.96094956"><ele>190.43</ele><time>2026-07-05T06:19:41Z</time></trkpt>
<trkpt lat="37.65348560" lon="126.96092888"><ele>190.57</ele><time>2026-07-05T06:19:43Z</time></trkpt>
<trkpt lat="37.65349115" lon="126.96091966"><ele>190.14</ele><time>2026-07-05T06:19:44Z</time></trkpt>
<trkpt lat="37.65350036" lon="126.96089567"><ele>188.91</ele><time>2026-07-05T06:19:46Z</time></trkpt>
<trkpt lat="37.65350451" lon="126.96088217"><ele>189.05</ele><time>2026-07-05T06:19:47Z</time></trkpt>
<trkpt lat="37.65351147" lon="126.96085426"><ele>190.33</ele><time>2026-07-05T06:19:49Z</time></trkpt>
<trkpt lat="37.65351836" lon="126.96084037"><ele>190.37</ele><time>2026-07-05T06:19:50Z</time></trkpt>
<trkpt lat="37.65362133" lon="126.96077892"><ele>190.79</ele><time>2026-07-05T06:20:00Z</time></trkpt>
<trkpt lat="37.65363124" lon="126.96077406"><ele>191.61</ele><time>2026-07-05T06:20:01Z</time></trkpt>
<trkpt lat="37.65365052" lon="126.96076085"><ele>192.97</ele><time>2026-07-05T06:20:03Z</time></trkpt>
<trkpt lat="37.65366236" lon="126.96075419"><ele>193.32</ele><time>2026-07-05T06:20:04Z</time></trkpt>
<trkpt lat="37.65368520" lon="126.96074210"><ele>193.43</ele><time>2026-07-05T06:20:06Z</time></trkpt>
<trkpt lat="37.65369567" lon="126.96073464"><ele>192.50</ele><time>2026-07-05T06:20:07Z</time></trkpt>
<trkpt lat="37.65371889" lon="126.96072234"><ele>192.18</ele><time>2026-07-05T06:20:09Z</time></trkpt>
<trkpt lat="37.65374274" lon="126.96070754"><ele>190.82</ele><time>2026-07-05T06:20:11Z</time></trkpt>
<trkpt lat="37.65375384" lon="126.96069808"><ele>190.28</ele><time>2026-07-05T06:20:12Z</time></trkpt>
<trkpt lat="37.65377199" lon="126.96067450"><ele>189.76</ele><time>2026-07-05T06:20:14Z</time></trkpt>
<trkpt lat="37.65377654" lon="126.96066082"><ele>190.27</ele><time>2026-07-05T06:20:15Z</time></trkpt>
<trkpt lat="37.65380441" lon="126.96058669"><ele>186.40</ele><time>2026-07-05T06:20:22Z</time></trkpt>
<trkpt lat="37.65380894" lon="126.96057496"><ele>185.48</ele><time>2026-07-05T06:20:23Z</time></trkpt>
<trkpt lat="37.65381078" lon="126.96054946"><ele>184.10</ele><time>2026-07-05T06:20:25Z</time></trkpt>
<trkpt lat="37.65380824" lon="126.96053760"><ele>183.11</ele><time>2026-07-05T06:20:26Z</time></trkpt>
<trkpt lat="37.65379975" lon="126.96051081"><ele>182.48</ele><time>2026-07-05T06:20:28Z</time></trkpt>
<trkpt lat="37.65379292" lon="126.96049816"><ele>182.06</ele><time>2026-07-05T06:20:29Z</time></trkpt>
<trkpt lat="37.65377838" lon="126.96047981"><ele>181.80</ele><time>2026-07-05T06:20:31Z</time></trkpt>
<trkpt lat="37.65377021" lon="126.96047307"><ele>181.96</ele><time>2026-07-05T06:20:32Z</time></trkpt>
<trkpt lat="37.65375652" lon="126.96045492"><ele>180.33</ele><time>2026-07-05T06:20:34Z</time></trkpt>
<trkpt lat="37.65374936" lon="126.96044631"><ele>180.16</ele><time>2026-07-05T06:20:35Z</time></trkpt>
<trkpt lat="37.65380250" lon="126.96033338"><ele>183.88</ele><time>2026-07-05T06:20:47Z</time></trkpt>
<trkpt lat="37.65380890" lon="126.96032265"><ele>184.65</ele><time>2026-07-05T06:20:48Z</time></trkpt>
<trkpt lat="37.65382191" lon="126.96030126"><ele>184.40</ele><time>2026-07-05T06:20:50Z</time></trkpt>
<trkpt lat="37.65385080" lon="126.96027547"><ele>183.89</ele><time>2026-07-05T06:20:53Z</time></trkpt>
<trkpt lat="37.65386653" lon="126.96025726"><ele>182.65</ele><time>2026-07-05T06:20:55Z</time></trkpt>
<trkpt lat="37.65388147" lon="126.96024038"><ele>182.14</ele><time>2026-07-05T06:20:57Z</time></trkpt>
<trkpt lat="37.65388891" lon="126.96023068"><ele>181.00</ele><time>2026-07-05T06:20:58Z</time></trkpt>
<trkpt lat="37.65399240" lon="126.96018815"><ele>179.38</ele><time>2026-07-05T06:21:11Z</time></trkpt>
<trkpt lat="37.65400442" lon="126.96018897"><ele>178.16</ele><time>2026-07-05T06:21:12Z</time></trkpt>
<trkpt lat="37.65411322" lon="126.96013137"><ele>176.07</ele><time>2026-07-05T06:21:26Z</time></trkpt>
<trkpt lat="37.65411709" lon="126.96012040"><ele>175.89</ele><time>2026-07-05T06:21:27Z</time></trkpt>
<trkpt lat="37.65410636" lon="126.96000662"><ele>174.85</ele><time>2026-07-05T06:21:37Z</time></trkpt>
<trkpt lat="37.65416920" lon="126.95993933"><ele>171.17</ele><time>2026-07-05T06:21:46Z</time></trkpt>
<trkpt lat="37.65420633" lon="126.95988416"><ele>171.41</ele><time>2026-07-05T06:21:52Z</time></trkpt>
<trkpt lat="37.65421516" lon="126.95987908"><ele>171.31</ele><time>2026-07-05T06:21:53Z</time></trkpt>
<trkpt lat="37.65428288" lon="126.95982027"><ele>169.86</ele><time>2026-07-05T06:22:03Z</time></trkpt>
<trkpt lat="37.65434409" lon="126.95983021"><ele>167.27</ele><time>2026-07-05T06:22:12Z</time></trkpt>
<trkpt lat="37.65435917" lon="126.95983551"><ele>167.48</ele><time>2026-07-05T06:22:31Z</time></trkpt>
<trkpt lat="37.65435922" lon="126.95982517"><ele>166.67</ele><time>2026-07-05T06:24:24Z</time></trkpt>
<trkpt lat="37.65438973" lon="126.95981682"><ele>167.17</ele><time>2026-07-05T06:25:36Z</time></trkpt>
<trkpt lat="37.65435998" lon="126.95981470"><ele>166.21</ele><time>2026-07-05T06:26:03Z</time></trkpt>
</trkseg>
<trkseg>
<trkpt lat="37.65435308" lon="126.95981485"><ele>165.64</ele><time>2026-07-05T06:27:06Z</time></trkpt>
<trkpt lat="37.65447914" lon="126.95952792"><ele>162.69</ele><time>2026-07-05T06:27:07Z</time></trkpt>
<trkpt lat="37.65448157" lon="126.95952000"><ele>162.43</ele><time>2026-07-05T06:27:08Z</time></trkpt>
<trkpt lat="37.65448838" lon="126.95949907"><ele>162.63</ele><time>2026-07-05T06:27:10Z</time></trkpt>
<trkpt lat="37.65449911" lon="126.95949257"><ele>162.37</ele><time>2026-07-05T06:27:11Z</time></trkpt>
<trkpt lat="37.65454738" lon="126.95941437"><ele>164.67</ele><time>2026-07-05T06:27:23Z</time></trkpt>
<trkpt lat="37.65455062" lon="126.95940373"><ele>165.15</ele><time>2026-07-05T06:27:24Z</time></trkpt>
<trkpt lat="37.65456506" lon="126.95937811"><ele>164.33</ele><time>2026-07-05T06:27:26Z</time></trkpt>
<trkpt lat="37.65457458" lon="126.95936890"><ele>163.53</ele><time>2026-07-05T06:27:27Z</time></trkpt>
<trkpt lat="37.65459440" lon="126.95935212"><ele>162.47</ele><time>2026-07-05T06:27:29Z</time></trkpt>
<trkpt lat="37.65460389" lon="126.95933972"><ele>161.55</ele><time>2026-07-05T06:27:30Z</time></trkpt>
<trkpt lat="37.65461614" lon="126.95931501"><ele>160.43</ele><time>2026-07-05T06:27:32Z</time></trkpt>
<trkpt lat="37.65462327" lon="126.95929133"><ele>158.09</ele><time>2026-07-05T06:27:34Z</time></trkpt>
<trkpt lat="37.65462694" lon="126.95927729"><ele>158.42</ele><time>2026-07-05T06:27:35Z</time></trkpt>
<trkpt lat="37.65462972" lon="126.95924839"><ele>159.62</ele><time>2026-07-05T06:27:37Z</time></trkpt>
<trkpt lat="37.65462978" lon="126.95923404"><ele>160.02</ele><time>2026-07-05T06:27:38Z</time></trkpt>
<trkpt lat="37.65470737" lon="126.95910758"><ele>157.72</ele><time>2026-07-05T06:27:52Z</time></trkpt>
<trkpt lat="37.65474804" lon="126.95898021"><ele>156.57</ele><time>2026-07-05T06:28:01Z</time></trkpt>
<trkpt lat="37.65475666" lon="126.95895295"><ele>157.74</ele><time>2026-07-05T06:28:03Z</time></trkpt>
<trkpt lat="37.65476313" lon="126.95894213"><ele>158.28</ele><time>2026-07-05T06:28:04Z</time></trkpt>
<trkpt lat="37.65478058" lon="126.95892535"><ele>157.42</ele><time>2026-07-05T06:28:06Z</time></trkpt>
<trkpt lat="37.65478816" lon="126.95891384"><ele>157.57</ele><time>2026-07-05T06:28:07Z</time></trkpt>
<trkpt lat="37.65479834" lon="126.95888876"><ele>158.13</ele><time>2026-07-05T06:28:09Z</time></trkpt>
<trkpt lat="37.65479976" lon="126.95887321"><ele>157.46</ele><time>2026-07-05T06:28:10Z</time></trkpt>
<trkpt lat="37.65480083" lon="126.95884401"><ele>156.59</ele><time>2026-07-05T06:28:12Z</time></trkpt>
<trkpt lat="37.65480099" lon="126.95881853"><ele>156.52</ele><time>2026-07-05T06:28:14Z</time></trkpt>
<trkpt lat="37.65480197" lon="126.95880912"><ele>156.59</ele><time>2026-07-05T06:28:15Z</time></trkpt>
<trkpt lat="37.65480552" lon="126.95878691"><ele>155.61</ele><time>2026-07-05T06:28:17Z</time></trkpt>
<trkpt lat="37.65480991" lon="126.95877726"><ele>155.50</ele><time>2026-07-05T06:28:18Z</time></trkpt>
<trkpt lat="37.65481624" lon="126.95875194"><ele>155.65</ele><time>2026-07-05T06:28:20Z</time></trkpt>
<trkpt lat="37.65481927" lon="126.95873751"><ele>155.57</ele><time>2026-07-05T06:28:21Z</time></trkpt>
<trkpt lat="37.65483494" lon="126.95871193"><ele>156.62</ele><time>2026-07-05T06:28:23Z</time></trkpt>
<trkpt lat="37.65484266" lon="126.95870140"><ele>157.01</ele><time>2026-07-05T06:28:24Z</time></trkpt>
<trkpt lat="37.65485427" lon="126.95867930"><ele>157.18</ele><time>2026-07-05T06:28:26Z</time></trkpt>
<trkpt lat="37.65485741" lon="126.95866838"><ele>156.86</ele><time>2026-07-05T06:28:27Z</time></trkpt>
<trkpt lat="37.65486043" lon="126.95864687"><ele>157.69</ele><time>2026-07-05T06:28:29Z</time></trkpt>
<trkpt lat="37.65485765" lon="126.95862427"><ele>156.52</ele><time>2026-07-05T06:28:31Z</time></trkpt>
<trkpt lat="37.65485347" lon="126.95861737"><ele>156.13</ele><time>2026-07-05T06:28:32Z</time></trkpt>
<trkpt lat="37.65484907" lon="126.95858436"><ele>156.55</ele><time>2026-07-05T06:28:37Z</time></trkpt>
<trkpt lat="37.65486799" lon="126.95850850"><ele>157.72</ele><time>2026-07-05T06:28:46Z</time></trkpt>
<trkpt lat="37.65487370" lon="126.95848569"><ele>154.81</ele><time>2026-07-05T06:28:49Z</time></trkpt>
<trkpt lat="37.65487726" lon="126.95847810"><ele>154.57</ele><time>2026-07-05T06:28:50Z</time></trkpt>
<trkpt lat="37.65488544" lon="126.95846087"><ele>154.95</ele><time>2026-07-05T06:28:52Z</time></trkpt>
<trkpt lat="37.65488803" lon="126.95845288"><ele>154.02</ele><time>2026-07-05T06:28:53Z</time></trkpt>
<trkpt lat="37.65489511" lon="126.95843466"><ele>154.02</ele><time>2026-07-05T06:28:55Z</time></trkpt>
<trkpt lat="37.65489928" lon="126.95842614"><ele>153.77</ele><time>2026-07-05T06:28:56Z</time></trkpt>
<trkpt lat="37.65490963" lon="126.95841270"><ele>152.40</ele><time>2026-07-05T06:28:58Z</time></trkpt>
<trkpt lat="37.65493864" lon="126.95839708"><ele>152.01</ele><time>2026-07-05T06:29:02Z</time></trkpt>
<trkpt lat="37.65495124" lon="126.95838442"><ele>152.46</ele><time>2026-07-05T06:29:04Z</time></trkpt>
<trkpt lat="37.65496351" lon="126.95837055"><ele>152.11</ele><time>2026-07-05T06:29:06Z</time></trkpt>
<trkpt lat="37.65496877" lon="126.95835980"><ele>152.13</ele><time>2026-07-05T06:29:07Z</time></trkpt>
<trkpt lat="37.65498077" lon="126.95834043"><ele>152.84</ele><time>2026-07-05T06:29:09Z</time></trkpt>
<trkpt lat="37.65498783" lon="126.95833175"><ele>152.62</ele><time>2026-07-05T06:29:10Z</time></trkpt>
<trkpt lat="37.65500214" lon="126.95831079"><ele>153.08</ele><time>2026-07-05T06:29:12Z</time></trkpt>
<trkpt lat="37.65501400" lon="126.95829876"><ele>152.65</ele><time>2026-07-05T06:29:13Z</time></trkpt>
<trkpt lat="37.65503437" lon="126.95826505"><ele>154.21</ele><time>2026-07-05T06:29:15Z</time></trkpt>
<trkpt lat="37.65504476" lon="126.95825106"><ele>154.63</ele><time>2026-07-05T06:29:16Z</time></trkpt>
<trkpt lat="37.65506686" lon="126.95822462"><ele>156.13</ele><time>2026-07-05T06:29:18Z</time></trkpt>
<trkpt lat="37.65507713" lon="126.95821222"><ele>156.27</ele><time>2026-07-05T06:29:19Z</time></trkpt>
<trkpt lat="37.65509550" lon="126.95819207"><ele>155.85</ele><time>2026-07-05T06:29:21Z</time></trkpt>
<trkpt lat="37.65511269" lon="126.95817535"><ele>155.53</ele><time>2026-07-05T06:29:23Z</time></trkpt>
<trkpt lat="37.65512213" lon="126.95817018"><ele>154.93</ele><time>2026-07-05T06:29:24Z</time></trkpt>
<trkpt lat="37.65513896" lon="126.95815287"><ele>154.35</ele><time>2026-07-05T06:29:26Z</time></trkpt>
<trkpt lat="37.65514824" lon="126.95814633"><ele>154.15</ele><time>2026-07-05T06:29:27Z</time></trkpt>
<trkpt lat="37.65516732" lon="126.95813730"><ele>154.10</ele><time>2026-07-05T06:29:29Z</time></trkpt>
<trkpt lat="37.65517750" lon="126.95813520"><ele>154.21</ele><time>2026-07-05T06:29:30Z</time></trkpt>
<trkpt lat="37.65519510" lon="126.95812834"><ele>153.44</ele><time>2026-07-05T06:29:32Z</time></trkpt>
<trkpt lat="37.65520220" lon="126.95812660"><ele>153.07</ele><time>2026-07-05T06:29:33Z</time></trkpt>
<trkpt lat="37.65521938" lon="126.95812104"><ele>152.60</ele><time>2026-07-05T06:29:35Z</time></trkpt>
<trkpt lat="37.65522669" lon="126.95811800"><ele>152.77</ele><time>2026-07-05T06:29:36Z</time></trkpt>
<trkpt lat="37.65523968" lon="126.95810609"><ele>152.45</ele><time>2026-07-05T06:29:38Z</time></trkpt>
<trkpt lat="37.65525466" lon="126.95809577"><ele>151.06</ele><time>2026-07-05T06:29:40Z</time></trkpt>
<trkpt lat="37.65526120" lon="126.95808880"><ele>151.29</ele><time>2026-07-05T06:29:41Z</time></trkpt>
<trkpt lat="37.65527079" lon="126.95806923"><ele>151.87</ele><time>2026-07-05T06:29:43Z</time></trkpt>
<trkpt lat="37.65527698" lon="126.95805879"><ele>151.59</ele><time>2026-07-05T06:29:44Z</time></trkpt>
<trkpt lat="37.65529070" lon="126.95804284"><ele>150.98</ele><time>2026-07-05T06:29:46Z</time></trkpt>
<trkpt lat="37.65529814" lon="126.95803583"><ele>150.44</ele><time>2026-07-05T06:29:47Z</time></trkpt>
<trkpt lat="37.65531048" lon="126.95802162"><ele>149.35</ele><time>2026-07-05T06:29:49Z</time></trkpt>
<trkpt lat="37.65531824" lon="126.95800871"><ele>149.18</ele><time>2026-07-05T06:29:51Z</time></trkpt>
<trkpt lat="37.65534227" lon="126.95798354"><ele>148.28</ele><time>2026-07-05T06:29:55Z</time></trkpt>
<trkpt lat="37.65535565" lon="126.95790343"><ele>144.82</ele><time>2026-07-05T06:30:05Z</time></trkpt>
<trkpt lat="37.65536143" lon="126.95788869"><ele>144.51</ele><time>2026-07-05T06:30:07Z</time></trkpt>
<trkpt lat="37.65543671" lon="126.95786865"><ele>141.27</ele><time>2026-07-05T06:30:17Z</time></trkpt>
<trkpt lat="37.65544383" lon="126.95786561"><ele>140.38</ele><time>2026-07-05T06:30:18Z</time></trkpt>
<trkpt lat="37.65545658" lon="126.95785402"><ele>140.80</ele><time>2026-07-05T06:30:20Z</time></trkpt>
<trkpt lat="37.65546090" lon="126.95784548"><ele>140.81</ele><time>2026-07-05T06:30:21Z</time></trkpt>
<trkpt lat="37.65546948" lon="126.95782771"><ele>141.29</ele><time>2026-07-05T06:30:23Z</time></trkpt>
<trkpt lat="37.65547623" lon="126.95781996"><ele>142.65</ele><time>2026-07-05T06:30:24Z</time></trkpt>
<trkpt lat="37.65548520" lon="126.95779598"><ele>139.54</ele><time>2026-07-05T06:30:26Z</time></trkpt>
<trkpt lat="37.65548852" lon="126.95778422"><ele>138.93</ele><time>2026-07-05T06:30:27Z</time></trkpt>
<trkpt lat="37.65553091" lon="126.95773440"><ele>137.86</ele><time>2026-07-05T06:30:33Z</time></trkpt>
<trkpt lat="37.65554229" lon="126.95771401"><ele>138.21</ele><time>2026-07-05T06:30:35Z</time></trkpt>
<trkpt lat="37.65558783" lon="126.95759892"><ele>135.46</ele><time>2026-07-05T06:30:45Z</time></trkpt>
<trkpt lat="37.65559158" lon="126.95758658"><ele>135.45</ele><time>2026-07-05T06:30:46Z</time></trkpt>
<trkpt lat="37.65559949" lon="126.95756050"><ele>134.41</ele><time>2026-07-05T06:30:48Z</time></trkpt>
<trkpt lat="37.65560938" lon="126.95753383"><ele>134.94</ele><time>2026-07-05T06:30:50Z</time></trkpt>
<trkpt lat="37.65561294" lon="126.95752070"><ele>135.08</ele><time>2026-07-05T06:30:51Z</time></trkpt>
<trkpt lat="37.65562509" lon="126.95749024"><ele>134.57</ele><time>2026-07-05T06:30:53Z</time></trkpt>
<trkpt lat="37.65563155" lon="126.95747662"><ele>133.83</ele><time>2026-07-05T06:30:54Z</time></trkpt>
<trkpt lat="37.65566215" lon="126.95735479"><ele>133.88</ele><time>2026-07-05T06:31:04Z</time></trkpt>
<trkpt lat="37.65566808" lon="126.95734216"><ele>134.12</ele><time>2026-07-05T06:31:05Z</time></trkpt>
<trkpt lat="37.65567905" lon="126.95731703"><ele>132.90</ele><time>2026-07-05T06:31:07Z</time></trkpt>
<trkpt lat="37.65568514" lon="126.95730504"><ele>132.79</ele><time>2026-07-05T06:31:08Z</time></trkpt>
<trkpt lat="37.65569301" lon="126.95727631"><ele>133.11</ele><time>2026-07-05T06:31:10Z</time></trkpt>
<trkpt lat="37.65571528" lon="126.95724005"><ele>132.17</ele><time>2026-07-05T06:31:13Z</time></trkpt>
<trkpt lat="37.65573573" lon="126.95710412"><ele>131.62</ele><time>2026-07-05T06:31:23Z</time></trkpt>
<trkpt lat="37.65574718" lon="126.95707570"><ele>132.07</ele><time>2026-07-05T06:31:25Z</time></trkpt>
<trkpt lat="37.65575304" lon="126.95706345"><ele>131.34</ele><time>2026-07-05T06:31:26Z</time></trkpt>
<trkpt lat="37.65576124" lon="126.95703792"><ele>131.12</ele><time>2026-07-05T06:31:28Z</time></trkpt>
<trkpt lat="37.65576352" lon="126.95702478"><ele>130.86</ele><time>2026-07-05T06:31:29Z</time></trkpt>
<trkpt lat="37.65576705" lon="126.95699897"><ele>131.13</ele><time>2026-07-05T06:31:31Z</time></trkpt>
<trkpt lat="37.65576679" lon="126.95698540"><ele>130.62</ele><time>2026-07-05T06:31:32Z</time></trkpt>
<trkpt lat="37.65576438" lon="126.95695790"><ele>130.37</ele><time>2026-07-05T06:31:34Z</time></trkpt>
<trkpt lat="37.65576289" lon="126.95694478"><ele>130.37</ele><time>2026-07-05T06:31:35Z</time></trkpt>
<trkpt lat="37.65575934" lon="126.95691603"><ele>130.21</ele><time>2026-07-05T06:31:37Z</time></trkpt>
<trkpt lat="37.65575752" lon="126.95690009"><ele>130.09</ele><time>2026-07-05T06:31:38Z</time></trkpt>
<trkpt lat="37.65575237" lon="126.95687127"><ele>130.46</ele><time>2026-07-05T06:31:40Z</time></trkpt>
<trkpt lat="37.65574338" lon="126.95684428"><ele>130.57</ele><time>2026-07-05T06:31:42Z</time></trkpt>
<trkpt lat="37.65573764" lon="126.95683210"><ele>130.51</ele><time>2026-07-05T06:31:43Z</time></trkpt>
<trkpt lat="37.65572161" lon="126.95680853"><ele>130.39</ele><time>2026-07-05T06:31:45Z</time></trkpt>
<trkpt lat="37.65571481" lon="126.95679621"><ele>130.87</ele><time>2026-07-05T06:31:46Z</time></trkpt>
<trkpt lat="37.65570114" lon="126.95677462"><ele>131.93</ele><time>2026-07-05T06:31:48Z</time></trkpt>
<trkpt lat="37.65569313" lon="126.95676760"><ele>132.51</ele><time>2026-07-05T06:31:49Z</time></trkpt>
<trkpt lat="37.65568208" lon="126.95675068"><ele>133.14</ele><time>2026-07-05T06:31:51Z</time></trkpt>
<trkpt lat="37.65567477" lon="126.95673011"><ele>134.73</ele><time>2026-07-05T06:31:54Z</time></trkpt>
<trkpt lat="37.65566889" lon="126.95662183"><ele>138.96</ele><time>2026-07-05T06:32:06Z</time></trkpt>
<trkpt lat="37.65566326" lon="126.95657529"><ele>138.56</ele><time>2026-07-05T06:32:16Z</time></trkpt>
<trkpt lat="37.65566520" lon="126.95654712"><ele>140.44</ele><time>2026-07-05T06:32:19Z</time></trkpt>
<trkpt lat="37.65566488" lon="126.95653808"><ele>139.81</ele><time>2026-07-05T06:32:20Z</time></trkpt>
<trkpt lat="37.65566820" lon="126.95651541"><ele>140.15</ele><time>2026-07-05T06:32:24Z</time></trkpt>
<trkpt lat="37.65566745" lon="126.95649020"><ele>140.79</ele><time>2026-07-05T06:32:28Z</time></trkpt>
<trkpt lat="37.65567104" lon="126.95646013"><ele>141.87</ele><time>2026-07-05T06:32:34Z</time></trkpt>
<trkpt lat="37.65573329" lon="126.95634808"><ele>142.70</ele><time>2026-07-05T06:32:51Z</time></trkpt>
<trkpt lat="37.65580357" lon="126.95633237"><ele>139.01</ele><time>2026-07-05T06:33:00Z</time></trkpt>
<trkpt lat="37.65582349" lon="126.95633030"><ele>138.60</ele><time>2026-07-05T06:33:02Z</time></trkpt>
<trkpt lat="37.65583493" lon="126.95632960"><ele>138.45</ele><time>2026-07-05T06:33:04Z</time></trkpt>
<trkpt lat="37.65585575" lon="126.95631945"><ele>137.08</ele><time>2026-07-05T06:33:08Z</time></trkpt>
<trkpt lat="37.65586451" lon="126.95631422"><ele>136.71</ele><time>2026-07-05T06:33:09Z</time></trkpt>
<trkpt lat="37.65588239" lon="126.95631025"><ele>135.36</ele><time>2026-07-05T06:33:12Z</time></trkpt>
<trkpt lat="37.65588847" lon="126.95630811"><ele>135.45</ele><time>2026-07-05T06:33:13Z</time></trkpt>
<trkpt lat="37.65590769" lon="126.95630141"><ele>134.75</ele><time>2026-07-05T06:33:16Z</time></trkpt>
<trkpt lat="37.65592538" lon="126.95629937"><ele>134.09</ele><time>2026-07-05T06:33:19Z</time></trkpt>
<trkpt lat="37.65593211" lon="126.95629918"><ele>133.81</ele><time>2026-07-05T06:33:20Z</time></trkpt>
<trkpt lat="37.65598418" lon="126.95627611"><ele>130.43</ele><time>2026-07-05T06:33:31Z</time></trkpt>
<trkpt lat="37.65599396" lon="126.95626609"><ele>128.95</ele><time>2026-07-05T06:33:33Z</time></trkpt>
<trkpt lat="37.65600974" lon="126.95625888"><ele>129.83</ele><time>2026-07-05T06:33:35Z</time></trkpt>
<trkpt lat="37.65601698" lon="126.95625795"><ele>129.23</ele><time>2026-07-05T06:33:36Z</time></trkpt>
<trkpt lat="37.65603060" lon="126.95625140"><ele>128.38</ele><time>2026-07-05T06:33:38Z</time></trkpt>
<trkpt lat="37.65603942" lon="126.95624442"><ele>127.84</ele><time>2026-07-05T06:33:40Z</time></trkpt>
<trkpt lat="37.65606297" lon="126.95624028"><ele>127.80</ele><time>2026-07-05T06:33:44Z</time></trkpt>
<trkpt lat="37.65606115" lon="126.95622886"><ele>129.25</ele><time>2026-07-05T06:33:54Z</time></trkpt>
<trkpt lat="37.65611259" lon="126.95614833"><ele>127.04</ele><time>2026-07-05T06:34:05Z</time></trkpt>
<trkpt lat="37.65612215" lon="126.95612569"><ele>127.21</ele><time>2026-07-05T06:34:07Z</time></trkpt>
<trkpt lat="37.65612449" lon="126.95611799"><ele>127.27</ele><time>2026-07-05T06:34:08Z</time></trkpt>
<trkpt lat="37.65613624" lon="126.95608880"><ele>127.56</ele><time>2026-07-05T06:34:11Z</time></trkpt>
<trkpt lat="37.65614207" lon="126.95607795"><ele>127.87</ele><time>2026-07-05T06:34:12Z</time></trkpt>
<trkpt lat="37.65615317" lon="126.95606024"><ele>127.47</ele><time>2026-07-05T06:34:14Z</time></trkpt>
<trkpt lat="37.65616061" lon="126.95604759"><ele>128.12</ele><time>2026-07-05T06:34:15Z</time></trkpt>
<trkpt lat="37.65617356" lon="126.95601827"><ele>127.96</ele><time>2026-07-05T06:34:17Z</time></trkpt>
<trkpt lat="37.65617928" lon="126.95600368"><ele>127.94</ele><time>2026-07-05T06:34:18Z</time></trkpt>
<trkpt lat="37.65618777" lon="126.95598598"><ele>127.97</ele><time>2026-07-05T06:34:21Z</time></trkpt>
<trkpt lat="37.65619282" lon="126.95597273"><ele>127.96</ele><time>2026-07-05T06:34:23Z</time></trkpt>
<trkpt lat="37.65619949" lon="126.95595041"><ele>126.58</ele><time>2026-07-05T06:34:26Z</time></trkpt>
<trkpt lat="37.65620448" lon="126.95594339"><ele>126.68</ele><time>2026-07-05T06:34:27Z</time></trkpt>
<trkpt lat="37.65621417" lon="126.95592793"><ele>127.11</ele><time>2026-07-05T06:34:29Z</time></trkpt>
<trkpt lat="37.65622413" lon="126.95591522"><ele>127.00</ele><time>2026-07-05T06:34:31Z</time></trkpt>
<trkpt lat="37.65622912" lon="126.95590824"><ele>127.14</ele><time>2026-07-05T06:34:32Z</time></trkpt>
<trkpt lat="37.65624037" lon="126.95589950"><ele>126.92</ele><time>2026-07-05T06:34:35Z</time></trkpt>
<trkpt lat="37.65623634" lon="126.95579611"><ele>126.18</ele><time>2026-07-05T06:34:48Z</time></trkpt>
<trkpt lat="37.65623218" lon="126.95576832"><ele>126.57</ele><time>2026-07-05T06:34:50Z</time></trkpt>
<trkpt lat="37.65623284" lon="126.95575630"><ele>126.25</ele><time>2026-07-05T06:34:51Z</time></trkpt>
<trkpt lat="37.65622893" lon="126.95573486"><ele>126.26</ele><time>2026-07-05T06:34:53Z</time></trkpt>
<trkpt lat="37.65622621" lon="126.95572253"><ele>126.41</ele><time>2026-07-05T06:34:54Z</time></trkpt>
<trkpt lat="37.65621911" lon="126.95569585"><ele>126.11</ele><time>2026-07-05T06:34:56Z</time></trkpt>
<trkpt lat="37.65621712" lon="126.95568139"><ele>125.93</ele><time>2026-07-05T06:34:57Z</time></trkpt>
<trkpt lat="37.65621173" lon="126.95565472"><ele>125.96</ele><time>2026-07-05T06:34:59Z</time></trkpt>
<trkpt lat="37.65620263" lon="126.95563628"><ele>125.75</ele><time>2026-07-05T06:35:01Z</time></trkpt>
<trkpt lat="37.65619915" lon="126.95562758"><ele>125.69</ele><time>2026-07-05T06:35:02Z</time></trkpt>
<trkpt lat="37.65618943" lon="126.95560706"><ele>125.31</ele><time>2026-07-05T06:35:04Z</time></trkpt>
<trkpt lat="37.65618612" lon="126.95559422"><ele>125.46</ele><time>2026-07-05T06:35:05Z</time></trkpt>
<trkpt lat="37.65617696" lon="126.95557148"><ele>125.36</ele><time>2026-07-05T06:35:07Z</time></trkpt>
<trkpt lat="37.65617385" lon="126.95555996"><ele>125.29</ele><time>2026-07-05T06:35:08Z</time></trkpt>
<trkpt lat="37.65616662" lon="126.95553713"><ele>125.33</ele><time>2026-07-05T06:35:10Z</time></trkpt>
<trkpt lat="37.65616478" lon="126.95552449"><ele>125.51</ele><time>2026-07-05T06:35:11Z</time></trkpt>
<trkpt lat="37.65616121" lon="126.95550407"><ele>125.71</ele><time>2026-07-05T06:35:13Z</time></trkpt>
<trkpt lat="37.65614930" lon="126.95548115"><ele>126.01</ele><time>2026-07-05T06:35:15Z</time></trkpt>
<trkpt lat="37.65614299" lon="126.95545849"><ele>126.06</ele><time>2026-07-05T06:35:17Z</time></trkpt>
<trkpt lat="37.65614031" lon="126.95543499"><ele>126.09</ele><time>2026-07-05T06:35:19Z</time></trkpt>
<trkpt lat="37.65613672" lon="126.95542434"><ele>126.01</ele><time>2026-07-05T06:35:20Z</time></trkpt>
<trkpt lat="37.65612946" lon="126.95539882"><ele>125.91</ele><time>2026-07-05T06:35:22Z</time></trkpt>
<trkpt lat="37.65612401" lon="126.95538815"><ele>125.76</ele><time>2026-07-05T06:35:23Z</time></trkpt>
<trkpt lat="37.65611556" lon="126.95536693"><ele>125.75</ele><time>2026-07-05T06:35:25Z</time></trkpt>
<trkpt lat="37.65611077" lon="126.95535486"><ele>125.99</ele><time>2026-07-05T06:35:26Z</time></trkpt>
<trkpt lat="37.65610078" lon="126.95532869"><ele>125.81</ele><time>2026-07-05T06:35:28Z</time></trkpt>
<trkpt lat="37.65609743" lon="126.95531629"><ele>125.86</ele><time>2026-07-05T06:35:29Z</time></trkpt>
<trkpt lat="37.65608784" lon="126.95528928"><ele>126.20</ele><time>2026-07-05T06:35:31Z</time></trkpt>
<trkpt lat="37.65608165" lon="126.95527755"><ele>126.08</ele><time>2026-07-05T06:35:32Z</time></trkpt>
<trkpt lat="37.65606922" lon="126.95525432"><ele>125.76</ele><time>2026-07-05T06:35:34Z</time></trkpt>
<trkpt lat="37.65606056" lon="126.95524641"><ele>125.86</ele><time>2026-07-05T06:35:35Z</time></trkpt>
<trkpt lat="37.65604232" lon="126.95523555"><ele>125.05</ele><time>2026-07-05T06:35:37Z</time></trkpt>
<trkpt lat="37.65602013" lon="126.95522368"><ele>124.56</ele><time>2026-07-05T06:35:39Z</time></trkpt>
<trkpt lat="37.65600774" lon="126.95522154"><ele>123.96</ele><time>2026-07-05T06:35:40Z</time></trkpt>
<trkpt lat="37.65597801" lon="126.95522440"><ele>122.00</ele><time>2026-07-05T06:35:43Z</time></trkpt>
<trkpt lat="37.65597167" lon="126.95522315"><ele>121.67</ele><time>2026-07-05T06:35:44Z</time></trkpt>
<trkpt lat="37.65595347" lon="126.95522322"><ele>121.55</ele><time>2026-07-05T06:35:46Z</time></trkpt>
<trkpt lat="37.65594465" lon="126.95522051"><ele>121.26</ele><time>2026-07-05T06:35:47Z</time></trkpt>
<trkpt lat="37.65592241" lon="126.95520969"><ele>120.98</ele><time>2026-07-05T06:35:49Z</time></trkpt>
<trkpt lat="37.65590939" lon="126.95520491"><ele>121.51</ele><time>2026-07-05T06:35:50Z</time></trkpt>
<trkpt lat="37.65588641" lon="126.95519039"><ele>121.61</ele><time>2026-07-05T06:35:52Z</time></trkpt>
<trkpt lat="37.65587644" lon="126.95518374"><ele>121.70</ele><time>2026-07-05T06:35:53Z</time></trkpt>
<trkpt lat="37.65585702" lon="126.95517085"><ele>121.44</ele><time>2026-07-05T06:35:55Z</time></trkpt>
<trkpt lat="37.65583499" lon="126.95516255"><ele>121.44</ele><time>2026-07-05T06:35:57Z</time></trkpt>
<trkpt lat="37.65582395" lon="126.95515781"><ele>121.63</ele><time>2026-07-05T06:35:58Z</time></trkpt>
<trkpt lat="37.65580094" lon="126.95514689"><ele>121.45</ele><time>2026-07-05T06:36:00Z</time></trkpt>
<trkpt lat="37.65578755" lon="126.95514122"><ele>121.55</ele><time>2026-07-05T06:36:01Z</time></trkpt>
<trkpt lat="37.65576263" lon="126.95513101"><ele>121.56</ele><time>2026-07-05T06:36:03Z</time></trkpt>
<trkpt lat="37.65575070" lon="126.95512557"><ele>121.67</ele><time>2026-07-05T06:36:04Z</time></trkpt>
<trkpt lat="37.65572881" lon="126.95511407"><ele>121.84</ele><time>2026-07-05T06:36:06Z</time></trkpt>
<trkpt lat="37.65571798" lon="126.95510911"><ele>121.71</ele><time>2026-07-05T06:36:07Z</time></trkpt>
<trkpt lat="37.65569509" lon="126.95509664"><ele>121.73</ele><time>2026-07-05T06:36:09Z</time></trkpt>
<trkpt lat="37.65568310" lon="126.95509385"><ele>121.41</ele><time>2026-07-05T06:36:10Z</time></trkpt>
<trkpt lat="37.65565632" lon="126.95509891"><ele>121.15</ele><time>2026-07-05T06:36:12Z</time></trkpt>
<trkpt lat="37.65563165" lon="126.95510572"><ele>121.45</ele><time>2026-07-05T06:36:14Z</time></trkpt>
<trkpt lat="37.65560593" lon="126.95511510"><ele>118.34</ele><time>2026-07-05T06:36:16Z</time></trkpt>
<trkpt lat="37.65553933" lon="126.95496249"><ele>121.39</ele><time>2026-07-05T06:36:26Z</time></trkpt>
<trkpt lat="37.65552995" lon="126.95494677"><ele>120.40</ele><time>2026-07-05T06:36:27Z</time></trkpt>
<trkpt lat="37.65550394" lon="126.95492324"><ele>120.62</ele><time>2026-07-05T06:36:29Z</time></trkpt>
<trkpt lat="37.65548914" lon="126.95491812"><ele>121.12</ele><time>2026-07-05T06:36:30Z</time></trkpt>
<trkpt lat="37.65545770" lon="126.95491957"><ele>120.94</ele><time>2026-07-05T06:36:32Z</time></trkpt>
<trkpt lat="37.65544471" lon="126.95492431"><ele>120.11</ele><time>2026-07-05T06:36:33Z</time></trkpt>
<trkpt lat="37.65541988" lon="126.95493430"><ele>119.82</ele><time>2026-07-05T06:36:35Z</time></trkpt>
<trkpt lat="37.65540592" lon="126.95493763"><ele>119.54</ele><time>2026-07-05T06:36:36Z</time></trkpt>
<trkpt lat="37.65537728" lon="126.95492712"><ele>119.63</ele><time>2026-07-05T06:36:38Z</time></trkpt>
<trkpt lat="37.65536496" lon="126.95491797"><ele>119.55</ele><time>2026-07-05T06:36:39Z</time></trkpt>
<trkpt lat="37.65534100" lon="126.95489198"><ele>118.80</ele><time>2026-07-05T06:36:41Z</time></trkpt>
<trkpt lat="37.65531229" lon="126.95487531"><ele>118.59</ele><time>2026-07-05T06:36:43Z</time></trkpt>
<trkpt lat="37.65518059" lon="126.95490851"><ele>121.81</ele><time>2026-07-05T06:36:52Z</time></trkpt>
<trkpt lat="37.65507922" lon="126.95482953"><ele>121.06</ele><time>2026-07-05T06:37:02Z</time></trkpt>
<trkpt lat="37.65506796" lon="126.95482052"><ele>121.37</ele><time>2026-07-05T06:37:03Z</time></trkpt>
<trkpt lat="37.65501936" lon="126.95468567"><ele>115.18</ele><time>2026-07-05T06:37:13Z</time></trkpt>
<trkpt lat="37.65508153" lon="126.95455993"><ele>112.39</ele><time>2026-07-05T06:37:22Z</time></trkpt>
<trkpt lat="37.65509008" lon="126.95453563"><ele>112.40</ele><time>2026-07-05T06:37:24Z</time></trkpt>
<trkpt lat="37.65509238" lon="126.95452077"><ele>112.72</ele><time>2026-07-05T06:37:25Z</time></trkpt>
<trkpt lat="37.65509917" lon="126.95449020"><ele>112.93</ele><time>2026-07-05T06:37:27Z</time></trkpt>
<trkpt lat="37.65510252" lon="126.95448012"><ele>112.31</ele><time>2026-07-05T06:37:28Z</time></trkpt>
<trkpt lat="37.65510757" lon="126.95445592"><ele>111.67</ele><time>2026-07-05T06:37:30Z</time></trkpt>
<trkpt lat="37.65511696" lon="126.95443358"><ele>110.33</ele><time>2026-07-05T06:37:32Z</time></trkpt>
<trkpt lat="37.65512185" lon="126.95441915"><ele>111.30</ele><time>2026-07-05T06:37:33Z</time></trkpt>
<trkpt lat="37.65513733" lon="126.95439102"><ele>109.69</ele><time>2026-07-05T06:37:35Z</time></trkpt>
<trkpt lat="37.65514362" lon="126.95437621"><ele>109.28</ele><time>2026-07-05T06:37:36Z</time></trkpt>
<trkpt lat="37.65515106" lon="126.95434526"><ele>109.87</ele><time>2026-07-05T06:37:38Z</time></trkpt>
<trkpt lat="37.65515577" lon="126.95433213"><ele>109.12</ele><time>2026-07-05T06:37:39Z</time></trkpt>
<trkpt lat="37.65516096" lon="126.95430211"><ele>110.21</ele><time>2026-07-05T06:37:41Z</time></trkpt>
<trkpt lat="37.65516360" lon="126.95428668"><ele>111.16</ele><time>2026-07-05T06:37:42Z</time></trkpt>
<trkpt lat="37.65517232" lon="126.95425625"><ele>111.03</ele><time>2026-07-05T06:37:44Z</time></trkpt>
<trkpt lat="37.65517837" lon="126.95424208"><ele>110.48</ele><time>2026-07-05T06:37:45Z</time></trkpt>
<trkpt lat="37.65519290" lon="126.95421665"><ele>109.65</ele><time>2026-07-05T06:37:47Z</time></trkpt>
<trkpt lat="37.65520002" lon="126.95419476"><ele>109.10</ele><time>2026-07-05T06:37:49Z</time></trkpt>
<trkpt lat="37.65520837" lon="126.95417963"><ele>108.79</ele><time>2026-07-05T06:37:50Z</time></trkpt>
<trkpt lat="37.65521773" lon="126.95414969"><ele>107.72</ele><time>2026-07-05T06:37:52Z</time></trkpt>
<trkpt lat="37.65522053" lon="126.95414166"><ele>107.20</ele><time>2026-07-05T06:37:53Z</time></trkpt>
<trkpt lat="37.65523429" lon="126.95411522"><ele>107.22</ele><time>2026-07-05T06:37:55Z</time></trkpt>
<trkpt lat="37.65524033" lon="126.95410230"><ele>107.23</ele><time>2026-07-05T06:37:56Z</time></trkpt>
<trkpt lat="37.65524712" lon="126.95408320"><ele>106.69</ele><time>2026-07-05T06:37:58Z</time></trkpt>
<trkpt lat="37.65525174" lon="126.95407052"><ele>106.13</ele><time>2026-07-05T06:37:59Z</time></trkpt>
<trkpt lat="37.65525696" lon="126.95404499"><ele>105.87</ele><time>2026-07-05T06:38:01Z</time></trkpt>
<trkpt lat="37.65526085" lon="126.95403335"><ele>105.90</ele><time>2026-07-05T06:38:02Z</time></trkpt>
<trkpt lat="37.65527078" lon="126.95401759"><ele>105.97</ele><time>2026-07-05T06:38:04Z</time></trkpt>
<trkpt lat="37.65527567" lon="126.95400371"><ele>106.05</ele><time>2026-07-05T06:38:05Z</time></trkpt>
<trkpt lat="37.65527857" lon="126.95398225"><ele>105.15</ele><time>2026-07-05T06:38:07Z</time></trkpt>
<trkpt lat="37.65522574" lon="126.95387844"><ele>100.77</ele><time>2026-07-05T06:38:17Z</time></trkpt>
<trkpt lat="37.65520776" lon="126.95379967"><ele>99.83</ele><time>2026-07-05T06:38:22Z</time></trkpt>
<trkpt lat="37.65519692" lon="126.95377123"><ele>99.48</ele><time>2026-07-05T06:38:24Z</time></trkpt>
<trkpt lat="37.65519005" lon="126.95375858"><ele>99.05</ele><time>2026-07-05T06:38:25Z</time></trkpt>
<trkpt lat="37.65517400" lon="126.95373339"><ele>98.52</ele><time>2026-07-05T06:38:27Z</time></trkpt>
<trkpt lat="37.65516783" lon="126.95372011"><ele>98.28</ele><time>2026-07-05T06:38:28Z</time></trkpt>
<trkpt lat="37.65515383" lon="126.95369523"><ele>96.40</ele><time>2026-07-05T06:38:30Z</time></trkpt>
<trkpt lat="37.65514468" lon="126.95368428"><ele>95.99</ele><time>2026-07-05T06:38:31Z</time></trkpt>
<trkpt lat="37.65512576" lon="126.95366060"><ele>96.17</ele><time>2026-07-05T06:38:33Z</time></trkpt>
<trkpt lat="37.65511552" lon="126.95364731"><ele>96.29</ele><time>2026-07-05T06:38:34Z</time></trkpt>
<trkpt lat="37.65509578" lon="126.95362458"><ele>96.53</ele><time>2026-07-05T06:38:36Z</time></trkpt>
<trkpt lat="37.65507136" lon="126.95361019"><ele>95.89</ele><time>2026-07-05T06:38:38Z</time></trkpt>
<trkpt lat="37.65505856" lon="126.95360074"><ele>95.83</ele><time>2026-07-05T06:38:39Z</time></trkpt>
<trkpt lat="37.65503270" lon="126.95358479"><ele>96.13</ele><time>2026-07-05T06:38:41Z</time></trkpt>
<trkpt lat="37.65502017" lon="126.95357793"><ele>96.23</ele><time>2026-07-05T06:38:42Z</time></trkpt>
<trkpt lat="37.65499698" lon="126.95356238"><ele>95.90</ele><time>2026-07-05T06:38:44Z</time></trkpt>
<trkpt lat="37.65498512" lon="126.95355380"><ele>96.63</ele><time>2026-07-05T06:38:45Z</time></trkpt>
<trkpt lat="37.65496197" lon="126.95353309"><ele>95.91</ele><time>2026-07-05T06:38:47Z</time></trkpt>
<trkpt lat="37.65495362" lon="126.95351987"><ele>95.38</ele><time>2026-07-05T06:38:48Z</time></trkpt>
<trkpt lat="37.65493649" lon="126.95349316"><ele>96.15</ele><time>2026-07-05T06:38:50Z</time></trkpt>
<trkpt lat="37.65492696" lon="126.95348122"><ele>96.47</ele><time>2026-07-05T06:38:51Z</time></trkpt>
<trkpt lat="37.65491164" lon="126.95345453"><ele>96.02</ele><time>2026-07-05T06:38:53Z</time></trkpt>
<trkpt lat="37.65489449" lon="126.95342976"><ele>95.37</ele><time>2026-07-05T06:38:55Z</time></trkpt>
<trkpt lat="37.65488449" lon="126.95341799"><ele>94.70</ele><time>2026-07-05T06:38:56Z</time></trkpt>
<trkpt lat="37.65486629" lon="126.95338724"><ele>94.13</ele><time>2026-07-05T06:38:58Z</time></trkpt>
<trkpt lat="37.65486118" lon="126.95337030"><ele>93.43</ele><time>2026-07-05T06:38:59Z</time></trkpt>
<trkpt lat="37.65484856" lon="126.95333413"><ele>93.32</ele><time>2026-07-05T06:39:01Z</time></trkpt>
<trkpt lat="37.65484237" lon="126.95331649"><ele>93.16</ele><time>2026-07-05T06:39:02Z</time></trkpt>
<trkpt lat="37.65482965" lon="126.95328510"><ele>93.32</ele><time>2026-07-05T06:39:04Z</time></trkpt>
<trkpt lat="37.65482216" lon="126.95327155"><ele>93.95</ele><time>2026-07-05T06:39:05Z</time></trkpt>
<trkpt lat="37.65480621" lon="126.95324626"><ele>94.08</ele><time>2026-07-05T06:39:07Z</time></trkpt>
<trkpt lat="37.65479994" lon="126.95323270"><ele>94.12</ele><time>2026-07-05T06:39:08Z</time></trkpt>
<trkpt lat="37.65478664" lon="126.95320597"><ele>94.99</ele><time>2026-07-05T06:39:10Z</time></trkpt>
<trkpt lat="37.65478025" lon="126.95319157"><ele>96.03</ele><time>2026-07-05T06:39:11Z</time></trkpt>
<trkpt lat="37.65476835" lon="126.95316327"><ele>95.60</ele><time>2026-07-05T06:39:13Z</time></trkpt>
<trkpt lat="37.65476195" lon="126.95313237"><ele>94.41</ele><time>2026-07-05T06:39:15Z</time></trkpt>
<trkpt lat="37.65475963" lon="126.95311899"><ele>94.82</ele><time>2026-07-05T06:39:16Z</time></trkpt>
<trkpt lat="37.65475157" lon="126.95309284"><ele>94.37</ele><time>2026-07-05T06:39:18Z</time></trkpt>
<trkpt lat="37.65474505" lon="126.95308108"><ele>93.74</ele><time>2026-07-05T06:39:19Z</time></trkpt>
<trkpt lat="37.65473505" lon="126.95305419"><ele>92.07</ele><time>2026-07-05T06:39:21Z</time></trkpt>
<trkpt lat="37.65473253" lon="126.95303980"><ele>92.14</ele><time>2026-07-05T06:39:22Z</time></trkpt>
<trkpt lat="37.65473018" lon="126.95300868"><ele>91.76</ele><time>2026-07-05T06:39:24Z</time></trkpt>
<trkpt lat="37.65473128" lon="126.95299217"><ele>91.47</ele><time>2026-07-05T06:39:25Z</time></trkpt>
<trkpt lat="37.65473377" lon="126.95295900"><ele>92.17</ele><time>2026-07-05T06:39:27Z</time></trkpt>
<trkpt lat="37.65473364" lon="126.95294305"><ele>91.91</ele><time>2026-07-05T06:39:28Z</time></trkpt>
<trkpt lat="37.65472640" lon="126.95291069"><ele>92.71</ele><time>2026-07-05T06:39:30Z</time></trkpt>
<trkpt lat="37.65472658" lon="126.95287666"><ele>91.23</ele><time>2026-07-05T06:39:32Z</time></trkpt>
<trkpt lat="37.65472593" lon="126.95285933"><ele>91.23</ele><time>2026-07-05T06:39:33Z</time></trkpt>
<trkpt lat="37.65471907" lon="126.95282622"><ele>90.14</ele><time>2026-07-05T06:39:35Z</time></trkpt>
<trkpt lat="37.65471663" lon="126.95281037"><ele>88.98</ele><time>2026-07-05T06:39:36Z</time></trkpt>
<trkpt lat="37.65470594" lon="126.95277728"><ele>89.42</ele><time>2026-07-05T06:39:38Z</time></trkpt>
<trkpt lat="37.65470303" lon="126.95276084"><ele>89.65</ele><time>2026-07-05T06:39:39Z</time></trkpt>
<trkpt lat="37.65469604" lon="126.95272988"><ele>90.75</ele><time>2026-07-05T06:39:41Z</time></trkpt>
<trkpt lat="37.65469226" lon="126.95271519"><ele>91.17</ele><time>2026-07-05T06:39:42Z</time></trkpt>
<trkpt lat="37.65468575" lon="126.95268543"><ele>91.28</ele><time>2026-07-05T06:39:44Z</time></trkpt>
<trkpt lat="37.65468314" lon="126.95267040"><ele>91.93</ele><time>2026-07-05T06:39:45Z</time></trkpt>
<trkpt lat="37.65467304" lon="126.95264282"><ele>92.25</ele><time>2026-07-05T06:39:47Z</time></trkpt>
<trkpt lat="37.65466341" lon="126.95261496"><ele>92.78</ele><time>2026-07-05T06:39:49Z</time></trkpt>
<trkpt lat="37.65465914" lon="126.95260118"><ele>92.26</ele><time>2026-07-05T06:39:50Z</time></trkpt>
<trkpt lat="37.65465461" lon="126.95257259"><ele>91.36</ele><time>2026-07-05T06:39:52Z</time></trkpt>
<trkpt lat="37.65465178" lon="126.95255788"><ele>91.39</ele><time>2026-07-05T06:39:53Z</time></trkpt>
<trkpt lat="37.65463905" lon="126.95252615"><ele>91.89</ele><time>2026-07-05T06:39:55Z</time></trkpt>
<trkpt lat="37.65463663" lon="126.95250955"><ele>90.61</ele><time>2026-07-05T06:39:56Z</time></trkpt>
<trkpt lat="37.65463231" lon="126.95247738"><ele>89.01</ele><time>2026-07-05T06:39:58Z</time></trkpt>
<trkpt lat="37.65462713" lon="126.95246202"><ele>88.36</ele><time>2026-07-05T06:39:59Z</time></trkpt>
<trkpt lat="37.65461863" lon="126.95243130"><ele>89.84</ele><time>2026-07-05T06:40:01Z</time></trkpt>
<trkpt lat="37.65461546" lon="126.95241427"><ele>90.91</ele><time>2026-07-05T06:40:02Z</time></trkpt>
<trkpt lat="37.65460760" lon="126.95238120"><ele>90.11</ele><time>2026-07-05T06:40:04Z</time></trkpt>
<trkpt lat="37.65460535" lon="126.95236458"><ele>90.72</ele><time>2026-07-05T06:40:05Z</time></trkpt>
<trkpt lat="37.65460281" lon="126.95233211"><ele>91.51</ele><time>2026-07-05T06:40:07Z</time></trkpt>
<trkpt lat="37.65460016" lon="126.95229854"><ele>92.07</ele><time>2026-07-05T06:40:09Z</time></trkpt>
<trkpt lat="37.65459949" lon="126.95228256"><ele>92.62</ele><time>2026-07-05T06:40:10Z</time></trkpt>
<trkpt lat="37.65460471" lon="126.95224891"><ele>91.46</ele><time>2026-07-05T06:40:12Z</time></trkpt>
<trkpt lat="37.65460336" lon="126.95223071"><ele>91.73</ele><time>2026-07-05T06:40:13Z</time></trkpt>
<trkpt lat="37.65460431" lon="126.95219477"><ele>91.49</ele><time>2026-07-05T06:40:15Z</time></trkpt>
<trkpt lat="37.65460644" lon="126.95217806"><ele>91.26</ele><time>2026-07-05T06:40:16Z</time></trkpt>
<trkpt lat="37.65460446" lon="126.95214242"><ele>92.08</ele><time>2026-07-05T06:40:18Z</time></trkpt>
<trkpt lat="37.65460650" lon="126.95212588"><ele>92.97</ele><time>2026-07-05T06:40:19Z</time></trkpt>
<trkpt lat="37.65460990" lon="126.95209153"><ele>91.35</ele><time>2026-07-05T06:40:21Z</time></trkpt>
<trkpt lat="37.65461530" lon="126.95207469"><ele>91.66</ele><time>2026-07-05T06:40:22Z</time></trkpt>
<trkpt lat="37.65461793" lon="126.95204006"><ele>91.66</ele><time>2026-07-05T06:40:24Z</time></trkpt>
<trkpt lat="37.65462345" lon="126.95200761"><ele>92.53</ele><time>2026-07-05T06:40:26Z</time></trkpt>
<trkpt lat="37.65462428" lon="126.95199202"><ele>92.10</ele><time>2026-07-05T06:40:27Z</time></trkpt>
<trkpt lat="37.65461895" lon="126.95195720"><ele>91.28</ele><time>2026-07-05T06:40:29Z</time></trkpt>
<trkpt lat="37.65461926" lon="126.95193899"><ele>91.95</ele><time>2026-07-05T06:40:30Z</time></trkpt>
<trkpt lat="37.65461000" lon="126.95188711"><ele>91.10</ele><time>2026-07-05T06:40:33Z</time></trkpt>
<trkpt lat="37.65460820" lon="126.95187118"><ele>92.03</ele><time>2026-07-05T06:40:34Z</time></trkpt>
<trkpt lat="37.65460414" lon="126.95183861"><ele>91.79</ele><time>2026-07-05T06:40:36Z</time></trkpt>
<trkpt lat="37.65460144" lon="126.95182261"><ele>91.56</ele><time>2026-07-05T06:40:37Z</time></trkpt>
<trkpt lat="37.65459600" lon="126.95178977"><ele>91.80</ele><time>2026-07-05T06:40:39Z</time></trkpt>
<trkpt lat="37.65459071" lon="126.95177144"><ele>92.05</ele><time>2026-07-05T06:40:40Z</time></trkpt>
<trkpt lat="37.65458852" lon="126.95173449"><ele>91.21</ele><time>2026-07-05T06:40:42Z</time></trkpt>
<trkpt lat="37.65459313" lon="126.95169932"><ele>91.11</ele><time>2026-07-05T06:40:44Z</time></trkpt>
<trkpt lat="37.65459273" lon="126.95168023"><ele>90.83</ele><time>2026-07-05T06:40:45Z</time></trkpt>
<trkpt lat="37.65459855" lon="126.95164576"><ele>89.92</ele><time>2026-07-05T06:40:47Z</time></trkpt>
<trkpt lat="37.65460032" lon="126.95162923"><ele>90.46</ele><time>2026-07-05T06:40:48Z</time></trkpt>
<trkpt lat="37.65460360" lon="126.95159672"><ele>89.15</ele><time>2026-07-05T06:40:50Z</time></trkpt>
<trkpt lat="37.65460662" lon="126.95158148"><ele>89.30</ele><time>2026-07-05T06:40:51Z</time></trkpt>
<trkpt lat="37.65461991" lon="126.95155365"><ele>90.57</ele><time>2026-07-05T06:40:53Z</time></trkpt>
<trkpt lat="37.65462808" lon="126.95154164"><ele>91.14</ele><time>2026-07-05T06:40:54Z</time></trkpt>
<trkpt lat="37.65463981" lon="126.95150778"><ele>89.89</ele><time>2026-07-05T06:40:56Z</time></trkpt>
<trkpt lat="37.65464783" lon="126.95149237"><ele>89.89</ele><time>2026-07-05T06:40:57Z</time></trkpt>
<trkpt lat="37.65467849" lon="126.95139575"><ele>91.05</ele><time>2026-07-05T06:41:03Z</time></trkpt>
<trkpt lat="37.65468294" lon="126.95138000"><ele>91.83</ele><time>2026-07-05T06:41:04Z</time></trkpt>
<trkpt lat="37.65469955" lon="126.95135336"><ele>90.21</ele><time>2026-07-05T06:41:06Z</time></trkpt>
<trkpt lat="37.65471765" lon="126.95131708"><ele>89.57</ele><time>2026-07-05T06:41:09Z</time></trkpt>
<trkpt lat="37.65472418" lon="126.95130567"><ele>89.81</ele><time>2026-07-05T06:41:10Z</time></trkpt>
<trkpt lat="37.65473922" lon="126.95128424"><ele>89.78</ele><time>2026-07-05T06:41:12Z</time></trkpt>
<trkpt lat="37.65474792" lon="126.95127378"><ele>89.64</ele><time>2026-07-05T06:41:13Z</time></trkpt>
<trkpt lat="37.65476782" lon="126.95122960"><ele>88.51</ele><time>2026-07-05T06:41:16Z</time></trkpt>
<trkpt lat="37.65477467" lon="126.95121677"><ele>87.76</ele><time>2026-07-05T06:41:17Z</time></trkpt>
<trkpt lat="37.65478743" lon="126.95119119"><ele>88.07</ele><time>2026-07-05T06:41:19Z</time></trkpt>
<trkpt lat="37.65479809" lon="126.95117880"><ele>87.61</ele><time>2026-07-05T06:41:20Z</time></trkpt>
<trkpt lat="37.65481572" lon="126.95115801"><ele>86.39</ele><time>2026-07-05T06:41:22Z</time></trkpt>
<trkpt lat="37.65482154" lon="126.95114578"><ele>86.30</ele><time>2026-07-05T06:41:23Z</time></trkpt>
<trkpt lat="37.65483202" lon="126.95110485"><ele>87.44</ele><time>2026-07-05T06:41:26Z</time></trkpt>
<trkpt lat="37.65484109" lon="126.95107425"><ele>88.76</ele><time>2026-07-05T06:41:28Z</time></trkpt>
<trkpt lat="37.65484649" lon="126.95106052"><ele>87.88</ele><time>2026-07-05T06:41:29Z</time></trkpt>
<trkpt lat="37.65485324" lon="126.95103197"><ele>88.21</ele><time>2026-07-05T06:41:31Z</time></trkpt>
<trkpt lat="37.65485691" lon="126.95101762"><ele>87.36</ele><time>2026-07-05T06:41:32Z</time></trkpt>
<trkpt lat="37.65486830" lon="126.95098824"><ele>87.69</ele><time>2026-07-05T06:41:34Z</time></trkpt>
<trkpt lat="37.65487480" lon="126.95097234"><ele>87.52</ele><time>2026-07-05T06:41:35Z</time></trkpt>
<trkpt lat="37.65488555" lon="126.95094045"><ele>87.01</ele><time>2026-07-05T06:41:37Z</time></trkpt>
<trkpt lat="37.65488817" lon="126.95092272"><ele>86.42</ele><time>2026-07-05T06:41:38Z</time></trkpt>
<trkpt lat="37.65489346" lon="126.95089231"><ele>85.83</ele><time>2026-07-05T06:41:40Z</time></trkpt>
<trkpt lat="37.65486259" lon="126.95076349"><ele>84.84</ele><time>2026-07-05T06:41:49Z</time></trkpt>
<trkpt lat="37.65485415" lon="126.95073336"><ele>86.13</ele><time>2026-07-05T06:41:51Z</time></trkpt>
<trkpt lat="37.65484358" lon="126.95070737"><ele>86.00</ele><time>2026-07-05T06:41:53Z</time></trkpt>
<trkpt lat="37.65483750" lon="126.95069508"><ele>86.46</ele><time>2026-07-05T06:41:54Z</time></trkpt>
<trkpt lat="37.65482816" lon="126.95066604"><ele>87.14</ele><time>2026-07-05T06:41:56Z</time></trkpt>
<trkpt lat="37.65482591" lon="126.95065065"><ele>86.43</ele><time>2026-07-05T06:41:57Z</time></trkpt>
<trkpt lat="37.65479181" lon="126.95056583"><ele>87.36</ele><time>2026-07-05T06:42:03Z</time></trkpt>
<trkpt lat="37.65479058" lon="126.95055106"><ele>86.89</ele><time>2026-07-05T06:42:04Z</time></trkpt>
<trkpt lat="37.65479654" lon="126.95051889"><ele>85.95</ele><time>2026-07-05T06:42:06Z</time></trkpt>
<trkpt lat="37.65480218" lon="126.95050328"><ele>85.93</ele><time>2026-07-05T06:42:07Z</time></trkpt>
<trkpt lat="37.65482131" lon="126.95047433"><ele>84.96</ele><time>2026-07-05T06:42:09Z</time></trkpt>
<trkpt lat="37.65482893" lon="126.95045936"><ele>84.35</ele><time>2026-07-05T06:42:10Z</time></trkpt>
<trkpt lat="37.65484372" lon="126.95040651"><ele>83.86</ele><time>2026-07-05T06:42:13Z</time></trkpt>
<trkpt lat="37.65484802" lon="126.95038866"><ele>83.78</ele><time>2026-07-05T06:42:14Z</time></trkpt>
<trkpt lat="37.65486264" lon="126.95035487"><ele>82.63</ele><time>2026-07-05T06:42:16Z</time></trkpt>
<trkpt lat="37.65487028" lon="126.95032226"><ele>82.62</ele><time>2026-07-05T06:42:18Z</time></trkpt>
<trkpt lat="37.65487456" lon="126.95030650"><ele>82.02</ele><time>2026-07-05T06:42:19Z</time></trkpt>
<trkpt lat="37.65488292" lon="126.95027176"><ele>82.23</ele><time>2026-07-05T06:42:21Z</time></trkpt>
<trkpt lat="37.65488691" lon="126.95025526"><ele>82.03</ele><time>2026-07-05T06:42:22Z</time></trkpt>
<trkpt lat="37.65489642" lon="126.95022044"><ele>81.39</ele><time>2026-07-05T06:42:24Z</time></trkpt>
<trkpt lat="37.65490143" lon="126.95020300"><ele>81.06</ele><time>2026-07-05T06:42:25Z</time></trkpt>
<trkpt lat="37.65491208" lon="126.95017015"><ele>80.40</ele><time>2026-07-05T06:42:27Z</time></trkpt>
<trkpt lat="37.65491675" lon="126.95015455"><ele>79.99</ele><time>2026-07-05T06:42:28Z</time></trkpt>
<trkpt lat="37.65492814" lon="126.95012396"><ele>80.02</ele><time>2026-07-05T06:42:30Z</time></trkpt>
<trkpt lat="37.65493285" lon="126.95010552"><ele>80.13</ele><time>2026-07-05T06:42:31Z</time></trkpt>
<trkpt lat="37.65494133" lon="126.95006734"><ele>79.14</ele><time>2026-07-05T06:42:33Z</time></trkpt>
<trkpt lat="37.65494999" lon="126.95003258"><ele>79.98</ele><time>2026-07-05T06:42:35Z</time></trkpt>
<trkpt lat="37.65495290" lon="126.95001478"><ele>80.02</ele><time>2026-07-05T06:42:36Z</time></trkpt>
<trkpt lat="37.65496238" lon="126.94998308"><ele>80.79</ele><time>2026-07-05T06:42:38Z</time></trkpt>
<trkpt lat="37.65496871" lon="126.94996845"><ele>81.27</ele><time>2026-07-05T06:42:39Z</time></trkpt>
<trkpt lat="37.65498361" lon="126.94991826"><ele>80.89</ele><time>2026-07-05T06:42:42Z</time></trkpt>
<trkpt lat="37.65498906" lon="126.94990294"><ele>81.48</ele><time>2026-07-05T06:42:43Z</time></trkpt>
<trkpt lat="37.65500048" lon="126.94987363"><ele>81.43</ele><time>2026-07-05T06:42:45Z</time></trkpt>
<trkpt lat="37.65500822" lon="126.94985894"><ele>81.74</ele><time>2026-07-05T06:42:46Z</time></trkpt>
<trkpt lat="37.65502898" lon="126.94984240"><ele>82.06</ele><time>2026-07-05T06:42:48Z</time></trkpt>
<trkpt lat="37.65509667" lon="126.94982665"><ele>82.50</ele><time>2026-07-05T06:42:54Z</time></trkpt>
<trkpt lat="37.65512193" lon="126.94969243"><ele>85.98</ele><time>2026-07-05T06:43:04Z</time></trkpt>
<trkpt lat="37.65508137" lon="126.94966389"><ele>87.18</ele><time>2026-07-05T06:43:36Z</time></trkpt>
<trkpt lat="37.65501205" lon="126.94966787"><ele>88.47</ele><time>2026-07-05T06:43:45Z</time></trkpt>
<trkpt lat="37.65505674" lon="126.94952835"><ele>85.43</ele><time>2026-07-05T06:43:55Z</time></trkpt>
<trkpt lat="37.65506385" lon="126.94951570"><ele>85.05</ele><time>2026-07-05T06:43:56Z</time></trkpt>
<trkpt lat="37.65507746" lon="126.94948777"><ele>84.02</ele><time>2026-07-05T06:43:58Z</time></trkpt>
<trkpt lat="37.65508240" lon="126.94947038"><ele>84.33</ele><time>2026-07-05T06:43:59Z</time></trkpt>
<trkpt lat="37.65509006" lon="126.94943750"><ele>84.70</ele><time>2026-07-05T06:44:01Z</time></trkpt>
<trkpt lat="37.65509279" lon="126.94942171"><ele>85.00</ele><time>2026-07-05T06:44:02Z</time></trkpt>
<trkpt lat="37.65510050" lon="126.94938993"><ele>85.64</ele><time>2026-07-05T06:44:04Z</time></trkpt>
<trkpt lat="37.65510656" lon="126.94937526"><ele>85.95</ele><time>2026-07-05T06:44:05Z</time></trkpt>
<trkpt lat="37.65511833" lon="126.94934203"><ele>85.45</ele><time>2026-07-05T06:44:07Z</time></trkpt>
<trkpt lat="37.65512470" lon="126.94932686"><ele>85.10</ele><time>2026-07-05T06:44:08Z</time></trkpt>
<trkpt lat="37.65514032" lon="126.94929865"><ele>84.75</ele><time>2026-07-05T06:44:10Z</time></trkpt>
<trkpt lat="37.65515812" lon="126.94927283"><ele>85.44</ele><time>2026-07-05T06:44:12Z</time></trkpt>
<trkpt lat="37.65516823" lon="126.94926119"><ele>85.25</ele><time>2026-07-05T06:44:13Z</time></trkpt>
<trkpt lat="37.65518845" lon="126.94923599"><ele>85.08</ele><time>2026-07-05T06:44:15Z</time></trkpt>
<trkpt lat="37.65519973" lon="126.94922685"><ele>84.48</ele><time>2026-07-05T06:44:16Z</time></trkpt>
<trkpt lat="37.65522075" lon="126.94921517"><ele>83.78</ele><time>2026-07-05T06:44:18Z</time></trkpt>
<trkpt lat="37.65523243" lon="126.94921170"><ele>83.52</ele><time>2026-07-05T06:44:19Z</time></trkpt>
<trkpt lat="37.65525512" lon="126.94920386"><ele>82.23</ele><time>2026-07-05T06:44:21Z</time></trkpt>
<trkpt lat="37.65526663" lon="126.94920187"><ele>82.22</ele><time>2026-07-05T06:44:22Z</time></trkpt>
<trkpt lat="37.65529000" lon="126.94918769"><ele>81.66</ele><time>2026-07-05T06:44:24Z</time></trkpt>
<trkpt lat="37.65530113" lon="126.94918090"><ele>81.03</ele><time>2026-07-05T06:44:25Z</time></trkpt>
<trkpt lat="37.65532280" lon="126.94916352"><ele>80.61</ele><time>2026-07-05T06:44:27Z</time></trkpt>
<trkpt lat="37.65535791" lon="126.94914669"><ele>81.56</ele><time>2026-07-05T06:44:30Z</time></trkpt>
<trkpt lat="37.65536718" lon="126.94913965"><ele>81.56</ele><time>2026-07-05T06:44:31Z</time></trkpt>
<trkpt lat="37.65541806" lon="126.94909891"><ele>80.81</ele><time>2026-07-05T06:44:36Z</time></trkpt>
<trkpt lat="37.65542754" lon="126.94909100"><ele>80.51</ele><time>2026-07-05T06:44:37Z</time></trkpt>
<trkpt lat="37.65544457" lon="126.94907410"><ele>80.14</ele><time>2026-07-05T06:44:39Z</time></trkpt>
<trkpt lat="37.65545610" lon="126.94906630"><ele>80.02</ele><time>2026-07-05T06:44:40Z</time></trkpt>
<trkpt lat="37.65548046" lon="126.94904746"><ele>80.06</ele><time>2026-07-05T06:44:42Z</time></trkpt>
<trkpt lat="37.65549226" lon="126.94903993"><ele>80.18</ele><time>2026-07-05T06:44:43Z</time></trkpt>
<trkpt lat="37.65551650" lon="126.94902654"><ele>79.61</ele><time>2026-07-05T06:44:45Z</time></trkpt>
<trkpt lat="37.65552810" lon="126.94901777"><ele>79.48</ele><time>2026-07-05T06:44:46Z</time></trkpt>
<trkpt lat="37.65554926" lon="126.94899767"><ele>79.62</ele><time>2026-07-05T06:44:48Z</time></trkpt>
<trkpt lat="37.65557314" lon="126.94898089"><ele>80.62</ele><time>2026-07-05T06:44:50Z</time></trkpt>
<trkpt lat="37.65558530" lon="126.94897223"><ele>79.93</ele><time>2026-07-05T06:44:51Z</time></trkpt>
<trkpt lat="37.65561161" lon="126.94895765"><ele>79.99</ele><time>2026-07-05T06:44:53Z</time></trkpt>
<trkpt lat="37.65562333" lon="126.94894702"><ele>79.76</ele><time>2026-07-05T06:44:54Z</time></trkpt>
<trkpt lat="37.65564436" lon="126.94892454"><ele>78.75</ele><time>2026-07-05T06:44:56Z</time></trkpt>
<trkpt lat="37.65565488" lon="126.94891315"><ele>78.41</ele><time>2026-07-05T06:44:57Z</time></trkpt>
<trkpt lat="37.65567629" lon="126.94889182"><ele>78.41</ele><time>2026-07-05T06:44:59Z</time></trkpt>
<trkpt lat="37.65568760" lon="126.94888141"><ele>77.89</ele><time>2026-07-05T06:45:00Z</time></trkpt>
<trkpt lat="37.65571143" lon="126.94886145"><ele>76.86</ele><time>2026-07-05T06:45:02Z</time></trkpt>
<trkpt lat="37.65572433" lon="126.94884734"><ele>77.78</ele><time>2026-07-05T06:45:03Z</time></trkpt>
<trkpt lat="37.65574686" lon="126.94882094"><ele>78.93</ele><time>2026-07-05T06:45:05Z</time></trkpt>
<trkpt lat="37.65575724" lon="126.94880895"><ele>79.37</ele><time>2026-07-05T06:45:06Z</time></trkpt>
<trkpt lat="37.65577969" lon="126.94878305"><ele>80.23</ele><time>2026-07-05T06:45:08Z</time></trkpt>
<trkpt lat="37.65580247" lon="126.94875089"><ele>79.77</ele><time>2026-07-05T06:45:10Z</time></trkpt>
<trkpt lat="37.65581277" lon="126.94873382"><ele>79.98</ele><time>2026-07-05T06:45:11Z</time></trkpt>
<trkpt lat="37.65583305" lon="126.94870237"><ele>79.65</ele><time>2026-07-05T06:45:13Z</time></trkpt>
<trkpt lat="37.65584333" lon="126.94868827"><ele>79.64</ele><time>2026-07-05T06:45:14Z</time></trkpt>
<trkpt lat="37.65586575" lon="126.94866266"><ele>79.71</ele><time>2026-07-05T06:45:16Z</time></trkpt>
<trkpt lat="37.65587423" lon="126.94865136"><ele>79.83</ele><time>2026-07-05T06:45:17Z</time></trkpt>
<trkpt lat="37.65590337" lon="126.94859255"><ele>79.68</ele><time>2026-07-05T06:45:21Z</time></trkpt>
<trkpt lat="37.65591291" lon="126.94857876"><ele>79.69</ele><time>2026-07-05T06:45:22Z</time></trkpt>
<trkpt lat="37.65593307" lon="126.94855386"><ele>79.59</ele><time>2026-07-05T06:45:24Z</time></trkpt>
<trkpt lat="37.65594227" lon="126.94854244"><ele>79.69</ele><time>2026-07-05T06:45:25Z</time></trkpt>
<trkpt lat="37.65596306" lon="126.94852096"><ele>79.34</ele><time>2026-07-05T06:45:27Z</time></trkpt>
<trkpt lat="37.65597957" lon="126.94849397"><ele>79.34</ele><time>2026-07-05T06:45:29Z</time></trkpt>
<trkpt lat="37.65598815" lon="126.94848048"><ele>79.15</ele><time>2026-07-05T06:45:30Z</time></trkpt>
<trkpt lat="37.65600625" lon="126.94845553"><ele>79.60</ele><time>2026-07-05T06:45:32Z</time></trkpt>
<trkpt lat="37.65601530" lon="126.94844343"><ele>79.89</ele><time>2026-07-05T06:45:33Z</time></trkpt>
<trkpt lat="37.65603634" lon="126.94842386"><ele>79.46</ele><time>2026-07-05T06:45:35Z</time></trkpt>
<trkpt lat="37.65604581" lon="126.94841311"><ele>79.22</ele><time>2026-07-05T06:45:36Z</time></trkpt>
<trkpt lat="37.65606555" lon="126.94838808"><ele>77.98</ele><time>2026-07-05T06:45:38Z</time></trkpt>
<trkpt lat="37.65607557" lon="126.94837435"><ele>78.07</ele><time>2026-07-05T06:45:39Z</time></trkpt>
<trkpt lat="37.65609590" lon="126.94834731"><ele>77.71</ele><time>2026-07-05T06:45:41Z</time></trkpt>
<trkpt lat="37.65610573" lon="126.94833369"><ele>77.30</ele><time>2026-07-05T06:45:42Z</time></trkpt>
<trkpt lat="37.65612574" lon="126.94831189"><ele>76.45</ele><time>2026-07-05T06:45:44Z</time></trkpt>
<trkpt lat="37.65614358" lon="126.94828866"><ele>76.42</ele><time>2026-07-05T06:45:46Z</time></trkpt>
<trkpt lat="37.65615245" lon="126.94827714"><ele>76.36</ele><time>2026-07-05T06:45:47Z</time></trkpt>
<trkpt lat="37.65617377" lon="126.94825542"><ele>76.09</ele><time>2026-07-05T06:45:49Z</time></trkpt>
<trkpt lat="37.65618259" lon="126.94824311"><ele>75.91</ele><time>2026-07-05T06:45:50Z</time></trkpt>
<trkpt lat="37.65620353" lon="126.94822034"><ele>75.44</ele><time>2026-07-05T06:45:52Z</time></trkpt>
<trkpt lat="37.65621570" lon="126.94820909"><ele>75.18</ele><time>2026-07-05T06:45:53Z</time></trkpt>
<trkpt lat="37.65623790" lon="126.94818553"><ele>75.12</ele><time>2026-07-05T06:45:55Z</time></trkpt>
<trkpt lat="37.65624891" lon="126.94817435"><ele>74.68</ele><time>2026-07-05T06:45:56Z</time></trkpt>
<trkpt lat="37.65627164" lon="126.94815000"><ele>74.45</ele><time>2026-07-05T06:45:58Z</time></trkpt>
<trkpt lat="37.65628290" lon="126.94813649"><ele>74.49</ele><time>2026-07-05T06:45:59Z</time></trkpt>
<trkpt lat="37.65630477" lon="126.94811226"><ele>74.52</ele><time>2026-07-05T06:46:01Z</time></trkpt>
<trkpt lat="37.65631512" lon="126.94809978"><ele>74.22</ele><time>2026-07-05T06:46:02Z</time></trkpt>
<trkpt lat="37.65633466" lon="126.94807857"><ele>74.81</ele><time>2026-07-05T06:46:04Z</time></trkpt>
<trkpt lat="37.65634879" lon="126.94805507"><ele>74.92</ele><time>2026-07-05T06:46:06Z</time></trkpt>
<trkpt lat="37.65635718" lon="126.94804378"><ele>75.16</ele><time>2026-07-05T06:46:07Z</time></trkpt>
<trkpt lat="37.65637541" lon="126.94802416"><ele>75.01</ele><time>2026-07-05T06:46:09Z</time></trkpt>
<trkpt lat="37.65638194" lon="126.94801357"><ele>74.98</ele><time>2026-07-05T06:46:10Z</time></trkpt>
<trkpt lat="37.65639702" lon="126.94798978"><ele>75.20</ele><time>2026-07-05T06:46:12Z</time></trkpt>
<trkpt lat="37.65640385" lon="126.94797789"><ele>75.31</ele><time>2026-07-05T06:46:13Z</time></trkpt>
<trkpt lat="37.65642420" lon="126.94795640"><ele>76.04</ele><time>2026-07-05T06:46:15Z</time></trkpt>
<trkpt lat="37.65643280" lon="126.94794254"><ele>76.09</ele><time>2026-07-05T06:46:16Z</time></trkpt>
<trkpt lat="37.65644962" lon="126.94791843"><ele>75.83</ele><time>2026-07-05T06:46:18Z</time></trkpt>
<trkpt lat="37.65645768" lon="126.94790509"><ele>75.84</ele><time>2026-07-05T06:46:19Z</time></trkpt>
<trkpt lat="37.65647263" lon="126.94788152"><ele>74.80</ele><time>2026-07-05T06:46:21Z</time></trkpt>
<trkpt lat="37.65648781" lon="126.94785890"><ele>74.58</ele><time>2026-07-05T06:46:23Z</time></trkpt>
<trkpt lat="37.65649489" lon="126.94784677"><ele>74.46</ele><time>2026-07-05T06:46:24Z</time></trkpt>
<trkpt lat="37.65651390" lon="126.94782039"><ele>74.68</ele><time>2026-07-05T06:46:26Z</time></trkpt>
<trkpt lat="37.65652587" lon="126.94781000"><ele>74.90</ele><time>2026-07-05T06:46:27Z</time></trkpt>
<trkpt lat="37.65654878" lon="126.94779015"><ele>74.80</ele><time>2026-07-05T06:46:29Z</time></trkpt>
<trkpt lat="37.65655893" lon="126.94777958"><ele>74.14</ele><time>2026-07-05T06:46:30Z</time></trkpt>
<trkpt lat="37.65658050" lon="126.94775658"><ele>73.80</ele><time>2026-07-05T06:46:32Z</time></trkpt>
<trkpt lat="37.65659008" lon="126.94774438"><ele>73.66</ele><time>2026-07-05T06:46:33Z</time></trkpt>
<trkpt lat="37.65660887" lon="126.94771709"><ele>73.83</ele><time>2026-07-05T06:46:35Z</time></trkpt>
<trkpt lat="37.65662054" lon="126.94770605"><ele>74.21</ele><time>2026-07-05T06:46:36Z</time></trkpt>
<trkpt lat="37.65664514" lon="126.94768304"><ele>74.04</ele><time>2026-07-05T06:46:38Z</time></trkpt>
<trkpt lat="37.65666772" lon="126.94766274"><ele>74.51</ele><time>2026-07-05T06:46:40Z</time></trkpt>
<trkpt lat="37.65667838" lon="126.94765145"><ele>74.67</ele><time>2026-07-05T06:46:41Z</time></trkpt>
<trkpt lat="37.65670087" lon="126.94763167"><ele>75.51</ele><time>2026-07-05T06:46:43Z</time></trkpt>
<trkpt lat="37.65671256" lon="126.94762119"><ele>75.27</ele><time>2026-07-05T06:46:44Z</time></trkpt>
<trkpt lat="37.65674310" lon="126.94758285"><ele>74.92</ele><time>2026-07-05T06:46:47Z</time></trkpt>
<trkpt lat="37.65675345" lon="126.94756935"><ele>74.79</ele><time>2026-07-05T06:46:48Z</time></trkpt>
<trkpt lat="37.65677831" lon="126.94754768"><ele>75.19</ele><time>2026-07-05T06:46:50Z</time></trkpt>
<trkpt lat="37.65678967" lon="126.94753663"><ele>75.95</ele><time>2026-07-05T06:46:51Z</time></trkpt>
<trkpt lat="37.65681306" lon="126.94751258"><ele>75.99</ele><time>2026-07-05T06:46:53Z</time></trkpt>
<trkpt lat="37.65682390" lon="126.94750054"><ele>75.90</ele><time>2026-07-05T06:46:54Z</time></trkpt>
<trkpt lat="37.65684425" lon="126.94747569"><ele>76.64</ele><time>2026-07-05T06:46:56Z</time></trkpt>
<trkpt lat="37.65685437" lon="126.94746351"><ele>75.73</ele><time>2026-07-05T06:46:57Z</time></trkpt>
<trkpt lat="37.65687647" lon="126.94744102"><ele>76.61</ele><time>2026-07-05T06:46:59Z</time></trkpt>
<trkpt lat="37.65689985" lon="126.94741950"><ele>76.64</ele><time>2026-07-05T06:47:01Z</time></trkpt>
<trkpt lat="37.65691070" lon="126.94740787"><ele>76.85</ele><time>2026-07-05T06:47:02Z</time></trkpt>
<trkpt lat="37.65693535" lon="126.94738481"><ele>76.75</ele><time>2026-07-05T06:47:04Z</time></trkpt>
<trkpt lat="37.65694800" lon="126.94737412"><ele>76.97</ele><time>2026-07-05T06:47:05Z</time></trkpt>
<trkpt lat="37.65697236" lon="126.94735222"><ele>78.02</ele><time>2026-07-05T06:47:07Z</time></trkpt>
<trkpt lat="37.65698247" lon="126.94734098"><ele>78.29</ele><time>2026-07-05T06:47:08Z</time></trkpt>
<trkpt lat="37.65700078" lon="126.94731591"><ele>76.86</ele><time>2026-07-05T06:47:10Z</time></trkpt>
<trkpt lat="37.65701276" lon="126.94730674"><ele>76.82</ele><time>2026-07-05T06:47:11Z</time></trkpt>
<trkpt lat="37.65703569" lon="126.94728891"><ele>76.88</ele><time>2026-07-05T06:47:13Z</time></trkpt>
<trkpt lat="37.65704727" lon="126.94727998"><ele>77.06</ele><time>2026-07-05T06:47:14Z</time></trkpt>
<trkpt lat="37.65707238" lon="126.94725839"><ele>76.90</ele><time>2026-07-05T06:47:16Z</time></trkpt>
<trkpt lat="37.65710003" lon="126.94723639"><ele>77.04</ele><time>2026-07-05T06:47:18Z</time></trkpt>
<trkpt lat="37.65711402" lon="126.94722658"><ele>77.21</ele><time>2026-07-05T06:47:19Z</time></trkpt>
<trkpt lat="37.65713814" lon="126.94720423"><ele>76.46</ele><time>2026-07-05T06:47:21Z</time></trkpt>
<trkpt lat="37.65715068" lon="126.94719455"><ele>75.90</ele><time>2026-07-05T06:47:22Z</time></trkpt>
<trkpt lat="37.65717900" lon="126.94717716"><ele>75.21</ele><time>2026-07-05T06:47:24Z</time></trkpt>
<trkpt lat="37.65719374" lon="126.94716725"><ele>75.23</ele><time>2026-07-05T06:47:25Z</time></trkpt>
<trkpt lat="37.65722148" lon="126.94714732"><ele>74.43</ele><time>2026-07-05T06:47:27Z</time></trkpt>
<trkpt lat="37.65723724" lon="126.94713274"><ele>74.30</ele><time>2026-07-05T06:47:28Z</time></trkpt>
<trkpt lat="37.65727673" lon="126.94709472"><ele>73.21</ele><time>2026-07-05T06:47:30Z</time></trkpt>
<trkpt lat="37.65729729" lon="126.94707633"><ele>72.77</ele><time>2026-07-05T06:47:31Z</time></trkpt>
<trkpt lat="37.65734184" lon="126.94703763"><ele>70.57</ele><time>2026-07-05T06:47:33Z</time></trkpt>
<trkpt lat="37.65738795" lon="126.94700541"><ele>69.95</ele><time>2026-07-05T06:47:35Z</time></trkpt>
<trkpt lat="37.65741052" lon="126.94699333"><ele>70.91</ele><time>2026-07-05T06:47:36Z</time></trkpt>
<trkpt lat="37.65746008" lon="126.94696228"><ele>70.36</ele><time>2026-07-05T06:47:38Z</time></trkpt>
<trkpt lat="37.65748273" lon="126.94694619"><ele>69.65</ele><time>2026-07-05T06:47:39Z</time></trkpt>
<trkpt lat="37.65752787" lon="126.94691700"><ele>69.19</ele><time>2026-07-05T06:47:41Z</time></trkpt>
<trkpt lat="37.65754809" lon="126.94690593"><ele>69.74</ele><time>2026-07-05T06:47:42Z</time></trkpt>
<trkpt lat="37.65758193" lon="126.94687948"><ele>70.16</ele><time>2026-07-05T06:47:44Z</time></trkpt>
<trkpt lat="37.65759726" lon="126.94686930"><ele>70.08</ele><time>2026-07-05T06:47:45Z</time></trkpt>
<trkpt lat="37.65762936" lon="126.94685751"><ele>69.62</ele><time>2026-07-05T06:47:47Z</time></trkpt>
<trkpt lat="37.65764515" lon="126.94685092"><ele>69.64</ele><time>2026-07-05T06:47:48Z</time></trkpt>
<trkpt lat="37.65767702" lon="126.94683562"><ele>69.92</ele><time>2026-07-05T06:47:50Z</time></trkpt>
<trkpt lat="37.65769261" lon="126.94682462"><ele>69.87</ele><time>2026-07-05T06:47:51Z</time></trkpt>
<trkpt lat="37.65771876" lon="126.94679999"><ele>69.77</ele><time>2026-07-05T06:47:53Z</time></trkpt>
<trkpt lat="37.65774931" lon="126.94678070"><ele>69.49</ele><time>2026-07-05T06:47:55Z</time></trkpt>
<trkpt lat="37.65776536" lon="126.94677267"><ele>69.37</ele><time>2026-07-05T06:47:56Z</time></trkpt>
<trkpt lat="37.65779449" lon="126.94674938"><ele>69.68</ele><time>2026-07-05T06:47:58Z</time></trkpt>
<trkpt lat="37.65780994" lon="126.94674074"><ele>69.94</ele><time>2026-07-05T06:47:59Z</time></trkpt>
<trkpt lat="37.65783516" lon="126.94671276"><ele>69.76</ele><time>2026-07-05T06:48:01Z</time></trkpt>
<trkpt lat="37.65785563" lon="126.94669501"><ele>69.30</ele><time>2026-07-05T06:48:02Z</time></trkpt>
<trkpt lat="37.65790952" lon="126.94665539"><ele>68.51</ele><time>2026-07-05T06:48:04Z</time></trkpt>
<trkpt lat="37.65794160" lon="126.94664387"><ele>71.03</ele><time>2026-07-05T06:48:05Z</time></trkpt>
<trkpt lat="37.65800605" lon="126.94660355"><ele>69.72</ele><time>2026-07-05T06:48:07Z</time></trkpt>
<trkpt lat="37.65803522" lon="126.94658082"><ele>69.35</ele><time>2026-07-05T06:48:08Z</time></trkpt>
<trkpt lat="37.65809150" lon="126.94653812"><ele>68.58</ele><time>2026-07-05T06:48:10Z</time></trkpt>
<trkpt lat="37.65815146" lon="126.94650425"><ele>68.28</ele><time>2026-07-05T06:48:12Z</time></trkpt>
<trkpt lat="37.65817861" lon="126.94649071"><ele>67.85</ele><time>2026-07-05T06:48:13Z</time></trkpt>
<trkpt lat="37.65824111" lon="126.94645767"><ele>66.97</ele><time>2026-07-05T06:48:15Z</time></trkpt>
<trkpt lat="37.65827362" lon="126.94643727"><ele>66.27</ele><time>2026-07-05T06:48:16Z</time></trkpt>
<trkpt lat="37.65833221" lon="126.94639913"><ele>66.99</ele><time>2026-07-05T06:48:18Z</time></trkpt>
<trkpt lat="37.65836048" lon="126.94638104"><ele>66.87</ele><time>2026-07-05T06:48:19Z</time></trkpt>
<trkpt lat="37.65841707" lon="126.94634612"><ele>66.85</ele><time>2026-07-05T06:48:21Z</time></trkpt>
<trkpt lat="37.65843144" lon="126.94632981"><ele>67.36</ele><time>2026-07-05T06:48:22Z</time></trkpt>
<trkpt lat="37.65845810" lon="126.94629971"><ele>66.79</ele><time>2026-07-05T06:48:24Z</time></trkpt>
<trkpt lat="37.65847199" lon="126.94628547"><ele>66.80</ele><time>2026-07-05T06:48:25Z</time></trkpt>
<trkpt lat="37.65848784" lon="126.94625802"><ele>67.54</ele><time>2026-07-05T06:48:27Z</time></trkpt>
<trkpt lat="37.65848550" lon="126.94611396"><ele>67.54</ele><time>2026-07-05T06:48:37Z</time></trkpt>
<trkpt lat="37.65848731" lon="126.94609226"><ele>67.58</ele><time>2026-07-05T06:48:38Z</time></trkpt>
<trkpt lat="37.65848782" lon="126.94604998"><ele>68.03</ele><time>2026-07-05T06:48:40Z</time></trkpt>
<trkpt lat="37.65848838" lon="126.94602969"><ele>67.58</ele><time>2026-07-05T06:48:41Z</time></trkpt>
<trkpt lat="37.65848224" lon="126.94599600"><ele>66.96</ele><time>2026-07-05T06:48:43Z</time></trkpt>
<trkpt lat="37.65847650" lon="126.94598343"><ele>66.58</ele><time>2026-07-05T06:48:44Z</time></trkpt>
<trkpt lat="37.65846272" lon="126.94596132"><ele>66.72</ele><time>2026-07-05T06:48:46Z</time></trkpt>
<trkpt lat="37.65845534" lon="126.94594992"><ele>65.94</ele><time>2026-07-05T06:48:47Z</time></trkpt>
<trkpt lat="37.65844135" lon="126.94592222"><ele>65.85</ele><time>2026-07-05T06:48:49Z</time></trkpt>
<trkpt lat="37.65843512" lon="126.94590599"><ele>65.43</ele><time>2026-07-05T06:48:50Z</time></trkpt>
<trkpt lat="37.65842414" lon="126.94587031"><ele>64.53</ele><time>2026-07-05T06:48:52Z</time></trkpt>
<trkpt lat="37.65841886" lon="126.94585331"><ele>64.02</ele><time>2026-07-05T06:48:53Z</time></trkpt>
<trkpt lat="37.65840660" lon="126.94582253"><ele>64.06</ele><time>2026-07-05T06:48:55Z</time></trkpt>
<trkpt lat="37.65839754" lon="126.94578523"><ele>64.78</ele><time>2026-07-05T06:48:57Z</time></trkpt>
<trkpt lat="37.65839132" lon="126.94576835"><ele>63.78</ele><time>2026-07-05T06:48:58Z</time></trkpt>
<trkpt lat="37.65837781" lon="126.94573792"><ele>63.30</ele><time>2026-07-05T06:49:00Z</time></trkpt>
<trkpt lat="37.65837219" lon="126.94572019"><ele>63.20</ele><time>2026-07-05T06:49:01Z</time></trkpt>
<trkpt lat="37.65836481" lon="126.94568396"><ele>63.10</ele><time>2026-07-05T06:49:03Z</time></trkpt>
<trkpt lat="37.65836218" lon="126.94566630"><ele>63.19</ele><time>2026-07-05T06:49:04Z</time></trkpt>
<trkpt lat="37.65836401" lon="126.94562766"><ele>63.71</ele><time>2026-07-05T06:49:06Z</time></trkpt>
<trkpt lat="37.65835081" lon="126.94552934"><ele>62.93</ele><time>2026-07-05T06:49:12Z</time></trkpt>
<trkpt lat="37.65835660" lon="126.94546123"><ele>65.41</ele><time>2026-07-05T06:49:36Z</time></trkpt>
<trkpt lat="37.65834725" lon="126.94544673"><ele>66.37</ele><time>2026-07-05T06:49:38Z</time></trkpt>
</trkseg>
</trk>
<wpt lat="37.654988" lon="126.951073"><name>북한산둘레길_10구간 둘레교 포토포인트 </name><type>1</type></wpt>
<wpt lat="37.65761" lon="126.97953"><name>북한산 백운봉암문_고양</name><type>1</type></wpt>
<wpt lat="37.65347" lon="126.95593"><name>북한산 대서문_은평구</name><type>1</type></wpt>
<wpt lat="37.65872" lon="126.9781"><name>북한산 백운대_고양</name><type>1</type></wpt>
</gpx>
