<?xml version="1.0" encoding="UTF-8" standalone="yes"?>
<gpx xmlns:gpxtpx1="http://www.garmin.com/xmlschemas/TrackPointExtension/v1" xmlns="http://www.topografix.com/GPX/1/1" xmlns:trp="http://www.garmin.com/xmlschemas/TripExtensions/v1" xmlns:gpxx="http://www.garmin.com/xmlschemas/GpxExtensions/v3" xmlns:gpxtpx="http://www.garmin.com/xmlschemas/TrackPointExtension/v2" version="1.1" creator="RouteConverter 2.27.2">
    <metadata>
        <desc>CREATOR: 609508C9300E77BFAD73974C0FC80194, MODEL: SM-G965N, FIRMWARE: 9, PRODUCT: GOOGLE, CONSTANT: M32, CATEGORY: Hiking, BADGEBUILD: 2020-04-14 20:05:30, NETWORK: KT(LTE), TIMEZONE: GMT+9</desc>
        <link href="http://www.beaglemap.com">
            <text>Tranggle 3.13.5</text>
        </link>
        <time>2020-04-15T11:26:10Z</time>
        <bounds minlat="37.609288" minlon="126.929907" maxlat="37.671858" maxlon="127.012374"/>
    </metadata>
    <trk>
        <name>Position 1 to Position 744</name>
        <trkseg>
            <trkpt lat="37.609288" lon="126.931368">
                <ele>46.4</ele>
                <time>2020-04-15T01:03:06.000Z</time>
                <name>Position 1</name>
                <extensions>
                    <cellinfo xmlns:xsi="http://www.w3.org/2001/XMLSchema-instance">mcc=450 mnc=8 ci=4336657 pci=422 tac=1010 earfcn=475 rsrp=-73 rsrq=-5 rssnr=22 cqi=15</cellinfo>
                    <barometer xmlns:xsi="http://www.w3.org/2001/XMLSchema-instance">1014.093</barometer>
                </extensions>
            </trkpt>
            <trkpt lat="37.609432" lon="126.931192">
                <ele>45.4</ele>
                <time>2020-04-15T01:03:40.000Z</time>
                <name>Position 2</name>
                <extensions>
                    <cellinfo xmlns:xsi="http://www.w3.org/2001/XMLSchema-instance">mcc=450 mnc=8 ci=4336648 pci=235 tac=1011 earfcn=475 rsrp=-75 rsrq=-10 rssnr=-4 cqi=15</cellinfo>
                    <barometer xmlns:xsi="http://www.w3.org/2001/XMLSchema-instance">1014.121</barometer>
                </extensions>
            </trkpt>
            <trkpt lat="37.609606" lon="126.931011">
                <ele>42.9</ele>
                <time>2020-04-15T01:03:55.000Z</time>
                <name>Position 3</name>
                <extensions>
                    <cellinfo xmlns:xsi="http://www.w3.org/2001/XMLSchema-instance">mcc=450 mnc=8 ci=4336648 pci=235 tac=1011 earfcn=475 rsrp=-79 rsrq=-9 rssnr=7 cqi=15</cellinfo>
                    <barometer xmlns:xsi="http://www.w3.org/2001/XMLSchema-instance">1014.117</barometer>
                </extensions>
            </trkpt>
            <trkpt lat="37.609764" lon="126.930868">
                <ele>44.4</ele>
                <time>2020-04-15T01:04:10.000Z</time>
                <name>Position 4</name>
                <extensions>
                    <cellinfo xmlns:xsi="http://www.w3.org/2001/XMLSchema-instance">mcc=450 mnc=8 ci=4336648 pci=235 tac=1011 earfcn=475 rsrp=-75 rsrq=-7 rssnr=11 cqi=15</cellinfo>
                    <barometer xmlns:xsi="http://www.w3.org/2001/XMLSchema-instance">1014.165</barometer>
                </extensions>
            </trkpt>
            <trkpt lat="37.609923" lon="126.930709">
                <ele>43.5</ele>
                <time>2020-04-15T01:04:24.000Z</time>
                <name>Position 5</name>
                <extensions>
                    <cellinfo xmlns:xsi="http://www.w3.org/2001/XMLSchema-instance">mcc=450 mnc=8 ci=4336648 pci=235 tac=1011 earfcn=475 rsrp=-72 rsrq=-7 rssnr=11 cqi=15</cellinfo>
                    <barometer xmlns:xsi="http://www.w3.org/2001/XMLSchema-instance">1014.195</barometer>
                </extensions>
            </trkpt>
            <trkpt lat="37.61008" lon="126.930578">
                <ele>41.7</ele>
                <time>2020-04-15T01:04:41.000Z</time>
                <name>Position 6</name>
                <extensions>
                    <cellinfo xmlns:xsi="http://www.w3.org/2001/XMLSchema-instance">mcc=450 mnc=8 ci=4336648 pci=235 tac=1011 earfcn=475 rsrp=-77 rsrq=-7 rssnr=12 cqi=15</cellinfo>
                    <barometer xmlns:xsi="http://www.w3.org/2001/XMLSchema-instance">1014.191</barometer>
                </extensions>
            </trkpt>
            <trkpt lat="37.610227" lon="126.930425">
                <ele>42.8</ele>
                <time>2020-04-15T01:04:57.000Z</time>
                <name>Position 7</name>
                <extensions>
                    <cellinfo xmlns:xsi="http://www.w3.org/2001/XMLSchema-instance">mcc=450 mnc=8 ci=4336648 pci=235 tac=1011 earfcn=475 rsrp=-76 rsrq=-6 rssnr=22 cqi=15</cellinfo>
                    <barometer xmlns:xsi="http://www.w3.org/2001/XMLSchema-instance">1014.262</barometer>
                </extensions>
            </trkpt>
            <trkpt lat="37.610397" lon="126.930291">
                <ele>44.3</ele>
                <time>2020-04-15T01:05:15.000Z</time>
                <name>Position 8</name>
                <extensions>
                    <cellinfo xmlns:xsi="http://www.w3.org/2001/XMLSchema-instance">mcc=450 mnc=8 ci=4336648 pci=235 tac=1011 earfcn=475 rsrp=-72 rsrq=-6 rssnr=11 cqi=15</cellinfo>
                    <barometer xmlns:xsi="http://www.w3.org/2001/XMLSchema-instance">1014.235</barometer>
                </extensions>
            </trkpt>
            <trkpt lat="37.610551" lon="126.930109">
                <ele>45.4</ele>
                <time>2020-04-15T01:05:31.000Z</time>
                <name>Position 9</name>
                <extensions>
                    <cellinfo xmlns:xsi="http://www.w3.org/2001/XMLSchema-instance">mcc=450 mnc=8 ci=4336648 pci=235 tac=1011 earfcn=475 rsrp=-68 rsrq=-8 rssnr=18 cqi=15</cellinfo>
                    <barometer xmlns:xsi="http://www.w3.org/2001/XMLSchema-instance">1014.273</barometer>
                </extensions>
            </trkpt>
            <trkpt lat="37.610751" lon="126.929972">
                <ele>44.5</ele>
                <time>2020-04-15T01:05:49.000Z</time>
                <name>Position 10</name>
                <extensions>
                    <cellinfo xmlns:xsi="http://www.w3.org/2001/XMLSchema-instance">mcc=450 mnc=8 ci=4336648 pci=235 tac=1011 earfcn=475 rsrp=-67 rsrq=-5 rssnr=25 cqi=15</cellinfo>
                    <barometer xmlns:xsi="http://www.w3.org/2001/XMLSchema-instance">1014.286</barometer>
                </extensions>
            </trkpt>
            <trkpt lat="37.610946" lon="126.929907">
                <ele>44.6</ele>
                <time>2020-04-15T01:06:10.000Z</time>
                <name>Position 11</name>
                <extensions>
                    <cellinfo xmlns:xsi="http://www.w3.org/2001/XMLSchema-instance">mcc=450 mnc=8 ci=4336648 pci=235 tac=1011 earfcn=475 rsrp=-67 rsrq=-7 rssnr=21 cqi=15</cellinfo>
                    <barometer xmlns:xsi="http://www.w3.org/2001/XMLSchema-instance">1014.328</barometer>
                </extensions>
            </trkpt>
            <trkpt lat="37.611065" lon="126.930123">
                <ele>43.4</ele>
                <time>2020-04-15T01:06:28.000Z</time>
                <name>Position 12</name>
                <extensions>
                    <cellinfo xmlns:xsi="http://www.w3.org/2001/XMLSchema-instance">mcc=450 mnc=8 ci=4336648 pci=235 tac=1011 earfcn=475 rsrp=-71 rsrq=-11 rssnr=12 cqi=15</cellinfo>
                    <barometer xmlns:xsi="http://www.w3.org/2001/XMLSchema-instance">1014.406</barometer>
                </extensions>
            </trkpt>
            <trkpt lat="37.611136" lon="126.930364">
                <ele>44.0</ele>
                <time>2020-04-15T01:06:45.000Z</time>
                <name>Position 13</name>
                <extensions>
                    <cellinfo xmlns:xsi="http://www.w3.org/2001/XMLSchema-instance">mcc=450 mnc=8 ci=4336648 pci=235 tac=1011 earfcn=475 rsrp=-74 rsrq=-8 rssnr=12 cqi=15</cellinfo>
                    <barometer xmlns:xsi="http://www.w3.org/2001/XMLSchema-instance">1014.386</barometer>
                </extensions>
            </trkpt>
            <trkpt lat="37.611229" lon="126.930568">
                <ele>45.6</ele>
                <time>2020-04-15T01:07:02.000Z</time>
                <name>Position 14</name>
                <extensions>
                    <cellinfo xmlns:xsi="http://www.w3.org/2001/XMLSchema-instance">mcc=450 mnc=8 ci=4336648 pci=235 tac=1011 earfcn=475 rsrp=-72 rsrq=-9 rssnr=14 cqi=15</cellinfo>
                    <barometer xmlns:xsi="http://www.w3.org/2001/XMLSchema-instance">1014.323</barometer>
                </extensions>
            </trkpt>
            <trkpt lat="37.61139" lon="126.930745">
                <ele>45.0</ele>
                <time>2020-04-15T01:07:22.000Z</time>
                <name>Position 15</name>
                <extensions>
                    <cellinfo xmlns:xsi="http://www.w3.org/2001/XMLSchema-instance">mcc=450 mnc=8 ci=4332560 pci=28 tac=1011 earfcn=475 rsrp=-86 rsrq=-9 rssnr=4 cqi=15</cellinfo>
                    <barometer xmlns:xsi="http://www.w3.org/2001/XMLSchema-instance">1014.318</barometer>
                </extensions>
            </trkpt>
            <trkpt lat="37.611539" lon="126.930901">
                <ele>46.0</ele>
                <time>2020-04-15T01:07:39.000Z</time>
                <name>Position 16</name>
                <extensions>
                    <cellinfo xmlns:xsi="http://www.w3.org/2001/XMLSchema-instance">mcc=450 mnc=8 ci=4353039 pci=308 tac=1011 earfcn=1694 rsrp=-92 rsrq=-14 rssnr=-2 cqi=15</cellinfo>
                    <barometer xmlns:xsi="http://www.w3.org/2001/XMLSchema-instance">1014.335</barometer>
                </extensions>
            </trkpt>
            <trkpt lat="37.611663" lon="126.931107">
                <ele>43.6</ele>
                <time>2020-04-15T01:07:57.000Z</time>
                <name>Position 17</name>
                <extensions>
                    <cellinfo xmlns:xsi="http://www.w3.org/2001/XMLSchema-instance">mcc=450 mnc=8 ci=4353039 pci=308 tac=1011 earfcn=1694 rsrp=-88 rsrq=-10 rssnr=5 cqi=7</cellinfo>
                    <barometer xmlns:xsi="http://www.w3.org/2001/XMLSchema-instance">1014.310</barometer>
                </extensions>
            </trkpt>
            <trkpt lat="37.611778" lon="126.931356">
                <ele>44.5</ele>
                <time>2020-04-15T01:08:19.000Z</time>
                <name>Position 18</name>
                <extensions>
                    <cellinfo xmlns:xsi="http://www.w3.org/2001/XMLSchema-instance">mcc=450 mnc=8 ci=4360454 pci=346 tac=1011 earfcn=475 rsrp=-67 rsrq=-7 rssnr=19 cqi=6</cellinfo>
                    <barometer xmlns:xsi="http://www.w3.org/2001/XMLSchema-instance">1014.271</barometer>
                </extensions>
            </trkpt>
            <trkpt lat="37.611869" lon="126.931634">
                <ele>45.9</ele>
                <time>2020-04-15T01:08:37.000Z</time>
                <name>Position 19</name>
                <extensions>
                    <cellinfo xmlns:xsi="http://www.w3.org/2001/XMLSchema-instance">mcc=450 mnc=8 ci=4360454 pci=346 tac=1011 earfcn=475 rsrp=-64 rsrq=-4 rssnr=24 cqi=6</cellinfo>
                    <barometer xmlns:xsi="http://www.w3.org/2001/XMLSchema-instance">1014.175</barometer>
                </extensions>
            </trkpt>
            <trkpt lat="37.611904" lon="126.931873">
                <ele>45.4</ele>
                <time>2020-04-15T01:09:10.000Z</time>
                <name>Position 20</name>
                <extensions>
                    <cellinfo xmlns:xsi="http://www.w3.org/2001/XMLSchema-instance">mcc=450 mnc=8 ci=4360454 pci=346 tac=1011 earfcn=475 rsrp=-78 rsrq=-5 rssnr=13 cqi=6</cellinfo>
                    <barometer xmlns:xsi="http://www.w3.org/2001/XMLSchema-instance">1014.130</barometer>
                </extensions>
            </trkpt>
            <trkpt lat="37.612116" lon="126.931977">
                <ele>45.7</ele>
                <time>2020-04-15T01:10:22.000Z</time>
                <name>Position 21</name>
                <extensions>
                    <cellinfo xmlns:xsi="http://www.w3.org/2001/XMLSchema-instance">mcc=450 mnc=8 ci=4360454 pci=346 tac=1011 earfcn=475 rsrp=-75 rsrq=-6 rssnr=15 cqi=6</cellinfo>
                    <barometer xmlns:xsi="http://www.w3.org/2001/XMLSchema-instance">1014.060</barometer>
                </extensions>
            </trkpt>
            <trkpt lat="37.612305" lon="126.932059">
                <ele>45.8</ele>
                <time>2020-04-15T01:10:39.000Z</time>
                <name>Position 22</name>
                <extensions>
                    <cellinfo xmlns:xsi="http://www.w3.org/2001/XMLSchema-instance">mcc=450 mnc=8 ci=4360454 pci=346 tac=1011 earfcn=475 rsrp=-81 rsrq=-7 rssnr=13 cqi=6</cellinfo>
                    <barometer xmlns:xsi="http://www.w3.org/2001/XMLSchema-instance">1014.069</barometer>
                </extensions>
            </trkpt>
            <trkpt lat="37.612539" lon="126.932123">
                <ele>44.4</ele>
                <time>2020-04-15T01:10:58.000Z</time>
                <name>Position 23</name>
                <extensions>
                    <cellinfo xmlns:xsi="http://www.w3.org/2001/XMLSchema-instance">mcc=450 mnc=8 ci=4360454 pci=346 tac=1011 earfcn=475 rsrp=-83 rsrq=-5 rssnr=14 cqi=6</cellinfo>
                    <barometer xmlns:xsi="http://www.w3.org/2001/XMLSchema-instance">1013.985</barometer>
                </extensions>
            </trkpt>
            <trkpt lat="37.612746" lon="126.93214">
                <ele>45.9</ele>
                <time>2020-04-15T01:11:14.000Z</time>
                <name>Position 24</name>
                <extensions>
                    <cellinfo xmlns:xsi="http://www.w3.org/2001/XMLSchema-instance">mcc=450 mnc=8 ci=4360454 pci=346 tac=1011 earfcn=475 rsrp=-84 rsrq=-6 rssnr=11 cqi=6</cellinfo>
                    <barometer xmlns:xsi="http://www.w3.org/2001/XMLSchema-instance">1013.978</barometer>
                </extensions>
            </trkpt>
            <trkpt lat="37.612956" lon="126.932168">
                <ele>45.6</ele>
                <time>2020-04-15T01:11:32.000Z</time>
                <name>Position 25</name>
                <extensions>
                    <cellinfo xmlns:xsi="http://www.w3.org/2001/XMLSchema-instance">mcc=450 mnc=8 ci=4360454 pci=346 tac=1011 earfcn=475 rsrp=-83 rsrq=-8 rssnr=7 cqi=6</cellinfo>
                    <barometer xmlns:xsi="http://www.w3.org/2001/XMLSchema-instance">1013.977</barometer>
                </extensions>
            </trkpt>
            <trkpt lat="37.613176" lon="126.932189">
                <ele>47.1</ele>
                <time>2020-04-15T01:11:50.000Z</time>
                <name>Position 26</name>
                <extensions>
                    <cellinfo xmlns:xsi="http://www.w3.org/2001/XMLSchema-instance">mcc=450 mnc=8 ci=4360454 pci=346 tac=1011 earfcn=475 rsrp=-87 rsrq=-7 rssnr=7 cqi=6</cellinfo>
                    <barometer xmlns:xsi="http://www.w3.org/2001/XMLSchema-instance">1013.960</barometer>
                </extensions>
            </trkpt>
            <trkpt lat="37.613382" lon="126.932171">
                <ele>46.4</ele>
                <time>2020-04-15T01:12:07.000Z</time>
                <name>Position 27</name>
                <extensions>
                    <cellinfo xmlns:xsi="http://www.w3.org/2001/XMLSchema-instance">mcc=450 mnc=8 ci=4353039 pci=308 tac=1011 earfcn=1694 rsrp=-61 rsrq=-7 rssnr=32 cqi=6</cellinfo>
                    <barometer xmlns:xsi="http://www.w3.org/2001/XMLSchema-instance">1013.949</barometer>
                </extensions>
            </trkpt>
            <trkpt lat="37.613563" lon="126.932131">
                <ele>46.8</ele>
                <time>2020-04-15T01:12:21.000Z</time>
                <name>Position 28</name>
                <extensions>
                    <cellinfo xmlns:xsi="http://www.w3.org/2001/XMLSchema-instance">mcc=450 mnc=8 ci=4353039 pci=308 tac=1011 earfcn=1694 rsrp=-61 rsrq=-6 rssnr=30 cqi=6</cellinfo>
                    <barometer xmlns:xsi="http://www.w3.org/2001/XMLSchema-instance">1013.947</barometer>
                </extensions>
            </trkpt>
            <trkpt lat="37.613764" lon="126.932181">
                <ele>46.0</ele>
                <time>2020-04-15T01:12:38.000Z</time>
                <name>Position 29</name>
                <extensions>
                    <cellinfo xmlns:xsi="http://www.w3.org/2001/XMLSchema-instance">mcc=450 mnc=8 ci=4353039 pci=308 tac=1011 earfcn=1694 rsrp=-67 rsrq=-7 rssnr=24 cqi=6</cellinfo>
                    <barometer xmlns:xsi="http://www.w3.org/2001/XMLSchema-instance">1013.921</barometer>
                </extensions>
            </trkpt>
            <trkpt lat="37.613988" lon="126.93227">
                <ele>47.7</ele>
                <time>2020-04-15T01:12:56.000Z</time>
                <name>Position 30</name>
                <extensions>
                    <cellinfo xmlns:xsi="http://www.w3.org/2001/XMLSchema-instance">mcc=450 mnc=8 ci=4353039 pci=308 tac=1011 earfcn=1694 rsrp=-64 rsrq=-7 rssnr=28 cqi=6</cellinfo>
                    <barometer xmlns:xsi="http://www.w3.org/2001/XMLSchema-instance">1013.888</barometer>
                </extensions>
            </trkpt>
            <trkpt lat="37.614139" lon="126.93244">
                <ele>47.8</ele>
                <time>2020-04-15T01:13:15.000Z</time>
                <name>Position 31</name>
                <extensions>
                    <cellinfo xmlns:xsi="http://www.w3.org/2001/XMLSchema-instance">mcc=450 mnc=8 ci=4353039 pci=308 tac=1011 earfcn=1694 rsrp=-66 rsrq=-8 rssnr=21 cqi=6</cellinfo>
                    <barometer xmlns:xsi="http://www.w3.org/2001/XMLSchema-instance">1013.768</barometer>
                </extensions>
            </trkpt>
            <trkpt lat="37.61405" lon="126.932674">
                <ele>50.2</ele>
                <time>2020-04-15T01:13:33.000Z</time>
                <name>Position 32</name>
                <extensions>
                    <cellinfo xmlns:xsi="http://www.w3.org/2001/XMLSchema-instance">mcc=450 mnc=8 ci=4353039 pci=308 tac=1011 earfcn=1694 rsrp=-72 rsrq=-10 rssnr=20 cqi=6</cellinfo>
                    <barometer xmlns:xsi="http://www.w3.org/2001/XMLSchema-instance">1013.528</barometer>
                </extensions>
            </trkpt>
            <trkpt lat="37.613967" lon="126.932935">
                <ele>51.9</ele>
                <time>2020-04-15T01:13:52.000Z</time>
                <name>Position 33</name>
                <extensions>
                    <cellinfo xmlns:xsi="http://www.w3.org/2001/XMLSchema-instance">mcc=450 mnc=8 ci=4353039 pci=308 tac=1011 earfcn=1694 rsrp=-83 rsrq=-7 rssnr=22 cqi=6</cellinfo>
                    <barometer xmlns:xsi="http://www.w3.org/2001/XMLSchema-instance">1013.227</barometer>
                </extensions>
            </trkpt>
            <trkpt lat="37.613902" lon="126.933148">
                <ele>55.5</ele>
                <time>2020-04-15T01:14:12.000Z</time>
                <name>Position 34</name>
                <extensions>
                    <cellinfo xmlns:xsi="http://www.w3.org/2001/XMLSchema-instance">mcc=450 mnc=8 ci=4353039 pci=308 tac=1011 earfcn=1694 rsrp=-91 rsrq=-6 rssnr=15 cqi=6</cellinfo>
                    <barometer xmlns:xsi="http://www.w3.org/2001/XMLSchema-instance">1012.880</barometer>
                </extensions>
            </trkpt>
            <trkpt lat="37.613867" lon="126.933388">
                <ele>57.9</ele>
                <time>2020-04-15T01:14:29.000Z</time>
                <name>Position 35</name>
                <extensions>
                    <cellinfo xmlns:xsi="http://www.w3.org/2001/XMLSchema-instance">mcc=450 mnc=8 ci=4353039 pci=308 tac=1011 earfcn=1694 rsrp=-93 rsrq=-8 rssnr=16 cqi=6</cellinfo>
                    <barometer xmlns:xsi="http://www.w3.org/2001/XMLSchema-instance">1012.548</barometer>
                </extensions>
            </trkpt>
            <trkpt lat="37.613831" lon="126.933607">
                <ele>69.0</ele>
                <time>2020-04-15T01:14:46.000Z</time>
                <name>Position 36</name>
                <extensions>
                    <cellinfo xmlns:xsi="http://www.w3.org/2001/XMLSchema-instance">mcc=450 mnc=8 ci=4353036 pci=308 tac=1011 earfcn=1550 rsrp=-71 rsrq=-7 rssnr=16 cqi=6</cellinfo>
                    <barometer xmlns:xsi="http://www.w3.org/2001/XMLSchema-instance">1012.207</barometer>
                </extensions>
            </trkpt>
            <trkpt lat="37.613879" lon="126.933891">
                <ele>71.8</ele>
                <time>2020-04-15T01:15:08.000Z</time>
                <name>Position 37</name>
                <extensions>
                    <cellinfo xmlns:xsi="http://www.w3.org/2001/XMLSchema-instance">mcc=450 mnc=8 ci=4353036 pci=308 tac=1011 earfcn=1550 rsrp=-72 rsrq=-12 rssnr=12 cqi=6</cellinfo>
                    <barometer xmlns:xsi="http://www.w3.org/2001/XMLSchema-instance">1011.762</barometer>
                </extensions>
            </trkpt>
            <trkpt lat="37.613983" lon="126.933959">
                <ele>69.0</ele>
                <time>2020-04-15T01:15:27.000Z</time>
                <name>Position 38</name>
                <extensions>
                    <cellinfo xmlns:xsi="http://www.w3.org/2001/XMLSchema-instance">mcc=450 mnc=8 ci=4353036 pci=308 tac=1011 earfcn=1550 rsrp=-77 rsrq=-7 rssnr=13 cqi=6</cellinfo>
                    <barometer xmlns:xsi="http://www.w3.org/2001/XMLSchema-instance">1011.331</barometer>
                </extensions>
            </trkpt>
            <trkpt lat="37.614171" lon="126.933901">
                <ele>75.3</ele>
                <time>2020-04-15T01:15:51.000Z</time>
                <name>Position 39</name>
                <extensions>
                    <cellinfo xmlns:xsi="http://www.w3.org/2001/XMLSchema-instance">mcc=450 mnc=8 ci=4353036 pci=308 tac=1011 earfcn=1550 rsrp=-73 rsrq=-9 rssnr=20 cqi=6</cellinfo>
                    <barometer xmlns:xsi="http://www.w3.org/2001/XMLSchema-instance">1010.795</barometer>
                </extensions>
            </trkpt>
            <trkpt lat="37.614341" lon="126.933998">
                <ele>79.0</ele>
                <time>2020-04-15T01:16:35.000Z</time>
                <name>Position 40</name>
                <extensions>
                    <cellinfo xmlns:xsi="http://www.w3.org/2001/XMLSchema-instance">mcc=450 mnc=8 ci=4353036 pci=308 tac=1011 earfcn=1550 rsrp=-76 rsrq=-9 rssnr=21 cqi=6</cellinfo>
                    <barometer xmlns:xsi="http://www.w3.org/2001/XMLSchema-instance">1009.824</barometer>
                </extensions>
            </trkpt>
            <trkpt lat="37.614429" lon="126.934185">
                <ele>85.0</ele>
                <time>2020-04-15T01:17:23.000Z</time>
                <name>Position 41</name>
                <extensions>
                    <cellinfo xmlns:xsi="http://www.w3.org/2001/XMLSchema-instance">mcc=450 mnc=8 ci=4353036 pci=308 tac=1011 earfcn=1550 rsrp=-89 rsrq=-10 rssnr=3 cqi=6</cellinfo>
                    <barometer xmlns:xsi="http://www.w3.org/2001/XMLSchema-instance">1008.783</barometer>
                </extensions>
            </trkpt>
            <trkpt lat="37.614562" lon="126.934374">
                <ele>89.3</ele>
                <time>2020-04-15T01:17:59.000Z</time>
                <name>Position 42</name>
                <extensions>
                    <cellinfo xmlns:xsi="http://www.w3.org/2001/XMLSchema-instance">mcc=450 mnc=8 ci=4353036 pci=308 tac=1011 earfcn=1550 rsrp=-88 rsrq=-9 rssnr=2 cqi=6</cellinfo>
                    <barometer xmlns:xsi="http://www.w3.org/2001/XMLSchema-instance">1008.052</barometer>
                </extensions>
            </trkpt>
            <trkpt lat="37.614694" lon="126.934483">
                <ele>99.3</ele>
                <time>2020-04-15T01:20:13.000Z</time>
                <name>Position 43</name>
                <extensions>
                    <pause xmlns:xsi="http://www.w3.org/2001/XMLSchema-instance">start</pause>
                    <type xmlns:xsi="http://www.w3.org/2001/XMLSchema-instance">unknown</type>
                    <cellinfo xmlns:xsi="http://www.w3.org/2001/XMLSchema-instance">mcc=450 mnc=8 ci=4353036 pci=308 tac=1011 earfcn=1550 rsrp=-87 rsrq=-10 rssnr=3 cqi=6</cellinfo>
                    <barometer xmlns:xsi="http://www.w3.org/2001/XMLSchema-instance">1007.507</barometer>
                </extensions>
            </trkpt>
            <trkpt lat="37.614717" lon="126.934602">
                <ele>102.3</ele>
                <time>2020-04-15T01:25:09.000Z</time>
                <name>Position 44</name>
                <extensions>
                    <pause xmlns:xsi="http://www.w3.org/2001/XMLSchema-instance">end</pause>
                    <type xmlns:xsi="http://www.w3.org/2001/XMLSchema-instance">auto</type>
                    <cellinfo xmlns:xsi="http://www.w3.org/2001/XMLSchema-instance">mcc=450 mnc=8 ci=4353028 pci=292 tac=1011 earfcn=1550 rsrp=-86 rsrq=-11 rssnr=1 cqi=6</cellinfo>
                    <barometer xmlns:xsi="http://www.w3.org/2001/XMLSchema-instance">1006.918</barometer>
                </extensions>
            </trkpt>
            <trkpt lat="37.614701" lon="126.934715">
                <ele>102.9</ele>
                <time>2020-04-15T01:25:17.000Z</time>
                <name>Position 45</name>
                <extensions>
                    <cellinfo xmlns:xsi="http://www.w3.org/2001/XMLSchema-instance">mcc=450 mnc=8 ci=4353028 pci=292 tac=1011 earfcn=1550 rsrp=-91 rsrq=-12 rssnr=0 cqi=6</cellinfo>
                    <barometer xmlns:xsi="http://www.w3.org/2001/XMLSchema-instance">1006.852</barometer>
                </extensions>
            </trkpt>
            <trkpt lat="37.614673" lon="126.934982">
                <ele>104.8</ele>
                <time>2020-04-15T01:25:37.000Z</time>
                <name>Position 46</name>
                <extensions>
                    <cellinfo xmlns:xsi="http://www.w3.org/2001/XMLSchema-instance">mcc=450 mnc=8 ci=4353028 pci=292 tac=1011 earfcn=1550 rsrp=-93 rsrq=-14 rssnr=-7 cqi=6</cellinfo>
                    <barometer xmlns:xsi="http://www.w3.org/2001/XMLSchema-instance">1006.629</barometer>
                </extensions>
            </trkpt>
            <trkpt lat="37.614694" lon="126.935205">
                <ele>111.4</ele>
                <time>2020-04-15T01:26:13.000Z</time>
                <name>Position 47</name>
                <extensions>
                    <cellinfo xmlns:xsi="http://www.w3.org/2001/XMLSchema-instance">mcc=450 mnc=8 ci=4353036 pci=308 tac=1011 earfcn=1550 rsrp=-96 rsrq=-16 rssnr=-5 cqi=6</cellinfo>
                    <barometer xmlns:xsi="http://www.w3.org/2001/XMLSchema-instance">1005.899</barometer>
                </extensions>
            </trkpt>
            <trkpt lat="37.61479" lon="126.935419">
                <ele>116.5</ele>
                <time>2020-04-15T01:26:59.000Z</time>
                <name>Position 48</name>
                <extensions>
                    <cellinfo xmlns:xsi="http://www.w3.org/2001/XMLSchema-instance">mcc=450 mnc=8 ci=4327424 pci=173 tac=1011 earfcn=3743 rsrp=-88 rsrq=-16 rssnr=-4 cqi=6</cellinfo>
                    <barometer xmlns:xsi="http://www.w3.org/2001/XMLSchema-instance">1004.847</barometer>
                </extensions>
            </trkpt>
            <trkpt lat="37.61485" lon="126.935631">
                <ele>122.7</ele>
                <time>2020-04-15T01:27:34.000Z</time>
                <name>Position 49</name>
                <extensions>
                    <cellinfo xmlns:xsi="http://www.w3.org/2001/XMLSchema-instance">mcc=450 mnc=8 ci=4327424 pci=173 tac=1011 earfcn=3743 rsrp=-90 rsrq=-16 rssnr=-3 cqi=6</cellinfo>
                    <barometer xmlns:xsi="http://www.w3.org/2001/XMLSchema-instance">1004.191</barometer>
                </extensions>
            </trkpt>
            <trkpt lat="37.614912" lon="126.935854">
                <ele>127.7</ele>
                <time>2020-04-15T01:28:04.000Z</time>
                <name>Position 50</name>
                <extensions>
                    <cellinfo xmlns:xsi="http://www.w3.org/2001/XMLSchema-instance">mcc=450 mnc=8 ci=4332545 pci=277 tac=1011 earfcn=3743 rsrp=-91 rsrq=-17 rssnr=-10 cqi=6</cellinfo>
                    <barometer xmlns:xsi="http://www.w3.org/2001/XMLSchema-instance">1003.514</barometer>
                </extensions>
            </trkpt>
            <trkpt lat="37.614954" lon="126.936088">
                <ele>131.7</ele>
                <time>2020-04-15T01:28:34.000Z</time>
                <name>Position 51</name>
                <extensions>
                    <cellinfo xmlns:xsi="http://www.w3.org/2001/XMLSchema-instance">mcc=450 mnc=8 ci=4332545 pci=277 tac=1011 earfcn=3743 rsrp=-88 rsrq=-16 rssnr=-8 cqi=6</cellinfo>
                    <barometer xmlns:xsi="http://www.w3.org/2001/XMLSchema-instance">1002.653</barometer>
                </extensions>
            </trkpt>
            <trkpt lat="37.615005" lon="126.936284">
                <ele>141.3</ele>
                <time>2020-04-15T01:29:14.000Z</time>
                <name>Position 52</name>
                <extensions>
                    <cellinfo xmlns:xsi="http://www.w3.org/2001/XMLSchema-instance">mcc=450 mnc=8 ci=4360451 pci=346 tac=1011 earfcn=1550 rsrp=-90 rsrq=-15 rssnr=-4 cqi=6</cellinfo>
                    <barometer xmlns:xsi="http://www.w3.org/2001/XMLSchema-instance">1001.753</barometer>
                </extensions>
            </trkpt>
            <trkpt lat="37.615159" lon="126.936368">
                <ele>150.1</ele>
                <time>2020-04-15T01:29:59.000Z</time>
                <name>Position 53</name>
                <extensions>
                    <cellinfo xmlns:xsi="http://www.w3.org/2001/XMLSchema-instance">mcc=450 mnc=8 ci=4360454 pci=346 tac=1011 earfcn=475 rsrp=-102 rsrq=-11 rssnr=-2 cqi=6</cellinfo>
                    <barometer xmlns:xsi="http://www.w3.org/2001/XMLSchema-instance">1000.685</barometer>
                </extensions>
            </trkpt>
            <trkpt lat="37.615319" lon="126.936481">
                <ele>154.1</ele>
                <time>2020-04-15T01:30:29.000Z</time>
                <name>Position 54</name>
                <extensions>
                    <cellinfo xmlns:xsi="http://www.w3.org/2001/XMLSchema-instance">mcc=450 mnc=8 ci=4352776 pci=241 tac=1011 earfcn=1694 rsrp=-103 rsrq=-19 rssnr=-14 cqi=6</cellinfo>
                    <barometer xmlns:xsi="http://www.w3.org/2001/XMLSchema-instance">1000.093</barometer>
                </extensions>
            </trkpt>
            <trkpt lat="37.615424" lon="126.936658">
                <ele>162.6</ele>
                <time>2020-04-15T01:31:00.000Z</time>
                <name>Position 55</name>
                <extensions>
                    <cellinfo xmlns:xsi="http://www.w3.org/2001/XMLSchema-instance">mcc=450 mnc=8 ci=4327436 pci=321 tac=1011 earfcn=1550 rsrp=-102 rsrq=-13 rssnr=-7 cqi=6</cellinfo>
                    <barometer xmlns:xsi="http://www.w3.org/2001/XMLSchema-instance">999.354</barometer>
                </extensions>
            </trkpt>
            <trkpt lat="37.615393" lon="126.936877">
                <ele>165.6</ele>
                <time>2020-04-15T01:31:36.000Z</time>
                <name>Position 56</name>
                <extensions>
                    <cellinfo xmlns:xsi="http://www.w3.org/2001/XMLSchema-instance">mcc=450 mnc=8 ci=4353025 pci=292 tac=1011 earfcn=3743 rsrp=-89 rsrq=-13 rssnr=0 cqi=6</cellinfo>
                    <barometer xmlns:xsi="http://www.w3.org/2001/XMLSchema-instance">998.910</barometer>
                </extensions>
            </trkpt>
            <trkpt lat="37.615272" lon="126.93704">
                <ele>170.7</ele>
                <time>2020-04-15T01:32:27.000Z</time>
                <name>Position 57</name>
                <extensions>
                    <cellinfo xmlns:xsi="http://www.w3.org/2001/XMLSchema-instance">mcc=450 mnc=8 ci=4353025 pci=292 tac=1011 earfcn=3743 rsrp=-92 rsrq=-18 rssnr=-7 cqi=6</cellinfo>
                    <barometer xmlns:xsi="http://www.w3.org/2001/XMLSchema-instance">997.832</barometer>
                </extensions>
            </trkpt>
            <trkpt lat="37.615205" lon="126.937235">
                <ele>179.4</ele>
                <time>2020-04-15T01:33:16.000Z</time>
                <name>Position 58</name>
                <extensions>
                    <cellinfo xmlns:xsi="http://www.w3.org/2001/XMLSchema-instance">mcc=450 mnc=8 ci=4360451 pci=346 tac=1011 earfcn=1550 rsrp=-102 rsrq=-22 rssnr=-11 cqi=6</cellinfo>
                    <barometer xmlns:xsi="http://www.w3.org/2001/XMLSchema-instance">996.779</barometer>
                </extensions>
            </trkpt>
            <trkpt lat="37.615141" lon="126.93742">
                <ele>190.1</ele>
                <time>2020-04-15T01:33:54.000Z</time>
                <name>Position 59</name>
                <extensions>
                    <cellinfo xmlns:xsi="http://www.w3.org/2001/XMLSchema-instance">mcc=450 mnc=8 ci=4351249 pci=196 tac=1011 earfcn=1694 rsrp=-103 rsrq=-15 rssnr=-9 cqi=6</cellinfo>
                    <barometer xmlns:xsi="http://www.w3.org/2001/XMLSchema-instance">995.940</barometer>
                </extensions>
            </trkpt>
            <trkpt lat="37.615164" lon="126.937625">
                <ele>199.4</ele>
                <time>2020-04-15T01:34:35.000Z</time>
                <name>Position 60</name>
                <extensions>
                    <cellinfo xmlns:xsi="http://www.w3.org/2001/XMLSchema-instance">mcc=450 mnc=8 ci=4327427 pci=173 tac=1011 earfcn=1550 rsrp=-86 rsrq=-17 rssnr=-7 cqi=6</cellinfo>
                    <barometer xmlns:xsi="http://www.w3.org/2001/XMLSchema-instance">994.904</barometer>
                </extensions>
            </trkpt>
            <trkpt lat="37.615238" lon="126.937816">
                <ele>208.4</ele>
                <time>2020-04-15T01:35:11.000Z</time>
                <name>Position 61</name>
                <extensions>
                    <cellinfo xmlns:xsi="http://www.w3.org/2001/XMLSchema-instance">mcc=450 mnc=8 ci=4327424 pci=173 tac=1011 earfcn=3743 rsrp=-83 rsrq=-13 rssnr=-6 cqi=6</cellinfo>
                    <barometer xmlns:xsi="http://www.w3.org/2001/XMLSchema-instance">993.928</barometer>
                </extensions>
            </trkpt>
            <trkpt lat="37.615273" lon="126.938022">
                <ele>210.8</ele>
                <time>2020-04-15T01:35:44.000Z</time>
                <name>Position 62</name>
                <extensions>
                    <cellinfo xmlns:xsi="http://www.w3.org/2001/XMLSchema-instance">mcc=450 mnc=8 ci=4327424 pci=173 tac=1011 earfcn=3743 rsrp=-96 rsrq=-15 rssnr=-4 cqi=6</cellinfo>
                    <barometer xmlns:xsi="http://www.w3.org/2001/XMLSchema-instance">993.300</barometer>
                </extensions>
            </trkpt>
            <trkpt lat="37.615274" lon="126.938223">
                <ele>222.2</ele>
                <time>2020-04-15T01:36:22.000Z</time>
                <name>Position 63</name>
                <extensions>
                    <cellinfo xmlns:xsi="http://www.w3.org/2001/XMLSchema-instance">mcc=450 mnc=8 ci=4353284 pci=18 tac=1004 earfcn=1550 rsrp=-91 rsrq=-19 rssnr=-14 cqi=6</cellinfo>
                    <barometer xmlns:xsi="http://www.w3.org/2001/XMLSchema-instance">992.368</barometer>
                </extensions>
            </trkpt>
            <trkpt lat="37.615278" lon="126.938419">
                <ele>231.7</ele>
                <time>2020-04-15T01:37:08.000Z</time>
                <name>Position 64</name>
                <extensions>
                    <cellinfo xmlns:xsi="http://www.w3.org/2001/XMLSchema-instance">mcc=450 mnc=8 ci=4353033 pci=308 tac=1011 earfcn=3743 rsrp=-92 rsrq=-19 rssnr=-9 cqi=2</cellinfo>
                    <barometer xmlns:xsi="http://www.w3.org/2001/XMLSchema-instance">991.211</barometer>
                </extensions>
            </trkpt>
            <trkpt lat="37.615395" lon="126.938622">
                <ele>237.6</ele>
                <time>2020-04-15T01:37:39.000Z</time>
                <name>Position 65</name>
                <extensions>
                    <cellinfo xmlns:xsi="http://www.w3.org/2001/XMLSchema-instance">mcc=450 mnc=8 ci=4350725 pci=32 tac=1011 earfcn=1550 rsrp=-104 rsrq=-23 rssnr=-14 cqi=1</cellinfo>
                    <barometer xmlns:xsi="http://www.w3.org/2001/XMLSchema-instance">990.660</barometer>
                </extensions>
            </trkpt>
            <trkpt lat="37.615514" lon="126.938817">
                <ele>240.2</ele>
                <time>2020-04-15T01:38:02.000Z</time>
                <name>Position 66</name>
                <extensions>
                    <cellinfo xmlns:xsi="http://www.w3.org/2001/XMLSchema-instance">mcc=450 mnc=8 ci=4327183 pci=122 tac=36 earfcn=1694 rsrp=-101 rsrq=-18 rssnr=-3 cqi=6</cellinfo>
                    <barometer xmlns:xsi="http://www.w3.org/2001/XMLSchema-instance">990.462</barometer>
                </extensions>
            </trkpt>
            <trkpt lat="37.615648" lon="126.939031">
                <ele>239.7</ele>
                <time>2020-04-15T01:38:22.000Z</time>
                <name>Position 67</name>
                <extensions>
                    <cellinfo xmlns:xsi="http://www.w3.org/2001/XMLSchema-instance">mcc=450 mnc=8 ci=4327436 pci=321 tac=1011 earfcn=1550 rsrp=-92 rsrq=-15 rssnr=-7 cqi=5</cellinfo>
                    <barometer xmlns:xsi="http://www.w3.org/2001/XMLSchema-instance">990.622</barometer>
                </extensions>
            </trkpt>
            <trkpt lat="37.615789" lon="126.939175">
                <ele>242.6</ele>
                <time>2020-04-15T01:38:45.000Z</time>
                <name>Position 68</name>
                <extensions>
                    <cellinfo xmlns:xsi="http://www.w3.org/2001/XMLSchema-instance">mcc=450 mnc=8 ci=4353037 pci=42 tac=1011 earfcn=1550 rsrp=-86 rsrq=-16 rssnr=-5 cqi=5</cellinfo>
                    <barometer xmlns:xsi="http://www.w3.org/2001/XMLSchema-instance">990.200</barometer>
                </extensions>
            </trkpt>
            <trkpt lat="37.615896" lon="126.939379">
                <ele>246.7</ele>
                <time>2020-04-15T01:39:12.000Z</time>
                <name>Position 69</name>
                <extensions>
                    <cellinfo xmlns:xsi="http://www.w3.org/2001/XMLSchema-instance">mcc=450 mnc=8 ci=4327424 pci=173 tac=1011 earfcn=3743 rsrp=-86 rsrq=-13 rssnr=-12 cqi=5</cellinfo>
                    <barometer xmlns:xsi="http://www.w3.org/2001/XMLSchema-instance">989.690</barometer>
                </extensions>
            </trkpt>
            <trkpt lat="37.61606" lon="126.939523">
                <ele>248.6</ele>
                <time>2020-04-15T01:39:33.000Z</time>
                <name>Position 70</name>
                <extensions>
                    <cellinfo xmlns:xsi="http://www.w3.org/2001/XMLSchema-instance">mcc=450 mnc=8 ci=4327424 pci=173 tac=1011 earfcn=3743 rsrp=-86 rsrq=-14 rssnr=-6 cqi=5</cellinfo>
                    <barometer xmlns:xsi="http://www.w3.org/2001/XMLSchema-instance">989.510</barometer>
                </extensions>
            </trkpt>
            <trkpt lat="37.616236" lon="126.939615">
                <ele>251.5</ele>
                <time>2020-04-15T01:39:57.000Z</time>
                <name>Position 71</name>
                <extensions>
                    <cellinfo xmlns:xsi="http://www.w3.org/2001/XMLSchema-instance">mcc=450 mnc=8 ci=4352785 pci=146 tac=1011 earfcn=1694 rsrp=-104 rsrq=-21 rssnr=-12 cqi=2</cellinfo>
                    <barometer xmlns:xsi="http://www.w3.org/2001/XMLSchema-instance">989.144</barometer>
                </extensions>
            </trkpt>
            <trkpt lat="37.616388" lon="126.939769">
                <ele>256.4</ele>
                <time>2020-04-15T01:40:28.000Z</time>
                <name>Position 72</name>
                <extensions>
                    <cellinfo xmlns:xsi="http://www.w3.org/2001/XMLSchema-instance">mcc=450 mnc=8 ci=4327432 pci=448 tac=1011 earfcn=1694 rsrp=-101 rsrq=-14 rssnr=-3 cqi=2</cellinfo>
                    <barometer xmlns:xsi="http://www.w3.org/2001/XMLSchema-instance">988.346</barometer>
                </extensions>
            </trkpt>
            <trkpt lat="37.616547" lon="126.939889">
                <ele>262.9</ele>
                <time>2020-04-15T01:40:57.000Z</time>
                <name>Position 73</name>
                <extensions>
                    <cellinfo xmlns:xsi="http://www.w3.org/2001/XMLSchema-instance">mcc=450 mnc=8 ci=4327432 pci=448 tac=1011 earfcn=1694 rsrp=-99 rsrq=-15 rssnr=-5 cqi=2</cellinfo>
                    <barometer xmlns:xsi="http://www.w3.org/2001/XMLSchema-instance">987.672</barometer>
                </extensions>
            </trkpt>
            <trkpt lat="37.616535" lon="126.940108">
                <ele>269.8</ele>
                <time>2020-04-15T01:41:47.000Z</time>
                <name>Position 74</name>
                <extensions>
                    <cellinfo xmlns:xsi="http://www.w3.org/2001/XMLSchema-instance">mcc=450 mnc=8 ci=4355079 pci=293 tac=1011 earfcn=475 rsrp=-109 rsrq=-21 rssnr=-14 cqi=2</cellinfo>
                    <barometer xmlns:xsi="http://www.w3.org/2001/XMLSchema-instance">986.642</barometer>
                </extensions>
            </trkpt>
            <trkpt lat="37.616577" lon="126.94033">
                <ele>276.8</ele>
                <time>2020-04-15T01:42:41.000Z</time>
                <name>Position 75</name>
                <extensions>
                    <cellinfo xmlns:xsi="http://www.w3.org/2001/XMLSchema-instance">mcc=450 mnc=8 ci=4327424 pci=173 tac=1011 earfcn=3743 rsrp=-90 rsrq=-17 rssnr=-4 cqi=2</cellinfo>
                    <barometer xmlns:xsi="http://www.w3.org/2001/XMLSchema-instance">985.501</barometer>
                </extensions>
            </trkpt>
            <trkpt lat="37.616626" lon="126.940509">
                <ele>288.4</ele>
                <time>2020-04-15T01:43:24.000Z</time>
                <name>Position 76</name>
                <extensions>
                    <cellinfo xmlns:xsi="http://www.w3.org/2001/XMLSchema-instance">mcc=450 mnc=8 ci=4327427 pci=173 tac=1011 earfcn=1550 rsrp=-91 rsrq=-18 rssnr=-10 cqi=2</cellinfo>
                    <barometer xmlns:xsi="http://www.w3.org/2001/XMLSchema-instance">984.455</barometer>
                </extensions>
            </trkpt>
            <trkpt lat="37.616716" lon="126.940689">
                <ele>297.8</ele>
                <time>2020-04-15T01:44:12.000Z</time>
                <name>Position 77</name>
                <extensions>
                    <cellinfo xmlns:xsi="http://www.w3.org/2001/XMLSchema-instance">mcc=450 mnc=8 ci=4327424 pci=173 tac=1011 earfcn=3743 rsrp=-89 rsrq=-16 rssnr=-6 cqi=2</cellinfo>
                    <barometer xmlns:xsi="http://www.w3.org/2001/XMLSchema-instance">983.307</barometer>
                </extensions>
            </trkpt>
            <trkpt lat="37.616817" lon="126.940847">
                <ele>308.4</ele>
                <time>2020-04-15T01:44:54.000Z</time>
                <name>Position 78</name>
                <extensions>
                    <cellinfo xmlns:xsi="http://www.w3.org/2001/XMLSchema-instance">mcc=450 mnc=8 ci=4327424 pci=173 tac=1011 earfcn=3743 rsrp=-84 rsrq=-16 rssnr=-4 cqi=2</cellinfo>
                    <barometer xmlns:xsi="http://www.w3.org/2001/XMLSchema-instance">981.938</barometer>
                </extensions>
            </trkpt>
            <trkpt lat="37.61693" lon="126.940985">
                <ele>317.1</ele>
                <time>2020-04-15T01:45:40.000Z</time>
                <name>Position 79</name>
                <extensions>
                    <cellinfo xmlns:xsi="http://www.w3.org/2001/XMLSchema-instance">mcc=450 mnc=8 ci=4327424 pci=173 tac=1011 earfcn=3743 rsrp=-83 rsrq=-14 rssnr=-3 cqi=2</cellinfo>
                    <barometer xmlns:xsi="http://www.w3.org/2001/XMLSchema-instance">980.811</barometer>
                </extensions>
            </trkpt>
            <trkpt lat="37.617022" lon="126.941154">
                <ele>326.1</ele>
                <time>2020-04-15T01:46:27.000Z</time>
                <name>Position 80</name>
                <extensions>
                    <cellinfo xmlns:xsi="http://www.w3.org/2001/XMLSchema-instance">mcc=450 mnc=8 ci=4327424 pci=173 tac=1011 earfcn=3743 rsrp=-81 rsrq=-14 rssnr=-5 cqi=2</cellinfo>
                    <barometer xmlns:xsi="http://www.w3.org/2001/XMLSchema-instance">979.618</barometer>
                </extensions>
            </trkpt>
            <trkpt lat="37.61712" lon="126.941336">
                <ele>333.2</ele>
                <time>2020-04-15T01:47:01.000Z</time>
                <name>Position 81</name>
                <extensions>
                    <cellinfo xmlns:xsi="http://www.w3.org/2001/XMLSchema-instance">mcc=450 mnc=8 ci=4359692 pci=444 tac=1004 earfcn=1550 rsrp=-84 rsrq=-17 rssnr=-6 cqi=2</cellinfo>
                    <barometer xmlns:xsi="http://www.w3.org/2001/XMLSchema-instance">978.885</barometer>
                </extensions>
            </trkpt>
            <trkpt lat="37.61729" lon="126.941494">
                <ele>337.1</ele>
                <time>2020-04-15T01:47:26.000Z</time>
                <name>Position 82</name>
                <extensions>
                    <cellinfo xmlns:xsi="http://www.w3.org/2001/XMLSchema-instance">mcc=450 mnc=8 ci=4359692 pci=444 tac=1004 earfcn=1550 rsrp=-95 rsrq=-22 rssnr=-11 cqi=2</cellinfo>
                    <barometer xmlns:xsi="http://www.w3.org/2001/XMLSchema-instance">978.710</barometer>
                </extensions>
            </trkpt>
            <trkpt lat="37.617483" lon="126.941611">
                <ele>342.7</ele>
                <time>2020-04-15T01:47:46.000Z</time>
                <name>Position 83</name>
                <extensions>
                    <cellinfo xmlns:xsi="http://www.w3.org/2001/XMLSchema-instance">mcc=450 mnc=8 ci=4326400 pci=443 tac=1011 earfcn=3743 rsrp=-97 rsrq=-12 rssnr=-5 cqi=2</cellinfo>
                    <barometer xmlns:xsi="http://www.w3.org/2001/XMLSchema-instance">978.212</barometer>
                </extensions>
            </trkpt>
            <trkpt lat="37.617598" lon="126.941791">
                <ele>346.4</ele>
                <time>2020-04-15T01:48:12.000Z</time>
                <name>Position 84</name>
                <extensions>
                    <cellinfo xmlns:xsi="http://www.w3.org/2001/XMLSchema-instance">mcc=450 mnc=8 ci=4326403 pci=443 tac=1011 earfcn=1550 rsrp=-92 rsrq=-12 rssnr=0 cqi=2</cellinfo>
                    <barometer xmlns:xsi="http://www.w3.org/2001/XMLSchema-instance">977.740</barometer>
                </extensions>
            </trkpt>
            <trkpt lat="37.617616" lon="126.942045">
                <ele>350.7</ele>
                <time>2020-04-15T01:49:07.000Z</time>
                <name>Position 85</name>
                <extensions>
                    <cellinfo xmlns:xsi="http://www.w3.org/2001/XMLSchema-instance">mcc=450 mnc=8 ci=4326403 pci=443 tac=1011 earfcn=1550 rsrp=-96 rsrq=-16 rssnr=-6 cqi=2</cellinfo>
                    <barometer xmlns:xsi="http://www.w3.org/2001/XMLSchema-instance">977.414</barometer>
                </extensions>
            </trkpt>
            <trkpt lat="37.617628" lon="126.94205">
                <ele>354.3</ele>
                <time>2020-04-15T01:51:07.000Z</time>
                <name>Position 86</name>
                <extensions>
                    <pause xmlns:xsi="http://www.w3.org/2001/XMLSchema-instance">start</pause>
                    <type xmlns:xsi="http://www.w3.org/2001/XMLSchema-instance">unknown</type>
                    <cellinfo xmlns:xsi="http://www.w3.org/2001/XMLSchema-instance">mcc=450 mnc=8 ci=4326400 pci=443 tac=1011 earfcn=3743 rsrp=-93 rsrq=-15 rssnr=-3 cqi=3</cellinfo>
                    <barometer xmlns:xsi="http://www.w3.org/2001/XMLSchema-instance">977.397</barometer>
                </extensions>
            </trkpt>
            <trkpt lat="37.617721" lon="126.942081">
                <ele>350.8</ele>
                <time>2020-04-15T01:56:18.000Z</time>
                <name>Position 87</name>
                <extensions>
                    <pause xmlns:xsi="http://www.w3.org/2001/XMLSchema-instance">end</pause>
                    <type xmlns:xsi="http://www.w3.org/2001/XMLSchema-instance">auto</type>
                    <cellinfo xmlns:xsi="http://www.w3.org/2001/XMLSchema-instance">mcc=450 mnc=8 ci=4326400 pci=443 tac=1011 earfcn=3743 rsrp=-86 rsrq=-8 rssnr=10 cqi=4</cellinfo>
                    <barometer xmlns:xsi="http://www.w3.org/2001/XMLSchema-instance">979.206</barometer>
                </extensions>
            </trkpt>
            <trkpt lat="37.617827" lon="126.942181">
                <ele>336.8</ele>
                <time>2020-04-15T01:56:39.000Z</time>
                <name>Position 88</name>
                <extensions>
                    <cellinfo xmlns:xsi="http://www.w3.org/2001/XMLSchema-instance">mcc=450 mnc=8 ci=4326400 pci=443 tac=1011 earfcn=3743 rsrp=-86 rsrq=-10 rssnr=9 cqi=4</cellinfo>
                    <barometer xmlns:xsi="http://www.w3.org/2001/XMLSchema-instance">979.912</barometer>
                </extensions>
            </trkpt>
            <trkpt lat="37.617987" lon="126.942319">
                <ele>332.9</ele>
                <time>2020-04-15T01:56:56.000Z</time>
                <name>Position 89</name>
                <extensions>
                    <cellinfo xmlns:xsi="http://www.w3.org/2001/XMLSchema-instance">mcc=450 mnc=8 ci=4326400 pci=443 tac=1011 earfcn=3743 rsrp=-90 rsrq=-12 rssnr=-2 cqi=4</cellinfo>
                    <barometer xmlns:xsi="http://www.w3.org/2001/XMLSchema-instance">980.181</barometer>
                </extensions>
            </trkpt>
            <trkpt lat="37.618146" lon="126.942471">
                <ele>329.4</ele>
                <time>2020-04-15T01:57:15.000Z</time>
                <name>Position 90</name>
                <extensions>
                    <cellinfo xmlns:xsi="http://www.w3.org/2001/XMLSchema-instance">mcc=450 mnc=8 ci=4326400 pci=443 tac=1011 earfcn=3743 rsrp=-93 rsrq=-16 rssnr=-10 cqi=4</cellinfo>
                    <barometer xmlns:xsi="http://www.w3.org/2001/XMLSchema-instance">980.499</barometer>
                </extensions>
            </trkpt>
            <trkpt lat="37.61835" lon="126.942553">
                <ele>328.9</ele>
                <time>2020-04-15T01:57:35.000Z</time>
                <name>Position 91</name>
                <extensions>
                    <cellinfo xmlns:xsi="http://www.w3.org/2001/XMLSchema-instance">mcc=450 mnc=8 ci=4361478 pci=256 tac=1011 earfcn=1694 rsrp=-89 rsrq=-11 rssnr=-2 cqi=4</cellinfo>
                    <barometer xmlns:xsi="http://www.w3.org/2001/XMLSchema-instance">980.987</barometer>
                </extensions>
            </trkpt>
            <trkpt lat="37.618489" lon="126.942745">
                <ele>330.9</ele>
                <time>2020-04-15T01:58:00.000Z</time>
                <name>Position 92</name>
                <extensions>
                    <cellinfo xmlns:xsi="http://www.w3.org/2001/XMLSchema-instance">mcc=450 mnc=8 ci=4359692 pci=444 tac=1004 earfcn=1550 rsrp=-95 rsrq=-14 rssnr=-3 cqi=4</cellinfo>
                    <barometer xmlns:xsi="http://www.w3.org/2001/XMLSchema-instance">980.490</barometer>
                </extensions>
            </trkpt>
            <trkpt lat="37.618553" lon="126.942956">
                <ele>324.5</ele>
                <time>2020-04-15T01:58:42.000Z</time>
                <name>Position 93</name>
                <extensions>
                    <cellinfo xmlns:xsi="http://www.w3.org/2001/XMLSchema-instance">mcc=450 mnc=8 ci=4326400 pci=443 tac=1011 earfcn=3743 rsrp=-90 rsrq=-12 rssnr=2 cqi=4</cellinfo>
                    <barometer xmlns:xsi="http://www.w3.org/2001/XMLSchema-instance">981.490</barometer>
                </extensions>
            </trkpt>
            <trkpt lat="37.618553" lon="126.943165">
                <ele>318.2</ele>
                <time>2020-04-15T01:59:36.000Z</time>
                <name>Position 94</name>
                <extensions>
                    <cellinfo xmlns:xsi="http://www.w3.org/2001/XMLSchema-instance">mcc=450 mnc=8 ci=4326400 pci=443 tac=1011 earfcn=3743 rsrp=-98 rsrq=-16 rssnr=-2 cqi=4</cellinfo>
                    <barometer xmlns:xsi="http://www.w3.org/2001/XMLSchema-instance">982.025</barometer>
                </extensions>
            </trkpt>
            <trkpt lat="37.618562" lon="126.943384">
                <ele>318.6</ele>
                <time>2020-04-15T01:59:58.000Z</time>
                <name>Position 95</name>
                <extensions>
                    <cellinfo xmlns:xsi="http://www.w3.org/2001/XMLSchema-instance">mcc=450 mnc=8 ci=4326400 pci=443 tac=1011 earfcn=3743 rsrp=-97 rsrq=-17 rssnr=-6 cqi=4</cellinfo>
                    <barometer xmlns:xsi="http://www.w3.org/2001/XMLSchema-instance">981.687</barometer>
                </extensions>
            </trkpt>
            <trkpt lat="37.618425" lon="126.943531">
                <ele>323.4</ele>
                <time>2020-04-15T02:00:40.000Z</time>
                <name>Position 96</name>
                <extensions>
                    <cellinfo xmlns:xsi="http://www.w3.org/2001/XMLSchema-instance">mcc=450 mnc=8 ci=4326400 pci=443 tac=1011 earfcn=3743 rsrp=-90 rsrq=-10 rssnr=1 cqi=4</cellinfo>
                    <barometer xmlns:xsi="http://www.w3.org/2001/XMLSchema-instance">980.142</barometer>
                </extensions>
            </trkpt>
            <trkpt lat="37.618388" lon="126.943727">
                <ele>331.3</ele>
                <time>2020-04-15T02:01:14.000Z</time>
                <name>Position 97</name>
                <extensions>
                    <cellinfo xmlns:xsi="http://www.w3.org/2001/XMLSchema-instance">mcc=450 mnc=8 ci=4326400 pci=443 tac=1011 earfcn=3743 rsrp=-75 rsrq=-8 rssnr=14 cqi=4</cellinfo>
                    <barometer xmlns:xsi="http://www.w3.org/2001/XMLSchema-instance">979.257</barometer>
                </extensions>
            </trkpt>
            <trkpt lat="37.618572" lon="126.943874">
                <ele>333.5</ele>
                <time>2020-04-15T02:01:37.000Z</time>
                <name>Position 98</name>
                <extensions>
                    <cellinfo xmlns:xsi="http://www.w3.org/2001/XMLSchema-instance">mcc=450 mnc=8 ci=4326403 pci=443 tac=1011 earfcn=1550 rsrp=-89 rsrq=-11 rssnr=11 cqi=9</cellinfo>
                    <barometer xmlns:xsi="http://www.w3.org/2001/XMLSchema-instance">979.062</barometer>
                </extensions>
            </trkpt>
            <trkpt lat="37.61868" lon="126.944082">
                <ele>334.0</ele>
                <time>2020-04-15T02:01:55.000Z</time>
                <name>Position 99</name>
                <extensions>
                    <cellinfo xmlns:xsi="http://www.w3.org/2001/XMLSchema-instance">mcc=450 mnc=8 ci=4326403 pci=443 tac=1011 earfcn=1550 rsrp=-84 rsrq=-9 rssnr=9 cqi=9</cellinfo>
                    <barometer xmlns:xsi="http://www.w3.org/2001/XMLSchema-instance">979.121</barometer>
                </extensions>
            </trkpt>
            <trkpt lat="37.618798" lon="126.944246">
                <ele>336.8</ele>
                <time>2020-04-15T02:02:12.000Z</time>
                <name>Position 100</name>
                <extensions>
                    <cellinfo xmlns:xsi="http://www.w3.org/2001/XMLSchema-instance">mcc=450 mnc=8 ci=4326403 pci=443 tac=1011 earfcn=1550 rsrp=-81 rsrq=-9 rssnr=0 cqi=9</cellinfo>
                    <barometer xmlns:xsi="http://www.w3.org/2001/XMLSchema-instance">978.859</barometer>
                </extensions>
            </trkpt>
            <trkpt lat="37.618996" lon="126.944363">
                <ele>339.2</ele>
                <time>2020-04-15T02:02:28.000Z</time>
                <name>Position 101</name>
                <extensions>
                    <cellinfo xmlns:xsi="http://www.w3.org/2001/XMLSchema-instance">mcc=450 mnc=8 ci=4326403 pci=443 tac=1011 earfcn=1550 rsrp=-83 rsrq=-10 rssnr=2 cqi=9</cellinfo>
                    <barometer xmlns:xsi="http://www.w3.org/2001/XMLSchema-instance">978.742</barometer>
                </extensions>
            </trkpt>
            <trkpt lat="37.619207" lon="126.944483">
                <ele>341.6</ele>
                <time>2020-04-15T02:02:44.000Z</time>
                <name>Position 102</name>
                <extensions>
                    <cellinfo xmlns:xsi="http://www.w3.org/2001/XMLSchema-instance">mcc=450 mnc=8 ci=4326403 pci=443 tac=1011 earfcn=1550 rsrp=-83 rsrq=-10 rssnr=5 cqi=9</cellinfo>
                    <barometer xmlns:xsi="http://www.w3.org/2001/XMLSchema-instance">978.600</barometer>
                </extensions>
            </trkpt>
            <trkpt lat="37.61939" lon="126.94452">
                <ele>346.9</ele>
                <time>2020-04-15T02:03:05.000Z</time>
                <name>Position 103</name>
                <extensions>
                    <cellinfo xmlns:xsi="http://www.w3.org/2001/XMLSchema-instance">mcc=450 mnc=8 ci=4326403 pci=443 tac=1011 earfcn=1550 rsrp=-82 rsrq=-10 rssnr=3 cqi=9</cellinfo>
                    <barometer xmlns:xsi="http://www.w3.org/2001/XMLSchema-instance">978.128</barometer>
                </extensions>
            </trkpt>
            <trkpt lat="37.6196" lon="126.94453">
                <ele>349.8</ele>
                <time>2020-04-15T02:03:28.000Z</time>
                <name>Position 104</name>
                <extensions>
                    <cellinfo xmlns:xsi="http://www.w3.org/2001/XMLSchema-instance">mcc=450 mnc=8 ci=4326403 pci=443 tac=1011 earfcn=1550 rsrp=-78 rsrq=-11 rssnr=5 cqi=11</cellinfo>
                    <barometer xmlns:xsi="http://www.w3.org/2001/XMLSchema-instance">977.719</barometer>
                </extensions>
            </trkpt>
            <trkpt lat="37.619817" lon="126.944546">
                <ele>352.9</ele>
                <time>2020-04-15T02:03:48.000Z</time>
                <name>Position 105</name>
                <extensions>
                    <cellinfo xmlns:xsi="http://www.w3.org/2001/XMLSchema-instance">mcc=450 mnc=8 ci=4326403 pci=443 tac=1011 earfcn=1550 rsrp=-83 rsrq=-12 rssnr=4 cqi=11</cellinfo>
                    <barometer xmlns:xsi="http://www.w3.org/2001/XMLSchema-instance">977.426</barometer>
                </extensions>
            </trkpt>
            <trkpt lat="37.620032" lon="126.944598">
                <ele>356.4</ele>
                <time>2020-04-15T02:04:19.000Z</time>
                <name>Position 106</name>
                <extensions>
                    <cellinfo xmlns:xsi="http://www.w3.org/2001/XMLSchema-instance">mcc=450 mnc=8 ci=4326403 pci=443 tac=1011 earfcn=1550 rsrp=-84 rsrq=-10 rssnr=10 cqi=11</cellinfo>
                    <barometer xmlns:xsi="http://www.w3.org/2001/XMLSchema-instance">976.678</barometer>
                </extensions>
            </trkpt>
            <trkpt lat="37.620199" lon="126.944633">
                <ele>365.6</ele>
                <time>2020-04-15T02:04:51.000Z</time>
                <name>Position 107</name>
                <extensions>
                    <cellinfo xmlns:xsi="http://www.w3.org/2001/XMLSchema-instance">mcc=450 mnc=8 ci=4326403 pci=443 tac=1011 earfcn=1550 rsrp=-82 rsrq=-11 rssnr=8 cqi=11</cellinfo>
                    <barometer xmlns:xsi="http://www.w3.org/2001/XMLSchema-instance">975.675</barometer>
                </extensions>
            </trkpt>
            <trkpt lat="37.620304" lon="126.944837">
                <ele>370.3</ele>
                <time>2020-04-15T02:05:26.000Z</time>
                <name>Position 108</name>
                <extensions>
                    <cellinfo xmlns:xsi="http://www.w3.org/2001/XMLSchema-instance">mcc=450 mnc=8 ci=4326403 pci=443 tac=1011 earfcn=1550 rsrp=-85 rsrq=-9 rssnr=9 cqi=11</cellinfo>
                    <barometer xmlns:xsi="http://www.w3.org/2001/XMLSchema-instance">974.964</barometer>
                </extensions>
            </trkpt>
            <trkpt lat="37.620385" lon="126.945078">
                <ele>370.9</ele>
                <time>2020-04-15T02:05:44.000Z</time>
                <name>Position 109</name>
                <extensions>
                    <cellinfo xmlns:xsi="http://www.w3.org/2001/XMLSchema-instance">mcc=450 mnc=8 ci=4326403 pci=443 tac=1011 earfcn=1550 rsrp=-90 rsrq=-10 rssnr=9 cqi=11</cellinfo>
                    <barometer xmlns:xsi="http://www.w3.org/2001/XMLSchema-instance">975.085</barometer>
                </extensions>
            </trkpt>
            <trkpt lat="37.620537" lon="126.945239">
                <ele>374.4</ele>
                <time>2020-04-15T02:05:59.000Z</time>
                <name>Position 110</name>
                <extensions>
                    <cellinfo xmlns:xsi="http://www.w3.org/2001/XMLSchema-instance">mcc=450 mnc=8 ci=4326403 pci=443 tac=1011 earfcn=1550 rsrp=-89 rsrq=-14 rssnr=5 cqi=11</cellinfo>
                    <barometer xmlns:xsi="http://www.w3.org/2001/XMLSchema-instance">974.961</barometer>
                </extensions>
            </trkpt>
            <trkpt lat="37.620676" lon="126.945452">
                <ele>372.7</ele>
                <time>2020-04-15T02:06:23.000Z</time>
                <name>Position 111</name>
                <extensions>
                    <cellinfo xmlns:xsi="http://www.w3.org/2001/XMLSchema-instance">mcc=450 mnc=8 ci=4326403 pci=443 tac=1011 earfcn=1550 rsrp=-94 rsrq=-14 rssnr=0 cqi=9</cellinfo>
                    <barometer xmlns:xsi="http://www.w3.org/2001/XMLSchema-instance">975.546</barometer>
                </extensions>
            </trkpt>
            <trkpt lat="37.620756" lon="126.945675">
                <ele>365.4</ele>
                <time>2020-04-15T02:06:46.000Z</time>
                <name>Position 112</name>
                <extensions>
                    <cellinfo xmlns:xsi="http://www.w3.org/2001/XMLSchema-instance">mcc=450 mnc=8 ci=4326403 pci=443 tac=1011 earfcn=1550 rsrp=-96 rsrq=-14 rssnr=-2 cqi=7</cellinfo>
                    <barometer xmlns:xsi="http://www.w3.org/2001/XMLSchema-instance">976.434</barometer>
                </extensions>
            </trkpt>
            <trkpt lat="37.620874" lon="126.945885">
                <ele>364.1</ele>
                <time>2020-04-15T02:07:00.000Z</time>
                <name>Position 113</name>
                <extensions>
                    <cellinfo xmlns:xsi="http://www.w3.org/2001/XMLSchema-instance">mcc=450 mnc=8 ci=4326403 pci=443 tac=1011 earfcn=1550 rsrp=-98 rsrq=-12 rssnr=4 cqi=5</cellinfo>
                    <barometer xmlns:xsi="http://www.w3.org/2001/XMLSchema-instance">976.861</barometer>
                </extensions>
            </trkpt>
            <trkpt lat="37.621041" lon="126.946025">
                <ele>360.8</ele>
                <time>2020-04-15T02:07:20.000Z</time>
                <name>Position 114</name>
                <extensions>
                    <cellinfo xmlns:xsi="http://www.w3.org/2001/XMLSchema-instance">mcc=450 mnc=8 ci=4326403 pci=443 tac=1011 earfcn=1550 rsrp=-97 rsrq=-15 rssnr=1 cqi=7</cellinfo>
                    <barometer xmlns:xsi="http://www.w3.org/2001/XMLSchema-instance">977.429</barometer>
                </extensions>
            </trkpt>
            <trkpt lat="37.621199" lon="126.946143">
                <ele>358.0</ele>
                <time>2020-04-15T02:07:35.000Z</time>
                <name>Position 115</name>
                <extensions>
                    <cellinfo xmlns:xsi="http://www.w3.org/2001/XMLSchema-instance">mcc=450 mnc=8 ci=4326403 pci=443 tac=1011 earfcn=1550 rsrp=-98 rsrq=-14 rssnr=1 cqi=7</cellinfo>
                    <barometer xmlns:xsi="http://www.w3.org/2001/XMLSchema-instance">977.414</barometer>
                </extensions>
            </trkpt>
            <trkpt lat="37.621333" lon="126.946355">
                <ele>357.3</ele>
                <time>2020-04-15T02:07:54.000Z</time>
                <name>Position 116</name>
                <extensions>
                    <cellinfo xmlns:xsi="http://www.w3.org/2001/XMLSchema-instance">mcc=450 mnc=8 ci=4326403 pci=443 tac=1011 earfcn=1550 rsrp=-95 rsrq=-12 rssnr=2 cqi=8</cellinfo>
                    <barometer xmlns:xsi="http://www.w3.org/2001/XMLSchema-instance">977.513</barometer>
                </extensions>
            </trkpt>
            <trkpt lat="37.621449" lon="126.946581">
                <ele>354.7</ele>
                <time>2020-04-15T02:08:12.000Z</time>
                <name>Position 117</name>
                <extensions>
                    <cellinfo xmlns:xsi="http://www.w3.org/2001/XMLSchema-instance">mcc=450 mnc=8 ci=4326403 pci=443 tac=1011 earfcn=1550 rsrp=-93 rsrq=-10 rssnr=5 cqi=8</cellinfo>
                    <barometer xmlns:xsi="http://www.w3.org/2001/XMLSchema-instance">978.072</barometer>
                </extensions>
            </trkpt>
            <trkpt lat="37.621551" lon="126.946775">
                <ele>345.7</ele>
                <time>2020-04-15T02:08:37.000Z</time>
                <name>Position 118</name>
                <extensions>
                    <cellinfo xmlns:xsi="http://www.w3.org/2001/XMLSchema-instance">mcc=450 mnc=8 ci=4326403 pci=443 tac=1011 earfcn=1550 rsrp=-98 rsrq=-11 rssnr=3 cqi=8</cellinfo>
                    <barometer xmlns:xsi="http://www.w3.org/2001/XMLSchema-instance">979.006</barometer>
                </extensions>
            </trkpt>
            <trkpt lat="37.621632" lon="126.947009">
                <ele>343.4</ele>
                <time>2020-04-15T02:08:52.000Z</time>
                <name>Position 119</name>
                <extensions>
                    <cellinfo xmlns:xsi="http://www.w3.org/2001/XMLSchema-instance">mcc=450 mnc=8 ci=4326403 pci=443 tac=1011 earfcn=1550 rsrp=-102 rsrq=-13 rssnr=1 cqi=9</cellinfo>
                    <barometer xmlns:xsi="http://www.w3.org/2001/XMLSchema-instance">979.289</barometer>
                </extensions>
            </trkpt>
            <trkpt lat="37.621735" lon="126.947231">
                <ele>344.1</ele>
                <time>2020-04-15T02:09:11.000Z</time>
                <name>Position 120</name>
                <extensions>
                    <cellinfo xmlns:xsi="http://www.w3.org/2001/XMLSchema-instance">mcc=450 mnc=8 ci=4326403 pci=443 tac=1011 earfcn=1550 rsrp=-98 rsrq=-10 rssnr=10 cqi=9</cellinfo>
                    <barometer xmlns:xsi="http://www.w3.org/2001/XMLSchema-instance">978.763</barometer>
                </extensions>
            </trkpt>
            <trkpt lat="37.621823" lon="126.947433">
                <ele>346.4</ele>
                <time>2020-04-15T02:09:31.000Z</time>
                <name>Position 121</name>
                <extensions>
                    <cellinfo xmlns:xsi="http://www.w3.org/2001/XMLSchema-instance">mcc=450 mnc=8 ci=4326403 pci=443 tac=1011 earfcn=1550 rsrp=-90 rsrq=-9 rssnr=7 cqi=9</cellinfo>
                    <barometer xmlns:xsi="http://www.w3.org/2001/XMLSchema-instance">978.290</barometer>
                </extensions>
            </trkpt>
            <trkpt lat="37.621941" lon="126.947639">
                <ele>345.4</ele>
                <time>2020-04-15T02:09:52.000Z</time>
                <name>Position 122</name>
                <extensions>
                    <cellinfo xmlns:xsi="http://www.w3.org/2001/XMLSchema-instance">mcc=450 mnc=8 ci=4326403 pci=443 tac=1011 earfcn=1550 rsrp=-91 rsrq=-12 rssnr=2 cqi=9</cellinfo>
                    <barometer xmlns:xsi="http://www.w3.org/2001/XMLSchema-instance">978.384</barometer>
                </extensions>
            </trkpt>
            <trkpt lat="37.622079" lon="126.947835">
                <ele>344.0</ele>
                <time>2020-04-15T02:10:09.000Z</time>
                <name>Position 123</name>
                <extensions>
                    <cellinfo xmlns:xsi="http://www.w3.org/2001/XMLSchema-instance">mcc=450 mnc=8 ci=4326403 pci=443 tac=1011 earfcn=1550 rsrp=-100 rsrq=-13 rssnr=1 cqi=9</cellinfo>
                    <barometer xmlns:xsi="http://www.w3.org/2001/XMLSchema-instance">978.790</barometer>
                </extensions>
            </trkpt>
            <trkpt lat="37.622195" lon="126.948016">
                <ele>344.9</ele>
                <time>2020-04-15T02:10:38.000Z</time>
                <name>Position 124</name>
                <extensions>
                    <cellinfo xmlns:xsi="http://www.w3.org/2001/XMLSchema-instance">mcc=450 mnc=8 ci=4326403 pci=443 tac=1011 earfcn=1550 rsrp=-93 rsrq=-10 rssnr=7 cqi=9</cellinfo>
                    <barometer xmlns:xsi="http://www.w3.org/2001/XMLSchema-instance">978.148</barometer>
                </extensions>
            </trkpt>
            <trkpt lat="37.622217" lon="126.94825">
                <ele>349.9</ele>
                <time>2020-04-15T02:11:13.000Z</time>
                <name>Position 125</name>
                <extensions>
                    <cellinfo xmlns:xsi="http://www.w3.org/2001/XMLSchema-instance">mcc=450 mnc=8 ci=4326403 pci=443 tac=1011 earfcn=1550 rsrp=-88 rsrq=-11 rssnr=5 cqi=9</cellinfo>
                    <barometer xmlns:xsi="http://www.w3.org/2001/XMLSchema-instance">977.031</barometer>
                </extensions>
            </trkpt>
            <trkpt lat="37.622198" lon="126.948446">
                <ele>359.8</ele>
                <time>2020-04-15T02:11:51.000Z</time>
                <name>Position 126</name>
                <extensions>
                    <cellinfo xmlns:xsi="http://www.w3.org/2001/XMLSchema-instance">mcc=450 mnc=8 ci=4326403 pci=443 tac=1011 earfcn=1550 rsrp=-90 rsrq=-11 rssnr=-1 cqi=11</cellinfo>
                    <barometer xmlns:xsi="http://www.w3.org/2001/XMLSchema-instance">976.021</barometer>
                </extensions>
            </trkpt>
            <trkpt lat="37.622195" lon="126.948658">
                <ele>369.3</ele>
                <time>2020-04-15T02:12:30.000Z</time>
                <name>Position 127</name>
                <extensions>
                    <cellinfo xmlns:xsi="http://www.w3.org/2001/XMLSchema-instance">mcc=450 mnc=8 ci=4326403 pci=443 tac=1011 earfcn=1550 rsrp=-89 rsrq=-13 rssnr=1 cqi=11</cellinfo>
                    <barometer xmlns:xsi="http://www.w3.org/2001/XMLSchema-instance">974.955</barometer>
                </extensions>
            </trkpt>
            <trkpt lat="37.622187" lon="126.948857">
                <ele>377.5</ele>
                <time>2020-04-15T02:13:24.000Z</time>
                <name>Position 128</name>
                <extensions>
                    <cellinfo xmlns:xsi="http://www.w3.org/2001/XMLSchema-instance">mcc=450 mnc=8 ci=4326403 pci=443 tac=1011 earfcn=1550 rsrp=-90 rsrq=-11 rssnr=-5 cqi=11</cellinfo>
                    <barometer xmlns:xsi="http://www.w3.org/2001/XMLSchema-instance">974.097</barometer>
                </extensions>
            </trkpt>
            <trkpt lat="37.6222" lon="126.949063">
                <ele>387.0</ele>
                <time>2020-04-15T02:14:40.000Z</time>
                <name>Position 129</name>
                <extensions>
                    <cellinfo xmlns:xsi="http://www.w3.org/2001/XMLSchema-instance">mcc=450 mnc=8 ci=4326403 pci=443 tac=1011 earfcn=1550 rsrp=-89 rsrq=-12 rssnr=6 cqi=9</cellinfo>
                    <barometer xmlns:xsi="http://www.w3.org/2001/XMLSchema-instance">972.882</barometer>
                </extensions>
            </trkpt>
            <trkpt lat="37.622257" lon="126.949248">
                <ele>399.1</ele>
                <time>2020-04-15T02:15:25.000Z</time>
                <name>Position 130</name>
                <extensions>
                    <cellinfo xmlns:xsi="http://www.w3.org/2001/XMLSchema-instance">mcc=450 mnc=8 ci=4326403 pci=443 tac=1011 earfcn=1550 rsrp=-89 rsrq=-12 rssnr=3 cqi=9</cellinfo>
                    <barometer xmlns:xsi="http://www.w3.org/2001/XMLSchema-instance">971.615</barometer>
                </extensions>
            </trkpt>
            <trkpt lat="37.62226" lon="126.949446">
                <ele>407.1</ele>
                <time>2020-04-15T02:16:23.000Z</time>
                <name>Position 131</name>
                <extensions>
                    <cellinfo xmlns:xsi="http://www.w3.org/2001/XMLSchema-instance">mcc=450 mnc=8 ci=4326403 pci=443 tac=1011 earfcn=1550 rsrp=-91 rsrq=-12 rssnr=-1 cqi=8</cellinfo>
                    <barometer xmlns:xsi="http://www.w3.org/2001/XMLSchema-instance">970.444</barometer>
                </extensions>
            </trkpt>
            <trkpt lat="37.622364" lon="126.949647">
                <ele>410.1</ele>
                <time>2020-04-15T02:16:55.000Z</time>
                <name>Position 132</name>
                <extensions>
                    <cellinfo xmlns:xsi="http://www.w3.org/2001/XMLSchema-instance">mcc=450 mnc=8 ci=4326403 pci=443 tac=1011 earfcn=1550 rsrp=-91 rsrq=-14 rssnr=-3 cqi=8</cellinfo>
                    <barometer xmlns:xsi="http://www.w3.org/2001/XMLSchema-instance">969.784</barometer>
                </extensions>
            </trkpt>
            <trkpt lat="37.622423" lon="126.949803">
                <ele>423.2</ele>
                <time>2020-04-15T02:17:42.000Z</time>
                <name>Position 133</name>
                <extensions>
                    <cellinfo xmlns:xsi="http://www.w3.org/2001/XMLSchema-instance">mcc=450 mnc=8 ci=4326403 pci=443 tac=1011 earfcn=1550 rsrp=-91 rsrq=-14 rssnr=-1 cqi=6</cellinfo>
                    <barometer xmlns:xsi="http://www.w3.org/2001/XMLSchema-instance">968.708</barometer>
                </extensions>
            </trkpt>
            <trkpt lat="37.622441" lon="126.950029">
                <ele>428.1</ele>
                <time>2020-04-15T02:18:16.000Z</time>
                <name>Position 134</name>
                <extensions>
                    <cellinfo xmlns:xsi="http://www.w3.org/2001/XMLSchema-instance">mcc=450 mnc=8 ci=4326403 pci=443 tac=1011 earfcn=1550 rsrp=-91 rsrq=-13 rssnr=1 cqi=6</cellinfo>
                    <barometer xmlns:xsi="http://www.w3.org/2001/XMLSchema-instance">968.024</barometer>
                </extensions>
            </trkpt>
            <trkpt lat="37.622409" lon="126.950229">
                <ele>427.0</ele>
                <time>2020-04-15T02:18:51.000Z</time>
                <name>Position 135</name>
                <extensions>
                    <cellinfo xmlns:xsi="http://www.w3.org/2001/XMLSchema-instance">mcc=450 mnc=8 ci=4326403 pci=443 tac=1011 earfcn=1550 rsrp=-91 rsrq=-12 rssnr=1 cqi=7</cellinfo>
                    <barometer xmlns:xsi="http://www.w3.org/2001/XMLSchema-instance">968.719</barometer>
                </extensions>
            </trkpt>
            <trkpt lat="37.622516" lon="126.950417">
                <ele>424.8</ele>
                <time>2020-04-15T02:19:20.000Z</time>
                <name>Position 136</name>
                <extensions>
                    <cellinfo xmlns:xsi="http://www.w3.org/2001/XMLSchema-instance">mcc=450 mnc=8 ci=4326403 pci=443 tac=1011 earfcn=1550 rsrp=-95 rsrq=-14 rssnr=0 cqi=7</cellinfo>
                    <barometer xmlns:xsi="http://www.w3.org/2001/XMLSchema-instance">968.579</barometer>
                </extensions>
            </trkpt>
            <trkpt lat="37.622642" lon="126.950623">
                <ele>426.7</ele>
                <time>2020-04-15T02:19:47.000Z</time>
                <name>Position 137</name>
                <extensions>
                    <cellinfo xmlns:xsi="http://www.w3.org/2001/XMLSchema-instance">mcc=450 mnc=8 ci=4326403 pci=443 tac=1011 earfcn=1550 rsrp=-95 rsrq=-13 rssnr=0 cqi=7</cellinfo>
                    <barometer xmlns:xsi="http://www.w3.org/2001/XMLSchema-instance">968.508</barometer>
                </extensions>
            </trkpt>
            <trkpt lat="37.622787" lon="126.95078">
                <ele>421.7</ele>
                <time>2020-04-15T02:20:33.000Z</time>
                <name>Position 138</name>
                <extensions>
                    <cellinfo xmlns:xsi="http://www.w3.org/2001/XMLSchema-instance">mcc=450 mnc=8 ci=4326403 pci=443 tac=1011 earfcn=1550 rsrp=-88 rsrq=-12 rssnr=-1 cqi=9</cellinfo>
                    <barometer xmlns:xsi="http://www.w3.org/2001/XMLSchema-instance">969.664</barometer>
                </extensions>
            </trkpt>
            <trkpt lat="37.62287" lon="126.951">
                <ele>420.2</ele>
                <time>2020-04-15T02:20:56.000Z</time>
                <name>Position 139</name>
                <extensions>
                    <cellinfo xmlns:xsi="http://www.w3.org/2001/XMLSchema-instance">mcc=450 mnc=8 ci=4326403 pci=443 tac=1011 earfcn=1550 rsrp=-95 rsrq=-13 rssnr=1 cqi=8</cellinfo>
                    <barometer xmlns:xsi="http://www.w3.org/2001/XMLSchema-instance">969.624</barometer>
                </extensions>
            </trkpt>
            <trkpt lat="37.622999" lon="126.95118">
                <ele>422.5</ele>
                <time>2020-04-15T02:21:31.000Z</time>
                <name>Position 140</name>
                <extensions>
                    <cellinfo xmlns:xsi="http://www.w3.org/2001/XMLSchema-instance">mcc=450 mnc=8 ci=4326403 pci=443 tac=1011 earfcn=1550 rsrp=-95 rsrq=-14 rssnr=-2 cqi=9</cellinfo>
                    <barometer xmlns:xsi="http://www.w3.org/2001/XMLSchema-instance">968.842</barometer>
                </extensions>
            </trkpt>
            <trkpt lat="37.623118" lon="126.951331">
                <ele>431.7</ele>
                <time>2020-04-15T02:22:13.000Z</time>
                <name>Position 141</name>
                <extensions>
                    <cellinfo xmlns:xsi="http://www.w3.org/2001/XMLSchema-instance">mcc=450 mnc=8 ci=4326403 pci=443 tac=1011 earfcn=1550 rsrp=-96 rsrq=-14 rssnr=-1 cqi=7</cellinfo>
                    <barometer xmlns:xsi="http://www.w3.org/2001/XMLSchema-instance">967.766</barometer>
                </extensions>
            </trkpt>
            <trkpt lat="37.623222" lon="126.951487">
                <ele>440.1</ele>
                <time>2020-04-15T02:23:15.000Z</time>
                <name>Position 142</name>
                <extensions>
                    <cellinfo xmlns:xsi="http://www.w3.org/2001/XMLSchema-instance">mcc=450 mnc=8 ci=4326403 pci=443 tac=1011 earfcn=1550 rsrp=-93 rsrq=-12 rssnr=4 cqi=8</cellinfo>
                    <barometer xmlns:xsi="http://www.w3.org/2001/XMLSchema-instance">966.601</barometer>
                </extensions>
            </trkpt>
            <trkpt lat="37.623363" lon="126.951638">
                <ele>444.0</ele>
                <time>2020-04-15T02:23:40.000Z</time>
                <name>Position 143</name>
                <extensions>
                    <cellinfo xmlns:xsi="http://www.w3.org/2001/XMLSchema-instance">mcc=450 mnc=8 ci=4326403 pci=443 tac=1011 earfcn=1550 rsrp=-93 rsrq=-12 rssnr=2 cqi=7</cellinfo>
                    <barometer xmlns:xsi="http://www.w3.org/2001/XMLSchema-instance">966.798</barometer>
                </extensions>
            </trkpt>
            <trkpt lat="37.623512" lon="126.951773">
                <ele>443.1</ele>
                <time>2020-04-15T02:24:03.000Z</time>
                <name>Position 144</name>
                <extensions>
                    <cellinfo xmlns:xsi="http://www.w3.org/2001/XMLSchema-instance">mcc=450 mnc=8 ci=4326403 pci=443 tac=1011 earfcn=1550 rsrp=-95 rsrq=-11 rssnr=2 cqi=7</cellinfo>
                    <barometer xmlns:xsi="http://www.w3.org/2001/XMLSchema-instance">966.578</barometer>
                </extensions>
            </trkpt>
            <trkpt lat="37.623698" lon="126.951782">
                <ele>448.7</ele>
                <time>2020-04-15T02:24:41.000Z</time>
                <name>Position 145</name>
                <extensions>
                    <cellinfo xmlns:xsi="http://www.w3.org/2001/XMLSchema-instance">mcc=450 mnc=8 ci=4326403 pci=443 tac=1011 earfcn=1550 rsrp=-95 rsrq=-12 rssnr=0 cqi=8</cellinfo>
                    <barometer xmlns:xsi="http://www.w3.org/2001/XMLSchema-instance">965.657</barometer>
                </extensions>
            </trkpt>
            <trkpt lat="37.623847" lon="126.951692">
                <ele>460.2</ele>
                <time>2020-04-15T02:25:22.000Z</time>
                <name>Position 146</name>
                <extensions>
                    <cellinfo xmlns:xsi="http://www.w3.org/2001/XMLSchema-instance">mcc=450 mnc=8 ci=4326403 pci=443 tac=1011 earfcn=1550 rsrp=-102 rsrq=-15 rssnr=-4 cqi=8</cellinfo>
                    <barometer xmlns:xsi="http://www.w3.org/2001/XMLSchema-instance">964.765</barometer>
                </extensions>
            </trkpt>
            <trkpt lat="37.624017" lon="126.951597">
                <ele>461.4</ele>
                <time>2020-04-15T02:25:53.000Z</time>
                <name>Position 147</name>
                <extensions>
                    <cellinfo xmlns:xsi="http://www.w3.org/2001/XMLSchema-instance">mcc=450 mnc=8 ci=4326915 pci=342 tac=36 earfcn=1550 rsrp=-101 rsrq=-12 rssnr=-1 cqi=6</cellinfo>
                    <barometer xmlns:xsi="http://www.w3.org/2001/XMLSchema-instance">964.792</barometer>
                </extensions>
            </trkpt>
            <trkpt lat="37.624104" lon="126.951392">
                <ele>461.7</ele>
                <time>2020-04-15T02:26:27.000Z</time>
                <name>Position 148</name>
                <extensions>
                    <cellinfo xmlns:xsi="http://www.w3.org/2001/XMLSchema-instance">mcc=450 mnc=8 ci=4326400 pci=443 tac=1011 earfcn=3743 rsrp=-97 rsrq=-13 rssnr=1 cqi=15</cellinfo>
                    <barometer xmlns:xsi="http://www.w3.org/2001/XMLSchema-instance">964.206</barometer>
                </extensions>
            </trkpt>
            <trkpt lat="37.624269" lon="126.951343">
                <ele>463.1</ele>
                <time>2020-04-15T02:27:00.000Z</time>
                <name>Position 149</name>
                <extensions>
                    <cellinfo xmlns:xsi="http://www.w3.org/2001/XMLSchema-instance">mcc=450 mnc=8 ci=4326400 pci=443 tac=1011 earfcn=3743 rsrp=-92 rsrq=-10 rssnr=0 cqi=15</cellinfo>
                    <barometer xmlns:xsi="http://www.w3.org/2001/XMLSchema-instance">963.537</barometer>
                </extensions>
            </trkpt>
            <trkpt lat="37.624415" lon="126.951396">
                <ele>475.3</ele>
                <time>2020-04-15T02:27:37.000Z</time>
                <name>Position 150</name>
                <extensions>
                    <cellinfo xmlns:xsi="http://www.w3.org/2001/XMLSchema-instance">mcc=450 mnc=8 ci=4326400 pci=443 tac=1011 earfcn=3743 rsrp=-91 rsrq=-11 rssnr=1 cqi=7</cellinfo>
                    <barometer xmlns:xsi="http://www.w3.org/2001/XMLSchema-instance">962.789</barometer>
                </extensions>
            </trkpt>
            <trkpt lat="37.624578" lon="126.951461">
                <ele>484.9</ele>
                <time>2020-04-15T02:28:22.000Z</time>
                <name>Position 151</name>
                <extensions>
                    <cellinfo xmlns:xsi="http://www.w3.org/2001/XMLSchema-instance">mcc=450 mnc=8 ci=4326400 pci=443 tac=1011 earfcn=3743 rsrp=-89 rsrq=-12 rssnr=1 cqi=7</cellinfo>
                    <barometer xmlns:xsi="http://www.w3.org/2001/XMLSchema-instance">961.749</barometer>
                </extensions>
            </trkpt>
            <trkpt lat="37.624739" lon="126.951563">
                <ele>493.0</ele>
                <time>2020-04-15T02:29:05.000Z</time>
                <name>Position 152</name>
                <extensions>
                    <cellinfo xmlns:xsi="http://www.w3.org/2001/XMLSchema-instance">mcc=450 mnc=8 ci=4326400 pci=443 tac=1011 earfcn=3743 rsrp=-90 rsrq=-13 rssnr=-2 cqi=7</cellinfo>
                    <barometer xmlns:xsi="http://www.w3.org/2001/XMLSchema-instance">960.768</barometer>
                </extensions>
            </trkpt>
            <trkpt lat="37.624898" lon="126.951625">
                <ele>499.8</ele>
                <time>2020-04-15T02:29:54.000Z</time>
                <name>Position 153</name>
                <extensions>
                    <cellinfo xmlns:xsi="http://www.w3.org/2001/XMLSchema-instance">mcc=450 mnc=8 ci=4326400 pci=443 tac=1011 earfcn=3743 rsrp=-93 rsrq=-14 rssnr=-3 cqi=7</cellinfo>
                    <barometer xmlns:xsi="http://www.w3.org/2001/XMLSchema-instance">959.575</barometer>
                </extensions>
            </trkpt>
            <trkpt lat="37.625022" lon="126.95172">
                <ele>512.5</ele>
                <time>2020-04-15T02:30:41.000Z</time>
                <name>Position 154</name>
                <extensions>
                    <cellinfo xmlns:xsi="http://www.w3.org/2001/XMLSchema-instance">mcc=450 mnc=8 ci=4326400 pci=443 tac=1011 earfcn=3743 rsrp=-94 rsrq=-13 rssnr=-4 cqi=7</cellinfo>
                    <barometer xmlns:xsi="http://www.w3.org/2001/XMLSchema-instance">958.455</barometer>
                </extensions>
            </trkpt>
            <trkpt lat="37.625176" lon="126.95167">
                <ele>523.2</ele>
                <time>2020-04-15T02:31:25.000Z</time>
                <name>Position 155</name>
                <extensions>
                    <cellinfo xmlns:xsi="http://www.w3.org/2001/XMLSchema-instance">mcc=450 mnc=8 ci=4326400 pci=443 tac=1011 earfcn=3743 rsrp=-91 rsrq=-15 rssnr=-1 cqi=7</cellinfo>
                    <barometer xmlns:xsi="http://www.w3.org/2001/XMLSchema-instance">957.383</barometer>
                </extensions>
            </trkpt>
            <trkpt lat="37.62534" lon="126.951607">
                <ele>532.0</ele>
                <time>2020-04-15T02:32:15.000Z</time>
                <name>Position 156</name>
                <extensions>
                    <cellinfo xmlns:xsi="http://www.w3.org/2001/XMLSchema-instance">mcc=450 mnc=8 ci=4326400 pci=443 tac=1011 earfcn=3743 rsrp=-88 rsrq=-13 rssnr=-1 cqi=7</cellinfo>
                    <barometer xmlns:xsi="http://www.w3.org/2001/XMLSchema-instance">956.233</barometer>
                </extensions>
            </trkpt>
            <trkpt lat="37.625322" lon="126.951599">
                <ele>537.2</ele>
                <time>2020-04-15T02:33:42.000Z</time>
                <name>Position 157</name>
                <extensions>
                    <cellinfo xmlns:xsi="http://www.w3.org/2001/XMLSchema-instance">mcc=450 mnc=8 ci=4326400 pci=443 tac=1011 earfcn=3743 rsrp=-87 rsrq=-13 rssnr=-3 cqi=5</cellinfo>
                    <barometer xmlns:xsi="http://www.w3.org/2001/XMLSchema-instance">956.480</barometer>
                </extensions>
            </trkpt>
            <trkpt lat="37.625307" lon="126.951613">
                <ele>536.8</ele>
                <time>2020-04-15T02:33:48.000Z</time>
                <name>Position 158</name>
                <extensions>
                    <pause xmlns:xsi="http://www.w3.org/2001/XMLSchema-instance">start</pause>
                    <type xmlns:xsi="http://www.w3.org/2001/XMLSchema-instance">unknown</type>
                    <cellinfo xmlns:xsi="http://www.w3.org/2001/XMLSchema-instance">mcc=450 mnc=8 ci=4326400 pci=443 tac=1011 earfcn=3743 rsrp=-81 rsrq=-13 rssnr=-3 cqi=5</cellinfo>
                    <barometer xmlns:xsi="http://www.w3.org/2001/XMLSchema-instance">956.521</barometer>
                </extensions>
            </trkpt>
            <trkpt lat="37.625312" lon="126.951693">
                <ele>528.0</ele>
                <time>2020-04-15T02:42:24.000Z</time>
                <name>Position 159</name>
                <extensions>
                    <pause xmlns:xsi="http://www.w3.org/2001/XMLSchema-instance">end</pause>
                    <type xmlns:xsi="http://www.w3.org/2001/XMLSchema-instance">auto</type>
                    <cellinfo xmlns:xsi="http://www.w3.org/2001/XMLSchema-instance">mcc=450 mnc=8 ci=4326400 pci=443 tac=1011 earfcn=3743 rsrp=-93 rsrq=-13 rssnr=-3 cqi=6</cellinfo>
                    <barometer xmlns:xsi="http://www.w3.org/2001/XMLSchema-instance">956.621</barometer>
                </extensions>
            </trkpt>
            <trkpt lat="37.625337" lon="126.951699">
                <ele>527.4</ele>
                <time>2020-04-15T02:44:25.000Z</time>
                <name>Position 160</name>
                <extensions>
                    <pause xmlns:xsi="http://www.w3.org/2001/XMLSchema-instance">start</pause>
                    <type xmlns:xsi="http://www.w3.org/2001/XMLSchema-instance">unknown</type>
                    <cellinfo xmlns:xsi="http://www.w3.org/2001/XMLSchema-instance">mcc=450 mnc=8 ci=4326400 pci=443 tac=1011 earfcn=3743 rsrp=-91 rsrq=-15 rssnr=-2 cqi=6</cellinfo>
                    <barometer xmlns:xsi="http://www.w3.org/2001/XMLSchema-instance">956.575</barometer>
                </extensions>
            </trkpt>
            <trkpt lat="37.625337" lon="126.951802">
                <ele>533.6</ele>
                <time>2020-04-15T02:49:09.000Z</time>
                <name>Position 161</name>
                <extensions>
                    <pause xmlns:xsi="http://www.w3.org/2001/XMLSchema-instance">end</pause>
                    <type xmlns:xsi="http://www.w3.org/2001/XMLSchema-instance">auto</type>
                    <cellinfo xmlns:xsi="http://www.w3.org/2001/XMLSchema-instance">mcc=450 mnc=8 ci=4326915 pci=342 tac=36 earfcn=1550 rsrp=-95 rsrq=-14 rssnr=-3 cqi=3</cellinfo>
                    <barometer xmlns:xsi="http://www.w3.org/2001/XMLSchema-instance">956.075</barometer>
                </extensions>
            </trkpt>
            <trkpt lat="37.625444" lon="126.951993">
                <ele>539.6</ele>
                <time>2020-04-15T02:49:38.000Z</time>
                <name>Position 162</name>
                <extensions>
                    <cellinfo xmlns:xsi="http://www.w3.org/2001/XMLSchema-instance">mcc=450 mnc=8 ci=4326915 pci=342 tac=36 earfcn=1550 rsrp=-101 rsrq=-18 rssnr=-9 cqi=3</cellinfo>
                    <barometer xmlns:xsi="http://www.w3.org/2001/XMLSchema-instance">955.688</barometer>
                </extensions>
            </trkpt>
            <trkpt lat="37.625561" lon="126.952191">
                <ele>544.5</ele>
                <time>2020-04-15T02:50:09.000Z</time>
                <name>Position 163</name>
                <extensions>
                    <cellinfo xmlns:xsi="http://www.w3.org/2001/XMLSchema-instance">mcc=450 mnc=8 ci=4326400 pci=443 tac=1011 earfcn=3743 rsrp=-89 rsrq=-14 rssnr=-4 cqi=4</cellinfo>
                    <barometer xmlns:xsi="http://www.w3.org/2001/XMLSchema-instance">955.169</barometer>
                </extensions>
            </trkpt>
            <trkpt lat="37.625657" lon="126.952386">
                <ele>548.1</ele>
                <time>2020-04-15T02:50:33.000Z</time>
                <name>Position 164</name>
                <extensions>
                    <cellinfo xmlns:xsi="http://www.w3.org/2001/XMLSchema-instance">mcc=450 mnc=8 ci=4326400 pci=443 tac=1011 earfcn=3743 rsrp=-91 rsrq=-15 rssnr=-6 cqi=4</cellinfo>
                    <barometer xmlns:xsi="http://www.w3.org/2001/XMLSchema-instance">954.784</barometer>
                </extensions>
            </trkpt>
            <trkpt lat="37.625678" lon="126.952621">
                <ele>549.5</ele>
                <time>2020-04-15T02:50:59.000Z</time>
                <name>Position 165</name>
                <extensions>
                    <cellinfo xmlns:xsi="http://www.w3.org/2001/XMLSchema-instance">mcc=450 mnc=8 ci=4326400 pci=443 tac=1011 earfcn=3743 rsrp=-88 rsrq=-13 rssnr=-5 cqi=4</cellinfo>
                    <barometer xmlns:xsi="http://www.w3.org/2001/XMLSchema-instance">954.584</barometer>
                </extensions>
            </trkpt>
            <trkpt lat="37.625733" lon="126.952876">
                <ele>547.8</ele>
                <time>2020-04-15T02:51:26.000Z</time>
                <name>Position 166</name>
                <extensions>
                    <cellinfo xmlns:xsi="http://www.w3.org/2001/XMLSchema-instance">mcc=450 mnc=8 ci=4326405 pci=401 tac=124 earfcn=1550 rsrp=-91 rsrq=-11 rssnr=6 cqi=8</cellinfo>
                    <barometer xmlns:xsi="http://www.w3.org/2001/XMLSchema-instance">954.830</barometer>
                </extensions>
            </trkpt>
            <trkpt lat="37.625723" lon="126.953125">
                <ele>543.8</ele>
                <time>2020-04-15T02:52:20.000Z</time>
                <name>Position 167</name>
                <extensions>
                    <cellinfo xmlns:xsi="http://www.w3.org/2001/XMLSchema-instance">mcc=450 mnc=8 ci=4326405 pci=401 tac=124 earfcn=1550 rsrp=-92 rsrq=-13 rssnr=8 cqi=9</cellinfo>
                    <barometer xmlns:xsi="http://www.w3.org/2001/XMLSchema-instance">955.569</barometer>
                </extensions>
            </trkpt>
            <trkpt lat="37.62569" lon="126.953369">
                <ele>539.0</ele>
                <time>2020-04-15T02:52:47.000Z</time>
                <name>Position 168</name>
                <extensions>
                    <cellinfo xmlns:xsi="http://www.w3.org/2001/XMLSchema-instance">mcc=450 mnc=8 ci=4326405 pci=401 tac=124 earfcn=1550 rsrp=-89 rsrq=-12 rssnr=0 cqi=9</cellinfo>
                    <barometer xmlns:xsi="http://www.w3.org/2001/XMLSchema-instance">956.007</barometer>
                </extensions>
            </trkpt>
            <trkpt lat="37.625682" lon="126.953606">
                <ele>539.9</ele>
                <time>2020-04-15T02:53:03.000Z</time>
                <name>Position 169</name>
                <extensions>
                    <cellinfo xmlns:xsi="http://www.w3.org/2001/XMLSchema-instance">mcc=450 mnc=8 ci=4326405 pci=401 tac=124 earfcn=1550 rsrp=-93 rsrq=-15 rssnr=-2 cqi=9</cellinfo>
                    <barometer xmlns:xsi="http://www.w3.org/2001/XMLSchema-instance">955.999</barometer>
                </extensions>
            </trkpt>
            <trkpt lat="37.625652" lon="126.95384">
                <ele>535.4</ele>
                <time>2020-04-15T02:53:29.000Z</time>
                <name>Position 170</name>
                <extensions>
                    <cellinfo xmlns:xsi="http://www.w3.org/2001/XMLSchema-instance">mcc=450 mnc=8 ci=4326405 pci=401 tac=124 earfcn=1550 rsrp=-98 rsrq=-10 rssnr=6 cqi=7</cellinfo>
                    <barometer xmlns:xsi="http://www.w3.org/2001/XMLSchema-instance">956.713</barometer>
                </extensions>
            </trkpt>
            <trkpt lat="37.625712" lon="126.954143">
                <ele>529.8</ele>
                <time>2020-04-15T02:53:56.000Z</time>
                <name>Position 171</name>
                <extensions>
                    <cellinfo xmlns:xsi="http://www.w3.org/2001/XMLSchema-instance">mcc=450 mnc=8 ci=4326405 pci=401 tac=124 earfcn=1550 rsrp=-85 rsrq=-11 rssnr=5 cqi=14</cellinfo>
                    <barometer xmlns:xsi="http://www.w3.org/2001/XMLSchema-instance">957.945</barometer>
                </extensions>
            </trkpt>
            <trkpt lat="37.625728" lon="126.954373">
                <ele>522.4</ele>
                <time>2020-04-15T02:54:44.000Z</time>
                <name>Position 172</name>
                <extensions>
                    <cellinfo xmlns:xsi="http://www.w3.org/2001/XMLSchema-instance">mcc=450 mnc=8 ci=4326405 pci=401 tac=124 earfcn=1550 rsrp=-105 rsrq=-10 rssnr=-3 cqi=14</cellinfo>
                    <barometer xmlns:xsi="http://www.w3.org/2001/XMLSchema-instance">958.008</barometer>
                </extensions>
            </trkpt>
            <trkpt lat="37.625735" lon="126.954593">
                <ele>526.5</ele>
                <time>2020-04-15T02:55:14.000Z</time>
                <name>Position 173</name>
                <extensions>
                    <cellinfo xmlns:xsi="http://www.w3.org/2001/XMLSchema-instance">mcc=450 mnc=8 ci=4326405 pci=401 tac=124 earfcn=1550 rsrp=-95 rsrq=-10 rssnr=11 cqi=14</cellinfo>
                    <barometer xmlns:xsi="http://www.w3.org/2001/XMLSchema-instance">957.198</barometer>
                </extensions>
            </trkpt>
            <trkpt lat="37.625767" lon="126.954813">
                <ele>529.2</ele>
                <time>2020-04-15T02:55:40.000Z</time>
                <name>Position 174</name>
                <extensions>
                    <cellinfo xmlns:xsi="http://www.w3.org/2001/XMLSchema-instance">mcc=450 mnc=8 ci=4326403 pci=443 tac=1011 earfcn=1550 rsrp=-91 rsrq=-14 rssnr=-5 cqi=7</cellinfo>
                    <barometer xmlns:xsi="http://www.w3.org/2001/XMLSchema-instance">956.260</barometer>
                </extensions>
            </trkpt>
            <trkpt lat="37.625794" lon="126.955054">
                <ele>534.4</ele>
                <time>2020-04-15T02:56:14.000Z</time>
                <name>Position 175</name>
                <extensions>
                    <cellinfo xmlns:xsi="http://www.w3.org/2001/XMLSchema-instance">mcc=450 mnc=8 ci=4326405 pci=401 tac=124 earfcn=1550 rsrp=-94 rsrq=-11 rssnr=8 cqi=7</cellinfo>
                    <barometer xmlns:xsi="http://www.w3.org/2001/XMLSchema-instance">956.032</barometer>
                </extensions>
            </trkpt>
            <trkpt lat="37.625728" lon="126.95532">
                <ele>536.2</ele>
                <time>2020-04-15T02:56:29.000Z</time>
                <name>Position 176</name>
                <extensions>
                    <cellinfo xmlns:xsi="http://www.w3.org/2001/XMLSchema-instance">mcc=450 mnc=8 ci=4326405 pci=401 tac=124 earfcn=1550 rsrp=-92 rsrq=-9 rssnr=1 cqi=7</cellinfo>
                    <barometer xmlns:xsi="http://www.w3.org/2001/XMLSchema-instance">955.885</barometer>
                </extensions>
            </trkpt>
            <trkpt lat="37.625743" lon="126.955552">
                <ele>534.1</ele>
                <time>2020-04-15T02:56:53.000Z</time>
                <name>Position 177</name>
                <extensions>
                    <cellinfo xmlns:xsi="http://www.w3.org/2001/XMLSchema-instance">mcc=450 mnc=8 ci=4326405 pci=401 tac=124 earfcn=1550 rsrp=-86 rsrq=-6 rssnr=11 cqi=7</cellinfo>
                    <barometer xmlns:xsi="http://www.w3.org/2001/XMLSchema-instance">956.406</barometer>
                </extensions>
            </trkpt>
            <trkpt lat="37.625808" lon="126.955781">
                <ele>534.1</ele>
                <time>2020-04-15T02:57:10.000Z</time>
                <name>Position 178</name>
                <extensions>
                    <cellinfo xmlns:xsi="http://www.w3.org/2001/XMLSchema-instance">mcc=450 mnc=8 ci=4326405 pci=401 tac=124 earfcn=1550 rsrp=-90 rsrq=-8 rssnr=6 cqi=7</cellinfo>
                    <barometer xmlns:xsi="http://www.w3.org/2001/XMLSchema-instance">956.571</barometer>
                </extensions>
            </trkpt>
            <trkpt lat="37.625847" lon="126.956028">
                <ele>536.5</ele>
                <time>2020-04-15T02:57:29.000Z</time>
                <name>Position 179</name>
                <extensions>
                    <cellinfo xmlns:xsi="http://www.w3.org/2001/XMLSchema-instance">mcc=450 mnc=8 ci=4326405 pci=401 tac=124 earfcn=1550 rsrp=-86 rsrq=-11 rssnr=6 cqi=7</cellinfo>
                    <barometer xmlns:xsi="http://www.w3.org/2001/XMLSchema-instance">956.709</barometer>
                </extensions>
            </trkpt>
            <trkpt lat="37.625932" lon="126.956236">
                <ele>536.9</ele>
                <time>2020-04-15T02:57:44.000Z</time>
                <name>Position 180</name>
                <extensions>
                    <cellinfo xmlns:xsi="http://www.w3.org/2001/XMLSchema-instance">mcc=450 mnc=8 ci=4326405 pci=401 tac=124 earfcn=1550 rsrp=-87 rsrq=-11 rssnr=9 cqi=7</cellinfo>
                    <barometer xmlns:xsi="http://www.w3.org/2001/XMLSchema-instance">956.740</barometer>
                </extensions>
            </trkpt>
            <trkpt lat="37.625985" lon="126.956491">
                <ele>534.8</ele>
                <time>2020-04-15T02:58:04.000Z</time>
                <name>Position 181</name>
                <extensions>
                    <cellinfo xmlns:xsi="http://www.w3.org/2001/XMLSchema-instance">mcc=450 mnc=8 ci=4326405 pci=401 tac=124 earfcn=1550 rsrp=-83 rsrq=-8 rssnr=11 cqi=7</cellinfo>
                    <barometer xmlns:xsi="http://www.w3.org/2001/XMLSchema-instance">956.637</barometer>
                </extensions>
            </trkpt>
            <trkpt lat="37.626076" lon="126.956731">
                <ele>535.5</ele>
                <time>2020-04-15T02:58:28.000Z</time>
                <name>Position 182</name>
                <extensions>
                    <cellinfo xmlns:xsi="http://www.w3.org/2001/XMLSchema-instance">mcc=450 mnc=8 ci=4326405 pci=401 tac=124 earfcn=1550 rsrp=-86 rsrq=-9 rssnr=11 cqi=7</cellinfo>
                    <barometer xmlns:xsi="http://www.w3.org/2001/XMLSchema-instance">956.495</barometer>
                </extensions>
            </trkpt>
            <trkpt lat="37.626073" lon="126.956979">
                <ele>538.8</ele>
                <time>2020-04-15T02:59:09.000Z</time>
                <name>Position 183</name>
                <extensions>
                    <cellinfo xmlns:xsi="http://www.w3.org/2001/XMLSchema-instance">mcc=450 mnc=8 ci=4326405 pci=401 tac=124 earfcn=1550 rsrp=-92 rsrq=-10 rssnr=-5 cqi=7</cellinfo>
                    <barometer xmlns:xsi="http://www.w3.org/2001/XMLSchema-instance">955.875</barometer>
                </extensions>
            </trkpt>
            <trkpt lat="37.626089" lon="126.957243">
                <ele>541.4</ele>
                <time>2020-04-15T02:59:36.000Z</time>
                <name>Position 184</name>
                <extensions>
                    <cellinfo xmlns:xsi="http://www.w3.org/2001/XMLSchema-instance">mcc=450 mnc=8 ci=4326402 pci=401 tac=124 earfcn=3743 rsrp=-87 rsrq=-9 rssnr=1 cqi=7</cellinfo>
                    <barometer xmlns:xsi="http://www.w3.org/2001/XMLSchema-instance">955.368</barometer>
                </extensions>
            </trkpt>
            <trkpt lat="37.62626" lon="126.957397">
                <ele>544.9</ele>
                <time>2020-04-15T03:00:01.000Z</time>
                <name>Position 185</name>
                <extensions>
                    <cellinfo xmlns:xsi="http://www.w3.org/2001/XMLSchema-instance">mcc=450 mnc=8 ci=4326402 pci=401 tac=124 earfcn=3743 rsrp=-80 rsrq=-9 rssnr=6 cqi=7</cellinfo>
                    <barometer xmlns:xsi="http://www.w3.org/2001/XMLSchema-instance">954.917</barometer>
                </extensions>
            </trkpt>
            <trkpt lat="37.626409" lon="126.957559">
                <ele>543.5</ele>
                <time>2020-04-15T03:00:18.000Z</time>
                <name>Position 186</name>
                <extensions>
                    <cellinfo xmlns:xsi="http://www.w3.org/2001/XMLSchema-instance">mcc=450 mnc=8 ci=4326402 pci=401 tac=124 earfcn=3743 rsrp=-79 rsrq=-9 rssnr=11 cqi=7</cellinfo>
                    <barometer xmlns:xsi="http://www.w3.org/2001/XMLSchema-instance">955.083</barometer>
                </extensions>
            </trkpt>
            <trkpt lat="37.626575" lon="126.957649">
                <ele>544.1</ele>
                <time>2020-04-15T03:00:34.000Z</time>
                <name>Position 187</name>
                <extensions>
                    <cellinfo xmlns:xsi="http://www.w3.org/2001/XMLSchema-instance">mcc=450 mnc=8 ci=4326402 pci=401 tac=124 earfcn=3743 rsrp=-74 rsrq=-8 rssnr=11 cqi=7</cellinfo>
                    <barometer xmlns:xsi="http://www.w3.org/2001/XMLSchema-instance">955.242</barometer>
                </extensions>
            </trkpt>
            <trkpt lat="37.626765" lon="126.957761">
                <ele>544.1</ele>
                <time>2020-04-15T03:00:53.000Z</time>
                <name>Position 188</name>
                <extensions>
                    <cellinfo xmlns:xsi="http://www.w3.org/2001/XMLSchema-instance">mcc=450 mnc=8 ci=4326402 pci=401 tac=124 earfcn=3743 rsrp=-70 rsrq=-9 rssnr=14 cqi=7</cellinfo>
                    <barometer xmlns:xsi="http://www.w3.org/2001/XMLSchema-instance">955.481</barometer>
                </extensions>
            </trkpt>
            <trkpt lat="37.626932" lon="126.957916">
                <ele>542.0</ele>
                <time>2020-04-15T03:01:10.000Z</time>
                <name>Position 189</name>
                <extensions>
                    <cellinfo xmlns:xsi="http://www.w3.org/2001/XMLSchema-instance">mcc=450 mnc=8 ci=4326402 pci=401 tac=124 earfcn=3743 rsrp=-73 rsrq=-9 rssnr=13 cqi=7</cellinfo>
                    <barometer xmlns:xsi="http://www.w3.org/2001/XMLSchema-instance">955.319</barometer>
                </extensions>
            </trkpt>
            <trkpt lat="37.627034" lon="126.958101">
                <ele>546.4</ele>
                <time>2020-04-15T03:01:27.000Z</time>
                <name>Position 190</name>
                <extensions>
                    <cellinfo xmlns:xsi="http://www.w3.org/2001/XMLSchema-instance">mcc=450 mnc=8 ci=4326402 pci=401 tac=124 earfcn=3743 rsrp=-76 rsrq=-10 rssnr=19 cqi=7</cellinfo>
                    <barometer xmlns:xsi="http://www.w3.org/2001/XMLSchema-instance">954.688</barometer>
                </extensions>
            </trkpt>
            <trkpt lat="37.627092" lon="126.958362">
                <ele>546.3</ele>
                <time>2020-04-15T03:01:44.000Z</time>
                <name>Position 191</name>
                <extensions>
                    <cellinfo xmlns:xsi="http://www.w3.org/2001/XMLSchema-instance">mcc=450 mnc=8 ci=4326405 pci=401 tac=124 earfcn=1550 rsrp=-82 rsrq=-8 rssnr=2 cqi=7</cellinfo>
                    <barometer xmlns:xsi="http://www.w3.org/2001/XMLSchema-instance">954.667</barometer>
                </extensions>
            </trkpt>
            <trkpt lat="37.627281" lon="126.958519">
                <ele>548.3</ele>
                <time>2020-04-15T03:02:00.000Z</time>
                <name>Position 192</name>
                <extensions>
                    <cellinfo xmlns:xsi="http://www.w3.org/2001/XMLSchema-instance">mcc=450 mnc=8 ci=4326405 pci=401 tac=124 earfcn=1550 rsrp=-80 rsrq=-8 rssnr=13 cqi=7</cellinfo>
                    <barometer xmlns:xsi="http://www.w3.org/2001/XMLSchema-instance">954.623</barometer>
                </extensions>
            </trkpt>
            <trkpt lat="37.62746" lon="126.958603">
                <ele>550.5</ele>
                <time>2020-04-15T03:02:16.000Z</time>
                <name>Position 193</name>
                <extensions>
                    <cellinfo xmlns:xsi="http://www.w3.org/2001/XMLSchema-instance">mcc=450 mnc=8 ci=4326405 pci=401 tac=124 earfcn=1550 rsrp=-79 rsrq=-12 rssnr=14 cqi=7</cellinfo>
                    <barometer xmlns:xsi="http://www.w3.org/2001/XMLSchema-instance">954.873</barometer>
                </extensions>
            </trkpt>
            <trkpt lat="37.627623" lon="126.958723">
                <ele>552.3</ele>
                <time>2020-04-15T03:02:29.000Z</time>
                <name>Position 194</name>
                <extensions>
                    <cellinfo xmlns:xsi="http://www.w3.org/2001/XMLSchema-instance">mcc=450 mnc=8 ci=4326405 pci=401 tac=124 earfcn=1550 rsrp=-81 rsrq=-12 rssnr=17 cqi=7</cellinfo>
                    <barometer xmlns:xsi="http://www.w3.org/2001/XMLSchema-instance">954.691</barometer>
                </extensions>
            </trkpt>
            <trkpt lat="37.627795" lon="126.958888">
                <ele>555.9</ele>
                <time>2020-04-15T03:02:50.000Z</time>
                <name>Position 195</name>
                <extensions>
                    <cellinfo xmlns:xsi="http://www.w3.org/2001/XMLSchema-instance">mcc=450 mnc=8 ci=4326405 pci=401 tac=124 earfcn=1550 rsrp=-71 rsrq=-9 rssnr=31 cqi=7</cellinfo>
                    <barometer xmlns:xsi="http://www.w3.org/2001/XMLSchema-instance">954.133</barometer>
                </extensions>
            </trkpt>
            <trkpt lat="37.627913" lon="126.959055">
                <ele>558.0</ele>
                <time>2020-04-15T03:04:35.000Z</time>
                <name>Position 196</name>
                <extensions>
                    <cellinfo xmlns:xsi="http://www.w3.org/2001/XMLSchema-instance">mcc=450 mnc=8 ci=4326405 pci=401 tac=124 earfcn=1550 rsrp=-77 rsrq=-6 rssnr=5 cqi=7</cellinfo>
                    <barometer xmlns:xsi="http://www.w3.org/2001/XMLSchema-instance">953.796</barometer>
                </extensions>
            </trkpt>
            <trkpt lat="37.628007" lon="126.959248">
                <ele>560.5</ele>
                <time>2020-04-15T03:04:50.000Z</time>
                <name>Position 197</name>
                <extensions>
                    <cellinfo xmlns:xsi="http://www.w3.org/2001/XMLSchema-instance">mcc=450 mnc=8 ci=4326405 pci=401 tac=124 earfcn=1550 rsrp=-84 rsrq=-6 rssnr=12 cqi=7</cellinfo>
                    <barometer xmlns:xsi="http://www.w3.org/2001/XMLSchema-instance">953.363</barometer>
                </extensions>
            </trkpt>
            <trkpt lat="37.628099" lon="126.959444">
                <ele>562.9</ele>
                <time>2020-04-15T03:05:12.000Z</time>
                <name>Position 198</name>
                <extensions>
                    <cellinfo xmlns:xsi="http://www.w3.org/2001/XMLSchema-instance">mcc=450 mnc=8 ci=4326405 pci=401 tac=124 earfcn=1550 rsrp=-99 rsrq=-12 rssnr=5 cqi=7</cellinfo>
                    <barometer xmlns:xsi="http://www.w3.org/2001/XMLSchema-instance">953.076</barometer>
                </extensions>
            </trkpt>
            <trkpt lat="37.628262" lon="126.959571">
                <ele>560.6</ele>
                <time>2020-04-15T03:05:37.000Z</time>
                <name>Position 199</name>
                <extensions>
                    <cellinfo xmlns:xsi="http://www.w3.org/2001/XMLSchema-instance">mcc=450 mnc=8 ci=4326405 pci=401 tac=124 earfcn=1550 rsrp=-104 rsrq=-15 rssnr=-6 cqi=10</cellinfo>
                    <barometer xmlns:xsi="http://www.w3.org/2001/XMLSchema-instance">953.715</barometer>
                </extensions>
            </trkpt>
            <trkpt lat="37.628422" lon="126.959725">
                <ele>554.9</ele>
                <time>2020-04-15T03:06:02.000Z</time>
                <name>Position 200</name>
                <extensions>
                    <cellinfo xmlns:xsi="http://www.w3.org/2001/XMLSchema-instance">mcc=450 mnc=8 ci=4326915 pci=342 tac=36 earfcn=1550 rsrp=-103 rsrq=-13 rssnr=-1 cqi=6</cellinfo>
                    <barometer xmlns:xsi="http://www.w3.org/2001/XMLSchema-instance">954.425</barometer>
                </extensions>
            </trkpt>
            <trkpt lat="37.628496" lon="126.959948">
                <ele>550.7</ele>
                <time>2020-04-15T03:06:21.000Z</time>
                <name>Position 201</name>
                <extensions>
                    <cellinfo xmlns:xsi="http://www.w3.org/2001/XMLSchema-instance">mcc=450 mnc=8 ci=4326915 pci=342 tac=36 earfcn=1550 rsrp=-98 rsrq=-10 rssnr=-2 cqi=6</cellinfo>
                    <barometer xmlns:xsi="http://www.w3.org/2001/XMLSchema-instance">954.883</barometer>
                </extensions>
            </trkpt>
            <trkpt lat="37.628477" lon="126.960168">
                <ele>549.8</ele>
                <time>2020-04-15T03:06:35.000Z</time>
                <name>Position 202</name>
                <extensions>
                    <cellinfo xmlns:xsi="http://www.w3.org/2001/XMLSchema-instance">mcc=450 mnc=8 ci=4326402 pci=342 tac=124 earfcn=1550 rsrp=-98 rsrq=-14 rssnr=-6 cqi=6</cellinfo>
                    <barometer xmlns:xsi="http://www.w3.org/2001/XMLSchema-instance">955.089</barometer>
                </extensions>
            </trkpt>
            <trkpt lat="37.628494" lon="126.960436">
                <ele>549.6</ele>
                <time>2020-04-15T03:06:52.000Z</time>
                <name>Position 203</name>
                <extensions>
                    <cellinfo xmlns:xsi="http://www.w3.org/2001/XMLSchema-instance">mcc=450 mnc=8 ci=4326402 pci=401 tac=124 earfcn=3743 rsrp=-84 rsrq=-10 rssnr=8 cqi=11</cellinfo>
                    <barometer xmlns:xsi="http://www.w3.org/2001/XMLSchema-instance">954.748</barometer>
                </extensions>
            </trkpt>
            <trkpt lat="37.628523" lon="126.960697">
                <ele>550.8</ele>
                <time>2020-04-15T03:07:08.000Z</time>
                <name>Position 204</name>
                <extensions>
                    <cellinfo xmlns:xsi="http://www.w3.org/2001/XMLSchema-instance">mcc=450 mnc=8 ci=4326405 pci=401 tac=124 earfcn=1550 rsrp=-94 rsrq=-8 rssnr=5 cqi=11</cellinfo>
                    <barometer xmlns:xsi="http://www.w3.org/2001/XMLSchema-instance">954.594</barometer>
                </extensions>
            </trkpt>
            <trkpt lat="37.628557" lon="126.960937">
                <ele>553.8</ele>
                <time>2020-04-15T03:07:29.000Z</time>
                <name>Position 205</name>
                <extensions>
                    <cellinfo xmlns:xsi="http://www.w3.org/2001/XMLSchema-instance">mcc=450 mnc=8 ci=4326405 pci=401 tac=124 earfcn=1550 rsrp=-91 rsrq=-10 rssnr=7 cqi=11</cellinfo>
                    <barometer xmlns:xsi="http://www.w3.org/2001/XMLSchema-instance">954.200</barometer>
                </extensions>
            </trkpt>
            <trkpt lat="37.628547" lon="126.961176">
                <ele>552.6</ele>
                <time>2020-04-15T03:07:48.000Z</time>
                <name>Position 206</name>
                <extensions>
                    <cellinfo xmlns:xsi="http://www.w3.org/2001/XMLSchema-instance">mcc=450 mnc=8 ci=4326405 pci=401 tac=124 earfcn=1550 rsrp=-91 rsrq=-9 rssnr=-4 cqi=11</cellinfo>
                    <barometer xmlns:xsi="http://www.w3.org/2001/XMLSchema-instance">954.246</barometer>
                </extensions>
            </trkpt>
            <trkpt lat="37.628575" lon="126.961465">
                <ele>552.6</ele>
                <time>2020-04-15T03:08:07.000Z</time>
                <name>Position 207</name>
                <extensions>
                    <cellinfo xmlns:xsi="http://www.w3.org/2001/XMLSchema-instance">mcc=450 mnc=8 ci=4326405 pci=401 tac=124 earfcn=1550 rsrp=-90 rsrq=-9 rssnr=4 cqi=11</cellinfo>
                    <barometer xmlns:xsi="http://www.w3.org/2001/XMLSchema-instance">954.201</barometer>
                </extensions>
            </trkpt>
            <trkpt lat="37.628643" lon="126.961736">
                <ele>556.3</ele>
                <time>2020-04-15T03:08:27.000Z</time>
                <name>Position 208</name>
                <extensions>
                    <cellinfo xmlns:xsi="http://www.w3.org/2001/XMLSchema-instance">mcc=450 mnc=8 ci=4326405 pci=401 tac=124 earfcn=1550 rsrp=-89 rsrq=-9 rssnr=3 cqi=11</cellinfo>
                    <barometer xmlns:xsi="http://www.w3.org/2001/XMLSchema-instance">953.478</barometer>
                </extensions>
            </trkpt>
            <trkpt lat="37.628725" lon="126.961845">
                <ele>563.2</ele>
                <time>2020-04-15T03:10:45.000Z</time>
                <name>Position 209</name>
                <extensions>
                    <pause xmlns:xsi="http://www.w3.org/2001/XMLSchema-instance">start</pause>
                    <type xmlns:xsi="http://www.w3.org/2001/XMLSchema-instance">unknown</type>
                    <cellinfo xmlns:xsi="http://www.w3.org/2001/XMLSchema-instance">mcc=450 mnc=8 ci=4326918 pci=342 tac=36 earfcn=475 rsrp=-89 rsrq=-10 rssnr=7 cqi=6</cellinfo>
                    <barometer xmlns:xsi="http://www.w3.org/2001/XMLSchema-instance">953.178</barometer>
                </extensions>
            </trkpt>
            <trkpt lat="37.628746" lon="126.961956">
                <ele>563.9</ele>
                <time>2020-04-15T03:14:24.000Z</time>
                <name>Position 210</name>
                <extensions>
                    <pause xmlns:xsi="http://www.w3.org/2001/XMLSchema-instance">end</pause>
                    <type xmlns:xsi="http://www.w3.org/2001/XMLSchema-instance">auto</type>
                    <cellinfo xmlns:xsi="http://www.w3.org/2001/XMLSchema-instance">mcc=450 mnc=8 ci=4326405 pci=401 tac=124 earfcn=1550 rsrp=-87 rsrq=-8 rssnr=7 cqi=9</cellinfo>
                    <barometer xmlns:xsi="http://www.w3.org/2001/XMLSchema-instance">952.810</barometer>
                </extensions>
            </trkpt>
            <trkpt lat="37.628799" lon="126.962069">
                <ele>565.3</ele>
                <time>2020-04-15T03:14:37.000Z</time>
                <name>Position 211</name>
                <extensions>
                    <cellinfo xmlns:xsi="http://www.w3.org/2001/XMLSchema-instance">mcc=450 mnc=8 ci=4326405 pci=401 tac=124 earfcn=1550 rsrp=-89 rsrq=-5 rssnr=16 cqi=9</cellinfo>
                    <barometer xmlns:xsi="http://www.w3.org/2001/XMLSchema-instance">952.895</barometer>
                </extensions>
            </trkpt>
            <trkpt lat="37.62882" lon="126.962273">
                <ele>568.2</ele>
                <time>2020-04-15T03:15:02.000Z</time>
                <name>Position 212</name>
                <extensions>
                    <cellinfo xmlns:xsi="http://www.w3.org/2001/XMLSchema-instance">mcc=450 mnc=8 ci=4326405 pci=401 tac=124 earfcn=1550 rsrp=-88 rsrq=-7 rssnr=14 cqi=9</cellinfo>
                    <barometer xmlns:xsi="http://www.w3.org/2001/XMLSchema-instance">952.218</barometer>
                </extensions>
            </trkpt>
            <trkpt lat="37.628804" lon="126.962487">
                <ele>576.1</ele>
                <time>2020-04-15T03:15:34.000Z</time>
                <name>Position 213</name>
                <extensions>
                    <cellinfo xmlns:xsi="http://www.w3.org/2001/XMLSchema-instance">mcc=450 mnc=8 ci=4326405 pci=401 tac=124 earfcn=1550 rsrp=-88 rsrq=-11 rssnr=5 cqi=9</cellinfo>
                    <barometer xmlns:xsi="http://www.w3.org/2001/XMLSchema-instance">951.348</barometer>
                </extensions>
            </trkpt>
            <trkpt lat="37.628888" lon="126.962673">
                <ele>584.8</ele>
                <time>2020-04-15T03:16:06.000Z</time>
                <name>Position 214</name>
                <extensions>
                    <cellinfo xmlns:xsi="http://www.w3.org/2001/XMLSchema-instance">mcc=450 mnc=8 ci=4326405 pci=401 tac=124 earfcn=1550 rsrp=-82 rsrq=-6 rssnr=9 cqi=9</cellinfo>
                    <barometer xmlns:xsi="http://www.w3.org/2001/XMLSchema-instance">950.368</barometer>
                </extensions>
            </trkpt>
            <trkpt lat="37.628995" lon="126.962809">
                <ele>592.6</ele>
                <time>2020-04-15T03:17:55.000Z</time>
                <name>Position 215</name>
                <extensions>
                    <cellinfo xmlns:xsi="http://www.w3.org/2001/XMLSchema-instance">mcc=450 mnc=8 ci=4326405 pci=401 tac=124 earfcn=1550 rsrp=-82 rsrq=-11 rssnr=9 cqi=9</cellinfo>
                    <barometer xmlns:xsi="http://www.w3.org/2001/XMLSchema-instance">949.577</barometer>
                </extensions>
            </trkpt>
            <trkpt lat="37.628981" lon="126.96302">
                <ele>595.7</ele>
                <time>2020-04-15T03:18:27.000Z</time>
                <name>Position 216</name>
                <extensions>
                    <cellinfo xmlns:xsi="http://www.w3.org/2001/XMLSchema-instance">mcc=450 mnc=8 ci=4327183 pci=122 tac=36 earfcn=1694 rsrp=-89 rsrq=-16 rssnr=-6 cqi=7</cellinfo>
                    <barometer xmlns:xsi="http://www.w3.org/2001/XMLSchema-instance">949.221</barometer>
                </extensions>
            </trkpt>
            <trkpt lat="37.628972" lon="126.963244">
                <ele>591.2</ele>
                <time>2020-04-15T03:19:57.000Z</time>
                <name>Position 217</name>
                <extensions>
                    <cellinfo xmlns:xsi="http://www.w3.org/2001/XMLSchema-instance">mcc=450 mnc=8 ci=4366605 pci=176 tac=36 earfcn=1550 rsrp=-103 rsrq=-17 rssnr=-7 cqi=7</cellinfo>
                    <barometer xmlns:xsi="http://www.w3.org/2001/XMLSchema-instance">950.307</barometer>
                </extensions>
            </trkpt>
            <trkpt lat="37.629032" lon="126.963458">
                <ele>587.8</ele>
                <time>2020-04-15T03:20:21.000Z</time>
                <name>Position 218</name>
                <extensions>
                    <cellinfo xmlns:xsi="http://www.w3.org/2001/XMLSchema-instance">mcc=450 mnc=8 ci=4326402 pci=401 tac=124 earfcn=3743 rsrp=-77 rsrq=-7 rssnr=22 cqi=14</cellinfo>
                    <barometer xmlns:xsi="http://www.w3.org/2001/XMLSchema-instance">950.876</barometer>
                </extensions>
            </trkpt>
            <trkpt lat="37.628997" lon="126.963713">
                <ele>582.7</ele>
                <time>2020-04-15T03:20:43.000Z</time>
                <name>Position 219</name>
                <extensions>
                    <cellinfo xmlns:xsi="http://www.w3.org/2001/XMLSchema-instance">mcc=450 mnc=8 ci=4366605 pci=176 tac=36 earfcn=1550 rsrp=-91 rsrq=-9 rssnr=4 cqi=6</cellinfo>
                    <barometer xmlns:xsi="http://www.w3.org/2001/XMLSchema-instance">951.626</barometer>
                </extensions>
            </trkpt>
            <trkpt lat="37.628919" lon="126.963945">
                <ele>578.4</ele>
                <time>2020-04-15T03:21:05.000Z</time>
                <name>Position 220</name>
                <extensions>
                    <cellinfo xmlns:xsi="http://www.w3.org/2001/XMLSchema-instance">mcc=450 mnc=8 ci=4366605 pci=176 tac=36 earfcn=1550 rsrp=-91 rsrq=-10 rssnr=-16 cqi=6</cellinfo>
                    <barometer xmlns:xsi="http://www.w3.org/2001/XMLSchema-instance">951.793</barometer>
                </extensions>
            </trkpt>
            <trkpt lat="37.628945" lon="126.964149">
                <ele>576.7</ele>
                <time>2020-04-15T03:21:26.000Z</time>
                <name>Position 221</name>
                <extensions>
                    <cellinfo xmlns:xsi="http://www.w3.org/2001/XMLSchema-instance">mcc=450 mnc=8 ci=4326915 pci=342 tac=36 earfcn=1550 rsrp=-94 rsrq=-13 rssnr=-2 cqi=6</cellinfo>
                    <barometer xmlns:xsi="http://www.w3.org/2001/XMLSchema-instance">951.830</barometer>
                </extensions>
            </trkpt>
            <trkpt lat="37.628833" lon="126.964309">
                <ele>573.3</ele>
                <time>2020-04-15T03:21:53.000Z</time>
                <name>Position 222</name>
                <extensions>
                    <cellinfo xmlns:xsi="http://www.w3.org/2001/XMLSchema-instance">mcc=450 mnc=8 ci=4326915 pci=342 tac=36 earfcn=1550 rsrp=-88 rsrq=-12 rssnr=1 cqi=6</cellinfo>
                    <barometer xmlns:xsi="http://www.w3.org/2001/XMLSchema-instance">952.216</barometer>
                </extensions>
            </trkpt>
            <trkpt lat="37.628848" lon="126.964308">
                <ele>572.0</ele>
                <time>2020-04-15T03:23:34.000Z</time>
                <name>Position 223</name>
                <extensions>
                    <pause xmlns:xsi="http://www.w3.org/2001/XMLSchema-instance">start</pause>
                    <type xmlns:xsi="http://www.w3.org/2001/XMLSchema-instance">unknown</type>
                    <cellinfo xmlns:xsi="http://www.w3.org/2001/XMLSchema-instance">mcc=450 mnc=8 ci=4326915 pci=342 tac=36 earfcn=1550 rsrp=-91 rsrq=-12 rssnr=1 cqi=7</cellinfo>
                    <barometer xmlns:xsi="http://www.w3.org/2001/XMLSchema-instance">952.289</barometer>
                </extensions>
            </trkpt>
            <trkpt lat="37.628908" lon="126.964275">
                <ele>561.8</ele>
                <time>2020-04-15T03:34:35.000Z</time>
                <name>Position 224</name>
                <extensions>
                    <pause xmlns:xsi="http://www.w3.org/2001/XMLSchema-instance">end</pause>
                    <type xmlns:xsi="http://www.w3.org/2001/XMLSchema-instance">auto</type>
                    <cellinfo xmlns:xsi="http://www.w3.org/2001/XMLSchema-instance">mcc=450 mnc=8 ci=4326410 pci=237 tac=36 earfcn=3743 rsrp=-98 rsrq=-15 rssnr=-6 cqi=4</cellinfo>
                    <barometer xmlns:xsi="http://www.w3.org/2001/XMLSchema-instance">952.090</barometer>
                </extensions>
            </trkpt>
            <trkpt lat="37.628903" lon="126.964244">
                <ele>556.3</ele>
                <time>2020-04-15T03:36:34.000Z</time>
                <name>Position 225</name>
                <extensions>
                    <pause xmlns:xsi="http://www.w3.org/2001/XMLSchema-instance">start</pause>
                    <type xmlns:xsi="http://www.w3.org/2001/XMLSchema-instance">unknown</type>
                    <cellinfo xmlns:xsi="http://www.w3.org/2001/XMLSchema-instance">mcc=450 mnc=8 ci=4326410 pci=237 tac=36 earfcn=3743 rsrp=-97 rsrq=-15 rssnr=-16 cqi=7</cellinfo>
                    <barometer xmlns:xsi="http://www.w3.org/2001/XMLSchema-instance">952.094</barometer>
                </extensions>
            </trkpt>
            <trkpt lat="37.628831" lon="126.964239">
                <ele>573.3</ele>
                <time>2020-04-15T03:42:39.000Z</time>
                <name>Position 226</name>
                <extensions>
                    <pause xmlns:xsi="http://www.w3.org/2001/XMLSchema-instance">end</pause>
                    <type xmlns:xsi="http://www.w3.org/2001/XMLSchema-instance">auto</type>
                    <cellinfo xmlns:xsi="http://www.w3.org/2001/XMLSchema-instance">mcc=450 mnc=8 ci=4326410 pci=237 tac=36 earfcn=3743 rsrp=-100 rsrq=-15 rssnr=-2 cqi=6</cellinfo>
                    <barometer xmlns:xsi="http://www.w3.org/2001/XMLSchema-instance">952.077</barometer>
                </extensions>
            </trkpt>
            <trkpt lat="37.62879" lon="126.964256">
                <ele>572.1</ele>
                <time>2020-04-15T03:44:38.000Z</time>
                <name>Position 227</name>
                <extensions>
                    <pause xmlns:xsi="http://www.w3.org/2001/XMLSchema-instance">start</pause>
                    <type xmlns:xsi="http://www.w3.org/2001/XMLSchema-instance">unknown</type>
                    <cellinfo xmlns:xsi="http://www.w3.org/2001/XMLSchema-instance">mcc=450 mnc=8 ci=4326918 pci=342 tac=36 earfcn=475 rsrp=-110 rsrq=-12 rssnr=-2 cqi=2</cellinfo>
                    <barometer xmlns:xsi="http://www.w3.org/2001/XMLSchema-instance">952.007</barometer>
                </extensions>
            </trkpt>
            <trkpt lat="37.628853" lon="126.964367">
                <ele>574.0</ele>
                <time>2020-04-15T03:54:11.000Z</time>
                <name>Position 228</name>
                <extensions>
                    <pause xmlns:xsi="http://www.w3.org/2001/XMLSchema-instance">end</pause>
                    <type xmlns:xsi="http://www.w3.org/2001/XMLSchema-instance">auto</type>
                    <cellinfo xmlns:xsi="http://www.w3.org/2001/XMLSchema-instance">mcc=450 mnc=8 ci=4326915 pci=342 tac=36 earfcn=1550 rsrp=-96 rsrq=-13 rssnr=0 cqi=2</cellinfo>
                    <barometer xmlns:xsi="http://www.w3.org/2001/XMLSchema-instance">951.286</barometer>
                </extensions>
            </trkpt>
            <trkpt lat="37.628921" lon="126.964495">
                <ele>578.8</ele>
                <time>2020-04-15T03:55:18.000Z</time>
                <name>Position 229</name>
                <extensions>
                    <cellinfo xmlns:xsi="http://www.w3.org/2001/XMLSchema-instance">mcc=450 mnc=8 ci=4326915 pci=342 tac=36 earfcn=1550 rsrp=-95 rsrq=-13 rssnr=-4 cqi=2</cellinfo>
                    <barometer xmlns:xsi="http://www.w3.org/2001/XMLSchema-instance">951.252</barometer>
                </extensions>
            </trkpt>
            <trkpt lat="37.62894" lon="126.964729">
                <ele>578.1</ele>
                <time>2020-04-15T03:55:37.000Z</time>
                <name>Position 230</name>
                <extensions>
                    <cellinfo xmlns:xsi="http://www.w3.org/2001/XMLSchema-instance">mcc=450 mnc=8 ci=4326915 pci=342 tac=36 earfcn=1550 rsrp=-89 rsrq=-12 rssnr=1 cqi=2</cellinfo>
                    <barometer xmlns:xsi="http://www.w3.org/2001/XMLSchema-instance">950.793</barometer>
                </extensions>
            </trkpt>
            <trkpt lat="37.628992" lon="126.964942">
                <ele>581.3</ele>
                <time>2020-04-15T03:55:56.000Z</time>
                <name>Position 231</name>
                <extensions>
                    <cellinfo xmlns:xsi="http://www.w3.org/2001/XMLSchema-instance">mcc=450 mnc=8 ci=4326915 pci=342 tac=36 earfcn=1550 rsrp=-96 rsrq=-13 rssnr=-2 cqi=2</cellinfo>
                    <barometer xmlns:xsi="http://www.w3.org/2001/XMLSchema-instance">950.449</barometer>
                </extensions>
            </trkpt>
            <trkpt lat="37.629166" lon="126.96507">
                <ele>583.7</ele>
                <time>2020-04-15T03:56:16.000Z</time>
                <name>Position 232</name>
                <extensions>
                    <cellinfo xmlns:xsi="http://www.w3.org/2001/XMLSchema-instance">mcc=450 mnc=8 ci=4326402 pci=401 tac=124 earfcn=3743 rsrp=-90 rsrq=-11 rssnr=5 cqi=6</cellinfo>
                    <barometer xmlns:xsi="http://www.w3.org/2001/XMLSchema-instance">950.300</barometer>
                </extensions>
            </trkpt>
            <trkpt lat="37.629335" lon="126.965155">
                <ele>588.1</ele>
                <time>2020-04-15T03:56:52.000Z</time>
                <name>Position 233</name>
                <extensions>
                    <cellinfo xmlns:xsi="http://www.w3.org/2001/XMLSchema-instance">mcc=450 mnc=8 ci=4326405 pci=401 tac=124 earfcn=1550 rsrp=-96 rsrq=-13 rssnr=1 cqi=6</cellinfo>
                    <barometer xmlns:xsi="http://www.w3.org/2001/XMLSchema-instance">949.994</barometer>
                </extensions>
            </trkpt>
            <trkpt lat="37.629396" lon="126.965355">
                <ele>585.9</ele>
                <time>2020-04-15T03:58:35.000Z</time>
                <name>Position 234</name>
                <extensions>
                    <cellinfo xmlns:xsi="http://www.w3.org/2001/XMLSchema-instance">mcc=450 mnc=8 ci=4366605 pci=176 tac=36 earfcn=1550 rsrp=-82 rsrq=-6 rssnr=11 cqi=13</cellinfo>
                    <barometer xmlns:xsi="http://www.w3.org/2001/XMLSchema-instance">950.909</barometer>
                </extensions>
            </trkpt>
            <trkpt lat="37.62953" lon="126.965503">
                <ele>580.2</ele>
                <time>2020-04-15T03:59:00.000Z</time>
                <name>Position 235</name>
                <extensions>
                    <cellinfo xmlns:xsi="http://www.w3.org/2001/XMLSchema-instance">mcc=450 mnc=8 ci=4366605 pci=176 tac=36 earfcn=1550 rsrp=-88 rsrq=-11 rssnr=3 cqi=13</cellinfo>
                    <barometer xmlns:xsi="http://www.w3.org/2001/XMLSchema-instance">951.829</barometer>
                </extensions>
            </trkpt>
            <trkpt lat="37.629663" lon="126.965639">
                <ele>572.1</ele>
                <time>2020-04-15T03:59:27.000Z</time>
                <name>Position 236</name>
                <extensions>
                    <cellinfo xmlns:xsi="http://www.w3.org/2001/XMLSchema-instance">mcc=450 mnc=8 ci=4348420 pci=268 tac=1004 earfcn=1550 rsrp=-97 rsrq=-13 rssnr=-8 cqi=6</cellinfo>
                    <barometer xmlns:xsi="http://www.w3.org/2001/XMLSchema-instance">952.870</barometer>
                </extensions>
            </trkpt>
            <trkpt lat="37.629811" lon="126.965772">
                <ele>566.4</ele>
                <time>2020-04-15T03:59:47.000Z</time>
                <name>Position 237</name>
                <extensions>
                    <cellinfo xmlns:xsi="http://www.w3.org/2001/XMLSchema-instance">mcc=450 mnc=8 ci=4326915 pci=342 tac=36 earfcn=1550 rsrp=-98 rsrq=-13 rssnr=-6 cqi=7</cellinfo>
                    <barometer xmlns:xsi="http://www.w3.org/2001/XMLSchema-instance">953.220</barometer>
                </extensions>
            </trkpt>
            <trkpt lat="37.629945" lon="126.965944">
                <ele>565.2</ele>
                <time>2020-04-15T04:00:00.000Z</time>
                <name>Position 238</name>
                <extensions>
                    <cellinfo xmlns:xsi="http://www.w3.org/2001/XMLSchema-instance">mcc=450 mnc=8 ci=4326402 pci=401 tac=124 earfcn=3743 rsrp=-87 rsrq=-11 rssnr=2 cqi=7</cellinfo>
                    <barometer xmlns:xsi="http://www.w3.org/2001/XMLSchema-instance">953.071</barometer>
                </extensions>
            </trkpt>
            <trkpt lat="37.630057" lon="126.966154">
                <ele>570.9</ele>
                <time>2020-04-15T04:00:22.000Z</time>
                <name>Position 239</name>
                <extensions>
                    <cellinfo xmlns:xsi="http://www.w3.org/2001/XMLSchema-instance">mcc=450 mnc=8 ci=4326402 pci=401 tac=124 earfcn=3743 rsrp=-79 rsrq=-10 rssnr=13 cqi=7</cellinfo>
                    <barometer xmlns:xsi="http://www.w3.org/2001/XMLSchema-instance">952.501</barometer>
                </extensions>
            </trkpt>
            <trkpt lat="37.630215" lon="126.966294">
                <ele>571.9</ele>
                <time>2020-04-15T04:00:36.000Z</time>
                <name>Position 240</name>
                <extensions>
                    <cellinfo xmlns:xsi="http://www.w3.org/2001/XMLSchema-instance">mcc=450 mnc=8 ci=4326402 pci=401 tac=124 earfcn=3743 rsrp=-84 rsrq=-11 rssnr=2 cqi=7</cellinfo>
                    <barometer xmlns:xsi="http://www.w3.org/2001/XMLSchema-instance">952.388</barometer>
                </extensions>
            </trkpt>
            <trkpt lat="37.630353" lon="126.966505">
                <ele>573.7</ele>
                <time>2020-04-15T04:00:54.000Z</time>
                <name>Position 241</name>
                <extensions>
                    <cellinfo xmlns:xsi="http://www.w3.org/2001/XMLSchema-instance">mcc=450 mnc=8 ci=4326915 pci=342 tac=36 earfcn=1550 rsrp=-92 rsrq=-13 rssnr=4 cqi=5</cellinfo>
                    <barometer xmlns:xsi="http://www.w3.org/2001/XMLSchema-instance">952.205</barometer>
                </extensions>
            </trkpt>
            <trkpt lat="37.630489" lon="126.966729">
                <ele>571.9</ele>
                <time>2020-04-15T04:01:15.000Z</time>
                <name>Position 242</name>
                <extensions>
                    <cellinfo xmlns:xsi="http://www.w3.org/2001/XMLSchema-instance">mcc=450 mnc=8 ci=4366605 pci=176 tac=36 earfcn=1550 rsrp=-80 rsrq=-6 rssnr=11 cqi=5</cellinfo>
                    <barometer xmlns:xsi="http://www.w3.org/2001/XMLSchema-instance">952.414</barometer>
                </extensions>
            </trkpt>
            <trkpt lat="37.630524" lon="126.96695">
                <ele>571.8</ele>
                <time>2020-04-15T04:01:29.000Z</time>
                <name>Position 243</name>
                <extensions>
                    <cellinfo xmlns:xsi="http://www.w3.org/2001/XMLSchema-instance">mcc=450 mnc=8 ci=4366605 pci=176 tac=36 earfcn=1550 rsrp=-83 rsrq=-6 rssnr=5 cqi=5</cellinfo>
                    <barometer xmlns:xsi="http://www.w3.org/2001/XMLSchema-instance">952.566</barometer>
                </extensions>
            </trkpt>
            <trkpt lat="37.630481" lon="126.967183">
                <ele>569.6</ele>
                <time>2020-04-15T04:01:53.000Z</time>
                <name>Position 244</name>
                <extensions>
                    <cellinfo xmlns:xsi="http://www.w3.org/2001/XMLSchema-instance">mcc=450 mnc=8 ci=4326915 pci=342 tac=36 earfcn=1550 rsrp=-103 rsrq=-14 rssnr=-2 cqi=5</cellinfo>
                    <barometer xmlns:xsi="http://www.w3.org/2001/XMLSchema-instance">952.342</barometer>
                </extensions>
            </trkpt>
            <trkpt lat="37.630629" lon="126.96734">
                <ele>574.2</ele>
                <time>2020-04-15T04:02:16.000Z</time>
                <name>Position 245</name>
                <extensions>
                    <cellinfo xmlns:xsi="http://www.w3.org/2001/XMLSchema-instance">mcc=450 mnc=8 ci=4348420 pci=268 tac=1004 earfcn=1550 rsrp=-93 rsrq=-10 rssnr=-4 cqi=9</cellinfo>
                    <barometer xmlns:xsi="http://www.w3.org/2001/XMLSchema-instance">951.883</barometer>
                </extensions>
            </trkpt>
            <trkpt lat="37.630656" lon="126.967563">
                <ele>578.5</ele>
                <time>2020-04-15T04:03:20.000Z</time>
                <name>Position 246</name>
                <extensions>
                    <cellinfo xmlns:xsi="http://www.w3.org/2001/XMLSchema-instance">mcc=450 mnc=8 ci=4326402 pci=401 tac=124 earfcn=3743 rsrp=-76 rsrq=-6 rssnr=19 cqi=7</cellinfo>
                    <barometer xmlns:xsi="http://www.w3.org/2001/XMLSchema-instance">950.945</barometer>
                </extensions>
            </trkpt>
            <trkpt lat="37.63068" lon="126.967828">
                <ele>582.1</ele>
                <time>2020-04-15T04:03:39.000Z</time>
                <name>Position 247</name>
                <extensions>
                    <cellinfo xmlns:xsi="http://www.w3.org/2001/XMLSchema-instance">mcc=450 mnc=8 ci=4366605 pci=176 tac=36 earfcn=1550 rsrp=-78 rsrq=-4 rssnr=10 cqi=9</cellinfo>
                    <barometer xmlns:xsi="http://www.w3.org/2001/XMLSchema-instance">950.621</barometer>
                </extensions>
            </trkpt>
            <trkpt lat="37.630678" lon="126.968053">
                <ele>579.6</ele>
                <time>2020-04-15T04:04:06.000Z</time>
                <name>Position 248</name>
                <extensions>
                    <cellinfo xmlns:xsi="http://www.w3.org/2001/XMLSchema-instance">mcc=450 mnc=8 ci=4366605 pci=176 tac=36 earfcn=1550 rsrp=-86 rsrq=-7 rssnr=12 cqi=9</cellinfo>
                    <barometer xmlns:xsi="http://www.w3.org/2001/XMLSchema-instance">950.804</barometer>
                </extensions>
            </trkpt>
            <trkpt lat="37.630712" lon="126.968284">
                <ele>581.5</ele>
                <time>2020-04-15T04:04:44.000Z</time>
                <name>Position 249</name>
                <extensions>
                    <cellinfo xmlns:xsi="http://www.w3.org/2001/XMLSchema-instance">mcc=450 mnc=8 ci=4366605 pci=176 tac=36 earfcn=1550 rsrp=-92 rsrq=-9 rssnr=4 cqi=7</cellinfo>
                    <barometer xmlns:xsi="http://www.w3.org/2001/XMLSchema-instance">950.184</barometer>
                </extensions>
            </trkpt>
            <trkpt lat="37.630727" lon="126.968499">
                <ele>591.4</ele>
                <time>2020-04-15T04:05:37.000Z</time>
                <name>Position 250</name>
                <extensions>
                    <cellinfo xmlns:xsi="http://www.w3.org/2001/XMLSchema-instance">mcc=450 mnc=8 ci=4326405 pci=401 tac=124 earfcn=1550 rsrp=-90 rsrq=-15 rssnr=-4 cqi=8</cellinfo>
                    <barometer xmlns:xsi="http://www.w3.org/2001/XMLSchema-instance">949.032</barometer>
                </extensions>
            </trkpt>
            <trkpt lat="37.630802" lon="126.968719">
                <ele>597.1</ele>
                <time>2020-04-15T04:06:11.000Z</time>
                <name>Position 251</name>
                <extensions>
                    <cellinfo xmlns:xsi="http://www.w3.org/2001/XMLSchema-instance">mcc=450 mnc=8 ci=4326405 pci=401 tac=124 earfcn=1550 rsrp=-93 rsrq=-14 rssnr=-6 cqi=8</cellinfo>
                    <barometer xmlns:xsi="http://www.w3.org/2001/XMLSchema-instance">948.413</barometer>
                </extensions>
            </trkpt>
            <trkpt lat="37.630872" lon="126.968944">
                <ele>601.8</ele>
                <time>2020-04-15T04:06:52.000Z</time>
                <name>Position 252</name>
                <extensions>
                    <cellinfo xmlns:xsi="http://www.w3.org/2001/XMLSchema-instance">mcc=450 mnc=8 ci=4366605 pci=176 tac=36 earfcn=1550 rsrp=-92 rsrq=-14 rssnr=-11 cqi=8</cellinfo>
                    <barometer xmlns:xsi="http://www.w3.org/2001/XMLSchema-instance">947.794</barometer>
                </extensions>
            </trkpt>
            <trkpt lat="37.630962" lon="126.969151">
                <ele>605.5</ele>
                <time>2020-04-15T04:07:29.000Z</time>
                <name>Position 253</name>
                <extensions>
                    <cellinfo xmlns:xsi="http://www.w3.org/2001/XMLSchema-instance">mcc=450 mnc=8 ci=4326405 pci=401 tac=124 earfcn=1550 rsrp=-93 rsrq=-12 rssnr=0 cqi=6</cellinfo>
                    <barometer xmlns:xsi="http://www.w3.org/2001/XMLSchema-instance">947.139</barometer>
                </extensions>
            </trkpt>
            <trkpt lat="37.631054" lon="126.96932">
                <ele>614.4</ele>
                <time>2020-04-15T04:08:47.000Z</time>
                <name>Position 254</name>
                <extensions>
                    <cellinfo xmlns:xsi="http://www.w3.org/2001/XMLSchema-instance">mcc=450 mnc=8 ci=4326405 pci=401 tac=124 earfcn=1550 rsrp=-92 rsrq=-11 rssnr=-3 cqi=6</cellinfo>
                    <barometer xmlns:xsi="http://www.w3.org/2001/XMLSchema-instance">946.482</barometer>
                </extensions>
            </trkpt>
            <trkpt lat="37.63111" lon="126.969528">
                <ele>621.4</ele>
                <time>2020-04-15T04:09:38.000Z</time>
                <name>Position 255</name>
                <extensions>
                    <cellinfo xmlns:xsi="http://www.w3.org/2001/XMLSchema-instance">mcc=450 mnc=8 ci=4326405 pci=401 tac=124 earfcn=1550 rsrp=-95 rsrq=-13 rssnr=0 cqi=4</cellinfo>
                    <barometer xmlns:xsi="http://www.w3.org/2001/XMLSchema-instance">945.247</barometer>
                </extensions>
            </trkpt>
            <trkpt lat="37.631079" lon="126.969728">
                <ele>628.1</ele>
                <time>2020-04-15T04:10:17.000Z</time>
                <name>Position 256</name>
                <extensions>
                    <cellinfo xmlns:xsi="http://www.w3.org/2001/XMLSchema-instance">mcc=450 mnc=8 ci=4326405 pci=401 tac=124 earfcn=1550 rsrp=-92 rsrq=-14 rssnr=-3 cqi=7</cellinfo>
                    <barometer xmlns:xsi="http://www.w3.org/2001/XMLSchema-instance">944.465</barometer>
                </extensions>
            </trkpt>
            <trkpt lat="37.631098" lon="126.969918">
                <ele>637.4</ele>
                <time>2020-04-15T04:10:53.000Z</time>
                <name>Position 257</name>
                <extensions>
                    <cellinfo xmlns:xsi="http://www.w3.org/2001/XMLSchema-instance">mcc=450 mnc=8 ci=4326405 pci=401 tac=124 earfcn=1550 rsrp=-96 rsrq=-15 rssnr=-7 cqi=7</cellinfo>
                    <barometer xmlns:xsi="http://www.w3.org/2001/XMLSchema-instance">943.844</barometer>
                </extensions>
            </trkpt>
            <trkpt lat="37.631021" lon="126.970063">
                <ele>650.4</ele>
                <time>2020-04-15T04:11:59.000Z</time>
                <name>Position 258</name>
                <extensions>
                    <cellinfo xmlns:xsi="http://www.w3.org/2001/XMLSchema-instance">mcc=450 mnc=8 ci=4326405 pci=401 tac=124 earfcn=1550 rsrp=-84 rsrq=-11 rssnr=-2 cqi=7</cellinfo>
                    <barometer xmlns:xsi="http://www.w3.org/2001/XMLSchema-instance">942.505</barometer>
                </extensions>
            </trkpt>
            <trkpt lat="37.631136" lon="126.970185">
                <ele>663.4</ele>
                <time>2020-04-15T04:13:13.000Z</time>
                <name>Position 259</name>
                <extensions>
                    <cellinfo xmlns:xsi="http://www.w3.org/2001/XMLSchema-instance">mcc=450 mnc=8 ci=4326410 pci=237 tac=36 earfcn=3743 rsrp=-93 rsrq=-16 rssnr=1 cqi=3</cellinfo>
                    <barometer xmlns:xsi="http://www.w3.org/2001/XMLSchema-instance">941.078</barometer>
                </extensions>
            </trkpt>
            <trkpt lat="37.631244" lon="126.970292">
                <ele>683.0</ele>
                <time>2020-04-15T04:15:19.000Z</time>
                <name>Position 260</name>
                <extensions>
                    <cellinfo xmlns:xsi="http://www.w3.org/2001/XMLSchema-instance">mcc=450 mnc=8 ci=4326405 pci=401 tac=124 earfcn=1550 rsrp=-85 rsrq=-10 rssnr=2 cqi=5</cellinfo>
                    <barometer xmlns:xsi="http://www.w3.org/2001/XMLSchema-instance">938.684</barometer>
                </extensions>
            </trkpt>
            <trkpt lat="37.631399" lon="126.970314">
                <ele>692.7</ele>
                <time>2020-04-15T04:16:10.000Z</time>
                <name>Position 261</name>
                <extensions>
                    <cellinfo xmlns:xsi="http://www.w3.org/2001/XMLSchema-instance">mcc=450 mnc=8 ci=4348420 pci=268 tac=1004 earfcn=1550 rsrp=-79 rsrq=-10 rssnr=0 cqi=6</cellinfo>
                    <barometer xmlns:xsi="http://www.w3.org/2001/XMLSchema-instance">938.284</barometer>
                </extensions>
            </trkpt>
            <trkpt lat="37.63141" lon="126.970501">
                <ele>710.3</ele>
                <time>2020-04-15T04:18:01.000Z</time>
                <name>Position 262</name>
                <extensions>
                    <cellinfo xmlns:xsi="http://www.w3.org/2001/XMLSchema-instance">mcc=450 mnc=8 ci=4326402 pci=401 tac=124 earfcn=3743 rsrp=-85 rsrq=-12 rssnr=1 cqi=7</cellinfo>
                    <barometer xmlns:xsi="http://www.w3.org/2001/XMLSchema-instance">936.333</barometer>
                </extensions>
            </trkpt>
            <trkpt lat="37.631254" lon="126.970554">
                <ele>713.4</ele>
                <time>2020-04-15T04:18:31.000Z</time>
                <name>Position 263</name>
                <extensions>
                    <cellinfo xmlns:xsi="http://www.w3.org/2001/XMLSchema-instance">mcc=450 mnc=8 ci=4326402 pci=401 tac=124 earfcn=3743 rsrp=-82 rsrq=-13 rssnr=1 cqi=7</cellinfo>
                    <barometer xmlns:xsi="http://www.w3.org/2001/XMLSchema-instance">936.021</barometer>
                </extensions>
            </trkpt>
            <trkpt lat="37.631214" lon="126.970444">
                <ele>715.6</ele>
                <time>2020-04-15T04:21:11.000Z</time>
                <name>Position 264</name>
                <extensions>
                    <pause xmlns:xsi="http://www.w3.org/2001/XMLSchema-instance">start</pause>
                    <type xmlns:xsi="http://www.w3.org/2001/XMLSchema-instance">unknown</type>
                    <cellinfo xmlns:xsi="http://www.w3.org/2001/XMLSchema-instance">mcc=450 mnc=8 ci=4326405 pci=401 tac=124 earfcn=1550 rsrp=-93 rsrq=-8 rssnr=14 cqi=5</cellinfo>
                    <barometer xmlns:xsi="http://www.w3.org/2001/XMLSchema-instance">935.911</barometer>
                </extensions>
            </trkpt>
            <trkpt lat="37.631307" lon="126.970434">
                <ele>715.5</ele>
                <time>2020-04-15T04:21:25.000Z</time>
                <name>Position 265</name>
                <extensions>
                    <pause xmlns:xsi="http://www.w3.org/2001/XMLSchema-instance">end</pause>
                    <type xmlns:xsi="http://www.w3.org/2001/XMLSchema-instance">auto</type>
                    <cellinfo xmlns:xsi="http://www.w3.org/2001/XMLSchema-instance">mcc=450 mnc=8 ci=4326405 pci=401 tac=124 earfcn=1550 rsrp=-86 rsrq=-14 rssnr=-1 cqi=5</cellinfo>
                    <barometer xmlns:xsi="http://www.w3.org/2001/XMLSchema-instance">935.987</barometer>
                </extensions>
            </trkpt>
            <trkpt lat="37.6314" lon="126.970439">
                <ele>714.4</ele>
                <time>2020-04-15T04:21:35.000Z</time>
                <name>Position 266</name>
                <extensions>
                    <cellinfo xmlns:xsi="http://www.w3.org/2001/XMLSchema-instance">mcc=450 mnc=8 ci=4326405 pci=401 tac=124 earfcn=1550 rsrp=-89 rsrq=-11 rssnr=6 cqi=5</cellinfo>
                    <barometer xmlns:xsi="http://www.w3.org/2001/XMLSchema-instance">936.141</barometer>
                </extensions>
            </trkpt>
            <trkpt lat="37.631398" lon="126.970679">
                <ele>711.8</ele>
                <time>2020-04-15T04:21:54.000Z</time>
                <name>Position 267</name>
                <extensions>
                    <cellinfo xmlns:xsi="http://www.w3.org/2001/XMLSchema-instance">mcc=450 mnc=8 ci=4348420 pci=268 tac=1004 earfcn=1550 rsrp=-88 rsrq=-6 rssnr=8 cqi=10</cellinfo>
                    <barometer xmlns:xsi="http://www.w3.org/2001/XMLSchema-instance">936.565</barometer>
                </extensions>
            </trkpt>
            <trkpt lat="37.631538" lon="126.970884">
                <ele>712.7</ele>
                <time>2020-04-15T04:22:14.000Z</time>
                <name>Position 268</name>
                <extensions>
                    <cellinfo xmlns:xsi="http://www.w3.org/2001/XMLSchema-instance">mcc=450 mnc=8 ci=4326405 pci=401 tac=124 earfcn=1550 rsrp=-101 rsrq=-14 rssnr=-1 cqi=7</cellinfo>
                    <barometer xmlns:xsi="http://www.w3.org/2001/XMLSchema-instance">936.324</barometer>
                </extensions>
            </trkpt>
            <trkpt lat="37.631616" lon="126.971148">
                <ele>710.3</ele>
                <time>2020-04-15T04:22:36.000Z</time>
                <name>Position 269</name>
                <extensions>
                    <cellinfo xmlns:xsi="http://www.w3.org/2001/XMLSchema-instance">mcc=450 mnc=8 ci=4326405 pci=401 tac=124 earfcn=1550 rsrp=-99 rsrq=-13 rssnr=-1 cqi=8</cellinfo>
                    <barometer xmlns:xsi="http://www.w3.org/2001/XMLSchema-instance">936.486</barometer>
                </extensions>
            </trkpt>
            <trkpt lat="37.631778" lon="126.971271">
                <ele>714.5</ele>
                <time>2020-04-15T04:23:06.000Z</time>
                <name>Position 270</name>
                <extensions>
                    <cellinfo xmlns:xsi="http://www.w3.org/2001/XMLSchema-instance">mcc=450 mnc=8 ci=4326405 pci=401 tac=124 earfcn=1550 rsrp=-101 rsrq=-16 rssnr=-7 cqi=8</cellinfo>
                    <barometer xmlns:xsi="http://www.w3.org/2001/XMLSchema-instance">935.900</barometer>
                </extensions>
            </trkpt>
            <trkpt lat="37.631888" lon="126.971442">
                <ele>721.0</ele>
                <time>2020-04-15T04:23:39.000Z</time>
                <name>Position 271</name>
                <extensions>
                    <cellinfo xmlns:xsi="http://www.w3.org/2001/XMLSchema-instance">mcc=450 mnc=8 ci=4326402 pci=401 tac=124 earfcn=3743 rsrp=-87 rsrq=-12 rssnr=1 cqi=10</cellinfo>
                    <barometer xmlns:xsi="http://www.w3.org/2001/XMLSchema-instance">935.145</barometer>
                </extensions>
            </trkpt>
            <trkpt lat="37.632" lon="126.97162">
                <ele>727.8</ele>
                <time>2020-04-15T04:24:15.000Z</time>
                <name>Position 272</name>
                <extensions>
                    <cellinfo xmlns:xsi="http://www.w3.org/2001/XMLSchema-instance">mcc=450 mnc=8 ci=4326402 pci=401 tac=124 earfcn=3743 rsrp=-87 rsrq=-14 rssnr=-3 cqi=10</cellinfo>
                    <barometer xmlns:xsi="http://www.w3.org/2001/XMLSchema-instance">934.456</barometer>
                </extensions>
            </trkpt>
            <trkpt lat="37.6321" lon="126.971794">
                <ele>733.8</ele>
                <time>2020-04-15T04:24:54.000Z</time>
                <name>Position 273</name>
                <extensions>
                    <cellinfo xmlns:xsi="http://www.w3.org/2001/XMLSchema-instance">mcc=450 mnc=8 ci=4326402 pci=401 tac=124 earfcn=3743 rsrp=-88 rsrq=-12 rssnr=0 cqi=10</cellinfo>
                    <barometer xmlns:xsi="http://www.w3.org/2001/XMLSchema-instance">933.810</barometer>
                </extensions>
            </trkpt>
            <trkpt lat="37.632187" lon="126.972004">
                <ele>738.9</ele>
                <time>2020-04-15T04:25:31.000Z</time>
                <name>Position 274</name>
                <extensions>
                    <cellinfo xmlns:xsi="http://www.w3.org/2001/XMLSchema-instance">mcc=450 mnc=8 ci=4326405 pci=401 tac=124 earfcn=1550 rsrp=-102 rsrq=-19 rssnr=-5 cqi=10</cellinfo>
                    <barometer xmlns:xsi="http://www.w3.org/2001/XMLSchema-instance">933.150</barometer>
                </extensions>
            </trkpt>
            <trkpt lat="37.63213" lon="126.972206">
                <ele>743.0</ele>
                <time>2020-04-15T04:25:58.000Z</time>
                <name>Position 275</name>
                <extensions>
                    <cellinfo xmlns:xsi="http://www.w3.org/2001/XMLSchema-instance">mcc=450 mnc=8 ci=4326405 pci=401 tac=124 earfcn=1550 rsrp=-84 rsrq=-11 rssnr=5 cqi=9</cellinfo>
                    <barometer xmlns:xsi="http://www.w3.org/2001/XMLSchema-instance">932.559</barometer>
                </extensions>
            </trkpt>
            <trkpt lat="37.632147" lon="126.972257">
                <ele>745.8</ele>
                <time>2020-04-15T04:27:58.000Z</time>
                <name>Position 276</name>
                <extensions>
                    <pause xmlns:xsi="http://www.w3.org/2001/XMLSchema-instance">start</pause>
                    <type xmlns:xsi="http://www.w3.org/2001/XMLSchema-instance">unknown</type>
                    <cellinfo xmlns:xsi="http://www.w3.org/2001/XMLSchema-instance">mcc=450 mnc=8 ci=4326405 pci=401 tac=124 earfcn=1550 rsrp=-67 rsrq=-7 rssnr=14 cqi=7</cellinfo>
                    <barometer xmlns:xsi="http://www.w3.org/2001/XMLSchema-instance">932.549</barometer>
                </extensions>
            </trkpt>
            <trkpt lat="37.632201" lon="126.97237">
                <ele>744.2</ele>
                <time>2020-04-15T04:30:39.000Z</time>
                <name>Position 277</name>
                <extensions>
                    <pause xmlns:xsi="http://www.w3.org/2001/XMLSchema-instance">end</pause>
                    <type xmlns:xsi="http://www.w3.org/2001/XMLSchema-instance">auto</type>
                    <cellinfo xmlns:xsi="http://www.w3.org/2001/XMLSchema-instance">mcc=450 mnc=8 ci=4326405 pci=401 tac=124 earfcn=1550 rsrp=-80 rsrq=-7 rssnr=16 cqi=7</cellinfo>
                    <barometer xmlns:xsi="http://www.w3.org/2001/XMLSchema-instance">932.781</barometer>
                </extensions>
            </trkpt>
            <trkpt lat="37.632233" lon="126.972591">
                <ele>740.0</ele>
                <time>2020-04-15T04:31:04.000Z</time>
                <name>Position 278</name>
                <extensions>
                    <cellinfo xmlns:xsi="http://www.w3.org/2001/XMLSchema-instance">mcc=450 mnc=8 ci=4326405 pci=401 tac=124 earfcn=1550 rsrp=-86 rsrq=-9 rssnr=6 cqi=7</cellinfo>
                    <barometer xmlns:xsi="http://www.w3.org/2001/XMLSchema-instance">933.555</barometer>
                </extensions>
            </trkpt>
            <trkpt lat="37.632118" lon="126.972756">
                <ele>734.3</ele>
                <time>2020-04-15T04:31:29.000Z</time>
                <name>Position 279</name>
                <extensions>
                    <cellinfo xmlns:xsi="http://www.w3.org/2001/XMLSchema-instance">mcc=450 mnc=8 ci=4326405 pci=401 tac=124 earfcn=1550 rsrp=-71 rsrq=-7 rssnr=13 cqi=7</cellinfo>
                    <barometer xmlns:xsi="http://www.w3.org/2001/XMLSchema-instance">934.537</barometer>
                </extensions>
            </trkpt>
            <trkpt lat="37.632034" lon="126.97297">
                <ele>724.9</ele>
                <time>2020-04-15T04:31:55.000Z</time>
                <name>Position 280</name>
                <extensions>
                    <cellinfo xmlns:xsi="http://www.w3.org/2001/XMLSchema-instance">mcc=450 mnc=8 ci=4326405 pci=401 tac=124 earfcn=1550 rsrp=-59 rsrq=-8 rssnr=31 cqi=7</cellinfo>
                    <barometer xmlns:xsi="http://www.w3.org/2001/XMLSchema-instance">935.640</barometer>
                </extensions>
            </trkpt>
            <trkpt lat="37.631947" lon="126.973162">
                <ele>715.0</ele>
                <time>2020-04-15T04:32:26.000Z</time>
                <name>Position 281</name>
                <extensions>
                    <cellinfo xmlns:xsi="http://www.w3.org/2001/XMLSchema-instance">mcc=450 mnc=8 ci=4326405 pci=401 tac=124 earfcn=1550 rsrp=-72 rsrq=-6 rssnr=23 cqi=7</cellinfo>
                    <barometer xmlns:xsi="http://www.w3.org/2001/XMLSchema-instance">936.398</barometer>
                </extensions>
            </trkpt>
            <trkpt lat="37.63194" lon="126.973382">
                <ele>706.3</ele>
                <time>2020-04-15T04:32:52.000Z</time>
                <name>Position 282</name>
                <extensions>
                    <cellinfo xmlns:xsi="http://www.w3.org/2001/XMLSchema-instance">mcc=450 mnc=8 ci=4326405 pci=401 tac=124 earfcn=1550 rsrp=-78 rsrq=-6 rssnr=18 cqi=7</cellinfo>
                    <barometer xmlns:xsi="http://www.w3.org/2001/XMLSchema-instance">937.422</barometer>
                </extensions>
            </trkpt>
            <trkpt lat="37.63194" lon="126.973632">
                <ele>699.3</ele>
                <time>2020-04-15T04:33:17.000Z</time>
                <name>Position 283</name>
                <extensions>
                    <cellinfo xmlns:xsi="http://www.w3.org/2001/XMLSchema-instance">mcc=450 mnc=8 ci=4326405 pci=401 tac=124 earfcn=1550 rsrp=-75 rsrq=-7 rssnr=19 cqi=7</cellinfo>
                    <barometer xmlns:xsi="http://www.w3.org/2001/XMLSchema-instance">938.246</barometer>
                </extensions>
            </trkpt>
            <trkpt lat="37.631925" lon="126.973877">
                <ele>695.5</ele>
                <time>2020-04-15T04:33:32.000Z</time>
                <name>Position 284</name>
                <extensions>
                    <cellinfo xmlns:xsi="http://www.w3.org/2001/XMLSchema-instance">mcc=450 mnc=8 ci=4326405 pci=401 tac=124 earfcn=1550 rsrp=-71 rsrq=-8 rssnr=29 cqi=7</cellinfo>
                    <barometer xmlns:xsi="http://www.w3.org/2001/XMLSchema-instance">938.679</barometer>
                </extensions>
            </trkpt>
            <trkpt lat="37.632004" lon="126.974105">
                <ele>691.0</ele>
                <time>2020-04-15T04:33:51.000Z</time>
                <name>Position 285</name>
                <extensions>
                    <cellinfo xmlns:xsi="http://www.w3.org/2001/XMLSchema-instance">mcc=450 mnc=8 ci=4326405 pci=401 tac=124 earfcn=1550 rsrp=-73 rsrq=-7 rssnr=31 cqi=7</cellinfo>
                    <barometer xmlns:xsi="http://www.w3.org/2001/XMLSchema-instance">938.959</barometer>
                </extensions>
            </trkpt>
            <trkpt lat="37.631983" lon="126.97433">
                <ele>688.2</ele>
                <time>2020-04-15T04:34:07.000Z</time>
                <name>Position 286</name>
                <extensions>
                    <cellinfo xmlns:xsi="http://www.w3.org/2001/XMLSchema-instance">mcc=450 mnc=8 ci=4326405 pci=401 tac=124 earfcn=1550 rsrp=-79 rsrq=-9 rssnr=25 cqi=7</cellinfo>
                    <barometer xmlns:xsi="http://www.w3.org/2001/XMLSchema-instance">939.406</barometer>
                </extensions>
            </trkpt>
            <trkpt lat="37.631949" lon="126.974572">
                <ele>682.9</ele>
                <time>2020-04-15T04:34:31.000Z</time>
                <name>Position 287</name>
                <extensions>
                    <cellinfo xmlns:xsi="http://www.w3.org/2001/XMLSchema-instance">mcc=450 mnc=8 ci=4326405 pci=401 tac=124 earfcn=1550 rsrp=-89 rsrq=-7 rssnr=16 cqi=7</cellinfo>
                    <barometer xmlns:xsi="http://www.w3.org/2001/XMLSchema-instance">939.403</barometer>
                </extensions>
            </trkpt>
            <trkpt lat="37.631812" lon="126.974564">
                <ele>688.6</ele>
                <time>2020-04-15T04:35:03.000Z</time>
                <name>Position 288</name>
                <extensions>
                    <cellinfo xmlns:xsi="http://www.w3.org/2001/XMLSchema-instance">mcc=450 mnc=8 ci=4326405 pci=401 tac=124 earfcn=1550 rsrp=-84 rsrq=-8 rssnr=17 cqi=7</cellinfo>
                    <barometer xmlns:xsi="http://www.w3.org/2001/XMLSchema-instance">938.450</barometer>
                </extensions>
            </trkpt>
            <trkpt lat="37.63168" lon="126.974722">
                <ele>696.4</ele>
                <time>2020-04-15T04:35:44.000Z</time>
                <name>Position 289</name>
                <extensions>
                    <cellinfo xmlns:xsi="http://www.w3.org/2001/XMLSchema-instance">mcc=450 mnc=8 ci=4326405 pci=401 tac=124 earfcn=1550 rsrp=-92 rsrq=-8 rssnr=11 cqi=7</cellinfo>
                    <barometer xmlns:xsi="http://www.w3.org/2001/XMLSchema-instance">937.189</barometer>
                </extensions>
            </trkpt>
            <trkpt lat="37.631526" lon="126.974824">
                <ele>703.5</ele>
                <time>2020-04-15T04:36:07.000Z</time>
                <name>Position 290</name>
                <extensions>
                    <cellinfo xmlns:xsi="http://www.w3.org/2001/XMLSchema-instance">mcc=450 mnc=8 ci=4326405 pci=401 tac=124 earfcn=1550 rsrp=-95 rsrq=-9 rssnr=4 cqi=7</cellinfo>
                    <barometer xmlns:xsi="http://www.w3.org/2001/XMLSchema-instance">936.691</barometer>
                </extensions>
            </trkpt>
            <trkpt lat="37.631399" lon="126.974981">
                <ele>708.4</ele>
                <time>2020-04-15T04:36:34.000Z</time>
                <name>Position 291</name>
                <extensions>
                    <cellinfo xmlns:xsi="http://www.w3.org/2001/XMLSchema-instance">mcc=450 mnc=8 ci=4326405 pci=401 tac=124 earfcn=1550 rsrp=-97 rsrq=-10 rssnr=1 cqi=9</cellinfo>
                    <barometer xmlns:xsi="http://www.w3.org/2001/XMLSchema-instance">936.036</barometer>
                </extensions>
            </trkpt>
            <trkpt lat="37.63135" lon="126.975202">
                <ele>710.9</ele>
                <time>2020-04-15T04:37:02.000Z</time>
                <name>Position 292</name>
                <extensions>
                    <cellinfo xmlns:xsi="http://www.w3.org/2001/XMLSchema-instance">mcc=450 mnc=8 ci=4326405 pci=401 tac=124 earfcn=1550 rsrp=-99 rsrq=-13 rssnr=-3 cqi=9</cellinfo>
                    <barometer xmlns:xsi="http://www.w3.org/2001/XMLSchema-instance">935.490</barometer>
                </extensions>
            </trkpt>
            <trkpt lat="37.631459" lon="126.975392">
                <ele>716.1</ele>
                <time>2020-04-15T04:37:18.000Z</time>
                <name>Position 293</name>
                <extensions>
                    <cellinfo xmlns:xsi="http://www.w3.org/2001/XMLSchema-instance">mcc=450 mnc=8 ci=4326405 pci=401 tac=124 earfcn=1550 rsrp=-95 rsrq=-11 rssnr=2 cqi=9</cellinfo>
                    <barometer xmlns:xsi="http://www.w3.org/2001/XMLSchema-instance">935.317</barometer>
                </extensions>
            </trkpt>
            <trkpt lat="37.631624" lon="126.975562">
                <ele>716.9</ele>
                <time>2020-04-15T04:37:37.000Z</time>
                <name>Position 294</name>
                <extensions>
                    <cellinfo xmlns:xsi="http://www.w3.org/2001/XMLSchema-instance">mcc=450 mnc=8 ci=4326405 pci=401 tac=124 earfcn=1550 rsrp=-96 rsrq=-11 rssnr=-2 cqi=9</cellinfo>
                    <barometer xmlns:xsi="http://www.w3.org/2001/XMLSchema-instance">935.496</barometer>
                </extensions>
            </trkpt>
            <trkpt lat="37.63178" lon="126.975741">
                <ele>715.1</ele>
                <time>2020-04-15T04:37:56.000Z</time>
                <name>Position 295</name>
                <extensions>
                    <cellinfo xmlns:xsi="http://www.w3.org/2001/XMLSchema-instance">mcc=450 mnc=8 ci=4345856 pci=98 tac=1004 earfcn=1550 rsrp=-100 rsrq=-10 rssnr=1 cqi=7</cellinfo>
                    <barometer xmlns:xsi="http://www.w3.org/2001/XMLSchema-instance">936.299</barometer>
                </extensions>
            </trkpt>
            <trkpt lat="37.631858" lon="126.975942">
                <ele>711.9</ele>
                <time>2020-04-15T04:38:14.000Z</time>
                <name>Position 296</name>
                <extensions>
                    <cellinfo xmlns:xsi="http://www.w3.org/2001/XMLSchema-instance">mcc=450 mnc=8 ci=4348416 pci=105 tac=1004 earfcn=3743 rsrp=-86 rsrq=-11 rssnr=0 cqi=7</cellinfo>
                    <barometer xmlns:xsi="http://www.w3.org/2001/XMLSchema-instance">936.707</barometer>
                </extensions>
            </trkpt>
            <trkpt lat="37.631975" lon="126.976126">
                <ele>707.2</ele>
                <time>2020-04-15T04:38:33.000Z</time>
                <name>Position 297</name>
                <extensions>
                    <cellinfo xmlns:xsi="http://www.w3.org/2001/XMLSchema-instance">mcc=450 mnc=8 ci=5342976 pci=103 tac=124 earfcn=3743 rsrp=-83 rsrq=-13 rssnr=-5 cqi=4</cellinfo>
                    <barometer xmlns:xsi="http://www.w3.org/2001/XMLSchema-instance">937.203</barometer>
                </extensions>
            </trkpt>
            <trkpt lat="37.632134" lon="126.976252">
                <ele>702.1</ele>
                <time>2020-04-15T04:38:54.000Z</time>
                <name>Position 298</name>
                <extensions>
                    <cellinfo xmlns:xsi="http://www.w3.org/2001/XMLSchema-instance">mcc=450 mnc=8 ci=4348416 pci=105 tac=1004 earfcn=3743 rsrp=-84 rsrq=-11 rssnr=-2 cqi=8</cellinfo>
                    <barometer xmlns:xsi="http://www.w3.org/2001/XMLSchema-instance">938.144</barometer>
                </extensions>
            </trkpt>
            <trkpt lat="37.632283" lon="126.976373">
                <ele>695.7</ele>
                <time>2020-04-15T04:39:15.000Z</time>
                <name>Position 299</name>
                <extensions>
                    <cellinfo xmlns:xsi="http://www.w3.org/2001/XMLSchema-instance">mcc=450 mnc=8 ci=4348416 pci=105 tac=1004 earfcn=3743 rsrp=-86 rsrq=-11 rssnr=4 cqi=8</cellinfo>
                    <barometer xmlns:xsi="http://www.w3.org/2001/XMLSchema-instance">938.993</barometer>
                </extensions>
            </trkpt>
            <trkpt lat="37.632395" lon="126.976573">
                <ele>690.7</ele>
                <time>2020-04-15T04:39:34.000Z</time>
                <name>Position 300</name>
                <extensions>
                    <cellinfo xmlns:xsi="http://www.w3.org/2001/XMLSchema-instance">mcc=450 mnc=8 ci=4348416 pci=105 tac=1004 earfcn=3743 rsrp=-86 rsrq=-10 rssnr=3 cqi=8</cellinfo>
                    <barometer xmlns:xsi="http://www.w3.org/2001/XMLSchema-instance">939.727</barometer>
                </extensions>
            </trkpt>
            <trkpt lat="37.6326" lon="126.976744">
                <ele>685.1</ele>
                <time>2020-04-15T04:39:54.000Z</time>
                <name>Position 301</name>
                <extensions>
                    <cellinfo xmlns:xsi="http://www.w3.org/2001/XMLSchema-instance">mcc=450 mnc=8 ci=4348416 pci=105 tac=1004 earfcn=3743 rsrp=-85 rsrq=-9 rssnr=5 cqi=8</cellinfo>
                    <barometer xmlns:xsi="http://www.w3.org/2001/XMLSchema-instance">940.110</barometer>
                </extensions>
            </trkpt>
            <trkpt lat="37.632748" lon="126.976867">
                <ele>679.7</ele>
                <time>2020-04-15T04:40:14.000Z</time>
                <name>Position 302</name>
                <extensions>
                    <cellinfo xmlns:xsi="http://www.w3.org/2001/XMLSchema-instance">mcc=450 mnc=8 ci=4348416 pci=105 tac=1004 earfcn=3743 rsrp=-83 rsrq=-12 rssnr=-4 cqi=8</cellinfo>
                    <barometer xmlns:xsi="http://www.w3.org/2001/XMLSchema-instance">940.652</barometer>
                </extensions>
            </trkpt>
            <trkpt lat="37.632945" lon="126.976945">
                <ele>672.8</ele>
                <time>2020-04-15T04:40:38.000Z</time>
                <name>Position 303</name>
                <extensions>
                    <cellinfo xmlns:xsi="http://www.w3.org/2001/XMLSchema-instance">mcc=450 mnc=8 ci=4348416 pci=105 tac=1004 earfcn=3743 rsrp=-82 rsrq=-9 rssnr=4 cqi=8</cellinfo>
                    <barometer xmlns:xsi="http://www.w3.org/2001/XMLSchema-instance">941.592</barometer>
                </extensions>
            </trkpt>
            <trkpt lat="37.633092" lon="126.977019">
                <ele>663.1</ele>
                <time>2020-04-15T04:41:01.000Z</time>
                <name>Position 304</name>
                <extensions>
                    <cellinfo xmlns:xsi="http://www.w3.org/2001/XMLSchema-instance">mcc=450 mnc=8 ci=4348416 pci=105 tac=1004 earfcn=3743 rsrp=-84 rsrq=-12 rssnr=-1 cqi=8</cellinfo>
                    <barometer xmlns:xsi="http://www.w3.org/2001/XMLSchema-instance">942.506</barometer>
                </extensions>
            </trkpt>
            <trkpt lat="37.633215" lon="126.977017">
                <ele>653.6</ele>
                <time>2020-04-15T04:41:31.000Z</time>
                <name>Position 305</name>
                <extensions>
                    <cellinfo xmlns:xsi="http://www.w3.org/2001/XMLSchema-instance">mcc=450 mnc=8 ci=4348416 pci=105 tac=1004 earfcn=3743 rsrp=-87 rsrq=-9 rssnr=16 cqi=8</cellinfo>
                    <barometer xmlns:xsi="http://www.w3.org/2001/XMLSchema-instance">943.728</barometer>
                </extensions>
            </trkpt>
            <trkpt lat="37.633323" lon="126.977143">
                <ele>647.4</ele>
                <time>2020-04-15T04:42:29.000Z</time>
                <name>Position 306</name>
                <extensions>
                    <cellinfo xmlns:xsi="http://www.w3.org/2001/XMLSchema-instance">mcc=450 mnc=8 ci=4326405 pci=401 tac=124 earfcn=1550 rsrp=-91 rsrq=-8 rssnr=12 cqi=8</cellinfo>
                    <barometer xmlns:xsi="http://www.w3.org/2001/XMLSchema-instance">943.674</barometer>
                </extensions>
            </trkpt>
            <trkpt lat="37.63336" lon="126.977176">
                <ele>648.3</ele>
                <time>2020-04-15T04:44:28.000Z</time>
                <name>Position 307</name>
                <extensions>
                    <pause xmlns:xsi="http://www.w3.org/2001/XMLSchema-instance">start</pause>
                    <type xmlns:xsi="http://www.w3.org/2001/XMLSchema-instance">unknown</type>
                    <cellinfo xmlns:xsi="http://www.w3.org/2001/XMLSchema-instance">mcc=450 mnc=8 ci=4326405 pci=401 tac=124 earfcn=1550 rsrp=-85 rsrq=-8 rssnr=18 cqi=14</cellinfo>
                    <barometer xmlns:xsi="http://www.w3.org/2001/XMLSchema-instance">943.362</barometer>
                </extensions>
            </trkpt>
            <trkpt lat="37.633399" lon="126.977296">
                <ele>647.4</ele>
                <time>2020-04-15T04:46:51.000Z</time>
                <name>Position 308</name>
                <extensions>
                    <pause xmlns:xsi="http://www.w3.org/2001/XMLSchema-instance">end</pause>
                    <type xmlns:xsi="http://www.w3.org/2001/XMLSchema-instance">auto</type>
                    <cellinfo xmlns:xsi="http://www.w3.org/2001/XMLSchema-instance">mcc=450 mnc=8 ci=4326405 pci=401 tac=124 earfcn=1550 rsrp=-84 rsrq=-9 rssnr=7 cqi=14</cellinfo>
                    <barometer xmlns:xsi="http://www.w3.org/2001/XMLSchema-instance">942.477</barometer>
                </extensions>
            </trkpt>
            <trkpt lat="37.633521" lon="126.977573">
                <ele>654.5</ele>
                <time>2020-04-15T04:47:29.000Z</time>
                <name>Position 309</name>
                <extensions>
                    <cellinfo xmlns:xsi="http://www.w3.org/2001/XMLSchema-instance">mcc=450 mnc=8 ci=4326405 pci=401 tac=124 earfcn=1550 rsrp=-93 rsrq=-11 rssnr=1 cqi=8</cellinfo>
                    <barometer xmlns:xsi="http://www.w3.org/2001/XMLSchema-instance">941.608</barometer>
                </extensions>
            </trkpt>
            <trkpt lat="37.633635" lon="126.977808">
                <ele>658.9</ele>
                <time>2020-04-15T04:47:43.000Z</time>
                <name>Position 310</name>
                <extensions>
                    <cellinfo xmlns:xsi="http://www.w3.org/2001/XMLSchema-instance">mcc=450 mnc=8 ci=4326405 pci=401 tac=124 earfcn=1550 rsrp=-93 rsrq=-10 rssnr=1 cqi=8</cellinfo>
                    <barometer xmlns:xsi="http://www.w3.org/2001/XMLSchema-instance">941.677</barometer>
                </extensions>
            </trkpt>
            <trkpt lat="37.633726" lon="126.978058">
                <ele>662.5</ele>
                <time>2020-04-15T04:47:58.000Z</time>
                <name>Position 311</name>
                <extensions>
                    <cellinfo xmlns:xsi="http://www.w3.org/2001/XMLSchema-instance">mcc=450 mnc=8 ci=4348419 pci=105 tac=1004 earfcn=1550 rsrp=-90 rsrq=-9 rssnr=0 cqi=10</cellinfo>
                    <barometer xmlns:xsi="http://www.w3.org/2001/XMLSchema-instance">941.528</barometer>
                </extensions>
            </trkpt>
            <trkpt lat="37.633798" lon="126.978301">
                <ele>666.2</ele>
                <time>2020-04-15T04:48:17.000Z</time>
                <name>Position 312</name>
                <extensions>
                    <cellinfo xmlns:xsi="http://www.w3.org/2001/XMLSchema-instance">mcc=450 mnc=8 ci=4348419 pci=105 tac=1004 earfcn=1550 rsrp=-93 rsrq=-12 rssnr=5 cqi=10</cellinfo>
                    <barometer xmlns:xsi="http://www.w3.org/2001/XMLSchema-instance">941.169</barometer>
                </extensions>
            </trkpt>
            <trkpt lat="37.633785" lon="126.978527">
                <ele>663.7</ele>
                <time>2020-04-15T04:48:40.000Z</time>
                <name>Position 313</name>
                <extensions>
                    <cellinfo xmlns:xsi="http://www.w3.org/2001/XMLSchema-instance">mcc=450 mnc=8 ci=5342979 pci=103 tac=124 earfcn=1550 rsrp=-83 rsrq=-13 rssnr=4 cqi=10</cellinfo>
                    <barometer xmlns:xsi="http://www.w3.org/2001/XMLSchema-instance">941.846</barometer>
                </extensions>
            </trkpt>
            <trkpt lat="37.633836" lon="126.978761">
                <ele>658.0</ele>
                <time>2020-04-15T04:49:16.000Z</time>
                <name>Position 314</name>
                <extensions>
                    <cellinfo xmlns:xsi="http://www.w3.org/2001/XMLSchema-instance">mcc=450 mnc=8 ci=4348416 pci=105 tac=1004 earfcn=3743 rsrp=-78 rsrq=-8 rssnr=9 cqi=10</cellinfo>
                    <barometer xmlns:xsi="http://www.w3.org/2001/XMLSchema-instance">942.917</barometer>
                </extensions>
            </trkpt>
            <trkpt lat="37.633826" lon="126.979009">
                <ele>655.2</ele>
                <time>2020-04-15T04:49:46.000Z</time>
                <name>Position 315</name>
                <extensions>
                    <cellinfo xmlns:xsi="http://www.w3.org/2001/XMLSchema-instance">mcc=450 mnc=8 ci=4326405 pci=401 tac=124 earfcn=1550 rsrp=-91 rsrq=-9 rssnr=7 cqi=11</cellinfo>
                    <barometer xmlns:xsi="http://www.w3.org/2001/XMLSchema-instance">942.902</barometer>
                </extensions>
            </trkpt>
            <trkpt lat="37.633931" lon="126.979213">
                <ele>659.7</ele>
                <time>2020-04-15T04:50:32.000Z</time>
                <name>Position 316</name>
                <extensions>
                    <cellinfo xmlns:xsi="http://www.w3.org/2001/XMLSchema-instance">mcc=450 mnc=8 ci=4326405 pci=401 tac=124 earfcn=1550 rsrp=-91 rsrq=-9 rssnr=1 cqi=11</cellinfo>
                    <barometer xmlns:xsi="http://www.w3.org/2001/XMLSchema-instance">942.157</barometer>
                </extensions>
            </trkpt>
            <trkpt lat="37.634028" lon="126.979434">
                <ele>657.0</ele>
                <time>2020-04-15T04:50:52.000Z</time>
                <name>Position 317</name>
                <extensions>
                    <cellinfo xmlns:xsi="http://www.w3.org/2001/XMLSchema-instance">mcc=450 mnc=8 ci=4345856 pci=98 tac=1004 earfcn=1550 rsrp=-97 rsrq=-13 rssnr=-2 cqi=7</cellinfo>
                    <barometer xmlns:xsi="http://www.w3.org/2001/XMLSchema-instance">942.331</barometer>
                </extensions>
            </trkpt>
            <trkpt lat="37.634139" lon="126.979668">
                <ele>656.3</ele>
                <time>2020-04-15T04:51:10.000Z</time>
                <name>Position 318</name>
                <extensions>
                    <cellinfo xmlns:xsi="http://www.w3.org/2001/XMLSchema-instance">mcc=450 mnc=8 ci=4348416 pci=105 tac=1004 earfcn=3743 rsrp=-85 rsrq=-7 rssnr=7 cqi=7</cellinfo>
                    <barometer xmlns:xsi="http://www.w3.org/2001/XMLSchema-instance">942.299</barometer>
                </extensions>
            </trkpt>
            <trkpt lat="37.634236" lon="126.979882">
                <ele>652.9</ele>
                <time>2020-04-15T04:52:42.000Z</time>
                <name>Position 319</name>
                <extensions>
                    <cellinfo xmlns:xsi="http://www.w3.org/2001/XMLSchema-instance">mcc=450 mnc=8 ci=4348416 pci=105 tac=1004 earfcn=3743 rsrp=-80 rsrq=-10 rssnr=4 cqi=7</cellinfo>
                    <barometer xmlns:xsi="http://www.w3.org/2001/XMLSchema-instance">943.219</barometer>
                </extensions>
            </trkpt>
            <trkpt lat="37.634348" lon="126.980069">
                <ele>642.7</ele>
                <time>2020-04-15T04:53:11.000Z</time>
                <name>Position 320</name>
                <extensions>
                    <cellinfo xmlns:xsi="http://www.w3.org/2001/XMLSchema-instance">mcc=450 mnc=8 ci=4348416 pci=105 tac=1004 earfcn=3743 rsrp=-81 rsrq=-8 rssnr=7 cqi=7</cellinfo>
                    <barometer xmlns:xsi="http://www.w3.org/2001/XMLSchema-instance">944.203</barometer>
                </extensions>
            </trkpt>
            <trkpt lat="37.63447" lon="126.980261">
                <ele>639.0</ele>
                <time>2020-04-15T04:53:34.000Z</time>
                <name>Position 321</name>
                <extensions>
                    <cellinfo xmlns:xsi="http://www.w3.org/2001/XMLSchema-instance">mcc=450 mnc=8 ci=4348416 pci=105 tac=1004 earfcn=3743 rsrp=-87 rsrq=-12 rssnr=-2 cqi=7</cellinfo>
                    <barometer xmlns:xsi="http://www.w3.org/2001/XMLSchema-instance">944.800</barometer>
                </extensions>
            </trkpt>
            <trkpt lat="37.634609" lon="126.980442">
                <ele>639.4</ele>
                <time>2020-04-15T04:53:53.000Z</time>
                <name>Position 322</name>
                <extensions>
                    <cellinfo xmlns:xsi="http://www.w3.org/2001/XMLSchema-instance">mcc=450 mnc=8 ci=4348416 pci=105 tac=1004 earfcn=3743 rsrp=-89 rsrq=-11 rssnr=3 cqi=7</cellinfo>
                    <barometer xmlns:xsi="http://www.w3.org/2001/XMLSchema-instance">944.457</barometer>
                </extensions>
            </trkpt>
            <trkpt lat="37.634752" lon="126.980601">
                <ele>640.1</ele>
                <time>2020-04-15T04:54:07.000Z</time>
                <name>Position 323</name>
                <extensions>
                    <cellinfo xmlns:xsi="http://www.w3.org/2001/XMLSchema-instance">mcc=450 mnc=8 ci=4348416 pci=105 tac=1004 earfcn=3743 rsrp=-82 rsrq=-8 rssnr=4 cqi=7</cellinfo>
                    <barometer xmlns:xsi="http://www.w3.org/2001/XMLSchema-instance">944.284</barometer>
                </extensions>
            </trkpt>
            <trkpt lat="37.634696" lon="126.980816">
                <ele>639.4</ele>
                <time>2020-04-15T04:54:25.000Z</time>
                <name>Position 324</name>
                <extensions>
                    <cellinfo xmlns:xsi="http://www.w3.org/2001/XMLSchema-instance">mcc=450 mnc=8 ci=4348416 pci=105 tac=1004 earfcn=3743 rsrp=-88 rsrq=-8 rssnr=3 cqi=7</cellinfo>
                    <barometer xmlns:xsi="http://www.w3.org/2001/XMLSchema-instance">944.437</barometer>
                </extensions>
            </trkpt>
            <trkpt lat="37.634767" lon="126.981079">
                <ele>637.1</ele>
                <time>2020-04-15T04:54:45.000Z</time>
                <name>Position 325</name>
                <extensions>
                    <cellinfo xmlns:xsi="http://www.w3.org/2001/XMLSchema-instance">mcc=450 mnc=8 ci=4348416 pci=105 tac=1004 earfcn=3743 rsrp=-86 rsrq=-9 rssnr=10 cqi=7</cellinfo>
                    <barometer xmlns:xsi="http://www.w3.org/2001/XMLSchema-instance">944.615</barometer>
                </extensions>
            </trkpt>
            <trkpt lat="37.634739" lon="126.981307">
                <ele>641.9</ele>
                <time>2020-04-15T04:55:14.000Z</time>
                <name>Position 326</name>
                <extensions>
                    <cellinfo xmlns:xsi="http://www.w3.org/2001/XMLSchema-instance">mcc=450 mnc=8 ci=4348416 pci=105 tac=1004 earfcn=3743 rsrp=-86 rsrq=-7 rssnr=6 cqi=7</cellinfo>
                    <barometer xmlns:xsi="http://www.w3.org/2001/XMLSchema-instance">943.742</barometer>
                </extensions>
            </trkpt>
            <trkpt lat="37.634735" lon="126.981538">
                <ele>647.6</ele>
                <time>2020-04-15T04:55:50.000Z</time>
                <name>Position 327</name>
                <extensions>
                    <cellinfo xmlns:xsi="http://www.w3.org/2001/XMLSchema-instance">mcc=450 mnc=8 ci=4348416 pci=105 tac=1004 earfcn=3743 rsrp=-88 rsrq=-11 rssnr=-2 cqi=7</cellinfo>
                    <barometer xmlns:xsi="http://www.w3.org/2001/XMLSchema-instance">943.008</barometer>
                </extensions>
            </trkpt>
            <trkpt lat="37.634851" lon="126.981728">
                <ele>645.7</ele>
                <time>2020-04-15T04:56:18.000Z</time>
                <name>Position 328</name>
                <extensions>
                    <cellinfo xmlns:xsi="http://www.w3.org/2001/XMLSchema-instance">mcc=450 mnc=8 ci=4348416 pci=105 tac=1004 earfcn=3743 rsrp=-85 rsrq=-9 rssnr=7 cqi=7</cellinfo>
                    <barometer xmlns:xsi="http://www.w3.org/2001/XMLSchema-instance">943.688</barometer>
                </extensions>
            </trkpt>
            <trkpt lat="37.635007" lon="126.981879">
                <ele>642.0</ele>
                <time>2020-04-15T04:56:40.000Z</time>
                <name>Position 329</name>
                <extensions>
                    <cellinfo xmlns:xsi="http://www.w3.org/2001/XMLSchema-instance">mcc=450 mnc=8 ci=4348416 pci=105 tac=1004 earfcn=3743 rsrp=-83 rsrq=-10 rssnr=1 cqi=7</cellinfo>
                    <barometer xmlns:xsi="http://www.w3.org/2001/XMLSchema-instance">944.247</barometer>
                </extensions>
            </trkpt>
            <trkpt lat="37.635164" lon="126.981964">
                <ele>631.4</ele>
                <time>2020-04-15T04:57:20.000Z</time>
                <name>Position 330</name>
                <extensions>
                    <cellinfo xmlns:xsi="http://www.w3.org/2001/XMLSchema-instance">mcc=450 mnc=8 ci=4348416 pci=105 tac=1004 earfcn=3743 rsrp=-82 rsrq=-7 rssnr=7 cqi=7</cellinfo>
                    <barometer xmlns:xsi="http://www.w3.org/2001/XMLSchema-instance">945.491</barometer>
                </extensions>
            </trkpt>
            <trkpt lat="37.635338" lon="126.982062">
                <ele>625.1</ele>
                <time>2020-04-15T04:57:47.000Z</time>
                <name>Position 331</name>
                <extensions>
                    <cellinfo xmlns:xsi="http://www.w3.org/2001/XMLSchema-instance">mcc=450 mnc=8 ci=4348416 pci=105 tac=1004 earfcn=3743 rsrp=-84 rsrq=-10 rssnr=5 cqi=7</cellinfo>
                    <barometer xmlns:xsi="http://www.w3.org/2001/XMLSchema-instance">946.227</barometer>
                </extensions>
            </trkpt>
            <trkpt lat="37.635482" lon="126.982241">
                <ele>622.1</ele>
                <time>2020-04-15T04:58:09.000Z</time>
                <name>Position 332</name>
                <extensions>
                    <cellinfo xmlns:xsi="http://www.w3.org/2001/XMLSchema-instance">mcc=450 mnc=8 ci=4348416 pci=105 tac=1004 earfcn=3743 rsrp=-84 rsrq=-11 rssnr=4 cqi=7</cellinfo>
                    <barometer xmlns:xsi="http://www.w3.org/2001/XMLSchema-instance">946.842</barometer>
                </extensions>
            </trkpt>
            <trkpt lat="37.635647" lon="126.982349">
                <ele>617.8</ele>
                <time>2020-04-15T04:58:29.000Z</time>
                <name>Position 333</name>
                <extensions>
                    <cellinfo xmlns:xsi="http://www.w3.org/2001/XMLSchema-instance">mcc=450 mnc=8 ci=4348416 pci=105 tac=1004 earfcn=3743 rsrp=-84 rsrq=-9 rssnr=11 cqi=7</cellinfo>
                    <barometer xmlns:xsi="http://www.w3.org/2001/XMLSchema-instance">947.366</barometer>
                </extensions>
            </trkpt>
            <trkpt lat="37.635719" lon="126.982538">
                <ele>609.2</ele>
                <time>2020-04-15T04:58:59.000Z</time>
                <name>Position 334</name>
                <extensions>
                    <cellinfo xmlns:xsi="http://www.w3.org/2001/XMLSchema-instance">mcc=450 mnc=8 ci=5342979 pci=103 tac=124 earfcn=1550 rsrp=-86 rsrq=-12 rssnr=6 cqi=9</cellinfo>
                    <barometer xmlns:xsi="http://www.w3.org/2001/XMLSchema-instance">948.101</barometer>
                </extensions>
            </trkpt>
            <trkpt lat="37.635811" lon="126.982738">
                <ele>605.2</ele>
                <time>2020-04-15T04:59:31.000Z</time>
                <name>Position 335</name>
                <extensions>
                    <cellinfo xmlns:xsi="http://www.w3.org/2001/XMLSchema-instance">mcc=450 mnc=8 ci=5342979 pci=103 tac=124 earfcn=1550 rsrp=-94 rsrq=-11 rssnr=4 cqi=5</cellinfo>
                    <barometer xmlns:xsi="http://www.w3.org/2001/XMLSchema-instance">948.975</barometer>
                </extensions>
            </trkpt>
            <trkpt lat="37.635975" lon="126.982812">
                <ele>597.9</ele>
                <time>2020-04-15T05:00:06.000Z</time>
                <name>Position 336</name>
                <extensions>
                    <cellinfo xmlns:xsi="http://www.w3.org/2001/XMLSchema-instance">mcc=450 mnc=8 ci=5342979 pci=103 tac=124 earfcn=1550 rsrp=-97 rsrq=-12 rssnr=-3 cqi=2</cellinfo>
                    <barometer xmlns:xsi="http://www.w3.org/2001/XMLSchema-instance">950.006</barometer>
                </extensions>
            </trkpt>
            <trkpt lat="37.6361" lon="126.982979">
                <ele>596.2</ele>
                <time>2020-04-15T05:00:48.000Z</time>
                <name>Position 337</name>
                <extensions>
                    <cellinfo xmlns:xsi="http://www.w3.org/2001/XMLSchema-instance">mcc=450 mnc=8 ci=5342979 pci=103 tac=124 earfcn=1550 rsrp=-102 rsrq=-17 rssnr=-8 cqi=5</cellinfo>
                    <barometer xmlns:xsi="http://www.w3.org/2001/XMLSchema-instance">949.393</barometer>
                </extensions>
            </trkpt>
            <trkpt lat="37.63621" lon="126.983168">
                <ele>598.5</ele>
                <time>2020-04-15T05:01:16.000Z</time>
                <name>Position 338</name>
                <extensions>
                    <cellinfo xmlns:xsi="http://www.w3.org/2001/XMLSchema-instance">mcc=450 mnc=8 ci=4348416 pci=105 tac=1004 earfcn=3743 rsrp=-83 rsrq=-7 rssnr=14 cqi=5</cellinfo>
                    <barometer xmlns:xsi="http://www.w3.org/2001/XMLSchema-instance">948.360</barometer>
                </extensions>
            </trkpt>
            <trkpt lat="37.63627" lon="126.98338">
                <ele>604.9</ele>
                <time>2020-04-15T05:02:06.000Z</time>
                <name>Position 339</name>
                <extensions>
                    <cellinfo xmlns:xsi="http://www.w3.org/2001/XMLSchema-instance">mcc=450 mnc=8 ci=4348416 pci=105 tac=1004 earfcn=3743 rsrp=-89 rsrq=-8 rssnr=8 cqi=5</cellinfo>
                    <barometer xmlns:xsi="http://www.w3.org/2001/XMLSchema-instance">947.578</barometer>
                </extensions>
            </trkpt>
            <trkpt lat="37.636394" lon="126.983611">
                <ele>604.8</ele>
                <time>2020-04-15T05:02:27.000Z</time>
                <name>Position 340</name>
                <extensions>
                    <cellinfo xmlns:xsi="http://www.w3.org/2001/XMLSchema-instance">mcc=450 mnc=8 ci=4348416 pci=105 tac=1004 earfcn=3743 rsrp=-92 rsrq=-10 rssnr=2 cqi=5</cellinfo>
                    <barometer xmlns:xsi="http://www.w3.org/2001/XMLSchema-instance">947.603</barometer>
                </extensions>
            </trkpt>
            <trkpt lat="37.636412" lon="126.983855">
                <ele>606.6</ele>
                <time>2020-04-15T05:02:42.000Z</time>
                <name>Position 341</name>
                <extensions>
                    <cellinfo xmlns:xsi="http://www.w3.org/2001/XMLSchema-instance">mcc=450 mnc=8 ci=4348416 pci=105 tac=1004 earfcn=3743 rsrp=-92 rsrq=-10 rssnr=6 cqi=5</cellinfo>
                    <barometer xmlns:xsi="http://www.w3.org/2001/XMLSchema-instance">947.515</barometer>
                </extensions>
            </trkpt>
            <trkpt lat="37.636386" lon="126.984064">
                <ele>609.7</ele>
                <time>2020-04-15T05:03:02.000Z</time>
                <name>Position 342</name>
                <extensions>
                    <cellinfo xmlns:xsi="http://www.w3.org/2001/XMLSchema-instance">mcc=450 mnc=8 ci=4348416 pci=105 tac=1004 earfcn=3743 rsrp=-89 rsrq=-10 rssnr=1 cqi=5</cellinfo>
                    <barometer xmlns:xsi="http://www.w3.org/2001/XMLSchema-instance">947.285</barometer>
                </extensions>
            </trkpt>
            <trkpt lat="37.636521" lon="126.984263">
                <ele>614.1</ele>
                <time>2020-04-15T05:03:17.000Z</time>
                <name>Position 343</name>
                <extensions>
                    <cellinfo xmlns:xsi="http://www.w3.org/2001/XMLSchema-instance">mcc=450 mnc=8 ci=4348416 pci=105 tac=1004 earfcn=3743 rsrp=-87 rsrq=-11 rssnr=3 cqi=8</cellinfo>
                    <barometer xmlns:xsi="http://www.w3.org/2001/XMLSchema-instance">946.995</barometer>
                </extensions>
            </trkpt>
            <trkpt lat="37.636602" lon="126.984488">
                <ele>616.9</ele>
                <time>2020-04-15T05:03:34.000Z</time>
                <name>Position 344</name>
                <extensions>
                    <cellinfo xmlns:xsi="http://www.w3.org/2001/XMLSchema-instance">mcc=450 mnc=8 ci=4348416 pci=105 tac=1004 earfcn=3743 rsrp=-90 rsrq=-11 rssnr=1 cqi=4</cellinfo>
                    <barometer xmlns:xsi="http://www.w3.org/2001/XMLSchema-instance">946.829</barometer>
                </extensions>
            </trkpt>
            <trkpt lat="37.636701" lon="126.984728">
                <ele>617.8</ele>
                <time>2020-04-15T05:03:54.000Z</time>
                <name>Position 345</name>
                <extensions>
                    <cellinfo xmlns:xsi="http://www.w3.org/2001/XMLSchema-instance">mcc=450 mnc=8 ci=4348416 pci=105 tac=1004 earfcn=3743 rsrp=-88 rsrq=-13 rssnr=-3 cqi=6</cellinfo>
                    <barometer xmlns:xsi="http://www.w3.org/2001/XMLSchema-instance">946.883</barometer>
                </extensions>
            </trkpt>
            <trkpt lat="37.636879" lon="126.984861">
                <ele>618.0</ele>
                <time>2020-04-15T05:04:10.000Z</time>
                <name>Position 346</name>
                <extensions>
                    <cellinfo xmlns:xsi="http://www.w3.org/2001/XMLSchema-instance">mcc=450 mnc=8 ci=4348416 pci=105 tac=1004 earfcn=3743 rsrp=-87 rsrq=-15 rssnr=-5 cqi=6</cellinfo>
                    <barometer xmlns:xsi="http://www.w3.org/2001/XMLSchema-instance">946.994</barometer>
                </extensions>
            </trkpt>
            <trkpt lat="37.63707" lon="126.984914">
                <ele>616.7</ele>
                <time>2020-04-15T05:04:26.000Z</time>
                <name>Position 347</name>
                <extensions>
                    <cellinfo xmlns:xsi="http://www.w3.org/2001/XMLSchema-instance">mcc=450 mnc=8 ci=4348416 pci=105 tac=1004 earfcn=3743 rsrp=-87 rsrq=-14 rssnr=-1 cqi=6</cellinfo>
                    <barometer xmlns:xsi="http://www.w3.org/2001/XMLSchema-instance">947.110</barometer>
                </extensions>
            </trkpt>
            <trkpt lat="37.637259" lon="126.984942">
                <ele>615.7</ele>
                <time>2020-04-15T05:04:42.000Z</time>
                <name>Position 348</name>
                <extensions>
                    <cellinfo xmlns:xsi="http://www.w3.org/2001/XMLSchema-instance">mcc=450 mnc=8 ci=4348416 pci=105 tac=1004 earfcn=3743 rsrp=-84 rsrq=-12 rssnr=-1 cqi=6</cellinfo>
                    <barometer xmlns:xsi="http://www.w3.org/2001/XMLSchema-instance">947.550</barometer>
                </extensions>
            </trkpt>
            <trkpt lat="37.63742" lon="126.985043">
                <ele>610.5</ele>
                <time>2020-04-15T05:05:07.000Z</time>
                <name>Position 349</name>
                <extensions>
                    <cellinfo xmlns:xsi="http://www.w3.org/2001/XMLSchema-instance">mcc=450 mnc=8 ci=4348416 pci=105 tac=1004 earfcn=3743 rsrp=-85 rsrq=-12 rssnr=-2 cqi=6</cellinfo>
                    <barometer xmlns:xsi="http://www.w3.org/2001/XMLSchema-instance">948.206</barometer>
                </extensions>
            </trkpt>
            <trkpt lat="37.637636" lon="126.985082">
                <ele>604.8</ele>
                <time>2020-04-15T05:05:28.000Z</time>
                <name>Position 350</name>
                <extensions>
                    <cellinfo xmlns:xsi="http://www.w3.org/2001/XMLSchema-instance">mcc=450 mnc=8 ci=4348416 pci=105 tac=1004 earfcn=3743 rsrp=-92 rsrq=-12 rssnr=-2 cqi=6</cellinfo>
                    <barometer xmlns:xsi="http://www.w3.org/2001/XMLSchema-instance">948.843</barometer>
                </extensions>
            </trkpt>
            <trkpt lat="37.637856" lon="126.985101">
                <ele>600.4</ele>
                <time>2020-04-15T05:05:46.000Z</time>
                <name>Position 351</name>
                <extensions>
                    <cellinfo xmlns:xsi="http://www.w3.org/2001/XMLSchema-instance">mcc=450 mnc=8 ci=4348416 pci=105 tac=1004 earfcn=3743 rsrp=-83 rsrq=-11 rssnr=-1 cqi=6</cellinfo>
                    <barometer xmlns:xsi="http://www.w3.org/2001/XMLSchema-instance">949.052</barometer>
                </extensions>
            </trkpt>
            <trkpt lat="37.63804" lon="126.985183">
                <ele>598.0</ele>
                <time>2020-04-15T05:06:03.000Z</time>
                <name>Position 352</name>
                <extensions>
                    <cellinfo xmlns:xsi="http://www.w3.org/2001/XMLSchema-instance">mcc=450 mnc=8 ci=4348416 pci=105 tac=1004 earfcn=3743 rsrp=-83 rsrq=-10 rssnr=2 cqi=6</cellinfo>
                    <barometer xmlns:xsi="http://www.w3.org/2001/XMLSchema-instance">949.541</barometer>
                </extensions>
            </trkpt>
            <trkpt lat="37.63825" lon="126.985248">
                <ele>594.8</ele>
                <time>2020-04-15T05:06:18.000Z</time>
                <name>Position 353</name>
                <extensions>
                    <cellinfo xmlns:xsi="http://www.w3.org/2001/XMLSchema-instance">mcc=450 mnc=8 ci=4348416 pci=105 tac=1004 earfcn=3743 rsrp=-84 rsrq=-11 rssnr=2 cqi=6</cellinfo>
                    <barometer xmlns:xsi="http://www.w3.org/2001/XMLSchema-instance">949.859</barometer>
                </extensions>
            </trkpt>
            <trkpt lat="37.638484" lon="126.985289">
                <ele>592.7</ele>
                <time>2020-04-15T05:06:32.000Z</time>
                <name>Position 354</name>
                <extensions>
                    <cellinfo xmlns:xsi="http://www.w3.org/2001/XMLSchema-instance">mcc=450 mnc=8 ci=4348416 pci=105 tac=1004 earfcn=3743 rsrp=-86 rsrq=-10 rssnr=4 cqi=6</cellinfo>
                    <barometer xmlns:xsi="http://www.w3.org/2001/XMLSchema-instance">949.990</barometer>
                </extensions>
            </trkpt>
            <trkpt lat="37.638684" lon="126.985359">
                <ele>590.9</ele>
                <time>2020-04-15T05:06:49.000Z</time>
                <name>Position 355</name>
                <extensions>
                    <cellinfo xmlns:xsi="http://www.w3.org/2001/XMLSchema-instance">mcc=450 mnc=8 ci=4348416 pci=105 tac=1004 earfcn=3743 rsrp=-80 rsrq=-8 rssnr=4 cqi=6</cellinfo>
                    <barometer xmlns:xsi="http://www.w3.org/2001/XMLSchema-instance">950.179</barometer>
                </extensions>
            </trkpt>
            <trkpt lat="37.638863" lon="126.98548">
                <ele>588.2</ele>
                <time>2020-04-15T05:07:04.000Z</time>
                <name>Position 356</name>
                <extensions>
                    <cellinfo xmlns:xsi="http://www.w3.org/2001/XMLSchema-instance">mcc=450 mnc=8 ci=4348416 pci=105 tac=1004 earfcn=3743 rsrp=-86 rsrq=-8 rssnr=2 cqi=6</cellinfo>
                    <barometer xmlns:xsi="http://www.w3.org/2001/XMLSchema-instance">950.544</barometer>
                </extensions>
            </trkpt>
            <trkpt lat="37.639083" lon="126.985523">
                <ele>587.9</ele>
                <time>2020-04-15T05:07:23.000Z</time>
                <name>Position 357</name>
                <extensions>
                    <cellinfo xmlns:xsi="http://www.w3.org/2001/XMLSchema-instance">mcc=450 mnc=8 ci=4348416 pci=105 tac=1004 earfcn=3743 rsrp=-79 rsrq=-7 rssnr=10 cqi=6</cellinfo>
                    <barometer xmlns:xsi="http://www.w3.org/2001/XMLSchema-instance">950.850</barometer>
                </extensions>
            </trkpt>
            <trkpt lat="37.639291" lon="126.985529">
                <ele>584.2</ele>
                <time>2020-04-15T05:07:37.000Z</time>
                <name>Position 358</name>
                <extensions>
                    <cellinfo xmlns:xsi="http://www.w3.org/2001/XMLSchema-instance">mcc=450 mnc=8 ci=4348416 pci=105 tac=1004 earfcn=3743 rsrp=-77 rsrq=-6 rssnr=11 cqi=6</cellinfo>
                    <barometer xmlns:xsi="http://www.w3.org/2001/XMLSchema-instance">951.020</barometer>
                </extensions>
            </trkpt>
            <trkpt lat="37.63954" lon="126.985549">
                <ele>582.1</ele>
                <time>2020-04-15T05:07:54.000Z</time>
                <name>Position 359</name>
                <extensions>
                    <cellinfo xmlns:xsi="http://www.w3.org/2001/XMLSchema-instance">mcc=450 mnc=8 ci=4348416 pci=105 tac=1004 earfcn=3743 rsrp=-76 rsrq=-6 rssnr=15 cqi=6</cellinfo>
                    <barometer xmlns:xsi="http://www.w3.org/2001/XMLSchema-instance">951.362</barometer>
                </extensions>
            </trkpt>
            <trkpt lat="37.639738" lon="126.985591">
                <ele>578.4</ele>
                <time>2020-04-15T05:08:08.000Z</time>
                <name>Position 360</name>
                <extensions>
                    <cellinfo xmlns:xsi="http://www.w3.org/2001/XMLSchema-instance">mcc=450 mnc=8 ci=4348416 pci=105 tac=1004 earfcn=3743 rsrp=-74 rsrq=-6 rssnr=15 cqi=6</cellinfo>
                    <barometer xmlns:xsi="http://www.w3.org/2001/XMLSchema-instance">951.641</barometer>
                </extensions>
            </trkpt>
            <trkpt lat="37.639979" lon="126.985654">
                <ele>581.6</ele>
                <time>2020-04-15T05:08:22.000Z</time>
                <name>Position 361</name>
                <extensions>
                    <cellinfo xmlns:xsi="http://www.w3.org/2001/XMLSchema-instance">mcc=450 mnc=8 ci=4348416 pci=105 tac=1004 earfcn=3743 rsrp=-78 rsrq=-6 rssnr=17 cqi=6</cellinfo>
                    <barometer xmlns:xsi="http://www.w3.org/2001/XMLSchema-instance">951.777</barometer>
                </extensions>
            </trkpt>
            <trkpt lat="37.64014" lon="126.985775">
                <ele>579.9</ele>
                <time>2020-04-15T05:08:34.000Z</time>
                <name>Position 362</name>
                <extensions>
                    <cellinfo xmlns:xsi="http://www.w3.org/2001/XMLSchema-instance">mcc=450 mnc=8 ci=4348416 pci=105 tac=1004 earfcn=3743 rsrp=-82 rsrq=-7 rssnr=12 cqi=6</cellinfo>
                    <barometer xmlns:xsi="http://www.w3.org/2001/XMLSchema-instance">951.790</barometer>
                </extensions>
            </trkpt>
            <trkpt lat="37.640314" lon="126.98586">
                <ele>576.7</ele>
                <time>2020-04-15T05:08:49.000Z</time>
                <name>Position 363</name>
                <extensions>
                    <cellinfo xmlns:xsi="http://www.w3.org/2001/XMLSchema-instance">mcc=450 mnc=8 ci=4348416 pci=105 tac=1004 earfcn=3743 rsrp=-86 rsrq=-10 rssnr=8 cqi=6</cellinfo>
                    <barometer xmlns:xsi="http://www.w3.org/2001/XMLSchema-instance">951.791</barometer>
                </extensions>
            </trkpt>
            <trkpt lat="37.640522" lon="126.98589">
                <ele>575.2</ele>
                <time>2020-04-15T05:09:59.000Z</time>
                <name>Position 364</name>
                <extensions>
                    <cellinfo xmlns:xsi="http://www.w3.org/2001/XMLSchema-instance">mcc=450 mnc=8 ci=4348416 pci=105 tac=1004 earfcn=3743 rsrp=-86 rsrq=-9 rssnr=5 cqi=6</cellinfo>
                    <barometer xmlns:xsi="http://www.w3.org/2001/XMLSchema-instance">951.786</barometer>
                </extensions>
            </trkpt>
            <trkpt lat="37.640712" lon="126.985774">
                <ele>577.1</ele>
                <time>2020-04-15T05:10:18.000Z</time>
                <name>Position 365</name>
                <extensions>
                    <cellinfo xmlns:xsi="http://www.w3.org/2001/XMLSchema-instance">mcc=450 mnc=8 ci=4348416 pci=105 tac=1004 earfcn=3743 rsrp=-86 rsrq=-10 rssnr=5 cqi=6</cellinfo>
                    <barometer xmlns:xsi="http://www.w3.org/2001/XMLSchema-instance">951.614</barometer>
                </extensions>
            </trkpt>
            <trkpt lat="37.640808" lon="126.985565">
                <ele>575.9</ele>
                <time>2020-04-15T05:10:34.000Z</time>
                <name>Position 366</name>
                <extensions>
                    <cellinfo xmlns:xsi="http://www.w3.org/2001/XMLSchema-instance">mcc=450 mnc=8 ci=4348416 pci=105 tac=1004 earfcn=3743 rsrp=-86 rsrq=-10 rssnr=4 cqi=6</cellinfo>
                    <barometer xmlns:xsi="http://www.w3.org/2001/XMLSchema-instance">951.529</barometer>
                </extensions>
            </trkpt>
            <trkpt lat="37.640842" lon="126.985323">
                <ele>575.6</ele>
                <time>2020-04-15T05:10:50.000Z</time>
                <name>Position 367</name>
                <extensions>
                    <cellinfo xmlns:xsi="http://www.w3.org/2001/XMLSchema-instance">mcc=450 mnc=8 ci=4348416 pci=105 tac=1004 earfcn=3743 rsrp=-89 rsrq=-10 rssnr=8 cqi=2</cellinfo>
                    <barometer xmlns:xsi="http://www.w3.org/2001/XMLSchema-instance">951.557</barometer>
                </extensions>
            </trkpt>
            <trkpt lat="37.640813" lon="126.985075">
                <ele>577.1</ele>
                <time>2020-04-15T05:11:04.000Z</time>
                <name>Position 368</name>
                <extensions>
                    <cellinfo xmlns:xsi="http://www.w3.org/2001/XMLSchema-instance">mcc=450 mnc=8 ci=4348416 pci=105 tac=1004 earfcn=3743 rsrp=-88 rsrq=-8 rssnr=6 cqi=2</cellinfo>
                    <barometer xmlns:xsi="http://www.w3.org/2001/XMLSchema-instance">951.328</barometer>
                </extensions>
            </trkpt>
            <trkpt lat="37.6408" lon="126.984821">
                <ele>578.2</ele>
                <time>2020-04-15T05:11:19.000Z</time>
                <name>Position 369</name>
                <extensions>
                    <cellinfo xmlns:xsi="http://www.w3.org/2001/XMLSchema-instance">mcc=450 mnc=8 ci=4348416 pci=105 tac=1004 earfcn=3743 rsrp=-85 rsrq=-10 rssnr=3 cqi=2</cellinfo>
                    <barometer xmlns:xsi="http://www.w3.org/2001/XMLSchema-instance">951.113</barometer>
                </extensions>
            </trkpt>
            <trkpt lat="37.640899" lon="126.984609">
                <ele>580.5</ele>
                <time>2020-04-15T05:11:34.000Z</time>
                <name>Position 370</name>
                <extensions>
                    <cellinfo xmlns:xsi="http://www.w3.org/2001/XMLSchema-instance">mcc=450 mnc=8 ci=4348416 pci=105 tac=1004 earfcn=3743 rsrp=-88 rsrq=-9 rssnr=7 cqi=2</cellinfo>
                    <barometer xmlns:xsi="http://www.w3.org/2001/XMLSchema-instance">950.910</barometer>
                </extensions>
            </trkpt>
            <trkpt lat="37.641021" lon="126.98442">
                <ele>584.1</ele>
                <time>2020-04-15T05:11:53.000Z</time>
                <name>Position 371</name>
                <extensions>
                    <cellinfo xmlns:xsi="http://www.w3.org/2001/XMLSchema-instance">mcc=450 mnc=8 ci=4348416 pci=105 tac=1004 earfcn=3743 rsrp=-95 rsrq=-13 rssnr=3 cqi=2</cellinfo>
                    <barometer xmlns:xsi="http://www.w3.org/2001/XMLSchema-instance">950.496</barometer>
                </extensions>
            </trkpt>
            <trkpt lat="37.641171" lon="126.984237">
                <ele>586.3</ele>
                <time>2020-04-15T05:12:17.000Z</time>
                <name>Position 372</name>
                <extensions>
                    <cellinfo xmlns:xsi="http://www.w3.org/2001/XMLSchema-instance">mcc=450 mnc=8 ci=4348416 pci=105 tac=1004 earfcn=3743 rsrp=-98 rsrq=-14 rssnr=-1 cqi=2</cellinfo>
                    <barometer xmlns:xsi="http://www.w3.org/2001/XMLSchema-instance">950.050</barometer>
                </extensions>
            </trkpt>
            <trkpt lat="37.641337" lon="126.984173">
                <ele>594.0</ele>
                <time>2020-04-15T05:12:38.000Z</time>
                <name>Position 373</name>
                <extensions>
                    <cellinfo xmlns:xsi="http://www.w3.org/2001/XMLSchema-instance">mcc=450 mnc=8 ci=4348416 pci=105 tac=1004 earfcn=3743 rsrp=-98 rsrq=-12 rssnr=2 cqi=2</cellinfo>
                    <barometer xmlns:xsi="http://www.w3.org/2001/XMLSchema-instance">949.655</barometer>
                </extensions>
            </trkpt>
            <trkpt lat="37.641525" lon="126.984208">
                <ele>599.0</ele>
                <time>2020-04-15T05:13:03.000Z</time>
                <name>Position 374</name>
                <extensions>
                    <cellinfo xmlns:xsi="http://www.w3.org/2001/XMLSchema-instance">mcc=450 mnc=8 ci=4348416 pci=105 tac=1004 earfcn=3743 rsrp=-93 rsrq=-11 rssnr=4 cqi=2</cellinfo>
                    <barometer xmlns:xsi="http://www.w3.org/2001/XMLSchema-instance">949.200</barometer>
                </extensions>
            </trkpt>
            <trkpt lat="37.641722" lon="126.984128">
                <ele>599.6</ele>
                <time>2020-04-15T05:13:24.000Z</time>
                <name>Position 375</name>
                <extensions>
                    <cellinfo xmlns:xsi="http://www.w3.org/2001/XMLSchema-instance">mcc=450 mnc=8 ci=4348416 pci=105 tac=1004 earfcn=3743 rsrp=-90 rsrq=-11 rssnr=2 cqi=2</cellinfo>
                    <barometer xmlns:xsi="http://www.w3.org/2001/XMLSchema-instance">948.892</barometer>
                </extensions>
            </trkpt>
            <trkpt lat="37.641909" lon="126.984039">
                <ele>603.0</ele>
                <time>2020-04-15T05:13:51.000Z</time>
                <name>Position 376</name>
                <extensions>
                    <cellinfo xmlns:xsi="http://www.w3.org/2001/XMLSchema-instance">mcc=450 mnc=8 ci=4348416 pci=105 tac=1004 earfcn=3743 rsrp=-87 rsrq=-11 rssnr=6 cqi=2</cellinfo>
                    <barometer xmlns:xsi="http://www.w3.org/2001/XMLSchema-instance">948.208</barometer>
                </extensions>
            </trkpt>
            <trkpt lat="37.642089" lon="126.983901">
                <ele>608.1</ele>
                <time>2020-04-15T05:14:19.000Z</time>
                <name>Position 377</name>
                <extensions>
                    <cellinfo xmlns:xsi="http://www.w3.org/2001/XMLSchema-instance">mcc=450 mnc=8 ci=4348416 pci=105 tac=1004 earfcn=3743 rsrp=-87 rsrq=-9 rssnr=5 cqi=2</cellinfo>
                    <barometer xmlns:xsi="http://www.w3.org/2001/XMLSchema-instance">947.685</barometer>
                </extensions>
            </trkpt>
            <trkpt lat="37.642272" lon="126.983853">
                <ele>610.9</ele>
                <time>2020-04-15T05:14:42.000Z</time>
                <name>Position 378</name>
                <extensions>
                    <cellinfo xmlns:xsi="http://www.w3.org/2001/XMLSchema-instance">mcc=450 mnc=8 ci=4348416 pci=105 tac=1004 earfcn=3743 rsrp=-88 rsrq=-11 rssnr=4 cqi=2</cellinfo>
                    <barometer xmlns:xsi="http://www.w3.org/2001/XMLSchema-instance">947.366</barometer>
                </extensions>
            </trkpt>
            <trkpt lat="37.642483" lon="126.983874">
                <ele>613.1</ele>
                <time>2020-04-15T05:14:58.000Z</time>
                <name>Position 379</name>
                <extensions>
                    <cellinfo xmlns:xsi="http://www.w3.org/2001/XMLSchema-instance">mcc=450 mnc=8 ci=4348416 pci=105 tac=1004 earfcn=3743 rsrp=-91 rsrq=-12 rssnr=0 cqi=2</cellinfo>
                    <barometer xmlns:xsi="http://www.w3.org/2001/XMLSchema-instance">947.192</barometer>
                </extensions>
            </trkpt>
            <trkpt lat="37.642668" lon="126.983842">
                <ele>612.7</ele>
                <time>2020-04-15T05:15:22.000Z</time>
                <name>Position 380</name>
                <extensions>
                    <cellinfo xmlns:xsi="http://www.w3.org/2001/XMLSchema-instance">mcc=450 mnc=8 ci=4348416 pci=105 tac=1004 earfcn=3743 rsrp=-90 rsrq=-10 rssnr=-1 cqi=2</cellinfo>
                    <barometer xmlns:xsi="http://www.w3.org/2001/XMLSchema-instance">946.658</barometer>
                </extensions>
            </trkpt>
            <trkpt lat="37.642867" lon="126.983718">
                <ele>616.2</ele>
                <time>2020-04-15T05:15:42.000Z</time>
                <name>Position 381</name>
                <extensions>
                    <cellinfo xmlns:xsi="http://www.w3.org/2001/XMLSchema-instance">mcc=450 mnc=8 ci=4348417 pci=268 tac=1004 earfcn=3743 rsrp=-90 rsrq=-11 rssnr=1 cqi=2</cellinfo>
                    <barometer xmlns:xsi="http://www.w3.org/2001/XMLSchema-instance">946.472</barometer>
                </extensions>
            </trkpt>
            <trkpt lat="37.643101" lon="126.983651">
                <ele>617.4</ele>
                <time>2020-04-15T05:16:06.000Z</time>
                <name>Position 382</name>
                <extensions>
                    <cellinfo xmlns:xsi="http://www.w3.org/2001/XMLSchema-instance">mcc=450 mnc=8 ci=4348417 pci=268 tac=1004 earfcn=3743 rsrp=-90 rsrq=-13 rssnr=-4 cqi=2</cellinfo>
                    <barometer xmlns:xsi="http://www.w3.org/2001/XMLSchema-instance">946.724</barometer>
                </extensions>
            </trkpt>
            <trkpt lat="37.643212" lon="126.983463">
                <ele>618.0</ele>
                <time>2020-04-15T05:16:30.000Z</time>
                <name>Position 383</name>
                <extensions>
                    <cellinfo xmlns:xsi="http://www.w3.org/2001/XMLSchema-instance">mcc=450 mnc=8 ci=4348416 pci=105 tac=1004 earfcn=3743 rsrp=-87 rsrq=-12 rssnr=-3 cqi=2</cellinfo>
                    <barometer xmlns:xsi="http://www.w3.org/2001/XMLSchema-instance">946.662</barometer>
                </extensions>
            </trkpt>
            <trkpt lat="37.643252" lon="126.983227">
                <ele>616.4</ele>
                <time>2020-04-15T05:16:52.000Z</time>
                <name>Position 384</name>
                <extensions>
                    <cellinfo xmlns:xsi="http://www.w3.org/2001/XMLSchema-instance">mcc=450 mnc=8 ci=4348416 pci=105 tac=1004 earfcn=3743 rsrp=-87 rsrq=-11 rssnr=-1 cqi=2</cellinfo>
                    <barometer xmlns:xsi="http://www.w3.org/2001/XMLSchema-instance">947.055</barometer>
                </extensions>
            </trkpt>
            <trkpt lat="37.643379" lon="126.983042">
                <ele>616.7</ele>
                <time>2020-04-15T05:17:09.000Z</time>
                <name>Position 385</name>
                <extensions>
                    <cellinfo xmlns:xsi="http://www.w3.org/2001/XMLSchema-instance">mcc=450 mnc=8 ci=4348417 pci=268 tac=1004 earfcn=3743 rsrp=-88 rsrq=-9 rssnr=1 cqi=2</cellinfo>
                    <barometer xmlns:xsi="http://www.w3.org/2001/XMLSchema-instance">946.946</barometer>
                </extensions>
            </trkpt>
            <trkpt lat="37.643512" lon="126.982869">
                <ele>616.9</ele>
                <time>2020-04-15T05:17:21.000Z</time>
                <name>Position 386</name>
                <extensions>
                    <cellinfo xmlns:xsi="http://www.w3.org/2001/XMLSchema-instance">mcc=450 mnc=8 ci=4348417 pci=268 tac=1004 earfcn=3743 rsrp=-86 rsrq=-12 rssnr=1 cqi=2</cellinfo>
                    <barometer xmlns:xsi="http://www.w3.org/2001/XMLSchema-instance">946.997</barometer>
                </extensions>
            </trkpt>
            <trkpt lat="37.643687" lon="126.982726">
                <ele>615.8</ele>
                <time>2020-04-15T05:17:34.000Z</time>
                <name>Position 387</name>
                <extensions>
                    <cellinfo xmlns:xsi="http://www.w3.org/2001/XMLSchema-instance">mcc=450 mnc=8 ci=4348417 pci=268 tac=1004 earfcn=3743 rsrp=-87 rsrq=-10 rssnr=-3 cqi=2</cellinfo>
                    <barometer xmlns:xsi="http://www.w3.org/2001/XMLSchema-instance">947.134</barometer>
                </extensions>
            </trkpt>
            <trkpt lat="37.643878" lon="126.98284">
                <ele>617.4</ele>
                <time>2020-04-15T05:17:52.000Z</time>
                <name>Position 388</name>
                <extensions>
                    <cellinfo xmlns:xsi="http://www.w3.org/2001/XMLSchema-instance">mcc=450 mnc=8 ci=4348417 pci=268 tac=1004 earfcn=3743 rsrp=-91 rsrq=-12 rssnr=0 cqi=2</cellinfo>
                    <barometer xmlns:xsi="http://www.w3.org/2001/XMLSchema-instance">946.658</barometer>
                </extensions>
            </trkpt>
            <trkpt lat="37.643962" lon="126.983048">
                <ele>617.9</ele>
                <time>2020-04-15T05:18:10.000Z</time>
                <name>Position 389</name>
                <extensions>
                    <cellinfo xmlns:xsi="http://www.w3.org/2001/XMLSchema-instance">mcc=450 mnc=8 ci=4348417 pci=268 tac=1004 earfcn=3743 rsrp=-96 rsrq=-11 rssnr=-1 cqi=2</cellinfo>
                    <barometer xmlns:xsi="http://www.w3.org/2001/XMLSchema-instance">946.917</barometer>
                </extensions>
            </trkpt>
            <trkpt lat="37.644073" lon="126.983265">
                <ele>618.1</ele>
                <time>2020-04-15T05:18:49.000Z</time>
                <name>Position 390</name>
                <extensions>
                    <cellinfo xmlns:xsi="http://www.w3.org/2001/XMLSchema-instance">mcc=450 mnc=8 ci=4348417 pci=268 tac=1004 earfcn=3743 rsrp=-98 rsrq=-15 rssnr=-8 cqi=2</cellinfo>
                    <barometer xmlns:xsi="http://www.w3.org/2001/XMLSchema-instance">946.555</barometer>
                </extensions>
            </trkpt>
            <trkpt lat="37.64417" lon="126.983526">
                <ele>619.2</ele>
                <time>2020-04-15T05:19:08.000Z</time>
                <name>Position 391</name>
                <extensions>
                    <cellinfo xmlns:xsi="http://www.w3.org/2001/XMLSchema-instance">mcc=450 mnc=8 ci=4345856 pci=98 tac=1004 earfcn=1550 rsrp=-98 rsrq=-8 rssnr=4 cqi=2</cellinfo>
                    <barometer xmlns:xsi="http://www.w3.org/2001/XMLSchema-instance">946.566</barometer>
                </extensions>
            </trkpt>
            <trkpt lat="37.644214" lon="126.983768">
                <ele>619.6</ele>
                <time>2020-04-15T05:19:24.000Z</time>
                <name>Position 392</name>
                <extensions>
                    <cellinfo xmlns:xsi="http://www.w3.org/2001/XMLSchema-instance">mcc=450 mnc=8 ci=4345856 pci=98 tac=1004 earfcn=1550 rsrp=-98 rsrq=-12 rssnr=-4 cqi=2</cellinfo>
                    <barometer xmlns:xsi="http://www.w3.org/2001/XMLSchema-instance">946.628</barometer>
                </extensions>
            </trkpt>
            <trkpt lat="37.644354" lon="126.983939">
                <ele>617.5</ele>
                <time>2020-04-15T05:19:41.000Z</time>
                <name>Position 393</name>
                <extensions>
                    <cellinfo xmlns:xsi="http://www.w3.org/2001/XMLSchema-instance">mcc=450 mnc=8 ci=4345856 pci=98 tac=1004 earfcn=1550 rsrp=-91 rsrq=-8 rssnr=7 cqi=2</cellinfo>
                    <barometer xmlns:xsi="http://www.w3.org/2001/XMLSchema-instance">947.096</barometer>
                </extensions>
            </trkpt>
            <trkpt lat="37.644511" lon="126.984136">
                <ele>615.1</ele>
                <time>2020-04-15T05:19:58.000Z</time>
                <name>Position 394</name>
                <extensions>
                    <cellinfo xmlns:xsi="http://www.w3.org/2001/XMLSchema-instance">mcc=450 mnc=8 ci=4345856 pci=98 tac=1004 earfcn=1550 rsrp=-91 rsrq=-7 rssnr=6 cqi=2</cellinfo>
                    <barometer xmlns:xsi="http://www.w3.org/2001/XMLSchema-instance">947.335</barometer>
                </extensions>
            </trkpt>
            <trkpt lat="37.644728" lon="126.984176">
                <ele>611.2</ele>
                <time>2020-04-15T05:20:17.000Z</time>
                <name>Position 395</name>
                <extensions>
                    <cellinfo xmlns:xsi="http://www.w3.org/2001/XMLSchema-instance">mcc=450 mnc=8 ci=4345856 pci=98 tac=1004 earfcn=1550 rsrp=-91 rsrq=-8 rssnr=8 cqi=2</cellinfo>
                    <barometer xmlns:xsi="http://www.w3.org/2001/XMLSchema-instance">947.834</barometer>
                </extensions>
            </trkpt>
            <trkpt lat="37.644895" lon="126.984283">
                <ele>608.0</ele>
                <time>2020-04-15T05:20:33.000Z</time>
                <name>Position 396</name>
                <extensions>
                    <cellinfo xmlns:xsi="http://www.w3.org/2001/XMLSchema-instance">mcc=450 mnc=8 ci=4345856 pci=98 tac=1004 earfcn=1550 rsrp=-90 rsrq=-9 rssnr=7 cqi=2</cellinfo>
                    <barometer xmlns:xsi="http://www.w3.org/2001/XMLSchema-instance">948.281</barometer>
                </extensions>
            </trkpt>
            <trkpt lat="37.645092" lon="126.984431">
                <ele>605.3</ele>
                <time>2020-04-15T05:20:48.000Z</time>
                <name>Position 397</name>
                <extensions>
                    <cellinfo xmlns:xsi="http://www.w3.org/2001/XMLSchema-instance">mcc=450 mnc=8 ci=4345856 pci=98 tac=1004 earfcn=1550 rsrp=-92 rsrq=-9 rssnr=-2 cqi=2</cellinfo>
                    <barometer xmlns:xsi="http://www.w3.org/2001/XMLSchema-instance">948.503</barometer>
                </extensions>
            </trkpt>
            <trkpt lat="37.64532" lon="126.984461">
                <ele>604.7</ele>
                <time>2020-04-15T05:21:06.000Z</time>
                <name>Position 398</name>
                <extensions>
                    <cellinfo xmlns:xsi="http://www.w3.org/2001/XMLSchema-instance">mcc=450 mnc=8 ci=4345856 pci=98 tac=1004 earfcn=1550 rsrp=-89 rsrq=-7 rssnr=8 cqi=10</cellinfo>
                    <barometer xmlns:xsi="http://www.w3.org/2001/XMLSchema-instance">948.503</barometer>
                </extensions>
            </trkpt>
            <trkpt lat="37.645547" lon="126.984498">
                <ele>603.4</ele>
                <time>2020-04-15T05:21:32.000Z</time>
                <name>Position 399</name>
                <extensions>
                    <cellinfo xmlns:xsi="http://www.w3.org/2001/XMLSchema-instance">mcc=450 mnc=8 ci=4345856 pci=98 tac=1004 earfcn=1550 rsrp=-88 rsrq=-6 rssnr=10 cqi=10</cellinfo>
                    <barometer xmlns:xsi="http://www.w3.org/2001/XMLSchema-instance">948.881</barometer>
                </extensions>
            </trkpt>
            <trkpt lat="37.645733" lon="126.984514">
                <ele>598.9</ele>
                <time>2020-04-15T05:21:49.000Z</time>
                <name>Position 400</name>
                <extensions>
                    <cellinfo xmlns:xsi="http://www.w3.org/2001/XMLSchema-instance">mcc=450 mnc=8 ci=4345856 pci=98 tac=1004 earfcn=1550 rsrp=-99 rsrq=-12 rssnr=-2 cqi=10</cellinfo>
                    <barometer xmlns:xsi="http://www.w3.org/2001/XMLSchema-instance">949.365</barometer>
                </extensions>
            </trkpt>
            <trkpt lat="37.645933" lon="126.984457">
                <ele>597.7</ele>
                <time>2020-04-15T05:22:03.000Z</time>
                <name>Position 401</name>
                <extensions>
                    <cellinfo xmlns:xsi="http://www.w3.org/2001/XMLSchema-instance">mcc=450 mnc=8 ci=4345856 pci=98 tac=1004 earfcn=1550 rsrp=-101 rsrq=-11 rssnr=1 cqi=10</cellinfo>
                    <barometer xmlns:xsi="http://www.w3.org/2001/XMLSchema-instance">949.271</barometer>
                </extensions>
            </trkpt>
            <trkpt lat="37.646123" lon="126.984557">
                <ele>598.5</ele>
                <time>2020-04-15T05:22:22.000Z</time>
                <name>Position 402</name>
                <extensions>
                    <cellinfo xmlns:xsi="http://www.w3.org/2001/XMLSchema-instance">mcc=450 mnc=8 ci=4345856 pci=98 tac=1004 earfcn=1550 rsrp=-101 rsrq=-9 rssnr=1 cqi=10</cellinfo>
                    <barometer xmlns:xsi="http://www.w3.org/2001/XMLSchema-instance">949.074</barometer>
                </extensions>
            </trkpt>
            <trkpt lat="37.646246" lon="126.984772">
                <ele>596.0</ele>
                <time>2020-04-15T05:22:43.000Z</time>
                <name>Position 403</name>
                <extensions>
                    <cellinfo xmlns:xsi="http://www.w3.org/2001/XMLSchema-instance">mcc=450 mnc=8 ci=4345856 pci=98 tac=1004 earfcn=1550 rsrp=-101 rsrq=-10 rssnr=2 cqi=10</cellinfo>
                    <barometer xmlns:xsi="http://www.w3.org/2001/XMLSchema-instance">949.483</barometer>
                </extensions>
            </trkpt>
            <trkpt lat="37.64645" lon="126.984831">
                <ele>594.6</ele>
                <time>2020-04-15T05:22:58.000Z</time>
                <name>Position 404</name>
                <extensions>
                    <cellinfo xmlns:xsi="http://www.w3.org/2001/XMLSchema-instance">mcc=450 mnc=8 ci=4345856 pci=98 tac=1004 earfcn=1550 rsrp=-101 rsrq=-12 rssnr=-3 cqi=10</cellinfo>
                    <barometer xmlns:xsi="http://www.w3.org/2001/XMLSchema-instance">949.652</barometer>
                </extensions>
            </trkpt>
            <trkpt lat="37.646634" lon="126.984777">
                <ele>594.5</ele>
                <time>2020-04-15T05:23:12.000Z</time>
                <name>Position 405</name>
                <extensions>
                    <cellinfo xmlns:xsi="http://www.w3.org/2001/XMLSchema-instance">mcc=450 mnc=8 ci=4348417 pci=268 tac=1004 earfcn=3743 rsrp=-100 rsrq=-16 rssnr=-3 cqi=10</cellinfo>
                    <barometer xmlns:xsi="http://www.w3.org/2001/XMLSchema-instance">949.542</barometer>
                </extensions>
            </trkpt>
            <trkpt lat="37.646801" lon="126.984663">
                <ele>594.7</ele>
                <time>2020-04-15T05:23:26.000Z</time>
                <name>Position 406</name>
                <extensions>
                    <cellinfo xmlns:xsi="http://www.w3.org/2001/XMLSchema-instance">mcc=450 mnc=8 ci=4348417 pci=268 tac=1004 earfcn=3743 rsrp=-93 rsrq=-11 rssnr=4 cqi=10</cellinfo>
                    <barometer xmlns:xsi="http://www.w3.org/2001/XMLSchema-instance">949.535</barometer>
                </extensions>
            </trkpt>
            <trkpt lat="37.647" lon="126.98464">
                <ele>593.6</ele>
                <time>2020-04-15T05:23:41.000Z</time>
                <name>Position 407</name>
                <extensions>
                    <cellinfo xmlns:xsi="http://www.w3.org/2001/XMLSchema-instance">mcc=450 mnc=8 ci=4348417 pci=268 tac=1004 earfcn=3743 rsrp=-94 rsrq=-10 rssnr=8 cqi=10</cellinfo>
                    <barometer xmlns:xsi="http://www.w3.org/2001/XMLSchema-instance">949.663</barometer>
                </extensions>
            </trkpt>
            <trkpt lat="37.647225" lon="126.984589">
                <ele>592.3</ele>
                <time>2020-04-15T05:23:57.000Z</time>
                <name>Position 408</name>
                <extensions>
                    <cellinfo xmlns:xsi="http://www.w3.org/2001/XMLSchema-instance">mcc=450 mnc=8 ci=4348417 pci=268 tac=1004 earfcn=3743 rsrp=-99 rsrq=-13 rssnr=-5 cqi=10</cellinfo>
                    <barometer xmlns:xsi="http://www.w3.org/2001/XMLSchema-instance">949.911</barometer>
                </extensions>
            </trkpt>
            <trkpt lat="37.647347" lon="126.984381">
                <ele>590.0</ele>
                <time>2020-04-15T05:24:13.000Z</time>
                <name>Position 409</name>
                <extensions>
                    <cellinfo xmlns:xsi="http://www.w3.org/2001/XMLSchema-instance">mcc=450 mnc=8 ci=4348417 pci=268 tac=1004 earfcn=3743 rsrp=-101 rsrq=-12 rssnr=3 cqi=10</cellinfo>
                    <barometer xmlns:xsi="http://www.w3.org/2001/XMLSchema-instance">950.355</barometer>
                </extensions>
            </trkpt>
            <trkpt lat="37.647327" lon="126.984155">
                <ele>590.4</ele>
                <time>2020-04-15T05:24:27.000Z</time>
                <name>Position 410</name>
                <extensions>
                    <cellinfo xmlns:xsi="http://www.w3.org/2001/XMLSchema-instance">mcc=450 mnc=8 ci=4348417 pci=268 tac=1004 earfcn=3743 rsrp=-101 rsrq=-14 rssnr=-7 cqi=10</cellinfo>
                    <barometer xmlns:xsi="http://www.w3.org/2001/XMLSchema-instance">950.119</barometer>
                </extensions>
            </trkpt>
            <trkpt lat="37.647273" lon="126.983931">
                <ele>589.8</ele>
                <time>2020-04-15T05:24:42.000Z</time>
                <name>Position 411</name>
                <extensions>
                    <cellinfo xmlns:xsi="http://www.w3.org/2001/XMLSchema-instance">mcc=450 mnc=8 ci=4348417 pci=268 tac=1004 earfcn=3743 rsrp=-97 rsrq=-13 rssnr=6 cqi=10</cellinfo>
                    <barometer xmlns:xsi="http://www.w3.org/2001/XMLSchema-instance">950.187</barometer>
                </extensions>
            </trkpt>
            <trkpt lat="37.647426" lon="126.983793">
                <ele>586.0</ele>
                <time>2020-04-15T05:24:57.000Z</time>
                <name>Position 412</name>
                <extensions>
                    <cellinfo xmlns:xsi="http://www.w3.org/2001/XMLSchema-instance">mcc=450 mnc=8 ci=4348417 pci=268 tac=1004 earfcn=3743 rsrp=-99 rsrq=-13 rssnr=-2 cqi=10</cellinfo>
                    <barometer xmlns:xsi="http://www.w3.org/2001/XMLSchema-instance">950.191</barometer>
                </extensions>
            </trkpt>
            <trkpt lat="37.647514" lon="126.983544">
                <ele>584.0</ele>
                <time>2020-04-15T05:25:12.000Z</time>
                <name>Position 413</name>
                <extensions>
                    <cellinfo xmlns:xsi="http://www.w3.org/2001/XMLSchema-instance">mcc=450 mnc=8 ci=4345856 pci=98 tac=1004 earfcn=1550 rsrp=-89 rsrq=-7 rssnr=13 cqi=15</cellinfo>
                    <barometer xmlns:xsi="http://www.w3.org/2001/XMLSchema-instance">950.083</barometer>
                </extensions>
            </trkpt>
            <trkpt lat="37.647651" lon="126.983343">
                <ele>585.2</ele>
                <time>2020-04-15T05:25:25.000Z</time>
                <name>Position 414</name>
                <extensions>
                    <cellinfo xmlns:xsi="http://www.w3.org/2001/XMLSchema-instance">mcc=450 mnc=8 ci=4345856 pci=98 tac=1004 earfcn=1550 rsrp=-89 rsrq=-5 rssnr=16 cqi=15</cellinfo>
                    <barometer xmlns:xsi="http://www.w3.org/2001/XMLSchema-instance">949.877</barometer>
                </extensions>
            </trkpt>
            <trkpt lat="37.647775" lon="126.983144">
                <ele>589.9</ele>
                <time>2020-04-15T05:25:43.000Z</time>
                <name>Position 415</name>
                <extensions>
                    <cellinfo xmlns:xsi="http://www.w3.org/2001/XMLSchema-instance">mcc=450 mnc=8 ci=4345856 pci=98 tac=1004 earfcn=1550 rsrp=-80 rsrq=-5 rssnr=27 cqi=15</cellinfo>
                    <barometer xmlns:xsi="http://www.w3.org/2001/XMLSchema-instance">949.592</barometer>
                </extensions>
            </trkpt>
            <trkpt lat="37.647962" lon="126.983017">
                <ele>591.8</ele>
                <time>2020-04-15T05:26:02.000Z</time>
                <name>Position 416</name>
                <extensions>
                    <cellinfo xmlns:xsi="http://www.w3.org/2001/XMLSchema-instance">mcc=450 mnc=8 ci=4345856 pci=98 tac=1004 earfcn=1550 rsrp=-71 rsrq=-6 rssnr=28 cqi=15</cellinfo>
                    <barometer xmlns:xsi="http://www.w3.org/2001/XMLSchema-instance">949.333</barometer>
                </extensions>
            </trkpt>
            <trkpt lat="37.64813" lon="126.982931">
                <ele>592.4</ele>
                <time>2020-04-15T05:26:22.000Z</time>
                <name>Position 417</name>
                <extensions>
                    <cellinfo xmlns:xsi="http://www.w3.org/2001/XMLSchema-instance">mcc=450 mnc=8 ci=4345856 pci=98 tac=1004 earfcn=1550 rsrp=-74 rsrq=-5 rssnr=21 cqi=15</cellinfo>
                    <barometer xmlns:xsi="http://www.w3.org/2001/XMLSchema-instance">949.656</barometer>
                </extensions>
            </trkpt>
            <trkpt lat="37.648353" lon="126.982949">
                <ele>592.4</ele>
                <time>2020-04-15T05:26:41.000Z</time>
                <name>Position 418</name>
                <extensions>
                    <cellinfo xmlns:xsi="http://www.w3.org/2001/XMLSchema-instance">mcc=450 mnc=8 ci=4345856 pci=98 tac=1004 earfcn=1550 rsrp=-74 rsrq=-5 rssnr=24 cqi=15</cellinfo>
                    <barometer xmlns:xsi="http://www.w3.org/2001/XMLSchema-instance">949.800</barometer>
                </extensions>
            </trkpt>
            <trkpt lat="37.648549" lon="126.98291">
                <ele>593.8</ele>
                <time>2020-04-15T05:26:55.000Z</time>
                <name>Position 419</name>
                <extensions>
                    <cellinfo xmlns:xsi="http://www.w3.org/2001/XMLSchema-instance">mcc=450 mnc=8 ci=4345856 pci=98 tac=1004 earfcn=1550 rsrp=-79 rsrq=-5 rssnr=25 cqi=15</cellinfo>
                    <barometer xmlns:xsi="http://www.w3.org/2001/XMLSchema-instance">949.854</barometer>
                </extensions>
            </trkpt>
            <trkpt lat="37.648718" lon="126.982802">
                <ele>592.5</ele>
                <time>2020-04-15T05:27:14.000Z</time>
                <name>Position 420</name>
                <extensions>
                    <cellinfo xmlns:xsi="http://www.w3.org/2001/XMLSchema-instance">mcc=450 mnc=8 ci=4345856 pci=98 tac=1004 earfcn=1550 rsrp=-82 rsrq=-6 rssnr=20 cqi=15</cellinfo>
                    <barometer xmlns:xsi="http://www.w3.org/2001/XMLSchema-instance">949.835</barometer>
                </extensions>
            </trkpt>
            <trkpt lat="37.64894" lon="126.98279">
                <ele>595.2</ele>
                <time>2020-04-15T05:27:34.000Z</time>
                <name>Position 421</name>
                <extensions>
                    <cellinfo xmlns:xsi="http://www.w3.org/2001/XMLSchema-instance">mcc=450 mnc=8 ci=4345856 pci=98 tac=1004 earfcn=1550 rsrp=-87 rsrq=-6 rssnr=18 cqi=15</cellinfo>
                    <barometer xmlns:xsi="http://www.w3.org/2001/XMLSchema-instance">949.475</barometer>
                </extensions>
            </trkpt>
            <trkpt lat="37.649132" lon="126.982753">
                <ele>601.4</ele>
                <time>2020-04-15T05:27:55.000Z</time>
                <name>Position 422</name>
                <extensions>
                    <cellinfo xmlns:xsi="http://www.w3.org/2001/XMLSchema-instance">mcc=450 mnc=8 ci=4345856 pci=98 tac=1004 earfcn=1550 rsrp=-89 rsrq=-6 rssnr=17 cqi=15</cellinfo>
                    <barometer xmlns:xsi="http://www.w3.org/2001/XMLSchema-instance">949.026</barometer>
                </extensions>
            </trkpt>
            <trkpt lat="37.649304" lon="126.982716">
                <ele>600.3</ele>
                <time>2020-04-15T05:28:18.000Z</time>
                <name>Position 423</name>
                <extensions>
                    <cellinfo xmlns:xsi="http://www.w3.org/2001/XMLSchema-instance">mcc=450 mnc=8 ci=4345856 pci=98 tac=1004 earfcn=1550 rsrp=-90 rsrq=-6 rssnr=16 cqi=15</cellinfo>
                    <barometer xmlns:xsi="http://www.w3.org/2001/XMLSchema-instance">948.609</barometer>
                </extensions>
            </trkpt>
            <trkpt lat="37.649497" lon="126.982641">
                <ele>602.3</ele>
                <time>2020-04-15T05:28:36.000Z</time>
                <name>Position 424</name>
                <extensions>
                    <cellinfo xmlns:xsi="http://www.w3.org/2001/XMLSchema-instance">mcc=450 mnc=8 ci=4345856 pci=98 tac=1004 earfcn=1550 rsrp=-92 rsrq=-11 rssnr=1 cqi=15</cellinfo>
                    <barometer xmlns:xsi="http://www.w3.org/2001/XMLSchema-instance">948.466</barometer>
                </extensions>
            </trkpt>
            <trkpt lat="37.649704" lon="126.982614">
                <ele>604.4</ele>
                <time>2020-04-15T05:28:59.000Z</time>
                <name>Position 425</name>
                <extensions>
                    <cellinfo xmlns:xsi="http://www.w3.org/2001/XMLSchema-instance">mcc=450 mnc=8 ci=4348417 pci=268 tac=1004 earfcn=3743 rsrp=-91 rsrq=-9 rssnr=0 cqi=15</cellinfo>
                    <barometer xmlns:xsi="http://www.w3.org/2001/XMLSchema-instance">948.190</barometer>
                </extensions>
            </trkpt>
            <trkpt lat="37.649882" lon="126.982679">
                <ele>604.1</ele>
                <time>2020-04-15T05:29:18.000Z</time>
                <name>Position 426</name>
                <extensions>
                    <cellinfo xmlns:xsi="http://www.w3.org/2001/XMLSchema-instance">mcc=450 mnc=8 ci=4348417 pci=268 tac=1004 earfcn=3743 rsrp=-92 rsrq=-9 rssnr=2 cqi=15</cellinfo>
                    <barometer xmlns:xsi="http://www.w3.org/2001/XMLSchema-instance">948.319</barometer>
                </extensions>
            </trkpt>
            <trkpt lat="37.650052" lon="126.982778">
                <ele>599.1</ele>
                <time>2020-04-15T05:29:38.000Z</time>
                <name>Position 427</name>
                <extensions>
                    <cellinfo xmlns:xsi="http://www.w3.org/2001/XMLSchema-instance">mcc=450 mnc=8 ci=4348417 pci=268 tac=1004 earfcn=3743 rsrp=-93 rsrq=-9 rssnr=5 cqi=15</cellinfo>
                    <barometer xmlns:xsi="http://www.w3.org/2001/XMLSchema-instance">948.324</barometer>
                </extensions>
            </trkpt>
            <trkpt lat="37.65026" lon="126.982737">
                <ele>602.6</ele>
                <time>2020-04-15T05:30:02.000Z</time>
                <name>Position 428</name>
                <extensions>
                    <cellinfo xmlns:xsi="http://www.w3.org/2001/XMLSchema-instance">mcc=450 mnc=8 ci=4348417 pci=268 tac=1004 earfcn=3743 rsrp=-92 rsrq=-8 rssnr=1 cqi=15</cellinfo>
                    <barometer xmlns:xsi="http://www.w3.org/2001/XMLSchema-instance">948.108</barometer>
                </extensions>
            </trkpt>
            <trkpt lat="37.650419" lon="126.982643">
                <ele>607.5</ele>
                <time>2020-04-15T05:30:20.000Z</time>
                <name>Position 429</name>
                <extensions>
                    <cellinfo xmlns:xsi="http://www.w3.org/2001/XMLSchema-instance">mcc=450 mnc=8 ci=4348417 pci=268 tac=1004 earfcn=3743 rsrp=-90 rsrq=-10 rssnr=0 cqi=15</cellinfo>
                    <barometer xmlns:xsi="http://www.w3.org/2001/XMLSchema-instance">947.325</barometer>
                </extensions>
            </trkpt>
            <trkpt lat="37.650607" lon="126.982504">
                <ele>610.4</ele>
                <time>2020-04-15T05:30:37.000Z</time>
                <name>Position 430</name>
                <extensions>
                    <cellinfo xmlns:xsi="http://www.w3.org/2001/XMLSchema-instance">mcc=450 mnc=8 ci=4348417 pci=268 tac=1004 earfcn=3743 rsrp=-90 rsrq=-12 rssnr=1 cqi=15</cellinfo>
                    <barometer xmlns:xsi="http://www.w3.org/2001/XMLSchema-instance">947.420</barometer>
                </extensions>
            </trkpt>
            <trkpt lat="37.65082" lon="126.982373">
                <ele>613.5</ele>
                <time>2020-04-15T05:30:56.000Z</time>
                <name>Position 431</name>
                <extensions>
                    <cellinfo xmlns:xsi="http://www.w3.org/2001/XMLSchema-instance">mcc=450 mnc=8 ci=4326402 pci=401 tac=124 earfcn=3743 rsrp=-100 rsrq=-16 rssnr=-7 cqi=3</cellinfo>
                    <barometer xmlns:xsi="http://www.w3.org/2001/XMLSchema-instance">947.116</barometer>
                </extensions>
            </trkpt>
            <trkpt lat="37.650913" lon="126.982289">
                <ele>616.0</ele>
                <time>2020-04-15T05:33:07.000Z</time>
                <name>Position 432</name>
                <extensions>
                    <pause xmlns:xsi="http://www.w3.org/2001/XMLSchema-instance">start</pause>
                    <type xmlns:xsi="http://www.w3.org/2001/XMLSchema-instance">unknown</type>
                    <cellinfo xmlns:xsi="http://www.w3.org/2001/XMLSchema-instance">mcc=450 mnc=8 ci=4345856 pci=98 tac=1004 earfcn=1550 rsrp=-92 rsrq=-6 rssnr=11 cqi=15</cellinfo>
                    <barometer xmlns:xsi="http://www.w3.org/2001/XMLSchema-instance">947.135</barometer>
                </extensions>
            </trkpt>
            <trkpt lat="37.650889" lon="126.982178">
                <ele>613.1</ele>
                <time>2020-04-15T05:39:19.000Z</time>
                <name>Position 433</name>
                <extensions>
                    <pause xmlns:xsi="http://www.w3.org/2001/XMLSchema-instance">end</pause>
                    <type xmlns:xsi="http://www.w3.org/2001/XMLSchema-instance">auto</type>
                    <cellinfo xmlns:xsi="http://www.w3.org/2001/XMLSchema-instance">mcc=450 mnc=8 ci=4345856 pci=98 tac=1004 earfcn=1550 rsrp=-87 rsrq=-6 rssnr=16 cqi=14</cellinfo>
                    <barometer xmlns:xsi="http://www.w3.org/2001/XMLSchema-instance">947.553</barometer>
                </extensions>
            </trkpt>
            <trkpt lat="37.650873" lon="126.982066">
                <ele>611.4</ele>
                <time>2020-04-15T05:39:29.000Z</time>
                <name>Position 434</name>
                <extensions>
                    <cellinfo xmlns:xsi="http://www.w3.org/2001/XMLSchema-instance">mcc=450 mnc=8 ci=4345856 pci=98 tac=1004 earfcn=1550 rsrp=-85 rsrq=-6 rssnr=17 cqi=14</cellinfo>
                    <barometer xmlns:xsi="http://www.w3.org/2001/XMLSchema-instance">947.563</barometer>
                </extensions>
            </trkpt>
            <trkpt lat="37.650835" lon="126.981847">
                <ele>608.1</ele>
                <time>2020-04-15T05:39:48.000Z</time>
                <name>Position 435</name>
                <extensions>
                    <cellinfo xmlns:xsi="http://www.w3.org/2001/XMLSchema-instance">mcc=450 mnc=8 ci=4345856 pci=98 tac=1004 earfcn=1550 rsrp=-81 rsrq=-6 rssnr=13 cqi=14</cellinfo>
                    <barometer xmlns:xsi="http://www.w3.org/2001/XMLSchema-instance">947.294</barometer>
                </extensions>
            </trkpt>
            <trkpt lat="37.650754" lon="126.981638">
                <ele>612.1</ele>
                <time>2020-04-15T05:40:10.000Z</time>
                <name>Position 436</name>
                <extensions>
                    <cellinfo xmlns:xsi="http://www.w3.org/2001/XMLSchema-instance">mcc=450 mnc=8 ci=4345856 pci=98 tac=1004 earfcn=1550 rsrp=-84 rsrq=-6 rssnr=14 cqi=14</cellinfo>
                    <barometer xmlns:xsi="http://www.w3.org/2001/XMLSchema-instance">947.151</barometer>
                </extensions>
            </trkpt>
            <trkpt lat="37.650726" lon="126.981374">
                <ele>614.1</ele>
                <time>2020-04-15T05:40:30.000Z</time>
                <name>Position 437</name>
                <extensions>
                    <cellinfo xmlns:xsi="http://www.w3.org/2001/XMLSchema-instance">mcc=450 mnc=8 ci=4345856 pci=98 tac=1004 earfcn=1550 rsrp=-84 rsrq=-6 rssnr=18 cqi=14</cellinfo>
                    <barometer xmlns:xsi="http://www.w3.org/2001/XMLSchema-instance">946.992</barometer>
                </extensions>
            </trkpt>
            <trkpt lat="37.65068" lon="126.981122">
                <ele>616.6</ele>
                <time>2020-04-15T05:40:52.000Z</time>
                <name>Position 438</name>
                <extensions>
                    <cellinfo xmlns:xsi="http://www.w3.org/2001/XMLSchema-instance">mcc=450 mnc=8 ci=4345856 pci=98 tac=1004 earfcn=1550 rsrp=-86 rsrq=-5 rssnr=15 cqi=14</cellinfo>
                    <barometer xmlns:xsi="http://www.w3.org/2001/XMLSchema-instance">946.927</barometer>
                </extensions>
            </trkpt>
            <trkpt lat="37.650731" lon="126.980901">
                <ele>617.9</ele>
                <time>2020-04-15T05:41:09.000Z</time>
                <name>Position 439</name>
                <extensions>
                    <cellinfo xmlns:xsi="http://www.w3.org/2001/XMLSchema-instance">mcc=450 mnc=8 ci=4345856 pci=98 tac=1004 earfcn=1550 rsrp=-88 rsrq=-8 rssnr=1 cqi=14</cellinfo>
                    <barometer xmlns:xsi="http://www.w3.org/2001/XMLSchema-instance">946.668</barometer>
                </extensions>
            </trkpt>
            <trkpt lat="37.650941" lon="126.980787">
                <ele>619.2</ele>
                <time>2020-04-15T05:41:29.000Z</time>
                <name>Position 440</name>
                <extensions>
                    <cellinfo xmlns:xsi="http://www.w3.org/2001/XMLSchema-instance">mcc=450 mnc=8 ci=4348417 pci=268 tac=1004 earfcn=3743 rsrp=-91 rsrq=-12 rssnr=-4 cqi=14</cellinfo>
                    <barometer xmlns:xsi="http://www.w3.org/2001/XMLSchema-instance">946.521</barometer>
                </extensions>
            </trkpt>
            <trkpt lat="37.65113" lon="126.980732">
                <ele>618.8</ele>
                <time>2020-04-15T05:41:47.000Z</time>
                <name>Position 441</name>
                <extensions>
                    <cellinfo xmlns:xsi="http://www.w3.org/2001/XMLSchema-instance">mcc=450 mnc=8 ci=4348417 pci=268 tac=1004 earfcn=3743 rsrp=-91 rsrq=-13 rssnr=0 cqi=14</cellinfo>
                    <barometer xmlns:xsi="http://www.w3.org/2001/XMLSchema-instance">946.653</barometer>
                </extensions>
            </trkpt>
            <trkpt lat="37.651334" lon="126.980713">
                <ele>617.7</ele>
                <time>2020-04-15T05:42:11.000Z</time>
                <name>Position 442</name>
                <extensions>
                    <cellinfo xmlns:xsi="http://www.w3.org/2001/XMLSchema-instance">mcc=450 mnc=8 ci=4348417 pci=268 tac=1004 earfcn=3743 rsrp=-92 rsrq=-12 rssnr=3 cqi=14</cellinfo>
                    <barometer xmlns:xsi="http://www.w3.org/2001/XMLSchema-instance">946.983</barometer>
                </extensions>
            </trkpt>
            <trkpt lat="37.651547" lon="126.980611">
                <ele>620.4</ele>
                <time>2020-04-15T05:42:32.000Z</time>
                <name>Position 443</name>
                <extensions>
                    <cellinfo xmlns:xsi="http://www.w3.org/2001/XMLSchema-instance">mcc=450 mnc=8 ci=4348417 pci=268 tac=1004 earfcn=3743 rsrp=-92 rsrq=-8 rssnr=4 cqi=14</cellinfo>
                    <barometer xmlns:xsi="http://www.w3.org/2001/XMLSchema-instance">946.845</barometer>
                </extensions>
            </trkpt>
            <trkpt lat="37.651726" lon="126.980608">
                <ele>626.0</ele>
                <time>2020-04-15T05:43:11.000Z</time>
                <name>Position 444</name>
                <extensions>
                    <cellinfo xmlns:xsi="http://www.w3.org/2001/XMLSchema-instance">mcc=450 mnc=8 ci=4348417 pci=268 tac=1004 earfcn=3743 rsrp=-95 rsrq=-9 rssnr=1 cqi=14</cellinfo>
                    <barometer xmlns:xsi="http://www.w3.org/2001/XMLSchema-instance">945.577</barometer>
                </extensions>
            </trkpt>
            <trkpt lat="37.651921" lon="126.980716">
                <ele>627.2</ele>
                <time>2020-04-15T05:43:30.000Z</time>
                <name>Position 445</name>
                <extensions>
                    <cellinfo xmlns:xsi="http://www.w3.org/2001/XMLSchema-instance">mcc=450 mnc=8 ci=4348417 pci=268 tac=1004 earfcn=3743 rsrp=-92 rsrq=-10 rssnr=4 cqi=14</cellinfo>
                    <barometer xmlns:xsi="http://www.w3.org/2001/XMLSchema-instance">945.269</barometer>
                </extensions>
            </trkpt>
            <trkpt lat="37.652092" lon="126.980599">
                <ele>633.4</ele>
                <time>2020-04-15T05:43:54.000Z</time>
                <name>Position 446</name>
                <extensions>
                    <cellinfo xmlns:xsi="http://www.w3.org/2001/XMLSchema-instance">mcc=450 mnc=8 ci=4348417 pci=268 tac=1004 earfcn=3743 rsrp=-90 rsrq=-9 rssnr=7 cqi=14</cellinfo>
                    <barometer xmlns:xsi="http://www.w3.org/2001/XMLSchema-instance">944.878</barometer>
                </extensions>
            </trkpt>
            <trkpt lat="37.652232" lon="126.980428">
                <ele>634.2</ele>
                <time>2020-04-15T05:44:15.000Z</time>
                <name>Position 447</name>
                <extensions>
                    <cellinfo xmlns:xsi="http://www.w3.org/2001/XMLSchema-instance">mcc=450 mnc=8 ci=4348417 pci=268 tac=1004 earfcn=3743 rsrp=-87 rsrq=-10 rssnr=3 cqi=14</cellinfo>
                    <barometer xmlns:xsi="http://www.w3.org/2001/XMLSchema-instance">944.653</barometer>
                </extensions>
            </trkpt>
            <trkpt lat="37.652369" lon="126.980264">
                <ele>637.3</ele>
                <time>2020-04-15T05:44:35.000Z</time>
                <name>Position 448</name>
                <extensions>
                    <cellinfo xmlns:xsi="http://www.w3.org/2001/XMLSchema-instance">mcc=450 mnc=8 ci=4348417 pci=268 tac=1004 earfcn=3743 rsrp=-92 rsrq=-11 rssnr=-1 cqi=14</cellinfo>
                    <barometer xmlns:xsi="http://www.w3.org/2001/XMLSchema-instance">944.135</barometer>
                </extensions>
            </trkpt>
            <trkpt lat="37.652563" lon="126.980201">
                <ele>640.7</ele>
                <time>2020-04-15T05:44:56.000Z</time>
                <name>Position 449</name>
                <extensions>
                    <cellinfo xmlns:xsi="http://www.w3.org/2001/XMLSchema-instance">mcc=450 mnc=8 ci=4348417 pci=268 tac=1004 earfcn=3743 rsrp=-91 rsrq=-11 rssnr=3 cqi=14</cellinfo>
                    <barometer xmlns:xsi="http://www.w3.org/2001/XMLSchema-instance">943.772</barometer>
                </extensions>
            </trkpt>
            <trkpt lat="37.65274" lon="126.980077">
                <ele>644.2</ele>
                <time>2020-04-15T05:45:18.000Z</time>
                <name>Position 450</name>
                <extensions>
                    <cellinfo xmlns:xsi="http://www.w3.org/2001/XMLSchema-instance">mcc=450 mnc=8 ci=4348417 pci=268 tac=1004 earfcn=3743 rsrp=-97 rsrq=-14 rssnr=-2 cqi=14</cellinfo>
                    <barometer xmlns:xsi="http://www.w3.org/2001/XMLSchema-instance">943.614</barometer>
                </extensions>
            </trkpt>
            <trkpt lat="37.652927" lon="126.979973">
                <ele>649.5</ele>
                <time>2020-04-15T05:45:40.000Z</time>
                <name>Position 451</name>
                <extensions>
                    <cellinfo xmlns:xsi="http://www.w3.org/2001/XMLSchema-instance">mcc=450 mnc=8 ci=4326402 pci=401 tac=124 earfcn=3743 rsrp=-97 rsrq=-13 rssnr=3 cqi=7</cellinfo>
                    <barometer xmlns:xsi="http://www.w3.org/2001/XMLSchema-instance">943.036</barometer>
                </extensions>
            </trkpt>
            <trkpt lat="37.652991" lon="126.979801">
                <ele>655.1</ele>
                <time>2020-04-15T05:46:04.000Z</time>
                <name>Position 452</name>
                <extensions>
                    <cellinfo xmlns:xsi="http://www.w3.org/2001/XMLSchema-instance">mcc=450 mnc=8 ci=4326402 pci=401 tac=124 earfcn=3743 rsrp=-91 rsrq=-12 rssnr=0 cqi=7</cellinfo>
                    <barometer xmlns:xsi="http://www.w3.org/2001/XMLSchema-instance">942.706</barometer>
                </extensions>
            </trkpt>
            <trkpt lat="37.653077" lon="126.979597">
                <ele>657.7</ele>
                <time>2020-04-15T05:46:33.000Z</time>
                <name>Position 453</name>
                <extensions>
                    <cellinfo xmlns:xsi="http://www.w3.org/2001/XMLSchema-instance">mcc=450 mnc=8 ci=4326402 pci=401 tac=124 earfcn=3743 rsrp=-98 rsrq=-15 rssnr=-1 cqi=7</cellinfo>
                    <barometer xmlns:xsi="http://www.w3.org/2001/XMLSchema-instance">941.994</barometer>
                </extensions>
            </trkpt>
            <trkpt lat="37.653223" lon="126.979448">
                <ele>657.0</ele>
                <time>2020-04-15T05:46:55.000Z</time>
                <name>Position 454</name>
                <extensions>
                    <cellinfo xmlns:xsi="http://www.w3.org/2001/XMLSchema-instance">mcc=450 mnc=8 ci=4326402 pci=401 tac=124 earfcn=3743 rsrp=-101 rsrq=-13 rssnr=-1 cqi=7</cellinfo>
                    <barometer xmlns:xsi="http://www.w3.org/2001/XMLSchema-instance">942.291</barometer>
                </extensions>
            </trkpt>
            <trkpt lat="37.653266" lon="126.979211">
                <ele>659.1</ele>
                <time>2020-04-15T05:47:10.000Z</time>
                <name>Position 455</name>
                <extensions>
                    <cellinfo xmlns:xsi="http://www.w3.org/2001/XMLSchema-instance">mcc=450 mnc=8 ci=4326402 pci=401 tac=124 earfcn=3743 rsrp=-99 rsrq=-12 rssnr=3 cqi=7</cellinfo>
                    <barometer xmlns:xsi="http://www.w3.org/2001/XMLSchema-instance">942.096</barometer>
                </extensions>
            </trkpt>
            <trkpt lat="37.653389" lon="126.979043">
                <ele>659.8</ele>
                <time>2020-04-15T05:47:47.000Z</time>
                <name>Position 456</name>
                <extensions>
                    <cellinfo xmlns:xsi="http://www.w3.org/2001/XMLSchema-instance">mcc=450 mnc=8 ci=4326402 pci=401 tac=124 earfcn=3743 rsrp=-99 rsrq=-15 rssnr=-3 cqi=7</cellinfo>
                    <barometer xmlns:xsi="http://www.w3.org/2001/XMLSchema-instance">941.130</barometer>
                </extensions>
            </trkpt>
            <trkpt lat="37.653451" lon="126.978796">
                <ele>665.2</ele>
                <time>2020-04-15T05:48:19.000Z</time>
                <name>Position 457</name>
                <extensions>
                    <cellinfo xmlns:xsi="http://www.w3.org/2001/XMLSchema-instance">mcc=450 mnc=8 ci=4326402 pci=401 tac=124 earfcn=3743 rsrp=-97 rsrq=-16 rssnr=-6 cqi=7</cellinfo>
                    <barometer xmlns:xsi="http://www.w3.org/2001/XMLSchema-instance">940.688</barometer>
                </extensions>
            </trkpt>
            <trkpt lat="37.653516" lon="126.978572">
                <ele>670.8</ele>
                <time>2020-04-15T05:48:40.000Z</time>
                <name>Position 458</name>
                <extensions>
                    <cellinfo xmlns:xsi="http://www.w3.org/2001/XMLSchema-instance">mcc=450 mnc=8 ci=4326402 pci=401 tac=124 earfcn=3743 rsrp=-102 rsrq=-19 rssnr=-9 cqi=7</cellinfo>
                    <barometer xmlns:xsi="http://www.w3.org/2001/XMLSchema-instance">940.316</barometer>
                </extensions>
            </trkpt>
            <trkpt lat="37.653599" lon="126.97838">
                <ele>676.9</ele>
                <time>2020-04-15T05:49:09.000Z</time>
                <name>Position 459</name>
                <extensions>
                    <cellinfo xmlns:xsi="http://www.w3.org/2001/XMLSchema-instance">mcc=450 mnc=8 ci=4348416 pci=105 tac=1004 earfcn=3743 rsrp=-104 rsrq=-18 rssnr=-7 cqi=3</cellinfo>
                    <barometer xmlns:xsi="http://www.w3.org/2001/XMLSchema-instance">939.573</barometer>
                </extensions>
            </trkpt>
            <trkpt lat="37.653718" lon="126.978231">
                <ele>681.0</ele>
                <time>2020-04-15T05:49:38.000Z</time>
                <name>Position 460</name>
                <extensions>
                    <cellinfo xmlns:xsi="http://www.w3.org/2001/XMLSchema-instance">mcc=450 mnc=8 ci=4348416 pci=105 tac=1004 earfcn=3743 rsrp=-106 rsrq=-22 rssnr=-12 cqi=5</cellinfo>
                    <barometer xmlns:xsi="http://www.w3.org/2001/XMLSchema-instance">938.867</barometer>
                </extensions>
            </trkpt>
            <trkpt lat="37.653876" lon="126.978349">
                <ele>689.0</ele>
                <time>2020-04-15T05:50:10.000Z</time>
                <name>Position 461</name>
                <extensions>
                    <cellinfo xmlns:xsi="http://www.w3.org/2001/XMLSchema-instance">mcc=450 mnc=8 ci=4348416 pci=105 tac=1004 earfcn=3743 rsrp=-106 rsrq=-20 rssnr=-9 cqi=5</cellinfo>
                    <barometer xmlns:xsi="http://www.w3.org/2001/XMLSchema-instance">938.129</barometer>
                </extensions>
            </trkpt>
            <trkpt lat="37.653923" lon="126.978559">
                <ele>694.5</ele>
                <time>2020-04-15T05:50:45.000Z</time>
                <name>Position 462</name>
                <extensions>
                    <cellinfo xmlns:xsi="http://www.w3.org/2001/XMLSchema-instance">mcc=450 mnc=8 ci=4345856 pci=98 tac=1004 earfcn=1550 rsrp=-102 rsrq=-16 rssnr=-9 cqi=4</cellinfo>
                    <barometer xmlns:xsi="http://www.w3.org/2001/XMLSchema-instance">937.485</barometer>
                </extensions>
            </trkpt>
            <trkpt lat="37.654126" lon="126.978589">
                <ele>699.1</ele>
                <time>2020-04-15T05:51:14.000Z</time>
                <name>Position 463</name>
                <extensions>
                    <cellinfo xmlns:xsi="http://www.w3.org/2001/XMLSchema-instance">mcc=450 mnc=8 ci=7348495 pci=6 tac=1006 earfcn=1694 rsrp=-109 rsrq=-20 rssnr=-16 cqi=2</cellinfo>
                    <barometer xmlns:xsi="http://www.w3.org/2001/XMLSchema-instance">937.322</barometer>
                </extensions>
            </trkpt>
            <trkpt lat="37.654294" lon="126.978722">
                <ele>703.1</ele>
                <time>2020-04-15T05:51:44.000Z</time>
                <name>Position 464</name>
                <extensions>
                    <cellinfo xmlns:xsi="http://www.w3.org/2001/XMLSchema-instance">mcc=450 mnc=8 ci=7578127 pci=312 tac=1007 earfcn=1694 rsrp=-106 rsrq=-19 rssnr=-10 cqi=2</cellinfo>
                    <barometer xmlns:xsi="http://www.w3.org/2001/XMLSchema-instance">936.694</barometer>
                </extensions>
            </trkpt>
            <trkpt lat="37.654437" lon="126.978857">
                <ele>709.8</ele>
                <time>2020-04-15T05:52:39.000Z</time>
                <name>Position 465</name>
                <extensions>
                    <cellinfo xmlns:xsi="http://www.w3.org/2001/XMLSchema-instance">mcc=450 mnc=8 ci=4326402 pci=401 tac=124 earfcn=3743 rsrp=-103 rsrq=-17 rssnr=-7 cqi=2</cellinfo>
                    <barometer xmlns:xsi="http://www.w3.org/2001/XMLSchema-instance">935.356</barometer>
                </extensions>
            </trkpt>
            <trkpt lat="37.654585" lon="126.978932">
                <ele>715.6</ele>
                <time>2020-04-15T05:53:14.000Z</time>
                <name>Position 466</name>
                <extensions>
                    <cellinfo xmlns:xsi="http://www.w3.org/2001/XMLSchema-instance">mcc=450 mnc=8 ci=4348417 pci=268 tac=1004 earfcn=3743 rsrp=-93 rsrq=-13 rssnr=-3 cqi=3</cellinfo>
                    <barometer xmlns:xsi="http://www.w3.org/2001/XMLSchema-instance">934.571</barometer>
                </extensions>
            </trkpt>
            <trkpt lat="37.654732" lon="126.979058">
                <ele>720.5</ele>
                <time>2020-04-15T05:53:48.000Z</time>
                <name>Position 467</name>
                <extensions>
                    <cellinfo xmlns:xsi="http://www.w3.org/2001/XMLSchema-instance">mcc=450 mnc=8 ci=4348417 pci=268 tac=1004 earfcn=3743 rsrp=-93 rsrq=-14 rssnr=-3 cqi=5</cellinfo>
                    <barometer xmlns:xsi="http://www.w3.org/2001/XMLSchema-instance">933.925</barometer>
                </extensions>
            </trkpt>
            <trkpt lat="37.654874" lon="126.979155">
                <ele>730.8</ele>
                <time>2020-04-15T05:54:39.000Z</time>
                <name>Position 468</name>
                <extensions>
                    <cellinfo xmlns:xsi="http://www.w3.org/2001/XMLSchema-instance">mcc=450 mnc=8 ci=4348417 pci=268 tac=1004 earfcn=3743 rsrp=-89 rsrq=-13 rssnr=-1 cqi=5</cellinfo>
                    <barometer xmlns:xsi="http://www.w3.org/2001/XMLSchema-instance">932.923</barometer>
                </extensions>
            </trkpt>
            <trkpt lat="37.65507" lon="126.979045">
                <ele>731.5</ele>
                <time>2020-04-15T05:55:12.000Z</time>
                <name>Position 469</name>
                <extensions>
                    <cellinfo xmlns:xsi="http://www.w3.org/2001/XMLSchema-instance">mcc=450 mnc=8 ci=4348417 pci=268 tac=1004 earfcn=3743 rsrp=-89 rsrq=-16 rssnr=-5 cqi=8</cellinfo>
                    <barometer xmlns:xsi="http://www.w3.org/2001/XMLSchema-instance">933.263</barometer>
                </extensions>
            </trkpt>
            <trkpt lat="37.65521" lon="126.978869">
                <ele>734.4</ele>
                <time>2020-04-15T05:55:45.000Z</time>
                <name>Position 470</name>
                <extensions>
                    <cellinfo xmlns:xsi="http://www.w3.org/2001/XMLSchema-instance">mcc=450 mnc=8 ci=4355079 pci=293 tac=1011 earfcn=475 rsrp=-106 rsrq=-16 rssnr=-4 cqi=8</cellinfo>
                    <barometer xmlns:xsi="http://www.w3.org/2001/XMLSchema-instance">932.997</barometer>
                </extensions>
            </trkpt>
            <trkpt lat="37.655371" lon="126.978744">
                <ele>739.8</ele>
                <time>2020-04-15T05:56:07.000Z</time>
                <name>Position 471</name>
                <extensions>
                    <cellinfo xmlns:xsi="http://www.w3.org/2001/XMLSchema-instance">mcc=450 mnc=8 ci=4348420 pci=268 tac=1004 earfcn=1550 rsrp=-105 rsrq=-13 rssnr=-6 cqi=8</cellinfo>
                    <barometer xmlns:xsi="http://www.w3.org/2001/XMLSchema-instance">932.700</barometer>
                </extensions>
            </trkpt>
            <trkpt lat="37.655569" lon="126.978633">
                <ele>739.1</ele>
                <time>2020-04-15T05:56:29.000Z</time>
                <name>Position 472</name>
                <extensions>
                    <cellinfo xmlns:xsi="http://www.w3.org/2001/XMLSchema-instance">mcc=450 mnc=8 ci=4348420 pci=268 tac=1004 earfcn=1550 rsrp=-91 rsrq=-14 rssnr=-3 cqi=8</cellinfo>
                    <barometer xmlns:xsi="http://www.w3.org/2001/XMLSchema-instance">932.732</barometer>
                </extensions>
            </trkpt>
            <trkpt lat="37.655743" lon="126.978527">
                <ele>736.8</ele>
                <time>2020-04-15T05:56:52.000Z</time>
                <name>Position 473</name>
                <extensions>
                    <cellinfo xmlns:xsi="http://www.w3.org/2001/XMLSchema-instance">mcc=450 mnc=8 ci=4348420 pci=268 tac=1004 earfcn=1550 rsrp=-95 rsrq=-14 rssnr=-4 cqi=6</cellinfo>
                    <barometer xmlns:xsi="http://www.w3.org/2001/XMLSchema-instance">933.386</barometer>
                </extensions>
            </trkpt>
            <trkpt lat="37.655948" lon="126.97845">
                <ele>735.1</ele>
                <time>2020-04-15T05:57:09.000Z</time>
                <name>Position 474</name>
                <extensions>
                    <cellinfo xmlns:xsi="http://www.w3.org/2001/XMLSchema-instance">mcc=450 mnc=8 ci=4348420 pci=268 tac=1004 earfcn=1550 rsrp=-96 rsrq=-16 rssnr=-9 cqi=7</cellinfo>
                    <barometer xmlns:xsi="http://www.w3.org/2001/XMLSchema-instance">933.740</barometer>
                </extensions>
            </trkpt>
            <trkpt lat="37.656148" lon="126.978501">
                <ele>727.9</ele>
                <time>2020-04-15T05:57:32.000Z</time>
                <name>Position 475</name>
                <extensions>
                    <cellinfo xmlns:xsi="http://www.w3.org/2001/XMLSchema-instance">mcc=450 mnc=8 ci=4348420 pci=268 tac=1004 earfcn=1550 rsrp=-97 rsrq=-12 rssnr=-5 cqi=4</cellinfo>
                    <barometer xmlns:xsi="http://www.w3.org/2001/XMLSchema-instance">934.624</barometer>
                </extensions>
            </trkpt>
            <trkpt lat="37.65634" lon="126.978533">
                <ele>723.5</ele>
                <time>2020-04-15T05:57:56.000Z</time>
                <name>Position 476</name>
                <extensions>
                    <cellinfo xmlns:xsi="http://www.w3.org/2001/XMLSchema-instance">mcc=450 mnc=8 ci=4348420 pci=268 tac=1004 earfcn=1550 rsrp=-96 rsrq=-13 rssnr=-2 cqi=5</cellinfo>
                    <barometer xmlns:xsi="http://www.w3.org/2001/XMLSchema-instance">935.429</barometer>
                </extensions>
            </trkpt>
            <trkpt lat="37.656484" lon="126.978651">
                <ele>719.0</ele>
                <time>2020-04-15T05:58:19.000Z</time>
                <name>Position 477</name>
                <extensions>
                    <cellinfo xmlns:xsi="http://www.w3.org/2001/XMLSchema-instance">mcc=450 mnc=8 ci=4348420 pci=268 tac=1004 earfcn=1550 rsrp=-96 rsrq=-13 rssnr=-2 cqi=5</cellinfo>
                    <barometer xmlns:xsi="http://www.w3.org/2001/XMLSchema-instance">934.902</barometer>
                </extensions>
            </trkpt>
            <trkpt lat="37.656715" lon="126.978636">
                <ele>717.0</ele>
                <time>2020-04-15T05:58:46.000Z</time>
                <name>Position 478</name>
                <extensions>
                    <cellinfo xmlns:xsi="http://www.w3.org/2001/XMLSchema-instance">mcc=450 mnc=8 ci=4348417 pci=268 tac=1004 earfcn=3743 rsrp=-89 rsrq=-13 rssnr=2 cqi=5</cellinfo>
                    <barometer xmlns:xsi="http://www.w3.org/2001/XMLSchema-instance">935.580</barometer>
                </extensions>
            </trkpt>
            <trkpt lat="37.656853" lon="126.978789">
                <ele>715.4</ele>
                <time>2020-04-15T05:59:08.000Z</time>
                <name>Position 479</name>
                <extensions>
                    <cellinfo xmlns:xsi="http://www.w3.org/2001/XMLSchema-instance">mcc=450 mnc=8 ci=4348417 pci=268 tac=1004 earfcn=3743 rsrp=-90 rsrq=-14 rssnr=-1 cqi=5</cellinfo>
                    <barometer xmlns:xsi="http://www.w3.org/2001/XMLSchema-instance">935.536</barometer>
                </extensions>
            </trkpt>
            <trkpt lat="37.657055" lon="126.978829">
                <ele>713.5</ele>
                <time>2020-04-15T05:59:35.000Z</time>
                <name>Position 480</name>
                <extensions>
                    <cellinfo xmlns:xsi="http://www.w3.org/2001/XMLSchema-instance">mcc=450 mnc=8 ci=4348417 pci=268 tac=1004 earfcn=3743 rsrp=-88 rsrq=-14 rssnr=1 cqi=7</cellinfo>
                    <barometer xmlns:xsi="http://www.w3.org/2001/XMLSchema-instance">936.218</barometer>
                </extensions>
            </trkpt>
            <trkpt lat="37.657198" lon="126.978966">
                <ele>711.4</ele>
                <time>2020-04-15T06:00:04.000Z</time>
                <name>Position 481</name>
                <extensions>
                    <cellinfo xmlns:xsi="http://www.w3.org/2001/XMLSchema-instance">mcc=450 mnc=8 ci=4348417 pci=268 tac=1004 earfcn=3743 rsrp=-91 rsrq=-15 rssnr=-2 cqi=7</cellinfo>
                    <barometer xmlns:xsi="http://www.w3.org/2001/XMLSchema-instance">935.933</barometer>
                </extensions>
            </trkpt>
            <trkpt lat="37.657372" lon="126.979057">
                <ele>715.1</ele>
                <time>2020-04-15T06:00:35.000Z</time>
                <name>Position 482</name>
                <extensions>
                    <cellinfo xmlns:xsi="http://www.w3.org/2001/XMLSchema-instance">mcc=450 mnc=8 ci=4348417 pci=268 tac=1004 earfcn=3743 rsrp=-96 rsrq=-16 rssnr=-4 cqi=5</cellinfo>
                    <barometer xmlns:xsi="http://www.w3.org/2001/XMLSchema-instance">935.718</barometer>
                </extensions>
            </trkpt>
            <trkpt lat="37.65747" lon="126.979199">
                <ele>724.5</ele>
                <time>2020-04-15T06:01:26.000Z</time>
                <name>Position 483</name>
                <extensions>
                    <cellinfo xmlns:xsi="http://www.w3.org/2001/XMLSchema-instance">mcc=450 mnc=8 ci=4348420 pci=268 tac=1004 earfcn=1550 rsrp=-95 rsrq=-11 rssnr=3 cqi=2</cellinfo>
                    <barometer xmlns:xsi="http://www.w3.org/2001/XMLSchema-instance">934.425</barometer>
                </extensions>
            </trkpt>
            <trkpt lat="37.657597" lon="126.979316">
                <ele>735.0</ele>
                <time>2020-04-15T06:02:27.000Z</time>
                <name>Position 484</name>
                <extensions>
                    <cellinfo xmlns:xsi="http://www.w3.org/2001/XMLSchema-instance">mcc=450 mnc=8 ci=4348420 pci=268 tac=1004 earfcn=1550 rsrp=-95 rsrq=-12 rssnr=-1 cqi=2</cellinfo>
                    <barometer xmlns:xsi="http://www.w3.org/2001/XMLSchema-instance">932.927</barometer>
                </extensions>
            </trkpt>
            <trkpt lat="37.657663" lon="126.979512">
                <ele>738.5</ele>
                <time>2020-04-15T06:03:12.000Z</time>
                <name>Position 485</name>
                <extensions>
                    <cellinfo xmlns:xsi="http://www.w3.org/2001/XMLSchema-instance">mcc=450 mnc=8 ci=5418496 pci=281 tac=117 earfcn=3743 rsrp=-76 rsrq=-7 rssnr=14 cqi=6</cellinfo>
                    <barometer xmlns:xsi="http://www.w3.org/2001/XMLSchema-instance">932.214</barometer>
                </extensions>
            </trkpt>
            <trkpt lat="37.657849" lon="126.979449">
                <ele>742.7</ele>
                <time>2020-04-15T06:03:43.000Z</time>
                <name>Position 486</name>
                <extensions>
                    <cellinfo xmlns:xsi="http://www.w3.org/2001/XMLSchema-instance">mcc=450 mnc=8 ci=5418496 pci=281 tac=117 earfcn=3743 rsrp=-85 rsrq=-9 rssnr=2 cqi=6</cellinfo>
                    <barometer xmlns:xsi="http://www.w3.org/2001/XMLSchema-instance">931.825</barometer>
                </extensions>
            </trkpt>
            <trkpt lat="37.658034" lon="126.979415">
                <ele>750.2</ele>
                <time>2020-04-15T06:04:29.000Z</time>
                <name>Position 487</name>
                <extensions>
                    <cellinfo xmlns:xsi="http://www.w3.org/2001/XMLSchema-instance">mcc=450 mnc=8 ci=5418496 pci=281 tac=117 earfcn=3743 rsrp=-85 rsrq=-9 rssnr=7 cqi=6</cellinfo>
                    <barometer xmlns:xsi="http://www.w3.org/2001/XMLSchema-instance">930.729</barometer>
                </extensions>
            </trkpt>
            <trkpt lat="37.65806" lon="126.979226">
                <ele>766.8</ele>
                <time>2020-04-15T06:06:34.000Z</time>
                <name>Position 488</name>
                <extensions>
                    <cellinfo xmlns:xsi="http://www.w3.org/2001/XMLSchema-instance">mcc=450 mnc=8 ci=5418502 pci=281 tac=117 earfcn=475 rsrp=-85 rsrq=-6 rssnr=17 cqi=6</cellinfo>
                    <barometer xmlns:xsi="http://www.w3.org/2001/XMLSchema-instance">929.601</barometer>
                </extensions>
            </trkpt>
            <trkpt lat="37.657967" lon="126.979064">
                <ele>776.5</ele>
                <time>2020-04-15T06:07:56.000Z</time>
                <name>Position 489</name>
                <extensions>
                    <cellinfo xmlns:xsi="http://www.w3.org/2001/XMLSchema-instance">mcc=450 mnc=8 ci=5418502 pci=281 tac=117 earfcn=475 rsrp=-92 rsrq=-7 rssnr=4 cqi=7</cellinfo>
                    <barometer xmlns:xsi="http://www.w3.org/2001/XMLSchema-instance">928.474</barometer>
                </extensions>
            </trkpt>
            <trkpt lat="37.658044" lon="126.978875">
                <ele>782.4</ele>
                <time>2020-04-15T06:08:51.000Z</time>
                <name>Position 490</name>
                <extensions>
                    <cellinfo xmlns:xsi="http://www.w3.org/2001/XMLSchema-instance">mcc=450 mnc=8 ci=4348420 pci=268 tac=1004 earfcn=1550 rsrp=-94 rsrq=-13 rssnr=-6 cqi=7</cellinfo>
                    <barometer xmlns:xsi="http://www.w3.org/2001/XMLSchema-instance">927.420</barometer>
                </extensions>
            </trkpt>
            <trkpt lat="37.658124" lon="126.978678">
                <ele>790.5</ele>
                <time>2020-04-15T06:09:49.000Z</time>
                <name>Position 491</name>
                <extensions>
                    <cellinfo xmlns:xsi="http://www.w3.org/2001/XMLSchema-instance">mcc=450 mnc=8 ci=5418496 pci=281 tac=117 earfcn=3743 rsrp=-88 rsrq=-12 rssnr=1 cqi=2</cellinfo>
                    <barometer xmlns:xsi="http://www.w3.org/2001/XMLSchema-instance">926.241</barometer>
                </extensions>
            </trkpt>
            <trkpt lat="37.658184" lon="126.978517">
                <ele>805.1</ele>
                <time>2020-04-15T06:11:04.000Z</time>
                <name>Position 492</name>
                <extensions>
                    <cellinfo xmlns:xsi="http://www.w3.org/2001/XMLSchema-instance">mcc=450 mnc=8 ci=5418502 pci=281 tac=117 earfcn=475 rsrp=-83 rsrq=-7 rssnr=23 cqi=2</cellinfo>
                    <barometer xmlns:xsi="http://www.w3.org/2001/XMLSchema-instance">925.024</barometer>
                </extensions>
            </trkpt>
            <trkpt lat="37.658309" lon="126.978404">
                <ele>815.9</ele>
                <time>2020-04-15T06:12:29.000Z</time>
                <name>Position 493</name>
                <extensions>
                    <cellinfo xmlns:xsi="http://www.w3.org/2001/XMLSchema-instance">mcc=450 mnc=8 ci=5418502 pci=281 tac=117 earfcn=475 rsrp=-101 rsrq=-14 rssnr=-6 cqi=2</cellinfo>
                    <barometer xmlns:xsi="http://www.w3.org/2001/XMLSchema-instance">923.823</barometer>
                </extensions>
            </trkpt>
            <trkpt lat="37.658416" lon="126.9784">
                <ele>827.2</ele>
                <time>2020-04-15T06:13:27.000Z</time>
                <name>Position 494</name>
                <extensions>
                    <cellinfo xmlns:xsi="http://www.w3.org/2001/XMLSchema-instance">mcc=450 mnc=8 ci=5419777 pci=13 tac=117 earfcn=3743 rsrp=-92 rsrq=-19 rssnr=-10 cqi=2</cellinfo>
                    <barometer xmlns:xsi="http://www.w3.org/2001/XMLSchema-instance">922.605</barometer>
                </extensions>
            </trkpt>
            <trkpt lat="37.658541" lon="126.978579">
                <ele>831.7</ele>
                <time>2020-04-15T06:14:22.000Z</time>
                <name>Position 495</name>
                <extensions>
                    <cellinfo xmlns:xsi="http://www.w3.org/2001/XMLSchema-instance">mcc=450 mnc=8 ci=5418502 pci=281 tac=117 earfcn=475 rsrp=-82 rsrq=-7 rssnr=15 cqi=2</cellinfo>
                    <barometer xmlns:xsi="http://www.w3.org/2001/XMLSchema-instance">922.613</barometer>
                </extensions>
            </trkpt>
            <trkpt lat="37.658688" lon="126.978491">
                <ele>838.5</ele>
                <time>2020-04-15T06:14:54.000Z</time>
                <name>Position 496</name>
                <extensions>
                    <cellinfo xmlns:xsi="http://www.w3.org/2001/XMLSchema-instance">mcc=450 mnc=8 ci=5418502 pci=281 tac=117 earfcn=475 rsrp=-86 rsrq=-5 rssnr=17 cqi=2</cellinfo>
                    <barometer xmlns:xsi="http://www.w3.org/2001/XMLSchema-instance">921.518</barometer>
                </extensions>
            </trkpt>
            <trkpt lat="37.658846" lon="126.978393">
                <ele>843.0</ele>
                <time>2020-04-15T06:15:28.000Z</time>
                <name>Position 497</name>
                <extensions>
                    <cellinfo xmlns:xsi="http://www.w3.org/2001/XMLSchema-instance">mcc=450 mnc=8 ci=5249283 pci=472 tac=117 earfcn=1550 rsrp=-95 rsrq=-15 rssnr=-9 cqi=2</cellinfo>
                    <barometer xmlns:xsi="http://www.w3.org/2001/XMLSchema-instance">920.981</barometer>
                </extensions>
            </trkpt>
            <trkpt lat="37.658701" lon="126.978271">
                <ele>850.5</ele>
                <time>2020-04-15T06:16:09.000Z</time>
                <name>Position 498</name>
                <extensions>
                    <cellinfo xmlns:xsi="http://www.w3.org/2001/XMLSchema-instance">mcc=450 mnc=8 ci=5249283 pci=472 tac=117 earfcn=1550 rsrp=-86 rsrq=-15 rssnr=-10 cqi=2</cellinfo>
                    <barometer xmlns:xsi="http://www.w3.org/2001/XMLSchema-instance">920.183</barometer>
                </extensions>
            </trkpt>
            <trkpt lat="37.658734" lon="126.978136">
                <ele>860.6</ele>
                <time>2020-04-15T06:18:52.000Z</time>
                <name>Position 499</name>
                <extensions>
                    <pause xmlns:xsi="http://www.w3.org/2001/XMLSchema-instance">start</pause>
                    <type xmlns:xsi="http://www.w3.org/2001/XMLSchema-instance">unknown</type>
                    <cellinfo xmlns:xsi="http://www.w3.org/2001/XMLSchema-instance">mcc=450 mnc=8 ci=5418496 pci=281 tac=117 earfcn=3743 rsrp=-91 rsrq=-14 rssnr=-6 cqi=2</cellinfo>
                    <barometer xmlns:xsi="http://www.w3.org/2001/XMLSchema-instance">919.487</barometer>
                </extensions>
            </trkpt>
            <trkpt lat="37.658648" lon="126.978118">
                <ele>857.8</ele>
                <time>2020-04-15T06:20:50.000Z</time>
                <name>Position 500</name>
                <extensions>
                    <pause xmlns:xsi="http://www.w3.org/2001/XMLSchema-instance">end</pause>
                    <type xmlns:xsi="http://www.w3.org/2001/XMLSchema-instance">auto</type>
                    <cellinfo xmlns:xsi="http://www.w3.org/2001/XMLSchema-instance">mcc=450 mnc=8 ci=5419780 pci=472 tac=117 earfcn=1550 rsrp=-98 rsrq=-25 rssnr=-16 cqi=2</cellinfo>
                    <barometer xmlns:xsi="http://www.w3.org/2001/XMLSchema-instance">919.762</barometer>
                </extensions>
            </trkpt>
            <trkpt lat="37.658556" lon="126.978126">
                <ele>857.4</ele>
                <time>2020-04-15T06:21:20.000Z</time>
                <name>Position 501</name>
                <extensions>
                    <cellinfo xmlns:xsi="http://www.w3.org/2001/XMLSchema-instance">mcc=450 mnc=8 ci=4348420 pci=13 tac=1004 earfcn=1550 rsrp=-109 rsrq=-23 rssnr=-12 cqi=2</cellinfo>
                    <barometer xmlns:xsi="http://www.w3.org/2001/XMLSchema-instance">920.041</barometer>
                </extensions>
            </trkpt>
            <trkpt lat="37.65856" lon="126.978102">
                <ele>856.8</ele>
                <time>2020-04-15T06:23:15.000Z</time>
                <name>Position 502</name>
                <extensions>
                    <pause xmlns:xsi="http://www.w3.org/2001/XMLSchema-instance">start</pause>
                    <type xmlns:xsi="http://www.w3.org/2001/XMLSchema-instance">unknown</type>
                    <cellinfo xmlns:xsi="http://www.w3.org/2001/XMLSchema-instance">mcc=450 mnc=8 ci=5249283 pci=472 tac=117 earfcn=1550 rsrp=-87 rsrq=-13 rssnr=0 cqi=15</cellinfo>
                    <barometer xmlns:xsi="http://www.w3.org/2001/XMLSchema-instance">919.799</barometer>
                </extensions>
            </trkpt>
            <trkpt lat="37.658633" lon="126.978206">
                <ele>856.4</ele>
                <time>2020-04-15T06:23:37.000Z</time>
                <name>Position 503</name>
                <extensions>
                    <pause xmlns:xsi="http://www.w3.org/2001/XMLSchema-instance">end</pause>
                    <type xmlns:xsi="http://www.w3.org/2001/XMLSchema-instance">auto</type>
                    <cellinfo xmlns:xsi="http://www.w3.org/2001/XMLSchema-instance">mcc=450 mnc=8 ci=5418502 pci=281 tac=117 earfcn=475 rsrp=-107 rsrq=-21 rssnr=-16 cqi=2</cellinfo>
                    <barometer xmlns:xsi="http://www.w3.org/2001/XMLSchema-instance">919.923</barometer>
                </extensions>
            </trkpt>
            <trkpt lat="37.658697" lon="126.978209">
                <ele>857.0</ele>
                <time>2020-04-15T06:25:36.000Z</time>
                <name>Position 504</name>
                <extensions>
                    <pause xmlns:xsi="http://www.w3.org/2001/XMLSchema-instance">start</pause>
                    <type xmlns:xsi="http://www.w3.org/2001/XMLSchema-instance">unknown</type>
                    <cellinfo xmlns:xsi="http://www.w3.org/2001/XMLSchema-instance">mcc=450 mnc=8 ci=5418496 pci=281 tac=117 earfcn=3743 rsrp=-95 rsrq=-15 rssnr=-7 cqi=5</cellinfo>
                    <barometer xmlns:xsi="http://www.w3.org/2001/XMLSchema-instance">919.986</barometer>
                </extensions>
            </trkpt>
            <trkpt lat="37.658764" lon="126.978285">
                <ele>851.7</ele>
                <time>2020-04-15T06:28:34.000Z</time>
                <name>Position 505</name>
                <extensions>
                    <pause xmlns:xsi="http://www.w3.org/2001/XMLSchema-instance">end</pause>
                    <type xmlns:xsi="http://www.w3.org/2001/XMLSchema-instance">auto</type>
                    <cellinfo xmlns:xsi="http://www.w3.org/2001/XMLSchema-instance">mcc=450 mnc=8 ci=5418496 pci=281 tac=117 earfcn=3743 rsrp=-76 rsrq=-9 rssnr=9 cqi=5</cellinfo>
                    <barometer xmlns:xsi="http://www.w3.org/2001/XMLSchema-instance">920.536</barometer>
                </extensions>
            </trkpt>
            <trkpt lat="37.658842" lon="126.978352">
                <ele>848.9</ele>
                <time>2020-04-15T06:28:45.000Z</time>
                <name>Position 506</name>
                <extensions>
                    <cellinfo xmlns:xsi="http://www.w3.org/2001/XMLSchema-instance">mcc=450 mnc=8 ci=5418496 pci=281 tac=117 earfcn=3743 rsrp=-79 rsrq=-11 rssnr=1 cqi=5</cellinfo>
                    <barometer xmlns:xsi="http://www.w3.org/2001/XMLSchema-instance">920.921</barometer>
                </extensions>
            </trkpt>
            <trkpt lat="37.658686" lon="126.978489">
                <ele>844.1</ele>
                <time>2020-04-15T06:29:15.000Z</time>
                <name>Position 507</name>
                <extensions>
                    <cellinfo xmlns:xsi="http://www.w3.org/2001/XMLSchema-instance">mcc=450 mnc=8 ci=5249283 pci=472 tac=117 earfcn=1550 rsrp=-83 rsrq=-12 rssnr=-4 cqi=5</cellinfo>
                    <barometer xmlns:xsi="http://www.w3.org/2001/XMLSchema-instance">921.455</barometer>
                </extensions>
            </trkpt>
            <trkpt lat="37.658566" lon="126.978618">
                <ele>837.2</ele>
                <time>2020-04-15T06:30:33.000Z</time>
                <name>Position 508</name>
                <extensions>
                    <cellinfo xmlns:xsi="http://www.w3.org/2001/XMLSchema-instance">mcc=450 mnc=8 ci=5418502 pci=281 tac=117 earfcn=475 rsrp=-76 rsrq=-7 rssnr=5 cqi=5</cellinfo>
                    <barometer xmlns:xsi="http://www.w3.org/2001/XMLSchema-instance">922.488</barometer>
                </extensions>
            </trkpt>
            <trkpt lat="37.658405" lon="126.978475">
                <ele>834.4</ele>
                <time>2020-04-15T06:31:58.000Z</time>
                <name>Position 509</name>
                <extensions>
                    <cellinfo xmlns:xsi="http://www.w3.org/2001/XMLSchema-instance">mcc=450 mnc=8 ci=5418502 pci=281 tac=117 earfcn=475 rsrp=-100 rsrq=-16 rssnr=-6 cqi=3</cellinfo>
                    <barometer xmlns:xsi="http://www.w3.org/2001/XMLSchema-instance">922.518</barometer>
                </extensions>
            </trkpt>
            <trkpt lat="37.658286" lon="126.978448">
                <ele>824.2</ele>
                <time>2020-04-15T06:32:50.000Z</time>
                <name>Position 510</name>
                <extensions>
                    <cellinfo xmlns:xsi="http://www.w3.org/2001/XMLSchema-instance">mcc=450 mnc=8 ci=5418502 pci=281 tac=117 earfcn=475 rsrp=-93 rsrq=-9 rssnr=2 cqi=6</cellinfo>
                    <barometer xmlns:xsi="http://www.w3.org/2001/XMLSchema-instance">923.657</barometer>
                </extensions>
            </trkpt>
            <trkpt lat="37.658237" lon="126.978479">
                <ele>818.1</ele>
                <time>2020-04-15T06:34:50.000Z</time>
                <name>Position 511</name>
                <extensions>
                    <pause xmlns:xsi="http://www.w3.org/2001/XMLSchema-instance">start</pause>
                    <type xmlns:xsi="http://www.w3.org/2001/XMLSchema-instance">unknown</type>
                    <cellinfo xmlns:xsi="http://www.w3.org/2001/XMLSchema-instance">mcc=450 mnc=8 ci=5418502 pci=281 tac=117 earfcn=475 rsrp=-76 rsrq=-6 rssnr=22 cqi=6</cellinfo>
                    <barometer xmlns:xsi="http://www.w3.org/2001/XMLSchema-instance">924.526</barometer>
                </extensions>
            </trkpt>
            <trkpt lat="37.658192" lon="126.97857">
                <ele>813.7</ele>
                <time>2020-04-15T06:35:13.000Z</time>
                <name>Position 512</name>
                <extensions>
                    <pause xmlns:xsi="http://www.w3.org/2001/XMLSchema-instance">end</pause>
                    <type xmlns:xsi="http://www.w3.org/2001/XMLSchema-instance">auto</type>
                    <cellinfo xmlns:xsi="http://www.w3.org/2001/XMLSchema-instance">mcc=450 mnc=8 ci=5418502 pci=281 tac=117 earfcn=475 rsrp=-66 rsrq=-5 rssnr=27 cqi=6</cellinfo>
                    <barometer xmlns:xsi="http://www.w3.org/2001/XMLSchema-instance">925.072</barometer>
                </extensions>
            </trkpt>
            <trkpt lat="37.658102" lon="126.978732">
                <ele>803.8</ele>
                <time>2020-04-15T06:37:06.000Z</time>
                <name>Position 513</name>
                <extensions>
                    <cellinfo xmlns:xsi="http://www.w3.org/2001/XMLSchema-instance">mcc=450 mnc=8 ci=5418502 pci=281 tac=117 earfcn=475 rsrp=-83 rsrq=-6 rssnr=4 cqi=6</cellinfo>
                    <barometer xmlns:xsi="http://www.w3.org/2001/XMLSchema-instance">925.790</barometer>
                </extensions>
            </trkpt>
            <trkpt lat="37.658038" lon="126.978943">
                <ele>800.8</ele>
                <time>2020-04-15T06:37:47.000Z</time>
                <name>Position 514</name>
                <extensions>
                    <cellinfo xmlns:xsi="http://www.w3.org/2001/XMLSchema-instance">mcc=450 mnc=8 ci=5418502 pci=281 tac=117 earfcn=475 rsrp=-89 rsrq=-11 rssnr=-2 cqi=6</cellinfo>
                    <barometer xmlns:xsi="http://www.w3.org/2001/XMLSchema-instance">927.071</barometer>
                </extensions>
            </trkpt>
            <trkpt lat="37.65794" lon="126.979073">
                <ele>788.8</ele>
                <time>2020-04-15T06:38:41.000Z</time>
                <name>Position 515</name>
                <extensions>
                    <cellinfo xmlns:xsi="http://www.w3.org/2001/XMLSchema-instance">mcc=450 mnc=8 ci=5418502 pci=281 tac=117 earfcn=475 rsrp=-80 rsrq=-7 rssnr=12 cqi=6</cellinfo>
                    <barometer xmlns:xsi="http://www.w3.org/2001/XMLSchema-instance">928.191</barometer>
                </extensions>
            </trkpt>
            <trkpt lat="37.658033" lon="126.979263">
                <ele>779.3</ele>
                <time>2020-04-15T06:39:22.000Z</time>
                <name>Position 516</name>
                <extensions>
                    <cellinfo xmlns:xsi="http://www.w3.org/2001/XMLSchema-instance">mcc=450 mnc=8 ci=5418502 pci=281 tac=117 earfcn=475 rsrp=-82 rsrq=-6 rssnr=21 cqi=6</cellinfo>
                    <barometer xmlns:xsi="http://www.w3.org/2001/XMLSchema-instance">929.520</barometer>
                </extensions>
            </trkpt>
            <trkpt lat="37.657939" lon="126.979456">
                <ele>772.8</ele>
                <time>2020-04-15T06:39:46.000Z</time>
                <name>Position 517</name>
                <extensions>
                    <cellinfo xmlns:xsi="http://www.w3.org/2001/XMLSchema-instance">mcc=450 mnc=8 ci=5418502 pci=281 tac=117 earfcn=475 rsrp=-86 rsrq=-7 rssnr=7 cqi=6</cellinfo>
                    <barometer xmlns:xsi="http://www.w3.org/2001/XMLSchema-instance">930.547</barometer>
                </extensions>
            </trkpt>
            <trkpt lat="37.65779" lon="126.979483">
                <ele>762.8</ele>
                <time>2020-04-15T06:40:14.000Z</time>
                <name>Position 518</name>
                <extensions>
                    <cellinfo xmlns:xsi="http://www.w3.org/2001/XMLSchema-instance">mcc=450 mnc=8 ci=5418502 pci=281 tac=117 earfcn=475 rsrp=-91 rsrq=-5 rssnr=10 cqi=6</cellinfo>
                    <barometer xmlns:xsi="http://www.w3.org/2001/XMLSchema-instance">931.399</barometer>
                </extensions>
            </trkpt>
            <trkpt lat="37.657654" lon="126.979624">
                <ele>755.5</ele>
                <time>2020-04-15T06:40:47.000Z</time>
                <name>Position 519</name>
                <extensions>
                    <cellinfo xmlns:xsi="http://www.w3.org/2001/XMLSchema-instance">mcc=450 mnc=8 ci=5418502 pci=281 tac=117 earfcn=475 rsrp=-88 rsrq=-5 rssnr=9 cqi=6</cellinfo>
                    <barometer xmlns:xsi="http://www.w3.org/2001/XMLSchema-instance">932.139</barometer>
                </extensions>
            </trkpt>
            <trkpt lat="37.657827" lon="126.979674">
                <ele>747.9</ele>
                <time>2020-04-15T06:41:18.000Z</time>
                <name>Position 520</name>
                <extensions>
                    <cellinfo xmlns:xsi="http://www.w3.org/2001/XMLSchema-instance">mcc=450 mnc=8 ci=5418502 pci=281 tac=117 earfcn=475 rsrp=-91 rsrq=-8 rssnr=14 cqi=6</cellinfo>
                    <barometer xmlns:xsi="http://www.w3.org/2001/XMLSchema-instance">932.909</barometer>
                </extensions>
            </trkpt>
            <trkpt lat="37.657856" lon="126.979881">
                <ele>738.0</ele>
                <time>2020-04-15T06:42:10.000Z</time>
                <name>Position 521</name>
                <extensions>
                    <cellinfo xmlns:xsi="http://www.w3.org/2001/XMLSchema-instance">mcc=450 mnc=8 ci=5418502 pci=281 tac=117 earfcn=475 rsrp=-83 rsrq=-6 rssnr=12 cqi=6</cellinfo>
                    <barometer xmlns:xsi="http://www.w3.org/2001/XMLSchema-instance">933.846</barometer>
                </extensions>
            </trkpt>
            <trkpt lat="37.65792" lon="126.98009">
                <ele>729.2</ele>
                <time>2020-04-15T06:42:53.000Z</time>
                <name>Position 522</name>
                <extensions>
                    <cellinfo xmlns:xsi="http://www.w3.org/2001/XMLSchema-instance">mcc=450 mnc=8 ci=5418502 pci=281 tac=117 earfcn=475 rsrp=-81 rsrq=-7 rssnr=22 cqi=6</cellinfo>
                    <barometer xmlns:xsi="http://www.w3.org/2001/XMLSchema-instance">934.849</barometer>
                </extensions>
            </trkpt>
            <trkpt lat="37.658037" lon="126.980298">
                <ele>725.7</ele>
                <time>2020-04-15T06:43:15.000Z</time>
                <name>Position 523</name>
                <extensions>
                    <cellinfo xmlns:xsi="http://www.w3.org/2001/XMLSchema-instance">mcc=450 mnc=8 ci=5418502 pci=281 tac=117 earfcn=475 rsrp=-81 rsrq=-5 rssnr=16 cqi=6</cellinfo>
                    <barometer xmlns:xsi="http://www.w3.org/2001/XMLSchema-instance">935.524</barometer>
                </extensions>
            </trkpt>
            <trkpt lat="37.658022" lon="126.980475">
                <ele>713.6</ele>
                <time>2020-04-15T06:43:52.000Z</time>
                <name>Position 524</name>
                <extensions>
                    <cellinfo xmlns:xsi="http://www.w3.org/2001/XMLSchema-instance">mcc=450 mnc=8 ci=5418502 pci=281 tac=117 earfcn=475 rsrp=-80 rsrq=-7 rssnr=19 cqi=6</cellinfo>
                    <barometer xmlns:xsi="http://www.w3.org/2001/XMLSchema-instance">936.113</barometer>
                </extensions>
            </trkpt>
            <trkpt lat="37.658029" lon="126.98068">
                <ele>703.1</ele>
                <time>2020-04-15T06:45:10.000Z</time>
                <name>Position 525</name>
                <extensions>
                    <cellinfo xmlns:xsi="http://www.w3.org/2001/XMLSchema-instance">mcc=450 mnc=8 ci=5418502 pci=281 tac=117 earfcn=475 rsrp=-82 rsrq=-5 rssnr=23 cqi=6</cellinfo>
                    <barometer xmlns:xsi="http://www.w3.org/2001/XMLSchema-instance">937.216</barometer>
                </extensions>
            </trkpt>
            <trkpt lat="37.658209" lon="126.980794">
                <ele>700.6</ele>
                <time>2020-04-15T06:45:39.000Z</time>
                <name>Position 526</name>
                <extensions>
                    <cellinfo xmlns:xsi="http://www.w3.org/2001/XMLSchema-instance">mcc=450 mnc=8 ci=5418502 pci=281 tac=117 earfcn=475 rsrp=-84 rsrq=-5 rssnr=23 cqi=6</cellinfo>
                    <barometer xmlns:xsi="http://www.w3.org/2001/XMLSchema-instance">938.187</barometer>
                </extensions>
            </trkpt>
            <trkpt lat="37.658328" lon="126.980919">
                <ele>695.6</ele>
                <time>2020-04-15T06:46:03.000Z</time>
                <name>Position 527</name>
                <extensions>
                    <cellinfo xmlns:xsi="http://www.w3.org/2001/XMLSchema-instance">mcc=450 mnc=8 ci=5418502 pci=281 tac=117 earfcn=475 rsrp=-81 rsrq=-5 rssnr=29 cqi=6</cellinfo>
                    <barometer xmlns:xsi="http://www.w3.org/2001/XMLSchema-instance">939.233</barometer>
                </extensions>
            </trkpt>
            <trkpt lat="37.658419" lon="126.981108">
                <ele>686.1</ele>
                <time>2020-04-15T06:46:32.000Z</time>
                <name>Position 528</name>
                <extensions>
                    <cellinfo xmlns:xsi="http://www.w3.org/2001/XMLSchema-instance">mcc=450 mnc=8 ci=5418502 pci=281 tac=117 earfcn=475 rsrp=-84 rsrq=-6 rssnr=29 cqi=6</cellinfo>
                    <barometer xmlns:xsi="http://www.w3.org/2001/XMLSchema-instance">940.075</barometer>
                </extensions>
            </trkpt>
            <trkpt lat="37.658444" lon="126.981195">
                <ele>677.2</ele>
                <time>2020-04-15T06:48:32.000Z</time>
                <name>Position 529</name>
                <extensions>
                    <pause xmlns:xsi="http://www.w3.org/2001/XMLSchema-instance">start</pause>
                    <type xmlns:xsi="http://www.w3.org/2001/XMLSchema-instance">unknown</type>
                    <cellinfo xmlns:xsi="http://www.w3.org/2001/XMLSchema-instance">mcc=450 mnc=8 ci=5418502 pci=281 tac=117 earfcn=475 rsrp=-81 rsrq=-5 rssnr=30 cqi=6</cellinfo>
                    <barometer xmlns:xsi="http://www.w3.org/2001/XMLSchema-instance">940.189</barometer>
                </extensions>
            </trkpt>
            <trkpt lat="37.658413" lon="126.981266">
                <ele>661.9</ele>
                <time>2020-04-15T06:59:33.000Z</time>
                <name>Position 530</name>
                <extensions>
                    <pause xmlns:xsi="http://www.w3.org/2001/XMLSchema-instance">end</pause>
                    <type xmlns:xsi="http://www.w3.org/2001/XMLSchema-instance">auto</type>
                    <cellinfo xmlns:xsi="http://www.w3.org/2001/XMLSchema-instance">mcc=450 mnc=8 ci=5418502 pci=281 tac=117 earfcn=475 rsrp=-81 rsrq=-6 rssnr=29 cqi=15</cellinfo>
                    <barometer xmlns:xsi="http://www.w3.org/2001/XMLSchema-instance">940.130</barometer>
                </extensions>
            </trkpt>
            <trkpt lat="37.6585" lon="126.981267">
                <ele>666.1</ele>
                <time>2020-04-15T07:00:01.000Z</time>
                <name>Position 531</name>
                <extensions>
                    <cellinfo xmlns:xsi="http://www.w3.org/2001/XMLSchema-instance">mcc=450 mnc=8 ci=5418502 pci=281 tac=117 earfcn=475 rsrp=-74 rsrq=-6 rssnr=30 cqi=15</cellinfo>
                    <barometer xmlns:xsi="http://www.w3.org/2001/XMLSchema-instance">940.190</barometer>
                </extensions>
            </trkpt>
            <trkpt lat="37.658416" lon="126.981429">
                <ele>668.2</ele>
                <time>2020-04-15T07:00:27.000Z</time>
                <name>Position 532</name>
                <extensions>
                    <cellinfo xmlns:xsi="http://www.w3.org/2001/XMLSchema-instance">mcc=450 mnc=8 ci=5418502 pci=281 tac=117 earfcn=475 rsrp=-86 rsrq=-6 rssnr=15 cqi=15</cellinfo>
                    <barometer xmlns:xsi="http://www.w3.org/2001/XMLSchema-instance">941.066</barometer>
                </extensions>
            </trkpt>
            <trkpt lat="37.658296" lon="126.981596">
                <ele>657.2</ele>
                <time>2020-04-15T07:00:58.000Z</time>
                <name>Position 533</name>
                <extensions>
                    <cellinfo xmlns:xsi="http://www.w3.org/2001/XMLSchema-instance">mcc=450 mnc=8 ci=5418502 pci=281 tac=117 earfcn=475 rsrp=-93 rsrq=-7 rssnr=8 cqi=15</cellinfo>
                    <barometer xmlns:xsi="http://www.w3.org/2001/XMLSchema-instance">942.207</barometer>
                </extensions>
            </trkpt>
            <trkpt lat="37.658311" lon="126.981836">
                <ele>654.8</ele>
                <time>2020-04-15T07:01:13.000Z</time>
                <name>Position 534</name>
                <extensions>
                    <cellinfo xmlns:xsi="http://www.w3.org/2001/XMLSchema-instance">mcc=450 mnc=8 ci=5418499 pci=281 tac=117 earfcn=1550 rsrp=-86 rsrq=-7 rssnr=10 cqi=15</cellinfo>
                    <barometer xmlns:xsi="http://www.w3.org/2001/XMLSchema-instance">943.104</barometer>
                </extensions>
            </trkpt>
            <trkpt lat="37.658303" lon="126.982038">
                <ele>649.0</ele>
                <time>2020-04-15T07:01:43.000Z</time>
                <name>Position 535</name>
                <extensions>
                    <cellinfo xmlns:xsi="http://www.w3.org/2001/XMLSchema-instance">mcc=450 mnc=8 ci=5418499 pci=281 tac=117 earfcn=1550 rsrp=-89 rsrq=-6 rssnr=11 cqi=14</cellinfo>
                    <barometer xmlns:xsi="http://www.w3.org/2001/XMLSchema-instance">944.062</barometer>
                </extensions>
            </trkpt>
            <trkpt lat="37.658386" lon="126.982221">
                <ele>641.2</ele>
                <time>2020-04-15T07:02:03.000Z</time>
                <name>Position 536</name>
                <extensions>
                    <cellinfo xmlns:xsi="http://www.w3.org/2001/XMLSchema-instance">mcc=450 mnc=8 ci=5418499 pci=281 tac=117 earfcn=1550 rsrp=-91 rsrq=-6 rssnr=9 cqi=14</cellinfo>
                    <barometer xmlns:xsi="http://www.w3.org/2001/XMLSchema-instance">944.796</barometer>
                </extensions>
            </trkpt>
            <trkpt lat="37.658497" lon="126.98241">
                <ele>635.4</ele>
                <time>2020-04-15T07:02:31.000Z</time>
                <name>Position 537</name>
                <extensions>
                    <cellinfo xmlns:xsi="http://www.w3.org/2001/XMLSchema-instance">mcc=450 mnc=8 ci=5418499 pci=281 tac=117 earfcn=1550 rsrp=-90 rsrq=-7 rssnr=9 cqi=14</cellinfo>
                    <barometer xmlns:xsi="http://www.w3.org/2001/XMLSchema-instance">945.654</barometer>
                </extensions>
            </trkpt>
            <trkpt lat="37.658571" lon="126.982638">
                <ele>631.6</ele>
                <time>2020-04-15T07:02:54.000Z</time>
                <name>Position 538</name>
                <extensions>
                    <cellinfo xmlns:xsi="http://www.w3.org/2001/XMLSchema-instance">mcc=450 mnc=8 ci=5418499 pci=281 tac=117 earfcn=1550 rsrp=-89 rsrq=-9 rssnr=2 cqi=14</cellinfo>
                    <barometer xmlns:xsi="http://www.w3.org/2001/XMLSchema-instance">946.377</barometer>
                </extensions>
            </trkpt>
            <trkpt lat="37.658653" lon="126.982822">
                <ele>624.3</ele>
                <time>2020-04-15T07:03:18.000Z</time>
                <name>Position 539</name>
                <extensions>
                    <cellinfo xmlns:xsi="http://www.w3.org/2001/XMLSchema-instance">mcc=450 mnc=8 ci=5418499 pci=281 tac=117 earfcn=1550 rsrp=-91 rsrq=-8 rssnr=4 cqi=14</cellinfo>
                    <barometer xmlns:xsi="http://www.w3.org/2001/XMLSchema-instance">947.138</barometer>
                </extensions>
            </trkpt>
            <trkpt lat="37.658796" lon="126.982961">
                <ele>614.2</ele>
                <time>2020-04-15T07:03:42.000Z</time>
                <name>Position 540</name>
                <extensions>
                    <cellinfo xmlns:xsi="http://www.w3.org/2001/XMLSchema-instance">mcc=450 mnc=8 ci=5418499 pci=281 tac=117 earfcn=1550 rsrp=-93 rsrq=-7 rssnr=7 cqi=14</cellinfo>
                    <barometer xmlns:xsi="http://www.w3.org/2001/XMLSchema-instance">947.961</barometer>
                </extensions>
            </trkpt>
            <trkpt lat="37.658952" lon="126.983128">
                <ele>610.0</ele>
                <time>2020-04-15T07:04:07.000Z</time>
                <name>Position 541</name>
                <extensions>
                    <cellinfo xmlns:xsi="http://www.w3.org/2001/XMLSchema-instance">mcc=450 mnc=8 ci=5418499 pci=281 tac=117 earfcn=1550 rsrp=-90 rsrq=-11 rssnr=7 cqi=14</cellinfo>
                    <barometer xmlns:xsi="http://www.w3.org/2001/XMLSchema-instance">948.615</barometer>
                </extensions>
            </trkpt>
            <trkpt lat="37.659041" lon="126.983338">
                <ele>605.2</ele>
                <time>2020-04-15T07:04:28.000Z</time>
                <name>Position 542</name>
                <extensions>
                    <cellinfo xmlns:xsi="http://www.w3.org/2001/XMLSchema-instance">mcc=450 mnc=8 ci=5418499 pci=281 tac=117 earfcn=1550 rsrp=-90 rsrq=-10 rssnr=0 cqi=14</cellinfo>
                    <barometer xmlns:xsi="http://www.w3.org/2001/XMLSchema-instance">949.222</barometer>
                </extensions>
            </trkpt>
            <trkpt lat="37.659108" lon="126.983594">
                <ele>596.6</ele>
                <time>2020-04-15T07:04:48.000Z</time>
                <name>Position 543</name>
                <extensions>
                    <cellinfo xmlns:xsi="http://www.w3.org/2001/XMLSchema-instance">mcc=450 mnc=8 ci=5418499 pci=281 tac=117 earfcn=1550 rsrp=-90 rsrq=-5 rssnr=18 cqi=14</cellinfo>
                    <barometer xmlns:xsi="http://www.w3.org/2001/XMLSchema-instance">950.628</barometer>
                </extensions>
            </trkpt>
            <trkpt lat="37.659176" lon="126.983807">
                <ele>590.6</ele>
                <time>2020-04-15T07:05:11.000Z</time>
                <name>Position 544</name>
                <extensions>
                    <cellinfo xmlns:xsi="http://www.w3.org/2001/XMLSchema-instance">mcc=450 mnc=8 ci=5418499 pci=281 tac=117 earfcn=1550 rsrp=-93 rsrq=-8 rssnr=18 cqi=14</cellinfo>
                    <barometer xmlns:xsi="http://www.w3.org/2001/XMLSchema-instance">951.668</barometer>
                </extensions>
            </trkpt>
            <trkpt lat="37.659289" lon="126.983993">
                <ele>583.5</ele>
                <time>2020-04-15T07:05:34.000Z</time>
                <name>Position 545</name>
                <extensions>
                    <cellinfo xmlns:xsi="http://www.w3.org/2001/XMLSchema-instance">mcc=450 mnc=8 ci=5418499 pci=281 tac=117 earfcn=1550 rsrp=-83 rsrq=-8 rssnr=23 cqi=14</cellinfo>
                    <barometer xmlns:xsi="http://www.w3.org/2001/XMLSchema-instance">952.365</barometer>
                </extensions>
            </trkpt>
            <trkpt lat="37.659407" lon="126.984154">
                <ele>573.9</ele>
                <time>2020-04-15T07:05:55.000Z</time>
                <name>Position 546</name>
                <extensions>
                    <cellinfo xmlns:xsi="http://www.w3.org/2001/XMLSchema-instance">mcc=450 mnc=8 ci=5418499 pci=281 tac=117 earfcn=1550 rsrp=-91 rsrq=-9 rssnr=27 cqi=14</cellinfo>
                    <barometer xmlns:xsi="http://www.w3.org/2001/XMLSchema-instance">953.031</barometer>
                </extensions>
            </trkpt>
            <trkpt lat="37.659513" lon="126.984334">
                <ele>565.7</ele>
                <time>2020-04-15T07:06:16.000Z</time>
                <name>Position 547</name>
                <extensions>
                    <cellinfo xmlns:xsi="http://www.w3.org/2001/XMLSchema-instance">mcc=450 mnc=8 ci=5418499 pci=281 tac=117 earfcn=1550 rsrp=-86 rsrq=-5 rssnr=25 cqi=14</cellinfo>
                    <barometer xmlns:xsi="http://www.w3.org/2001/XMLSchema-instance">953.660</barometer>
                </extensions>
            </trkpt>
            <trkpt lat="37.659485" lon="126.984552">
                <ele>558.8</ele>
                <time>2020-04-15T07:06:39.000Z</time>
                <name>Position 548</name>
                <extensions>
                    <cellinfo xmlns:xsi="http://www.w3.org/2001/XMLSchema-instance">mcc=450 mnc=8 ci=5418499 pci=281 tac=117 earfcn=1550 rsrp=-88 rsrq=-7 rssnr=29 cqi=14</cellinfo>
                    <barometer xmlns:xsi="http://www.w3.org/2001/XMLSchema-instance">954.355</barometer>
                </extensions>
            </trkpt>
            <trkpt lat="37.65958" lon="126.984766">
                <ele>554.9</ele>
                <time>2020-04-15T07:07:03.000Z</time>
                <name>Position 549</name>
                <extensions>
                    <cellinfo xmlns:xsi="http://www.w3.org/2001/XMLSchema-instance">mcc=450 mnc=8 ci=5418499 pci=281 tac=117 earfcn=1550 rsrp=-92 rsrq=-7 rssnr=23 cqi=14</cellinfo>
                    <barometer xmlns:xsi="http://www.w3.org/2001/XMLSchema-instance">954.697</barometer>
                </extensions>
            </trkpt>
            <trkpt lat="37.659784" lon="126.984759">
                <ele>550.9</ele>
                <time>2020-04-15T07:07:28.000Z</time>
                <name>Position 550</name>
                <extensions>
                    <cellinfo xmlns:xsi="http://www.w3.org/2001/XMLSchema-instance">mcc=450 mnc=8 ci=5418499 pci=281 tac=117 earfcn=1550 rsrp=-93 rsrq=-5 rssnr=20 cqi=14</cellinfo>
                    <barometer xmlns:xsi="http://www.w3.org/2001/XMLSchema-instance">955.062</barometer>
                </extensions>
            </trkpt>
            <trkpt lat="37.659969" lon="126.984807">
                <ele>546.3</ele>
                <time>2020-04-15T07:07:52.000Z</time>
                <name>Position 551</name>
                <extensions>
                    <cellinfo xmlns:xsi="http://www.w3.org/2001/XMLSchema-instance">mcc=450 mnc=8 ci=5418499 pci=281 tac=117 earfcn=1550 rsrp=-87 rsrq=-5 rssnr=27 cqi=14</cellinfo>
                    <barometer xmlns:xsi="http://www.w3.org/2001/XMLSchema-instance">955.869</barometer>
                </extensions>
            </trkpt>
            <trkpt lat="37.660163" lon="126.984891">
                <ele>539.1</ele>
                <time>2020-04-15T07:08:13.000Z</time>
                <name>Position 552</name>
                <extensions>
                    <cellinfo xmlns:xsi="http://www.w3.org/2001/XMLSchema-instance">mcc=450 mnc=8 ci=5418499 pci=281 tac=117 earfcn=1550 rsrp=-94 rsrq=-6 rssnr=19 cqi=14</cellinfo>
                    <barometer xmlns:xsi="http://www.w3.org/2001/XMLSchema-instance">956.356</barometer>
                </extensions>
            </trkpt>
            <trkpt lat="37.660381" lon="126.984885">
                <ele>535.8</ele>
                <time>2020-04-15T07:08:34.000Z</time>
                <name>Position 553</name>
                <extensions>
                    <cellinfo xmlns:xsi="http://www.w3.org/2001/XMLSchema-instance">mcc=450 mnc=8 ci=5418499 pci=281 tac=117 earfcn=1550 rsrp=-95 rsrq=-5 rssnr=21 cqi=14</cellinfo>
                    <barometer xmlns:xsi="http://www.w3.org/2001/XMLSchema-instance">956.798</barometer>
                </extensions>
            </trkpt>
            <trkpt lat="37.660562" lon="126.984925">
                <ele>529.1</ele>
                <time>2020-04-15T07:09:06.000Z</time>
                <name>Position 554</name>
                <extensions>
                    <cellinfo xmlns:xsi="http://www.w3.org/2001/XMLSchema-instance">mcc=450 mnc=8 ci=5418499 pci=281 tac=117 earfcn=1550 rsrp=-97 rsrq=-7 rssnr=19 cqi=14</cellinfo>
                    <barometer xmlns:xsi="http://www.w3.org/2001/XMLSchema-instance">957.484</barometer>
                </extensions>
            </trkpt>
            <trkpt lat="37.660743" lon="126.984894">
                <ele>523.3</ele>
                <time>2020-04-15T07:09:35.000Z</time>
                <name>Position 555</name>
                <extensions>
                    <cellinfo xmlns:xsi="http://www.w3.org/2001/XMLSchema-instance">mcc=450 mnc=8 ci=5418499 pci=281 tac=117 earfcn=1550 rsrp=-98 rsrq=-7 rssnr=13 cqi=14</cellinfo>
                    <barometer xmlns:xsi="http://www.w3.org/2001/XMLSchema-instance">958.432</barometer>
                </extensions>
            </trkpt>
            <trkpt lat="37.660943" lon="126.984973">
                <ele>518.0</ele>
                <time>2020-04-15T07:09:57.000Z</time>
                <name>Position 556</name>
                <extensions>
                    <cellinfo xmlns:xsi="http://www.w3.org/2001/XMLSchema-instance">mcc=450 mnc=8 ci=5418499 pci=281 tac=117 earfcn=1550 rsrp=-101 rsrq=-15 rssnr=1 cqi=14</cellinfo>
                    <barometer xmlns:xsi="http://www.w3.org/2001/XMLSchema-instance">958.937</barometer>
                </extensions>
            </trkpt>
            <trkpt lat="37.66115" lon="126.985044">
                <ele>513.2</ele>
                <time>2020-04-15T07:10:21.000Z</time>
                <name>Position 557</name>
                <extensions>
                    <cellinfo xmlns:xsi="http://www.w3.org/2001/XMLSchema-instance">mcc=450 mnc=8 ci=5418499 pci=281 tac=117 earfcn=1550 rsrp=-104 rsrq=-8 rssnr=16 cqi=5</cellinfo>
                    <barometer xmlns:xsi="http://www.w3.org/2001/XMLSchema-instance">959.562</barometer>
                </extensions>
            </trkpt>
            <trkpt lat="37.661352" lon="126.984994">
                <ele>509.4</ele>
                <time>2020-04-15T07:10:42.000Z</time>
                <name>Position 558</name>
                <extensions>
                    <cellinfo xmlns:xsi="http://www.w3.org/2001/XMLSchema-instance">mcc=450 mnc=8 ci=5418499 pci=281 tac=117 earfcn=1550 rsrp=-101 rsrq=-6 rssnr=16 cqi=5</cellinfo>
                    <barometer xmlns:xsi="http://www.w3.org/2001/XMLSchema-instance">959.992</barometer>
                </extensions>
            </trkpt>
            <trkpt lat="37.661538" lon="126.984949">
                <ele>503.3</ele>
                <time>2020-04-15T07:11:08.000Z</time>
                <name>Position 559</name>
                <extensions>
                    <cellinfo xmlns:xsi="http://www.w3.org/2001/XMLSchema-instance">mcc=450 mnc=8 ci=5418499 pci=281 tac=117 earfcn=1550 rsrp=-100 rsrq=-6 rssnr=20 cqi=5</cellinfo>
                    <barometer xmlns:xsi="http://www.w3.org/2001/XMLSchema-instance">960.567</barometer>
                </extensions>
            </trkpt>
            <trkpt lat="37.661689" lon="126.985099">
                <ele>500.3</ele>
                <time>2020-04-15T07:11:27.000Z</time>
                <name>Position 560</name>
                <extensions>
                    <cellinfo xmlns:xsi="http://www.w3.org/2001/XMLSchema-instance">mcc=450 mnc=8 ci=5418499 pci=281 tac=117 earfcn=1550 rsrp=-100 rsrq=-6 rssnr=22 cqi=5</cellinfo>
                    <barometer xmlns:xsi="http://www.w3.org/2001/XMLSchema-instance">960.905</barometer>
                </extensions>
            </trkpt>
            <trkpt lat="37.661844" lon="126.985253">
                <ele>500.3</ele>
                <time>2020-04-15T07:11:51.000Z</time>
                <name>Position 561</name>
                <extensions>
                    <cellinfo xmlns:xsi="http://www.w3.org/2001/XMLSchema-instance">mcc=450 mnc=8 ci=5418499 pci=281 tac=117 earfcn=1550 rsrp=-97 rsrq=-6 rssnr=19 cqi=5</cellinfo>
                    <barometer xmlns:xsi="http://www.w3.org/2001/XMLSchema-instance">960.415</barometer>
                </extensions>
            </trkpt>
            <trkpt lat="37.662021" lon="126.985382">
                <ele>503.5</ele>
                <time>2020-04-15T07:12:12.000Z</time>
                <name>Position 562</name>
                <extensions>
                    <cellinfo xmlns:xsi="http://www.w3.org/2001/XMLSchema-instance">mcc=450 mnc=8 ci=5418499 pci=281 tac=117 earfcn=1550 rsrp=-96 rsrq=-5 rssnr=24 cqi=5</cellinfo>
                    <barometer xmlns:xsi="http://www.w3.org/2001/XMLSchema-instance">959.901</barometer>
                </extensions>
            </trkpt>
            <trkpt lat="37.662177" lon="126.985534">
                <ele>508.2</ele>
                <time>2020-04-15T07:12:38.000Z</time>
                <name>Position 563</name>
                <extensions>
                    <cellinfo xmlns:xsi="http://www.w3.org/2001/XMLSchema-instance">mcc=450 mnc=8 ci=5418499 pci=281 tac=117 earfcn=1550 rsrp=-98 rsrq=-7 rssnr=17 cqi=5</cellinfo>
                    <barometer xmlns:xsi="http://www.w3.org/2001/XMLSchema-instance">959.067</barometer>
                </extensions>
            </trkpt>
            <trkpt lat="37.662264" lon="126.985762">
                <ele>511.3</ele>
                <time>2020-04-15T07:12:56.000Z</time>
                <name>Position 564</name>
                <extensions>
                    <cellinfo xmlns:xsi="http://www.w3.org/2001/XMLSchema-instance">mcc=450 mnc=8 ci=5418496 pci=281 tac=117 earfcn=3743 rsrp=-88 rsrq=-8 rssnr=22 cqi=5</cellinfo>
                    <barometer xmlns:xsi="http://www.w3.org/2001/XMLSchema-instance">959.276</barometer>
                </extensions>
            </trkpt>
            <trkpt lat="37.662219" lon="126.986003">
                <ele>509.3</ele>
                <time>2020-04-15T07:13:17.000Z</time>
                <name>Position 565</name>
                <extensions>
                    <cellinfo xmlns:xsi="http://www.w3.org/2001/XMLSchema-instance">mcc=450 mnc=8 ci=5418496 pci=281 tac=117 earfcn=3743 rsrp=-96 rsrq=-9 rssnr=10 cqi=5</cellinfo>
                    <barometer xmlns:xsi="http://www.w3.org/2001/XMLSchema-instance">959.373</barometer>
                </extensions>
            </trkpt>
            <trkpt lat="37.66218" lon="126.98623">
                <ele>509.3</ele>
                <time>2020-04-15T07:13:34.000Z</time>
                <name>Position 566</name>
                <extensions>
                    <cellinfo xmlns:xsi="http://www.w3.org/2001/XMLSchema-instance">mcc=450 mnc=8 ci=5418496 pci=281 tac=117 earfcn=3743 rsrp=-96 rsrq=-12 rssnr=2 cqi=5</cellinfo>
                    <barometer xmlns:xsi="http://www.w3.org/2001/XMLSchema-instance">959.171</barometer>
                </extensions>
            </trkpt>
            <trkpt lat="37.662216" lon="126.986478">
                <ele>509.1</ele>
                <time>2020-04-15T07:13:50.000Z</time>
                <name>Position 567</name>
                <extensions>
                    <cellinfo xmlns:xsi="http://www.w3.org/2001/XMLSchema-instance">mcc=450 mnc=8 ci=5249280 pci=472 tac=117 earfcn=3743 rsrp=-93 rsrq=-10 rssnr=2 cqi=9</cellinfo>
                    <barometer xmlns:xsi="http://www.w3.org/2001/XMLSchema-instance">959.067</barometer>
                </extensions>
            </trkpt>
            <trkpt lat="37.662228" lon="126.986747">
                <ele>514.8</ele>
                <time>2020-04-15T07:14:16.000Z</time>
                <name>Position 568</name>
                <extensions>
                    <cellinfo xmlns:xsi="http://www.w3.org/2001/XMLSchema-instance">mcc=450 mnc=8 ci=5249280 pci=472 tac=117 earfcn=3743 rsrp=-89 rsrq=-8 rssnr=8 cqi=9</cellinfo>
                    <barometer xmlns:xsi="http://www.w3.org/2001/XMLSchema-instance">958.417</barometer>
                </extensions>
            </trkpt>
            <trkpt lat="37.6623" lon="126.98692">
                <ele>522.3</ele>
                <time>2020-04-15T07:14:43.000Z</time>
                <name>Position 569</name>
                <extensions>
                    <cellinfo xmlns:xsi="http://www.w3.org/2001/XMLSchema-instance">mcc=450 mnc=8 ci=5249280 pci=472 tac=117 earfcn=3743 rsrp=-85 rsrq=-8 rssnr=8 cqi=9</cellinfo>
                    <barometer xmlns:xsi="http://www.w3.org/2001/XMLSchema-instance">957.681</barometer>
                </extensions>
            </trkpt>
            <trkpt lat="37.662443" lon="126.986889">
                <ele>523.2</ele>
                <time>2020-04-15T07:15:35.000Z</time>
                <name>Position 570</name>
                <extensions>
                    <cellinfo xmlns:xsi="http://www.w3.org/2001/XMLSchema-instance">mcc=450 mnc=8 ci=5249280 pci=472 tac=117 earfcn=3743 rsrp=-88 rsrq=-11 rssnr=1 cqi=9</cellinfo>
                    <barometer xmlns:xsi="http://www.w3.org/2001/XMLSchema-instance">957.062</barometer>
                </extensions>
            </trkpt>
            <trkpt lat="37.662612" lon="126.987008">
                <ele>527.0</ele>
                <time>2020-04-15T07:16:14.000Z</time>
                <name>Position 571</name>
                <extensions>
                    <cellinfo xmlns:xsi="http://www.w3.org/2001/XMLSchema-instance">mcc=450 mnc=8 ci=5249283 pci=472 tac=117 earfcn=1550 rsrp=-102 rsrq=-11 rssnr=0 cqi=9</cellinfo>
                    <barometer xmlns:xsi="http://www.w3.org/2001/XMLSchema-instance">956.098</barometer>
                </extensions>
            </trkpt>
            <trkpt lat="37.662671" lon="126.987215">
                <ele>533.0</ele>
                <time>2020-04-15T07:16:53.000Z</time>
                <name>Position 572</name>
                <extensions>
                    <cellinfo xmlns:xsi="http://www.w3.org/2001/XMLSchema-instance">mcc=450 mnc=8 ci=5249283 pci=472 tac=117 earfcn=1550 rsrp=-102 rsrq=-11 rssnr=0 cqi=9</cellinfo>
                    <barometer xmlns:xsi="http://www.w3.org/2001/XMLSchema-instance">955.191</barometer>
                </extensions>
            </trkpt>
            <trkpt lat="37.662728" lon="126.987415">
                <ele>543.0</ele>
                <time>2020-04-15T07:17:39.000Z</time>
                <name>Position 573</name>
                <extensions>
                    <cellinfo xmlns:xsi="http://www.w3.org/2001/XMLSchema-instance">mcc=450 mnc=8 ci=5249283 pci=472 tac=117 earfcn=1550 rsrp=-94 rsrq=-14 rssnr=-6 cqi=9</cellinfo>
                    <barometer xmlns:xsi="http://www.w3.org/2001/XMLSchema-instance">954.169</barometer>
                </extensions>
            </trkpt>
            <trkpt lat="37.662769" lon="126.987639">
                <ele>548.7</ele>
                <time>2020-04-15T07:18:18.000Z</time>
                <name>Position 574</name>
                <extensions>
                    <cellinfo xmlns:xsi="http://www.w3.org/2001/XMLSchema-instance">mcc=450 mnc=8 ci=5249283 pci=472 tac=117 earfcn=1550 rsrp=-97 rsrq=-14 rssnr=-2 cqi=9</cellinfo>
                    <barometer xmlns:xsi="http://www.w3.org/2001/XMLSchema-instance">953.438</barometer>
                </extensions>
            </trkpt>
            <trkpt lat="37.662851" lon="126.987847">
                <ele>552.0</ele>
                <time>2020-04-15T07:18:48.000Z</time>
                <name>Position 575</name>
                <extensions>
                    <cellinfo xmlns:xsi="http://www.w3.org/2001/XMLSchema-instance">mcc=450 mnc=8 ci=5249283 pci=472 tac=117 earfcn=1550 rsrp=-96 rsrq=-13 rssnr=-3 cqi=9</cellinfo>
                    <barometer xmlns:xsi="http://www.w3.org/2001/XMLSchema-instance">952.840</barometer>
                </extensions>
            </trkpt>
            <trkpt lat="37.662926" lon="126.988028">
                <ele>561.4</ele>
                <time>2020-04-15T07:19:33.000Z</time>
                <name>Position 576</name>
                <extensions>
                    <cellinfo xmlns:xsi="http://www.w3.org/2001/XMLSchema-instance">mcc=450 mnc=8 ci=5249283 pci=472 tac=117 earfcn=1550 rsrp=-97 rsrq=-12 rssnr=0 cqi=9</cellinfo>
                    <barometer xmlns:xsi="http://www.w3.org/2001/XMLSchema-instance">951.890</barometer>
                </extensions>
            </trkpt>
            <trkpt lat="37.663011" lon="126.988202">
                <ele>571.6</ele>
                <time>2020-04-15T07:20:35.000Z</time>
                <name>Position 577</name>
                <extensions>
                    <cellinfo xmlns:xsi="http://www.w3.org/2001/XMLSchema-instance">mcc=450 mnc=8 ci=5418496 pci=281 tac=117 earfcn=3743 rsrp=-88 rsrq=-12 rssnr=4 cqi=9</cellinfo>
                    <barometer xmlns:xsi="http://www.w3.org/2001/XMLSchema-instance">950.698</barometer>
                </extensions>
            </trkpt>
            <trkpt lat="37.66312" lon="126.988325">
                <ele>590.8</ele>
                <time>2020-04-15T07:21:59.000Z</time>
                <name>Position 578</name>
                <extensions>
                    <cellinfo xmlns:xsi="http://www.w3.org/2001/XMLSchema-instance">mcc=450 mnc=8 ci=5418496 pci=281 tac=117 earfcn=3743 rsrp=-85 rsrq=-10 rssnr=7 cqi=10</cellinfo>
                    <barometer xmlns:xsi="http://www.w3.org/2001/XMLSchema-instance">949.080</barometer>
                </extensions>
            </trkpt>
            <trkpt lat="37.663244" lon="126.988448">
                <ele>605.3</ele>
                <time>2020-04-15T07:23:12.000Z</time>
                <name>Position 579</name>
                <extensions>
                    <cellinfo xmlns:xsi="http://www.w3.org/2001/XMLSchema-instance">mcc=450 mnc=8 ci=5249283 pci=472 tac=117 earfcn=1550 rsrp=-93 rsrq=-9 rssnr=6 cqi=10</cellinfo>
                    <barometer xmlns:xsi="http://www.w3.org/2001/XMLSchema-instance">947.424</barometer>
                </extensions>
            </trkpt>
            <trkpt lat="37.663394" lon="126.988401">
                <ele>617.8</ele>
                <time>2020-04-15T07:24:16.000Z</time>
                <name>Position 580</name>
                <extensions>
                    <cellinfo xmlns:xsi="http://www.w3.org/2001/XMLSchema-instance">mcc=450 mnc=8 ci=5249283 pci=472 tac=117 earfcn=1550 rsrp=-96 rsrq=-17 rssnr=-8 cqi=10</cellinfo>
                    <barometer xmlns:xsi="http://www.w3.org/2001/XMLSchema-instance">946.073</barometer>
                </extensions>
            </trkpt>
            <trkpt lat="37.663445" lon="126.988414">
                <ele>624.8</ele>
                <time>2020-04-15T07:26:15.000Z</time>
                <name>Position 581</name>
                <extensions>
                    <pause xmlns:xsi="http://www.w3.org/2001/XMLSchema-instance">start</pause>
                    <type xmlns:xsi="http://www.w3.org/2001/XMLSchema-instance">unknown</type>
                    <cellinfo xmlns:xsi="http://www.w3.org/2001/XMLSchema-instance">mcc=450 mnc=8 ci=5418499 pci=281 tac=117 earfcn=1550 rsrp=-96 rsrq=-20 rssnr=-12 cqi=2</cellinfo>
                    <barometer xmlns:xsi="http://www.w3.org/2001/XMLSchema-instance">946.086</barometer>
                </extensions>
            </trkpt>
            <trkpt lat="37.663514" lon="126.988486">
                <ele>623.8</ele>
                <time>2020-04-15T07:27:30.000Z</time>
                <name>Position 582</name>
                <extensions>
                    <pause xmlns:xsi="http://www.w3.org/2001/XMLSchema-instance">end</pause>
                    <type xmlns:xsi="http://www.w3.org/2001/XMLSchema-instance">auto</type>
                    <cellinfo xmlns:xsi="http://www.w3.org/2001/XMLSchema-instance">mcc=450 mnc=8 ci=5420039 pci=448 tac=117 earfcn=475 rsrp=-114 rsrq=-23 rssnr=-13 cqi=6</cellinfo>
                    <barometer xmlns:xsi="http://www.w3.org/2001/XMLSchema-instance">946.393</barometer>
                </extensions>
            </trkpt>
            <trkpt lat="37.663698" lon="126.988627">
                <ele>620.2</ele>
                <time>2020-04-15T07:28:00.000Z</time>
                <name>Position 583</name>
                <extensions>
                    <cellinfo xmlns:xsi="http://www.w3.org/2001/XMLSchema-instance">mcc=450 mnc=8 ci=5249283 pci=472 tac=117 earfcn=1550 rsrp=-101 rsrq=-18 rssnr=-12 cqi=3</cellinfo>
                    <barometer xmlns:xsi="http://www.w3.org/2001/XMLSchema-instance">947.063</barometer>
                </extensions>
            </trkpt>
            <trkpt lat="37.663786" lon="126.988842">
                <ele>616.5</ele>
                <time>2020-04-15T07:28:19.000Z</time>
                <name>Position 584</name>
                <extensions>
                    <cellinfo xmlns:xsi="http://www.w3.org/2001/XMLSchema-instance">mcc=450 mnc=8 ci=5249283 pci=472 tac=117 earfcn=1550 rsrp=-95 rsrq=-17 rssnr=-10 cqi=3</cellinfo>
                    <barometer xmlns:xsi="http://www.w3.org/2001/XMLSchema-instance">947.603</barometer>
                </extensions>
            </trkpt>
            <trkpt lat="37.663677" lon="126.989049">
                <ele>610.2</ele>
                <time>2020-04-15T07:28:43.000Z</time>
                <name>Position 585</name>
                <extensions>
                    <cellinfo xmlns:xsi="http://www.w3.org/2001/XMLSchema-instance">mcc=450 mnc=8 ci=5249283 pci=472 tac=117 earfcn=1550 rsrp=-88 rsrq=-13 rssnr=-8 cqi=3</cellinfo>
                    <barometer xmlns:xsi="http://www.w3.org/2001/XMLSchema-instance">948.564</barometer>
                </extensions>
            </trkpt>
            <trkpt lat="37.663625" lon="126.989272">
                <ele>604.5</ele>
                <time>2020-04-15T07:29:04.000Z</time>
                <name>Position 586</name>
                <extensions>
                    <cellinfo xmlns:xsi="http://www.w3.org/2001/XMLSchema-instance">mcc=450 mnc=8 ci=5249283 pci=472 tac=117 earfcn=1550 rsrp=-92 rsrq=-15 rssnr=-8 cqi=3</cellinfo>
                    <barometer xmlns:xsi="http://www.w3.org/2001/XMLSchema-instance">949.193</barometer>
                </extensions>
            </trkpt>
            <trkpt lat="37.663601" lon="126.989487">
                <ele>597.3</ele>
                <time>2020-04-15T07:29:35.000Z</time>
                <name>Position 587</name>
                <extensions>
                    <cellinfo xmlns:xsi="http://www.w3.org/2001/XMLSchema-instance">mcc=450 mnc=8 ci=5249283 pci=472 tac=117 earfcn=1550 rsrp=-89 rsrq=-14 rssnr=-5 cqi=3</cellinfo>
                    <barometer xmlns:xsi="http://www.w3.org/2001/XMLSchema-instance">949.877</barometer>
                </extensions>
            </trkpt>
            <trkpt lat="37.6637" lon="126.989654">
                <ele>589.6</ele>
                <time>2020-04-15T07:30:01.000Z</time>
                <name>Position 588</name>
                <extensions>
                    <cellinfo xmlns:xsi="http://www.w3.org/2001/XMLSchema-instance">mcc=450 mnc=8 ci=5257473 pci=226 tac=1001 earfcn=3743 rsrp=-89 rsrq=-15 rssnr=-1 cqi=3</cellinfo>
                    <barometer xmlns:xsi="http://www.w3.org/2001/XMLSchema-instance">950.710</barometer>
                </extensions>
            </trkpt>
            <trkpt lat="37.663745" lon="126.989877">
                <ele>590.0</ele>
                <time>2020-04-15T07:30:47.000Z</time>
                <name>Position 589</name>
                <extensions>
                    <cellinfo xmlns:xsi="http://www.w3.org/2001/XMLSchema-instance">mcc=450 mnc=8 ci=5249283 pci=472 tac=117 earfcn=1550 rsrp=-91 rsrq=-17 rssnr=-11 cqi=3</cellinfo>
                    <barometer xmlns:xsi="http://www.w3.org/2001/XMLSchema-instance">950.404</barometer>
                </extensions>
            </trkpt>
            <trkpt lat="37.663822" lon="126.99006">
                <ele>588.3</ele>
                <time>2020-04-15T07:33:12.000Z</time>
                <name>Position 590</name>
                <extensions>
                    <pause xmlns:xsi="http://www.w3.org/2001/XMLSchema-instance">start</pause>
                    <type xmlns:xsi="http://www.w3.org/2001/XMLSchema-instance">unknown</type>
                    <cellinfo xmlns:xsi="http://www.w3.org/2001/XMLSchema-instance">mcc=450 mnc=8 ci=5249283 pci=472 tac=117 earfcn=1550 rsrp=-81 rsrq=-8 rssnr=5 cqi=3</cellinfo>
                    <barometer xmlns:xsi="http://www.w3.org/2001/XMLSchema-instance">950.318</barometer>
                </extensions>
            </trkpt>
            <trkpt lat="37.663842" lon="126.990156">
                <ele>582.3</ele>
                <time>2020-04-15T07:40:39.000Z</time>
                <name>Position 591</name>
                <extensions>
                    <pause xmlns:xsi="http://www.w3.org/2001/XMLSchema-instance">end</pause>
                    <type xmlns:xsi="http://www.w3.org/2001/XMLSchema-instance">auto</type>
                    <cellinfo xmlns:xsi="http://www.w3.org/2001/XMLSchema-instance">mcc=450 mnc=8 ci=5257473 pci=226 tac=1001 earfcn=3743 rsrp=-87 rsrq=-18 rssnr=-5 cqi=4</cellinfo>
                    <barometer xmlns:xsi="http://www.w3.org/2001/XMLSchema-instance">950.882</barometer>
                </extensions>
            </trkpt>
            <trkpt lat="37.663907" lon="126.99021">
                <ele>576.9</ele>
                <time>2020-04-15T07:41:09.000Z</time>
                <name>Position 592</name>
                <extensions>
                    <cellinfo xmlns:xsi="http://www.w3.org/2001/XMLSchema-instance">mcc=450 mnc=8 ci=5257473 pci=226 tac=1001 earfcn=3743 rsrp=-88 rsrq=-16 rssnr=-8 cqi=4</cellinfo>
                    <barometer xmlns:xsi="http://www.w3.org/2001/XMLSchema-instance">951.448</barometer>
                </extensions>
            </trkpt>
            <trkpt lat="37.664037" lon="126.99036">
                <ele>571.9</ele>
                <time>2020-04-15T07:41:39.000Z</time>
                <name>Position 593</name>
                <extensions>
                    <cellinfo xmlns:xsi="http://www.w3.org/2001/XMLSchema-instance">mcc=450 mnc=8 ci=5257473 pci=226 tac=1001 earfcn=3743 rsrp=-93 rsrq=-15 rssnr=-15 cqi=4</cellinfo>
                    <barometer xmlns:xsi="http://www.w3.org/2001/XMLSchema-instance">952.405</barometer>
                </extensions>
            </trkpt>
            <trkpt lat="37.664139" lon="126.99057">
                <ele>569.1</ele>
                <time>2020-04-15T07:42:02.000Z</time>
                <name>Position 594</name>
                <extensions>
                    <cellinfo xmlns:xsi="http://www.w3.org/2001/XMLSchema-instance">mcc=450 mnc=8 ci=5249280 pci=472 tac=117 earfcn=3743 rsrp=-94 rsrq=-20 rssnr=-12 cqi=3</cellinfo>
                    <barometer xmlns:xsi="http://www.w3.org/2001/XMLSchema-instance">952.956</barometer>
                </extensions>
            </trkpt>
            <trkpt lat="37.664292" lon="126.990722">
                <ele>563.2</ele>
                <time>2020-04-15T07:42:23.000Z</time>
                <name>Position 595</name>
                <extensions>
                    <cellinfo xmlns:xsi="http://www.w3.org/2001/XMLSchema-instance">mcc=450 mnc=8 ci=5249280 pci=472 tac=117 earfcn=3743 rsrp=-100 rsrq=-21 rssnr=-14 cqi=2</cellinfo>
                    <barometer xmlns:xsi="http://www.w3.org/2001/XMLSchema-instance">953.520</barometer>
                </extensions>
            </trkpt>
            <trkpt lat="37.664355" lon="126.990955">
                <ele>560.9</ele>
                <time>2020-04-15T07:42:39.000Z</time>
                <name>Position 596</name>
                <extensions>
                    <cellinfo xmlns:xsi="http://www.w3.org/2001/XMLSchema-instance">mcc=450 mnc=8 ci=5249283 pci=472 tac=117 earfcn=1550 rsrp=-102 rsrq=-15 rssnr=0 cqi=2</cellinfo>
                    <barometer xmlns:xsi="http://www.w3.org/2001/XMLSchema-instance">953.660</barometer>
                </extensions>
            </trkpt>
            <trkpt lat="37.664419" lon="126.991205">
                <ele>557.4</ele>
                <time>2020-04-15T07:42:56.000Z</time>
                <name>Position 597</name>
                <extensions>
                    <cellinfo xmlns:xsi="http://www.w3.org/2001/XMLSchema-instance">mcc=450 mnc=8 ci=5249280 pci=472 tac=117 earfcn=3743 rsrp=-95 rsrq=-15 rssnr=-6 cqi=2</cellinfo>
                    <barometer xmlns:xsi="http://www.w3.org/2001/XMLSchema-instance">953.689</barometer>
                </extensions>
            </trkpt>
            <trkpt lat="37.664494" lon="126.991436">
                <ele>555.3</ele>
                <time>2020-04-15T07:43:18.000Z</time>
                <name>Position 598</name>
                <extensions>
                    <cellinfo xmlns:xsi="http://www.w3.org/2001/XMLSchema-instance">mcc=450 mnc=8 ci=5249280 pci=472 tac=117 earfcn=3743 rsrp=-87 rsrq=-18 rssnr=-10 cqi=2</cellinfo>
                    <barometer xmlns:xsi="http://www.w3.org/2001/XMLSchema-instance">954.188</barometer>
                </extensions>
            </trkpt>
            <trkpt lat="37.664478" lon="126.991708">
                <ele>551.1</ele>
                <time>2020-04-15T07:43:42.000Z</time>
                <name>Position 599</name>
                <extensions>
                    <cellinfo xmlns:xsi="http://www.w3.org/2001/XMLSchema-instance">mcc=450 mnc=8 ci=5249280 pci=472 tac=117 earfcn=3743 rsrp=-91 rsrq=-17 rssnr=-8 cqi=2</cellinfo>
                    <barometer xmlns:xsi="http://www.w3.org/2001/XMLSchema-instance">954.887</barometer>
                </extensions>
            </trkpt>
            <trkpt lat="37.66458" lon="126.991929">
                <ele>549.2</ele>
                <time>2020-04-15T07:43:58.000Z</time>
                <name>Position 600</name>
                <extensions>
                    <cellinfo xmlns:xsi="http://www.w3.org/2001/XMLSchema-instance">mcc=450 mnc=8 ci=5249280 pci=472 tac=117 earfcn=3743 rsrp=-89 rsrq=-16 rssnr=-5 cqi=2</cellinfo>
                    <barometer xmlns:xsi="http://www.w3.org/2001/XMLSchema-instance">955.275</barometer>
                </extensions>
            </trkpt>
            <trkpt lat="37.66465" lon="126.9922">
                <ele>545.8</ele>
                <time>2020-04-15T07:44:15.000Z</time>
                <name>Position 601</name>
                <extensions>
                    <cellinfo xmlns:xsi="http://www.w3.org/2001/XMLSchema-instance">mcc=450 mnc=8 ci=5249280 pci=472 tac=117 earfcn=3743 rsrp=-88 rsrq=-15 rssnr=-6 cqi=2</cellinfo>
                    <barometer xmlns:xsi="http://www.w3.org/2001/XMLSchema-instance">955.552</barometer>
                </extensions>
            </trkpt>
            <trkpt lat="37.664755" lon="126.992383">
                <ele>539.7</ele>
                <time>2020-04-15T07:44:38.000Z</time>
                <name>Position 602</name>
                <extensions>
                    <cellinfo xmlns:xsi="http://www.w3.org/2001/XMLSchema-instance">mcc=450 mnc=8 ci=5249280 pci=472 tac=117 earfcn=3743 rsrp=-97 rsrq=-19 rssnr=-11 cqi=2</cellinfo>
                    <barometer xmlns:xsi="http://www.w3.org/2001/XMLSchema-instance">956.556</barometer>
                </extensions>
            </trkpt>
            <trkpt lat="37.664822" lon="126.992592">
                <ele>535.6</ele>
                <time>2020-04-15T07:44:55.000Z</time>
                <name>Position 603</name>
                <extensions>
                    <cellinfo xmlns:xsi="http://www.w3.org/2001/XMLSchema-instance">mcc=450 mnc=8 ci=5249280 pci=472 tac=117 earfcn=3743 rsrp=-96 rsrq=-19 rssnr=-9 cqi=2</cellinfo>
                    <barometer xmlns:xsi="http://www.w3.org/2001/XMLSchema-instance">957.216</barometer>
                </extensions>
            </trkpt>
            <trkpt lat="37.664905" lon="126.992842">
                <ele>532.3</ele>
                <time>2020-04-15T07:45:21.000Z</time>
                <name>Position 604</name>
                <extensions>
                    <cellinfo xmlns:xsi="http://www.w3.org/2001/XMLSchema-instance">mcc=450 mnc=8 ci=5249280 pci=472 tac=117 earfcn=3743 rsrp=-88 rsrq=-11 rssnr=3 cqi=2</cellinfo>
                    <barometer xmlns:xsi="http://www.w3.org/2001/XMLSchema-instance">957.064</barometer>
                </extensions>
            </trkpt>
            <trkpt lat="37.665075" lon="126.993001">
                <ele>532.4</ele>
                <time>2020-04-15T07:45:47.000Z</time>
                <name>Position 605</name>
                <extensions>
                    <cellinfo xmlns:xsi="http://www.w3.org/2001/XMLSchema-instance">mcc=450 mnc=8 ci=5249280 pci=472 tac=117 earfcn=3743 rsrp=-96 rsrq=-19 rssnr=-10 cqi=2</cellinfo>
                    <barometer xmlns:xsi="http://www.w3.org/2001/XMLSchema-instance">956.635</barometer>
                </extensions>
            </trkpt>
            <trkpt lat="37.665273" lon="126.99312">
                <ele>533.6</ele>
                <time>2020-04-15T07:46:06.000Z</time>
                <name>Position 606</name>
                <extensions>
                    <cellinfo xmlns:xsi="http://www.w3.org/2001/XMLSchema-instance">mcc=450 mnc=8 ci=5249280 pci=472 tac=117 earfcn=3743 rsrp=-96 rsrq=-21 rssnr=-7 cqi=2</cellinfo>
                    <barometer xmlns:xsi="http://www.w3.org/2001/XMLSchema-instance">956.342</barometer>
                </extensions>
            </trkpt>
            <trkpt lat="37.665446" lon="126.993247">
                <ele>535.2</ele>
                <time>2020-04-15T07:46:29.000Z</time>
                <name>Position 607</name>
                <extensions>
                    <cellinfo xmlns:xsi="http://www.w3.org/2001/XMLSchema-instance">mcc=450 mnc=8 ci=5249280 pci=472 tac=117 earfcn=3743 rsrp=-97 rsrq=-22 rssnr=-14 cqi=2</cellinfo>
                    <barometer xmlns:xsi="http://www.w3.org/2001/XMLSchema-instance">956.053</barometer>
                </extensions>
            </trkpt>
            <trkpt lat="37.665615" lon="126.993371">
                <ele>534.2</ele>
                <time>2020-04-15T07:46:51.000Z</time>
                <name>Position 608</name>
                <extensions>
                    <cellinfo xmlns:xsi="http://www.w3.org/2001/XMLSchema-instance">mcc=450 mnc=8 ci=21136133 pci=NA tac=10242 arfcn=NA rssi=-77</cellinfo>
                    <barometer xmlns:xsi="http://www.w3.org/2001/XMLSchema-instance">956.800</barometer>
                </extensions>
            </trkpt>
            <trkpt lat="37.665734" lon="126.993565">
                <ele>529.0</ele>
                <time>2020-04-15T07:47:16.000Z</time>
                <name>Position 609</name>
                <extensions>
                    <cellinfo xmlns:xsi="http://www.w3.org/2001/XMLSchema-instance">mcc=450 mnc=8 ci=21136133 pci=NA tac=10242 arfcn=NA rssi=-73</cellinfo>
                    <barometer xmlns:xsi="http://www.w3.org/2001/XMLSchema-instance">957.654</barometer>
                </extensions>
            </trkpt>
            <trkpt lat="37.665902" lon="126.993685">
                <ele>526.6</ele>
                <time>2020-04-15T07:47:35.000Z</time>
                <name>Position 610</name>
                <extensions>
                    <cellinfo xmlns:xsi="http://www.w3.org/2001/XMLSchema-instance">mcc=450 mnc=8 ci=21136133 pci=NA tac=10242 arfcn=NA rssi=-75</cellinfo>
                    <barometer xmlns:xsi="http://www.w3.org/2001/XMLSchema-instance">957.404</barometer>
                </extensions>
            </trkpt>
            <trkpt lat="37.665999" lon="126.993888">
                <ele>526.6</ele>
                <time>2020-04-15T07:47:58.000Z</time>
                <name>Position 611</name>
                <extensions>
                    <cellinfo xmlns:xsi="http://www.w3.org/2001/XMLSchema-instance">mcc=450 mnc=6 ci=50933771 pci=472 tac=8286 earfcn=3743 rsrp=NA rsrq=-20 rssnr=-30 cqi=NA</cellinfo>
                    <barometer xmlns:xsi="http://www.w3.org/2001/XMLSchema-instance">956.916</barometer>
                </extensions>
            </trkpt>
            <trkpt lat="37.666175" lon="126.994095">
                <ele>529.2</ele>
                <time>2020-04-15T07:48:21.000Z</time>
                <name>Position 612</name>
                <extensions>
                    <cellinfo xmlns:xsi="http://www.w3.org/2001/XMLSchema-instance">mcc=450 mnc=8 ci=21136133 pci=NA tac=10242 arfcn=NA rssi=-75</cellinfo>
                    <barometer xmlns:xsi="http://www.w3.org/2001/XMLSchema-instance">956.616</barometer>
                </extensions>
            </trkpt>
            <trkpt lat="37.666346" lon="126.994201">
                <ele>533.2</ele>
                <time>2020-04-15T07:48:40.000Z</time>
                <name>Position 613</name>
                <extensions>
                    <cellinfo xmlns:xsi="http://www.w3.org/2001/XMLSchema-instance">mcc=450 mnc=8 ci=21136133 pci=NA tac=10242 arfcn=NA rssi=-75</cellinfo>
                    <barometer xmlns:xsi="http://www.w3.org/2001/XMLSchema-instance">956.274</barometer>
                </extensions>
            </trkpt>
            <trkpt lat="37.666538" lon="126.994237">
                <ele>528.6</ele>
                <time>2020-04-15T07:49:09.000Z</time>
                <name>Position 614</name>
                <extensions>
                    <cellinfo xmlns:xsi="http://www.w3.org/2001/XMLSchema-instance">mcc=450 mnc=8 ci=5257473 pci=226 tac=1001 earfcn=3743 rsrp=-93 rsrq=-17 rssnr=-7 cqi=6</cellinfo>
                    <barometer xmlns:xsi="http://www.w3.org/2001/XMLSchema-instance">956.371</barometer>
                </extensions>
            </trkpt>
            <trkpt lat="37.66668" lon="126.994092">
                <ele>530.1</ele>
                <time>2020-04-15T07:49:29.000Z</time>
                <name>Position 615</name>
                <extensions>
                    <cellinfo xmlns:xsi="http://www.w3.org/2001/XMLSchema-instance">mcc=450 mnc=8 ci=4353545 pci=478 tac=1004 earfcn=3743 rsrp=-99 rsrq=-14 rssnr=-7 cqi=6</cellinfo>
                    <barometer xmlns:xsi="http://www.w3.org/2001/XMLSchema-instance">956.624</barometer>
                </extensions>
            </trkpt>
            <trkpt lat="37.666843" lon="126.993898">
                <ele>525.5</ele>
                <time>2020-04-15T07:49:55.000Z</time>
                <name>Position 616</name>
                <extensions>
                    <cellinfo xmlns:xsi="http://www.w3.org/2001/XMLSchema-instance">mcc=450 mnc=8 ci=4353545 pci=478 tac=1004 earfcn=3743 rsrp=-97 rsrq=-10 rssnr=1 cqi=6</cellinfo>
                    <barometer xmlns:xsi="http://www.w3.org/2001/XMLSchema-instance">957.495</barometer>
                </extensions>
            </trkpt>
            <trkpt lat="37.667044" lon="126.993836">
                <ele>521.0</ele>
                <time>2020-04-15T07:50:20.000Z</time>
                <name>Position 617</name>
                <extensions>
                    <cellinfo xmlns:xsi="http://www.w3.org/2001/XMLSchema-instance">mcc=450 mnc=8 ci=5257473 pci=226 tac=1001 earfcn=3743 rsrp=-104 rsrq=-15 rssnr=-3 cqi=6</cellinfo>
                    <barometer xmlns:xsi="http://www.w3.org/2001/XMLSchema-instance">957.896</barometer>
                </extensions>
            </trkpt>
            <trkpt lat="37.667239" lon="126.993801">
                <ele>524.4</ele>
                <time>2020-04-15T07:50:44.000Z</time>
                <name>Position 618</name>
                <extensions>
                    <cellinfo xmlns:xsi="http://www.w3.org/2001/XMLSchema-instance">mcc=450 mnc=8 ci=5257473 pci=226 tac=1001 earfcn=3743 rsrp=-98 rsrq=-15 rssnr=-13 cqi=6</cellinfo>
                    <barometer xmlns:xsi="http://www.w3.org/2001/XMLSchema-instance">957.150</barometer>
                </extensions>
            </trkpt>
            <trkpt lat="37.667435" lon="126.99381">
                <ele>525.5</ele>
                <time>2020-04-15T07:51:04.000Z</time>
                <name>Position 619</name>
                <extensions>
                    <cellinfo xmlns:xsi="http://www.w3.org/2001/XMLSchema-instance">mcc=450 mnc=8 ci=5257473 pci=226 tac=1001 earfcn=3743 rsrp=-97 rsrq=-16 rssnr=-11 cqi=6</cellinfo>
                    <barometer xmlns:xsi="http://www.w3.org/2001/XMLSchema-instance">956.760</barometer>
                </extensions>
            </trkpt>
            <trkpt lat="37.667622" lon="126.993766">
                <ele>529.2</ele>
                <time>2020-04-15T07:51:26.000Z</time>
                <name>Position 620</name>
                <extensions>
                    <cellinfo xmlns:xsi="http://www.w3.org/2001/XMLSchema-instance">mcc=450 mnc=8 ci=5257473 pci=226 tac=1001 earfcn=3743 rsrp=-93 rsrq=-13 rssnr=-2 cqi=5</cellinfo>
                    <barometer xmlns:xsi="http://www.w3.org/2001/XMLSchema-instance">956.381</barometer>
                </extensions>
            </trkpt>
            <trkpt lat="37.667822" lon="126.993748">
                <ele>529.4</ele>
                <time>2020-04-15T07:51:46.000Z</time>
                <name>Position 621</name>
                <extensions>
                    <cellinfo xmlns:xsi="http://www.w3.org/2001/XMLSchema-instance">mcc=450 mnc=8 ci=5418501 pci=389 tac=117 earfcn=1550 rsrp=-101 rsrq=-15 rssnr=-7 cqi=5</cellinfo>
                    <barometer xmlns:xsi="http://www.w3.org/2001/XMLSchema-instance">956.451</barometer>
                </extensions>
            </trkpt>
            <trkpt lat="37.668013" lon="126.993765">
                <ele>525.4</ele>
                <time>2020-04-15T07:52:12.000Z</time>
                <name>Position 622</name>
                <extensions>
                    <cellinfo xmlns:xsi="http://www.w3.org/2001/XMLSchema-instance">mcc=450 mnc=8 ci=5418501 pci=389 tac=117 earfcn=1550 rsrp=-90 rsrq=-10 rssnr=0 cqi=8</cellinfo>
                    <barometer xmlns:xsi="http://www.w3.org/2001/XMLSchema-instance">957.184</barometer>
                </extensions>
            </trkpt>
            <trkpt lat="37.668179" lon="126.993779">
                <ele>518.1</ele>
                <time>2020-04-15T07:52:48.000Z</time>
                <name>Position 623</name>
                <extensions>
                    <cellinfo xmlns:xsi="http://www.w3.org/2001/XMLSchema-instance">mcc=450 mnc=8 ci=4353536 pci=398 tac=1004 earfcn=3743 rsrp=-94 rsrq=-10 rssnr=4 cqi=7</cellinfo>
                    <barometer xmlns:xsi="http://www.w3.org/2001/XMLSchema-instance">958.226</barometer>
                </extensions>
            </trkpt>
            <trkpt lat="37.668323" lon="126.993655">
                <ele>510.6</ele>
                <time>2020-04-15T07:53:22.000Z</time>
                <name>Position 624</name>
                <extensions>
                    <cellinfo xmlns:xsi="http://www.w3.org/2001/XMLSchema-instance">mcc=450 mnc=8 ci=4353536 pci=398 tac=1004 earfcn=3743 rsrp=-87 rsrq=-11 rssnr=1 cqi=7</cellinfo>
                    <barometer xmlns:xsi="http://www.w3.org/2001/XMLSchema-instance">959.248</barometer>
                </extensions>
            </trkpt>
            <trkpt lat="37.668381" lon="126.993741">
                <ele>502.0</ele>
                <time>2020-04-15T07:53:50.000Z</time>
                <name>Position 625</name>
                <extensions>
                    <cellinfo xmlns:xsi="http://www.w3.org/2001/XMLSchema-instance">mcc=450 mnc=8 ci=5257473 pci=226 tac=1001 earfcn=3743 rsrp=-99 rsrq=-17 rssnr=-6 cqi=7</cellinfo>
                    <barometer xmlns:xsi="http://www.w3.org/2001/XMLSchema-instance">960.222</barometer>
                </extensions>
            </trkpt>
            <trkpt lat="37.668471" lon="126.993964">
                <ele>498.5</ele>
                <time>2020-04-15T07:54:16.000Z</time>
                <name>Position 626</name>
                <extensions>
                    <cellinfo xmlns:xsi="http://www.w3.org/2001/XMLSchema-instance">mcc=450 mnc=8 ci=5257473 pci=226 tac=1001 earfcn=3743 rsrp=-93 rsrq=-18 rssnr=-5 cqi=7</cellinfo>
                    <barometer xmlns:xsi="http://www.w3.org/2001/XMLSchema-instance">960.706</barometer>
                </extensions>
            </trkpt>
            <trkpt lat="37.66866" lon="126.994054">
                <ele>497.5</ele>
                <time>2020-04-15T07:54:40.000Z</time>
                <name>Position 627</name>
                <extensions>
                    <cellinfo xmlns:xsi="http://www.w3.org/2001/XMLSchema-instance">mcc=450 mnc=8 ci=5403142 pci=5 tac=124 earfcn=1694 rsrp=-99 rsrq=-19 rssnr=-9 cqi=7</cellinfo>
                    <barometer xmlns:xsi="http://www.w3.org/2001/XMLSchema-instance">961.050</barometer>
                </extensions>
            </trkpt>
            <trkpt lat="37.66885" lon="126.994124">
                <ele>491.6</ele>
                <time>2020-04-15T07:55:02.000Z</time>
                <name>Position 628</name>
                <extensions>
                    <cellinfo xmlns:xsi="http://www.w3.org/2001/XMLSchema-instance">mcc=450 mnc=8 ci=5257475 pci=39 tac=117 earfcn=1550 rsrp=-108 rsrq=-22 rssnr=-13 cqi=1</cellinfo>
                    <barometer xmlns:xsi="http://www.w3.org/2001/XMLSchema-instance">961.881</barometer>
                </extensions>
            </trkpt>
            <trkpt lat="37.668998" lon="126.994337">
                <ele>488.3</ele>
                <time>2020-04-15T07:55:18.000Z</time>
                <name>Position 629</name>
                <extensions>
                    <cellinfo xmlns:xsi="http://www.w3.org/2001/XMLSchema-instance">mcc=450 mnc=8 ci=5409552 pci=353 tac=124 earfcn=1694 rsrp=-108 rsrq=-22 rssnr=-12 cqi=1</cellinfo>
                    <barometer xmlns:xsi="http://www.w3.org/2001/XMLSchema-instance">962.415</barometer>
                </extensions>
            </trkpt>
            <trkpt lat="37.669222" lon="126.994347">
                <ele>480.8</ele>
                <time>2020-04-15T07:55:42.000Z</time>
                <name>Position 630</name>
                <extensions>
                    <cellinfo xmlns:xsi="http://www.w3.org/2001/XMLSchema-instance">mcc=450 mnc=8 ci=6355207 pci=353 tac=1003 earfcn=1694 rsrp=-108 rsrq=-22 rssnr=-13 cqi=1</cellinfo>
                    <barometer xmlns:xsi="http://www.w3.org/2001/XMLSchema-instance">962.904</barometer>
                </extensions>
            </trkpt>
            <trkpt lat="37.669457" lon="126.994377">
                <ele>476.0</ele>
                <time>2020-04-15T07:56:03.000Z</time>
                <name>Position 631</name>
                <extensions>
                    <cellinfo xmlns:xsi="http://www.w3.org/2001/XMLSchema-instance">mcc=450 mnc=8 ci=5418501 pci=389 tac=117 earfcn=1550 rsrp=-112 rsrq=-17 rssnr=-7 cqi=3</cellinfo>
                    <barometer xmlns:xsi="http://www.w3.org/2001/XMLSchema-instance">963.727</barometer>
                </extensions>
            </trkpt>
            <trkpt lat="37.669601" lon="126.994292">
                <ele>464.7</ele>
                <time>2020-04-15T07:56:26.000Z</time>
                <name>Position 632</name>
                <extensions>
                    <cellinfo xmlns:xsi="http://www.w3.org/2001/XMLSchema-instance">mcc=450 mnc=8 ci=5418501 pci=389 tac=117 earfcn=1550 rsrp=-114 rsrq=-16 rssnr=-10 cqi=5</cellinfo>
                    <barometer xmlns:xsi="http://www.w3.org/2001/XMLSchema-instance">964.821</barometer>
                </extensions>
            </trkpt>
            <trkpt lat="37.669766" lon="126.994127">
                <ele>457.8</ele>
                <time>2020-04-15T07:56:47.000Z</time>
                <name>Position 633</name>
                <extensions>
                    <cellinfo xmlns:xsi="http://www.w3.org/2001/XMLSchema-instance">mcc=450 mnc=8 ci=7784970 pci=303 tac=1003 earfcn=3743 rsrp=-105 rsrq=-13 rssnr=-7 cqi=3</cellinfo>
                    <barometer xmlns:xsi="http://www.w3.org/2001/XMLSchema-instance">965.958</barometer>
                </extensions>
            </trkpt>
            <trkpt lat="37.669853" lon="126.993937">
                <ele>449.8</ele>
                <time>2020-04-15T07:57:08.000Z</time>
                <name>Position 634</name>
                <extensions>
                    <cellinfo xmlns:xsi="http://www.w3.org/2001/XMLSchema-instance">mcc=450 mnc=8 ci=7784970 pci=303 tac=1003 earfcn=3743 rsrp=-112 rsrq=-16 rssnr=-7 cqi=3</cellinfo>
                    <barometer xmlns:xsi="http://www.w3.org/2001/XMLSchema-instance">966.973</barometer>
                </extensions>
            </trkpt>
            <trkpt lat="37.670043" lon="126.993879">
                <ele>442.6</ele>
                <time>2020-04-15T07:57:29.000Z</time>
                <name>Position 635</name>
                <extensions>
                    <cellinfo xmlns:xsi="http://www.w3.org/2001/XMLSchema-instance">mcc=450 mnc=8 ci=5418498 pci=389 tac=117 earfcn=3743 rsrp=-108 rsrq=-16 rssnr=-5 cqi=6</cellinfo>
                    <barometer xmlns:xsi="http://www.w3.org/2001/XMLSchema-instance">967.670</barometer>
                </extensions>
            </trkpt>
            <trkpt lat="37.670226" lon="126.993818">
                <ele>440.2</ele>
                <time>2020-04-15T07:57:43.000Z</time>
                <name>Position 636</name>
                <extensions>
                    <cellinfo xmlns:xsi="http://www.w3.org/2001/XMLSchema-instance">mcc=450 mnc=8 ci=5418498 pci=389 tac=117 earfcn=3743 rsrp=-106 rsrq=-15 rssnr=-4 cqi=6</cellinfo>
                    <barometer xmlns:xsi="http://www.w3.org/2001/XMLSchema-instance">967.780</barometer>
                </extensions>
            </trkpt>
            <trkpt lat="37.670402" lon="126.993924">
                <ele>435.4</ele>
                <time>2020-04-15T07:58:02.000Z</time>
                <name>Position 637</name>
                <extensions>
                    <cellinfo xmlns:xsi="http://www.w3.org/2001/XMLSchema-instance">mcc=450 mnc=8 ci=5418498 pci=389 tac=117 earfcn=3743 rsrp=-103 rsrq=-19 rssnr=-7 cqi=6</cellinfo>
                    <barometer xmlns:xsi="http://www.w3.org/2001/XMLSchema-instance">968.314</barometer>
                </extensions>
            </trkpt>
            <trkpt lat="37.670576" lon="126.993997">
                <ele>430.3</ele>
                <time>2020-04-15T07:58:24.000Z</time>
                <name>Position 638</name>
                <extensions>
                    <cellinfo xmlns:xsi="http://www.w3.org/2001/XMLSchema-instance">mcc=450 mnc=8 ci=5418501 pci=389 tac=117 earfcn=1550 rsrp=-94 rsrq=-8 rssnr=7 cqi=2</cellinfo>
                    <barometer xmlns:xsi="http://www.w3.org/2001/XMLSchema-instance">968.984</barometer>
                </extensions>
            </trkpt>
            <trkpt lat="37.670764" lon="126.993986">
                <ele>427.3</ele>
                <time>2020-04-15T07:58:41.000Z</time>
                <name>Position 639</name>
                <extensions>
                    <cellinfo xmlns:xsi="http://www.w3.org/2001/XMLSchema-instance">mcc=450 mnc=8 ci=5418501 pci=389 tac=117 earfcn=1550 rsrp=-97 rsrq=-9 rssnr=2 cqi=2</cellinfo>
                    <barometer xmlns:xsi="http://www.w3.org/2001/XMLSchema-instance">969.301</barometer>
                </extensions>
            </trkpt>
            <trkpt lat="37.67095" lon="126.994064">
                <ele>421.2</ele>
                <time>2020-04-15T07:58:59.000Z</time>
                <name>Position 640</name>
                <extensions>
                    <cellinfo xmlns:xsi="http://www.w3.org/2001/XMLSchema-instance">mcc=450 mnc=8 ci=5418501 pci=389 tac=117 earfcn=1550 rsrp=-97 rsrq=-12 rssnr=-3 cqi=2</cellinfo>
                    <barometer xmlns:xsi="http://www.w3.org/2001/XMLSchema-instance">970.000</barometer>
                </extensions>
            </trkpt>
            <trkpt lat="37.670866" lon="126.994251">
                <ele>414.6</ele>
                <time>2020-04-15T07:59:20.000Z</time>
                <name>Position 641</name>
                <extensions>
                    <cellinfo xmlns:xsi="http://www.w3.org/2001/XMLSchema-instance">mcc=450 mnc=8 ci=5418501 pci=389 tac=117 earfcn=1550 rsrp=-98 rsrq=-13 rssnr=0 cqi=2</cellinfo>
                    <barometer xmlns:xsi="http://www.w3.org/2001/XMLSchema-instance">970.743</barometer>
                </extensions>
            </trkpt>
            <trkpt lat="37.670822" lon="126.994486">
                <ele>408.1</ele>
                <time>2020-04-15T07:59:51.000Z</time>
                <name>Position 642</name>
                <extensions>
                    <cellinfo xmlns:xsi="http://www.w3.org/2001/XMLSchema-instance">mcc=450 mnc=8 ci=5418501 pci=389 tac=117 earfcn=1550 rsrp=-94 rsrq=-10 rssnr=1 cqi=9</cellinfo>
                    <barometer xmlns:xsi="http://www.w3.org/2001/XMLSchema-instance">971.915</barometer>
                </extensions>
            </trkpt>
            <trkpt lat="37.670781" lon="126.994683">
                <ele>396.7</ele>
                <time>2020-04-15T08:00:25.000Z</time>
                <name>Position 643</name>
                <extensions>
                    <cellinfo xmlns:xsi="http://www.w3.org/2001/XMLSchema-instance">mcc=450 mnc=8 ci=5418501 pci=389 tac=117 earfcn=1550 rsrp=-94 rsrq=-10 rssnr=0 cqi=9</cellinfo>
                    <barometer xmlns:xsi="http://www.w3.org/2001/XMLSchema-instance">973.282</barometer>
                </extensions>
            </trkpt>
            <trkpt lat="37.670825" lon="126.994861">
                <ele>388.2</ele>
                <time>2020-04-15T08:00:50.000Z</time>
                <name>Position 644</name>
                <extensions>
                    <cellinfo xmlns:xsi="http://www.w3.org/2001/XMLSchema-instance">mcc=450 mnc=8 ci=5418501 pci=389 tac=117 earfcn=1550 rsrp=-99 rsrq=-9 rssnr=0 cqi=9</cellinfo>
                    <barometer xmlns:xsi="http://www.w3.org/2001/XMLSchema-instance">974.133</barometer>
                </extensions>
            </trkpt>
            <trkpt lat="37.670911" lon="126.995038">
                <ele>378.0</ele>
                <time>2020-04-15T08:01:28.000Z</time>
                <name>Position 645</name>
                <extensions>
                    <cellinfo xmlns:xsi="http://www.w3.org/2001/XMLSchema-instance">mcc=450 mnc=8 ci=5418501 pci=389 tac=117 earfcn=1550 rsrp=-99 rsrq=-13 rssnr=-9 cqi=9</cellinfo>
                    <barometer xmlns:xsi="http://www.w3.org/2001/XMLSchema-instance">975.292</barometer>
                </extensions>
            </trkpt>
            <trkpt lat="37.670887" lon="126.995247">
                <ele>370.0</ele>
                <time>2020-04-15T08:01:57.000Z</time>
                <name>Position 646</name>
                <extensions>
                    <cellinfo xmlns:xsi="http://www.w3.org/2001/XMLSchema-instance">mcc=450 mnc=8 ci=5418501 pci=389 tac=117 earfcn=1550 rsrp=-101 rsrq=-14 rssnr=-5 cqi=9</cellinfo>
                    <barometer xmlns:xsi="http://www.w3.org/2001/XMLSchema-instance">976.310</barometer>
                </extensions>
            </trkpt>
            <trkpt lat="37.670881" lon="126.995473">
                <ele>364.3</ele>
                <time>2020-04-15T08:02:20.000Z</time>
                <name>Position 647</name>
                <extensions>
                    <cellinfo xmlns:xsi="http://www.w3.org/2001/XMLSchema-instance">mcc=450 mnc=8 ci=5418501 pci=389 tac=117 earfcn=1550 rsrp=-103 rsrq=-12 rssnr=-2 cqi=9</cellinfo>
                    <barometer xmlns:xsi="http://www.w3.org/2001/XMLSchema-instance">977.045</barometer>
                </extensions>
            </trkpt>
            <trkpt lat="37.670971" lon="126.995676">
                <ele>360.7</ele>
                <time>2020-04-15T08:02:44.000Z</time>
                <name>Position 648</name>
                <extensions>
                    <cellinfo xmlns:xsi="http://www.w3.org/2001/XMLSchema-instance">mcc=450 mnc=8 ci=5418501 pci=389 tac=117 earfcn=1550 rsrp=-102 rsrq=-11 rssnr=0 cqi=9</cellinfo>
                    <barometer xmlns:xsi="http://www.w3.org/2001/XMLSchema-instance">977.799</barometer>
                </extensions>
            </trkpt>
            <trkpt lat="37.670813" lon="126.995759">
                <ele>353.5</ele>
                <time>2020-04-15T08:03:14.000Z</time>
                <name>Position 649</name>
                <extensions>
                    <cellinfo xmlns:xsi="http://www.w3.org/2001/XMLSchema-instance">mcc=450 mnc=8 ci=5418501 pci=389 tac=117 earfcn=1550 rsrp=-97 rsrq=-7 rssnr=15 cqi=9</cellinfo>
                    <barometer xmlns:xsi="http://www.w3.org/2001/XMLSchema-instance">978.336</barometer>
                </extensions>
            </trkpt>
            <trkpt lat="37.670946" lon="126.995934">
                <ele>343.1</ele>
                <time>2020-04-15T08:03:50.000Z</time>
                <name>Position 650</name>
                <extensions>
                    <cellinfo xmlns:xsi="http://www.w3.org/2001/XMLSchema-instance">mcc=450 mnc=8 ci=5418501 pci=389 tac=117 earfcn=1550 rsrp=-102 rsrq=-11 rssnr=3 cqi=9</cellinfo>
                    <barometer xmlns:xsi="http://www.w3.org/2001/XMLSchema-instance">979.288</barometer>
                </extensions>
            </trkpt>
            <trkpt lat="37.67104" lon="126.996124">
                <ele>337.1</ele>
                <time>2020-04-15T08:04:14.000Z</time>
                <name>Position 651</name>
                <extensions>
                    <cellinfo xmlns:xsi="http://www.w3.org/2001/XMLSchema-instance">mcc=450 mnc=8 ci=5418501 pci=389 tac=117 earfcn=1550 rsrp=-104 rsrq=-12 rssnr=-3 cqi=9</cellinfo>
                    <barometer xmlns:xsi="http://www.w3.org/2001/XMLSchema-instance">980.153</barometer>
                </extensions>
            </trkpt>
            <trkpt lat="37.671049" lon="126.996335">
                <ele>330.4</ele>
                <time>2020-04-15T08:04:40.000Z</time>
                <name>Position 652</name>
                <extensions>
                    <cellinfo xmlns:xsi="http://www.w3.org/2001/XMLSchema-instance">mcc=450 mnc=8 ci=5418501 pci=389 tac=117 earfcn=1550 rsrp=-105 rsrq=-12 rssnr=-2 cqi=9</cellinfo>
                    <barometer xmlns:xsi="http://www.w3.org/2001/XMLSchema-instance">981.030</barometer>
                </extensions>
            </trkpt>
            <trkpt lat="37.670969" lon="126.996514">
                <ele>319.5</ele>
                <time>2020-04-15T08:05:13.000Z</time>
                <name>Position 653</name>
                <extensions>
                    <cellinfo xmlns:xsi="http://www.w3.org/2001/XMLSchema-instance">mcc=450 mnc=8 ci=5418501 pci=389 tac=117 earfcn=1550 rsrp=-104 rsrq=-8 rssnr=7 cqi=9</cellinfo>
                    <barometer xmlns:xsi="http://www.w3.org/2001/XMLSchema-instance">982.146</barometer>
                </extensions>
            </trkpt>
            <trkpt lat="37.670874" lon="126.996735">
                <ele>313.7</ele>
                <time>2020-04-15T08:05:30.000Z</time>
                <name>Position 654</name>
                <extensions>
                    <cellinfo xmlns:xsi="http://www.w3.org/2001/XMLSchema-instance">mcc=450 mnc=8 ci=5418501 pci=389 tac=117 earfcn=1550 rsrp=-95 rsrq=-8 rssnr=19 cqi=9</cellinfo>
                    <barometer xmlns:xsi="http://www.w3.org/2001/XMLSchema-instance">982.620</barometer>
                </extensions>
            </trkpt>
            <trkpt lat="37.670805" lon="126.996974">
                <ele>310.3</ele>
                <time>2020-04-15T08:05:55.000Z</time>
                <name>Position 655</name>
                <extensions>
                    <cellinfo xmlns:xsi="http://www.w3.org/2001/XMLSchema-instance">mcc=450 mnc=8 ci=5418501 pci=389 tac=117 earfcn=1550 rsrp=-92 rsrq=-5 rssnr=19 cqi=9</cellinfo>
                    <barometer xmlns:xsi="http://www.w3.org/2001/XMLSchema-instance">983.155</barometer>
                </extensions>
            </trkpt>
            <trkpt lat="37.670773" lon="126.997204">
                <ele>307.5</ele>
                <time>2020-04-15T08:06:13.000Z</time>
                <name>Position 656</name>
                <extensions>
                    <cellinfo xmlns:xsi="http://www.w3.org/2001/XMLSchema-instance">mcc=450 mnc=8 ci=5418501 pci=389 tac=117 earfcn=1550 rsrp=-97 rsrq=-6 rssnr=13 cqi=9</cellinfo>
                    <barometer xmlns:xsi="http://www.w3.org/2001/XMLSchema-instance">983.732</barometer>
                </extensions>
            </trkpt>
            <trkpt lat="37.670752" lon="126.997447">
                <ele>299.3</ele>
                <time>2020-04-15T08:06:39.000Z</time>
                <name>Position 657</name>
                <extensions>
                    <cellinfo xmlns:xsi="http://www.w3.org/2001/XMLSchema-instance">mcc=450 mnc=8 ci=5418501 pci=389 tac=117 earfcn=1550 rsrp=-100 rsrq=-6 rssnr=15 cqi=9</cellinfo>
                    <barometer xmlns:xsi="http://www.w3.org/2001/XMLSchema-instance">984.568</barometer>
                </extensions>
            </trkpt>
            <trkpt lat="37.670866" lon="126.997671">
                <ele>292.5</ele>
                <time>2020-04-15T08:07:04.000Z</time>
                <name>Position 658</name>
                <extensions>
                    <cellinfo xmlns:xsi="http://www.w3.org/2001/XMLSchema-instance">mcc=450 mnc=8 ci=5418501 pci=389 tac=117 earfcn=1550 rsrp=-96 rsrq=-5 rssnr=18 cqi=9</cellinfo>
                    <barometer xmlns:xsi="http://www.w3.org/2001/XMLSchema-instance">985.527</barometer>
                </extensions>
            </trkpt>
            <trkpt lat="37.670872" lon="126.997928">
                <ele>290.2</ele>
                <time>2020-04-15T08:07:23.000Z</time>
                <name>Position 659</name>
                <extensions>
                    <cellinfo xmlns:xsi="http://www.w3.org/2001/XMLSchema-instance">mcc=450 mnc=8 ci=5418501 pci=389 tac=117 earfcn=1550 rsrp=-93 rsrq=-7 rssnr=15 cqi=9</cellinfo>
                    <barometer xmlns:xsi="http://www.w3.org/2001/XMLSchema-instance">985.789</barometer>
                </extensions>
            </trkpt>
            <trkpt lat="37.670918" lon="126.998158">
                <ele>282.1</ele>
                <time>2020-04-15T08:07:48.000Z</time>
                <name>Position 660</name>
                <extensions>
                    <cellinfo xmlns:xsi="http://www.w3.org/2001/XMLSchema-instance">mcc=450 mnc=8 ci=5418501 pci=389 tac=117 earfcn=1550 rsrp=-89 rsrq=-5 rssnr=18 cqi=9</cellinfo>
                    <barometer xmlns:xsi="http://www.w3.org/2001/XMLSchema-instance">986.429</barometer>
                </extensions>
            </trkpt>
            <trkpt lat="37.670958" lon="126.998382">
                <ele>278.7</ele>
                <time>2020-04-15T08:08:03.000Z</time>
                <name>Position 661</name>
                <extensions>
                    <cellinfo xmlns:xsi="http://www.w3.org/2001/XMLSchema-instance">mcc=450 mnc=8 ci=5418501 pci=389 tac=117 earfcn=1550 rsrp=-90 rsrq=-6 rssnr=25 cqi=9</cellinfo>
                    <barometer xmlns:xsi="http://www.w3.org/2001/XMLSchema-instance">986.722</barometer>
                </extensions>
            </trkpt>
            <trkpt lat="37.670985" lon="126.998627">
                <ele>276.7</ele>
                <time>2020-04-15T08:08:19.000Z</time>
                <name>Position 662</name>
                <extensions>
                    <cellinfo xmlns:xsi="http://www.w3.org/2001/XMLSchema-instance">mcc=450 mnc=8 ci=5418501 pci=389 tac=117 earfcn=1550 rsrp=-92 rsrq=-7 rssnr=16 cqi=9</cellinfo>
                    <barometer xmlns:xsi="http://www.w3.org/2001/XMLSchema-instance">986.924</barometer>
                </extensions>
            </trkpt>
            <trkpt lat="37.671005" lon="126.998883">
                <ele>274.7</ele>
                <time>2020-04-15T08:08:42.000Z</time>
                <name>Position 663</name>
                <extensions>
                    <cellinfo xmlns:xsi="http://www.w3.org/2001/XMLSchema-instance">mcc=450 mnc=8 ci=5418501 pci=389 tac=117 earfcn=1550 rsrp=-92 rsrq=-5 rssnr=17 cqi=9</cellinfo>
                    <barometer xmlns:xsi="http://www.w3.org/2001/XMLSchema-instance">987.557</barometer>
                </extensions>
            </trkpt>
            <trkpt lat="37.670974" lon="126.999144">
                <ele>273.2</ele>
                <time>2020-04-15T08:09:03.000Z</time>
                <name>Position 664</name>
                <extensions>
                    <cellinfo xmlns:xsi="http://www.w3.org/2001/XMLSchema-instance">mcc=450 mnc=8 ci=5418501 pci=389 tac=117 earfcn=1550 rsrp=-90 rsrq=-8 rssnr=23 cqi=9</cellinfo>
                    <barometer xmlns:xsi="http://www.w3.org/2001/XMLSchema-instance">987.519</barometer>
                </extensions>
            </trkpt>
            <trkpt lat="37.671121" lon="126.999276">
                <ele>262.6</ele>
                <time>2020-04-15T08:09:50.000Z</time>
                <name>Position 665</name>
                <extensions>
                    <cellinfo xmlns:xsi="http://www.w3.org/2001/XMLSchema-instance">mcc=450 mnc=8 ci=5418501 pci=389 tac=117 earfcn=1550 rsrp=-88 rsrq=-7 rssnr=19 cqi=15</cellinfo>
                    <barometer xmlns:xsi="http://www.w3.org/2001/XMLSchema-instance">988.884</barometer>
                </extensions>
            </trkpt>
            <trkpt lat="37.671209" lon="126.999496">
                <ele>258.2</ele>
                <time>2020-04-15T08:10:10.000Z</time>
                <name>Position 666</name>
                <extensions>
                    <cellinfo xmlns:xsi="http://www.w3.org/2001/XMLSchema-instance">mcc=450 mnc=8 ci=5418501 pci=389 tac=117 earfcn=1550 rsrp=-86 rsrq=-6 rssnr=27 cqi=15</cellinfo>
                    <barometer xmlns:xsi="http://www.w3.org/2001/XMLSchema-instance">989.338</barometer>
                </extensions>
            </trkpt>
            <trkpt lat="37.671257" lon="126.999735">
                <ele>250.6</ele>
                <time>2020-04-15T08:10:29.000Z</time>
                <name>Position 667</name>
                <extensions>
                    <cellinfo xmlns:xsi="http://www.w3.org/2001/XMLSchema-instance">mcc=450 mnc=8 ci=5418501 pci=389 tac=117 earfcn=1550 rsrp=-79 rsrq=-6 rssnr=33 cqi=15</cellinfo>
                    <barometer xmlns:xsi="http://www.w3.org/2001/XMLSchema-instance">989.779</barometer>
                </extensions>
            </trkpt>
            <trkpt lat="37.67125" lon="126.99999">
                <ele>249.1</ele>
                <time>2020-04-15T08:10:45.000Z</time>
                <name>Position 668</name>
                <extensions>
                    <cellinfo xmlns:xsi="http://www.w3.org/2001/XMLSchema-instance">mcc=450 mnc=8 ci=5418501 pci=389 tac=117 earfcn=1550 rsrp=-77 rsrq=-6 rssnr=24 cqi=15</cellinfo>
                    <barometer xmlns:xsi="http://www.w3.org/2001/XMLSchema-instance">989.970</barometer>
                </extensions>
            </trkpt>
            <trkpt lat="37.67125" lon="127.000234">
                <ele>244.0</ele>
                <time>2020-04-15T08:11:11.000Z</time>
                <name>Position 669</name>
                <extensions>
                    <cellinfo xmlns:xsi="http://www.w3.org/2001/XMLSchema-instance">mcc=450 mnc=8 ci=5418501 pci=389 tac=117 earfcn=1550 rsrp=-76 rsrq=-6 rssnr=28 cqi=15</cellinfo>
                    <barometer xmlns:xsi="http://www.w3.org/2001/XMLSchema-instance">990.467</barometer>
                </extensions>
            </trkpt>
            <trkpt lat="37.671313" lon="127.000451">
                <ele>243.6</ele>
                <time>2020-04-15T08:11:35.000Z</time>
                <name>Position 670</name>
                <extensions>
                    <cellinfo xmlns:xsi="http://www.w3.org/2001/XMLSchema-instance">mcc=450 mnc=8 ci=5418501 pci=389 tac=117 earfcn=1550 rsrp=-73 rsrq=-8 rssnr=30 cqi=15</cellinfo>
                    <barometer xmlns:xsi="http://www.w3.org/2001/XMLSchema-instance">991.077</barometer>
                </extensions>
            </trkpt>
            <trkpt lat="37.671407" lon="127.000645">
                <ele>236.2</ele>
                <time>2020-04-15T08:12:01.000Z</time>
                <name>Position 671</name>
                <extensions>
                    <cellinfo xmlns:xsi="http://www.w3.org/2001/XMLSchema-instance">mcc=450 mnc=8 ci=5418501 pci=389 tac=117 earfcn=1550 rsrp=-75 rsrq=-7 rssnr=34 cqi=15</cellinfo>
                    <barometer xmlns:xsi="http://www.w3.org/2001/XMLSchema-instance">991.799</barometer>
                </extensions>
            </trkpt>
            <trkpt lat="37.671497" lon="127.000847">
                <ele>230.7</ele>
                <time>2020-04-15T08:12:32.000Z</time>
                <name>Position 672</name>
                <extensions>
                    <cellinfo xmlns:xsi="http://www.w3.org/2001/XMLSchema-instance">mcc=450 mnc=8 ci=5418501 pci=389 tac=117 earfcn=1550 rsrp=-65 rsrq=-7 rssnr=30 cqi=15</cellinfo>
                    <barometer xmlns:xsi="http://www.w3.org/2001/XMLSchema-instance">992.388</barometer>
                </extensions>
            </trkpt>
            <trkpt lat="37.67158" lon="127.001071">
                <ele>229.3</ele>
                <time>2020-04-15T08:12:54.000Z</time>
                <name>Position 673</name>
                <extensions>
                    <cellinfo xmlns:xsi="http://www.w3.org/2001/XMLSchema-instance">mcc=450 mnc=8 ci=5418501 pci=389 tac=117 earfcn=1550 rsrp=-73 rsrq=-7 rssnr=28 cqi=15</cellinfo>
                    <barometer xmlns:xsi="http://www.w3.org/2001/XMLSchema-instance">992.806</barometer>
                </extensions>
            </trkpt>
            <trkpt lat="37.671539" lon="127.00133">
                <ele>227.4</ele>
                <time>2020-04-15T08:13:12.000Z</time>
                <name>Position 674</name>
                <extensions>
                    <cellinfo xmlns:xsi="http://www.w3.org/2001/XMLSchema-instance">mcc=450 mnc=8 ci=5418501 pci=389 tac=117 earfcn=1550 rsrp=-79 rsrq=-8 rssnr=23 cqi=15</cellinfo>
                    <barometer xmlns:xsi="http://www.w3.org/2001/XMLSchema-instance">993.104</barometer>
                </extensions>
            </trkpt>
            <trkpt lat="37.671577" lon="127.001544">
                <ele>222.9</ele>
                <time>2020-04-15T08:13:30.000Z</time>
                <name>Position 675</name>
                <extensions>
                    <cellinfo xmlns:xsi="http://www.w3.org/2001/XMLSchema-instance">mcc=450 mnc=8 ci=5418501 pci=389 tac=117 earfcn=1550 rsrp=-83 rsrq=-9 rssnr=19 cqi=15</cellinfo>
                    <barometer xmlns:xsi="http://www.w3.org/2001/XMLSchema-instance">993.534</barometer>
                </extensions>
            </trkpt>
            <trkpt lat="37.671604" lon="127.001798">
                <ele>218.1</ele>
                <time>2020-04-15T08:13:52.000Z</time>
                <name>Position 676</name>
                <extensions>
                    <cellinfo xmlns:xsi="http://www.w3.org/2001/XMLSchema-instance">mcc=450 mnc=8 ci=5418501 pci=389 tac=117 earfcn=1550 rsrp=-86 rsrq=-12 rssnr=9 cqi=15</cellinfo>
                    <barometer xmlns:xsi="http://www.w3.org/2001/XMLSchema-instance">994.016</barometer>
                </extensions>
            </trkpt>
            <trkpt lat="37.671744" lon="127.002001">
                <ele>216.0</ele>
                <time>2020-04-15T08:14:13.000Z</time>
                <name>Position 677</name>
                <extensions>
                    <cellinfo xmlns:xsi="http://www.w3.org/2001/XMLSchema-instance">mcc=450 mnc=8 ci=5418500 pci=151 tac=117 earfcn=1550 rsrp=-86 rsrq=-7 rssnr=12 cqi=15</cellinfo>
                    <barometer xmlns:xsi="http://www.w3.org/2001/XMLSchema-instance">994.370</barometer>
                </extensions>
            </trkpt>
            <trkpt lat="37.67175" lon="127.002261">
                <ele>209.8</ele>
                <time>2020-04-15T08:14:39.000Z</time>
                <name>Position 678</name>
                <extensions>
                    <cellinfo xmlns:xsi="http://www.w3.org/2001/XMLSchema-instance">mcc=450 mnc=8 ci=5418500 pci=151 tac=117 earfcn=1550 rsrp=-87 rsrq=-5 rssnr=23 cqi=15</cellinfo>
                    <barometer xmlns:xsi="http://www.w3.org/2001/XMLSchema-instance">995.040</barometer>
                </extensions>
            </trkpt>
            <trkpt lat="37.671831" lon="127.002486">
                <ele>204.8</ele>
                <time>2020-04-15T08:15:03.000Z</time>
                <name>Position 679</name>
                <extensions>
                    <cellinfo xmlns:xsi="http://www.w3.org/2001/XMLSchema-instance">mcc=450 mnc=8 ci=5418500 pci=151 tac=117 earfcn=1550 rsrp=-88 rsrq=-6 rssnr=14 cqi=15</cellinfo>
                    <barometer xmlns:xsi="http://www.w3.org/2001/XMLSchema-instance">995.717</barometer>
                </extensions>
            </trkpt>
            <trkpt lat="37.671828" lon="127.002771">
                <ele>203.8</ele>
                <time>2020-04-15T08:15:27.000Z</time>
                <name>Position 680</name>
                <extensions>
                    <cellinfo xmlns:xsi="http://www.w3.org/2001/XMLSchema-instance">mcc=450 mnc=8 ci=5418500 pci=151 tac=117 earfcn=1550 rsrp=-93 rsrq=-7 rssnr=2 cqi=15</cellinfo>
                    <barometer xmlns:xsi="http://www.w3.org/2001/XMLSchema-instance">996.305</barometer>
                </extensions>
            </trkpt>
            <trkpt lat="37.671819" lon="127.003009">
                <ele>196.5</ele>
                <time>2020-04-15T08:15:47.000Z</time>
                <name>Position 681</name>
                <extensions>
                    <cellinfo xmlns:xsi="http://www.w3.org/2001/XMLSchema-instance">mcc=450 mnc=8 ci=5418500 pci=151 tac=117 earfcn=1550 rsrp=-93 rsrq=-8 rssnr=1 cqi=15</cellinfo>
                    <barometer xmlns:xsi="http://www.w3.org/2001/XMLSchema-instance">996.484</barometer>
                </extensions>
            </trkpt>
            <trkpt lat="37.671858" lon="127.003249">
                <ele>192.8</ele>
                <time>2020-04-15T08:16:08.000Z</time>
                <name>Position 682</name>
                <extensions>
                    <cellinfo xmlns:xsi="http://www.w3.org/2001/XMLSchema-instance">mcc=450 mnc=8 ci=5418500 pci=151 tac=117 earfcn=1550 rsrp=-96 rsrq=-9 rssnr=13 cqi=15</cellinfo>
                    <barometer xmlns:xsi="http://www.w3.org/2001/XMLSchema-instance">997.110</barometer>
                </extensions>
            </trkpt>
            <trkpt lat="37.671841" lon="127.003483">
                <ele>188.3</ele>
                <time>2020-04-15T08:16:27.000Z</time>
                <name>Position 683</name>
                <extensions>
                    <cellinfo xmlns:xsi="http://www.w3.org/2001/XMLSchema-instance">mcc=450 mnc=8 ci=5418500 pci=151 tac=117 earfcn=1550 rsrp=-96 rsrq=-8 rssnr=6 cqi=15</cellinfo>
                    <barometer xmlns:xsi="http://www.w3.org/2001/XMLSchema-instance">997.500</barometer>
                </extensions>
            </trkpt>
            <trkpt lat="37.671694" lon="127.00356">
                <ele>182.6</ele>
                <time>2020-04-15T08:16:43.000Z</time>
                <name>Position 684</name>
                <extensions>
                    <cellinfo xmlns:xsi="http://www.w3.org/2001/XMLSchema-instance">mcc=450 mnc=8 ci=5418500 pci=151 tac=117 earfcn=1550 rsrp=-95 rsrq=-9 rssnr=13 cqi=15</cellinfo>
                    <barometer xmlns:xsi="http://www.w3.org/2001/XMLSchema-instance">997.722</barometer>
                </extensions>
            </trkpt>
            <trkpt lat="37.671571" lon="127.003793">
                <ele>183.4</ele>
                <time>2020-04-15T08:17:02.000Z</time>
                <name>Position 685</name>
                <extensions>
                    <cellinfo xmlns:xsi="http://www.w3.org/2001/XMLSchema-instance">mcc=450 mnc=8 ci=5418500 pci=151 tac=117 earfcn=1550 rsrp=-92 rsrq=-8 rssnr=6 cqi=15</cellinfo>
                    <barometer xmlns:xsi="http://www.w3.org/2001/XMLSchema-instance">997.734</barometer>
                </extensions>
            </trkpt>
            <trkpt lat="37.671391" lon="127.003975">
                <ele>182.5</ele>
                <time>2020-04-15T08:17:18.000Z</time>
                <name>Position 686</name>
                <extensions>
                    <cellinfo xmlns:xsi="http://www.w3.org/2001/XMLSchema-instance">mcc=450 mnc=8 ci=5418500 pci=151 tac=117 earfcn=1550 rsrp=-94 rsrq=-10 rssnr=7 cqi=15</cellinfo>
                    <barometer xmlns:xsi="http://www.w3.org/2001/XMLSchema-instance">997.729</barometer>
                </extensions>
            </trkpt>
            <trkpt lat="37.671242" lon="127.004124">
                <ele>179.6</ele>
                <time>2020-04-15T08:17:37.000Z</time>
                <name>Position 687</name>
                <extensions>
                    <cellinfo xmlns:xsi="http://www.w3.org/2001/XMLSchema-instance">mcc=450 mnc=8 ci=5418501 pci=389 tac=117 earfcn=1550 rsrp=-93 rsrq=-9 rssnr=15 cqi=15</cellinfo>
                    <barometer xmlns:xsi="http://www.w3.org/2001/XMLSchema-instance">998.080</barometer>
                </extensions>
            </trkpt>
            <trkpt lat="37.671145" lon="127.004085">
                <ele>178.0</ele>
                <time>2020-04-15T08:17:50.000Z</time>
                <name>Position 688</name>
                <extensions>
                    <cellinfo xmlns:xsi="http://www.w3.org/2001/XMLSchema-instance">mcc=450 mnc=8 ci=5418501 pci=389 tac=117 earfcn=1550 rsrp=-96 rsrq=-11 rssnr=10 cqi=15</cellinfo>
                    <barometer xmlns:xsi="http://www.w3.org/2001/XMLSchema-instance">998.107</barometer>
                </extensions>
            </trkpt>
            <trkpt lat="37.671033" lon="127.003879">
                <ele>180.6</ele>
                <time>2020-04-15T08:18:14.000Z</time>
                <name>Position 689</name>
                <extensions>
                    <cellinfo xmlns:xsi="http://www.w3.org/2001/XMLSchema-instance">mcc=450 mnc=8 ci=5418500 pci=151 tac=117 earfcn=1550 rsrp=-93 rsrq=-9 rssnr=5 cqi=15</cellinfo>
                    <barometer xmlns:xsi="http://www.w3.org/2001/XMLSchema-instance">998.051</barometer>
                </extensions>
            </trkpt>
            <trkpt lat="37.670919" lon="127.004089">
                <ele>177.3</ele>
                <time>2020-04-15T08:18:38.000Z</time>
                <name>Position 690</name>
                <extensions>
                    <cellinfo xmlns:xsi="http://www.w3.org/2001/XMLSchema-instance">mcc=450 mnc=8 ci=5418501 pci=389 tac=117 earfcn=1550 rsrp=-90 rsrq=-7 rssnr=17 cqi=15</cellinfo>
                    <barometer xmlns:xsi="http://www.w3.org/2001/XMLSchema-instance">998.472</barometer>
                </extensions>
            </trkpt>
            <trkpt lat="37.670929" lon="127.004318">
                <ele>173.2</ele>
                <time>2020-04-15T08:19:01.000Z</time>
                <name>Position 691</name>
                <extensions>
                    <cellinfo xmlns:xsi="http://www.w3.org/2001/XMLSchema-instance">mcc=450 mnc=8 ci=5418501 pci=389 tac=117 earfcn=1550 rsrp=-90 rsrq=-7 rssnr=20 cqi=15</cellinfo>
                    <barometer xmlns:xsi="http://www.w3.org/2001/XMLSchema-instance">999.004</barometer>
                </extensions>
            </trkpt>
            <trkpt lat="37.670886" lon="127.004551">
                <ele>172.1</ele>
                <time>2020-04-15T08:19:16.000Z</time>
                <name>Position 692</name>
                <extensions>
                    <cellinfo xmlns:xsi="http://www.w3.org/2001/XMLSchema-instance">mcc=450 mnc=8 ci=5418501 pci=389 tac=117 earfcn=1550 rsrp=-87 rsrq=-6 rssnr=23 cqi=15</cellinfo>
                    <barometer xmlns:xsi="http://www.w3.org/2001/XMLSchema-instance">999.140</barometer>
                </extensions>
            </trkpt>
            <trkpt lat="37.670928" lon="127.004777">
                <ele>170.2</ele>
                <time>2020-04-15T08:19:36.000Z</time>
                <name>Position 693</name>
                <extensions>
                    <cellinfo xmlns:xsi="http://www.w3.org/2001/XMLSchema-instance">mcc=450 mnc=8 ci=5418501 pci=389 tac=117 earfcn=1550 rsrp=-90 rsrq=-7 rssnr=22 cqi=15</cellinfo>
                    <barometer xmlns:xsi="http://www.w3.org/2001/XMLSchema-instance">999.101</barometer>
                </extensions>
            </trkpt>
            <trkpt lat="37.670772" lon="127.004939">
                <ele>169.0</ele>
                <time>2020-04-15T08:19:57.000Z</time>
                <name>Position 694</name>
                <extensions>
                    <cellinfo xmlns:xsi="http://www.w3.org/2001/XMLSchema-instance">mcc=450 mnc=8 ci=5418501 pci=389 tac=117 earfcn=1550 rsrp=-80 rsrq=-6 rssnr=20 cqi=15</cellinfo>
                    <barometer xmlns:xsi="http://www.w3.org/2001/XMLSchema-instance">999.219</barometer>
                </extensions>
            </trkpt>
            <trkpt lat="37.670645" lon="127.005153">
                <ele>168.8</ele>
                <time>2020-04-15T08:20:19.000Z</time>
                <name>Position 695</name>
                <extensions>
                    <cellinfo xmlns:xsi="http://www.w3.org/2001/XMLSchema-instance">mcc=450 mnc=8 ci=5418501 pci=389 tac=117 earfcn=1550 rsrp=-72 rsrq=-6 rssnr=26 cqi=15</cellinfo>
                    <barometer xmlns:xsi="http://www.w3.org/2001/XMLSchema-instance">999.489</barometer>
                </extensions>
            </trkpt>
            <trkpt lat="37.670577" lon="127.0054">
                <ele>166.3</ele>
                <time>2020-04-15T08:20:36.000Z</time>
                <name>Position 696</name>
                <extensions>
                    <cellinfo xmlns:xsi="http://www.w3.org/2001/XMLSchema-instance">mcc=450 mnc=8 ci=5418501 pci=389 tac=117 earfcn=1550 rsrp=-70 rsrq=-8 rssnr=26 cqi=15</cellinfo>
                    <barometer xmlns:xsi="http://www.w3.org/2001/XMLSchema-instance">999.816</barometer>
                </extensions>
            </trkpt>
            <trkpt lat="37.670475" lon="127.005617">
                <ele>164.3</ele>
                <time>2020-04-15T08:20:49.000Z</time>
                <name>Position 697</name>
                <extensions>
                    <cellinfo xmlns:xsi="http://www.w3.org/2001/XMLSchema-instance">mcc=450 mnc=8 ci=5418501 pci=389 tac=117 earfcn=1550 rsrp=-62 rsrq=-6 rssnr=26 cqi=15</cellinfo>
                    <barometer xmlns:xsi="http://www.w3.org/2001/XMLSchema-instance">999.959</barometer>
                </extensions>
            </trkpt>
            <trkpt lat="37.670428" lon="127.005862">
                <ele>163.9</ele>
                <time>2020-04-15T08:21:03.000Z</time>
                <name>Position 698</name>
                <extensions>
                    <cellinfo xmlns:xsi="http://www.w3.org/2001/XMLSchema-instance">mcc=450 mnc=8 ci=5418501 pci=389 tac=117 earfcn=1550 rsrp=-61 rsrq=-6 rssnr=33 cqi=15</cellinfo>
                    <barometer xmlns:xsi="http://www.w3.org/2001/XMLSchema-instance">1000.067</barometer>
                </extensions>
            </trkpt>
            <trkpt lat="37.670334" lon="127.006079">
                <ele>162.0</ele>
                <time>2020-04-15T08:21:22.000Z</time>
                <name>Position 699</name>
                <extensions>
                    <cellinfo xmlns:xsi="http://www.w3.org/2001/XMLSchema-instance">mcc=450 mnc=8 ci=5418501 pci=389 tac=117 earfcn=1550 rsrp=-66 rsrq=-6 rssnr=19 cqi=15</cellinfo>
                    <barometer xmlns:xsi="http://www.w3.org/2001/XMLSchema-instance">1000.281</barometer>
                </extensions>
            </trkpt>
            <trkpt lat="37.670201" lon="127.006257">
                <ele>160.4</ele>
                <time>2020-04-15T08:21:37.000Z</time>
                <name>Position 700</name>
                <extensions>
                    <cellinfo xmlns:xsi="http://www.w3.org/2001/XMLSchema-instance">mcc=450 mnc=8 ci=5418501 pci=389 tac=117 earfcn=1550 rsrp=-69 rsrq=-6 rssnr=30 cqi=15</cellinfo>
                    <barometer xmlns:xsi="http://www.w3.org/2001/XMLSchema-instance">1000.414</barometer>
                </extensions>
            </trkpt>
            <trkpt lat="37.670041" lon="127.006365">
                <ele>161.2</ele>
                <time>2020-04-15T08:21:49.000Z</time>
                <name>Position 701</name>
                <extensions>
                    <cellinfo xmlns:xsi="http://www.w3.org/2001/XMLSchema-instance">mcc=450 mnc=8 ci=5418501 pci=389 tac=117 earfcn=1550 rsrp=-73 rsrq=-6 rssnr=28 cqi=15</cellinfo>
                    <barometer xmlns:xsi="http://www.w3.org/2001/XMLSchema-instance">1000.534</barometer>
                </extensions>
            </trkpt>
            <trkpt lat="37.669829" lon="127.006451">
                <ele>159.3</ele>
                <time>2020-04-15T08:22:06.000Z</time>
                <name>Position 702</name>
                <extensions>
                    <cellinfo xmlns:xsi="http://www.w3.org/2001/XMLSchema-instance">mcc=450 mnc=8 ci=5418501 pci=389 tac=117 earfcn=1550 rsrp=-74 rsrq=-6 rssnr=25 cqi=15</cellinfo>
                    <barometer xmlns:xsi="http://www.w3.org/2001/XMLSchema-instance">1000.628</barometer>
                </extensions>
            </trkpt>
            <trkpt lat="37.669637" lon="127.006496">
                <ele>156.8</ele>
                <time>2020-04-15T08:22:22.000Z</time>
                <name>Position 703</name>
                <extensions>
                    <cellinfo xmlns:xsi="http://www.w3.org/2001/XMLSchema-instance">mcc=450 mnc=8 ci=5418501 pci=389 tac=117 earfcn=1550 rsrp=-77 rsrq=-5 rssnr=28 cqi=15</cellinfo>
                    <barometer xmlns:xsi="http://www.w3.org/2001/XMLSchema-instance">1000.848</barometer>
                </extensions>
            </trkpt>
            <trkpt lat="37.669448" lon="127.006577">
                <ele>155.7</ele>
                <time>2020-04-15T08:22:38.000Z</time>
                <name>Position 704</name>
                <extensions>
                    <cellinfo xmlns:xsi="http://www.w3.org/2001/XMLSchema-instance">mcc=450 mnc=8 ci=5418501 pci=389 tac=117 earfcn=1550 rsrp=-73 rsrq=-7 rssnr=27 cqi=15</cellinfo>
                    <barometer xmlns:xsi="http://www.w3.org/2001/XMLSchema-instance">1000.950</barometer>
                </extensions>
            </trkpt>
            <trkpt lat="37.669242" lon="127.006674">
                <ele>154.1</ele>
                <time>2020-04-15T08:22:56.000Z</time>
                <name>Position 705</name>
                <extensions>
                    <cellinfo xmlns:xsi="http://www.w3.org/2001/XMLSchema-instance">mcc=450 mnc=8 ci=5418501 pci=389 tac=117 earfcn=1550 rsrp=-85 rsrq=-7 rssnr=21 cqi=15</cellinfo>
                    <barometer xmlns:xsi="http://www.w3.org/2001/XMLSchema-instance">1001.083</barometer>
                </extensions>
            </trkpt>
            <trkpt lat="37.669051" lon="127.00676">
                <ele>154.0</ele>
                <time>2020-04-15T08:23:15.000Z</time>
                <name>Position 706</name>
                <extensions>
                    <cellinfo xmlns:xsi="http://www.w3.org/2001/XMLSchema-instance">mcc=450 mnc=8 ci=5418501 pci=389 tac=117 earfcn=1550 rsrp=-89 rsrq=-8 rssnr=6 cqi=15</cellinfo>
                    <barometer xmlns:xsi="http://www.w3.org/2001/XMLSchema-instance">1001.177</barometer>
                </extensions>
            </trkpt>
            <trkpt lat="37.668847" lon="127.006771">
                <ele>153.4</ele>
                <time>2020-04-15T08:23:29.000Z</time>
                <name>Position 707</name>
                <extensions>
                    <cellinfo xmlns:xsi="http://www.w3.org/2001/XMLSchema-instance">mcc=450 mnc=8 ci=5418501 pci=389 tac=117 earfcn=1550 rsrp=-90 rsrq=-7 rssnr=13 cqi=15</cellinfo>
                    <barometer xmlns:xsi="http://www.w3.org/2001/XMLSchema-instance">1001.288</barometer>
                </extensions>
            </trkpt>
            <trkpt lat="37.668633" lon="127.006775">
                <ele>153.5</ele>
                <time>2020-04-15T08:23:47.000Z</time>
                <name>Position 708</name>
                <extensions>
                    <cellinfo xmlns:xsi="http://www.w3.org/2001/XMLSchema-instance">mcc=450 mnc=8 ci=5418501 pci=389 tac=117 earfcn=1550 rsrp=-85 rsrq=-6 rssnr=19 cqi=15</cellinfo>
                    <barometer xmlns:xsi="http://www.w3.org/2001/XMLSchema-instance">1001.434</barometer>
                </extensions>
            </trkpt>
            <trkpt lat="37.668433" lon="127.006802">
                <ele>149.7</ele>
                <time>2020-04-15T08:24:07.000Z</time>
                <name>Position 709</name>
                <extensions>
                    <cellinfo xmlns:xsi="http://www.w3.org/2001/XMLSchema-instance">mcc=450 mnc=8 ci=5418501 pci=389 tac=117 earfcn=1550 rsrp=-88 rsrq=-7 rssnr=22 cqi=15</cellinfo>
                    <barometer xmlns:xsi="http://www.w3.org/2001/XMLSchema-instance">1001.811</barometer>
                </extensions>
            </trkpt>
            <trkpt lat="37.66823" lon="127.006871">
                <ele>146.8</ele>
                <time>2020-04-15T08:24:23.000Z</time>
                <name>Position 710</name>
                <extensions>
                    <cellinfo xmlns:xsi="http://www.w3.org/2001/XMLSchema-instance">mcc=450 mnc=8 ci=5418501 pci=389 tac=117 earfcn=1550 rsrp=-90 rsrq=-6 rssnr=13 cqi=15</cellinfo>
                    <barometer xmlns:xsi="http://www.w3.org/2001/XMLSchema-instance">1002.117</barometer>
                </extensions>
            </trkpt>
            <trkpt lat="37.668086" lon="127.007036">
                <ele>142.4</ele>
                <time>2020-04-15T08:24:38.000Z</time>
                <name>Position 711</name>
                <extensions>
                    <cellinfo xmlns:xsi="http://www.w3.org/2001/XMLSchema-instance">mcc=450 mnc=8 ci=5418501 pci=389 tac=117 earfcn=1550 rsrp=-91 rsrq=-7 rssnr=20 cqi=15</cellinfo>
                    <barometer xmlns:xsi="http://www.w3.org/2001/XMLSchema-instance">1002.480</barometer>
                </extensions>
            </trkpt>
            <trkpt lat="37.667969" lon="127.007223">
                <ele>143.1</ele>
                <time>2020-04-15T08:24:51.000Z</time>
                <name>Position 712</name>
                <extensions>
                    <cellinfo xmlns:xsi="http://www.w3.org/2001/XMLSchema-instance">mcc=450 mnc=8 ci=5418501 pci=389 tac=117 earfcn=1550 rsrp=-91 rsrq=-6 rssnr=22 cqi=15</cellinfo>
                    <barometer xmlns:xsi="http://www.w3.org/2001/XMLSchema-instance">1002.579</barometer>
                </extensions>
            </trkpt>
            <trkpt lat="37.667827" lon="127.007379">
                <ele>140.5</ele>
                <time>2020-04-15T08:25:10.000Z</time>
                <name>Position 713</name>
                <extensions>
                    <cellinfo xmlns:xsi="http://www.w3.org/2001/XMLSchema-instance">mcc=450 mnc=8 ci=5418501 pci=389 tac=117 earfcn=1550 rsrp=-89 rsrq=-6 rssnr=19 cqi=15</cellinfo>
                    <barometer xmlns:xsi="http://www.w3.org/2001/XMLSchema-instance">1002.674</barometer>
                </extensions>
            </trkpt>
            <trkpt lat="37.667768" lon="127.007598">
                <ele>140.7</ele>
                <time>2020-04-15T08:25:29.000Z</time>
                <name>Position 714</name>
                <extensions>
                    <cellinfo xmlns:xsi="http://www.w3.org/2001/XMLSchema-instance">mcc=450 mnc=8 ci=5418501 pci=389 tac=117 earfcn=1550 rsrp=-90 rsrq=-6 rssnr=18 cqi=15</cellinfo>
                    <barometer xmlns:xsi="http://www.w3.org/2001/XMLSchema-instance">1002.735</barometer>
                </extensions>
            </trkpt>
            <trkpt lat="37.667741" lon="127.007886">
                <ele>138.9</ele>
                <time>2020-04-15T08:25:51.000Z</time>
                <name>Position 715</name>
                <extensions>
                    <cellinfo xmlns:xsi="http://www.w3.org/2001/XMLSchema-instance">mcc=450 mnc=8 ci=5418501 pci=389 tac=117 earfcn=1550 rsrp=-95 rsrq=-7 rssnr=5 cqi=15</cellinfo>
                    <barometer xmlns:xsi="http://www.w3.org/2001/XMLSchema-instance">1002.945</barometer>
                </extensions>
            </trkpt>
            <trkpt lat="37.667703" lon="127.008141">
                <ele>139.9</ele>
                <time>2020-04-15T08:26:06.000Z</time>
                <name>Position 716</name>
                <extensions>
                    <cellinfo xmlns:xsi="http://www.w3.org/2001/XMLSchema-instance">mcc=450 mnc=8 ci=5418501 pci=389 tac=117 earfcn=1550 rsrp=-95 rsrq=-9 rssnr=3 cqi=15</cellinfo>
                    <barometer xmlns:xsi="http://www.w3.org/2001/XMLSchema-instance">1003.155</barometer>
                </extensions>
            </trkpt>
            <trkpt lat="37.667556" lon="127.008321">
                <ele>137.2</ele>
                <time>2020-04-15T08:26:21.000Z</time>
                <name>Position 717</name>
                <extensions>
                    <cellinfo xmlns:xsi="http://www.w3.org/2001/XMLSchema-instance">mcc=450 mnc=8 ci=5418501 pci=389 tac=117 earfcn=1550 rsrp=-95 rsrq=-10 rssnr=-1 cqi=15</cellinfo>
                    <barometer xmlns:xsi="http://www.w3.org/2001/XMLSchema-instance">1003.351</barometer>
                </extensions>
            </trkpt>
            <trkpt lat="37.667347" lon="127.008485">
                <ele>135.4</ele>
                <time>2020-04-15T08:26:39.000Z</time>
                <name>Position 718</name>
                <extensions>
                    <cellinfo xmlns:xsi="http://www.w3.org/2001/XMLSchema-instance">mcc=450 mnc=8 ci=5254916 pci=97 tac=117 earfcn=1550 rsrp=-95 rsrq=-14 rssnr=6 cqi=8</cellinfo>
                    <barometer xmlns:xsi="http://www.w3.org/2001/XMLSchema-instance">1003.584</barometer>
                </extensions>
            </trkpt>
            <trkpt lat="37.667217" lon="127.008656">
                <ele>132.1</ele>
                <time>2020-04-15T08:26:54.000Z</time>
                <name>Position 719</name>
                <extensions>
                    <cellinfo xmlns:xsi="http://www.w3.org/2001/XMLSchema-instance">mcc=450 mnc=8 ci=5254916 pci=97 tac=117 earfcn=1550 rsrp=-96 rsrq=-13 rssnr=11 cqi=8</cellinfo>
                    <barometer xmlns:xsi="http://www.w3.org/2001/XMLSchema-instance">1003.866</barometer>
                </extensions>
            </trkpt>
            <trkpt lat="37.667071" lon="127.008869">
                <ele>130.7</ele>
                <time>2020-04-15T08:27:09.000Z</time>
                <name>Position 720</name>
                <extensions>
                    <cellinfo xmlns:xsi="http://www.w3.org/2001/XMLSchema-instance">mcc=450 mnc=8 ci=5254916 pci=97 tac=117 earfcn=1550 rsrp=-95 rsrq=-13 rssnr=5 cqi=8</cellinfo>
                    <barometer xmlns:xsi="http://www.w3.org/2001/XMLSchema-instance">1004.065</barometer>
                </extensions>
            </trkpt>
            <trkpt lat="37.666912" lon="127.009003">
                <ele>129.1</ele>
                <time>2020-04-15T08:27:23.000Z</time>
                <name>Position 721</name>
                <extensions>
                    <cellinfo xmlns:xsi="http://www.w3.org/2001/XMLSchema-instance">mcc=450 mnc=8 ci=5254916 pci=97 tac=117 earfcn=1550 rsrp=-89 rsrq=-13 rssnr=6 cqi=8</cellinfo>
                    <barometer xmlns:xsi="http://www.w3.org/2001/XMLSchema-instance">1004.327</barometer>
                </extensions>
            </trkpt>
            <trkpt lat="37.666749" lon="127.009177">
                <ele>125.0</ele>
                <time>2020-04-15T08:27:39.000Z</time>
                <name>Position 722</name>
                <extensions>
                    <cellinfo xmlns:xsi="http://www.w3.org/2001/XMLSchema-instance">mcc=450 mnc=8 ci=5254916 pci=97 tac=117 earfcn=1550 rsrp=-86 rsrq=-12 rssnr=5 cqi=8</cellinfo>
                    <barometer xmlns:xsi="http://www.w3.org/2001/XMLSchema-instance">1004.592</barometer>
                </extensions>
            </trkpt>
            <trkpt lat="37.666579" lon="127.00934">
                <ele>123.7</ele>
                <time>2020-04-15T08:27:56.000Z</time>
                <name>Position 723</name>
                <extensions>
                    <cellinfo xmlns:xsi="http://www.w3.org/2001/XMLSchema-instance">mcc=450 mnc=8 ci=5254916 pci=97 tac=117 earfcn=1550 rsrp=-88 rsrq=-12 rssnr=10 cqi=8</cellinfo>
                    <barometer xmlns:xsi="http://www.w3.org/2001/XMLSchema-instance">1004.913</barometer>
                </extensions>
            </trkpt>
            <trkpt lat="37.666417" lon="127.009484">
                <ele>119.5</ele>
                <time>2020-04-15T08:28:17.000Z</time>
                <name>Position 724</name>
                <extensions>
                    <cellinfo xmlns:xsi="http://www.w3.org/2001/XMLSchema-instance">mcc=450 mnc=8 ci=5254916 pci=97 tac=117 earfcn=1550 rsrp=-85 rsrq=-12 rssnr=17 cqi=8</cellinfo>
                    <barometer xmlns:xsi="http://www.w3.org/2001/XMLSchema-instance">1005.235</barometer>
                </extensions>
            </trkpt>
            <trkpt lat="37.666169" lon="127.009567">
                <ele>121.6</ele>
                <time>2020-04-15T08:28:33.000Z</time>
                <name>Position 725</name>
                <extensions>
                    <cellinfo xmlns:xsi="http://www.w3.org/2001/XMLSchema-instance">mcc=450 mnc=8 ci=5254916 pci=97 tac=117 earfcn=1550 rsrp=-88 rsrq=-7 rssnr=19 cqi=8</cellinfo>
                    <barometer xmlns:xsi="http://www.w3.org/2001/XMLSchema-instance">1005.268</barometer>
                </extensions>
            </trkpt>
            <trkpt lat="37.665923" lon="127.009637">
                <ele>119.6</ele>
                <time>2020-04-15T08:28:50.000Z</time>
                <name>Position 726</name>
                <extensions>
                    <cellinfo xmlns:xsi="http://www.w3.org/2001/XMLSchema-instance">mcc=450 mnc=8 ci=5254916 pci=97 tac=117 earfcn=1550 rsrp=-86 rsrq=-7 rssnr=24 cqi=8</cellinfo>
                    <barometer xmlns:xsi="http://www.w3.org/2001/XMLSchema-instance">1005.225</barometer>
                </extensions>
            </trkpt>
            <trkpt lat="37.665684" lon="127.009696">
                <ele>119.7</ele>
                <time>2020-04-15T08:29:04.000Z</time>
                <name>Position 727</name>
                <extensions>
                    <cellinfo xmlns:xsi="http://www.w3.org/2001/XMLSchema-instance">mcc=450 mnc=8 ci=5254916 pci=97 tac=117 earfcn=1550 rsrp=-77 rsrq=-9 rssnr=22 cqi=8</cellinfo>
                    <barometer xmlns:xsi="http://www.w3.org/2001/XMLSchema-instance">1005.148</barometer>
                </extensions>
            </trkpt>
            <trkpt lat="37.665469" lon="127.009721">
                <ele>120.6</ele>
                <time>2020-04-15T08:29:22.000Z</time>
                <name>Position 728</name>
                <extensions>
                    <cellinfo xmlns:xsi="http://www.w3.org/2001/XMLSchema-instance">mcc=450 mnc=8 ci=5254916 pci=97 tac=117 earfcn=1550 rsrp=-77 rsrq=-7 rssnr=23 cqi=8</cellinfo>
                    <barometer xmlns:xsi="http://www.w3.org/2001/XMLSchema-instance">1005.079</barometer>
                </extensions>
            </trkpt>
            <trkpt lat="37.665272" lon="127.009749">
                <ele>121.1</ele>
                <time>2020-04-15T08:29:36.000Z</time>
                <name>Position 729</name>
                <extensions>
                    <cellinfo xmlns:xsi="http://www.w3.org/2001/XMLSchema-instance">mcc=450 mnc=8 ci=5254916 pci=97 tac=117 earfcn=1550 rsrp=-69 rsrq=-9 rssnr=23 cqi=8</cellinfo>
                    <barometer xmlns:xsi="http://www.w3.org/2001/XMLSchema-instance">1005.005</barometer>
                </extensions>
            </trkpt>
            <trkpt lat="37.665105" lon="127.009896">
                <ele>121.0</ele>
                <time>2020-04-15T08:29:50.000Z</time>
                <name>Position 730</name>
                <extensions>
                    <cellinfo xmlns:xsi="http://www.w3.org/2001/XMLSchema-instance">mcc=450 mnc=8 ci=5254916 pci=97 tac=117 earfcn=1550 rsrp=-71 rsrq=-10 rssnr=26 cqi=8</cellinfo>
                    <barometer xmlns:xsi="http://www.w3.org/2001/XMLSchema-instance">1005.046</barometer>
                </extensions>
            </trkpt>
            <trkpt lat="37.664936" lon="127.010111">
                <ele>121.2</ele>
                <time>2020-04-15T08:30:06.000Z</time>
                <name>Position 731</name>
                <extensions>
                    <cellinfo xmlns:xsi="http://www.w3.org/2001/XMLSchema-instance">mcc=450 mnc=8 ci=5254916 pci=97 tac=117 earfcn=1550 rsrp=-70 rsrq=-7 rssnr=27 cqi=8</cellinfo>
                    <barometer xmlns:xsi="http://www.w3.org/2001/XMLSchema-instance">1005.260</barometer>
                </extensions>
            </trkpt>
            <trkpt lat="37.664855" lon="127.010355">
                <ele>119.2</ele>
                <time>2020-04-15T08:30:21.000Z</time>
                <name>Position 732</name>
                <extensions>
                    <cellinfo xmlns:xsi="http://www.w3.org/2001/XMLSchema-instance">mcc=450 mnc=8 ci=5254916 pci=97 tac=117 earfcn=1550 rsrp=-76 rsrq=-8 rssnr=19 cqi=8</cellinfo>
                    <barometer xmlns:xsi="http://www.w3.org/2001/XMLSchema-instance">1005.343</barometer>
                </extensions>
            </trkpt>
            <trkpt lat="37.664742" lon="127.010581">
                <ele>118.3</ele>
                <time>2020-04-15T08:30:36.000Z</time>
                <name>Position 733</name>
                <extensions>
                    <cellinfo xmlns:xsi="http://www.w3.org/2001/XMLSchema-instance">mcc=450 mnc=8 ci=5254916 pci=97 tac=117 earfcn=1550 rsrp=-80 rsrq=-8 rssnr=16 cqi=8</cellinfo>
                    <barometer xmlns:xsi="http://www.w3.org/2001/XMLSchema-instance">1005.459</barometer>
                </extensions>
            </trkpt>
            <trkpt lat="37.664662" lon="127.010825">
                <ele>117.5</ele>
                <time>2020-04-15T08:30:51.000Z</time>
                <name>Position 734</name>
                <extensions>
                    <cellinfo xmlns:xsi="http://www.w3.org/2001/XMLSchema-instance">mcc=450 mnc=8 ci=5254916 pci=97 tac=117 earfcn=1550 rsrp=-80 rsrq=-11 rssnr=16 cqi=8</cellinfo>
                    <barometer xmlns:xsi="http://www.w3.org/2001/XMLSchema-instance">1005.635</barometer>
                </extensions>
            </trkpt>
            <trkpt lat="37.664564" lon="127.011088">
                <ele>114.5</ele>
                <time>2020-04-15T08:31:08.000Z</time>
                <name>Position 735</name>
                <extensions>
                    <cellinfo xmlns:xsi="http://www.w3.org/2001/XMLSchema-instance">mcc=450 mnc=8 ci=5254916 pci=97 tac=117 earfcn=1550 rsrp=-82 rsrq=-8 rssnr=10 cqi=8</cellinfo>
                    <barometer xmlns:xsi="http://www.w3.org/2001/XMLSchema-instance">1006.006</barometer>
                </extensions>
            </trkpt>
            <trkpt lat="37.664451" lon="127.011315">
                <ele>112.3</ele>
                <time>2020-04-15T08:31:24.000Z</time>
                <name>Position 736</name>
                <extensions>
                    <cellinfo xmlns:xsi="http://www.w3.org/2001/XMLSchema-instance">mcc=450 mnc=8 ci=5254916 pci=97 tac=117 earfcn=1550 rsrp=-77 rsrq=-8 rssnr=15 cqi=8</cellinfo>
                    <barometer xmlns:xsi="http://www.w3.org/2001/XMLSchema-instance">1006.265</barometer>
                </extensions>
            </trkpt>
            <trkpt lat="37.664339" lon="127.011565">
                <ele>109.5</ele>
                <time>2020-04-15T08:31:41.000Z</time>
                <name>Position 737</name>
                <extensions>
                    <cellinfo xmlns:xsi="http://www.w3.org/2001/XMLSchema-instance">mcc=450 mnc=8 ci=5254916 pci=97 tac=117 earfcn=1550 rsrp=-76 rsrq=-5 rssnr=18 cqi=8</cellinfo>
                    <barometer xmlns:xsi="http://www.w3.org/2001/XMLSchema-instance">1006.562</barometer>
                </extensions>
            </trkpt>
            <trkpt lat="37.664207" lon="127.011722">
                <ele>108.6</ele>
                <time>2020-04-15T08:31:52.000Z</time>
                <name>Position 738</name>
                <extensions>
                    <cellinfo xmlns:xsi="http://www.w3.org/2001/XMLSchema-instance">mcc=450 mnc=8 ci=5254916 pci=97 tac=117 earfcn=1550 rsrp=-70 rsrq=-10 rssnr=10 cqi=8</cellinfo>
                    <barometer xmlns:xsi="http://www.w3.org/2001/XMLSchema-instance">1006.604</barometer>
                </extensions>
            </trkpt>
            <trkpt lat="37.664035" lon="127.011848">
                <ele>107.1</ele>
                <time>2020-04-15T08:32:04.000Z</time>
                <name>Position 739</name>
                <extensions>
                    <cellinfo xmlns:xsi="http://www.w3.org/2001/XMLSchema-instance">mcc=450 mnc=8 ci=5254916 pci=97 tac=117 earfcn=1550 rsrp=-71 rsrq=-7 rssnr=19 cqi=8</cellinfo>
                    <barometer xmlns:xsi="http://www.w3.org/2001/XMLSchema-instance">1006.617</barometer>
                </extensions>
            </trkpt>
            <trkpt lat="37.663865" lon="127.011954">
                <ele>107.1</ele>
                <time>2020-04-15T08:32:14.000Z</time>
                <name>Position 740</name>
                <extensions>
                    <cellinfo xmlns:xsi="http://www.w3.org/2001/XMLSchema-instance">mcc=450 mnc=8 ci=5254916 pci=97 tac=117 earfcn=1550 rsrp=-69 rsrq=-7 rssnr=16 cqi=8</cellinfo>
                    <barometer xmlns:xsi="http://www.w3.org/2001/XMLSchema-instance">1006.707</barometer>
                </extensions>
            </trkpt>
            <trkpt lat="37.663684" lon="127.012035">
                <ele>105.6</ele>
                <time>2020-04-15T08:32:31.000Z</time>
                <name>Position 741</name>
                <extensions>
                    <cellinfo xmlns:xsi="http://www.w3.org/2001/XMLSchema-instance">mcc=450 mnc=8 ci=5254916 pci=97 tac=117 earfcn=1550 rsrp=-73 rsrq=-8 rssnr=4 cqi=8</cellinfo>
                    <barometer xmlns:xsi="http://www.w3.org/2001/XMLSchema-instance">1006.660</barometer>
                </extensions>
            </trkpt>
            <trkpt lat="37.663493" lon="127.012175">
                <ele>106.4</ele>
                <time>2020-04-15T08:32:46.000Z</time>
                <name>Position 742</name>
                <extensions>
                    <cellinfo xmlns:xsi="http://www.w3.org/2001/XMLSchema-instance">mcc=450 mnc=8 ci=5254916 pci=97 tac=117 earfcn=1550 rsrp=-76 rsrq=-12 rssnr=15 cqi=8</cellinfo>
                    <barometer xmlns:xsi="http://www.w3.org/2001/XMLSchema-instance">1006.690</barometer>
                </extensions>
            </trkpt>
            <trkpt lat="37.663343" lon="127.012311">
                <ele>107.2</ele>
                <time>2020-04-15T08:32:58.000Z</time>
                <name>Position 743</name>
                <extensions>
                    <cellinfo xmlns:xsi="http://www.w3.org/2001/XMLSchema-instance">mcc=450 mnc=8 ci=5254916 pci=97 tac=117 earfcn=1550 rsrp=-72 rsrq=-10 rssnr=20 cqi=8</cellinfo>
                    <barometer xmlns:xsi="http://www.w3.org/2001/XMLSchema-instance">1006.718</barometer>
                </extensions>
            </trkpt>
            <trkpt lat="37.663254" lon="127.012374">
                <ele>106.7</ele>
                <time>2020-04-15T08:33:06.000Z</time>
                <name>Position 744</name>
                <extensions>
                    <cellinfo xmlns:xsi="http://www.w3.org/2001/XMLSchema-instance">mcc=450 mnc=8 ci=5254916 pci=97 tac=117 earfcn=1550 rsrp=-73 rsrq=-9 rssnr=14 cqi=8</cellinfo>
                    <barometer xmlns:xsi="http://www.w3.org/2001/XMLSchema-instance">1006.690</barometer>
                </extensions>
            </trkpt>
        </trkseg>
    </trk>
    <extensions>
        <badge xmlns:xsi="http://www.w3.org/2001/XMLSchema-instance" gpsTime="2020-04-15T01:48:38Z" msg="nearby L(37.61760, 126.94198)" tag="candidates">
            <item dist="78.84491" id="1500127"/>
   </badge>
        <badge xmlns:xsi="http://www.w3.org/2001/XMLSchema-instance" gpsTime="2020-04-15T01:48:40Z" msg="nearby L(37.61760, 126.94198)" tag="candidates">
            <item dist="78.84491" id="1500127"/>
   </badge>
        <badge xmlns:xsi="http://www.w3.org/2001/XMLSchema-instance" gpsTime="2020-04-15T01:48:42Z" msg="nearby L(37.61760, 126.94199)" tag="candidates">
            <item dist="78.23547" id="1500127"/>
   </badge>
        <badge xmlns:xsi="http://www.w3.org/2001/XMLSchema-instance" gpsTime="2020-04-15T01:48:45Z" msg="nearby L(37.61760, 126.94198)" tag="candidates">
            <item dist="78.66624" id="1500127"/>
   </badge>
        <badge xmlns:xsi="http://www.w3.org/2001/XMLSchema-instance" gpsTime="2020-04-15T01:48:46Z" msg="nearby L(37.61760, 126.94198)" tag="candidates">
            <item dist="78.66624" id="1500127"/>
   </badge>
        <badge xmlns:xsi="http://www.w3.org/2001/XMLSchema-instance" gpsTime="2020-04-15T01:48:49Z" msg="nearby L(37.61760, 126.94198)" tag="candidates">
            <item dist="78.055405" id="1500127"/>
   </badge>
        <badge xmlns:xsi="http://www.w3.org/2001/XMLSchema-instance" gpsTime="2020-04-15T01:48:51Z" msg="nearby L(37.61760, 126.94198)" tag="candidates">
            <item dist="78.84491" id="1500127"/>
   </badge>
        <badge xmlns:xsi="http://www.w3.org/2001/XMLSchema-instance" gpsTime="2020-04-15T01:48:52Z" msg="nearby L(37.61760, 126.94198)" tag="candidates">
            <item dist="78.84491" id="1500127"/>
   </badge>
        <badge xmlns:xsi="http://www.w3.org/2001/XMLSchema-instance" gpsTime="2020-04-15T01:48:56Z" msg="nearby L(37.61761, 126.94198)" tag="candidates">
            <item dist="77.97041" id="1500127"/>
   </badge>
        <badge xmlns:xsi="http://www.w3.org/2001/XMLSchema-instance" gpsTime="2020-04-15T01:48:58Z" msg="nearby L(37.61762, 126.94199)" tag="candidates">
            <item dist="77.18357" id="1500127"/>
   </badge>
        <badge xmlns:xsi="http://www.w3.org/2001/XMLSchema-instance" gpsTime="2020-04-15T01:48:59Z" msg="nearby L(37.61762, 126.94199)" tag="candidates">
            <item dist="76.39691" id="1500127"/>
   </badge>
        <badge xmlns:xsi="http://www.w3.org/2001/XMLSchema-instance" gpsTime="2020-04-15T01:49:02Z" msg="nearby L(37.61762, 126.94200)" tag="candidates">
            <item dist="75.77976" id="1500127"/>
   </badge>
        <badge xmlns:xsi="http://www.w3.org/2001/XMLSchema-instance" gpsTime="2020-04-15T01:49:03Z" msg="nearby L(37.61762, 126.94200)" tag="candidates">
            <item dist="75.77976" id="1500127"/>
   </badge>
        <badge xmlns:xsi="http://www.w3.org/2001/XMLSchema-instance" gpsTime="2020-04-15T01:49:05Z" msg="nearby L(37.61762, 126.94202)" tag="candidates">
            <item dist="74.72253" id="1500127"/>
   </badge>
        <badge xmlns:xsi="http://www.w3.org/2001/XMLSchema-instance" gpsTime="2020-04-15T01:49:08Z" msg="nearby L(37.61762, 126.94205)" tag="candidates">
            <item dist="72.46018" id="1500127"/>
   </badge>
        <badge xmlns:xsi="http://www.w3.org/2001/XMLSchema-instance" gpsTime="2020-04-15T01:49:10Z" msg="nearby L(37.61762, 126.94206)" tag="candidates">
            <item dist="71.06269" id="1500127"/>
   </badge>
        <badge xmlns:xsi="http://www.w3.org/2001/XMLSchema-instance" gpsTime="2020-04-15T01:49:12Z" msg="nearby L(37.61762, 126.94207)" tag="candidates">
            <item dist="70.45677" id="1500127"/>
   </badge>
        <badge xmlns:xsi="http://www.w3.org/2001/XMLSchema-instance" gpsTime="2020-04-15T01:49:13Z" msg="nearby L(37.61762, 126.94208)" tag="candidates">
            <item dist="69.8521" id="1500127"/>
   </badge>
        <badge xmlns:xsi="http://www.w3.org/2001/XMLSchema-instance" gpsTime="2020-04-15T01:49:16Z" msg="nearby L(37.61761, 126.94210)" tag="candidates">
            <item dist="68.23918" id="1500127"/>
   </badge>
        <badge xmlns:xsi="http://www.w3.org/2001/XMLSchema-instance" gpsTime="2020-04-15T01:49:19Z" msg="nearby L(37.61762, 126.94211)" tag="candidates">
            <item dist="67.25347" id="1500127"/>
   </badge>
        <badge xmlns:xsi="http://www.w3.org/2001/XMLSchema-instance" gpsTime="2020-04-15T01:49:21Z" msg="nearby L(37.61762, 126.94210)" tag="candidates">
            <item dist="67.25347" id="1500127"/>
   </badge>
        <badge xmlns:xsi="http://www.w3.org/2001/XMLSchema-instance" gpsTime="2020-04-15T01:49:22Z" msg="nearby L(37.61762, 126.94211)" tag="candidates">
            <item dist="67.25347" id="1500127"/>
   </badge>
        <badge xmlns:xsi="http://www.w3.org/2001/XMLSchema-instance" gpsTime="2020-04-15T01:49:24Z" msg="nearby L(37.61762, 126.94211)" tag="candidates">
            <item dist="67.25347" id="1500127"/>
   </badge>
        <badge xmlns:xsi="http://www.w3.org/2001/XMLSchema-instance" gpsTime="2020-04-15T01:49:26Z" msg="nearby L(37.61762, 126.94211)" tag="candidates">
            <item dist="67.44644" id="1500127"/>
   </badge>
        <badge xmlns:xsi="http://www.w3.org/2001/XMLSchema-instance" gpsTime="2020-04-15T01:49:28Z" msg="nearby L(37.61762, 126.94211)" tag="candidates">
            <item dist="67.44644" id="1500127"/>
   </badge>
        <badge xmlns:xsi="http://www.w3.org/2001/XMLSchema-instance" gpsTime="2020-04-15T01:49:31Z" msg="nearby L(37.61762, 126.94211)" tag="candidates">
            <item dist="67.44644" id="1500127"/>
   </badge>
        <badge xmlns:xsi="http://www.w3.org/2001/XMLSchema-instance" gpsTime="2020-04-15T01:49:33Z" msg="nearby L(37.61762, 126.94210)" tag="candidates">
            <item dist="67.85456" id="1500127"/>
   </badge>
        <badge xmlns:xsi="http://www.w3.org/2001/XMLSchema-instance" gpsTime="2020-04-15T01:49:35Z" msg="nearby L(37.61762, 126.94208)" tag="candidates">
            <item dist="69.48157" id="1500127"/>
   </badge>
        <badge xmlns:xsi="http://www.w3.org/2001/XMLSchema-instance" gpsTime="2020-04-15T01:49:37Z" msg="nearby L(37.61763, 126.94206)" tag="candidates">
            <item dist="70.51952" id="1500127"/>
   </badge>
        <badge xmlns:xsi="http://www.w3.org/2001/XMLSchema-instance" gpsTime="2020-04-15T01:49:40Z" msg="nearby L(37.61763, 126.94204)" tag="candidates">
            <item dist="72.3581" id="1500127"/>
   </badge>
        <badge xmlns:xsi="http://www.w3.org/2001/XMLSchema-instance" gpsTime="2020-04-15T01:49:41Z" msg="nearby L(37.61763, 126.94203)" tag="candidates">
            <item dist="72.9731" id="1500127"/>
   </badge>
        <badge xmlns:xsi="http://www.w3.org/2001/XMLSchema-instance" gpsTime="2020-04-15T01:49:43Z" msg="nearby L(37.61763, 126.94202)" tag="candidates">
            <item dist="73.58913" id="1500127"/>
   </badge>
        <badge xmlns:xsi="http://www.w3.org/2001/XMLSchema-instance" gpsTime="2020-04-15T01:49:46Z" msg="nearby L(37.61763, 126.94203)" tag="candidates">
            <item dist="73.14608" id="1500127"/>
   </badge>
        <badge xmlns:xsi="http://www.w3.org/2001/XMLSchema-instance" gpsTime="2020-04-15T01:49:48Z" msg="nearby L(37.61763, 126.94203)" tag="candidates">
            <item dist="73.14608" id="1500127"/>
   </badge>
        <badge xmlns:xsi="http://www.w3.org/2001/XMLSchema-instance" gpsTime="2020-04-15T01:49:50Z" msg="nearby L(37.61763, 126.94204)" tag="candidates">
            <item dist="72.3581" id="1500127"/>
   </badge>
        <badge xmlns:xsi="http://www.w3.org/2001/XMLSchema-instance" gpsTime="2020-04-15T01:49:51Z" msg="nearby L(37.61763, 126.94204)" tag="candidates">
            <item dist="72.3581" id="1500127"/>
   </badge>
        <badge xmlns:xsi="http://www.w3.org/2001/XMLSchema-instance" gpsTime="2020-04-15T01:49:53Z" msg="nearby L(37.61763, 126.94204)" tag="candidates">
            <item dist="72.3581" id="1500127"/>
   </badge>
        <badge xmlns:xsi="http://www.w3.org/2001/XMLSchema-instance" gpsTime="2020-04-15T01:49:56Z" msg="nearby L(37.61763, 126.94204)" tag="candidates">
            <item dist="72.3581" id="1500127"/>
   </badge>
        <badge xmlns:xsi="http://www.w3.org/2001/XMLSchema-instance" gpsTime="2020-04-15T01:49:57Z" msg="nearby L(37.61763, 126.94204)" tag="candidates">
            <item dist="71.74415" id="1500127"/>
   </badge>
        <badge xmlns:xsi="http://www.w3.org/2001/XMLSchema-instance" gpsTime="2020-04-15T01:50:00Z" msg="nearby L(37.61763, 126.94205)" tag="candidates">
            <item dist="71.74415" id="1500127"/>
   </badge>
        <badge xmlns:xsi="http://www.w3.org/2001/XMLSchema-instance" gpsTime="2020-04-15T01:50:02Z" msg="nearby L(37.61763, 126.94205)" tag="candidates">
            <item dist="71.74415" id="1500127"/>
   </badge>
        <badge xmlns:xsi="http://www.w3.org/2001/XMLSchema-instance" gpsTime="2020-04-15T01:50:04Z" msg="nearby L(37.61763, 126.94205)" tag="candidates">
            <item dist="71.74415" id="1500127"/>
   </badge>
        <badge xmlns:xsi="http://www.w3.org/2001/XMLSchema-instance" gpsTime="2020-04-15T01:50:07Z" msg="nearby L(37.61763, 126.94205)" tag="candidates">
            <item dist="71.74415" id="1500127"/>
   </badge>
        <badge xmlns:xsi="http://www.w3.org/2001/XMLSchema-instance" gpsTime="2020-04-15T01:50:09Z" msg="nearby L(37.61763, 126.94204)" tag="candidates">
            <item dist="71.92009" id="1500127"/>
   </badge>
        <badge xmlns:xsi="http://www.w3.org/2001/XMLSchema-instance" gpsTime="2020-04-15T01:50:11Z" msg="nearby L(37.61763, 126.94205)" tag="candidates">
            <item dist="71.92009" id="1500127"/>
   </badge>
        <badge xmlns:xsi="http://www.w3.org/2001/XMLSchema-instance" gpsTime="2020-04-15T01:50:13Z" msg="nearby L(37.61763, 126.94204)" tag="candidates">
            <item dist="71.92009" id="1500127"/>
   </badge>
        <badge xmlns:xsi="http://www.w3.org/2001/XMLSchema-instance" gpsTime="2020-04-15T01:50:15Z" msg="nearby L(37.61763, 126.94204)" tag="candidates">
            <item dist="71.92009" id="1500127"/>
   </badge>
        <badge xmlns:xsi="http://www.w3.org/2001/XMLSchema-instance" gpsTime="2020-04-15T01:50:16Z" msg="nearby L(37.61763, 126.94205)" tag="candidates">
            <item dist="71.92009" id="1500127"/>
   </badge>
        <badge xmlns:xsi="http://www.w3.org/2001/XMLSchema-instance" gpsTime="2020-04-15T01:50:19Z" msg="nearby L(37.61763, 126.94205)" tag="candidates">
            <item dist="71.92009" id="1500127"/>
   </badge>
        <badge xmlns:xsi="http://www.w3.org/2001/XMLSchema-instance" gpsTime="2020-04-15T01:50:21Z" msg="nearby L(37.61763, 126.94205)" tag="candidates">
            <item dist="71.92009" id="1500127"/>
   </badge>
        <badge xmlns:xsi="http://www.w3.org/2001/XMLSchema-instance" gpsTime="2020-04-15T01:50:23Z" msg="nearby L(37.61763, 126.94205)" tag="candidates">
            <item dist="71.92009" id="1500127"/>
   </badge>
        <badge xmlns:xsi="http://www.w3.org/2001/XMLSchema-instance" gpsTime="2020-04-15T01:50:24Z" msg="nearby L(37.61763, 126.94205)" tag="candidates">
            <item dist="71.92009" id="1500127"/>
   </badge>
        <badge xmlns:xsi="http://www.w3.org/2001/XMLSchema-instance" gpsTime="2020-04-15T01:50:28Z" msg="nearby L(37.61763, 126.94205)" tag="candidates">
            <item dist="71.92009" id="1500127"/>
   </badge>
        <badge xmlns:xsi="http://www.w3.org/2001/XMLSchema-instance" gpsTime="2020-04-15T01:50:30Z" msg="nearby L(37.61762, 126.94205)" tag="candidates">
            <item dist="71.92009" id="1500127"/>
   </badge>
        <badge xmlns:xsi="http://www.w3.org/2001/XMLSchema-instance" gpsTime="2020-04-15T01:50:31Z" msg="nearby L(37.61762, 126.94205)" tag="candidates">
            <item dist="71.92009" id="1500127"/>
   </badge>
        <badge xmlns:xsi="http://www.w3.org/2001/XMLSchema-instance" gpsTime="2020-04-15T01:50:34Z" msg="nearby L(37.61762, 126.94205)" tag="candidates">
            <item dist="71.92009" id="1500127"/>
   </badge>
        <badge xmlns:xsi="http://www.w3.org/2001/XMLSchema-instance" gpsTime="2020-04-15T01:50:36Z" msg="nearby L(37.61762, 126.94204)" tag="candidates">
            <item dist="71.92009" id="1500127"/>
   </badge>
        <badge xmlns:xsi="http://www.w3.org/2001/XMLSchema-instance" gpsTime="2020-04-15T01:50:37Z" msg="nearby L(37.61762, 126.94204)" tag="candidates">
            <item dist="71.92009" id="1500127"/>
   </badge>
        <badge xmlns:xsi="http://www.w3.org/2001/XMLSchema-instance" gpsTime="2020-04-15T01:50:39Z" msg="nearby L(37.61762, 126.94204)" tag="candidates">
            <item dist="71.92009" id="1500127"/>
   </badge>
        <badge xmlns:xsi="http://www.w3.org/2001/XMLSchema-instance" gpsTime="2020-04-15T01:50:41Z" msg="nearby L(37.61763, 126.94204)" tag="candidates">
            <item dist="71.92009" id="1500127"/>
   </badge>
        <badge xmlns:xsi="http://www.w3.org/2001/XMLSchema-instance" gpsTime="2020-04-15T01:50:43Z" msg="nearby L(37.61763, 126.94204)" tag="candidates">
            <item dist="71.92009" id="1500127"/>
   </badge>
        <badge xmlns:xsi="http://www.w3.org/2001/XMLSchema-instance" gpsTime="2020-04-15T01:50:45Z" msg="nearby L(37.61763, 126.94204)" tag="candidates">
            <item dist="71.92009" id="1500127"/>
   </badge>
        <badge xmlns:xsi="http://www.w3.org/2001/XMLSchema-instance" gpsTime="2020-04-15T01:50:48Z" msg="nearby L(37.61763, 126.94205)" tag="candidates">
            <item dist="71.92009" id="1500127"/>
   </badge>
        <badge xmlns:xsi="http://www.w3.org/2001/XMLSchema-instance" gpsTime="2020-04-15T01:50:50Z" msg="nearby L(37.61763, 126.94205)" tag="candidates">
            <item dist="71.92009" id="1500127"/>
   </badge>
        <badge xmlns:xsi="http://www.w3.org/2001/XMLSchema-instance" gpsTime="2020-04-15T01:50:53Z" msg="nearby L(37.61763, 126.94205)" tag="candidates">
            <item dist="71.92009" id="1500127"/>
   </badge>
        <badge xmlns:xsi="http://www.w3.org/2001/XMLSchema-instance" gpsTime="2020-04-15T01:50:55Z" msg="nearby L(37.61763, 126.94205)" tag="candidates">
            <item dist="71.92009" id="1500127"/>
   </badge>
        <badge xmlns:xsi="http://www.w3.org/2001/XMLSchema-instance" gpsTime="2020-04-15T01:50:57Z" msg="nearby L(37.61763, 126.94205)" tag="candidates">
            <item dist="71.92009" id="1500127"/>
   </badge>
        <badge xmlns:xsi="http://www.w3.org/2001/XMLSchema-instance" gpsTime="2020-04-15T01:50:59Z" msg="nearby L(37.61763, 126.94205)" tag="candidates">
            <item dist="71.92009" id="1500127"/>
   </badge>
        <badge xmlns:xsi="http://www.w3.org/2001/XMLSchema-instance" gpsTime="2020-04-15T01:51:01Z" msg="nearby L(37.61763, 126.94205)" tag="candidates">
            <item dist="71.92009" id="1500127"/>
   </badge>
        <badge xmlns:xsi="http://www.w3.org/2001/XMLSchema-instance" gpsTime="2020-04-15T01:51:02Z" msg="nearby L(37.61763, 126.94205)" tag="candidates">
            <item dist="71.92009" id="1500127"/>
   </badge>
        <badge xmlns:xsi="http://www.w3.org/2001/XMLSchema-instance" gpsTime="2020-04-15T01:51:05Z" msg="nearby L(37.61763, 126.94205)" tag="candidates">
            <item dist="71.92009" id="1500127"/>
   </badge>
        <badge xmlns:xsi="http://www.w3.org/2001/XMLSchema-instance" gpsTime="2020-04-15T01:51:07Z" msg="nearby L(37.61763, 126.94205)" tag="candidates">
            <item dist="71.92009" id="1500127"/>
   </badge>
        <badge xmlns:xsi="http://www.w3.org/2001/XMLSchema-instance" gpsTime="2020-04-15T01:51:10Z" msg="nearby L(37.61763, 126.94205)" tag="candidates">
            <item dist="71.13129" id="1500127"/>
   </badge>
        <badge xmlns:xsi="http://www.w3.org/2001/XMLSchema-instance" gpsTime="2020-04-15T01:51:11Z" msg="nearby L(37.61763, 126.94205)" tag="candidates">
            <item dist="71.13129" id="1500127"/>
   </badge>
        <badge xmlns:xsi="http://www.w3.org/2001/XMLSchema-instance" gpsTime="2020-04-15T01:51:13Z" msg="nearby L(37.61763, 126.94205)" tag="candidates">
            <item dist="71.13129" id="1500127"/>
   </badge>
        <badge xmlns:xsi="http://www.w3.org/2001/XMLSchema-instance" gpsTime="2020-04-15T01:51:15Z" msg="nearby L(37.61763, 126.94205)" tag="candidates">
            <item dist="71.13129" id="1500127"/>
   </badge>
        <badge xmlns:xsi="http://www.w3.org/2001/XMLSchema-instance" gpsTime="2020-04-15T01:51:17Z" msg="nearby L(37.61763, 126.94205)" tag="candidates">
            <item dist="71.13129" id="1500127"/>
   </badge>
        <badge xmlns:xsi="http://www.w3.org/2001/XMLSchema-instance" gpsTime="2020-04-15T01:51:19Z" msg="nearby L(37.61763, 126.94206)" tag="candidates">
            <item dist="71.13129" id="1500127"/>
   </badge>
        <badge xmlns:xsi="http://www.w3.org/2001/XMLSchema-instance" gpsTime="2020-04-15T01:51:21Z" msg="nearby L(37.61763, 126.94206)" tag="candidates">
            <item dist="71.13129" id="1500127"/>
   </badge>
        <badge xmlns:xsi="http://www.w3.org/2001/XMLSchema-instance" gpsTime="2020-04-15T01:51:24Z" msg="nearby L(37.61763, 126.94206)" tag="candidates">
            <item dist="71.13129" id="1500127"/>
   </badge>
        <badge xmlns:xsi="http://www.w3.org/2001/XMLSchema-instance" gpsTime="2020-04-15T01:51:26Z" msg="nearby L(37.61763, 126.94206)" tag="candidates">
            <item dist="70.34263" id="1500127"/>
   </badge>
        <badge xmlns:xsi="http://www.w3.org/2001/XMLSchema-instance" gpsTime="2020-04-15T01:51:28Z" msg="nearby L(37.61763, 126.94206)" tag="candidates">
            <item dist="70.34263" id="1500127"/>
   </badge>
        <badge xmlns:xsi="http://www.w3.org/2001/XMLSchema-instance" gpsTime="2020-04-15T01:51:31Z" msg="nearby L(37.61763, 126.94206)" tag="candidates">
            <item dist="70.34263" id="1500127"/>
   </badge>
        <badge xmlns:xsi="http://www.w3.org/2001/XMLSchema-instance" gpsTime="2020-04-15T01:51:32Z" msg="nearby L(37.61763, 126.94206)" tag="candidates">
            <item dist="70.34263" id="1500127"/>
   </badge>
        <badge xmlns:xsi="http://www.w3.org/2001/XMLSchema-instance" gpsTime="2020-04-15T01:51:35Z" msg="nearby L(37.61763, 126.94206)" tag="candidates">
            <item dist="70.34263" id="1500127"/>
   </badge>
        <badge xmlns:xsi="http://www.w3.org/2001/XMLSchema-instance" gpsTime="2020-04-15T01:51:37Z" msg="nearby L(37.61763, 126.94206)" tag="candidates">
            <item dist="70.34263" id="1500127"/>
   </badge>
        <badge xmlns:xsi="http://www.w3.org/2001/XMLSchema-instance" gpsTime="2020-04-15T01:51:38Z" msg="nearby L(37.61763, 126.94206)" tag="candidates">
            <item dist="70.34263" id="1500127"/>
   </badge>
        <badge xmlns:xsi="http://www.w3.org/2001/XMLSchema-instance" gpsTime="2020-04-15T01:51:40Z" msg="nearby L(37.61763, 126.94206)" tag="candidates">
            <item dist="70.34263" id="1500127"/>
   </badge>
        <badge xmlns:xsi="http://www.w3.org/2001/XMLSchema-instance" gpsTime="2020-04-15T01:51:42Z" msg="nearby L(37.61763, 126.94206)" tag="candidates">
            <item dist="70.34263" id="1500127"/>
   </badge>
        <badge xmlns:xsi="http://www.w3.org/2001/XMLSchema-instance" gpsTime="2020-04-15T01:51:45Z" msg="nearby L(37.61763, 126.94206)" tag="candidates">
            <item dist="70.34263" id="1500127"/>
   </badge>
        <badge xmlns:xsi="http://www.w3.org/2001/XMLSchema-instance" gpsTime="2020-04-15T01:51:46Z" msg="nearby L(37.61763, 126.94206)" tag="candidates">
            <item dist="70.34263" id="1500127"/>
   </badge>
        <badge xmlns:xsi="http://www.w3.org/2001/XMLSchema-instance" gpsTime="2020-04-15T01:51:49Z" msg="nearby L(37.61763, 126.94206)" tag="candidates">
            <item dist="70.34263" id="1500127"/>
   </badge>
        <badge xmlns:xsi="http://www.w3.org/2001/XMLSchema-instance" gpsTime="2020-04-15T01:51:51Z" msg="nearby L(37.61763, 126.94206)" tag="candidates">
            <item dist="70.34263" id="1500127"/>
   </badge>
        <badge xmlns:xsi="http://www.w3.org/2001/XMLSchema-instance" gpsTime="2020-04-15T01:51:53Z" msg="nearby L(37.61763, 126.94206)" tag="candidates">
            <item dist="70.34263" id="1500127"/>
   </badge>
        <badge xmlns:xsi="http://www.w3.org/2001/XMLSchema-instance" gpsTime="2020-04-15T01:51:56Z" msg="nearby L(37.61763, 126.94206)" tag="candidates">
            <item dist="70.34263" id="1500127"/>
   </badge>
        <badge xmlns:xsi="http://www.w3.org/2001/XMLSchema-instance" gpsTime="2020-04-15T01:51:57Z" msg="nearby L(37.61763, 126.94206)" tag="candidates">
            <item dist="70.34263" id="1500127"/>
   </badge>
        <badge xmlns:xsi="http://www.w3.org/2001/XMLSchema-instance" gpsTime="2020-04-15T01:52:00Z" msg="nearby L(37.61764, 126.94206)" tag="candidates">
            <item dist="70.34263" id="1500127"/>
   </badge>
        <badge xmlns:xsi="http://www.w3.org/2001/XMLSchema-instance" gpsTime="2020-04-15T01:52:01Z" msg="nearby L(37.61764, 126.94206)" tag="candidates">
            <item dist="70.34263" id="1500127"/>
   </badge>
        <badge xmlns:xsi="http://www.w3.org/2001/XMLSchema-instance" gpsTime="2020-04-15T01:52:04Z" msg="nearby L(37.61764, 126.94206)" tag="candidates">
            <item dist="70.16785" id="1500127"/>
   </badge>
        <badge xmlns:xsi="http://www.w3.org/2001/XMLSchema-instance" gpsTime="2020-04-15T01:52:06Z" msg="nearby L(37.61764, 126.94206)" tag="candidates">
            <item dist="70.16785" id="1500127"/>
   </badge>
        <badge xmlns:xsi="http://www.w3.org/2001/XMLSchema-instance" gpsTime="2020-04-15T01:52:08Z" msg="nearby L(37.61764, 126.94206)" tag="candidates">
            <item dist="70.16785" id="1500127"/>
   </badge>
        <badge xmlns:xsi="http://www.w3.org/2001/XMLSchema-instance" gpsTime="2020-04-15T01:52:11Z" msg="nearby L(37.61764, 126.94206)" tag="candidates">
            <item dist="70.16785" id="1500127"/>
   </badge>
        <badge xmlns:xsi="http://www.w3.org/2001/XMLSchema-instance" gpsTime="2020-04-15T01:52:12Z" msg="nearby L(37.61764, 126.94206)" tag="candidates">
            <item dist="70.16785" id="1500127"/>
   </badge>
        <badge xmlns:xsi="http://www.w3.org/2001/XMLSchema-instance" gpsTime="2020-04-15T01:52:14Z" msg="nearby L(37.61764, 126.94206)" tag="candidates">
            <item dist="70.16785" id="1500127"/>
   </badge>
        <badge xmlns:xsi="http://www.w3.org/2001/XMLSchema-instance" gpsTime="2020-04-15T01:52:16Z" msg="nearby L(37.61764, 126.94206)" tag="candidates">
            <item dist="70.16785" id="1500127"/>
   </badge>
        <badge xmlns:xsi="http://www.w3.org/2001/XMLSchema-instance" gpsTime="2020-04-15T01:52:18Z" msg="nearby L(37.61764, 126.94206)" tag="candidates">
            <item dist="70.16785" id="1500127"/>
   </badge>
        <badge xmlns:xsi="http://www.w3.org/2001/XMLSchema-instance" gpsTime="2020-04-15T01:52:20Z" msg="nearby L(37.61764, 126.94206)" tag="candidates">
            <item dist="70.16785" id="1500127"/>
   </badge>
        <badge xmlns:xsi="http://www.w3.org/2001/XMLSchema-instance" gpsTime="2020-04-15T01:52:23Z" msg="nearby L(37.61764, 126.94206)" tag="candidates">
            <item dist="70.16785" id="1500127"/>
   </badge>
        <badge xmlns:xsi="http://www.w3.org/2001/XMLSchema-instance" gpsTime="2020-04-15T01:52:25Z" msg="nearby L(37.61764, 126.94206)" tag="candidates">
            <item dist="69.99519" id="1500127"/>
   </badge>
        <badge xmlns:xsi="http://www.w3.org/2001/XMLSchema-instance" gpsTime="2020-04-15T01:52:27Z" msg="nearby L(37.61764, 126.94206)" tag="candidates">
            <item dist="69.99519" id="1500127"/>
   </badge>
        <badge xmlns:xsi="http://www.w3.org/2001/XMLSchema-instance" gpsTime="2020-04-15T01:52:28Z" msg="nearby L(37.61764, 126.94206)" tag="candidates">
            <item dist="69.99519" id="1500127"/>
   </badge>
        <badge xmlns:xsi="http://www.w3.org/2001/XMLSchema-instance" gpsTime="2020-04-15T01:52:32Z" msg="nearby L(37.61764, 126.94206)" tag="candidates">
            <item dist="69.99519" id="1500127"/>
   </badge>
        <badge xmlns:xsi="http://www.w3.org/2001/XMLSchema-instance" gpsTime="2020-04-15T01:52:34Z" msg="nearby L(37.61764, 126.94206)" tag="candidates">
            <item dist="69.99519" id="1500127"/>
   </badge>
        <badge xmlns:xsi="http://www.w3.org/2001/XMLSchema-instance" gpsTime="2020-04-15T01:52:36Z" msg="nearby L(37.61764, 126.94207)" tag="candidates">
            <item dist="69.99519" id="1500127"/>
   </badge>
        <badge xmlns:xsi="http://www.w3.org/2001/XMLSchema-instance" gpsTime="2020-04-15T01:52:38Z" msg="nearby L(37.61764, 126.94207)" tag="candidates">
            <item dist="69.99519" id="1500127"/>
   </badge>
        <badge xmlns:xsi="http://www.w3.org/2001/XMLSchema-instance" gpsTime="2020-04-15T01:52:39Z" msg="nearby L(37.61764, 126.94207)" tag="candidates">
            <item dist="69.37995" id="1500127"/>
   </badge>
        <badge xmlns:xsi="http://www.w3.org/2001/XMLSchema-instance" gpsTime="2020-04-15T01:52:41Z" msg="nearby L(37.61764, 126.94207)" tag="candidates">
            <item dist="69.20792" id="1500127"/>
   </badge>
        <badge xmlns:xsi="http://www.w3.org/2001/XMLSchema-instance" gpsTime="2020-04-15T01:52:43Z" msg="nearby L(37.61764, 126.94208)" tag="candidates">
            <item dist="68.59223" id="1500127"/>
   </badge>
        <badge xmlns:xsi="http://www.w3.org/2001/XMLSchema-instance" gpsTime="2020-04-15T01:52:46Z" msg="nearby L(37.61764, 126.94208)" tag="candidates">
            <item dist="68.59223" id="1500127"/>
   </badge>
        <badge xmlns:xsi="http://www.w3.org/2001/XMLSchema-instance" gpsTime="2020-04-15T01:52:48Z" msg="nearby L(37.61764, 126.94208)" tag="candidates">
            <item dist="68.59223" id="1500127"/>
   </badge>
        <badge xmlns:xsi="http://www.w3.org/2001/XMLSchema-instance" gpsTime="2020-04-15T01:52:50Z" msg="nearby L(37.61765, 126.94208)" tag="candidates">
            <item dist="68.59223" id="1500127"/>
   </badge>
        <badge xmlns:xsi="http://www.w3.org/2001/XMLSchema-instance" gpsTime="2020-04-15T01:52:52Z" msg="nearby L(37.61765, 126.94208)" tag="candidates">
            <item dist="68.59223" id="1500127"/>
   </badge>
        <badge xmlns:xsi="http://www.w3.org/2001/XMLSchema-instance" gpsTime="2020-04-15T01:52:55Z" msg="nearby L(37.61765, 126.94208)" tag="candidates">
            <item dist="68.42084" id="1500127"/>
   </badge>
        <badge xmlns:xsi="http://www.w3.org/2001/XMLSchema-instance" gpsTime="2020-04-15T01:52:57Z" msg="nearby L(37.61765, 126.94208)" tag="candidates">
            <item dist="68.42084" id="1500127"/>
   </badge>
        <badge xmlns:xsi="http://www.w3.org/2001/XMLSchema-instance" gpsTime="2020-04-15T01:52:58Z" msg="nearby L(37.61765, 126.94208)" tag="candidates">
            <item dist="68.42084" id="1500127"/>
   </badge>
        <badge xmlns:xsi="http://www.w3.org/2001/XMLSchema-instance" gpsTime="2020-04-15T01:53:01Z" msg="nearby L(37.61765, 126.94208)" tag="candidates">
            <item dist="68.42084" id="1500127"/>
   </badge>
        <badge xmlns:xsi="http://www.w3.org/2001/XMLSchema-instance" gpsTime="2020-04-15T01:53:03Z" msg="nearby L(37.61765, 126.94208)" tag="candidates">
            <item dist="67.804695" id="1500127"/>
   </badge>
        <badge xmlns:xsi="http://www.w3.org/2001/XMLSchema-instance" gpsTime="2020-04-15T01:53:05Z" msg="nearby L(37.61765, 126.94208)" tag="candidates">
            <item dist="67.804695" id="1500127"/>
   </badge>
        <badge xmlns:xsi="http://www.w3.org/2001/XMLSchema-instance" gpsTime="2020-04-15T01:53:06Z" msg="nearby L(37.61765, 126.94208)" tag="candidates">
            <item dist="67.804695" id="1500127"/>
   </badge>
        <badge xmlns:xsi="http://www.w3.org/2001/XMLSchema-instance" gpsTime="2020-04-15T01:53:09Z" msg="nearby L(37.61765, 126.94208)" tag="candidates">
            <item dist="67.804695" id="1500127"/>
   </badge>
        <badge xmlns:xsi="http://www.w3.org/2001/XMLSchema-instance" gpsTime="2020-04-15T01:53:10Z" msg="nearby L(37.61765, 126.94208)" tag="candidates">
            <item dist="67.804695" id="1500127"/>
   </badge>
        <badge xmlns:xsi="http://www.w3.org/2001/XMLSchema-instance" gpsTime="2020-04-15T01:53:14Z" msg="nearby L(37.61765, 126.94208)" tag="candidates">
            <item dist="67.804695" id="1500127"/>
   </badge>
        <badge xmlns:xsi="http://www.w3.org/2001/XMLSchema-instance" gpsTime="2020-04-15T01:53:16Z" msg="nearby L(37.61765, 126.94208)" tag="candidates">
            <item dist="68.25164" id="1500127"/>
   </badge>
        <badge xmlns:xsi="http://www.w3.org/2001/XMLSchema-instance" gpsTime="2020-04-15T01:53:18Z" msg="nearby L(37.61765, 126.94208)" tag="candidates">
            <item dist="67.63396" id="1500127"/>
   </badge>
        <badge xmlns:xsi="http://www.w3.org/2001/XMLSchema-instance" gpsTime="2020-04-15T01:53:19Z" msg="nearby L(37.61765, 126.94208)" tag="candidates">
            <item dist="67.63396" id="1500127"/>
   </badge>
        <badge xmlns:xsi="http://www.w3.org/2001/XMLSchema-instance" gpsTime="2020-04-15T01:53:22Z" msg="nearby L(37.61765, 126.94208)" tag="candidates">
            <item dist="67.63396" id="1500127"/>
   </badge>
        <badge xmlns:xsi="http://www.w3.org/2001/XMLSchema-instance" gpsTime="2020-04-15T01:53:24Z" msg="nearby L(37.61765, 126.94208)" tag="candidates">
            <item dist="67.63396" id="1500127"/>
   </badge>
        <badge xmlns:xsi="http://www.w3.org/2001/XMLSchema-instance" gpsTime="2020-04-15T01:53:26Z" msg="nearby L(37.61765, 126.94208)" tag="candidates">
            <item dist="67.63396" id="1500127"/>
   </badge>
        <badge xmlns:xsi="http://www.w3.org/2001/XMLSchema-instance" gpsTime="2020-04-15T01:53:28Z" msg="nearby L(37.61766, 126.94208)" tag="candidates">
            <item dist="67.29917" id="1500127"/>
   </badge>
        <badge xmlns:xsi="http://www.w3.org/2001/XMLSchema-instance" gpsTime="2020-04-15T01:53:29Z" msg="nearby L(37.61766, 126.94209)" tag="candidates">
            <item dist="67.29917" id="1500127"/>
   </badge>
        <badge xmlns:xsi="http://www.w3.org/2001/XMLSchema-instance" gpsTime="2020-04-15T01:53:31Z" msg="nearby L(37.61766, 126.94209)" tag="candidates">
            <item dist="67.46545" id="1500127"/>
   </badge>
        <badge xmlns:xsi="http://www.w3.org/2001/XMLSchema-instance" gpsTime="2020-04-15T01:53:34Z" msg="nearby L(37.61766, 126.94209)" tag="candidates">
            <item dist="67.46545" id="1500127"/>
   </badge>
        <badge xmlns:xsi="http://www.w3.org/2001/XMLSchema-instance" gpsTime="2020-04-15T01:53:36Z" msg="nearby L(37.61766, 126.94209)" tag="candidates">
            <item dist="67.46545" id="1500127"/>
   </badge>
        <badge xmlns:xsi="http://www.w3.org/2001/XMLSchema-instance" gpsTime="2020-04-15T01:53:38Z" msg="nearby L(37.61766, 126.94209)" tag="candidates">
            <item dist="67.29917" id="1500127"/>
   </badge>
        <badge xmlns:xsi="http://www.w3.org/2001/XMLSchema-instance" gpsTime="2020-04-15T01:53:40Z" msg="nearby L(37.61766, 126.94209)" tag="candidates">
            <item dist="67.29917" id="1500127"/>
   </badge>
        <badge xmlns:xsi="http://www.w3.org/2001/XMLSchema-instance" gpsTime="2020-04-15T01:53:43Z" msg="nearby L(37.61766, 126.94209)" tag="candidates">
            <item dist="67.29917" id="1500127"/>
   </badge>
        <badge xmlns:xsi="http://www.w3.org/2001/XMLSchema-instance" gpsTime="2020-04-15T01:53:44Z" msg="nearby L(37.61766, 126.94209)" tag="candidates">
            <item dist="67.29917" id="1500127"/>
   </badge>
        <badge xmlns:xsi="http://www.w3.org/2001/XMLSchema-instance" gpsTime="2020-04-15T01:53:46Z" msg="nearby L(37.61766, 126.94209)" tag="candidates">
            <item dist="67.29917" id="1500127"/>
   </badge>
        <badge xmlns:xsi="http://www.w3.org/2001/XMLSchema-instance" gpsTime="2020-04-15T01:53:49Z" msg="nearby L(37.61766, 126.94209)" tag="candidates">
            <item dist="67.29917" id="1500127"/>
   </badge>
        <badge xmlns:xsi="http://www.w3.org/2001/XMLSchema-instance" gpsTime="2020-04-15T01:53:51Z" msg="nearby L(37.61766, 126.94209)" tag="candidates">
            <item dist="67.29917" id="1500127"/>
   </badge>
        <badge xmlns:xsi="http://www.w3.org/2001/XMLSchema-instance" gpsTime="2020-04-15T01:53:52Z" msg="nearby L(37.61766, 126.94209)" tag="candidates">
            <item dist="67.29917" id="1500127"/>
   </badge>
        <badge xmlns:xsi="http://www.w3.org/2001/XMLSchema-instance" gpsTime="2020-04-15T01:53:55Z" msg="nearby L(37.61766, 126.94208)" tag="candidates">
            <item dist="67.29917" id="1500127"/>
   </badge>
        <badge xmlns:xsi="http://www.w3.org/2001/XMLSchema-instance" gpsTime="2020-04-15T01:53:58Z" msg="nearby L(37.61766, 126.94208)" tag="candidates">
            <item dist="67.29917" id="1500127"/>
   </badge>
        <badge xmlns:xsi="http://www.w3.org/2001/XMLSchema-instance" gpsTime="2020-04-15T01:54:00Z" msg="nearby L(37.61766, 126.94208)" tag="candidates">
            <item dist="67.29917" id="1500127"/>
   </badge>
        <badge xmlns:xsi="http://www.w3.org/2001/XMLSchema-instance" gpsTime="2020-04-15T01:54:01Z" msg="nearby L(37.61766, 126.94208)" tag="candidates">
            <item dist="67.29917" id="1500127"/>
   </badge>
        <badge xmlns:xsi="http://www.w3.org/2001/XMLSchema-instance" gpsTime="2020-04-15T01:54:03Z" msg="nearby L(37.61766, 126.94208)" tag="candidates">
            <item dist="67.29917" id="1500127"/>
   </badge>
        <badge xmlns:xsi="http://www.w3.org/2001/XMLSchema-instance" gpsTime="2020-04-15T01:54:05Z" msg="nearby L(37.61766, 126.94208)" tag="candidates">
            <item dist="67.9199" id="1500127"/>
   </badge>
        <badge xmlns:xsi="http://www.w3.org/2001/XMLSchema-instance" gpsTime="2020-04-15T01:54:07Z" msg="nearby L(37.61766, 126.94208)" tag="candidates">
            <item dist="67.29917" id="1500127"/>
   </badge>
        <badge xmlns:xsi="http://www.w3.org/2001/XMLSchema-instance" gpsTime="2020-04-15T01:54:09Z" msg="nearby L(37.61766, 126.94208)" tag="candidates">
            <item dist="67.29917" id="1500127"/>
   </badge>
        <badge xmlns:xsi="http://www.w3.org/2001/XMLSchema-instance" gpsTime="2020-04-15T01:54:11Z" msg="nearby L(37.61766, 126.94208)" tag="candidates">
            <item dist="67.29917" id="1500127"/>
   </badge>
        <badge xmlns:xsi="http://www.w3.org/2001/XMLSchema-instance" gpsTime="2020-04-15T01:54:13Z" msg="nearby L(37.61766, 126.94208)" tag="candidates">
            <item dist="67.29917" id="1500127"/>
   </badge>
        <badge xmlns:xsi="http://www.w3.org/2001/XMLSchema-instance" gpsTime="2020-04-15T01:54:16Z" msg="nearby L(37.61766, 126.94208)" tag="candidates">
            <item dist="67.29917" id="1500127"/>
   </badge>
        <badge xmlns:xsi="http://www.w3.org/2001/XMLSchema-instance" gpsTime="2020-04-15T01:54:18Z" msg="nearby L(37.61766, 126.94208)" tag="candidates">
            <item dist="67.46545" id="1500127"/>
   </badge>
        <badge xmlns:xsi="http://www.w3.org/2001/XMLSchema-instance" gpsTime="2020-04-15T01:54:20Z" msg="nearby L(37.61766, 126.94208)" tag="candidates">
            <item dist="67.46545" id="1500127"/>
   </badge>
        <badge xmlns:xsi="http://www.w3.org/2001/XMLSchema-instance" gpsTime="2020-04-15T01:54:22Z" msg="nearby L(37.61766, 126.94208)" tag="candidates">
            <item dist="67.46545" id="1500127"/>
   </badge>
        <badge xmlns:xsi="http://www.w3.org/2001/XMLSchema-instance" gpsTime="2020-04-15T01:54:25Z" msg="nearby L(37.61766, 126.94208)" tag="candidates">
            <item dist="67.46545" id="1500127"/>
   </badge>
        <badge xmlns:xsi="http://www.w3.org/2001/XMLSchema-instance" gpsTime="2020-04-15T01:54:26Z" msg="nearby L(37.61766, 126.94208)" tag="candidates">
            <item dist="67.46545" id="1500127"/>
   </badge>
        <badge xmlns:xsi="http://www.w3.org/2001/XMLSchema-instance" gpsTime="2020-04-15T01:54:28Z" msg="nearby L(37.61766, 126.94208)" tag="candidates">
            <item dist="67.46545" id="1500127"/>
   </badge>
        <badge xmlns:xsi="http://www.w3.org/2001/XMLSchema-instance" gpsTime="2020-04-15T01:54:31Z" msg="nearby L(37.61766, 126.94208)" tag="candidates">
            <item dist="67.46545" id="1500127"/>
   </badge>
        <badge xmlns:xsi="http://www.w3.org/2001/XMLSchema-instance" gpsTime="2020-04-15T01:54:33Z" msg="nearby L(37.61766, 126.94208)" tag="candidates">
            <item dist="68.084656" id="1500127"/>
   </badge>
        <badge xmlns:xsi="http://www.w3.org/2001/XMLSchema-instance" gpsTime="2020-04-15T01:54:35Z" msg="nearby L(37.61766, 126.94208)" tag="candidates">
            <item dist="68.084656" id="1500127"/>
   </badge>
        <badge xmlns:xsi="http://www.w3.org/2001/XMLSchema-instance" gpsTime="2020-04-15T01:54:37Z" msg="nearby L(37.61766, 126.94208)" tag="candidates">
            <item dist="68.084656" id="1500127"/>
   </badge>
        <badge xmlns:xsi="http://www.w3.org/2001/XMLSchema-instance" gpsTime="2020-04-15T01:54:39Z" msg="nearby L(37.61766, 126.94208)" tag="candidates">
            <item dist="68.084656" id="1500127"/>
   </badge>
        <badge xmlns:xsi="http://www.w3.org/2001/XMLSchema-instance" gpsTime="2020-04-15T01:54:41Z" msg="nearby L(37.61766, 126.94208)" tag="candidates">
            <item dist="68.084656" id="1500127"/>
   </badge>
        <badge xmlns:xsi="http://www.w3.org/2001/XMLSchema-instance" gpsTime="2020-04-15T01:54:44Z" msg="nearby L(37.61766, 126.94208)" tag="candidates">
            <item dist="68.084656" id="1500127"/>
   </badge>
        <badge xmlns:xsi="http://www.w3.org/2001/XMLSchema-instance" gpsTime="2020-04-15T01:54:46Z" msg="nearby L(37.61766, 126.94208)" tag="candidates">
            <item dist="68.084656" id="1500127"/>
   </badge>
        <badge xmlns:xsi="http://www.w3.org/2001/XMLSchema-instance" gpsTime="2020-04-15T01:54:48Z" msg="nearby L(37.61766, 126.94208)" tag="candidates">
            <item dist="68.084656" id="1500127"/>
   </badge>
        <badge xmlns:xsi="http://www.w3.org/2001/XMLSchema-instance" gpsTime="2020-04-15T01:54:49Z" msg="nearby L(37.61766, 126.94208)" tag="candidates">
            <item dist="68.084656" id="1500127"/>
   </badge>
        <badge xmlns:xsi="http://www.w3.org/2001/XMLSchema-instance" gpsTime="2020-04-15T01:54:51Z" msg="nearby L(37.61766, 126.94208)" tag="candidates">
            <item dist="68.084656" id="1500127"/>
   </badge>
        <badge xmlns:xsi="http://www.w3.org/2001/XMLSchema-instance" gpsTime="2020-04-15T01:54:53Z" msg="nearby L(37.61766, 126.94208)" tag="candidates">
            <item dist="68.084656" id="1500127"/>
   </badge>
        <badge xmlns:xsi="http://www.w3.org/2001/XMLSchema-instance" gpsTime="2020-04-15T01:54:55Z" msg="nearby L(37.61766, 126.94208)" tag="candidates">
            <item dist="67.9199" id="1500127"/>
   </badge>
        <badge xmlns:xsi="http://www.w3.org/2001/XMLSchema-instance" gpsTime="2020-04-15T01:54:58Z" msg="nearby L(37.61766, 126.94208)" tag="candidates">
            <item dist="67.9199" id="1500127"/>
   </badge>
        <badge xmlns:xsi="http://www.w3.org/2001/XMLSchema-instance" gpsTime="2020-04-15T01:55:00Z" msg="nearby L(37.61766, 126.94208)" tag="candidates">
            <item dist="67.9199" id="1500127"/>
   </badge>
        <badge xmlns:xsi="http://www.w3.org/2001/XMLSchema-instance" gpsTime="2020-04-15T01:55:02Z" msg="nearby L(37.61766, 126.94208)" tag="candidates">
            <item dist="67.9199" id="1500127"/>
   </badge>
        <badge xmlns:xsi="http://www.w3.org/2001/XMLSchema-instance" gpsTime="2020-04-15T01:55:04Z" msg="nearby L(37.61766, 126.94207)" tag="candidates">
            <item dist="67.9199" id="1500127"/>
   </badge>
        <badge xmlns:xsi="http://www.w3.org/2001/XMLSchema-instance" gpsTime="2020-04-15T01:55:07Z" msg="nearby L(37.61766, 126.94207)" tag="candidates">
            <item dist="67.9199" id="1500127"/>
   </badge>
        <badge xmlns:xsi="http://www.w3.org/2001/XMLSchema-instance" gpsTime="2020-04-15T01:55:09Z" msg="nearby L(37.61766, 126.94207)" tag="candidates">
            <item dist="67.9199" id="1500127"/>
   </badge>
        <badge xmlns:xsi="http://www.w3.org/2001/XMLSchema-instance" gpsTime="2020-04-15T01:55:10Z" msg="nearby L(37.61766, 126.94207)" tag="candidates">
            <item dist="67.9199" id="1500127"/>
   </badge>
        <badge xmlns:xsi="http://www.w3.org/2001/XMLSchema-instance" gpsTime="2020-04-15T01:55:12Z" msg="nearby L(37.61766, 126.94207)" tag="candidates">
            <item dist="67.9199" id="1500127"/>
   </badge>
        <badge xmlns:xsi="http://www.w3.org/2001/XMLSchema-instance" gpsTime="2020-04-15T01:55:15Z" msg="nearby L(37.61766, 126.94207)" tag="candidates">
            <item dist="67.9199" id="1500127"/>
   </badge>
        <badge xmlns:xsi="http://www.w3.org/2001/XMLSchema-instance" gpsTime="2020-04-15T01:55:17Z" msg="nearby L(37.61766, 126.94207)" tag="candidates">
            <item dist="67.9199" id="1500127"/>
   </badge>
        <badge xmlns:xsi="http://www.w3.org/2001/XMLSchema-instance" gpsTime="2020-04-15T01:55:18Z" msg="nearby L(37.61766, 126.94207)" tag="candidates">
            <item dist="67.757385" id="1500127"/>
   </badge>
        <badge xmlns:xsi="http://www.w3.org/2001/XMLSchema-instance" gpsTime="2020-04-15T01:55:21Z" msg="nearby L(37.61766, 126.94207)" tag="candidates">
            <item dist="68.38059" id="1500127"/>
   </badge>
        <badge xmlns:xsi="http://www.w3.org/2001/XMLSchema-instance" gpsTime="2020-04-15T01:55:22Z" msg="nearby L(37.61766, 126.94207)" tag="candidates">
            <item dist="68.38059" id="1500127"/>
   </badge>
        <badge xmlns:xsi="http://www.w3.org/2001/XMLSchema-instance" gpsTime="2020-04-15T01:55:26Z" msg="nearby L(37.61766, 126.94207)" tag="candidates">
            <item dist="68.38059" id="1500127"/>
   </badge>
        <badge xmlns:xsi="http://www.w3.org/2001/XMLSchema-instance" gpsTime="2020-04-15T01:55:28Z" msg="nearby L(37.61766, 126.94207)" tag="candidates">
            <item dist="68.38059" id="1500127"/>
   </badge>
        <badge xmlns:xsi="http://www.w3.org/2001/XMLSchema-instance" gpsTime="2020-04-15T01:55:30Z" msg="nearby L(37.61766, 126.94207)" tag="candidates">
            <item dist="68.38059" id="1500127"/>
   </badge>
        <badge xmlns:xsi="http://www.w3.org/2001/XMLSchema-instance" gpsTime="2020-04-15T01:55:32Z" msg="nearby L(37.61766, 126.94207)" tag="candidates">
            <item dist="68.38059" id="1500127"/>
   </badge>
        <badge xmlns:xsi="http://www.w3.org/2001/XMLSchema-instance" gpsTime="2020-04-15T01:55:34Z" msg="nearby L(37.61766, 126.94207)" tag="candidates">
            <item dist="68.38059" id="1500127"/>
   </badge>
        <badge xmlns:xsi="http://www.w3.org/2001/XMLSchema-instance" gpsTime="2020-04-15T01:55:36Z" msg="nearby L(37.61766, 126.94207)" tag="candidates">
            <item dist="68.541626" id="1500127"/>
   </badge>
        <badge xmlns:xsi="http://www.w3.org/2001/XMLSchema-instance" gpsTime="2020-04-15T01:55:38Z" msg="nearby L(37.61766, 126.94207)" tag="candidates">
            <item dist="68.541626" id="1500127"/>
   </badge>
        <badge xmlns:xsi="http://www.w3.org/2001/XMLSchema-instance" gpsTime="2020-04-15T01:55:39Z" msg="nearby L(37.61766, 126.94207)" tag="candidates">
            <item dist="68.38059" id="1500127"/>
   </badge>
        <badge xmlns:xsi="http://www.w3.org/2001/XMLSchema-instance" gpsTime="2020-04-15T01:55:41Z" msg="nearby L(37.61766, 126.94207)" tag="candidates">
            <item dist="69.00474" id="1500127"/>
   </badge>
        <badge xmlns:xsi="http://www.w3.org/2001/XMLSchema-instance" gpsTime="2020-04-15T01:55:43Z" msg="nearby L(37.61766, 126.94207)" tag="candidates">
            <item dist="69.00474" id="1500127"/>
   </badge>
        <badge xmlns:xsi="http://www.w3.org/2001/XMLSchema-instance" gpsTime="2020-04-15T01:55:45Z" msg="nearby L(37.61767, 126.94206)" tag="candidates">
            <item dist="69.00474" id="1500127"/>
   </badge>
        <badge xmlns:xsi="http://www.w3.org/2001/XMLSchema-instance" gpsTime="2020-04-15T01:55:49Z" msg="nearby L(37.61767, 126.94206)" tag="candidates">
            <item dist="68.8474" id="1500127"/>
   </badge>
        <badge xmlns:xsi="http://www.w3.org/2001/XMLSchema-instance" gpsTime="2020-04-15T01:55:51Z" msg="nearby L(37.61767, 126.94206)" tag="candidates">
            <item dist="68.6923" id="1500127"/>
   </badge>
        <badge xmlns:xsi="http://www.w3.org/2001/XMLSchema-instance" gpsTime="2020-04-15T01:55:53Z" msg="nearby L(37.61767, 126.94206)" tag="candidates">
            <item dist="69.32018" id="1500127"/>
   </badge>
        <badge xmlns:xsi="http://www.w3.org/2001/XMLSchema-instance" gpsTime="2020-04-15T01:55:55Z" msg="nearby L(37.61767, 126.94206)" tag="candidates">
            <item dist="69.16874" id="1500127"/>
   </badge>
        <badge xmlns:xsi="http://www.w3.org/2001/XMLSchema-instance" gpsTime="2020-04-15T01:55:57Z" msg="nearby L(37.61768, 126.94206)" tag="candidates">
            <item dist="69.16874" id="1500127"/>
   </badge>
        <badge xmlns:xsi="http://www.w3.org/2001/XMLSchema-instance" gpsTime="2020-04-15T01:55:58Z" msg="nearby L(37.61768, 126.94206)" tag="candidates">
            <item dist="69.16874" id="1500127"/>
   </badge>
        <badge xmlns:xsi="http://www.w3.org/2001/XMLSchema-instance" gpsTime="2020-04-15T01:56:00Z" msg="nearby L(37.61768, 126.94206)" tag="candidates">
            <item dist="69.019554" id="1500127"/>
   </badge>
        <badge xmlns:xsi="http://www.w3.org/2001/XMLSchema-instance" gpsTime="2020-04-15T01:56:03Z" msg="nearby L(37.61768, 126.94206)" tag="candidates">
            <item dist="69.019554" id="1500127"/>
   </badge>
        <badge xmlns:xsi="http://www.w3.org/2001/XMLSchema-instance" gpsTime="2020-04-15T01:56:05Z" msg="nearby L(37.61768, 126.94206)" tag="candidates">
            <item dist="68.87266" id="1500127"/>
   </badge>
        <badge xmlns:xsi="http://www.w3.org/2001/XMLSchema-instance" gpsTime="2020-04-15T01:56:06Z" msg="nearby L(37.61768, 126.94206)" tag="candidates">
            <item dist="68.87266" id="1500127"/>
   </badge>
        <badge xmlns:xsi="http://www.w3.org/2001/XMLSchema-instance" gpsTime="2020-04-15T01:56:09Z" msg="nearby L(37.61748, 126.94179)" tag="candidates">
            <item dist="99.77465" id="1500127"/>
   </badge>
        <badge xmlns:xsi="http://www.w3.org/2001/XMLSchema-instance" gpsTime="2020-04-15T01:56:09Z" msg="nearby L(37.61769, 126.94206)" tag="candidates">
            <item dist="68.0947" id="1500127"/>
   </badge>
        <badge xmlns:xsi="http://www.w3.org/2001/XMLSchema-instance" badgeId="1500127" badgeTime="2020-04-15T01:56:45Z" badgeUser="609508C9300E77BFAD73974C0FC80194" msg="code -1" tag="registration (offline)"/>
        <badge xmlns:xsi="http://www.w3.org/2001/XMLSchema-instance" gpsTime="2020-04-15T02:27:29Z" msg="nearby L(37.62438, 126.95139)" tag="candidates">
            <item dist="89.27227" id="1500129"/>
   </badge>
        <badge xmlns:xsi="http://www.w3.org/2001/XMLSchema-instance" gpsTime="2020-04-15T02:28:40Z" msg="nearby L(37.62464, 126.95151)" tag="candidates">
            <item dist="67.74765" id="1500129"/>
   </badge>
        <badge xmlns:xsi="http://www.w3.org/2001/XMLSchema-instance" gpsTime="2020-04-15T02:29:54Z" msg="nearby L(37.62490, 126.95162)" tag="candidates">
            <item dist="54.44573" id="1500129"/>
   </badge>
        <badge xmlns:xsi="http://www.w3.org/2001/XMLSchema-instance" gpsTime="2020-04-15T02:29:56Z" msg="nearby L(37.62450, 126.95151)" tag="candidates">
            <item dist="80.643326" id="1500129"/>
   </badge>
        <badge xmlns:xsi="http://www.w3.org/2001/XMLSchema-instance" gpsTime="2020-04-15T02:29:56Z" msg="nearby L(37.62490, 126.95163)" tag="candidates">
            <item dist="54.589966" id="1500129"/>
   </badge>
        <badge xmlns:xsi="http://www.w3.org/2001/XMLSchema-instance" gpsTime="2020-04-15T02:29:59Z" msg="nearby L(37.62451, 126.95151)" tag="candidates">
            <item dist="80.26566" id="1500129"/>
   </badge>
        <badge xmlns:xsi="http://www.w3.org/2001/XMLSchema-instance" gpsTime="2020-04-15T02:29:59Z" msg="nearby L(37.62491, 126.95163)" tag="candidates">
            <item dist="54.37775" id="1500129"/>
   </badge>
        <badge xmlns:xsi="http://www.w3.org/2001/XMLSchema-instance" gpsTime="2020-04-15T02:30:00Z" msg="nearby L(37.62451, 126.95151)" tag="candidates">
            <item dist="80.573074" id="1500129"/>
   </badge>
        <badge xmlns:xsi="http://www.w3.org/2001/XMLSchema-instance" gpsTime="2020-04-15T02:30:00Z" msg="nearby L(37.62491, 126.95163)" tag="candidates">
            <item dist="54.37775" id="1500129"/>
   </badge>
        <badge xmlns:xsi="http://www.w3.org/2001/XMLSchema-instance" gpsTime="2020-04-15T02:30:03Z" msg="nearby L(37.62451, 126.95152)" tag="candidates">
            <item dist="80.19732" id="1500129"/>
   </badge>
        <badge xmlns:xsi="http://www.w3.org/2001/XMLSchema-instance" gpsTime="2020-04-15T02:30:03Z" msg="nearby L(37.62492, 126.95165)" tag="candidates">
            <item dist="54.941265" id="1500129"/>
   </badge>
        <badge xmlns:xsi="http://www.w3.org/2001/XMLSchema-instance" gpsTime="2020-04-15T02:30:05Z" msg="nearby L(37.62452, 126.95152)" tag="candidates">
            <item dist="79.82204" id="1500129"/>
   </badge>
        <badge xmlns:xsi="http://www.w3.org/2001/XMLSchema-instance" gpsTime="2020-04-15T02:30:05Z" msg="nearby L(37.62493, 126.95165)" tag="candidates">
            <item dist="54.548325" id="1500129"/>
   </badge>
        <badge xmlns:xsi="http://www.w3.org/2001/XMLSchema-instance" gpsTime="2020-04-15T02:30:08Z" msg="nearby L(37.62452, 126.95151)" tag="candidates">
            <item dist="79.07294" id="1500129"/>
   </badge>
        <badge xmlns:xsi="http://www.w3.org/2001/XMLSchema-instance" gpsTime="2020-04-15T02:30:08Z" msg="nearby L(37.62494, 126.95164)" tag="candidates">
            <item dist="53.37423" id="1500129"/>
   </badge>
        <badge xmlns:xsi="http://www.w3.org/2001/XMLSchema-instance" gpsTime="2020-04-15T02:30:10Z" msg="nearby L(37.62452, 126.95152)" tag="candidates">
            <item dist="79.07294" id="1500129"/>
   </badge>
        <badge xmlns:xsi="http://www.w3.org/2001/XMLSchema-instance" gpsTime="2020-04-15T02:30:10Z" msg="nearby L(37.62494, 126.95164)" tag="candidates">
            <item dist="53.793835" id="1500129"/>
   </badge>
        <badge xmlns:xsi="http://www.w3.org/2001/XMLSchema-instance" gpsTime="2020-04-15T02:30:12Z" msg="nearby L(37.62453, 126.95152)" tag="candidates">
            <item dist="78.69913" id="1500129"/>
   </badge>
        <badge xmlns:xsi="http://www.w3.org/2001/XMLSchema-instance" gpsTime="2020-04-15T02:30:12Z" msg="nearby L(37.62495, 126.95164)" tag="candidates">
            <item dist="53.432728" id="1500129"/>
   </badge>
        <badge xmlns:xsi="http://www.w3.org/2001/XMLSchema-instance" gpsTime="2020-04-15T02:30:14Z" msg="nearby L(37.62453, 126.95152)" tag="candidates">
            <item dist="79.01837" id="1500129"/>
   </badge>
        <badge xmlns:xsi="http://www.w3.org/2001/XMLSchema-instance" gpsTime="2020-04-15T02:30:14Z" msg="nearby L(37.62495, 126.95165)" tag="candidates">
            <item dist="53.256306" id="1500129"/>
   </badge>
        <badge xmlns:xsi="http://www.w3.org/2001/XMLSchema-instance" gpsTime="2020-04-15T02:30:16Z" msg="nearby L(37.62453, 126.95152)" tag="candidates">
            <item dist="78.27532" id="1500129"/>
   </badge>
        <badge xmlns:xsi="http://www.w3.org/2001/XMLSchema-instance" gpsTime="2020-04-15T02:30:16Z" msg="nearby L(37.62496, 126.95165)" tag="candidates">
            <item dist="53.363766" id="1500129"/>
   </badge>
        <badge xmlns:xsi="http://www.w3.org/2001/XMLSchema-instance" gpsTime="2020-04-15T02:30:18Z" msg="nearby L(37.62454, 126.95152)" tag="candidates">
            <item dist="77.90459" id="1500129"/>
   </badge>
        <badge xmlns:xsi="http://www.w3.org/2001/XMLSchema-instance" gpsTime="2020-04-15T02:30:18Z" msg="nearby L(37.62497, 126.95165)" tag="candidates">
            <item dist="53.200592" id="1500129"/>
   </badge>
        <badge xmlns:xsi="http://www.w3.org/2001/XMLSchema-instance" gpsTime="2020-04-15T02:30:20Z" msg="nearby L(37.62454, 126.95153)" tag="candidates">
            <item dist="78.23288" id="1500129"/>
   </badge>
        <badge xmlns:xsi="http://www.w3.org/2001/XMLSchema-instance" gpsTime="2020-04-15T02:30:20Z" msg="nearby L(37.62497, 126.95166)" tag="candidates">
            <item dist="53.665203" id="1500129"/>
   </badge>
        <badge xmlns:xsi="http://www.w3.org/2001/XMLSchema-instance" gpsTime="2020-04-15T02:30:22Z" msg="nearby L(37.62440, 126.95148)" tag="candidates">
            <item dist="90.59554" id="1500129"/>
   </badge>
        <badge xmlns:xsi="http://www.w3.org/2001/XMLSchema-instance" gpsTime="2020-04-15T02:30:22Z" msg="nearby L(37.62469, 126.95158)" tag="candidates">
            <item dist="66.84676" id="1500129"/>
   </badge>
        <badge xmlns:xsi="http://www.w3.org/2001/XMLSchema-instance" gpsTime="2020-04-15T02:30:22Z" msg="nearby L(37.62498, 126.95167)" tag="candidates">
            <item dist="53.986645" id="1500129"/>
   </badge>
        <badge xmlns:xsi="http://www.w3.org/2001/XMLSchema-instance" badgeId="1500129" badgeTime="2020-04-15T02:31:08Z" badgeUser="609508C9300E77BFAD73974C0FC80194" msg="code -1" tag="registration (offline)"/>
        <badge xmlns:xsi="http://www.w3.org/2001/XMLSchema-instance" gpsTime="2020-04-15T02:56:36Z" msg="nearby L(37.62572, 126.95539)" tag="candidates">
            <item dist="74.433525" id="1500110"/>
   </badge>
        <badge xmlns:xsi="http://www.w3.org/2001/XMLSchema-instance" gpsTime="2020-04-15T02:57:06Z" msg="nearby L(37.62579, 126.95574)" tag="candidates">
            <item dist="49.098625" id="1500110"/>
   </badge>
        <badge xmlns:xsi="http://www.w3.org/2001/XMLSchema-instance" badgeId="1500110" badgeTime="2020-04-15T02:57:06Z" badgeUser="609508C9300E77BFAD73974C0FC80194" msg="code -1" tag="registration (offline)"/>
        <badge xmlns:xsi="http://www.w3.org/2001/XMLSchema-instance" gpsTime="2020-04-15T03:14:39Z" msg="nearby L(37.62881, 126.96210)" tag="candidates">
            <item dist="86.15185" id="1500114"/>
   </badge>
        <badge xmlns:xsi="http://www.w3.org/2001/XMLSchema-instance" gpsTime="2020-04-15T03:15:29Z" msg="nearby L(37.62882, 126.96244)" tag="candidates">
            <item dist="56.173523" id="1500114"/>
   </badge>
        <badge xmlns:xsi="http://www.w3.org/2001/XMLSchema-instance" gpsTime="2020-04-15T03:15:31Z" msg="nearby L(37.62870, 126.96197)" tag="candidates">
            <item dist="100.8195" id="1500114"/>
   </badge>
        <badge xmlns:xsi="http://www.w3.org/2001/XMLSchema-instance" gpsTime="2020-04-15T03:15:31Z" msg="nearby L(37.62882, 126.96247)" tag="candidates">
            <item dist="55.228485" id="1500114"/>
   </badge>
        <badge xmlns:xsi="http://www.w3.org/2001/XMLSchema-instance" gpsTime="2020-04-15T03:15:34Z" msg="nearby L(37.62869, 126.96198)" tag="candidates">
            <item dist="100.474884" id="1500114"/>
   </badge>
        <badge xmlns:xsi="http://www.w3.org/2001/XMLSchema-instance" gpsTime="2020-04-15T03:15:34Z" msg="nearby L(37.62880, 126.96249)" tag="candidates">
            <item dist="53.867977" id="1500114"/>
   </badge>
        <badge xmlns:xsi="http://www.w3.org/2001/XMLSchema-instance" gpsTime="2020-04-15T03:15:36Z" msg="nearby L(37.62869, 126.96198)" tag="candidates">
            <item dist="99.84316" id="1500114"/>
   </badge>
        <badge xmlns:xsi="http://www.w3.org/2001/XMLSchema-instance" gpsTime="2020-04-15T03:15:36Z" msg="nearby L(37.62880, 126.96250)" tag="candidates">
            <item dist="52.820026" id="1500114"/>
   </badge>
        <badge xmlns:xsi="http://www.w3.org/2001/XMLSchema-instance" gpsTime="2020-04-15T03:15:38Z" msg="nearby L(37.62869, 126.96199)" tag="candidates">
            <item dist="99.212" id="1500114"/>
   </badge>
        <badge xmlns:xsi="http://www.w3.org/2001/XMLSchema-instance" gpsTime="2020-04-15T03:15:38Z" msg="nearby L(37.62881, 126.96252)" tag="candidates">
            <item dist="50.63134" id="1500114"/>
   </badge>
        <badge xmlns:xsi="http://www.w3.org/2001/XMLSchema-instance" badgeId="1500114" badgeTime="2020-04-15T03:15:38Z" badgeUser="609508C9300E77BFAD73974C0FC80194" msg="code -1" tag="registration (offline)"/>
        <badge xmlns:xsi="http://www.w3.org/2001/XMLSchema-instance" gpsTime="2020-04-15T04:22:57Z" msg="nearby L(37.63171, 126.97124)" tag="candidates">
            <item dist="83.32949" id="1500107"/>
   </badge>
        <badge xmlns:xsi="http://www.w3.org/2001/XMLSchema-instance" gpsTime="2020-04-15T04:23:00Z" msg="nearby L(37.63172, 126.97125)" tag="candidates">
            <item dist="81.844826" id="1500107"/>
   </badge>
        <badge xmlns:xsi="http://www.w3.org/2001/XMLSchema-instance" gpsTime="2020-04-15T04:23:02Z" msg="nearby L(37.63174, 126.97125)" tag="candidates">
            <item dist="79.668335" id="1500107"/>
   </badge>
        <badge xmlns:xsi="http://www.w3.org/2001/XMLSchema-instance" gpsTime="2020-04-15T04:23:04Z" msg="nearby L(37.63176, 126.97125)" tag="candidates">
            <item dist="77.830185" id="1500107"/>
   </badge>
        <badge xmlns:xsi="http://www.w3.org/2001/XMLSchema-instance" gpsTime="2020-04-15T04:23:06Z" msg="nearby L(37.63177, 126.97127)" tag="candidates">
            <item dist="75.69005" id="1500107"/>
   </badge>
        <badge xmlns:xsi="http://www.w3.org/2001/XMLSchema-instance" gpsTime="2020-04-15T04:23:07Z" msg="nearby L(37.63178, 126.97127)" tag="candidates">
            <item dist="75.32325" id="1500107"/>
   </badge>
        <badge xmlns:xsi="http://www.w3.org/2001/XMLSchema-instance" gpsTime="2020-04-15T04:23:09Z" msg="nearby L(37.63179, 126.97127)" tag="candidates">
            <item dist="74.253235" id="1500107"/>
   </badge>
        <badge xmlns:xsi="http://www.w3.org/2001/XMLSchema-instance" gpsTime="2020-04-15T04:23:12Z" msg="nearby L(37.63180, 126.97128)" tag="candidates">
            <item dist="72.44996" id="1500107"/>
   </badge>
        <badge xmlns:xsi="http://www.w3.org/2001/XMLSchema-instance" gpsTime="2020-04-15T04:23:15Z" msg="nearby L(37.63182, 126.97130)" tag="candidates">
            <item dist="70.30983" id="1500107"/>
   </badge>
        <badge xmlns:xsi="http://www.w3.org/2001/XMLSchema-instance" gpsTime="2020-04-15T04:23:17Z" msg="nearby L(37.63182, 126.97131)" tag="candidates">
            <item dist="69.60828" id="1500107"/>
   </badge>
        <badge xmlns:xsi="http://www.w3.org/2001/XMLSchema-instance" gpsTime="2020-04-15T04:23:19Z" msg="nearby L(37.63183, 126.97131)" tag="candidates">
            <item dist="68.539665" id="1500107"/>
   </badge>
        <badge xmlns:xsi="http://www.w3.org/2001/XMLSchema-instance" gpsTime="2020-04-15T04:23:21Z" msg="nearby L(37.63183, 126.97133)" tag="candidates">
            <item dist="67.51609" id="1500107"/>
   </badge>
        <badge xmlns:xsi="http://www.w3.org/2001/XMLSchema-instance" gpsTime="2020-04-15T04:23:23Z" msg="nearby L(37.63184, 126.97135)" tag="candidates">
            <item dist="66.19574" id="1500107"/>
   </badge>
        <badge xmlns:xsi="http://www.w3.org/2001/XMLSchema-instance" gpsTime="2020-04-15T04:23:25Z" msg="nearby L(37.63184, 126.97137)" tag="candidates">
            <item dist="64.91418" id="1500107"/>
   </badge>
        <badge xmlns:xsi="http://www.w3.org/2001/XMLSchema-instance" gpsTime="2020-04-15T04:23:27Z" msg="nearby L(37.63185, 126.97139)" tag="candidates">
            <item dist="64.24104" id="1500107"/>
   </badge>
        <badge xmlns:xsi="http://www.w3.org/2001/XMLSchema-instance" gpsTime="2020-04-15T04:23:29Z" msg="nearby L(37.63185, 126.97139)" tag="candidates">
            <item dist="63.187485" id="1500107"/>
   </badge>
        <badge xmlns:xsi="http://www.w3.org/2001/XMLSchema-instance" gpsTime="2020-04-15T04:23:31Z" msg="nearby L(37.63186, 126.97141)" tag="candidates">
            <item dist="62.238956" id="1500107"/>
   </badge>
        <badge xmlns:xsi="http://www.w3.org/2001/XMLSchema-instance" gpsTime="2020-04-15T04:23:33Z" msg="nearby L(37.63162, 126.97103)" tag="candidates">
            <item dist="100.89291" id="1500107"/>
   </badge>
        <badge xmlns:xsi="http://www.w3.org/2001/XMLSchema-instance" gpsTime="2020-04-15T04:23:33Z" msg="nearby L(37.63186, 126.97141)" tag="candidates">
            <item dist="61.19074" id="1500107"/>
   </badge>
        <badge xmlns:xsi="http://www.w3.org/2001/XMLSchema-instance" gpsTime="2020-04-15T04:23:36Z" msg="nearby L(37.63163, 126.97104)" tag="candidates">
            <item dist="99.81247" id="1500107"/>
   </badge>
        <badge xmlns:xsi="http://www.w3.org/2001/XMLSchema-instance" gpsTime="2020-04-15T04:23:36Z" msg="nearby L(37.63188, 126.97143)" tag="candidates">
            <item dist="59.097954" id="1500107"/>
   </badge>
        <badge xmlns:xsi="http://www.w3.org/2001/XMLSchema-instance" gpsTime="2020-04-15T04:23:38Z" msg="nearby L(37.63164, 126.97104)" tag="candidates">
            <item dist="99.07734" id="1500107"/>
   </badge>
        <badge xmlns:xsi="http://www.w3.org/2001/XMLSchema-instance" gpsTime="2020-04-15T04:23:38Z" msg="nearby L(37.63189, 126.97144)" tag="candidates">
            <item dist="58.053516" id="1500107"/>
   </badge>
        <badge xmlns:xsi="http://www.w3.org/2001/XMLSchema-instance" gpsTime="2020-04-15T04:23:39Z" msg="nearby L(37.63164, 126.97105)" tag="candidates">
            <item dist="99.07734" id="1500107"/>
   </badge>
        <badge xmlns:xsi="http://www.w3.org/2001/XMLSchema-instance" gpsTime="2020-04-15T04:23:39Z" msg="nearby L(37.63189, 126.97144)" tag="candidates">
            <item dist="57.40061" id="1500107"/>
   </badge>
        <badge xmlns:xsi="http://www.w3.org/2001/XMLSchema-instance" gpsTime="2020-04-15T04:23:41Z" msg="nearby L(37.63164, 126.97105)" tag="candidates">
            <item dist="98.68978" id="1500107"/>
   </badge>
        <badge xmlns:xsi="http://www.w3.org/2001/XMLSchema-instance" gpsTime="2020-04-15T04:23:41Z" msg="nearby L(37.63189, 126.97145)" tag="candidates">
            <item dist="57.143253" id="1500107"/>
   </badge>
        <badge xmlns:xsi="http://www.w3.org/2001/XMLSchema-instance" gpsTime="2020-04-15T04:23:43Z" msg="nearby L(37.63164, 126.97106)" tag="candidates">
            <item dist="98.34315" id="1500107"/>
   </badge>
        <badge xmlns:xsi="http://www.w3.org/2001/XMLSchema-instance" gpsTime="2020-04-15T04:23:43Z" msg="nearby L(37.63189, 126.97147)" tag="candidates">
            <item dist="56.253696" id="1500107"/>
   </badge>
        <badge xmlns:xsi="http://www.w3.org/2001/XMLSchema-instance" gpsTime="2020-04-15T04:23:46Z" msg="nearby L(37.63165, 126.97107)" tag="candidates">
            <item dist="97.225845" id="1500107"/>
   </badge>
        <badge xmlns:xsi="http://www.w3.org/2001/XMLSchema-instance" gpsTime="2020-04-15T04:23:46Z" msg="nearby L(37.63190, 126.97149)" tag="candidates">
            <item dist="54.36147" id="1500107"/>
   </badge>
        <badge xmlns:xsi="http://www.w3.org/2001/XMLSchema-instance" gpsTime="2020-04-15T04:23:48Z" msg="nearby L(37.63165, 126.97107)" tag="candidates">
            <item dist="97.225845" id="1500107"/>
   </badge>
        <badge xmlns:xsi="http://www.w3.org/2001/XMLSchema-instance" gpsTime="2020-04-15T04:23:48Z" msg="nearby L(37.63190, 126.97150)" tag="candidates">
            <item dist="54.139935" id="1500107"/>
   </badge>
        <badge xmlns:xsi="http://www.w3.org/2001/XMLSchema-instance" gpsTime="2020-04-15T04:23:49Z" msg="nearby L(37.63165, 126.97107)" tag="candidates">
            <item dist="96.844925" id="1500107"/>
   </badge>
        <badge xmlns:xsi="http://www.w3.org/2001/XMLSchema-instance" gpsTime="2020-04-15T04:23:51Z" msg="nearby L(37.63191, 126.97150)" tag="candidates">
            <item dist="53.925903" id="1500107"/>
   </badge>
        <badge xmlns:xsi="http://www.w3.org/2001/XMLSchema-instance" gpsTime="2020-04-15T04:23:52Z" msg="nearby L(37.63165, 126.97108)" tag="candidates">
            <item dist="96.49538" id="1500107"/>
   </badge>
        <badge xmlns:xsi="http://www.w3.org/2001/XMLSchema-instance" gpsTime="2020-04-15T04:23:52Z" msg="nearby L(37.63191, 126.97151)" tag="candidates">
            <item dist="52.912525" id="1500107"/>
   </badge>
        <badge xmlns:xsi="http://www.w3.org/2001/XMLSchema-instance" gpsTime="2020-04-15T04:23:54Z" msg="nearby L(37.63166, 126.97109)" tag="candidates">
            <item dist="95.416214" id="1500107"/>
   </badge>
        <badge xmlns:xsi="http://www.w3.org/2001/XMLSchema-instance" gpsTime="2020-04-15T04:23:54Z" msg="nearby L(37.63193, 126.97152)" tag="candidates">
            <item dist="51.09434" id="1500107"/>
   </badge>
        <badge xmlns:xsi="http://www.w3.org/2001/XMLSchema-instance" gpsTime="2020-04-15T04:23:56Z" msg="nearby L(37.63166, 126.97109)" tag="candidates">
            <item dist="95.03759" id="1500107"/>
   </badge>
        <badge xmlns:xsi="http://www.w3.org/2001/XMLSchema-instance" gpsTime="2020-04-15T04:23:56Z" msg="nearby L(37.63193, 126.97153)" tag="candidates">
            <item dist="50.894238" id="1500107"/>
   </badge>
        <badge xmlns:xsi="http://www.w3.org/2001/XMLSchema-instance" badgeId="1500107" badgeTime="2020-04-15T04:23:56Z" badgeUser="609508C9300E77BFAD73974C0FC80194" msg="code -1" tag="registration (offline)"/>
        <badge xmlns:xsi="http://www.w3.org/2001/XMLSchema-instance" gpsTime="2020-04-15T04:32:47Z" msg="nearby L(37.63194, 126.97333)" tag="candidates">
            <item dist="95.86869" id="995341"/>
   </badge>
        <badge xmlns:xsi="http://www.w3.org/2001/XMLSchema-instance" gpsTime="2020-04-15T04:32:49Z" msg="nearby L(37.63194, 126.97335)" tag="candidates">
            <item dist="95.196945" id="995341"/>
   </badge>
        <badge xmlns:xsi="http://www.w3.org/2001/XMLSchema-instance" gpsTime="2020-04-15T04:32:50Z" msg="nearby L(37.63194, 126.97336)" tag="candidates">
            <item dist="93.82391" id="995341"/>
   </badge>
        <badge xmlns:xsi="http://www.w3.org/2001/XMLSchema-instance" gpsTime="2020-04-15T04:32:54Z" msg="nearby L(37.63193, 126.97341)" tag="candidates">
            <item dist="89.09202" id="995341"/>
   </badge>
        <badge xmlns:xsi="http://www.w3.org/2001/XMLSchema-instance" gpsTime="2020-04-15T04:32:55Z" msg="nearby L(37.63193, 126.97342)" tag="candidates">
            <item dist="88.420074" id="995341"/>
   </badge>
        <badge xmlns:xsi="http://www.w3.org/2001/XMLSchema-instance" gpsTime="2020-04-15T04:32:58Z" msg="nearby L(37.63194, 126.97346)" tag="candidates">
            <item dist="85.09128" id="995341"/>
   </badge>
        <badge xmlns:xsi="http://www.w3.org/2001/XMLSchema-instance" gpsTime="2020-04-15T04:33:00Z" msg="nearby L(37.63193, 126.97348)" tag="candidates">
            <item dist="83.04543" id="995341"/>
   </badge>
        <badge xmlns:xsi="http://www.w3.org/2001/XMLSchema-instance" gpsTime="2020-04-15T04:33:02Z" msg="nearby L(37.63193, 126.97350)" tag="candidates">
            <item dist="81.00051" id="995341"/>
   </badge>
        <badge xmlns:xsi="http://www.w3.org/2001/XMLSchema-instance" gpsTime="2020-04-15T04:33:03Z" msg="nearby L(37.63193, 126.97351)" tag="candidates">
            <item dist="80.328636" id="995341"/>
   </badge>
        <badge xmlns:xsi="http://www.w3.org/2001/XMLSchema-instance" gpsTime="2020-04-15T04:33:06Z" msg="nearby L(37.63194, 126.97354)" tag="candidates">
            <item dist="77.67257" id="995341"/>
   </badge>
        <badge xmlns:xsi="http://www.w3.org/2001/XMLSchema-instance" gpsTime="2020-04-15T04:33:08Z" msg="nearby L(37.63193, 126.97355)" tag="candidates">
            <item dist="76.32968" id="995341"/>
   </badge>
        <badge xmlns:xsi="http://www.w3.org/2001/XMLSchema-instance" gpsTime="2020-04-15T04:33:10Z" msg="nearby L(37.63194, 126.97357)" tag="candidates">
            <item dist="75.692635" id="995341"/>
   </badge>
        <badge xmlns:xsi="http://www.w3.org/2001/XMLSchema-instance" gpsTime="2020-04-15T04:33:13Z" msg="nearby L(37.63194, 126.97359)" tag="candidates">
            <item dist="73.67962" id="995341"/>
   </badge>
        <badge xmlns:xsi="http://www.w3.org/2001/XMLSchema-instance" gpsTime="2020-04-15T04:33:15Z" msg="nearby L(37.63194, 126.97361)" tag="candidates">
            <item dist="71.70578" id="995341"/>
   </badge>
        <badge xmlns:xsi="http://www.w3.org/2001/XMLSchema-instance" gpsTime="2020-04-15T04:33:17Z" msg="nearby L(37.63194, 126.97363)" tag="candidates">
            <item dist="69.65486" id="995341"/>
   </badge>
        <badge xmlns:xsi="http://www.w3.org/2001/XMLSchema-instance" gpsTime="2020-04-15T04:33:19Z" msg="nearby L(37.63194, 126.97367)" tag="candidates">
            <item dist="66.26317" id="995341"/>
   </badge>
        <badge xmlns:xsi="http://www.w3.org/2001/XMLSchema-instance" gpsTime="2020-04-15T04:33:21Z" msg="nearby L(37.63193, 126.97370)" tag="candidates">
            <item dist="63.580647" id="995341"/>
   </badge>
        <badge xmlns:xsi="http://www.w3.org/2001/XMLSchema-instance" gpsTime="2020-04-15T04:33:23Z" msg="nearby L(37.63193, 126.97373)" tag="candidates">
            <item dist="60.85937" id="995341"/>
   </badge>
        <badge xmlns:xsi="http://www.w3.org/2001/XMLSchema-instance" gpsTime="2020-04-15T04:33:24Z" msg="nearby L(37.63193, 126.97375)" tag="candidates">
            <item dist="59.518127" id="995341"/>
   </badge>
        <badge xmlns:xsi="http://www.w3.org/2001/XMLSchema-instance" gpsTime="2020-04-15T04:33:26Z" msg="nearby L(37.63200, 126.97341)" tag="candidates">
            <item dist="89.85831" id="995341"/>
   </badge>
        <badge xmlns:xsi="http://www.w3.org/2001/XMLSchema-instance" gpsTime="2020-04-15T04:33:26Z" msg="nearby L(37.63193, 126.97378)" tag="candidates">
            <item dist="56.126293" id="995341"/>
   </badge>
        <badge xmlns:xsi="http://www.w3.org/2001/XMLSchema-instance" gpsTime="2020-04-15T04:33:53Z" msg="nearby L(37.63201, 126.97413)" tag="candidates">
            <item dist="29.36183" id="995341"/>
   </badge>
        <badge xmlns:xsi="http://www.w3.org/2001/XMLSchema-instance" gpsTime="2020-04-15T04:34:19Z" msg="nearby L(37.63195, 126.97447)" tag="candidates">
            <item dist="8.625967" id="995341"/>
   </badge>
        <badge xmlns:xsi="http://www.w3.org/2001/XMLSchema-instance" gpsTime="2020-04-15T04:35:24Z" msg="nearby L(37.63174, 126.97468)" tag="candidates">
            <item dist="28.301577" id="995341"/>
   </badge>
        <badge xmlns:xsi="http://www.w3.org/2001/XMLSchema-instance" gpsTime="2020-04-15T04:35:26Z" msg="nearby L(37.63183, 126.97423)" tag="candidates">
            <item dist="17.074158" id="995341"/>
   </badge>
        <badge xmlns:xsi="http://www.w3.org/2001/XMLSchema-instance" gpsTime="2020-04-15T04:35:26Z" msg="nearby L(37.63174, 126.97468)" tag="candidates">
            <item dist="27.984467" id="995341"/>
   </badge>
        <badge xmlns:xsi="http://www.w3.org/2001/XMLSchema-instance" gpsTime="2020-04-15T04:35:28Z" msg="nearby L(37.63183, 126.97423)" tag="candidates">
            <item dist="17.21531" id="995341"/>
   </badge>
        <badge xmlns:xsi="http://www.w3.org/2001/XMLSchema-instance" gpsTime="2020-04-15T04:35:28Z" msg="nearby L(37.63173, 126.97469)" tag="candidates">
            <item dist="28.77893" id="995341"/>
   </badge>
        <badge xmlns:xsi="http://www.w3.org/2001/XMLSchema-instance" gpsTime="2020-04-15T04:35:30Z" msg="nearby L(37.63183, 126.97424)" tag="candidates">
            <item dist="17.21531" id="995341"/>
   </badge>
        <badge xmlns:xsi="http://www.w3.org/2001/XMLSchema-instance" gpsTime="2020-04-15T04:35:30Z" msg="nearby L(37.63173, 126.97469)" tag="candidates">
            <item dist="29.02393" id="995341"/>
   </badge>
        <badge xmlns:xsi="http://www.w3.org/2001/XMLSchema-instance" gpsTime="2020-04-15T04:35:32Z" msg="nearby L(37.63183, 126.97423)" tag="candidates">
            <item dist="17.21531" id="995341"/>
   </badge>
        <badge xmlns:xsi="http://www.w3.org/2001/XMLSchema-instance" gpsTime="2020-04-15T04:35:32Z" msg="nearby L(37.63173, 126.97469)" tag="candidates">
            <item dist="29.02393" id="995341"/>
   </badge>
        <badge xmlns:xsi="http://www.w3.org/2001/XMLSchema-instance" gpsTime="2020-04-15T04:35:35Z" msg="nearby L(37.63183, 126.97424)" tag="candidates">
            <item dist="17.36564" id="995341"/>
   </badge>
        <badge xmlns:xsi="http://www.w3.org/2001/XMLSchema-instance" gpsTime="2020-04-15T04:35:35Z" msg="nearby L(37.63172, 126.97469)" tag="candidates">
            <item dist="29.526043" id="995341"/>
   </badge>
        <badge xmlns:xsi="http://www.w3.org/2001/XMLSchema-instance" gpsTime="2020-04-15T04:35:36Z" msg="nearby L(37.63182, 126.97424)" tag="candidates">
            <item dist="17.36564" id="995341"/>
   </badge>
        <badge xmlns:xsi="http://www.w3.org/2001/XMLSchema-instance" gpsTime="2020-04-15T04:35:36Z" msg="nearby L(37.63172, 126.97469)" tag="candidates">
            <item dist="30.318722" id="995341"/>
   </badge>
        <badge xmlns:xsi="http://www.w3.org/2001/XMLSchema-instance" gpsTime="2020-04-15T04:35:38Z" msg="nearby L(37.63182, 126.97424)" tag="candidates">
            <item dist="17.079882" id="995341"/>
   </badge>
        <badge xmlns:xsi="http://www.w3.org/2001/XMLSchema-instance" gpsTime="2020-04-15T04:35:38Z" msg="nearby L(37.63171, 126.97470)" tag="candidates">
            <item dist="30.834635" id="995341"/>
   </badge>
        <badge xmlns:xsi="http://www.w3.org/2001/XMLSchema-instance" gpsTime="2020-04-15T04:35:41Z" msg="nearby L(37.63181, 126.97424)" tag="candidates">
            <item dist="17.453627" id="995341"/>
   </badge>
        <badge xmlns:xsi="http://www.w3.org/2001/XMLSchema-instance" gpsTime="2020-04-15T04:35:41Z" msg="nearby L(37.63169, 126.97470)" tag="candidates">
            <item dist="32.423515" id="995341"/>
   </badge>
        <badge xmlns:xsi="http://www.w3.org/2001/XMLSchema-instance" gpsTime="2020-04-15T04:35:42Z" msg="nearby L(37.63181, 126.97424)" tag="candidates">
            <item dist="17.453627" id="995341"/>
   </badge>
        <badge xmlns:xsi="http://www.w3.org/2001/XMLSchema-instance" gpsTime="2020-04-15T04:35:42Z" msg="nearby L(37.63169, 126.97470)" tag="candidates">
            <item dist="32.69604" id="995341"/>
   </badge>
        <badge xmlns:xsi="http://www.w3.org/2001/XMLSchema-instance" gpsTime="2020-04-15T04:35:45Z" msg="nearby L(37.63180, 126.97425)" tag="candidates">
            <item dist="17.278923" id="995341"/>
   </badge>
        <badge xmlns:xsi="http://www.w3.org/2001/XMLSchema-instance" gpsTime="2020-04-15T04:35:45Z" msg="nearby L(37.63168, 126.97472)" tag="candidates">
            <item dist="35.059772" id="995341"/>
   </badge>
        <badge xmlns:xsi="http://www.w3.org/2001/XMLSchema-instance" gpsTime="2020-04-15T04:35:46Z" msg="nearby L(37.63180, 126.97425)" tag="candidates">
            <item dist="17.278923" id="995341"/>
   </badge>
        <badge xmlns:xsi="http://www.w3.org/2001/XMLSchema-instance" gpsTime="2020-04-15T04:35:46Z" msg="nearby L(37.63167, 126.97472)" tag="candidates">
            <item dist="35.33226" id="995341"/>
   </badge>
        <badge xmlns:xsi="http://www.w3.org/2001/XMLSchema-instance" gpsTime="2020-04-15T04:35:49Z" msg="nearby L(37.63179, 126.97426)" tag="candidates">
            <item dist="17.170744" id="995341"/>
   </badge>
        <badge xmlns:xsi="http://www.w3.org/2001/XMLSchema-instance" gpsTime="2020-04-15T04:35:49Z" msg="nearby L(37.63166, 126.97473)" tag="candidates">
            <item dist="37.234215" id="995341"/>
   </badge>
        <badge xmlns:xsi="http://www.w3.org/2001/XMLSchema-instance" gpsTime="2020-04-15T04:35:51Z" msg="nearby L(37.63179, 126.97426)" tag="candidates">
            <item dist="17.664751" id="995341"/>
   </badge>
        <badge xmlns:xsi="http://www.w3.org/2001/XMLSchema-instance" gpsTime="2020-04-15T04:35:52Z" msg="nearby L(37.63165, 126.97473)" tag="candidates">
            <item dist="38.098007" id="995341"/>
   </badge>
        <badge xmlns:xsi="http://www.w3.org/2001/XMLSchema-instance" gpsTime="2020-04-15T04:35:54Z" msg="nearby L(37.63178, 126.97426)" tag="candidates">
            <item dist="17.942999" id="995341"/>
   </badge>
        <badge xmlns:xsi="http://www.w3.org/2001/XMLSchema-instance" gpsTime="2020-04-15T04:35:54Z" msg="nearby L(37.63163, 126.97474)" tag="candidates">
            <item dist="40.53732" id="995341"/>
   </badge>
        <badge xmlns:xsi="http://www.w3.org/2001/XMLSchema-instance" gpsTime="2020-04-15T04:35:56Z" msg="nearby L(37.63177, 126.97427)" tag="candidates">
            <item dist="18.225506" id="995341"/>
   </badge>
        <badge xmlns:xsi="http://www.w3.org/2001/XMLSchema-instance" gpsTime="2020-04-15T04:35:56Z" msg="nearby L(37.63161, 126.97475)" tag="candidates">
            <item dist="41.4361" id="995341"/>
   </badge>
        <badge xmlns:xsi="http://www.w3.org/2001/XMLSchema-instance" gpsTime="2020-04-15T04:35:57Z" msg="nearby L(37.63177, 126.97427)" tag="candidates">
            <item dist="18.513386" id="995341"/>
   </badge>
        <badge xmlns:xsi="http://www.w3.org/2001/XMLSchema-instance" gpsTime="2020-04-15T04:35:57Z" msg="nearby L(37.63161, 126.97475)" tag="candidates">
            <item dist="42.512554" id="995341"/>
   </badge>
        <badge xmlns:xsi="http://www.w3.org/2001/XMLSchema-instance" gpsTime="2020-04-15T04:35:59Z" msg="nearby L(37.63176, 126.97427)" tag="candidates">
            <item dist="18.635614" id="995341"/>
   </badge>
        <badge xmlns:xsi="http://www.w3.org/2001/XMLSchema-instance" gpsTime="2020-04-15T04:35:59Z" msg="nearby L(37.63159, 126.97476)" tag="candidates">
            <item dist="44.20185" id="995341"/>
   </badge>
        <badge xmlns:xsi="http://www.w3.org/2001/XMLSchema-instance" gpsTime="2020-04-15T04:36:02Z" msg="nearby L(37.63175, 126.97428)" tag="candidates">
            <item dist="18.819351" id="995341"/>
   </badge>
        <badge xmlns:xsi="http://www.w3.org/2001/XMLSchema-instance" gpsTime="2020-04-15T04:36:02Z" msg="nearby L(37.63158, 126.97477)" tag="candidates">
            <item dist="46.358513" id="995341"/>
   </badge>
        <badge xmlns:xsi="http://www.w3.org/2001/XMLSchema-instance" gpsTime="2020-04-15T04:36:04Z" msg="nearby L(37.63174, 126.97429)" tag="candidates">
            <item dist="19.363756" id="995341"/>
   </badge>
        <badge xmlns:xsi="http://www.w3.org/2001/XMLSchema-instance" gpsTime="2020-04-15T04:36:04Z" msg="nearby L(37.63155, 126.97481)" tag="candidates">
            <item dist="50.673676" id="995341"/>
   </badge>
        <badge xmlns:xsi="http://www.w3.org/2001/XMLSchema-instance" gpsTime="2020-04-15T04:36:05Z" msg="nearby L(37.63180, 126.97413)" tag="candidates">
            <item dist="27.233362" id="995341"/>
   </badge>
        <badge xmlns:xsi="http://www.w3.org/2001/XMLSchema-instance" gpsTime="2020-04-15T04:36:05Z" msg="nearby L(37.63167, 126.97447)" tag="candidates">
            <item dist="23.7589" id="995341"/>
   </badge>
        <badge xmlns:xsi="http://www.w3.org/2001/XMLSchema-instance" gpsTime="2020-04-15T04:36:05Z" msg="nearby L(37.63154, 126.97481)" tag="candidates">
            <item dist="51.44185" id="995341"/>
   </badge>
        <badge xmlns:xsi="http://www.w3.org/2001/XMLSchema-instance" gpsTime="2020-04-15T04:36:46Z" msg="nearby L(37.63135, 126.97508)" tag="candidates">
            <item dist="82.56996" id="995341"/>
   </badge>
        <badge xmlns:xsi="http://www.w3.org/2001/XMLSchema-instance" gpsTime="2020-04-15T04:37:19Z" msg="nearby L(37.63146, 126.97539)" tag="candidates">
            <item dist="98.179924" id="995341"/>
   </badge>
        <badge xmlns:xsi="http://www.w3.org/2001/XMLSchema-instance" gpsTime="2020-04-15T04:37:46Z" msg="nearby L(37.63161, 126.97522)" tag="candidates">
            <item dist="76.67158" id="995341"/>
   </badge>
        <badge xmlns:xsi="http://www.w3.org/2001/XMLSchema-instance" gpsTime="2020-04-15T04:37:48Z" msg="nearby L(37.63162, 126.97523)" tag="candidates">
            <item dist="77.59737" id="995341"/>
   </badge>
        <badge xmlns:xsi="http://www.w3.org/2001/XMLSchema-instance" gpsTime="2020-04-15T04:37:50Z" msg="nearby L(37.63163, 126.97524)" tag="candidates">
            <item dist="77.7646" id="995341"/>
   </badge>
        <badge xmlns:xsi="http://www.w3.org/2001/XMLSchema-instance" gpsTime="2020-04-15T04:37:53Z" msg="nearby L(37.63165, 126.97526)" tag="candidates">
            <item dist="78.59245" id="995341"/>
   </badge>
        <badge xmlns:xsi="http://www.w3.org/2001/XMLSchema-instance" gpsTime="2020-04-15T04:37:55Z" msg="nearby L(37.63165, 126.97527)" tag="candidates">
            <item dist="78.95102" id="995341"/>
   </badge>
        <badge xmlns:xsi="http://www.w3.org/2001/XMLSchema-instance" gpsTime="2020-04-15T04:37:57Z" msg="nearby L(37.63166, 126.97528)" tag="candidates">
            <item dist="79.963356" id="995341"/>
   </badge>
        <badge xmlns:xsi="http://www.w3.org/2001/XMLSchema-instance" gpsTime="2020-04-15T04:37:59Z" msg="nearby L(37.63167, 126.97529)" tag="candidates">
            <item dist="80.350586" id="995341"/>
   </badge>
        <badge xmlns:xsi="http://www.w3.org/2001/XMLSchema-instance" gpsTime="2020-04-15T04:38:01Z" msg="nearby L(37.63167, 126.97530)" tag="candidates">
            <item dist="81.63847" id="995341"/>
   </badge>
        <badge xmlns:xsi="http://www.w3.org/2001/XMLSchema-instance" gpsTime="2020-04-15T04:38:03Z" msg="nearby L(37.63167, 126.97531)" tag="candidates">
            <item dist="82.40612" id="995341"/>
   </badge>
        <badge xmlns:xsi="http://www.w3.org/2001/XMLSchema-instance" gpsTime="2020-04-15T04:38:05Z" msg="nearby L(37.63167, 126.97532)" tag="candidates">
            <item dist="83.694885" id="995341"/>
   </badge>
        <badge xmlns:xsi="http://www.w3.org/2001/XMLSchema-instance" gpsTime="2020-04-15T04:38:07Z" msg="nearby L(37.63167, 126.97534)" tag="candidates">
            <item dist="84.21978" id="995341"/>
   </badge>
        <badge xmlns:xsi="http://www.w3.org/2001/XMLSchema-instance" gpsTime="2020-04-15T04:38:10Z" msg="nearby L(37.63167, 126.97535)" tag="candidates">
            <item dist="85.28213" id="995341"/>
   </badge>
        <badge xmlns:xsi="http://www.w3.org/2001/XMLSchema-instance" gpsTime="2020-04-15T04:38:12Z" msg="nearby L(37.63164, 126.97518)" tag="candidates">
            <item dist="72.75069" id="995341"/>
   </badge>
        <badge xmlns:xsi="http://www.w3.org/2001/XMLSchema-instance" gpsTime="2020-04-15T04:39:30Z" msg="nearby L(37.63237, 126.97652)" tag="candidates">
            <item dist="99.64743" id="995340"/>
   </badge>
        <badge xmlns:xsi="http://www.w3.org/2001/XMLSchema-instance" gpsTime="2020-04-15T04:39:32Z" msg="nearby L(37.63237, 126.97654)" tag="candidates">
            <item dist="98.22034" id="995340"/>
   </badge>
        <badge xmlns:xsi="http://www.w3.org/2001/XMLSchema-instance" gpsTime="2020-04-15T04:39:35Z" msg="nearby L(37.63240, 126.97657)" tag="candidates">
            <item dist="94.65349" id="995340"/>
   </badge>
        <badge xmlns:xsi="http://www.w3.org/2001/XMLSchema-instance" gpsTime="2020-04-15T04:39:38Z" msg="nearby L(37.63242, 126.97659)" tag="candidates">
            <item dist="91.78192" id="995340"/>
   </badge>
        <badge xmlns:xsi="http://www.w3.org/2001/XMLSchema-instance" gpsTime="2020-04-15T04:39:40Z" msg="nearby L(37.63244, 126.97659)" tag="candidates">
            <item dist="89.621086" id="995340"/>
   </badge>
        <badge xmlns:xsi="http://www.w3.org/2001/XMLSchema-instance" gpsTime="2020-04-15T04:39:42Z" msg="nearby L(37.63246, 126.97660)" tag="candidates">
            <item dist="87.463295" id="995340"/>
   </badge>
        <badge xmlns:xsi="http://www.w3.org/2001/XMLSchema-instance" gpsTime="2020-04-15T04:39:44Z" msg="nearby L(37.63247, 126.97661)" tag="candidates">
            <item dist="85.31561" id="995340"/>
   </badge>
        <badge xmlns:xsi="http://www.w3.org/2001/XMLSchema-instance" gpsTime="2020-04-15T04:39:46Z" msg="nearby L(37.63249, 126.97663)" tag="candidates">
            <item dist="83.16878" id="995340"/>
   </badge>
        <badge xmlns:xsi="http://www.w3.org/2001/XMLSchema-instance" gpsTime="2020-04-15T04:39:47Z" msg="nearby L(37.63250, 126.97664)" tag="candidates">
            <item dist="81.7497" id="995340"/>
   </badge>
        <badge xmlns:xsi="http://www.w3.org/2001/XMLSchema-instance" gpsTime="2020-04-15T04:39:49Z" msg="nearby L(37.63252, 126.97667)" tag="candidates">
            <item dist="78.17013" id="995340"/>
   </badge>
        <badge xmlns:xsi="http://www.w3.org/2001/XMLSchema-instance" gpsTime="2020-04-15T04:40:14Z" msg="nearby L(37.63275, 126.97687)" tag="candidates">
            <item dist="47.81716" id="995340"/>
   </badge>
        <badge xmlns:xsi="http://www.w3.org/2001/XMLSchema-instance" gpsTime="2020-04-15T04:40:50Z" msg="nearby L(37.63300, 126.97699)" tag="candidates">
            <item dist="18.063215" id="995340"/>
   </badge>
        <badge xmlns:xsi="http://www.w3.org/2001/XMLSchema-instance" gpsTime="2020-04-15T04:42:22Z" msg="nearby L(37.63325, 126.97712)" tag="candidates">
            <item dist="13.97192" id="995340"/>
   </badge>
        <badge xmlns:xsi="http://www.w3.org/2001/XMLSchema-instance" gpsTime="2020-04-15T04:42:23Z" msg="nearby L(37.63289, 126.97689)" tag="candidates">
            <item dist="33.1246" id="995340"/>
   </badge>
        <badge xmlns:xsi="http://www.w3.org/2001/XMLSchema-instance" gpsTime="2020-04-15T04:42:23Z" msg="nearby L(37.63326, 126.97711)" tag="candidates">
            <item dist="14.833998" id="995340"/>
   </badge>
        <badge xmlns:xsi="http://www.w3.org/2001/XMLSchema-instance" gpsTime="2020-04-15T04:42:26Z" msg="nearby L(37.63291, 126.97690)" tag="candidates">
            <item dist="31.375734" id="995340"/>
   </badge>
        <badge xmlns:xsi="http://www.w3.org/2001/XMLSchema-instance" gpsTime="2020-04-15T04:42:26Z" msg="nearby L(37.63329, 126.97713)" tag="candidates">
            <item dist="17.79519" id="995340"/>
   </badge>
        <badge xmlns:xsi="http://www.w3.org/2001/XMLSchema-instance" gpsTime="2020-04-15T04:42:29Z" msg="nearby L(37.63292, 126.97691)" tag="candidates">
            <item dist="29.63575" id="995340"/>
   </badge>
        <badge xmlns:xsi="http://www.w3.org/2001/XMLSchema-instance" gpsTime="2020-04-15T04:42:29Z" msg="nearby L(37.63332, 126.97714)" tag="candidates">
            <item dist="21.687275" id="995340"/>
   </badge>
        <badge xmlns:xsi="http://www.w3.org/2001/XMLSchema-instance" gpsTime="2020-04-15T04:42:31Z" msg="nearby L(37.63280, 126.97683)" tag="candidates">
            <item dist="44.851936" id="995340"/>
   </badge>
        <badge xmlns:xsi="http://www.w3.org/2001/XMLSchema-instance" gpsTime="2020-04-15T04:42:31Z" msg="nearby L(37.63307, 126.97699)" tag="candidates">
            <item dist="13.091931" id="995340"/>
   </badge>
        <badge xmlns:xsi="http://www.w3.org/2001/XMLSchema-instance" gpsTime="2020-04-15T04:42:31Z" msg="nearby L(37.63335, 126.97715)" tag="candidates">
            <item dist="24.283186" id="995340"/>
   </badge>
        <badge xmlns:xsi="http://www.w3.org/2001/XMLSchema-instance" gpsTime="2020-04-15T04:47:26Z" msg="nearby L(37.63349, 126.97749)" tag="candidates">
            <item dist="51.272133" id="995340"/>
   </badge>
        <badge xmlns:xsi="http://www.w3.org/2001/XMLSchema-instance" gpsTime="2020-04-15T04:47:43Z" msg="nearby L(37.63363, 126.97781)" tag="candidates">
            <item dist="82.730644" id="995340"/>
   </badge>
        <badge xmlns:xsi="http://www.w3.org/2001/XMLSchema-instance" gpsTime="2020-04-15T04:47:45Z" msg="nearby L(37.63350, 126.97750)" tag="candidates">
            <item dist="53.107773" id="995340"/>
   </badge>
        <badge xmlns:xsi="http://www.w3.org/2001/XMLSchema-instance" gpsTime="2020-04-15T04:47:45Z" msg="nearby L(37.63365, 126.97785)" tag="candidates">
            <item dist="86.85664" id="995340"/>
   </badge>
        <badge xmlns:xsi="http://www.w3.org/2001/XMLSchema-instance" gpsTime="2020-04-15T04:47:47Z" msg="nearby L(37.63351, 126.97752)" tag="candidates">
            <item dist="55.053066" id="995340"/>
   </badge>
        <badge xmlns:xsi="http://www.w3.org/2001/XMLSchema-instance" gpsTime="2020-04-15T04:47:47Z" msg="nearby L(37.63367, 126.97790)" tag="candidates">
            <item dist="91.00649" id="995340"/>
   </badge>
        <badge xmlns:xsi="http://www.w3.org/2001/XMLSchema-instance" gpsTime="2020-04-15T04:47:49Z" msg="nearby L(37.63351, 126.97754)" tag="candidates">
            <item dist="56.6993" id="995340"/>
   </badge>
        <badge xmlns:xsi="http://www.w3.org/2001/XMLSchema-instance" gpsTime="2020-04-15T04:47:49Z" msg="nearby L(37.63367, 126.97794)" tag="candidates">
            <item dist="94.11651" id="995340"/>
   </badge>
        <badge xmlns:xsi="http://www.w3.org/2001/XMLSchema-instance" gpsTime="2020-04-15T04:47:51Z" msg="nearby L(37.63351, 126.97755)" tag="candidates">
            <item dist="57.149426" id="995340"/>
   </badge>
        <badge xmlns:xsi="http://www.w3.org/2001/XMLSchema-instance" gpsTime="2020-04-15T04:47:51Z" msg="nearby L(37.63368, 126.97796)" tag="candidates">
            <item dist="95.940605" id="995340"/>
   </badge>
        <badge xmlns:xsi="http://www.w3.org/2001/XMLSchema-instance" gpsTime="2020-04-15T04:47:52Z" msg="nearby L(37.63352, 126.97756)" tag="candidates">
            <item dist="57.915817" id="995340"/>
   </badge>
        <badge xmlns:xsi="http://www.w3.org/2001/XMLSchema-instance" gpsTime="2020-04-15T04:47:52Z" msg="nearby L(37.63368, 126.97797)" tag="candidates">
            <item dist="96.99894" id="995340"/>
   </badge>
        <badge xmlns:xsi="http://www.w3.org/2001/XMLSchema-instance" gpsTime="2020-04-15T04:47:55Z" msg="nearby L(37.63352, 126.97758)" tag="candidates">
            <item dist="59.45089" id="995340"/>
   </badge>
        <badge xmlns:xsi="http://www.w3.org/2001/XMLSchema-instance" gpsTime="2020-04-15T04:47:55Z" msg="nearby L(37.63370, 126.97801)" tag="candidates">
            <item dist="100.67656" id="995340"/>
   </badge>
        <badge xmlns:xsi="http://www.w3.org/2001/XMLSchema-instance" gpsTime="2020-04-15T04:47:58Z" msg="nearby L(37.63354, 126.97760)" tag="candidates">
            <item dist="62.52941" id="995340"/>
   </badge>
        <badge xmlns:xsi="http://www.w3.org/2001/XMLSchema-instance" gpsTime="2020-04-15T04:48:00Z" msg="nearby L(37.63354, 126.97762)" tag="candidates">
            <item dist="63.76818" id="995340"/>
   </badge>
        <badge xmlns:xsi="http://www.w3.org/2001/XMLSchema-instance" gpsTime="2020-04-15T04:48:01Z" msg="nearby L(37.63354, 126.97762)" tag="candidates">
            <item dist="63.76818" id="995340"/>
   </badge>
        <badge xmlns:xsi="http://www.w3.org/2001/XMLSchema-instance" gpsTime="2020-04-15T04:48:03Z" msg="nearby L(37.63355, 126.97764)" tag="candidates">
            <item dist="65.31522" id="995340"/>
   </badge>
        <badge xmlns:xsi="http://www.w3.org/2001/XMLSchema-instance" gpsTime="2020-04-15T04:48:06Z" msg="nearby L(37.63348, 126.97749)" tag="candidates">
            <item dist="50.944183" id="995340"/>
   </badge>
        <badge xmlns:xsi="http://www.w3.org/2001/XMLSchema-instance" gpsTime="2020-04-15T04:48:06Z" msg="nearby L(37.63362, 126.97783)" tag="candidates">
            <item dist="83.09917" id="995340"/>
   </badge>
        <badge xmlns:xsi="http://www.w3.org/2001/XMLSchema-instance" gpsTime="2020-04-15T05:02:23Z" msg="nearby L(37.63637, 126.98355)" tag="candidates">
            <item dist="96.6049" id="995339"/>
   </badge>
        <badge xmlns:xsi="http://www.w3.org/2001/XMLSchema-instance" gpsTime="2020-04-15T05:02:25Z" msg="nearby L(37.63638, 126.98358)" tag="candidates">
            <item dist="94.68981" id="995339"/>
   </badge>
        <badge xmlns:xsi="http://www.w3.org/2001/XMLSchema-instance" gpsTime="2020-04-15T05:02:27Z" msg="nearby L(37.63639, 126.98361)" tag="candidates">
            <item dist="93.022705" id="995339"/>
   </badge>
        <badge xmlns:xsi="http://www.w3.org/2001/XMLSchema-instance" gpsTime="2020-04-15T05:02:30Z" msg="nearby L(37.63640, 126.98366)" tag="candidates">
            <item dist="89.84788" id="995339"/>
   </badge>
        <badge xmlns:xsi="http://www.w3.org/2001/XMLSchema-instance" gpsTime="2020-04-15T05:02:32Z" msg="nearby L(37.63640, 126.98369)" tag="candidates">
            <item dist="87.70515" id="995339"/>
   </badge>
        <badge xmlns:xsi="http://www.w3.org/2001/XMLSchema-instance" gpsTime="2020-04-15T05:02:34Z" msg="nearby L(37.63640, 126.98372)" tag="candidates">
            <item dist="84.80038" id="995339"/>
   </badge>
        <badge xmlns:xsi="http://www.w3.org/2001/XMLSchema-instance" gpsTime="2020-04-15T05:02:35Z" msg="nearby L(37.63640, 126.98374)" tag="candidates">
            <item dist="83.64817" id="995339"/>
   </badge>
        <badge xmlns:xsi="http://www.w3.org/2001/XMLSchema-instance" gpsTime="2020-04-15T05:02:37Z" msg="nearby L(37.63641, 126.98377)" tag="candidates">
            <item dist="82.157135" id="995339"/>
   </badge>
        <badge xmlns:xsi="http://www.w3.org/2001/XMLSchema-instance" gpsTime="2020-04-15T05:02:40Z" msg="nearby L(37.63642, 126.98380)" tag="candidates">
            <item dist="79.57083" id="995339"/>
   </badge>
        <badge xmlns:xsi="http://www.w3.org/2001/XMLSchema-instance" gpsTime="2020-04-15T05:02:42Z" msg="nearby L(37.63641, 126.98384)" tag="candidates">
            <item dist="76.80136" id="995339"/>
   </badge>
        <badge xmlns:xsi="http://www.w3.org/2001/XMLSchema-instance" gpsTime="2020-04-15T05:02:45Z" msg="nearby L(37.63641, 126.98388)" tag="candidates">
            <item dist="73.035095" id="995339"/>
   </badge>
        <badge xmlns:xsi="http://www.w3.org/2001/XMLSchema-instance" gpsTime="2020-04-15T05:02:46Z" msg="nearby L(37.63640, 126.98387)" tag="candidates">
            <item dist="73.871506" id="995339"/>
   </badge>
        <badge xmlns:xsi="http://www.w3.org/2001/XMLSchema-instance" gpsTime="2020-04-15T05:02:49Z" msg="nearby L(37.63638, 126.98389)" tag="candidates">
            <item dist="71.54728" id="995339"/>
   </badge>
        <badge xmlns:xsi="http://www.w3.org/2001/XMLSchema-instance" gpsTime="2020-04-15T05:02:50Z" msg="nearby L(37.63638, 126.98390)" tag="candidates">
            <item dist="69.95843" id="995339"/>
   </badge>
        <badge xmlns:xsi="http://www.w3.org/2001/XMLSchema-instance" gpsTime="2020-04-15T05:02:52Z" msg="nearby L(37.63636, 126.98391)" tag="candidates">
            <item dist="68.12672" id="995339"/>
   </badge>
        <badge xmlns:xsi="http://www.w3.org/2001/XMLSchema-instance" gpsTime="2020-04-15T05:02:54Z" msg="nearby L(37.63637, 126.98393)" tag="candidates">
            <item dist="67.02619" id="995339"/>
   </badge>
        <badge xmlns:xsi="http://www.w3.org/2001/XMLSchema-instance" gpsTime="2020-04-15T05:02:56Z" msg="nearby L(37.63622, 126.98344)" tag="candidates">
            <item dist="100.28485" id="995339"/>
   </badge>
        <badge xmlns:xsi="http://www.w3.org/2001/XMLSchema-instance" gpsTime="2020-04-15T05:02:56Z" msg="nearby L(37.63637, 126.98396)" tag="candidates">
            <item dist="65.39268" id="995339"/>
   </badge>
        <badge xmlns:xsi="http://www.w3.org/2001/XMLSchema-instance" gpsTime="2020-04-15T05:02:58Z" msg="nearby L(37.63622, 126.98346)" tag="candidates">
            <item dist="98.97398" id="995339"/>
   </badge>
        <badge xmlns:xsi="http://www.w3.org/2001/XMLSchema-instance" gpsTime="2020-04-15T05:02:58Z" msg="nearby L(37.63637, 126.98399)" tag="candidates">
            <item dist="63.511047" id="995339"/>
   </badge>
        <badge xmlns:xsi="http://www.w3.org/2001/XMLSchema-instance" gpsTime="2020-04-15T05:03:00Z" msg="nearby L(37.63627, 126.98365)" tag="candidates">
            <item dist="84.51682" id="995339"/>
   </badge>
        <badge xmlns:xsi="http://www.w3.org/2001/XMLSchema-instance" gpsTime="2020-04-15T05:03:00Z" msg="nearby L(37.63637, 126.98401)" tag="candidates">
            <item dist="61.69257" id="995339"/>
   </badge>
        <badge xmlns:xsi="http://www.w3.org/2001/XMLSchema-instance" gpsTime="2020-04-15T05:03:20Z" msg="nearby L(37.63654, 126.98429)" tag="candidates">
            <item dist="62.61028" id="995339"/>
   </badge>
        <badge xmlns:xsi="http://www.w3.org/2001/XMLSchema-instance" gpsTime="2020-04-15T05:03:43Z" msg="nearby L(37.63666, 126.98462)" tag="candidates">
            <item dist="71.80942" id="995339"/>
   </badge>
        <badge xmlns:xsi="http://www.w3.org/2001/XMLSchema-instance" gpsTime="2020-04-15T05:03:44Z" msg="nearby L(37.63652, 126.98432)" tag="candidates">
            <item dist="59.426952" id="995339"/>
   </badge>
        <badge xmlns:xsi="http://www.w3.org/2001/XMLSchema-instance" gpsTime="2020-04-15T05:03:44Z" msg="nearby L(37.63666, 126.98463)" tag="candidates">
            <item dist="72.35676" id="995339"/>
   </badge>
        <badge xmlns:xsi="http://www.w3.org/2001/XMLSchema-instance" gpsTime="2020-04-15T05:03:46Z" msg="nearby L(37.63652, 126.98433)" tag="candidates">
            <item dist="59.201416" id="995339"/>
   </badge>
        <badge xmlns:xsi="http://www.w3.org/2001/XMLSchema-instance" gpsTime="2020-04-15T05:03:46Z" msg="nearby L(37.63666, 126.98465)" tag="candidates">
            <item dist="72.50702" id="995339"/>
   </badge>
        <badge xmlns:xsi="http://www.w3.org/2001/XMLSchema-instance" gpsTime="2020-04-15T05:03:48Z" msg="nearby L(37.63652, 126.98434)" tag="candidates">
            <item dist="58.982708" id="995339"/>
   </badge>
        <badge xmlns:xsi="http://www.w3.org/2001/XMLSchema-instance" gpsTime="2020-04-15T05:03:48Z" msg="nearby L(37.63666, 126.98466)" tag="candidates">
            <item dist="73.10123" id="995339"/>
   </badge>
        <badge xmlns:xsi="http://www.w3.org/2001/XMLSchema-instance" gpsTime="2020-04-15T05:03:50Z" msg="nearby L(37.63653, 126.98435)" tag="candidates">
            <item dist="59.77936" id="995339"/>
   </badge>
        <badge xmlns:xsi="http://www.w3.org/2001/XMLSchema-instance" gpsTime="2020-04-15T05:03:50Z" msg="nearby L(37.63668, 126.98468)" tag="candidates">
            <item dist="75.07849" id="995339"/>
   </badge>
        <badge xmlns:xsi="http://www.w3.org/2001/XMLSchema-instance" gpsTime="2020-04-15T05:03:52Z" msg="nearby L(37.63653, 126.98436)" tag="candidates">
            <item dist="59.99187" id="995339"/>
   </badge>
        <badge xmlns:xsi="http://www.w3.org/2001/XMLSchema-instance" gpsTime="2020-04-15T05:03:52Z" msg="nearby L(37.63669, 126.98471)" tag="candidates">
            <item dist="76.67903" id="995339"/>
   </badge>
        <badge xmlns:xsi="http://www.w3.org/2001/XMLSchema-instance" gpsTime="2020-04-15T05:03:55Z" msg="nearby L(37.63654, 126.98437)" tag="candidates">
            <item dist="60.214138" id="995339"/>
   </badge>
        <badge xmlns:xsi="http://www.w3.org/2001/XMLSchema-instance" gpsTime="2020-04-15T05:03:55Z" msg="nearby L(37.63670, 126.98473)" tag="candidates">
            <item dist="77.76844" id="995339"/>
   </badge>
        <badge xmlns:xsi="http://www.w3.org/2001/XMLSchema-instance" gpsTime="2020-04-15T05:03:56Z" msg="nearby L(37.63654, 126.98437)" tag="candidates">
            <item dist="60.446056" id="995339"/>
   </badge>
        <badge xmlns:xsi="http://www.w3.org/2001/XMLSchema-instance" gpsTime="2020-04-15T05:03:56Z" msg="nearby L(37.63670, 126.98473)" tag="candidates">
            <item dist="78.31957" id="995339"/>
   </badge>
        <badge xmlns:xsi="http://www.w3.org/2001/XMLSchema-instance" gpsTime="2020-04-15T05:04:00Z" msg="nearby L(37.63656, 126.98440)" tag="candidates">
            <item dist="61.611683" id="995339"/>
   </badge>
        <badge xmlns:xsi="http://www.w3.org/2001/XMLSchema-instance" gpsTime="2020-04-15T05:04:00Z" msg="nearby L(37.63674, 126.98478)" tag="candidates">
            <item dist="83.108925" id="995339"/>
   </badge>
        <badge xmlns:xsi="http://www.w3.org/2001/XMLSchema-instance" gpsTime="2020-04-15T05:04:02Z" msg="nearby L(37.63657, 126.98441)" tag="candidates">
            <item dist="62.710903" id="995339"/>
   </badge>
        <badge xmlns:xsi="http://www.w3.org/2001/XMLSchema-instance" gpsTime="2020-04-15T05:04:02Z" msg="nearby L(37.63676, 126.98480)" tag="candidates">
            <item dist="85.499794" id="995339"/>
   </badge>
        <badge xmlns:xsi="http://www.w3.org/2001/XMLSchema-instance" gpsTime="2020-04-15T05:04:04Z" msg="nearby L(37.63658, 126.98442)" tag="candidates">
            <item dist="63.823578" id="995339"/>
   </badge>
        <badge xmlns:xsi="http://www.w3.org/2001/XMLSchema-instance" gpsTime="2020-04-15T05:04:04Z" msg="nearby L(37.63678, 126.98482)" tag="candidates">
            <item dist="88.71332" id="995339"/>
   </badge>
        <badge xmlns:xsi="http://www.w3.org/2001/XMLSchema-instance" gpsTime="2020-04-15T05:04:05Z" msg="nearby L(37.63659, 126.98442)" tag="candidates">
            <item dist="64.532295" id="995339"/>
   </badge>
        <badge xmlns:xsi="http://www.w3.org/2001/XMLSchema-instance" gpsTime="2020-04-15T05:04:05Z" msg="nearby L(37.63680, 126.98482)" tag="candidates">
            <item dist="90.52515" id="995339"/>
   </badge>
        <badge xmlns:xsi="http://www.w3.org/2001/XMLSchema-instance" gpsTime="2020-04-15T05:04:07Z" msg="nearby L(37.63660, 126.98443)" tag="candidates">
            <item dist="66.086555" id="995339"/>
   </badge>
        <badge xmlns:xsi="http://www.w3.org/2001/XMLSchema-instance" gpsTime="2020-04-15T05:04:07Z" msg="nearby L(37.63683, 126.98484)" tag="candidates">
            <item dist="94.15005" id="995339"/>
   </badge>
        <badge xmlns:xsi="http://www.w3.org/2001/XMLSchema-instance" gpsTime="2020-04-15T05:04:10Z" msg="nearby L(37.63662, 126.98443)" tag="candidates">
            <item dist="68.17606" id="995339"/>
   </badge>
        <badge xmlns:xsi="http://www.w3.org/2001/XMLSchema-instance" gpsTime="2020-04-15T05:04:10Z" msg="nearby L(37.63687, 126.98485)" tag="candidates">
            <item dist="98.000916" id="995339"/>
   </badge>
        <badge xmlns:xsi="http://www.w3.org/2001/XMLSchema-instance" gpsTime="2020-04-15T05:04:12Z" msg="nearby L(37.63663, 126.98444)" tag="candidates">
            <item dist="69.653824" id="995339"/>
   </badge>
        <badge xmlns:xsi="http://www.w3.org/2001/XMLSchema-instance" gpsTime="2020-04-15T05:04:14Z" msg="nearby L(37.63665, 126.98445)" tag="candidates">
            <item dist="70.91251" id="995339"/>
   </badge>
        <badge xmlns:xsi="http://www.w3.org/2001/XMLSchema-instance" gpsTime="2020-04-15T05:04:17Z" msg="nearby L(37.63657, 126.98431)" tag="candidates">
            <item dist="65.063896" id="995339"/>
   </badge>
        <badge xmlns:xsi="http://www.w3.org/2001/XMLSchema-instance" gpsTime="2020-04-15T05:04:17Z" msg="nearby L(37.63676, 126.98460)" tag="candidates">
            <item dist="83.11855" id="995339"/>
   </badge>
        <badge xmlns:xsi="http://www.w3.org/2001/XMLSchema-instance" gpsTime="2020-04-15T05:07:56Z" msg="nearby L(37.63957, 126.98556)" tag="candidates">
            <item dist="94.933914" id="995338"/>
   </badge>
        <badge xmlns:xsi="http://www.w3.org/2001/XMLSchema-instance" gpsTime="2020-04-15T05:07:57Z" msg="nearby L(37.63959, 126.98557)" tag="candidates">
            <item dist="93.05174" id="995338"/>
   </badge>
        <badge xmlns:xsi="http://www.w3.org/2001/XMLSchema-instance" gpsTime="2020-04-15T05:08:00Z" msg="nearby L(37.63964, 126.98558)" tag="candidates">
            <item dist="88.57206" id="995338"/>
   </badge>
        <badge xmlns:xsi="http://www.w3.org/2001/XMLSchema-instance" gpsTime="2020-04-15T05:08:20Z" msg="nearby L(37.63993, 126.98564)" tag="candidates">
            <item dist="69.566124" id="995338"/>
   </badge>
        <badge xmlns:xsi="http://www.w3.org/2001/XMLSchema-instance" gpsTime="2020-04-15T05:08:38Z" msg="nearby L(37.64019, 126.98579)" tag="candidates">
            <item dist="52.957893" id="995338"/>
   </badge>
        <badge xmlns:xsi="http://www.w3.org/2001/XMLSchema-instance" gpsTime="2020-04-15T05:08:39Z" msg="nearby L(37.63992, 126.98569)" tag="candidates">
            <item dist="65.40309" id="995338"/>
   </badge>
        <badge xmlns:xsi="http://www.w3.org/2001/XMLSchema-instance" gpsTime="2020-04-15T05:08:39Z" msg="nearby L(37.64019, 126.98579)" tag="candidates">
            <item dist="52.406555" id="995338"/>
   </badge>
        <badge xmlns:xsi="http://www.w3.org/2001/XMLSchema-instance" gpsTime="2020-04-15T05:08:42Z" msg="nearby L(37.63993, 126.98570)" tag="candidates">
            <item dist="63.55908" id="995338"/>
   </badge>
        <badge xmlns:xsi="http://www.w3.org/2001/XMLSchema-instance" gpsTime="2020-04-15T05:08:42Z" msg="nearby L(37.64022, 126.98582)" tag="candidates">
            <item dist="50.3735" id="995338"/>
   </badge>
        <badge xmlns:xsi="http://www.w3.org/2001/XMLSchema-instance" gpsTime="2020-04-15T05:08:44Z" msg="nearby L(37.63994, 126.98571)" tag="candidates">
            <item dist="62.64475" id="995338"/>
   </badge>
        <badge xmlns:xsi="http://www.w3.org/2001/XMLSchema-instance" gpsTime="2020-04-15T05:08:44Z" msg="nearby L(37.64024, 126.98583)" tag="candidates">
            <item dist="50.2278" id="995338"/>
   </badge>
        <badge xmlns:xsi="http://www.w3.org/2001/XMLSchema-instance" gpsTime="2020-04-15T05:08:47Z" msg="nearby L(37.63996, 126.98571)" tag="candidates">
            <item dist="61.346962" id="995338"/>
   </badge>
        <badge xmlns:xsi="http://www.w3.org/2001/XMLSchema-instance" gpsTime="2020-04-15T05:08:47Z" msg="nearby L(37.64028, 126.98585)" tag="candidates">
            <item dist="50.23072" id="995338"/>
   </badge>
        <badge xmlns:xsi="http://www.w3.org/2001/XMLSchema-instance" gpsTime="2020-04-15T05:08:49Z" msg="nearby L(37.63998, 126.98572)" tag="candidates">
            <item dist="60.86585" id="995338"/>
   </badge>
        <badge xmlns:xsi="http://www.w3.org/2001/XMLSchema-instance" gpsTime="2020-04-15T05:08:49Z" msg="nearby L(37.64031, 126.98586)" tag="candidates">
            <item dist="50.269737" id="995338"/>
   </badge>
        <badge xmlns:xsi="http://www.w3.org/2001/XMLSchema-instance" gpsTime="2020-04-15T05:08:51Z" msg="nearby L(37.63999, 126.98572)" tag="candidates">
            <item dist="60.428387" id="995338"/>
   </badge>
        <badge xmlns:xsi="http://www.w3.org/2001/XMLSchema-instance" gpsTime="2020-04-15T05:08:51Z" msg="nearby L(37.64034, 126.98586)" tag="candidates">
            <item dist="51.563576" id="995338"/>
   </badge>
        <badge xmlns:xsi="http://www.w3.org/2001/XMLSchema-instance" gpsTime="2020-04-15T05:08:52Z" msg="nearby L(37.64000, 126.98572)" tag="candidates">
            <item dist="59.672253" id="995338"/>
   </badge>
        <badge xmlns:xsi="http://www.w3.org/2001/XMLSchema-instance" gpsTime="2020-04-15T05:08:52Z" msg="nearby L(37.64035, 126.98587)" tag="candidates">
            <item dist="52.159824" id="995338"/>
   </badge>
        <badge xmlns:xsi="http://www.w3.org/2001/XMLSchema-instance" gpsTime="2020-04-15T05:08:54Z" msg="nearby L(37.64001, 126.98572)" tag="candidates">
            <item dist="59.378628" id="995338"/>
   </badge>
        <badge xmlns:xsi="http://www.w3.org/2001/XMLSchema-instance" gpsTime="2020-04-15T05:08:54Z" msg="nearby L(37.64037, 126.98587)" tag="candidates">
            <item dist="52.84699" id="995338"/>
   </badge>
        <badge xmlns:xsi="http://www.w3.org/2001/XMLSchema-instance" gpsTime="2020-04-15T05:08:56Z" msg="nearby L(37.64002, 126.98573)" tag="candidates">
            <item dist="58.36691" id="995338"/>
   </badge>
        <badge xmlns:xsi="http://www.w3.org/2001/XMLSchema-instance" gpsTime="2020-04-15T05:08:56Z" msg="nearby L(37.64040, 126.98588)" tag="candidates">
            <item dist="53.892567" id="995338"/>
   </badge>
        <badge xmlns:xsi="http://www.w3.org/2001/XMLSchema-instance" gpsTime="2020-04-15T05:08:58Z" msg="nearby L(37.64003, 126.98573)" tag="candidates">
            <item dist="58.131477" id="995338"/>
   </badge>
        <badge xmlns:xsi="http://www.w3.org/2001/XMLSchema-instance" gpsTime="2020-04-15T05:08:58Z" msg="nearby L(37.64042, 126.98588)" tag="candidates">
            <item dist="54.83014" id="995338"/>
   </badge>
        <badge xmlns:xsi="http://www.w3.org/2001/XMLSchema-instance" gpsTime="2020-04-15T05:09:01Z" msg="nearby L(37.64005, 126.98574)" tag="candidates">
            <item dist="57.922947" id="995338"/>
   </badge>
        <badge xmlns:xsi="http://www.w3.org/2001/XMLSchema-instance" gpsTime="2020-04-15T05:09:01Z" msg="nearby L(37.64045, 126.98589)" tag="candidates">
            <item dist="56.146133" id="995338"/>
   </badge>
        <badge xmlns:xsi="http://www.w3.org/2001/XMLSchema-instance" gpsTime="2020-04-15T05:09:03Z" msg="nearby L(37.64004, 126.98574)" tag="candidates">
            <item dist="57.257652" id="995338"/>
   </badge>
        <badge xmlns:xsi="http://www.w3.org/2001/XMLSchema-instance" gpsTime="2020-04-15T05:09:03Z" msg="nearby L(37.64045, 126.98590)" tag="candidates">
            <item dist="55.358" id="995338"/>
   </badge>
        <badge xmlns:xsi="http://www.w3.org/2001/XMLSchema-instance" gpsTime="2020-04-15T05:09:05Z" msg="nearby L(37.64005, 126.98574)" tag="candidates">
            <item dist="57.257652" id="995338"/>
   </badge>
        <badge xmlns:xsi="http://www.w3.org/2001/XMLSchema-instance" gpsTime="2020-04-15T05:09:05Z" msg="nearby L(37.64045, 126.98590)" tag="candidates">
            <item dist="55.63096" id="995338"/>
   </badge>
        <badge xmlns:xsi="http://www.w3.org/2001/XMLSchema-instance" gpsTime="2020-04-15T05:09:08Z" msg="nearby L(37.64005, 126.98574)" tag="candidates">
            <item dist="57.19343" id="995338"/>
   </badge>
        <badge xmlns:xsi="http://www.w3.org/2001/XMLSchema-instance" gpsTime="2020-04-15T05:09:08Z" msg="nearby L(37.64046, 126.98591)" tag="candidates">
            <item dist="55.675766" id="995338"/>
   </badge>
        <badge xmlns:xsi="http://www.w3.org/2001/XMLSchema-instance" gpsTime="2020-04-15T05:09:10Z" msg="nearby L(37.64006, 126.98574)" tag="candidates">
            <item dist="57.01921" id="995338"/>
   </badge>
        <badge xmlns:xsi="http://www.w3.org/2001/XMLSchema-instance" gpsTime="2020-04-15T05:09:10Z" msg="nearby L(37.64048, 126.98591)" tag="candidates">
            <item dist="57.09841" id="995338"/>
   </badge>
        <badge xmlns:xsi="http://www.w3.org/2001/XMLSchema-instance" gpsTime="2020-04-15T05:09:11Z" msg="nearby L(37.64006, 126.98574)" tag="candidates">
            <item dist="56.96731" id="995338"/>
   </badge>
        <badge xmlns:xsi="http://www.w3.org/2001/XMLSchema-instance" gpsTime="2020-04-15T05:09:11Z" msg="nearby L(37.64048, 126.98591)" tag="candidates">
            <item dist="57.679405" id="995338"/>
   </badge>
        <badge xmlns:xsi="http://www.w3.org/2001/XMLSchema-instance" gpsTime="2020-04-15T05:09:14Z" msg="nearby L(37.64006, 126.98575)" tag="candidates">
            <item dist="56.35129" id="995338"/>
   </badge>
        <badge xmlns:xsi="http://www.w3.org/2001/XMLSchema-instance" gpsTime="2020-04-15T05:09:14Z" msg="nearby L(37.64048, 126.98592)" tag="candidates">
            <item dist="56.60793" id="995338"/>
   </badge>
        <badge xmlns:xsi="http://www.w3.org/2001/XMLSchema-instance" gpsTime="2020-04-15T05:09:16Z" msg="nearby L(37.64006, 126.98575)" tag="candidates">
            <item dist="56.35129" id="995338"/>
   </badge>
        <badge xmlns:xsi="http://www.w3.org/2001/XMLSchema-instance" gpsTime="2020-04-15T05:09:16Z" msg="nearby L(37.64047, 126.98592)" tag="candidates">
            <item dist="56.60793" id="995338"/>
   </badge>
        <badge xmlns:xsi="http://www.w3.org/2001/XMLSchema-instance" gpsTime="2020-04-15T05:09:19Z" msg="nearby L(37.64006, 126.98575)" tag="candidates">
            <item dist="56.406933" id="995338"/>
   </badge>
        <badge xmlns:xsi="http://www.w3.org/2001/XMLSchema-instance" gpsTime="2020-04-15T05:09:19Z" msg="nearby L(37.64047, 126.98592)" tag="candidates">
            <item dist="56.31743" id="995338"/>
   </badge>
        <badge xmlns:xsi="http://www.w3.org/2001/XMLSchema-instance" gpsTime="2020-04-15T05:09:21Z" msg="nearby L(37.64006, 126.98575)" tag="candidates">
            <item dist="56.406933" id="995338"/>
   </badge>
        <badge xmlns:xsi="http://www.w3.org/2001/XMLSchema-instance" gpsTime="2020-04-15T05:09:21Z" msg="nearby L(37.64047, 126.98592)" tag="candidates">
            <item dist="56.31743" id="995338"/>
   </badge>
        <badge xmlns:xsi="http://www.w3.org/2001/XMLSchema-instance" gpsTime="2020-04-15T05:09:23Z" msg="nearby L(37.64006, 126.98575)" tag="candidates">
            <item dist="56.406933" id="995338"/>
   </badge>
        <badge xmlns:xsi="http://www.w3.org/2001/XMLSchema-instance" gpsTime="2020-04-15T05:09:23Z" msg="nearby L(37.64047, 126.98592)" tag="candidates">
            <item dist="56.028625" id="995338"/>
   </badge>
        <badge xmlns:xsi="http://www.w3.org/2001/XMLSchema-instance" gpsTime="2020-04-15T05:09:24Z" msg="nearby L(37.64005, 126.98575)" tag="candidates">
            <item dist="56.406933" id="995338"/>
   </badge>
        <badge xmlns:xsi="http://www.w3.org/2001/XMLSchema-instance" gpsTime="2020-04-15T05:09:24Z" msg="nearby L(37.64047, 126.98592)" tag="candidates">
            <item dist="55.74154" id="995338"/>
   </badge>
        <badge xmlns:xsi="http://www.w3.org/2001/XMLSchema-instance" gpsTime="2020-04-15T05:09:27Z" msg="nearby L(37.64005, 126.98575)" tag="candidates">
            <item dist="56.4657" id="995338"/>
   </badge>
        <badge xmlns:xsi="http://www.w3.org/2001/XMLSchema-instance" gpsTime="2020-04-15T05:09:27Z" msg="nearby L(37.64046, 126.98592)" tag="candidates">
            <item dist="55.74154" id="995338"/>
   </badge>
        <badge xmlns:xsi="http://www.w3.org/2001/XMLSchema-instance" gpsTime="2020-04-15T05:09:29Z" msg="nearby L(37.64005, 126.98575)" tag="candidates">
            <item dist="56.4657" id="995338"/>
   </badge>
        <badge xmlns:xsi="http://www.w3.org/2001/XMLSchema-instance" gpsTime="2020-04-15T05:09:29Z" msg="nearby L(37.64046, 126.98592)" tag="candidates">
            <item dist="55.4562" id="995338"/>
   </badge>
        <badge xmlns:xsi="http://www.w3.org/2001/XMLSchema-instance" gpsTime="2020-04-15T05:09:30Z" msg="nearby L(37.64005, 126.98575)" tag="candidates">
            <item dist="56.4657" id="995338"/>
   </badge>
        <badge xmlns:xsi="http://www.w3.org/2001/XMLSchema-instance" gpsTime="2020-04-15T05:09:30Z" msg="nearby L(37.64046, 126.98592)" tag="candidates">
            <item dist="55.4562" id="995338"/>
   </badge>
        <badge xmlns:xsi="http://www.w3.org/2001/XMLSchema-instance" gpsTime="2020-04-15T05:09:32Z" msg="nearby L(37.64005, 126.98575)" tag="candidates">
            <item dist="56.4657" id="995338"/>
   </badge>
        <badge xmlns:xsi="http://www.w3.org/2001/XMLSchema-instance" gpsTime="2020-04-15T05:09:32Z" msg="nearby L(37.64046, 126.98592)" tag="candidates">
            <item dist="55.4562" id="995338"/>
   </badge>
        <badge xmlns:xsi="http://www.w3.org/2001/XMLSchema-instance" gpsTime="2020-04-15T05:09:35Z" msg="nearby L(37.64005, 126.98575)" tag="candidates">
            <item dist="56.4657" id="995338"/>
   </badge>
        <badge xmlns:xsi="http://www.w3.org/2001/XMLSchema-instance" gpsTime="2020-04-15T05:09:36Z" msg="nearby L(37.64046, 126.98592)" tag="candidates">
            <item dist="55.74154" id="995338"/>
   </badge>
        <badge xmlns:xsi="http://www.w3.org/2001/XMLSchema-instance" gpsTime="2020-04-15T05:09:38Z" msg="nearby L(37.64006, 126.98575)" tag="candidates">
            <item dist="56.406933" id="995338"/>
   </badge>
        <badge xmlns:xsi="http://www.w3.org/2001/XMLSchema-instance" gpsTime="2020-04-15T05:09:38Z" msg="nearby L(37.64047, 126.98592)" tag="candidates">
            <item dist="56.028625" id="995338"/>
   </badge>
        <badge xmlns:xsi="http://www.w3.org/2001/XMLSchema-instance" gpsTime="2020-04-15T05:09:39Z" msg="nearby L(37.64006, 126.98575)" tag="candidates">
            <item dist="56.406933" id="995338"/>
   </badge>
        <badge xmlns:xsi="http://www.w3.org/2001/XMLSchema-instance" gpsTime="2020-04-15T05:09:39Z" msg="nearby L(37.64047, 126.98592)" tag="candidates">
            <item dist="55.828205" id="995338"/>
   </badge>
        <badge xmlns:xsi="http://www.w3.org/2001/XMLSchema-instance" gpsTime="2020-04-15T05:09:42Z" msg="nearby L(37.64006, 126.98575)" tag="candidates">
            <item dist="56.35129" id="995338"/>
   </badge>
        <badge xmlns:xsi="http://www.w3.org/2001/XMLSchema-instance" gpsTime="2020-04-15T05:09:42Z" msg="nearby L(37.64048, 126.98592)" tag="candidates">
            <item dist="56.121235" id="995338"/>
   </badge>
        <badge xmlns:xsi="http://www.w3.org/2001/XMLSchema-instance" gpsTime="2020-04-15T05:09:44Z" msg="nearby L(37.64006, 126.98575)" tag="candidates">
            <item dist="56.406933" id="995338"/>
   </badge>
        <badge xmlns:xsi="http://www.w3.org/2001/XMLSchema-instance" gpsTime="2020-04-15T05:09:44Z" msg="nearby L(37.64047, 126.98592)" tag="candidates">
            <item dist="55.828205" id="995338"/>
   </badge>
        <badge xmlns:xsi="http://www.w3.org/2001/XMLSchema-instance" gpsTime="2020-04-15T05:09:46Z" msg="nearby L(37.64006, 126.98575)" tag="candidates">
            <item dist="56.406933" id="995338"/>
   </badge>
        <badge xmlns:xsi="http://www.w3.org/2001/XMLSchema-instance" gpsTime="2020-04-15T05:09:46Z" msg="nearby L(37.64047, 126.98592)" tag="candidates">
            <item dist="55.828205" id="995338"/>
   </badge>
        <badge xmlns:xsi="http://www.w3.org/2001/XMLSchema-instance" gpsTime="2020-04-15T05:09:48Z" msg="nearby L(37.64006, 126.98575)" tag="candidates">
            <item dist="56.406933" id="995338"/>
   </badge>
        <badge xmlns:xsi="http://www.w3.org/2001/XMLSchema-instance" gpsTime="2020-04-15T05:09:48Z" msg="nearby L(37.64047, 126.98592)" tag="candidates">
            <item dist="55.828205" id="995338"/>
   </badge>
        <badge xmlns:xsi="http://www.w3.org/2001/XMLSchema-instance" gpsTime="2020-04-15T05:09:50Z" msg="nearby L(37.64006, 126.98575)" tag="candidates">
            <item dist="56.406933" id="995338"/>
   </badge>
        <badge xmlns:xsi="http://www.w3.org/2001/XMLSchema-instance" gpsTime="2020-04-15T05:09:50Z" msg="nearby L(37.64047, 126.98592)" tag="candidates">
            <item dist="56.31743" id="995338"/>
   </badge>
        <badge xmlns:xsi="http://www.w3.org/2001/XMLSchema-instance" gpsTime="2020-04-15T05:09:52Z" msg="nearby L(37.64006, 126.98575)" tag="candidates">
            <item dist="56.406933" id="995338"/>
   </badge>
        <badge xmlns:xsi="http://www.w3.org/2001/XMLSchema-instance" gpsTime="2020-04-15T05:09:53Z" msg="nearby L(37.64047, 126.98591)" tag="candidates">
            <item dist="56.524136" id="995338"/>
   </badge>
        <badge xmlns:xsi="http://www.w3.org/2001/XMLSchema-instance" gpsTime="2020-04-15T05:09:55Z" msg="nearby L(37.64006, 126.98574)" tag="candidates">
            <item dist="56.35129" id="995338"/>
   </badge>
        <badge xmlns:xsi="http://www.w3.org/2001/XMLSchema-instance" gpsTime="2020-04-15T05:09:55Z" msg="nearby L(37.64048, 126.98591)" tag="candidates">
            <item dist="57.38808" id="995338"/>
   </badge>
        <badge xmlns:xsi="http://www.w3.org/2001/XMLSchema-instance" gpsTime="2020-04-15T05:09:57Z" msg="nearby L(37.64007, 126.98574)" tag="candidates">
            <item dist="56.872826" id="995338"/>
   </badge>
        <badge xmlns:xsi="http://www.w3.org/2001/XMLSchema-instance" gpsTime="2020-04-15T05:09:57Z" msg="nearby L(37.64050, 126.98590)" tag="candidates">
            <item dist="59.340237" id="995338"/>
   </badge>
        <badge xmlns:xsi="http://www.w3.org/2001/XMLSchema-instance" gpsTime="2020-04-15T05:09:59Z" msg="nearby L(37.63994, 126.98568)" tag="candidates">
            <item dist="65.46731" id="995338"/>
   </badge>
        <badge xmlns:xsi="http://www.w3.org/2001/XMLSchema-instance" gpsTime="2020-04-15T05:09:59Z" msg="nearby L(37.64023, 126.98579)" tag="candidates">
            <item dist="53.752464" id="995338"/>
   </badge>
        <badge xmlns:xsi="http://www.w3.org/2001/XMLSchema-instance" gpsTime="2020-04-15T05:09:59Z" msg="nearby L(37.64052, 126.98589)" tag="candidates">
            <item dist="61.6126" id="995338"/>
   </badge>
        <badge xmlns:xsi="http://www.w3.org/2001/XMLSchema-instance" gpsTime="2020-04-15T05:10:24Z" msg="nearby L(37.64076, 126.98572)" tag="candidates">
            <item dist="94.82781" id="120114"/>
            <item dist="92.14889" id="995338"/>
   </badge>
        <badge xmlns:xsi="http://www.w3.org/2001/XMLSchema-instance" gpsTime="2020-04-15T05:10:47Z" msg="nearby L(37.64084, 126.98537)" tag="candidates">
            <item dist="75.97524" id="120114"/>
   </badge>
        <badge xmlns:xsi="http://www.w3.org/2001/XMLSchema-instance" gpsTime="2020-04-15T05:11:06Z" msg="nearby L(37.64080, 126.98503)" tag="candidates">
            <item dist="80.674835" id="120114"/>
   </badge>
        <badge xmlns:xsi="http://www.w3.org/2001/XMLSchema-instance" gpsTime="2020-04-15T05:11:08Z" msg="nearby L(37.64066, 126.98545)" tag="candidates">
            <item dist="97.5234" id="120114"/>
   </badge>
        <badge xmlns:xsi="http://www.w3.org/2001/XMLSchema-instance" gpsTime="2020-04-15T05:11:08Z" msg="nearby L(37.64080, 126.98500)" tag="candidates">
            <item dist="82.06045" id="120114"/>
   </badge>
        <badge xmlns:xsi="http://www.w3.org/2001/XMLSchema-instance" gpsTime="2020-04-15T05:11:10Z" msg="nearby L(37.64066, 126.98543)" tag="candidates">
            <item dist="97.24404" id="120114"/>
   </badge>
        <badge xmlns:xsi="http://www.w3.org/2001/XMLSchema-instance" gpsTime="2020-04-15T05:11:10Z" msg="nearby L(37.64080, 126.98496)" tag="candidates">
            <item dist="82.87143" id="120114"/>
   </badge>
        <badge xmlns:xsi="http://www.w3.org/2001/XMLSchema-instance" gpsTime="2020-04-15T05:11:12Z" msg="nearby L(37.64066, 126.98541)" tag="candidates">
            <item dist="96.98258" id="120114"/>
   </badge>
        <badge xmlns:xsi="http://www.w3.org/2001/XMLSchema-instance" gpsTime="2020-04-15T05:11:12Z" msg="nearby L(37.64080, 126.98493)" tag="candidates">
            <item dist="83.61221" id="120114"/>
   </badge>
        <badge xmlns:xsi="http://www.w3.org/2001/XMLSchema-instance" gpsTime="2020-04-15T05:11:13Z" msg="nearby L(37.64066, 126.98540)" tag="candidates">
            <item dist="96.858604" id="120114"/>
   </badge>
        <badge xmlns:xsi="http://www.w3.org/2001/XMLSchema-instance" gpsTime="2020-04-15T05:11:13Z" msg="nearby L(37.64080, 126.98492)" tag="candidates">
            <item dist="84.01254" id="120114"/>
   </badge>
        <badge xmlns:xsi="http://www.w3.org/2001/XMLSchema-instance" gpsTime="2020-04-15T05:11:17Z" msg="nearby L(37.64066, 126.98537)" tag="candidates">
            <item dist="96.30699" id="120114"/>
   </badge>
        <badge xmlns:xsi="http://www.w3.org/2001/XMLSchema-instance" gpsTime="2020-04-15T05:11:17Z" msg="nearby L(37.64080, 126.98485)" tag="candidates">
            <item dist="86.05213" id="120114"/>
   </badge>
        <badge xmlns:xsi="http://www.w3.org/2001/XMLSchema-instance" gpsTime="2020-04-15T05:11:19Z" msg="nearby L(37.64066, 126.98536)" tag="candidates">
            <item dist="96.210434" id="120114"/>
   </badge>
        <badge xmlns:xsi="http://www.w3.org/2001/XMLSchema-instance" gpsTime="2020-04-15T05:11:19Z" msg="nearby L(37.64080, 126.98482)" tag="candidates">
            <item dist="86.4253" id="120114"/>
   </badge>
        <badge xmlns:xsi="http://www.w3.org/2001/XMLSchema-instance" gpsTime="2020-04-15T05:11:21Z" msg="nearby L(37.64062, 126.98553)" tag="candidates">
            <item dist="93.117294" id="995338"/>
   </badge>
        <badge xmlns:xsi="http://www.w3.org/2001/XMLSchema-instance" gpsTime="2020-04-15T05:11:21Z" msg="nearby L(37.64071, 126.98516)" tag="candidates">
            <item dist="89.850006" id="120114"/>
   </badge>
        <badge xmlns:xsi="http://www.w3.org/2001/XMLSchema-instance" gpsTime="2020-04-15T05:11:21Z" msg="nearby L(37.64080, 126.98480)" tag="candidates">
            <item dist="87.232086" id="120114"/>
   </badge>
        <badge xmlns:xsi="http://www.w3.org/2001/XMLSchema-instance" gpsTime="2020-04-15T05:11:43Z" msg="nearby L(37.64097, 126.98452)" tag="candidates">
            <item dist="85.79305" id="120114"/>
   </badge>
        <badge xmlns:xsi="http://www.w3.org/2001/XMLSchema-instance" gpsTime="2020-04-15T05:12:13Z" msg="nearby L(37.64117, 126.98428)" tag="candidates">
            <item dist="90.30876" id="120114"/>
   </badge>
        <badge xmlns:xsi="http://www.w3.org/2001/XMLSchema-instance" gpsTime="2020-04-15T05:12:49Z" msg="nearby L(37.64144, 126.98422)" tag="candidates">
            <item dist="87.31701" id="120114"/>
   </badge>
        <badge xmlns:xsi="http://www.w3.org/2001/XMLSchema-instance" gpsTime="2020-04-15T05:12:50Z" msg="nearby L(37.64112, 126.98451)" tag="candidates">
            <item dist="75.209625" id="120114"/>
   </badge>
        <badge xmlns:xsi="http://www.w3.org/2001/XMLSchema-instance" gpsTime="2020-04-15T05:12:50Z" msg="nearby L(37.64145, 126.98422)" tag="candidates">
            <item dist="87.23484" id="120114"/>
   </badge>
        <badge xmlns:xsi="http://www.w3.org/2001/XMLSchema-instance" gpsTime="2020-04-15T05:12:52Z" msg="nearby L(37.64113, 126.98451)" tag="candidates">
            <item dist="74.480316" id="120114"/>
   </badge>
        <badge xmlns:xsi="http://www.w3.org/2001/XMLSchema-instance" gpsTime="2020-04-15T05:12:52Z" msg="nearby L(37.64147, 126.98422)" tag="candidates">
            <item dist="87.03733" id="120114"/>
   </badge>
        <badge xmlns:xsi="http://www.w3.org/2001/XMLSchema-instance" gpsTime="2020-04-15T05:12:54Z" msg="nearby L(37.64114, 126.98451)" tag="candidates">
            <item dist="74.00223" id="120114"/>
   </badge>
        <badge xmlns:xsi="http://www.w3.org/2001/XMLSchema-instance" gpsTime="2020-04-15T05:12:54Z" msg="nearby L(37.64148, 126.98422)" tag="candidates">
            <item dist="86.946655" id="120114"/>
   </badge>
        <badge xmlns:xsi="http://www.w3.org/2001/XMLSchema-instance" gpsTime="2020-04-15T05:12:57Z" msg="nearby L(37.64115, 126.98451)" tag="candidates">
            <item dist="73.53078" id="120114"/>
   </badge>
        <badge xmlns:xsi="http://www.w3.org/2001/XMLSchema-instance" gpsTime="2020-04-15T05:12:57Z" msg="nearby L(37.64150, 126.98422)" tag="candidates">
            <item dist="86.879616" id="120114"/>
   </badge>
        <badge xmlns:xsi="http://www.w3.org/2001/XMLSchema-instance" gpsTime="2020-04-15T05:12:59Z" msg="nearby L(37.64116, 126.98451)" tag="candidates">
            <item dist="73.861435" id="120114"/>
   </badge>
        <badge xmlns:xsi="http://www.w3.org/2001/XMLSchema-instance" gpsTime="2020-04-15T05:12:59Z" msg="nearby L(37.64151, 126.98421)" tag="candidates">
            <item dist="87.54055" id="120114"/>
   </badge>
        <badge xmlns:xsi="http://www.w3.org/2001/XMLSchema-instance" gpsTime="2020-04-15T05:13:01Z" msg="nearby L(37.64116, 126.98450)" tag="candidates">
            <item dist="73.63172" id="120114"/>
   </badge>
        <badge xmlns:xsi="http://www.w3.org/2001/XMLSchema-instance" gpsTime="2020-04-15T05:13:01Z" msg="nearby L(37.64151, 126.98421)" tag="candidates">
            <item dist="88.21083" id="120114"/>
   </badge>
        <badge xmlns:xsi="http://www.w3.org/2001/XMLSchema-instance" gpsTime="2020-04-15T05:13:03Z" msg="nearby L(37.64116, 126.98450)" tag="candidates">
            <item dist="73.40374" id="120114"/>
   </badge>
        <badge xmlns:xsi="http://www.w3.org/2001/XMLSchema-instance" gpsTime="2020-04-15T05:13:03Z" msg="nearby L(37.64153, 126.98421)" tag="candidates">
            <item dist="88.21387" id="120114"/>
   </badge>
        <badge xmlns:xsi="http://www.w3.org/2001/XMLSchema-instance" gpsTime="2020-04-15T05:13:06Z" msg="nearby L(37.64118, 126.98451)" tag="candidates">
            <item dist="72.50935" id="120114"/>
   </badge>
        <badge xmlns:xsi="http://www.w3.org/2001/XMLSchema-instance" gpsTime="2020-04-15T05:13:06Z" msg="nearby L(37.64155, 126.98421)" tag="candidates">
            <item dist="87.61933" id="120114"/>
   </badge>
        <badge xmlns:xsi="http://www.w3.org/2001/XMLSchema-instance" gpsTime="2020-04-15T05:13:08Z" msg="nearby L(37.64119, 126.98451)" tag="candidates">
            <item dist="72.07292" id="120114"/>
   </badge>
        <badge xmlns:xsi="http://www.w3.org/2001/XMLSchema-instance" gpsTime="2020-04-15T05:13:08Z" msg="nearby L(37.64157, 126.98421)" tag="candidates">
            <item dist="88.408714" id="120114"/>
   </badge>
        <badge xmlns:xsi="http://www.w3.org/2001/XMLSchema-instance" gpsTime="2020-04-15T05:13:10Z" msg="nearby L(37.64107, 126.98460)" tag="candidates">
            <item dist="72.97793" id="120114"/>
   </badge>
        <badge xmlns:xsi="http://www.w3.org/2001/XMLSchema-instance" gpsTime="2020-04-15T05:13:10Z" msg="nearby L(37.64133, 126.98441)" tag="candidates">
            <item dist="73.68354" id="120114"/>
   </badge>
        <badge xmlns:xsi="http://www.w3.org/2001/XMLSchema-instance" gpsTime="2020-04-15T05:13:10Z" msg="nearby L(37.64159, 126.98421)" tag="candidates">
            <item dist="88.61527" id="120114"/>
   </badge>
        <badge xmlns:xsi="http://www.w3.org/2001/XMLSchema-instance" gpsTime="2020-04-15T05:25:39Z" msg="nearby L(37.64772, 126.98315)" tag="candidates">
            <item dist="87.80763" id="995337"/>
   </badge>
        <badge xmlns:xsi="http://www.w3.org/2001/XMLSchema-instance" gpsTime="2020-04-15T05:25:41Z" msg="nearby L(37.64775, 126.98314)" tag="candidates">
            <item dist="84.94578" id="995337"/>
   </badge>
        <badge xmlns:xsi="http://www.w3.org/2001/XMLSchema-instance" gpsTime="2020-04-15T05:25:44Z" msg="nearby L(37.64777, 126.98314)" tag="candidates">
            <item dist="82.36138" id="995337"/>
   </badge>
        <badge xmlns:xsi="http://www.w3.org/2001/XMLSchema-instance" gpsTime="2020-04-15T05:25:46Z" msg="nearby L(37.64779, 126.98314)" tag="candidates">
            <item dist="80.303955" id="995337"/>
   </badge>
        <badge xmlns:xsi="http://www.w3.org/2001/XMLSchema-instance" gpsTime="2020-04-15T05:25:47Z" msg="nearby L(37.64780, 126.98314)" tag="candidates">
            <item dist="79.03832" id="995337"/>
   </badge>
        <badge xmlns:xsi="http://www.w3.org/2001/XMLSchema-instance" gpsTime="2020-04-15T05:25:50Z" msg="nearby L(37.64764, 126.98342)" tag="candidates">
            <item dist="99.06261" id="995337"/>
   </badge>
        <badge xmlns:xsi="http://www.w3.org/2001/XMLSchema-instance" gpsTime="2020-04-15T05:25:50Z" msg="nearby L(37.64782, 126.98313)" tag="candidates">
            <item dist="77.0588" id="995337"/>
   </badge>
        <badge xmlns:xsi="http://www.w3.org/2001/XMLSchema-instance" gpsTime="2020-04-15T05:26:15Z" msg="nearby L(37.64805, 126.98294)" tag="candidates">
            <item dist="56.9664" id="995337"/>
   </badge>
        <badge xmlns:xsi="http://www.w3.org/2001/XMLSchema-instance" gpsTime="2020-04-15T05:26:41Z" msg="nearby L(37.64835, 126.98295)" tag="candidates">
            <item dist="29.52188" id="995337"/>
   </badge>
        <badge xmlns:xsi="http://www.w3.org/2001/XMLSchema-instance" gpsTime="2020-04-15T05:27:05Z" msg="nearby L(37.64862, 126.98284)" tag="candidates">
            <item dist="35.05671" id="995337"/>
   </badge>
        <badge xmlns:xsi="http://www.w3.org/2001/XMLSchema-instance" gpsTime="2020-04-15T05:27:07Z" msg="nearby L(37.64823, 126.98298)" tag="candidates">
            <item dist="37.646805" id="995337"/>
   </badge>
        <badge xmlns:xsi="http://www.w3.org/2001/XMLSchema-instance" gpsTime="2020-04-15T05:27:07Z" msg="nearby L(37.64864, 126.98283)" tag="candidates">
            <item dist="36.448956" id="995337"/>
   </badge>
        <badge xmlns:xsi="http://www.w3.org/2001/XMLSchema-instance" gpsTime="2020-04-15T05:27:09Z" msg="nearby L(37.64824, 126.98297)" tag="candidates">
            <item dist="37.329575" id="995337"/>
   </badge>
        <badge xmlns:xsi="http://www.w3.org/2001/XMLSchema-instance" gpsTime="2020-04-15T05:27:09Z" msg="nearby L(37.64866, 126.98282)" tag="candidates">
            <item dist="38.53105" id="995337"/>
   </badge>
        <badge xmlns:xsi="http://www.w3.org/2001/XMLSchema-instance" gpsTime="2020-04-15T05:27:12Z" msg="nearby L(37.64811, 126.98302)" tag="candidates">
            <item dist="47.536148" id="995337"/>
   </badge>
        <badge xmlns:xsi="http://www.w3.org/2001/XMLSchema-instance" gpsTime="2020-04-15T05:27:12Z" msg="nearby L(37.64840, 126.98292)" tag="candidates">
            <item dist="29.169224" id="995337"/>
   </badge>
        <badge xmlns:xsi="http://www.w3.org/2001/XMLSchema-instance" gpsTime="2020-04-15T05:27:12Z" msg="nearby L(37.64869, 126.98281)" tag="candidates">
            <item dist="40.65346" id="995337"/>
   </badge>
        <badge xmlns:xsi="http://www.w3.org/2001/XMLSchema-instance" gpsTime="2020-04-15T05:27:39Z" msg="nearby L(37.64900, 126.98278)" tag="candidates">
            <item dist="66.45511" id="995337"/>
   </badge>
        <badge xmlns:xsi="http://www.w3.org/2001/XMLSchema-instance" gpsTime="2020-04-15T05:28:17Z" msg="nearby L(37.64928, 126.98272)" tag="candidates">
            <item dist="95.695435" id="995337"/>
   </badge>
        <badge xmlns:xsi="http://www.w3.org/2001/XMLSchema-instance" gpsTime="2020-04-15T05:28:18Z" msg="nearby L(37.64899, 126.98276)" tag="candidates">
            <item dist="66.173805" id="995337"/>
   </badge>
        <badge xmlns:xsi="http://www.w3.org/2001/XMLSchema-instance" gpsTime="2020-04-15T05:28:18Z" msg="nearby L(37.64929, 126.98271)" tag="candidates">
            <item dist="97.13291" id="995337"/>
   </badge>
        <badge xmlns:xsi="http://www.w3.org/2001/XMLSchema-instance" gpsTime="2020-04-15T05:28:20Z" msg="nearby L(37.64900, 126.98276)" tag="candidates">
            <item dist="66.852974" id="995337"/>
   </badge>
        <badge xmlns:xsi="http://www.w3.org/2001/XMLSchema-instance" gpsTime="2020-04-15T05:28:20Z" msg="nearby L(37.64930, 126.98272)" tag="candidates">
            <item dist="97.96146" id="995337"/>
   </badge>
        <badge xmlns:xsi="http://www.w3.org/2001/XMLSchema-instance" gpsTime="2020-04-15T05:28:23Z" msg="nearby L(37.64901, 126.98276)" tag="candidates">
            <item dist="68.61678" id="995337"/>
   </badge>
        <badge xmlns:xsi="http://www.w3.org/2001/XMLSchema-instance" gpsTime="2020-04-15T05:28:25Z" msg="nearby L(37.64902, 126.98276)" tag="candidates">
            <item dist="68.91275" id="995337"/>
   </badge>
        <badge xmlns:xsi="http://www.w3.org/2001/XMLSchema-instance" gpsTime="2020-04-15T05:28:27Z" msg="nearby L(37.64903, 126.98275)" tag="candidates">
            <item dist="70.38358" id="995337"/>
   </badge>
        <badge xmlns:xsi="http://www.w3.org/2001/XMLSchema-instance" gpsTime="2020-04-15T05:28:29Z" msg="nearby L(37.64905, 126.98275)" tag="candidates">
            <item dist="72.15315" id="995337"/>
   </badge>
        <badge xmlns:xsi="http://www.w3.org/2001/XMLSchema-instance" gpsTime="2020-04-15T05:28:31Z" msg="nearby L(37.64906, 126.98274)" tag="candidates">
            <item dist="73.89" id="995337"/>
   </badge>
        <badge xmlns:xsi="http://www.w3.org/2001/XMLSchema-instance" gpsTime="2020-04-15T05:28:33Z" msg="nearby L(37.64908, 126.98273)" tag="candidates">
            <item dist="75.668846" id="995337"/>
   </badge>
        <badge xmlns:xsi="http://www.w3.org/2001/XMLSchema-instance" gpsTime="2020-04-15T05:28:36Z" msg="nearby L(37.64909, 126.98273)" tag="candidates">
            <item dist="77.449715" id="995337"/>
   </badge>
        <badge xmlns:xsi="http://www.w3.org/2001/XMLSchema-instance" gpsTime="2020-04-15T05:28:38Z" msg="nearby L(37.64910, 126.98273)" tag="candidates">
            <item dist="78.15476" id="995337"/>
   </badge>
        <badge xmlns:xsi="http://www.w3.org/2001/XMLSchema-instance" gpsTime="2020-04-15T05:28:40Z" msg="nearby L(37.64911, 126.98273)" tag="candidates">
            <item dist="79.21753" id="995337"/>
   </badge>
        <badge xmlns:xsi="http://www.w3.org/2001/XMLSchema-instance" gpsTime="2020-04-15T05:28:41Z" msg="nearby L(37.64912, 126.98272)" tag="candidates">
            <item dist="79.573135" id="995337"/>
   </badge>
        <badge xmlns:xsi="http://www.w3.org/2001/XMLSchema-instance" gpsTime="2020-04-15T05:28:44Z" msg="nearby L(37.64913, 126.98272)" tag="candidates">
            <item dist="81.00565" id="995337"/>
   </badge>
        <badge xmlns:xsi="http://www.w3.org/2001/XMLSchema-instance" gpsTime="2020-04-15T05:28:45Z" msg="nearby L(37.64913, 126.98272)" tag="candidates">
            <item dist="81.36226" id="995337"/>
   </badge>
        <badge xmlns:xsi="http://www.w3.org/2001/XMLSchema-instance" gpsTime="2020-04-15T05:28:48Z" msg="nearby L(37.64899, 126.98274)" tag="candidates">
            <item dist="67.4057" id="995337"/>
   </badge>
        <badge xmlns:xsi="http://www.w3.org/2001/XMLSchema-instance" gpsTime="2020-04-15T05:28:48Z" msg="nearby L(37.64929, 126.98268)" tag="candidates">
            <item dist="98.39415" id="995337"/>
   </badge>
        <badge xmlns:xsi="http://www.w3.org/2001/XMLSchema-instance" gpsTime="2020-04-15T05:44:25Z" msg="nearby L(37.65227, 126.98032)" tag="candidates">
            <item dist="100.48745" id="1500119"/>
   </badge>
        <badge xmlns:xsi="http://www.w3.org/2001/XMLSchema-instance" gpsTime="2020-04-15T05:44:53Z" msg="nearby L(37.65254, 126.98021)" tag="candidates">
            <item dist="69.90648" id="1500119"/>
   </badge>
        <badge xmlns:xsi="http://www.w3.org/2001/XMLSchema-instance" badgeId="1500119" badgeTime="2020-04-15T05:45:12Z" badgeUser="609508C9300E77BFAD73974C0FC80194" msg="code -1" tag="registration (offline)"/>
        <badge xmlns:xsi="http://www.w3.org/2001/XMLSchema-instance" gpsTime="2020-04-15T05:47:26Z" msg="nearby L(37.65330, 126.97910)" tag="candidates">
            <item dist="94.60619" id="1500103"/>
   </badge>
        <badge xmlns:xsi="http://www.w3.org/2001/XMLSchema-instance" gpsTime="2020-04-15T05:47:28Z" msg="nearby L(37.65331, 126.97910)" tag="candidates">
            <item dist="94.03221" id="1500103"/>
   </badge>
        <badge xmlns:xsi="http://www.w3.org/2001/XMLSchema-instance" gpsTime="2020-04-15T05:47:30Z" msg="nearby L(37.65332, 126.97909)" tag="candidates">
            <item dist="93.17904" id="1500103"/>
   </badge>
        <badge xmlns:xsi="http://www.w3.org/2001/XMLSchema-instance" gpsTime="2020-04-15T05:47:32Z" msg="nearby L(37.65332, 126.97908)" tag="candidates">
            <item dist="91.89602" id="1500103"/>
   </badge>
        <badge xmlns:xsi="http://www.w3.org/2001/XMLSchema-instance" gpsTime="2020-04-15T05:47:34Z" msg="nearby L(37.65333, 126.97908)" tag="candidates">
            <item dist="90.544754" id="1500103"/>
   </badge>
        <badge xmlns:xsi="http://www.w3.org/2001/XMLSchema-instance" gpsTime="2020-04-15T05:47:36Z" msg="nearby L(37.65334, 126.97907)" tag="candidates">
            <item dist="90.262184" id="1500103"/>
   </badge>
        <badge xmlns:xsi="http://www.w3.org/2001/XMLSchema-instance" gpsTime="2020-04-15T05:47:38Z" msg="nearby L(37.65334, 126.97907)" tag="candidates">
            <item dist="89.47811" id="1500103"/>
   </badge>
        <badge xmlns:xsi="http://www.w3.org/2001/XMLSchema-instance" gpsTime="2020-04-15T05:47:40Z" msg="nearby L(37.65335, 126.97907)" tag="candidates">
            <item dist="88.91538" id="1500103"/>
   </badge>
        <badge xmlns:xsi="http://www.w3.org/2001/XMLSchema-instance" gpsTime="2020-04-15T05:47:42Z" msg="nearby L(37.65336, 126.97906)" tag="candidates">
            <item dist="88.357185" id="1500103"/>
   </badge>
        <badge xmlns:xsi="http://www.w3.org/2001/XMLSchema-instance" gpsTime="2020-04-15T05:47:44Z" msg="nearby L(37.65338, 126.97907)" tag="candidates">
            <item dist="87.49905" id="1500103"/>
   </badge>
        <badge xmlns:xsi="http://www.w3.org/2001/XMLSchema-instance" gpsTime="2020-04-15T05:47:47Z" msg="nearby L(37.65339, 126.97904)" tag="candidates">
            <item dist="84.61893" id="1500103"/>
   </badge>
        <badge xmlns:xsi="http://www.w3.org/2001/XMLSchema-instance" gpsTime="2020-04-15T05:47:48Z" msg="nearby L(37.65340, 126.97903)" tag="candidates">
            <item dist="83.5584" id="1500103"/>
   </badge>
        <badge xmlns:xsi="http://www.w3.org/2001/XMLSchema-instance" gpsTime="2020-04-15T05:47:51Z" msg="nearby L(37.65341, 126.97902)" tag="candidates">
            <item dist="81.43904" id="1500103"/>
   </badge>
        <badge xmlns:xsi="http://www.w3.org/2001/XMLSchema-instance" gpsTime="2020-04-15T05:47:53Z" msg="nearby L(37.65341, 126.97899)" tag="candidates">
            <item dist="79.66568" id="1500103"/>
   </badge>
        <badge xmlns:xsi="http://www.w3.org/2001/XMLSchema-instance" gpsTime="2020-04-15T05:47:55Z" msg="nearby L(37.65341, 126.97899)" tag="candidates">
            <item dist="79.3873" id="1500103"/>
   </badge>
        <badge xmlns:xsi="http://www.w3.org/2001/XMLSchema-instance" gpsTime="2020-04-15T05:47:57Z" msg="nearby L(37.65342, 126.97898)" tag="candidates">
            <item dist="78.09529" id="1500103"/>
   </badge>
        <badge xmlns:xsi="http://www.w3.org/2001/XMLSchema-instance" gpsTime="2020-04-15T05:47:59Z" msg="nearby L(37.65342, 126.97896)" tag="candidates">
            <item dist="76.807495" id="1500103"/>
   </badge>
        <badge xmlns:xsi="http://www.w3.org/2001/XMLSchema-instance" gpsTime="2020-04-15T05:48:01Z" msg="nearby L(37.65342, 126.97895)" tag="candidates">
            <item dist="76.30721" id="1500103"/>
   </badge>
        <badge xmlns:xsi="http://www.w3.org/2001/XMLSchema-instance" gpsTime="2020-04-15T05:48:04Z" msg="nearby L(37.65341, 126.97892)" tag="candidates">
            <item dist="74.436966" id="1500103"/>
   </badge>
        <badge xmlns:xsi="http://www.w3.org/2001/XMLSchema-instance" gpsTime="2020-04-15T05:48:06Z" msg="nearby L(37.65343, 126.97893)" tag="candidates">
            <item dist="74.2454" id="1500103"/>
   </badge>
        <badge xmlns:xsi="http://www.w3.org/2001/XMLSchema-instance" gpsTime="2020-04-15T05:48:08Z" msg="nearby L(37.65345, 126.97894)" tag="candidates">
            <item dist="73.56301" id="1500103"/>
   </badge>
        <badge xmlns:xsi="http://www.w3.org/2001/XMLSchema-instance" gpsTime="2020-04-15T05:48:09Z" msg="nearby L(37.65346, 126.97894)" tag="candidates">
            <item dist="73.015114" id="1500103"/>
   </badge>
        <badge xmlns:xsi="http://www.w3.org/2001/XMLSchema-instance" gpsTime="2020-04-15T05:48:11Z" msg="nearby L(37.65346, 126.97892)" tag="candidates">
            <item dist="71.4812" id="1500103"/>
   </badge>
        <badge xmlns:xsi="http://www.w3.org/2001/XMLSchema-instance" gpsTime="2020-04-15T05:48:14Z" msg="nearby L(37.65345, 126.97889)" tag="candidates">
            <item dist="69.56" id="1500103"/>
   </badge>
        <badge xmlns:xsi="http://www.w3.org/2001/XMLSchema-instance" gpsTime="2020-04-15T05:48:16Z" msg="nearby L(37.65345, 126.97886)" tag="candidates">
            <item dist="68.10803" id="1500103"/>
   </badge>
        <badge xmlns:xsi="http://www.w3.org/2001/XMLSchema-instance" gpsTime="2020-04-15T05:48:17Z" msg="nearby L(37.65345, 126.97884)" tag="candidates">
            <item dist="66.68564" id="1500103"/>
   </badge>
        <badge xmlns:xsi="http://www.w3.org/2001/XMLSchema-instance" gpsTime="2020-04-15T05:48:20Z" msg="nearby L(37.65345, 126.97880)" tag="candidates">
            <item dist="64.38598" id="1500103"/>
   </badge>
        <badge xmlns:xsi="http://www.w3.org/2001/XMLSchema-instance" gpsTime="2020-04-15T05:48:23Z" msg="nearby L(37.65346, 126.97875)" tag="candidates">
            <item dist="61.102024" id="1500103"/>
   </badge>
        <badge xmlns:xsi="http://www.w3.org/2001/XMLSchema-instance" gpsTime="2020-04-15T05:48:25Z" msg="nearby L(37.65347, 126.97872)" tag="candidates">
            <item dist="58.41764" id="1500103"/>
   </badge>
        <badge xmlns:xsi="http://www.w3.org/2001/XMLSchema-instance" gpsTime="2020-04-15T05:48:26Z" msg="nearby L(37.65333, 126.97904)" tag="candidates">
            <item dist="88.85068" id="1500103"/>
   </badge>
        <badge xmlns:xsi="http://www.w3.org/2001/XMLSchema-instance" gpsTime="2020-04-15T05:48:26Z" msg="nearby L(37.65348, 126.97871)" tag="candidates">
            <item dist="56.586044" id="1500103"/>
   </badge>
        <badge xmlns:xsi="http://www.w3.org/2001/XMLSchema-instance" badgeId="1500103" badgeTime="2020-04-15T05:48:38Z" badgeUser="609508C9300E77BFAD73974C0FC80194" msg="code -1" tag="registration (offline)"/>
        <badge xmlns:xsi="http://www.w3.org/2001/XMLSchema-instance" gpsTime="2020-04-15T05:54:36Z" msg="nearby L(37.65486, 126.97915)" tag="candidates">
            <item dist="93.765854" id="1500105"/>
   </badge>
        <badge xmlns:xsi="http://www.w3.org/2001/XMLSchema-instance" gpsTime="2020-04-15T05:54:39Z" msg="nearby L(37.65487, 126.97915)" tag="candidates">
            <item dist="92.96718" id="1500105"/>
   </badge>
        <badge xmlns:xsi="http://www.w3.org/2001/XMLSchema-instance" gpsTime="2020-04-15T05:54:41Z" msg="nearby L(37.65488, 126.97916)" tag="candidates">
            <item dist="92.122635" id="1500105"/>
   </badge>
        <badge xmlns:xsi="http://www.w3.org/2001/XMLSchema-instance" gpsTime="2020-04-15T05:54:43Z" msg="nearby L(37.65489, 126.97916)" tag="candidates">
            <item dist="91.33025" id="1500105"/>
   </badge>
        <badge xmlns:xsi="http://www.w3.org/2001/XMLSchema-instance" gpsTime="2020-04-15T05:54:44Z" msg="nearby L(37.65490, 126.97916)" tag="candidates">
            <item dist="90.48628" id="1500105"/>
   </badge>
        <badge xmlns:xsi="http://www.w3.org/2001/XMLSchema-instance" gpsTime="2020-04-15T05:54:47Z" msg="nearby L(37.65491, 126.97916)" tag="candidates">
            <item dist="89.16707" id="1500105"/>
   </badge>
        <badge xmlns:xsi="http://www.w3.org/2001/XMLSchema-instance" gpsTime="2020-04-15T05:54:49Z" msg="nearby L(37.65492, 126.97915)" tag="candidates">
            <item dist="87.900566" id="1500105"/>
   </badge>
        <badge xmlns:xsi="http://www.w3.org/2001/XMLSchema-instance" gpsTime="2020-04-15T05:54:52Z" msg="nearby L(37.65493, 126.97914)" tag="candidates">
            <item dist="86.117386" id="1500105"/>
   </badge>
        <badge xmlns:xsi="http://www.w3.org/2001/XMLSchema-instance" gpsTime="2020-04-15T05:54:54Z" msg="nearby L(37.65495, 126.97912)" tag="candidates">
            <item dist="84.74551" id="1500105"/>
   </badge>
        <badge xmlns:xsi="http://www.w3.org/2001/XMLSchema-instance" gpsTime="2020-04-15T05:54:55Z" msg="nearby L(37.65495, 126.97912)" tag="candidates">
            <item dist="84.32245" id="1500105"/>
   </badge>
        <badge xmlns:xsi="http://www.w3.org/2001/XMLSchema-instance" gpsTime="2020-04-15T05:54:57Z" msg="nearby L(37.65497, 126.97911)" tag="candidates">
            <item dist="82.16309" id="1500105"/>
   </badge>
        <badge xmlns:xsi="http://www.w3.org/2001/XMLSchema-instance" gpsTime="2020-04-15T05:54:59Z" msg="nearby L(37.65499, 126.97909)" tag="candidates">
            <item dist="80.02413" id="1500105"/>
   </badge>
        <badge xmlns:xsi="http://www.w3.org/2001/XMLSchema-instance" gpsTime="2020-04-15T05:55:01Z" msg="nearby L(37.65500, 126.97908)" tag="candidates">
            <item dist="78.33062" id="1500105"/>
   </badge>
        <badge xmlns:xsi="http://www.w3.org/2001/XMLSchema-instance" gpsTime="2020-04-15T05:55:04Z" msg="nearby L(37.65503, 126.97907)" tag="candidates">
            <item dist="75.79036" id="1500105"/>
   </badge>
        <badge xmlns:xsi="http://www.w3.org/2001/XMLSchema-instance" gpsTime="2020-04-15T05:55:06Z" msg="nearby L(37.65504, 126.97907)" tag="candidates">
            <item dist="74.106026" id="1500105"/>
   </badge>
        <badge xmlns:xsi="http://www.w3.org/2001/XMLSchema-instance" gpsTime="2020-04-15T05:55:08Z" msg="nearby L(37.65505, 126.97905)" tag="candidates">
            <item dist="72.851616" id="1500105"/>
   </badge>
        <badge xmlns:xsi="http://www.w3.org/2001/XMLSchema-instance" gpsTime="2020-04-15T05:55:11Z" msg="nearby L(37.65507, 126.97905)" tag="candidates">
            <item dist="71.181" id="1500105"/>
   </badge>
        <badge xmlns:xsi="http://www.w3.org/2001/XMLSchema-instance" gpsTime="2020-04-15T05:55:12Z" msg="nearby L(37.65507, 126.97904)" tag="candidates">
            <item dist="70.786736" id="1500105"/>
   </badge>
        <badge xmlns:xsi="http://www.w3.org/2001/XMLSchema-instance" gpsTime="2020-04-15T05:55:15Z" msg="nearby L(37.65509, 126.97902)" tag="candidates">
            <item dist="68.37873" id="1500105"/>
   </badge>
        <badge xmlns:xsi="http://www.w3.org/2001/XMLSchema-instance" gpsTime="2020-04-15T05:55:16Z" msg="nearby L(37.65510, 126.97902)" tag="candidates">
            <item dist="67.956665" id="1500105"/>
   </badge>
        <badge xmlns:xsi="http://www.w3.org/2001/XMLSchema-instance" gpsTime="2020-04-15T05:55:19Z" msg="nearby L(37.65511, 126.97901)" tag="candidates">
            <item dist="66.7483" id="1500105"/>
   </badge>
        <badge xmlns:xsi="http://www.w3.org/2001/XMLSchema-instance" gpsTime="2020-04-15T05:55:21Z" msg="nearby L(37.65512, 126.97900)" tag="candidates">
            <item dist="65.97035" id="1500105"/>
   </badge>
        <badge xmlns:xsi="http://www.w3.org/2001/XMLSchema-instance" gpsTime="2020-04-15T05:55:23Z" msg="nearby L(37.65512, 126.97899)" tag="candidates">
            <item dist="65.701126" id="1500105"/>
   </badge>
        <badge xmlns:xsi="http://www.w3.org/2001/XMLSchema-instance" gpsTime="2020-04-15T05:55:25Z" msg="nearby L(37.65513, 126.97898)" tag="candidates">
            <item dist="64.94814" id="1500105"/>
   </badge>
        <badge xmlns:xsi="http://www.w3.org/2001/XMLSchema-instance" gpsTime="2020-04-15T05:55:28Z" msg="nearby L(37.65513, 126.97895)" tag="candidates">
            <item dist="64.9487" id="1500105"/>
   </badge>
        <badge xmlns:xsi="http://www.w3.org/2001/XMLSchema-instance" gpsTime="2020-04-15T05:55:29Z" msg="nearby L(37.65513, 126.97894)" tag="candidates">
            <item dist="64.65477" id="1500105"/>
   </badge>
        <badge xmlns:xsi="http://www.w3.org/2001/XMLSchema-instance" gpsTime="2020-04-15T05:55:32Z" msg="nearby L(37.65516, 126.97892)" tag="candidates">
            <item dist="62.998867" id="1500105"/>
   </badge>
        <badge xmlns:xsi="http://www.w3.org/2001/XMLSchema-instance" gpsTime="2020-04-15T05:55:33Z" msg="nearby L(37.65516, 126.97892)" tag="candidates">
            <item dist="62.586346" id="1500105"/>
   </badge>
        <badge xmlns:xsi="http://www.w3.org/2001/XMLSchema-instance" gpsTime="2020-04-15T05:55:36Z" msg="nearby L(37.65517, 126.97890)" tag="candidates">
            <item dist="61.673878" id="1500105"/>
   </badge>
        <badge xmlns:xsi="http://www.w3.org/2001/XMLSchema-instance" gpsTime="2020-04-15T05:55:38Z" msg="nearby L(37.65518, 126.97890)" tag="candidates">
            <item dist="60.854584" id="1500105"/>
   </badge>
        <badge xmlns:xsi="http://www.w3.org/2001/XMLSchema-instance" gpsTime="2020-04-15T05:55:40Z" msg="nearby L(37.65518, 126.97890)" tag="candidates">
            <item dist="60.621178" id="1500105"/>
   </badge>
        <badge xmlns:xsi="http://www.w3.org/2001/XMLSchema-instance" gpsTime="2020-04-15T05:55:42Z" msg="nearby L(37.65520, 126.97889)" tag="candidates">
            <item dist="59.178535" id="1500105"/>
   </badge>
        <badge xmlns:xsi="http://www.w3.org/2001/XMLSchema-instance" gpsTime="2020-04-15T05:55:45Z" msg="nearby L(37.65521, 126.97887)" tag="candidates">
            <item dist="58.5803" id="1500105"/>
   </badge>
        <badge xmlns:xsi="http://www.w3.org/2001/XMLSchema-instance" gpsTime="2020-04-15T05:55:46Z" msg="nearby L(37.65521, 126.97886)" tag="candidates">
            <item dist="58.401188" id="1500105"/>
   </badge>
        <badge xmlns:xsi="http://www.w3.org/2001/XMLSchema-instance" gpsTime="2020-04-15T05:55:49Z" msg="nearby L(37.65522, 126.97883)" tag="candidates">
            <item dist="58.17982" id="1500105"/>
   </badge>
        <badge xmlns:xsi="http://www.w3.org/2001/XMLSchema-instance" gpsTime="2020-04-15T05:55:51Z" msg="nearby L(37.65524, 126.97881)" tag="candidates">
            <item dist="56.774567" id="1500105"/>
   </badge>
        <badge xmlns:xsi="http://www.w3.org/2001/XMLSchema-instance" gpsTime="2020-04-15T05:55:52Z" msg="nearby L(37.65525, 126.97880)" tag="candidates">
            <item dist="56.205086" id="1500105"/>
   </badge>
        <badge xmlns:xsi="http://www.w3.org/2001/XMLSchema-instance" gpsTime="2020-04-15T05:55:55Z" msg="nearby L(37.65528, 126.97878)" tag="candidates">
            <item dist="54.57446" id="1500105"/>
   </badge>
        <badge xmlns:xsi="http://www.w3.org/2001/XMLSchema-instance" gpsTime="2020-04-15T05:55:57Z" msg="nearby L(37.65498, 126.97878)" tag="candidates">
            <item dist="84.8324" id="1500105"/>
   </badge>
        <badge xmlns:xsi="http://www.w3.org/2001/XMLSchema-instance" gpsTime="2020-04-15T05:55:57Z" msg="nearby L(37.65529, 126.97877)" tag="candidates">
            <item dist="54.503033" id="1500105"/>
   </badge>
        <badge xmlns:xsi="http://www.w3.org/2001/XMLSchema-instance" badgeId="1500105" badgeTime="2020-04-15T05:56:04Z" badgeUser="609508C9300E77BFAD73974C0FC80194" msg="code -1" tag="registration (offline)"/>
        <badge xmlns:xsi="http://www.w3.org/2001/XMLSchema-instance" gpsTime="2020-04-15T05:59:14Z" msg="nearby L(37.65687, 126.97881)" tag="candidates">
            <item dist="100.37542" id="995336"/>
   </badge>
        <badge xmlns:xsi="http://www.w3.org/2001/XMLSchema-instance" gpsTime="2020-04-15T05:59:16Z" msg="nearby L(37.65689, 126.97882)" tag="candidates">
            <item dist="97.88706" id="995336"/>
   </badge>
        <badge xmlns:xsi="http://www.w3.org/2001/XMLSchema-instance" gpsTime="2020-04-15T05:59:17Z" msg="nearby L(37.65690, 126.97881)" tag="candidates">
            <item dist="97.564316" id="995336"/>
   </badge>
        <badge xmlns:xsi="http://www.w3.org/2001/XMLSchema-instance" gpsTime="2020-04-15T05:59:20Z" msg="nearby L(37.65694, 126.97881)" tag="candidates">
            <item dist="94.5003" id="995336"/>
   </badge>
        <badge xmlns:xsi="http://www.w3.org/2001/XMLSchema-instance" gpsTime="2020-04-15T05:59:22Z" msg="nearby L(37.65696, 126.97881)" tag="candidates">
            <item dist="92.3977" id="995336"/>
   </badge>
        <badge xmlns:xsi="http://www.w3.org/2001/XMLSchema-instance" gpsTime="2020-04-15T05:59:24Z" msg="nearby L(37.65699, 126.97881)" tag="candidates">
            <item dist="90.03847" id="995336"/>
   </badge>
        <badge xmlns:xsi="http://www.w3.org/2001/XMLSchema-instance" gpsTime="2020-04-15T05:59:25Z" msg="nearby L(37.65700, 126.97881)" tag="candidates">
            <item dist="89.03843" id="995336"/>
   </badge>
        <badge xmlns:xsi="http://www.w3.org/2001/XMLSchema-instance" gpsTime="2020-04-15T05:59:27Z" msg="nearby L(37.65702, 126.97882)" tag="candidates">
            <item dist="86.96359" id="995336"/>
   </badge>
        <badge xmlns:xsi="http://www.w3.org/2001/XMLSchema-instance" gpsTime="2020-04-15T05:59:31Z" msg="nearby L(37.65704, 126.97883)" tag="candidates">
            <item dist="84.89617" id="995336"/>
   </badge>
        <badge xmlns:xsi="http://www.w3.org/2001/XMLSchema-instance" gpsTime="2020-04-15T05:59:33Z" msg="nearby L(37.65705, 126.97883)" tag="candidates">
            <item dist="83.918175" id="995336"/>
   </badge>
        <badge xmlns:xsi="http://www.w3.org/2001/XMLSchema-instance" gpsTime="2020-04-15T06:00:17Z" msg="nearby L(37.65729, 126.97902)" tag="candidates">
            <item dist="52.055573" id="995336"/>
   </badge>
        <badge xmlns:xsi="http://www.w3.org/2001/XMLSchema-instance" gpsTime="2020-04-15T06:01:46Z" msg="nearby L(37.65752, 126.97921)" tag="candidates">
            <item dist="23.635834" id="995336"/>
   </badge>
        <badge xmlns:xsi="http://www.w3.org/2001/XMLSchema-instance" gpsTime="2020-04-15T06:01:48Z" msg="nearby L(37.65729, 126.97902)" tag="candidates">
            <item dist="52.82909" id="995336"/>
   </badge>
        <badge xmlns:xsi="http://www.w3.org/2001/XMLSchema-instance" gpsTime="2020-04-15T06:01:48Z" msg="nearby L(37.65753, 126.97921)" tag="candidates">
            <item dist="23.001617" id="995336"/>
   </badge>
        <badge xmlns:xsi="http://www.w3.org/2001/XMLSchema-instance" gpsTime="2020-04-15T06:01:50Z" msg="nearby L(37.65729, 126.97902)" tag="candidates">
            <item dist="52.527927" id="995336"/>
   </badge>
        <badge xmlns:xsi="http://www.w3.org/2001/XMLSchema-instance" gpsTime="2020-04-15T06:01:50Z" msg="nearby L(37.65753, 126.97921)" tag="candidates">
            <item dist="22.802017" id="995336"/>
   </badge>
        <badge xmlns:xsi="http://www.w3.org/2001/XMLSchema-instance" gpsTime="2020-04-15T06:01:53Z" msg="nearby L(37.65729, 126.97902)" tag="candidates">
            <item dist="52.527927" id="995336"/>
   </badge>
        <badge xmlns:xsi="http://www.w3.org/2001/XMLSchema-instance" gpsTime="2020-04-15T06:01:53Z" msg="nearby L(37.65753, 126.97921)" tag="candidates">
            <item dist="22.802017" id="995336"/>
   </badge>
        <badge xmlns:xsi="http://www.w3.org/2001/XMLSchema-instance" gpsTime="2020-04-15T06:01:55Z" msg="nearby L(37.65729, 126.97902)" tag="candidates">
            <item dist="52.055573" id="995336"/>
   </badge>
        <badge xmlns:xsi="http://www.w3.org/2001/XMLSchema-instance" gpsTime="2020-04-15T06:01:55Z" msg="nearby L(37.65754, 126.97922)" tag="candidates">
            <item dist="22.009283" id="995336"/>
   </badge>
        <badge xmlns:xsi="http://www.w3.org/2001/XMLSchema-instance" gpsTime="2020-04-15T06:01:57Z" msg="nearby L(37.65729, 126.97903)" tag="candidates">
            <item dist="51.753372" id="995336"/>
   </badge>
        <badge xmlns:xsi="http://www.w3.org/2001/XMLSchema-instance" gpsTime="2020-04-15T06:01:57Z" msg="nearby L(37.65754, 126.97922)" tag="candidates">
            <item dist="21.81704" id="995336"/>
   </badge>
        <badge xmlns:xsi="http://www.w3.org/2001/XMLSchema-instance" gpsTime="2020-04-15T06:01:58Z" msg="nearby L(37.65729, 126.97903)" tag="candidates">
            <item dist="51.753372" id="995336"/>
   </badge>
        <badge xmlns:xsi="http://www.w3.org/2001/XMLSchema-instance" gpsTime="2020-04-15T06:01:58Z" msg="nearby L(37.65754, 126.97923)" tag="candidates">
            <item dist="21.216738" id="995336"/>
   </badge>
        <badge xmlns:xsi="http://www.w3.org/2001/XMLSchema-instance" gpsTime="2020-04-15T06:02:01Z" msg="nearby L(37.65730, 126.97903)" tag="candidates">
            <item dist="50.979458" id="995336"/>
   </badge>
        <badge xmlns:xsi="http://www.w3.org/2001/XMLSchema-instance" gpsTime="2020-04-15T06:02:01Z" msg="nearby L(37.65755, 126.97924)" tag="candidates">
            <item dist="20.234823" id="995336"/>
   </badge>
        <badge xmlns:xsi="http://www.w3.org/2001/XMLSchema-instance" gpsTime="2020-04-15T06:02:03Z" msg="nearby L(37.65730, 126.97904)" tag="candidates">
            <item dist="50.979458" id="995336"/>
   </badge>
        <badge xmlns:xsi="http://www.w3.org/2001/XMLSchema-instance" gpsTime="2020-04-15T06:02:03Z" msg="nearby L(37.65755, 126.97924)" tag="candidates">
            <item dist="19.444225" id="995336"/>
   </badge>
        <badge xmlns:xsi="http://www.w3.org/2001/XMLSchema-instance" gpsTime="2020-04-15T06:02:05Z" msg="nearby L(37.65730, 126.97904)" tag="candidates">
            <item dist="50.20621" id="995336"/>
   </badge>
        <badge xmlns:xsi="http://www.w3.org/2001/XMLSchema-instance" gpsTime="2020-04-15T06:02:05Z" msg="nearby L(37.65756, 126.97925)" tag="candidates">
            <item dist="18.654028" id="995336"/>
   </badge>
        <badge xmlns:xsi="http://www.w3.org/2001/XMLSchema-instance" gpsTime="2020-04-15T06:02:07Z" msg="nearby L(37.65731, 126.97904)" tag="candidates">
            <item dist="49.90359" id="995336"/>
   </badge>
        <badge xmlns:xsi="http://www.w3.org/2001/XMLSchema-instance" gpsTime="2020-04-15T06:02:07Z" msg="nearby L(37.65756, 126.97925)" tag="candidates">
            <item dist="17.687801" id="995336"/>
   </badge>
        <badge xmlns:xsi="http://www.w3.org/2001/XMLSchema-instance" gpsTime="2020-04-15T06:02:10Z" msg="nearby L(37.65731, 126.97905)" tag="candidates">
            <item dist="49.433662" id="995336"/>
   </badge>
        <badge xmlns:xsi="http://www.w3.org/2001/XMLSchema-instance" gpsTime="2020-04-15T06:02:10Z" msg="nearby L(37.65757, 126.97926)" tag="candidates">
            <item dist="16.900934" id="995336"/>
   </badge>
        <badge xmlns:xsi="http://www.w3.org/2001/XMLSchema-instance" gpsTime="2020-04-15T06:02:12Z" msg="nearby L(37.65731, 126.97905)" tag="candidates">
            <item dist="49.129932" id="995336"/>
   </badge>
        <badge xmlns:xsi="http://www.w3.org/2001/XMLSchema-instance" gpsTime="2020-04-15T06:02:12Z" msg="nearby L(37.65757, 126.97927)" tag="candidates">
            <item dist="15.95278" id="995336"/>
   </badge>
        <badge xmlns:xsi="http://www.w3.org/2001/XMLSchema-instance" gpsTime="2020-04-15T06:02:14Z" msg="nearby L(37.65731, 126.97905)" tag="candidates">
            <item dist="48.827984" id="995336"/>
   </badge>
        <badge xmlns:xsi="http://www.w3.org/2001/XMLSchema-instance" gpsTime="2020-04-15T06:02:14Z" msg="nearby L(37.65758, 126.97927)" tag="candidates">
            <item dist="15.17112" id="995336"/>
   </badge>
        <badge xmlns:xsi="http://www.w3.org/2001/XMLSchema-instance" gpsTime="2020-04-15T06:02:16Z" msg="nearby L(37.65731, 126.97905)" tag="candidates">
            <item dist="48.827984" id="995336"/>
   </badge>
        <badge xmlns:xsi="http://www.w3.org/2001/XMLSchema-instance" gpsTime="2020-04-15T06:02:16Z" msg="nearby L(37.65758, 126.97928)" tag="candidates">
            <item dist="15.022694" id="995336"/>
   </badge>
        <badge xmlns:xsi="http://www.w3.org/2001/XMLSchema-instance" gpsTime="2020-04-15T06:02:18Z" msg="nearby L(37.65732, 126.97906)" tag="candidates">
            <item dist="48.356976" id="995336"/>
   </badge>
        <badge xmlns:xsi="http://www.w3.org/2001/XMLSchema-instance" gpsTime="2020-04-15T06:02:18Z" msg="nearby L(37.65758, 126.97928)" tag="candidates">
            <item dist="15.022694" id="995336"/>
   </badge>
        <badge xmlns:xsi="http://www.w3.org/2001/XMLSchema-instance" gpsTime="2020-04-15T06:02:20Z" msg="nearby L(37.65732, 126.97906)" tag="candidates">
            <item dist="48.0539" id="995336"/>
   </badge>
        <badge xmlns:xsi="http://www.w3.org/2001/XMLSchema-instance" gpsTime="2020-04-15T06:02:20Z" msg="nearby L(37.65758, 126.97929)" tag="candidates">
            <item dist="14.246982" id="995336"/>
   </badge>
        <badge xmlns:xsi="http://www.w3.org/2001/XMLSchema-instance" gpsTime="2020-04-15T06:02:22Z" msg="nearby L(37.65732, 126.97906)" tag="candidates">
            <item dist="47.584755" id="995336"/>
   </badge>
        <badge xmlns:xsi="http://www.w3.org/2001/XMLSchema-instance" gpsTime="2020-04-15T06:02:22Z" msg="nearby L(37.65759, 126.97930)" tag="candidates">
            <item dist="12.836186" id="995336"/>
   </badge>
        <badge xmlns:xsi="http://www.w3.org/2001/XMLSchema-instance" gpsTime="2020-04-15T06:02:24Z" msg="nearby L(37.65732, 126.97907)" tag="candidates">
            <item dist="47.28052" id="995336"/>
   </badge>
        <badge xmlns:xsi="http://www.w3.org/2001/XMLSchema-instance" gpsTime="2020-04-15T06:02:24Z" msg="nearby L(37.65759, 126.97930)" tag="candidates">
            <item dist="12.702823" id="995336"/>
   </badge>
        <badge xmlns:xsi="http://www.w3.org/2001/XMLSchema-instance" gpsTime="2020-04-15T06:02:27Z" msg="nearby L(37.65732, 126.97907)" tag="candidates">
            <item dist="46.81331" id="995336"/>
   </badge>
        <badge xmlns:xsi="http://www.w3.org/2001/XMLSchema-instance" gpsTime="2020-04-15T06:02:27Z" msg="nearby L(37.65760, 126.97932)" tag="candidates">
            <item dist="11.291398" id="995336"/>
   </badge>
        <badge xmlns:xsi="http://www.w3.org/2001/XMLSchema-instance" gpsTime="2020-04-15T06:02:29Z" msg="nearby L(37.65732, 126.97908)" tag="candidates">
            <item dist="46.04267" id="995336"/>
   </badge>
        <badge xmlns:xsi="http://www.w3.org/2001/XMLSchema-instance" gpsTime="2020-04-15T06:02:29Z" msg="nearby L(37.65760, 126.97933)" tag="candidates">
            <item dist="9.879972" id="995336"/>
   </badge>
        <badge xmlns:xsi="http://www.w3.org/2001/XMLSchema-instance" gpsTime="2020-04-15T06:02:31Z" msg="nearby L(37.65732, 126.97908)" tag="candidates">
            <item dist="45.582657" id="995336"/>
   </badge>
        <badge xmlns:xsi="http://www.w3.org/2001/XMLSchema-instance" gpsTime="2020-04-15T06:02:31Z" msg="nearby L(37.65760, 126.97934)" tag="candidates">
            <item dist="9.239971" id="995336"/>
   </badge>
        <badge xmlns:xsi="http://www.w3.org/2001/XMLSchema-instance" gpsTime="2020-04-15T06:02:33Z" msg="nearby L(37.65732, 126.97909)" tag="candidates">
            <item dist="45.127995" id="995336"/>
   </badge>
        <badge xmlns:xsi="http://www.w3.org/2001/XMLSchema-instance" gpsTime="2020-04-15T06:02:33Z" msg="nearby L(37.65760, 126.97935)" tag="candidates">
            <item dist="7.976389" id="995336"/>
   </badge>
        <badge xmlns:xsi="http://www.w3.org/2001/XMLSchema-instance" gpsTime="2020-04-15T06:02:35Z" msg="nearby L(37.65732, 126.97909)" tag="candidates">
            <item dist="45.442696" id="995336"/>
   </badge>
        <badge xmlns:xsi="http://www.w3.org/2001/XMLSchema-instance" gpsTime="2020-04-15T06:02:35Z" msg="nearby L(37.65760, 126.97936)" tag="candidates">
            <item dist="8.1432" id="995336"/>
   </badge>
        <badge xmlns:xsi="http://www.w3.org/2001/XMLSchema-instance" gpsTime="2020-04-15T06:02:36Z" msg="nearby L(37.65732, 126.97910)" tag="candidates">
            <item dist="45.442696" id="995336"/>
   </badge>
        <badge xmlns:xsi="http://www.w3.org/2001/XMLSchema-instance" gpsTime="2020-04-15T06:02:36Z" msg="nearby L(37.65760, 126.97936)" tag="candidates">
            <item dist="7.536193" id="995336"/>
   </badge>
        <badge xmlns:xsi="http://www.w3.org/2001/XMLSchema-instance" gpsTime="2020-04-15T06:02:39Z" msg="nearby L(37.65733, 126.97910)" tag="candidates">
            <item dist="44.67885" id="995336"/>
   </badge>
        <badge xmlns:xsi="http://www.w3.org/2001/XMLSchema-instance" gpsTime="2020-04-15T06:02:40Z" msg="nearby L(37.65760, 126.97938)" tag="candidates">
            <item dist="5.9547586" id="995336"/>
   </badge>
        <badge xmlns:xsi="http://www.w3.org/2001/XMLSchema-instance" gpsTime="2020-04-15T06:02:41Z" msg="nearby L(37.65733, 126.97911)" tag="candidates">
            <item dist="44.23539" id="995336"/>
   </badge>
        <badge xmlns:xsi="http://www.w3.org/2001/XMLSchema-instance" gpsTime="2020-04-15T06:02:41Z" msg="nearby L(37.65760, 126.97939)" tag="candidates">
            <item dist="4.771703" id="995336"/>
   </badge>
        <badge xmlns:xsi="http://www.w3.org/2001/XMLSchema-instance" gpsTime="2020-04-15T06:02:44Z" msg="nearby L(37.65732, 126.97912)" tag="candidates">
            <item dist="43.69362" id="995336"/>
   </badge>
        <badge xmlns:xsi="http://www.w3.org/2001/XMLSchema-instance" gpsTime="2020-04-15T06:02:44Z" msg="nearby L(37.65759, 126.97942)" tag="candidates">
            <item dist="4.312672" id="995336"/>
   </badge>
        <badge xmlns:xsi="http://www.w3.org/2001/XMLSchema-instance" gpsTime="2020-04-15T06:02:46Z" msg="nearby L(37.65732, 126.97913)" tag="candidates">
            <item dist="43.69362" id="995336"/>
   </badge>
        <badge xmlns:xsi="http://www.w3.org/2001/XMLSchema-instance" gpsTime="2020-04-15T06:02:46Z" msg="nearby L(37.65760, 126.97942)" tag="candidates">
            <item dist="3.6449442" id="995336"/>
   </badge>
        <badge xmlns:xsi="http://www.w3.org/2001/XMLSchema-instance" gpsTime="2020-04-15T06:02:48Z" msg="nearby L(37.65733, 126.97913)" tag="candidates">
            <item dist="42.61191" id="995336"/>
   </badge>
        <badge xmlns:xsi="http://www.w3.org/2001/XMLSchema-instance" gpsTime="2020-04-15T06:02:48Z" msg="nearby L(37.65761, 126.97943)" tag="candidates">
            <item dist="2.2214322" id="995336"/>
   </badge>
        <badge xmlns:xsi="http://www.w3.org/2001/XMLSchema-instance" gpsTime="2020-04-15T06:02:50Z" msg="nearby L(37.65733, 126.97914)" tag="candidates">
            <item dist="41.85911" id="995336"/>
   </badge>
        <badge xmlns:xsi="http://www.w3.org/2001/XMLSchema-instance" gpsTime="2020-04-15T06:02:50Z" msg="nearby L(37.65762, 126.97945)" tag="candidates">
            <item dist="1.0817864" id="995336"/>
   </badge>
        <badge xmlns:xsi="http://www.w3.org/2001/XMLSchema-instance" gpsTime="2020-04-15T06:02:52Z" msg="nearby L(37.65734, 126.97914)" tag="candidates">
            <item dist="41.53021" id="995336"/>
   </badge>
        <badge xmlns:xsi="http://www.w3.org/2001/XMLSchema-instance" gpsTime="2020-04-15T06:02:52Z" msg="nearby L(37.65763, 126.97945)" tag="candidates">
            <item dist="1.3464239" id="995336"/>
   </badge>
        <badge xmlns:xsi="http://www.w3.org/2001/XMLSchema-instance" gpsTime="2020-04-15T06:02:54Z" msg="nearby L(37.65734, 126.97914)" tag="candidates">
            <item dist="41.20303" id="995336"/>
   </badge>
        <badge xmlns:xsi="http://www.w3.org/2001/XMLSchema-instance" gpsTime="2020-04-15T06:02:54Z" msg="nearby L(37.65764, 126.97945)" tag="candidates">
            <item dist="1.8510034" id="995336"/>
   </badge>
        <badge xmlns:xsi="http://www.w3.org/2001/XMLSchema-instance" gpsTime="2020-04-15T06:02:57Z" msg="nearby L(37.65734, 126.97915)" tag="candidates">
            <item dist="40.44851" id="995336"/>
   </badge>
        <badge xmlns:xsi="http://www.w3.org/2001/XMLSchema-instance" gpsTime="2020-04-15T06:02:57Z" msg="nearby L(37.65764, 126.97946)" tag="candidates">
            <item dist="2.385851" id="995336"/>
   </badge>
        <badge xmlns:xsi="http://www.w3.org/2001/XMLSchema-instance" gpsTime="2020-04-15T06:02:59Z" msg="nearby L(37.65735, 126.97915)" tag="candidates">
            <item dist="40.44851" id="995336"/>
   </badge>
        <badge xmlns:xsi="http://www.w3.org/2001/XMLSchema-instance" gpsTime="2020-04-15T06:02:59Z" msg="nearby L(37.65764, 126.97947)" tag="candidates">
            <item dist="3.1811345" id="995336"/>
   </badge>
        <badge xmlns:xsi="http://www.w3.org/2001/XMLSchema-instance" gpsTime="2020-04-15T06:03:01Z" msg="nearby L(37.65735, 126.97915)" tag="candidates">
            <item dist="39.69558" id="995336"/>
   </badge>
        <badge xmlns:xsi="http://www.w3.org/2001/XMLSchema-instance" gpsTime="2020-04-15T06:03:01Z" msg="nearby L(37.65765, 126.97948)" tag="candidates">
            <item dist="4.217082" id="995336"/>
   </badge>
        <badge xmlns:xsi="http://www.w3.org/2001/XMLSchema-instance" gpsTime="2020-04-15T06:03:02Z" msg="nearby L(37.65735, 126.97916)" tag="candidates">
            <item dist="39.366814" id="995336"/>
   </badge>
        <badge xmlns:xsi="http://www.w3.org/2001/XMLSchema-instance" gpsTime="2020-04-15T06:03:02Z" msg="nearby L(37.65765, 126.97948)" tag="candidates">
            <item dist="5.009944" id="995336"/>
   </badge>
        <badge xmlns:xsi="http://www.w3.org/2001/XMLSchema-instance" gpsTime="2020-04-15T06:03:05Z" msg="nearby L(37.65735, 126.97916)" tag="candidates">
            <item dist="38.613815" id="995336"/>
   </badge>
        <badge xmlns:xsi="http://www.w3.org/2001/XMLSchema-instance" gpsTime="2020-04-15T06:03:05Z" msg="nearby L(37.65766, 126.97949)" tag="candidates">
            <item dist="6.0603385" id="995336"/>
   </badge>
        <badge xmlns:xsi="http://www.w3.org/2001/XMLSchema-instance" gpsTime="2020-04-15T06:03:07Z" msg="nearby L(37.65735, 126.97916)" tag="candidates">
            <item dist="38.944336" id="995336"/>
   </badge>
        <badge xmlns:xsi="http://www.w3.org/2001/XMLSchema-instance" gpsTime="2020-04-15T06:03:07Z" msg="nearby L(37.65766, 126.97950)" tag="candidates">
            <item dist="5.8034687" id="995336"/>
   </badge>
        <badge xmlns:xsi="http://www.w3.org/2001/XMLSchema-instance" gpsTime="2020-04-15T06:03:09Z" msg="nearby L(37.65736, 126.97917)" tag="candidates">
            <item dist="38.613815" id="995336"/>
   </badge>
        <badge xmlns:xsi="http://www.w3.org/2001/XMLSchema-instance" gpsTime="2020-04-15T06:03:09Z" msg="nearby L(37.65766, 126.97950)" tag="candidates">
            <item dist="6.597417" id="995336"/>
   </badge>
        <badge xmlns:xsi="http://www.w3.org/2001/XMLSchema-instance" gpsTime="2020-04-15T06:03:12Z" msg="nearby L(37.65736, 126.97917)" tag="candidates">
            <item dist="38.194878" id="995336"/>
   </badge>
        <badge xmlns:xsi="http://www.w3.org/2001/XMLSchema-instance" gpsTime="2020-04-15T06:03:12Z" msg="nearby L(37.65766, 126.97951)" tag="candidates">
            <item dist="7.7357364" id="995336"/>
   </badge>
        <badge xmlns:xsi="http://www.w3.org/2001/XMLSchema-instance" gpsTime="2020-04-15T06:03:14Z" msg="nearby L(37.65736, 126.97917)" tag="candidates">
            <item dist="37.86255" id="995336"/>
   </badge>
        <badge xmlns:xsi="http://www.w3.org/2001/XMLSchema-instance" gpsTime="2020-04-15T06:03:14Z" msg="nearby L(37.65767, 126.97952)" tag="candidates">
            <item dist="8.434163" id="995336"/>
   </badge>
        <badge xmlns:xsi="http://www.w3.org/2001/XMLSchema-instance" gpsTime="2020-04-15T06:03:16Z" msg="nearby L(37.65737, 126.97918)" tag="candidates">
            <item dist="36.78076" id="995336"/>
   </badge>
        <badge xmlns:xsi="http://www.w3.org/2001/XMLSchema-instance" gpsTime="2020-04-15T06:03:16Z" msg="nearby L(37.65768, 126.97953)" tag="candidates">
            <item dist="9.755655" id="995336"/>
   </badge>
        <badge xmlns:xsi="http://www.w3.org/2001/XMLSchema-instance" gpsTime="2020-04-15T06:03:18Z" msg="nearby L(37.65737, 126.97918)" tag="candidates">
            <item dist="36.78076" id="995336"/>
   </badge>
        <badge xmlns:xsi="http://www.w3.org/2001/XMLSchema-instance" gpsTime="2020-04-15T06:03:18Z" msg="nearby L(37.65769, 126.97952)" tag="candidates">
            <item dist="10.036429" id="995336"/>
   </badge>
        <badge xmlns:xsi="http://www.w3.org/2001/XMLSchema-instance" gpsTime="2020-04-15T06:03:20Z" msg="nearby L(37.65737, 126.97918)" tag="candidates">
            <item dist="36.12177" id="995336"/>
   </badge>
        <badge xmlns:xsi="http://www.w3.org/2001/XMLSchema-instance" gpsTime="2020-04-15T06:03:20Z" msg="nearby L(37.65770, 126.97952)" tag="candidates">
            <item dist="10.934003" id="995336"/>
   </badge>
        <badge xmlns:xsi="http://www.w3.org/2001/XMLSchema-instance" gpsTime="2020-04-15T06:03:22Z" msg="nearby L(37.65738, 126.97917)" tag="candidates">
            <item dist="36.229416" id="995336"/>
   </badge>
        <badge xmlns:xsi="http://www.w3.org/2001/XMLSchema-instance" gpsTime="2020-04-15T06:03:22Z" msg="nearby L(37.65771, 126.97952)" tag="candidates">
            <item dist="11.152392" id="995336"/>
   </badge>
        <badge xmlns:xsi="http://www.w3.org/2001/XMLSchema-instance" gpsTime="2020-04-15T06:03:24Z" msg="nearby L(37.65738, 126.97917)" tag="candidates">
            <item dist="36.229416" id="995336"/>
   </badge>
        <badge xmlns:xsi="http://www.w3.org/2001/XMLSchema-instance" gpsTime="2020-04-15T06:03:24Z" msg="nearby L(37.65771, 126.97951)" tag="candidates">
            <item dist="11.111843" id="995336"/>
   </badge>
        <badge xmlns:xsi="http://www.w3.org/2001/XMLSchema-instance" gpsTime="2020-04-15T06:03:26Z" msg="nearby L(37.65738, 126.97917)" tag="candidates">
            <item dist="36.35415" id="995336"/>
   </badge>
        <badge xmlns:xsi="http://www.w3.org/2001/XMLSchema-instance" gpsTime="2020-04-15T06:03:26Z" msg="nearby L(37.65772, 126.97950)" tag="candidates">
            <item dist="11.500457" id="995336"/>
   </badge>
        <badge xmlns:xsi="http://www.w3.org/2001/XMLSchema-instance" gpsTime="2020-04-15T06:03:29Z" msg="nearby L(37.65739, 126.97916)" tag="candidates">
            <item dist="36.187496" id="995336"/>
   </badge>
        <badge xmlns:xsi="http://www.w3.org/2001/XMLSchema-instance" gpsTime="2020-04-15T06:03:29Z" msg="nearby L(37.65773, 126.97949)" tag="candidates">
            <item dist="12.757303" id="995336"/>
   </badge>
        <badge xmlns:xsi="http://www.w3.org/2001/XMLSchema-instance" gpsTime="2020-04-15T06:03:30Z" msg="nearby L(37.65740, 126.97916)" tag="candidates">
            <item dist="35.57801" id="995336"/>
   </badge>
        <badge xmlns:xsi="http://www.w3.org/2001/XMLSchema-instance" gpsTime="2020-04-15T06:03:30Z" msg="nearby L(37.65774, 126.97949)" tag="candidates">
            <item dist="13.732675" id="995336"/>
   </badge>
        <badge xmlns:xsi="http://www.w3.org/2001/XMLSchema-instance" gpsTime="2020-04-15T06:03:32Z" msg="nearby L(37.65740, 126.97916)" tag="candidates">
            <item dist="34.97841" id="995336"/>
   </badge>
        <badge xmlns:xsi="http://www.w3.org/2001/XMLSchema-instance" gpsTime="2020-04-15T06:03:32Z" msg="nearby L(37.65776, 126.97948)" tag="candidates">
            <item dist="15.196254" id="995336"/>
   </badge>
        <badge xmlns:xsi="http://www.w3.org/2001/XMLSchema-instance" gpsTime="2020-04-15T06:03:34Z" msg="nearby L(37.65741, 126.97915)" tag="candidates">
            <item dist="34.682472" id="995336"/>
   </badge>
        <badge xmlns:xsi="http://www.w3.org/2001/XMLSchema-instance" gpsTime="2020-04-15T06:03:34Z" msg="nearby L(37.65777, 126.97948)" tag="candidates">
            <item dist="16.023104" id="995336"/>
   </badge>
        <badge xmlns:xsi="http://www.w3.org/2001/XMLSchema-instance" gpsTime="2020-04-15T06:03:37Z" msg="nearby L(37.65730, 126.97904)" tag="candidates">
            <item dist="50.510567" id="995336"/>
   </badge>
        <badge xmlns:xsi="http://www.w3.org/2001/XMLSchema-instance" gpsTime="2020-04-15T06:03:37Z" msg="nearby L(37.65755, 126.97925)" tag="candidates">
            <item dist="18.840487" id="995336"/>
   </badge>
        <badge xmlns:xsi="http://www.w3.org/2001/XMLSchema-instance" gpsTime="2020-04-15T06:03:37Z" msg="nearby L(37.65780, 126.97946)" tag="candidates">
            <item dist="19.159441" id="995336"/>
   </badge>
        <badge xmlns:xsi="http://www.w3.org/2001/XMLSchema-instance" gpsTime="2020-04-15T06:06:12Z" msg="nearby L(37.65804, 126.97928)" tag="candidates">
            <item dist="47.66755" id="995336"/>
   </badge>
        <badge xmlns:xsi="http://www.w3.org/2001/XMLSchema-instance" gpsTime="2020-04-15T06:08:35Z" msg="nearby L(37.65798, 126.97895)" tag="candidates">
            <item dist="58.082954" id="995336"/>
   </badge>
        <badge xmlns:xsi="http://www.w3.org/2001/XMLSchema-instance" gpsTime="2020-04-15T06:09:55Z" msg="nearby L(37.65814, 126.97867)" tag="candidates">
            <item dist="88.03941" id="995336"/>
            <item dist="83.422935" id="1500108"/>
   </badge>
        <badge xmlns:xsi="http://www.w3.org/2001/XMLSchema-instance" gpsTime="2020-04-15T06:09:59Z" msg="nearby L(37.65797, 126.97907)" tag="candidates">
            <item dist="50.080894" id="995336"/>
   </badge>
        <badge xmlns:xsi="http://www.w3.org/2001/XMLSchema-instance" gpsTime="2020-04-15T06:09:59Z" msg="nearby L(37.65814, 126.97867)" tag="candidates">
            <item dist="87.767166" id="995336"/>
            <item dist="83.70718" id="1500108"/>
   </badge>
        <badge xmlns:xsi="http://www.w3.org/2001/XMLSchema-instance" gpsTime="2020-04-15T06:10:01Z" msg="nearby L(37.65797, 126.97906)" tag="candidates">
            <item dist="50.400234" id="995336"/>
   </badge>
        <badge xmlns:xsi="http://www.w3.org/2001/XMLSchema-instance" gpsTime="2020-04-15T06:10:01Z" msg="nearby L(37.65814, 126.97866)" tag="candidates">
            <item dist="88.8271" id="995336"/>
            <item dist="82.6396" id="1500108"/>
   </badge>
        <badge xmlns:xsi="http://www.w3.org/2001/XMLSchema-instance" gpsTime="2020-04-15T06:10:03Z" msg="nearby L(37.65798, 126.97906)" tag="candidates">
            <item dist="51.16149" id="995336"/>
   </badge>
        <badge xmlns:xsi="http://www.w3.org/2001/XMLSchema-instance" gpsTime="2020-04-15T06:10:03Z" msg="nearby L(37.65815, 126.97866)" tag="candidates">
            <item dist="89.887566" id="995336"/>
            <item dist="81.5724" id="1500108"/>
   </badge>
        <badge xmlns:xsi="http://www.w3.org/2001/XMLSchema-instance" gpsTime="2020-04-15T06:10:05Z" msg="nearby L(37.65798, 126.97906)" tag="candidates">
            <item dist="51.481094" id="995336"/>
   </badge>
        <badge xmlns:xsi="http://www.w3.org/2001/XMLSchema-instance" gpsTime="2020-04-15T06:10:05Z" msg="nearby L(37.65815, 126.97866)" tag="candidates">
            <item dist="90.16136" id="995336"/>
            <item dist="81.28953" id="1500108"/>
   </badge>
        <badge xmlns:xsi="http://www.w3.org/2001/XMLSchema-instance" gpsTime="2020-04-15T06:10:07Z" msg="nearby L(37.65798, 126.97906)" tag="candidates">
            <item dist="51.481094" id="995336"/>
   </badge>
        <badge xmlns:xsi="http://www.w3.org/2001/XMLSchema-instance" gpsTime="2020-04-15T06:10:07Z" msg="nearby L(37.65815, 126.97866)" tag="candidates">
            <item dist="90.16136" id="995336"/>
            <item dist="81.28953" id="1500108"/>
   </badge>
        <badge xmlns:xsi="http://www.w3.org/2001/XMLSchema-instance" gpsTime="2020-04-15T06:10:09Z" msg="nearby L(37.65798, 126.97906)" tag="candidates">
            <item dist="51.481094" id="995336"/>
   </badge>
        <badge xmlns:xsi="http://www.w3.org/2001/XMLSchema-instance" gpsTime="2020-04-15T06:10:09Z" msg="nearby L(37.65815, 126.97866)" tag="candidates">
            <item dist="90.16136" id="995336"/>
            <item dist="81.28953" id="1500108"/>
   </badge>
        <badge xmlns:xsi="http://www.w3.org/2001/XMLSchema-instance" gpsTime="2020-04-15T06:10:11Z" msg="nearby L(37.65798, 126.97906)" tag="candidates">
            <item dist="51.16149" id="995336"/>
   </badge>
        <badge xmlns:xsi="http://www.w3.org/2001/XMLSchema-instance" gpsTime="2020-04-15T06:10:11Z" msg="nearby L(37.65815, 126.97866)" tag="candidates">
            <item dist="89.887566" id="995336"/>
            <item dist="81.5724" id="1500108"/>
   </badge>
        <badge xmlns:xsi="http://www.w3.org/2001/XMLSchema-instance" gpsTime="2020-04-15T06:10:13Z" msg="nearby L(37.65797, 126.97906)" tag="candidates">
            <item dist="51.16149" id="995336"/>
   </badge>
        <badge xmlns:xsi="http://www.w3.org/2001/XMLSchema-instance" gpsTime="2020-04-15T06:10:13Z" msg="nearby L(37.65815, 126.97866)" tag="candidates">
            <item dist="89.61494" id="995336"/>
            <item dist="81.8565" id="1500108"/>
   </badge>
        <badge xmlns:xsi="http://www.w3.org/2001/XMLSchema-instance" gpsTime="2020-04-15T06:10:15Z" msg="nearby L(37.65797, 126.97906)" tag="candidates">
            <item dist="51.16149" id="995336"/>
   </badge>
        <badge xmlns:xsi="http://www.w3.org/2001/XMLSchema-instance" gpsTime="2020-04-15T06:10:15Z" msg="nearby L(37.65815, 126.97866)" tag="candidates">
            <item dist="89.887566" id="995336"/>
            <item dist="81.5724" id="1500108"/>
   </badge>
        <badge xmlns:xsi="http://www.w3.org/2001/XMLSchema-instance" gpsTime="2020-04-15T06:10:18Z" msg="nearby L(37.65797, 126.97906)" tag="candidates">
            <item dist="51.16149" id="995336"/>
   </badge>
        <badge xmlns:xsi="http://www.w3.org/2001/XMLSchema-instance" gpsTime="2020-04-15T06:10:18Z" msg="nearby L(37.65815, 126.97866)" tag="candidates">
            <item dist="89.61494" id="995336"/>
            <item dist="81.8565" id="1500108"/>
   </badge>
        <badge xmlns:xsi="http://www.w3.org/2001/XMLSchema-instance" gpsTime="2020-04-15T06:10:20Z" msg="nearby L(37.65797, 126.97906)" tag="candidates">
            <item dist="51.16149" id="995336"/>
   </badge>
        <badge xmlns:xsi="http://www.w3.org/2001/XMLSchema-instance" gpsTime="2020-04-15T06:10:20Z" msg="nearby L(37.65815, 126.97866)" tag="candidates">
            <item dist="89.61494" id="995336"/>
            <item dist="81.8565" id="1500108"/>
   </badge>
        <badge xmlns:xsi="http://www.w3.org/2001/XMLSchema-instance" gpsTime="2020-04-15T06:10:22Z" msg="nearby L(37.65797, 126.97906)" tag="candidates">
            <item dist="51.16149" id="995336"/>
   </badge>
        <badge xmlns:xsi="http://www.w3.org/2001/XMLSchema-instance" gpsTime="2020-04-15T06:10:22Z" msg="nearby L(37.65815, 126.97866)" tag="candidates">
            <item dist="90.13182" id="995336"/>
            <item dist="81.35947" id="1500108"/>
   </badge>
        <badge xmlns:xsi="http://www.w3.org/2001/XMLSchema-instance" gpsTime="2020-04-15T06:10:24Z" msg="nearby L(37.65797, 126.97905)" tag="candidates">
            <item dist="51.29158" id="995336"/>
   </badge>
        <badge xmlns:xsi="http://www.w3.org/2001/XMLSchema-instance" gpsTime="2020-04-15T06:10:24Z" msg="nearby L(37.65814, 126.97865)" tag="candidates">
            <item dist="90.11525" id="995336"/>
            <item dist="81.44372" id="1500108"/>
   </badge>
        <badge xmlns:xsi="http://www.w3.org/2001/XMLSchema-instance" gpsTime="2020-04-15T06:10:26Z" msg="nearby L(37.65797, 126.97905)" tag="candidates">
            <item dist="51.29158" id="995336"/>
   </badge>
        <badge xmlns:xsi="http://www.w3.org/2001/XMLSchema-instance" gpsTime="2020-04-15T06:10:26Z" msg="nearby L(37.65814, 126.97864)" tag="candidates">
            <item dist="90.11525" id="995336"/>
            <item dist="81.44372" id="1500108"/>
   </badge>
        <badge xmlns:xsi="http://www.w3.org/2001/XMLSchema-instance" gpsTime="2020-04-15T06:10:29Z" msg="nearby L(37.65797, 126.97905)" tag="candidates">
            <item dist="51.29158" id="995336"/>
   </badge>
        <badge xmlns:xsi="http://www.w3.org/2001/XMLSchema-instance" gpsTime="2020-04-15T06:10:29Z" msg="nearby L(37.65814, 126.97864)" tag="candidates">
            <item dist="90.63928" id="995336"/>
            <item dist="80.955345" id="1500108"/>
   </badge>
        <badge xmlns:xsi="http://www.w3.org/2001/XMLSchema-instance" gpsTime="2020-04-15T06:10:31Z" msg="nearby L(37.65797, 126.97905)" tag="candidates">
            <item dist="51.29158" id="995336"/>
   </badge>
        <badge xmlns:xsi="http://www.w3.org/2001/XMLSchema-instance" gpsTime="2020-04-15T06:10:31Z" msg="nearby L(37.65814, 126.97864)" tag="candidates">
            <item dist="90.9049" id="995336"/>
            <item dist="80.663635" id="1500108"/>
   </badge>
        <badge xmlns:xsi="http://www.w3.org/2001/XMLSchema-instance" gpsTime="2020-04-15T06:10:33Z" msg="nearby L(37.65797, 126.97905)" tag="candidates">
            <item dist="51.29158" id="995336"/>
   </badge>
        <badge xmlns:xsi="http://www.w3.org/2001/XMLSchema-instance" gpsTime="2020-04-15T06:10:33Z" msg="nearby L(37.65814, 126.97864)" tag="candidates">
            <item dist="90.9049" id="995336"/>
            <item dist="80.663635" id="1500108"/>
   </badge>
        <badge xmlns:xsi="http://www.w3.org/2001/XMLSchema-instance" gpsTime="2020-04-15T06:10:35Z" msg="nearby L(37.65797, 126.97904)" tag="candidates">
            <item dist="52.057213" id="995336"/>
   </badge>
        <badge xmlns:xsi="http://www.w3.org/2001/XMLSchema-instance" gpsTime="2020-04-15T06:10:35Z" msg="nearby L(37.65815, 126.97862)" tag="candidates">
            <item dist="92.21953" id="995336"/>
            <item dist="79.39731" id="1500108"/>
   </badge>
        <badge xmlns:xsi="http://www.w3.org/2001/XMLSchema-instance" gpsTime="2020-04-15T06:10:37Z" msg="nearby L(37.65797, 126.97903)" tag="candidates">
            <item dist="52.51229" id="995336"/>
   </badge>
        <badge xmlns:xsi="http://www.w3.org/2001/XMLSchema-instance" gpsTime="2020-04-15T06:10:37Z" msg="nearby L(37.65815, 126.97861)" tag="candidates">
            <item dist="93.27502" id="995336"/>
            <item dist="78.43249" id="1500108"/>
   </badge>
        <badge xmlns:xsi="http://www.w3.org/2001/XMLSchema-instance" gpsTime="2020-04-15T06:10:39Z" msg="nearby L(37.65798, 126.97903)" tag="candidates">
            <item dist="53.280758" id="995336"/>
   </badge>
        <badge xmlns:xsi="http://www.w3.org/2001/XMLSchema-instance" gpsTime="2020-04-15T06:10:39Z" msg="nearby L(37.65815, 126.97860)" tag="candidates">
            <item dist="94.32771" id="995336"/>
            <item dist="77.35876" id="1500108"/>
   </badge>
        <badge xmlns:xsi="http://www.w3.org/2001/XMLSchema-instance" gpsTime="2020-04-15T06:10:41Z" msg="nearby L(37.65798, 126.97903)" tag="candidates">
            <item dist="53.280758" id="995336"/>
   </badge>
        <badge xmlns:xsi="http://www.w3.org/2001/XMLSchema-instance" gpsTime="2020-04-15T06:10:41Z" msg="nearby L(37.65815, 126.97860)" tag="candidates">
            <item dist="94.32771" id="995336"/>
            <item dist="77.35876" id="1500108"/>
   </badge>
        <badge xmlns:xsi="http://www.w3.org/2001/XMLSchema-instance" gpsTime="2020-04-15T06:10:44Z" msg="nearby L(37.65798, 126.97902)" tag="candidates">
            <item dist="53.280758" id="995336"/>
   </badge>
        <badge xmlns:xsi="http://www.w3.org/2001/XMLSchema-instance" gpsTime="2020-04-15T06:10:44Z" msg="nearby L(37.65816, 126.97859)" tag="candidates">
            <item dist="94.85714" id="995336"/>
            <item dist="76.87981" id="1500108"/>
   </badge>
        <badge xmlns:xsi="http://www.w3.org/2001/XMLSchema-instance" gpsTime="2020-04-15T06:10:46Z" msg="nearby L(37.65798, 126.97902)" tag="candidates">
            <item dist="53.74234" id="995336"/>
   </badge>
        <badge xmlns:xsi="http://www.w3.org/2001/XMLSchema-instance" gpsTime="2020-04-15T06:10:46Z" msg="nearby L(37.65815, 126.97859)" tag="candidates">
            <item dist="95.38838" id="995336"/>
            <item dist="76.403786" id="1500108"/>
   </badge>
        <badge xmlns:xsi="http://www.w3.org/2001/XMLSchema-instance" gpsTime="2020-04-15T06:10:47Z" msg="nearby L(37.65798, 126.97902)" tag="candidates">
            <item dist="53.74234" id="995336"/>
   </badge>
        <badge xmlns:xsi="http://www.w3.org/2001/XMLSchema-instance" gpsTime="2020-04-15T06:10:47Z" msg="nearby L(37.65816, 126.97859)" tag="candidates">
            <item dist="95.64831" id="995336"/>
            <item dist="76.10405" id="1500108"/>
   </badge>
        <badge xmlns:xsi="http://www.w3.org/2001/XMLSchema-instance" gpsTime="2020-04-15T06:10:50Z" msg="nearby L(37.65798, 126.97902)" tag="candidates">
            <item dist="54.050003" id="995336"/>
   </badge>
        <badge xmlns:xsi="http://www.w3.org/2001/XMLSchema-instance" gpsTime="2020-04-15T06:10:50Z" msg="nearby L(37.65816, 126.97858)" tag="candidates">
            <item dist="96.43954" id="995336"/>
            <item dist="75.328705" id="1500108"/>
   </badge>
        <badge xmlns:xsi="http://www.w3.org/2001/XMLSchema-instance" gpsTime="2020-04-15T06:10:52Z" msg="nearby L(37.65799, 126.97901)" tag="candidates">
            <item dist="54.81999" id="995336"/>
   </badge>
        <badge xmlns:xsi="http://www.w3.org/2001/XMLSchema-instance" gpsTime="2020-04-15T06:10:52Z" msg="nearby L(37.65817, 126.97857)" tag="candidates">
            <item dist="97.49136" id="995336"/>
            <item dist="74.253815" id="1500108"/>
   </badge>
        <badge xmlns:xsi="http://www.w3.org/2001/XMLSchema-instance" gpsTime="2020-04-15T06:10:54Z" msg="nearby L(37.65799, 126.97901)" tag="candidates">
            <item dist="55.128136" id="995336"/>
   </badge>
        <badge xmlns:xsi="http://www.w3.org/2001/XMLSchema-instance" gpsTime="2020-04-15T06:10:54Z" msg="nearby L(37.65818, 126.97856)" tag="candidates">
            <item dist="98.543846" id="995336"/>
            <item dist="73.17913" id="1500108"/>
   </badge>
        <badge xmlns:xsi="http://www.w3.org/2001/XMLSchema-instance" gpsTime="2020-04-15T06:10:56Z" msg="nearby L(37.65799, 126.97901)" tag="candidates">
            <item dist="55.590687" id="995336"/>
   </badge>
        <badge xmlns:xsi="http://www.w3.org/2001/XMLSchema-instance" gpsTime="2020-04-15T06:10:56Z" msg="nearby L(37.65818, 126.97855)" tag="candidates">
            <item dist="99.073616" id="995336"/>
            <item dist="72.70382" id="1500108"/>
   </badge>
        <badge xmlns:xsi="http://www.w3.org/2001/XMLSchema-instance" gpsTime="2020-04-15T06:10:58Z" msg="nearby L(37.65799, 126.97900)" tag="candidates">
            <item dist="55.590687" id="995336"/>
   </badge>
        <badge xmlns:xsi="http://www.w3.org/2001/XMLSchema-instance" gpsTime="2020-04-15T06:10:58Z" msg="nearby L(37.65818, 126.97855)" tag="candidates">
            <item dist="99.073616" id="995336"/>
            <item dist="72.70382" id="1500108"/>
   </badge>
        <badge xmlns:xsi="http://www.w3.org/2001/XMLSchema-instance" gpsTime="2020-04-15T06:11:01Z" msg="nearby L(37.65799, 126.97900)" tag="candidates">
            <item dist="56.057507" id="995336"/>
   </badge>
        <badge xmlns:xsi="http://www.w3.org/2001/XMLSchema-instance" gpsTime="2020-04-15T06:11:01Z" msg="nearby L(37.65818, 126.97854)" tag="candidates">
            <item dist="100.39666" id="995336"/>
            <item dist="71.45854" id="1500108"/>
   </badge>
        <badge xmlns:xsi="http://www.w3.org/2001/XMLSchema-instance" gpsTime="2020-04-15T06:11:03Z" msg="nearby L(37.65799, 126.97900)" tag="candidates">
            <item dist="56.057507" id="995336"/>
   </badge>
        <badge xmlns:xsi="http://www.w3.org/2001/XMLSchema-instance" gpsTime="2020-04-15T06:11:03Z" msg="nearby L(37.65818, 126.97853)" tag="candidates">
            <item dist="70.68592" id="1500108"/>
   </badge>
        <badge xmlns:xsi="http://www.w3.org/2001/XMLSchema-instance" gpsTime="2020-04-15T06:11:04Z" msg="nearby L(37.65799, 126.97899)" tag="candidates">
            <item dist="56.36207" id="995336"/>
   </badge>
        <badge xmlns:xsi="http://www.w3.org/2001/XMLSchema-instance" gpsTime="2020-04-15T06:11:04Z" msg="nearby L(37.65818, 126.97853)" tag="candidates">
            <item dist="70.68592" id="1500108"/>
   </badge>
        <badge xmlns:xsi="http://www.w3.org/2001/XMLSchema-instance" gpsTime="2020-04-15T06:11:07Z" msg="nearby L(37.65799, 126.97899)" tag="candidates">
            <item dist="56.830524" id="995336"/>
   </badge>
        <badge xmlns:xsi="http://www.w3.org/2001/XMLSchema-instance" gpsTime="2020-04-15T06:11:07Z" msg="nearby L(37.65819, 126.97851)" tag="candidates">
            <item dist="69.75655" id="1500108"/>
   </badge>
        <badge xmlns:xsi="http://www.w3.org/2001/XMLSchema-instance" gpsTime="2020-04-15T06:11:08Z" msg="nearby L(37.65799, 126.97898)" tag="candidates">
            <item dist="57.303062" id="995336"/>
   </badge>
        <badge xmlns:xsi="http://www.w3.org/2001/XMLSchema-instance" gpsTime="2020-04-15T06:11:08Z" msg="nearby L(37.65819, 126.97851)" tag="candidates">
            <item dist="68.98718" id="1500108"/>
   </badge>
        <badge xmlns:xsi="http://www.w3.org/2001/XMLSchema-instance" gpsTime="2020-04-15T06:11:12Z" msg="nearby L(37.65800, 126.97898)" tag="candidates">
            <item dist="57.906773" id="995336"/>
   </badge>
        <badge xmlns:xsi="http://www.w3.org/2001/XMLSchema-instance" gpsTime="2020-04-15T06:11:12Z" msg="nearby L(37.65820, 126.97850)" tag="candidates">
            <item dist="67.29373" id="1500108"/>
   </badge>
        <badge xmlns:xsi="http://www.w3.org/2001/XMLSchema-instance" gpsTime="2020-04-15T06:11:13Z" msg="nearby L(37.65800, 126.97898)" tag="candidates">
            <item dist="58.2109" id="995336"/>
   </badge>
        <badge xmlns:xsi="http://www.w3.org/2001/XMLSchema-instance" gpsTime="2020-04-15T06:11:13Z" msg="nearby L(37.65821, 126.97850)" tag="candidates">
            <item dist="66.98802" id="1500108"/>
   </badge>
        <badge xmlns:xsi="http://www.w3.org/2001/XMLSchema-instance" gpsTime="2020-04-15T06:11:16Z" msg="nearby L(37.65801, 126.97898)" tag="candidates">
            <item dist="58.680042" id="995336"/>
   </badge>
        <badge xmlns:xsi="http://www.w3.org/2001/XMLSchema-instance" gpsTime="2020-04-15T06:11:16Z" msg="nearby L(37.65821, 126.97849)" tag="candidates">
            <item dist="66.216415" id="1500108"/>
   </badge>
        <badge xmlns:xsi="http://www.w3.org/2001/XMLSchema-instance" gpsTime="2020-04-15T06:11:18Z" msg="nearby L(37.65801, 126.97897)" tag="candidates">
            <item dist="58.983223" id="995336"/>
   </badge>
        <badge xmlns:xsi="http://www.w3.org/2001/XMLSchema-instance" gpsTime="2020-04-15T06:11:18Z" msg="nearby L(37.65822, 126.97849)" tag="candidates">
            <item dist="65.139244" id="1500108"/>
   </badge>
        <badge xmlns:xsi="http://www.w3.org/2001/XMLSchema-instance" gpsTime="2020-04-15T06:11:20Z" msg="nearby L(37.65801, 126.97897)" tag="candidates">
            <item dist="58.983223" id="995336"/>
   </badge>
        <badge xmlns:xsi="http://www.w3.org/2001/XMLSchema-instance" gpsTime="2020-04-15T06:11:20Z" msg="nearby L(37.65821, 126.97848)" tag="candidates">
            <item dist="65.44537" id="1500108"/>
   </badge>
        <badge xmlns:xsi="http://www.w3.org/2001/XMLSchema-instance" gpsTime="2020-04-15T06:11:22Z" msg="nearby L(37.65801, 126.97897)" tag="candidates">
            <item dist="59.453896" id="995336"/>
   </badge>
        <badge xmlns:xsi="http://www.w3.org/2001/XMLSchema-instance" gpsTime="2020-04-15T06:11:22Z" msg="nearby L(37.65822, 126.97848)" tag="candidates">
            <item dist="64.67492" id="1500108"/>
   </badge>
        <badge xmlns:xsi="http://www.w3.org/2001/XMLSchema-instance" gpsTime="2020-04-15T06:11:24Z" msg="nearby L(37.65801, 126.97897)" tag="candidates">
            <item dist="59.756145" id="995336"/>
   </badge>
        <badge xmlns:xsi="http://www.w3.org/2001/XMLSchema-instance" gpsTime="2020-04-15T06:11:24Z" msg="nearby L(37.65822, 126.97847)" tag="candidates">
            <item dist="63.90507" id="1500108"/>
   </badge>
        <badge xmlns:xsi="http://www.w3.org/2001/XMLSchema-instance" gpsTime="2020-04-15T06:11:26Z" msg="nearby L(37.65801, 126.97896)" tag="candidates">
            <item dist="59.756145" id="995336"/>
   </badge>
        <badge xmlns:xsi="http://www.w3.org/2001/XMLSchema-instance" gpsTime="2020-04-15T06:11:26Z" msg="nearby L(37.65822, 126.97847)" tag="candidates">
            <item dist="63.446" id="1500108"/>
   </badge>
        <badge xmlns:xsi="http://www.w3.org/2001/XMLSchema-instance" gpsTime="2020-04-15T06:11:29Z" msg="nearby L(37.65794, 126.97912)" tag="candidates">
            <item dist="45.104343" id="995336"/>
   </badge>
        <badge xmlns:xsi="http://www.w3.org/2001/XMLSchema-instance" gpsTime="2020-04-15T06:11:29Z" msg="nearby L(37.65808, 126.97878)" tag="candidates">
            <item dist="77.53534" id="995336"/>
            <item dist="93.9028" id="1500108"/>
   </badge>
        <badge xmlns:xsi="http://www.w3.org/2001/XMLSchema-instance" gpsTime="2020-04-15T06:11:29Z" msg="nearby L(37.65823, 126.97844)" tag="candidates">
            <item dist="61.775276" id="1500108"/>
   </badge>
        <badge xmlns:xsi="http://www.w3.org/2001/XMLSchema-instance" badgeId="1500108" badgeTime="2020-04-15T06:12:46Z" badgeUser="609508C9300E77BFAD73974C0FC80194" msg="code -1" tag="registration (offline)"/>
        <badge xmlns:xsi="http://www.w3.org/2001/XMLSchema-instance" gpsTime="2020-04-15T06:36:21Z" msg="nearby L(37.65816, 126.97865)" tag="candidates">
            <item dist="91.49875" id="995336"/>
   </badge>
        <badge xmlns:xsi="http://www.w3.org/2001/XMLSchema-instance" gpsTime="2020-04-15T06:37:49Z" msg="nearby L(37.65803, 126.97896)" tag="candidates">
            <item dist="61.749367" id="995336"/>
   </badge>
        <badge xmlns:xsi="http://www.w3.org/2001/XMLSchema-instance" gpsTime="2020-04-15T06:39:26Z" msg="nearby L(37.65802, 126.97930)" tag="candidates">
            <item dist="45.261795" id="995336"/>
   </badge>
        <badge xmlns:xsi="http://www.w3.org/2001/XMLSchema-instance" gpsTime="2020-04-15T06:40:15Z" msg="nearby L(37.65779, 126.97948)" tag="candidates">
            <item dist="18.648617" id="995336"/>
   </badge>
        <badge xmlns:xsi="http://www.w3.org/2001/XMLSchema-instance" gpsTime="2020-04-15T06:41:39Z" msg="nearby L(37.65788, 126.97981)" tag="candidates">
            <item dist="42.95981" id="995336"/>
   </badge>
        <badge xmlns:xsi="http://www.w3.org/2001/XMLSchema-instance" gpsTime="2020-04-15T06:43:04Z" msg="nearby L(37.65797, 126.98017)" tag="candidates">
            <item dist="74.446365" id="995336"/>
   </badge>
        <badge xmlns:xsi="http://www.w3.org/2001/XMLSchema-instance" gpsTime="2020-04-15T06:43:59Z" msg="nearby L(37.65797, 126.98001)" tag="candidates">
            <item dist="63.256145" id="995336"/>
   </badge>
        <badge xmlns:xsi="http://www.w3.org/2001/XMLSchema-instance" gpsTime="2020-04-15T06:44:02Z" msg="nearby L(37.65797, 126.98002)" tag="candidates">
            <item dist="63.79479" id="995336"/>
   </badge>
        <badge xmlns:xsi="http://www.w3.org/2001/XMLSchema-instance" gpsTime="2020-04-15T06:44:04Z" msg="nearby L(37.65797, 126.98002)" tag="candidates">
            <item dist="64.086105" id="995336"/>
   </badge>
        <badge xmlns:xsi="http://www.w3.org/2001/XMLSchema-instance" gpsTime="2020-04-15T06:44:06Z" msg="nearby L(37.65796, 126.98002)" tag="candidates">
            <item dist="63.83807" id="995336"/>
   </badge>
        <badge xmlns:xsi="http://www.w3.org/2001/XMLSchema-instance" gpsTime="2020-04-15T06:44:08Z" msg="nearby L(37.65796, 126.98002)" tag="candidates">
            <item dist="63.591892" id="995336"/>
   </badge>
        <badge xmlns:xsi="http://www.w3.org/2001/XMLSchema-instance" gpsTime="2020-04-15T06:44:11Z" msg="nearby L(37.65796, 126.98002)" tag="candidates">
            <item dist="63.347584" id="995336"/>
   </badge>
        <badge xmlns:xsi="http://www.w3.org/2001/XMLSchema-instance" gpsTime="2020-04-15T06:44:13Z" msg="nearby L(37.65795, 126.98002)" tag="candidates">
            <item dist="63.347584" id="995336"/>
   </badge>
        <badge xmlns:xsi="http://www.w3.org/2001/XMLSchema-instance" gpsTime="2020-04-15T06:44:14Z" msg="nearby L(37.65795, 126.98003)" tag="candidates">
            <item dist="63.10517" id="995336"/>
   </badge>
        <badge xmlns:xsi="http://www.w3.org/2001/XMLSchema-instance" gpsTime="2020-04-15T06:44:16Z" msg="nearby L(37.65795, 126.98003)" tag="candidates">
            <item dist="63.10517" id="995336"/>
   </badge>
        <badge xmlns:xsi="http://www.w3.org/2001/XMLSchema-instance" gpsTime="2020-04-15T06:44:19Z" msg="nearby L(37.65796, 126.98003)" tag="candidates">
            <item dist="64.141846" id="995336"/>
   </badge>
        <badge xmlns:xsi="http://www.w3.org/2001/XMLSchema-instance" gpsTime="2020-04-15T06:44:21Z" msg="nearby L(37.65797, 126.98003)" tag="candidates">
            <item dist="64.63185" id="995336"/>
   </badge>
        <badge xmlns:xsi="http://www.w3.org/2001/XMLSchema-instance" gpsTime="2020-04-15T06:44:23Z" msg="nearby L(37.65797, 126.98004)" tag="candidates">
            <item dist="64.879616" id="995336"/>
   </badge>
        <badge xmlns:xsi="http://www.w3.org/2001/XMLSchema-instance" gpsTime="2020-04-15T06:44:25Z" msg="nearby L(37.65797, 126.98004)" tag="candidates">
            <item dist="65.425674" id="995336"/>
   </badge>
        <badge xmlns:xsi="http://www.w3.org/2001/XMLSchema-instance" gpsTime="2020-04-15T06:44:28Z" msg="nearby L(37.65797, 126.98004)" tag="candidates">
            <item dist="65.425674" id="995336"/>
   </badge>
        <badge xmlns:xsi="http://www.w3.org/2001/XMLSchema-instance" gpsTime="2020-04-15T06:44:29Z" msg="nearby L(37.65797, 126.98005)" tag="candidates">
            <item dist="66.21953" id="995336"/>
   </badge>
        <badge xmlns:xsi="http://www.w3.org/2001/XMLSchema-instance" gpsTime="2020-04-15T06:44:32Z" msg="nearby L(37.65798, 126.98005)" tag="candidates">
            <item dist="66.21953" id="995336"/>
   </badge>
        <badge xmlns:xsi="http://www.w3.org/2001/XMLSchema-instance" gpsTime="2020-04-15T06:44:34Z" msg="nearby L(37.65798, 126.98005)" tag="candidates">
            <item dist="66.21953" id="995336"/>
   </badge>
        <badge xmlns:xsi="http://www.w3.org/2001/XMLSchema-instance" gpsTime="2020-04-15T06:44:35Z" msg="nearby L(37.65797, 126.98005)" tag="candidates">
            <item dist="66.21953" id="995336"/>
   </badge>
        <badge xmlns:xsi="http://www.w3.org/2001/XMLSchema-instance" gpsTime="2020-04-15T06:44:37Z" msg="nearby L(37.65797, 126.98005)" tag="candidates">
            <item dist="66.21953" id="995336"/>
   </badge>
        <badge xmlns:xsi="http://www.w3.org/2001/XMLSchema-instance" gpsTime="2020-04-15T06:44:40Z" msg="nearby L(37.65798, 126.98005)" tag="candidates">
            <item dist="66.7682" id="995336"/>
   </badge>
        <badge xmlns:xsi="http://www.w3.org/2001/XMLSchema-instance" gpsTime="2020-04-15T06:44:42Z" msg="nearby L(37.65798, 126.98006)" tag="candidates">
            <item dist="66.7682" id="995336"/>
   </badge>
        <badge xmlns:xsi="http://www.w3.org/2001/XMLSchema-instance" gpsTime="2020-04-15T06:44:43Z" msg="nearby L(37.65797, 126.98006)" tag="candidates">
            <item dist="66.7682" id="995336"/>
   </badge>
        <badge xmlns:xsi="http://www.w3.org/2001/XMLSchema-instance" gpsTime="2020-04-15T06:44:47Z" msg="nearby L(37.65798, 126.98006)" tag="candidates">
            <item dist="67.31914" id="995336"/>
   </badge>
        <badge xmlns:xsi="http://www.w3.org/2001/XMLSchema-instance" gpsTime="2020-04-15T06:44:48Z" msg="nearby L(37.65798, 126.98006)" tag="candidates">
            <item dist="67.56235" id="995336"/>
   </badge>
        <badge xmlns:xsi="http://www.w3.org/2001/XMLSchema-instance" gpsTime="2020-04-15T06:44:51Z" msg="nearby L(37.65798, 126.98006)" tag="candidates">
            <item dist="67.56235" id="995336"/>
   </badge>
        <badge xmlns:xsi="http://www.w3.org/2001/XMLSchema-instance" gpsTime="2020-04-15T06:44:52Z" msg="nearby L(37.65795, 126.97988)" tag="candidates">
            <item dist="53.101536" id="995336"/>
   </badge>
        <badge xmlns:xsi="http://www.w3.org/2001/XMLSchema-instance" gpsTime="2020-04-15T06:44:52Z" msg="nearby L(37.65801, 126.98025)" tag="candidates">
            <item dist="83.341286" id="995336"/>
   </badge>
        <badge xmlns:xsi="http://www.w3.org/2001/XMLSchema-instance" gpsTime="2020-04-15T07:20:57Z" msg="nearby L(37.66304, 126.98823)" tag="candidates">
            <item dist="89.37664" id="1500117"/>
   </badge>
        <badge xmlns:xsi="http://www.w3.org/2001/XMLSchema-instance" gpsTime="2020-04-15T07:23:16Z" msg="nearby L(37.66325, 126.98845)" tag="candidates">
            <item dist="69.07092" id="1500117"/>
   </badge>
        <badge xmlns:xsi="http://www.w3.org/2001/XMLSchema-instance" gpsTime="2020-04-15T07:23:18Z" msg="nearby L(37.66301, 126.98805)" tag="candidates">
            <item dist="93.37609" id="1500117"/>
   </badge>
        <badge xmlns:xsi="http://www.w3.org/2001/XMLSchema-instance" gpsTime="2020-04-15T07:23:18Z" msg="nearby L(37.66325, 126.98846)" tag="candidates">
            <item dist="68.88291" id="1500117"/>
   </badge>
        <badge xmlns:xsi="http://www.w3.org/2001/XMLSchema-instance" gpsTime="2020-04-15T07:23:20Z" msg="nearby L(37.66301, 126.98805)" tag="candidates">
            <item dist="93.37609" id="1500117"/>
   </badge>
        <badge xmlns:xsi="http://www.w3.org/2001/XMLSchema-instance" gpsTime="2020-04-15T07:23:20Z" msg="nearby L(37.66325, 126.98846)" tag="candidates">
            <item dist="68.88291" id="1500117"/>
   </badge>
        <badge xmlns:xsi="http://www.w3.org/2001/XMLSchema-instance" gpsTime="2020-04-15T07:23:21Z" msg="nearby L(37.66301, 126.98805)" tag="candidates">
            <item dist="92.85761" id="1500117"/>
   </badge>
        <badge xmlns:xsi="http://www.w3.org/2001/XMLSchema-instance" gpsTime="2020-04-15T07:23:21Z" msg="nearby L(37.66325, 126.98846)" tag="candidates">
            <item dist="68.88291" id="1500117"/>
   </badge>
        <badge xmlns:xsi="http://www.w3.org/2001/XMLSchema-instance" gpsTime="2020-04-15T07:23:24Z" msg="nearby L(37.66301, 126.98805)" tag="candidates">
            <item dist="92.85761" id="1500117"/>
   </badge>
        <badge xmlns:xsi="http://www.w3.org/2001/XMLSchema-instance" gpsTime="2020-04-15T07:23:24Z" msg="nearby L(37.66326, 126.98846)" tag="candidates">
            <item dist="68.70358" id="1500117"/>
   </badge>
        <badge xmlns:xsi="http://www.w3.org/2001/XMLSchema-instance" gpsTime="2020-04-15T07:23:25Z" msg="nearby L(37.66301, 126.98805)" tag="candidates">
            <item dist="92.85761" id="1500117"/>
   </badge>
        <badge xmlns:xsi="http://www.w3.org/2001/XMLSchema-instance" gpsTime="2020-04-15T07:23:25Z" msg="nearby L(37.66326, 126.98846)" tag="candidates">
            <item dist="68.70358" id="1500117"/>
   </badge>
        <badge xmlns:xsi="http://www.w3.org/2001/XMLSchema-instance" gpsTime="2020-04-15T07:23:28Z" msg="nearby L(37.66301, 126.98805)" tag="candidates">
            <item dist="92.85761" id="1500117"/>
   </badge>
        <badge xmlns:xsi="http://www.w3.org/2001/XMLSchema-instance" gpsTime="2020-04-15T07:23:28Z" msg="nearby L(37.66326, 126.98846)" tag="candidates">
            <item dist="68.30452" id="1500117"/>
   </badge>
        <badge xmlns:xsi="http://www.w3.org/2001/XMLSchema-instance" gpsTime="2020-04-15T07:23:29Z" msg="nearby L(37.66302, 126.98805)" tag="candidates">
            <item dist="92.85761" id="1500117"/>
   </badge>
        <badge xmlns:xsi="http://www.w3.org/2001/XMLSchema-instance" gpsTime="2020-04-15T07:23:31Z" msg="nearby L(37.66326, 126.98846)" tag="candidates">
            <item dist="68.30452" id="1500117"/>
   </badge>
        <badge xmlns:xsi="http://www.w3.org/2001/XMLSchema-instance" gpsTime="2020-04-15T07:23:32Z" msg="nearby L(37.66302, 126.98805)" tag="candidates">
            <item dist="92.43871" id="1500117"/>
   </badge>
        <badge xmlns:xsi="http://www.w3.org/2001/XMLSchema-instance" gpsTime="2020-04-15T07:23:32Z" msg="nearby L(37.66327, 126.98847)" tag="candidates">
            <item dist="67.90575" id="1500117"/>
   </badge>
        <badge xmlns:xsi="http://www.w3.org/2001/XMLSchema-instance" gpsTime="2020-04-15T07:23:34Z" msg="nearby L(37.66302, 126.98805)" tag="candidates">
            <item dist="92.43871" id="1500117"/>
   </badge>
        <badge xmlns:xsi="http://www.w3.org/2001/XMLSchema-instance" gpsTime="2020-04-15T07:23:34Z" msg="nearby L(37.66327, 126.98846)" tag="candidates">
            <item dist="67.90575" id="1500117"/>
   </badge>
        <badge xmlns:xsi="http://www.w3.org/2001/XMLSchema-instance" gpsTime="2020-04-15T07:23:37Z" msg="nearby L(37.66302, 126.98805)" tag="candidates">
            <item dist="92.01985" id="1500117"/>
   </badge>
        <badge xmlns:xsi="http://www.w3.org/2001/XMLSchema-instance" gpsTime="2020-04-15T07:23:37Z" msg="nearby L(37.66327, 126.98846)" tag="candidates">
            <item dist="67.109116" id="1500117"/>
   </badge>
        <badge xmlns:xsi="http://www.w3.org/2001/XMLSchema-instance" gpsTime="2020-04-15T07:23:39Z" msg="nearby L(37.66302, 126.98805)" tag="candidates">
            <item dist="92.01985" id="1500117"/>
   </badge>
        <badge xmlns:xsi="http://www.w3.org/2001/XMLSchema-instance" gpsTime="2020-04-15T07:23:39Z" msg="nearby L(37.66328, 126.98846)" tag="candidates">
            <item dist="66.71126" id="1500117"/>
   </badge>
        <badge xmlns:xsi="http://www.w3.org/2001/XMLSchema-instance" gpsTime="2020-04-15T07:23:41Z" msg="nearby L(37.66303, 126.98805)" tag="candidates">
            <item dist="91.18227" id="1500117"/>
   </badge>
        <badge xmlns:xsi="http://www.w3.org/2001/XMLSchema-instance" gpsTime="2020-04-15T07:23:41Z" msg="nearby L(37.66329, 126.98847)" tag="candidates">
            <item dist="65.51962" id="1500117"/>
   </badge>
        <badge xmlns:xsi="http://www.w3.org/2001/XMLSchema-instance" gpsTime="2020-04-15T07:23:43Z" msg="nearby L(37.66303, 126.98805)" tag="candidates">
            <item dist="90.763535" id="1500117"/>
   </badge>
        <badge xmlns:xsi="http://www.w3.org/2001/XMLSchema-instance" gpsTime="2020-04-15T07:23:43Z" msg="nearby L(37.66329, 126.98847)" tag="candidates">
            <item dist="64.72685" id="1500117"/>
   </badge>
        <badge xmlns:xsi="http://www.w3.org/2001/XMLSchema-instance" gpsTime="2020-04-15T07:23:44Z" msg="nearby L(37.66303, 126.98805)" tag="candidates">
            <item dist="90.763535" id="1500117"/>
   </badge>
        <badge xmlns:xsi="http://www.w3.org/2001/XMLSchema-instance" gpsTime="2020-04-15T07:23:44Z" msg="nearby L(37.66330, 126.98847)" tag="candidates">
            <item dist="64.72685" id="1500117"/>
   </badge>
        <badge xmlns:xsi="http://www.w3.org/2001/XMLSchema-instance" gpsTime="2020-04-15T07:23:48Z" msg="nearby L(37.66303, 126.98805)" tag="candidates">
            <item dist="90.763535" id="1500117"/>
   </badge>
        <badge xmlns:xsi="http://www.w3.org/2001/XMLSchema-instance" gpsTime="2020-04-15T07:23:48Z" msg="nearby L(37.66330, 126.98847)" tag="candidates">
            <item dist="64.330986" id="1500117"/>
   </badge>
        <badge xmlns:xsi="http://www.w3.org/2001/XMLSchema-instance" gpsTime="2020-04-15T07:23:50Z" msg="nearby L(37.66304, 126.98805)" tag="candidates">
            <item dist="90.34484" id="1500117"/>
   </badge>
        <badge xmlns:xsi="http://www.w3.org/2001/XMLSchema-instance" gpsTime="2020-04-15T07:23:50Z" msg="nearby L(37.66330, 126.98847)" tag="candidates">
            <item dist="63.93547" id="1500117"/>
   </badge>
        <badge xmlns:xsi="http://www.w3.org/2001/XMLSchema-instance" gpsTime="2020-04-15T07:23:52Z" msg="nearby L(37.66304, 126.98805)" tag="candidates">
            <item dist="90.34484" id="1500117"/>
   </badge>
        <badge xmlns:xsi="http://www.w3.org/2001/XMLSchema-instance" gpsTime="2020-04-15T07:23:52Z" msg="nearby L(37.66330, 126.98847)" tag="candidates">
            <item dist="63.93547" id="1500117"/>
   </badge>
        <badge xmlns:xsi="http://www.w3.org/2001/XMLSchema-instance" gpsTime="2020-04-15T07:23:54Z" msg="nearby L(37.66304, 126.98805)" tag="candidates">
            <item dist="90.34484" id="1500117"/>
   </badge>
        <badge xmlns:xsi="http://www.w3.org/2001/XMLSchema-instance" gpsTime="2020-04-15T07:23:54Z" msg="nearby L(37.66330, 126.98847)" tag="candidates">
            <item dist="63.93547" id="1500117"/>
   </badge>
        <badge xmlns:xsi="http://www.w3.org/2001/XMLSchema-instance" gpsTime="2020-04-15T07:23:56Z" msg="nearby L(37.66304, 126.98805)" tag="candidates">
            <item dist="90.34484" id="1500117"/>
   </badge>
        <badge xmlns:xsi="http://www.w3.org/2001/XMLSchema-instance" gpsTime="2020-04-15T07:23:56Z" msg="nearby L(37.66330, 126.98847)" tag="candidates">
            <item dist="63.93547" id="1500117"/>
   </badge>
        <badge xmlns:xsi="http://www.w3.org/2001/XMLSchema-instance" gpsTime="2020-04-15T07:23:58Z" msg="nearby L(37.66304, 126.98805)" tag="candidates">
            <item dist="90.34484" id="1500117"/>
   </badge>
        <badge xmlns:xsi="http://www.w3.org/2001/XMLSchema-instance" gpsTime="2020-04-15T07:23:58Z" msg="nearby L(37.66331, 126.98846)" tag="candidates">
            <item dist="63.540318" id="1500117"/>
   </badge>
        <badge xmlns:xsi="http://www.w3.org/2001/XMLSchema-instance" gpsTime="2020-04-15T07:24:01Z" msg="nearby L(37.66305, 126.98804)" tag="candidates">
            <item dist="89.61133" id="1500117"/>
   </badge>
        <badge xmlns:xsi="http://www.w3.org/2001/XMLSchema-instance" gpsTime="2020-04-15T07:24:01Z" msg="nearby L(37.66332, 126.98845)" tag="candidates">
            <item dist="61.47887" id="1500117"/>
   </badge>
        <badge xmlns:xsi="http://www.w3.org/2001/XMLSchema-instance" gpsTime="2020-04-15T07:24:02Z" msg="nearby L(37.66305, 126.98804)" tag="candidates">
            <item dist="89.19326" id="1500117"/>
   </badge>
        <badge xmlns:xsi="http://www.w3.org/2001/XMLSchema-instance" gpsTime="2020-04-15T07:24:02Z" msg="nearby L(37.66332, 126.98845)" tag="candidates">
            <item dist="61.082497" id="1500117"/>
   </badge>
        <badge xmlns:xsi="http://www.w3.org/2001/XMLSchema-instance" gpsTime="2020-04-15T07:24:05Z" msg="nearby L(37.66305, 126.98804)" tag="candidates">
            <item dist="88.88492" id="1500117"/>
   </badge>
        <badge xmlns:xsi="http://www.w3.org/2001/XMLSchema-instance" gpsTime="2020-04-15T07:24:05Z" msg="nearby L(37.66333, 126.98844)" tag="candidates">
            <item dist="60.053635" id="1500117"/>
   </badge>
        <badge xmlns:xsi="http://www.w3.org/2001/XMLSchema-instance" gpsTime="2020-04-15T07:24:06Z" msg="nearby L(37.66305, 126.98804)" tag="candidates">
            <item dist="88.88492" id="1500117"/>
   </badge>
        <badge xmlns:xsi="http://www.w3.org/2001/XMLSchema-instance" gpsTime="2020-04-15T07:24:06Z" msg="nearby L(37.66334, 126.98844)" tag="candidates">
            <item dist="59.656807" id="1500117"/>
   </badge>
        <badge xmlns:xsi="http://www.w3.org/2001/XMLSchema-instance" gpsTime="2020-04-15T07:24:09Z" msg="nearby L(37.66306, 126.98804)" tag="candidates">
            <item dist="88.05008" id="1500117"/>
   </badge>
        <badge xmlns:xsi="http://www.w3.org/2001/XMLSchema-instance" gpsTime="2020-04-15T07:24:09Z" msg="nearby L(37.66335, 126.98843)" tag="candidates">
            <item dist="57.834763" id="1500117"/>
   </badge>
        <badge xmlns:xsi="http://www.w3.org/2001/XMLSchema-instance" gpsTime="2020-04-15T07:24:11Z" msg="nearby L(37.66307, 126.98803)" tag="candidates">
            <item dist="86.91564" id="1500117"/>
   </badge>
        <badge xmlns:xsi="http://www.w3.org/2001/XMLSchema-instance" gpsTime="2020-04-15T07:24:11Z" msg="nearby L(37.66337, 126.98841)" tag="candidates">
            <item dist="55.15794" id="1500117"/>
   </badge>
        <badge xmlns:xsi="http://www.w3.org/2001/XMLSchema-instance" gpsTime="2020-04-15T07:24:13Z" msg="nearby L(37.66308, 126.98802)" tag="candidates">
            <item dist="86.20615" id="1500117"/>
   </badge>
        <badge xmlns:xsi="http://www.w3.org/2001/XMLSchema-instance" gpsTime="2020-04-15T07:24:13Z" msg="nearby L(37.66338, 126.98840)" tag="candidates">
            <item dist="53.737324" id="1500117"/>
   </badge>
        <badge xmlns:xsi="http://www.w3.org/2001/XMLSchema-instance" gpsTime="2020-04-15T07:24:15Z" msg="nearby L(37.66308, 126.98802)" tag="candidates">
            <item dist="85.79029" id="1500117"/>
   </badge>
        <badge xmlns:xsi="http://www.w3.org/2001/XMLSchema-instance" gpsTime="2020-04-15T07:24:16Z" msg="nearby L(37.66339, 126.98840)" tag="candidates">
            <item dist="52.937424" id="1500117"/>
   </badge>
        <badge xmlns:xsi="http://www.w3.org/2001/XMLSchema-instance" gpsTime="2020-04-15T07:24:18Z" msg="nearby L(37.66308, 126.98802)" tag="candidates">
            <item dist="85.79029" id="1500117"/>
   </badge>
        <badge xmlns:xsi="http://www.w3.org/2001/XMLSchema-instance" gpsTime="2020-04-15T07:24:18Z" msg="nearby L(37.66340, 126.98840)" tag="candidates">
            <item dist="52.53803" id="1500117"/>
   </badge>
        <badge xmlns:xsi="http://www.w3.org/2001/XMLSchema-instance" gpsTime="2020-04-15T07:24:20Z" msg="nearby L(37.66308, 126.98803)" tag="candidates">
            <item dist="85.37451" id="1500117"/>
   </badge>
        <badge xmlns:xsi="http://www.w3.org/2001/XMLSchema-instance" gpsTime="2020-04-15T07:24:20Z" msg="nearby L(37.66340, 126.98841)" tag="candidates">
            <item dist="52.368813" id="1500117"/>
   </badge>
        <badge xmlns:xsi="http://www.w3.org/2001/XMLSchema-instance" gpsTime="2020-04-15T07:24:22Z" msg="nearby L(37.66308, 126.98803)" tag="candidates">
            <item dist="85.130005" id="1500117"/>
   </badge>
        <badge xmlns:xsi="http://www.w3.org/2001/XMLSchema-instance" gpsTime="2020-04-15T07:24:22Z" msg="nearby L(37.66340, 126.98843)" tag="candidates">
            <item dist="52.851154" id="1500117"/>
   </badge>
        <badge xmlns:xsi="http://www.w3.org/2001/XMLSchema-instance" gpsTime="2020-04-15T07:24:24Z" msg="nearby L(37.66308, 126.98803)" tag="candidates">
            <item dist="85.546974" id="1500117"/>
   </badge>
        <badge xmlns:xsi="http://www.w3.org/2001/XMLSchema-instance" gpsTime="2020-04-15T07:24:24Z" msg="nearby L(37.66340, 126.98843)" tag="candidates">
            <item dist="53.10348" id="1500117"/>
   </badge>
        <badge xmlns:xsi="http://www.w3.org/2001/XMLSchema-instance" gpsTime="2020-04-15T07:24:26Z" msg="nearby L(37.66309, 126.98803)" tag="candidates">
            <item dist="85.24969" id="1500117"/>
   </badge>
        <badge xmlns:xsi="http://www.w3.org/2001/XMLSchema-instance" gpsTime="2020-04-15T07:24:26Z" msg="nearby L(37.66341, 126.98843)" tag="candidates">
            <item dist="52.06519" id="1500117"/>
   </badge>
        <badge xmlns:xsi="http://www.w3.org/2001/XMLSchema-instance" gpsTime="2020-04-15T07:24:28Z" msg="nearby L(37.66309, 126.98803)" tag="candidates">
            <item dist="84.83337" id="1500117"/>
   </badge>
        <badge xmlns:xsi="http://www.w3.org/2001/XMLSchema-instance" gpsTime="2020-04-15T07:24:28Z" msg="nearby L(37.66341, 126.98842)" tag="candidates">
            <item dist="51.0287" id="1500117"/>
   </badge>
        <badge xmlns:xsi="http://www.w3.org/2001/XMLSchema-instance" gpsTime="2020-04-15T07:24:31Z" msg="nearby L(37.66310, 126.98803)" tag="candidates">
            <item dist="84.127625" id="1500117"/>
   </badge>
        <badge xmlns:xsi="http://www.w3.org/2001/XMLSchema-instance" gpsTime="2020-04-15T07:24:31Z" msg="nearby L(37.66342, 126.98841)" tag="candidates">
            <item dist="49.599945" id="1500117"/>
   </badge>
        <badge xmlns:xsi="http://www.w3.org/2001/XMLSchema-instance" badgeId="1500117" badgeTime="2020-04-15T07:24:31Z" badgeUser="609508C9300E77BFAD73974C0FC80194" msg="code -1" tag="registration (offline)"/>
        <badge xmlns:xsi="http://www.w3.org/2001/XMLSchema-instance" badgeId="905419" badgeTime="2020-04-15T01:03:06Z" badgeUser="609508C9300E77BFAD73974C0FC80194" msg="code -1" tag="registration (offline)"/>
        <badge xmlns:xsi="http://www.w3.org/2001/XMLSchema-instance" badgeId="995342" badgeTime="2020-04-15T04:13:13Z" badgeUser="609508C9300E77BFAD73974C0FC80194" msg="code -1" tag="registration (offline)"/>
        <badge xmlns:xsi="http://www.w3.org/2001/XMLSchema-instance" badgeId="995341" badgeTime="2020-04-15T04:24:15Z" badgeUser="609508C9300E77BFAD73974C0FC80194" msg="code -1" tag="registration (offline)"/>
        <badge xmlns:xsi="http://www.w3.org/2001/XMLSchema-instance" badgeId="995340" badgeTime="2020-04-15T04:37:18Z" badgeUser="609508C9300E77BFAD73974C0FC80194" msg="code -1" tag="registration (offline)"/>
        <badge xmlns:xsi="http://www.w3.org/2001/XMLSchema-instance" badgeId="995339" badgeTime="2020-04-15T04:57:20Z" badgeUser="609508C9300E77BFAD73974C0FC80194" msg="code -1" tag="registration (offline)"/>
        <badge xmlns:xsi="http://www.w3.org/2001/XMLSchema-instance" badgeId="995338" badgeTime="2020-04-15T05:06:18Z" badgeUser="609508C9300E77BFAD73974C0FC80194" msg="code -1" tag="registration (offline)"/>
        <badge xmlns:xsi="http://www.w3.org/2001/XMLSchema-instance" badgeId="120114" badgeTime="2020-04-15T05:07:37Z" badgeUser="609508C9300E77BFAD73974C0FC80194" msg="code -1" tag="registration (offline)"/>
        <badge xmlns:xsi="http://www.w3.org/2001/XMLSchema-instance" badgeId="995337" badgeTime="2020-04-15T05:23:12Z" badgeUser="609508C9300E77BFAD73974C0FC80194" msg="code -1" tag="registration (offline)"/>
        <badge xmlns:xsi="http://www.w3.org/2001/XMLSchema-instance" badgeId="995336" badgeTime="2020-04-15T05:56:29Z" badgeUser="609508C9300E77BFAD73974C0FC80194" msg="code -1" tag="registration (offline)"/>
        <badge xmlns:xsi="http://www.w3.org/2001/XMLSchema-instance" badgeId="1500125" badgeTime="2020-04-15T06:03:43Z" badgeUser="609508C9300E77BFAD73974C0FC80194" msg="code -1" tag="registration (offline)"/>
        <badge xmlns:xsi="http://www.w3.org/2001/XMLSchema-instance" badgeId="1500127" badgeTime="2020-04-15T01:56:45Z" badgeUser="609508C9300E77BFAD73974C0FC80194" msg="code 0" tag="registration (online)"/>
        <badge xmlns:xsi="http://www.w3.org/2001/XMLSchema-instance" badgeId="1500129" badgeTime="2020-04-15T02:31:08Z" badgeUser="609508C9300E77BFAD73974C0FC80194" msg="code 0" tag="registration (online)"/>
        <badge xmlns:xsi="http://www.w3.org/2001/XMLSchema-instance" badgeId="1500110" badgeTime="2020-04-15T02:57:06Z" badgeUser="609508C9300E77BFAD73974C0FC80194" msg="code 0" tag="registration (online)"/>
        <badge xmlns:xsi="http://www.w3.org/2001/XMLSchema-instance" badgeId="1500114" badgeTime="2020-04-15T03:15:38Z" badgeUser="609508C9300E77BFAD73974C0FC80194" msg="code 0" tag="registration (online)"/>
        <badge xmlns:xsi="http://www.w3.org/2001/XMLSchema-instance" badgeId="1500107" badgeTime="2020-04-15T04:23:56Z" badgeUser="609508C9300E77BFAD73974C0FC80194" msg="code 0" tag="registration (online)"/>
        <badge xmlns:xsi="http://www.w3.org/2001/XMLSchema-instance" badgeId="995341" badgeTime="2020-04-15T04:24:15Z" badgeUser="609508C9300E77BFAD73974C0FC80194" msg="code 0" tag="registration (online)"/>
        <badge xmlns:xsi="http://www.w3.org/2001/XMLSchema-instance" badgeId="995340" badgeTime="2020-04-15T04:37:18Z" badgeUser="609508C9300E77BFAD73974C0FC80194" msg="code 0" tag="registration (online)"/>
        <badge xmlns:xsi="http://www.w3.org/2001/XMLSchema-instance" badgeId="995339" badgeTime="2020-04-15T04:57:20Z" badgeUser="609508C9300E77BFAD73974C0FC80194" msg="code 0" tag="registration (online)"/>
        <badge xmlns:xsi="http://www.w3.org/2001/XMLSchema-instance" badgeId="995338" badgeTime="2020-04-15T05:06:18Z" badgeUser="609508C9300E77BFAD73974C0FC80194" msg="code 0" tag="registration (online)"/>
        <badge xmlns:xsi="http://www.w3.org/2001/XMLSchema-instance" badgeId="120114" badgeTime="2020-04-15T05:07:37Z" badgeUser="609508C9300E77BFAD73974C0FC80194" msg="code 0" tag="registration (online)"/>
        <badge xmlns:xsi="http://www.w3.org/2001/XMLSchema-instance" badgeId="995337" badgeTime="2020-04-15T05:23:12Z" badgeUser="609508C9300E77BFAD73974C0FC80194" msg="code 0" tag="registration (online)"/>
        <badge xmlns:xsi="http://www.w3.org/2001/XMLSchema-instance" badgeId="1500119" badgeTime="2020-04-15T05:45:12Z" badgeUser="609508C9300E77BFAD73974C0FC80194" msg="code 0" tag="registration (online)"/>
        <badge xmlns:xsi="http://www.w3.org/2001/XMLSchema-instance" badgeId="1500103" badgeTime="2020-04-15T05:48:38Z" badgeUser="609508C9300E77BFAD73974C0FC80194" msg="code 0" tag="registration (online)"/>
        <badge xmlns:xsi="http://www.w3.org/2001/XMLSchema-instance" badgeId="1500105" badgeTime="2020-04-15T05:56:04Z" badgeUser="609508C9300E77BFAD73974C0FC80194" msg="code 0" tag="registration (online)"/>
        <badge xmlns:xsi="http://www.w3.org/2001/XMLSchema-instance" badgeId="995336" badgeTime="2020-04-15T05:56:29Z" badgeUser="609508C9300E77BFAD73974C0FC80194" msg="code 0" tag="registration (online)"/>
        <badge xmlns:xsi="http://www.w3.org/2001/XMLSchema-instance" badgeId="1500108" badgeTime="2020-04-15T06:12:46Z" badgeUser="609508C9300E77BFAD73974C0FC80194" msg="code 0" tag="registration (online)"/>
        <badge xmlns:xsi="http://www.w3.org/2001/XMLSchema-instance" badgeId="1500117" badgeTime="2020-04-15T07:24:31Z" badgeUser="609508C9300E77BFAD73974C0FC80194" msg="code 0" tag="registration (online)"/>
        <badge xmlns:xsi="http://www.w3.org/2001/XMLSchema-instance" badgeId="905419" badgeTime="2020-04-15T01:03:06Z" badgeUser="609508C9300E77BFAD73974C0FC80194" msg="code 0" tag="registration (online)"/>
        <badge xmlns:xsi="http://www.w3.org/2001/XMLSchema-instance" badgeId="995342" badgeTime="2020-04-15T04:13:13Z" badgeUser="609508C9300E77BFAD73974C0FC80194" msg="code 0" tag="registration (online)"/>
        <badge xmlns:xsi="http://www.w3.org/2001/XMLSchema-instance" badgeId="1500125" badgeTime="2020-04-15T06:03:43Z" badgeUser="609508C9300E77BFAD73974C0FC80194" msg="code 0" tag="registration (online)"/>
    </extensions>
</gpx>
