<?xml version="1.0" encoding="UTF-8"?>
<gpx creator="Ramblr - http://www.ramblr.com" version="1.1" xmlns="http://www.topografix.com/GPX/1/1">
<metadata>
<name>서대문독립공원 안산자락길 안산</name>
<desc>Bientus, Inc. - www.ramblr.com - Share your outdoor stories on a map!</desc>
<author>
<name>cms7832</name>
</author>
<link href="https://www.ramblr.com/web/mymap/trip/439148/10384147"></link>
<time>2026-04-18T01:23:02Z</time>
</metadata>
<trk>
<name>서대문독립공원 안산자락길 안산</name>
<trkseg>
<trkpt lat="37.57343319" lon="126.95882624"><ele>72.18</ele><time>2026-04-18T01:23:03Z</time></trkpt>
<trkpt lat="37.57342414" lon="126.95883373"><ele>72.44</ele><time>2026-04-18T01:23:04Z</time></trkpt>
<trkpt lat="37.57341575" lon="126.95884311"><ele>72.26</ele><time>2026-04-18T01:23:05Z</time></trkpt>
<trkpt lat="37.57339916" lon="126.95885908"><ele>72.90</ele><time>2026-04-18T01:23:07Z</time></trkpt>
<trkpt lat="37.57338896" lon="126.95886427"><ele>73.57</ele><time>2026-04-18T01:23:08Z</time></trkpt>
<trkpt lat="37.57337979" lon="126.95886906"><ele>73.53</ele><time>2026-04-18T01:23:09Z</time></trkpt>
<trkpt lat="37.57337219" lon="126.95887284"><ele>73.37</ele><time>2026-04-18T01:23:10Z</time></trkpt>
<trkpt lat="37.57336441" lon="126.95888212"><ele>73.48</ele><time>2026-04-18T01:23:11Z</time></trkpt>
<trkpt lat="37.57334714" lon="126.95889855"><ele>74.05</ele><time>2026-04-18T01:23:13Z</time></trkpt>
<trkpt lat="37.57334714" lon="126.95889855"><ele>74.05</ele><time>2026-04-18T01:23:13Z</time></trkpt>
<trkpt lat="37.57333602" lon="126.95890937"><ele>73.36</ele><time>2026-04-18T01:23:14Z</time></trkpt>
<trkpt lat="37.57332732" lon="126.95891899"><ele>73.23</ele><time>2026-04-18T01:23:15Z</time></trkpt>
<trkpt lat="37.57331830" lon="126.95892974"><ele>73.02</ele><time>2026-04-18T01:23:16Z</time></trkpt>
<trkpt lat="37.57329383" lon="126.95894882"><ele>73.88</ele><time>2026-04-18T01:23:18Z</time></trkpt>
<trkpt lat="37.57328110" lon="126.95895960"><ele>73.10</ele><time>2026-04-18T01:23:19Z</time></trkpt>
<trkpt lat="37.57326978" lon="126.95896904"><ele>72.34</ele><time>2026-04-18T01:23:20Z</time></trkpt>
<trkpt lat="37.57325935" lon="126.95897740"><ele>72.23</ele><time>2026-04-18T01:23:21Z</time></trkpt>
<trkpt lat="37.57324909" lon="126.95898607"><ele>71.75</ele><time>2026-04-18T01:23:22Z</time></trkpt>
<trkpt lat="37.57323843" lon="126.95899665"><ele>71.57</ele><time>2026-04-18T01:23:23Z</time></trkpt>
<trkpt lat="37.57321814" lon="126.95902122"><ele>71.06</ele><time>2026-04-18T01:23:25Z</time></trkpt>
<trkpt lat="37.57321164" lon="126.95904022"><ele>71.22</ele><time>2026-04-18T01:23:26Z</time></trkpt>
<trkpt lat="37.57320692" lon="126.95904743"><ele>71.30</ele><time>2026-04-18T01:23:27Z</time></trkpt>
<trkpt lat="37.57320175" lon="126.95905896"><ele>71.32</ele><time>2026-04-18T01:23:28Z</time></trkpt>
<trkpt lat="37.57319436" lon="126.95907307"><ele>71.12</ele><time>2026-04-18T01:23:29Z</time></trkpt>
<trkpt lat="37.57318340" lon="126.95909254"><ele>71.13</ele><time>2026-04-18T01:23:31Z</time></trkpt>
<trkpt lat="37.57317579" lon="126.95910439"><ele>71.22</ele><time>2026-04-18T01:23:32Z</time></trkpt>
<trkpt lat="37.57316596" lon="126.95910855"><ele>70.29</ele><time>2026-04-18T01:23:33Z</time></trkpt>
<trkpt lat="37.57315730" lon="126.95911444"><ele>70.41</ele><time>2026-04-18T01:23:34Z</time></trkpt>
<trkpt lat="37.57314729" lon="126.95912134"><ele>70.75</ele><time>2026-04-18T01:23:35Z</time></trkpt>
<trkpt lat="37.57312819" lon="126.95913653"><ele>70.51</ele><time>2026-04-18T01:23:37Z</time></trkpt>
<trkpt lat="37.57311775" lon="126.95914266"><ele>71.11</ele><time>2026-04-18T01:23:38Z</time></trkpt>
<trkpt lat="37.57310765" lon="126.95914857"><ele>71.14</ele><time>2026-04-18T01:23:39Z</time></trkpt>
<trkpt lat="37.57309737" lon="126.95915551"><ele>71.66</ele><time>2026-04-18T01:23:40Z</time></trkpt>
<trkpt lat="37.57308635" lon="126.95916355"><ele>71.88</ele><time>2026-04-18T01:23:41Z</time></trkpt>
<trkpt lat="37.57306279" lon="126.95917206"><ele>71.28</ele><time>2026-04-18T01:23:43Z</time></trkpt>
<trkpt lat="37.57305026" lon="126.95916913"><ele>71.00</ele><time>2026-04-18T01:23:44Z</time></trkpt>
<trkpt lat="37.57304109" lon="126.95916556"><ele>70.53</ele><time>2026-04-18T01:23:45Z</time></trkpt>
<trkpt lat="37.57303060" lon="126.95915921"><ele>70.60</ele><time>2026-04-18T01:23:46Z</time></trkpt>
<trkpt lat="37.57302217" lon="126.95914885"><ele>70.78</ele><time>2026-04-18T01:23:47Z</time></trkpt>
<trkpt lat="37.57300732" lon="126.95912328"><ele>70.56</ele><time>2026-04-18T01:23:49Z</time></trkpt>
<trkpt lat="37.57300004" lon="126.95910947"><ele>70.93</ele><time>2026-04-18T01:23:50Z</time></trkpt>
<trkpt lat="37.57299320" lon="126.95909652"><ele>71.18</ele><time>2026-04-18T01:23:51Z</time></trkpt>
<trkpt lat="37.57298609" lon="126.95908669"><ele>71.12</ele><time>2026-04-18T01:23:52Z</time></trkpt>
<trkpt lat="37.57298058" lon="126.95907254"><ele>71.31</ele><time>2026-04-18T01:23:53Z</time></trkpt>
<trkpt lat="37.57297331" lon="126.95906085"><ele>71.49</ele><time>2026-04-18T01:23:54Z</time></trkpt>
<trkpt lat="37.57295691" lon="126.95904044"><ele>71.87</ele><time>2026-04-18T01:23:56Z</time></trkpt>
<trkpt lat="37.57295078" lon="126.95903043"><ele>72.16</ele><time>2026-04-18T01:23:57Z</time></trkpt>
<trkpt lat="37.57294162" lon="126.95902542"><ele>72.61</ele><time>2026-04-18T01:23:58Z</time></trkpt>
<trkpt lat="37.57293092" lon="126.95902947"><ele>72.67</ele><time>2026-04-18T01:23:59Z</time></trkpt>
<trkpt lat="37.57292072" lon="126.95903876"><ele>72.96</ele><time>2026-04-18T01:24:00Z</time></trkpt>
<trkpt lat="37.57290359" lon="126.95905647"><ele>73.26</ele><time>2026-04-18T01:24:02Z</time></trkpt>
<trkpt lat="37.57289561" lon="126.95906612"><ele>73.22</ele><time>2026-04-18T01:24:03Z</time></trkpt>
<trkpt lat="37.57288503" lon="126.95907526"><ele>73.71</ele><time>2026-04-18T01:24:04Z</time></trkpt>
<trkpt lat="37.57287424" lon="126.95908256"><ele>73.50</ele><time>2026-04-18T01:24:05Z</time></trkpt>
<trkpt lat="37.57286307" lon="126.95908929"><ele>74.14</ele><time>2026-04-18T01:24:06Z</time></trkpt>
<trkpt lat="37.57284414" lon="126.95910329"><ele>74.49</ele><time>2026-04-18T01:24:08Z</time></trkpt>
<trkpt lat="37.57283611" lon="126.95910959"><ele>74.31</ele><time>2026-04-18T01:24:09Z</time></trkpt>
<trkpt lat="37.57282949" lon="126.95911570"><ele>74.40</ele><time>2026-04-18T01:24:10Z</time></trkpt>
<trkpt lat="37.57282354" lon="126.95912213"><ele>73.74</ele><time>2026-04-18T01:24:11Z</time></trkpt>
<trkpt lat="37.57281668" lon="126.95912958"><ele>73.88</ele><time>2026-04-18T01:24:12Z</time></trkpt>
<trkpt lat="37.57280005" lon="126.95914646"><ele>73.56</ele><time>2026-04-18T01:24:14Z</time></trkpt>
<trkpt lat="37.57279038" lon="126.95915481"><ele>73.69</ele><time>2026-04-18T01:24:15Z</time></trkpt>
<trkpt lat="37.57278150" lon="126.95916428"><ele>73.31</ele><time>2026-04-18T01:24:16Z</time></trkpt>
<trkpt lat="37.57277283" lon="126.95917390"><ele>73.26</ele><time>2026-04-18T01:24:17Z</time></trkpt>
<trkpt lat="37.57277283" lon="126.95917390"><ele>73.26</ele><time>2026-04-18T01:24:17Z</time></trkpt>
<trkpt lat="37.57276124" lon="126.95919350"><ele>72.48</ele><time>2026-04-18T01:24:19Z</time></trkpt>
<trkpt lat="37.57275392" lon="126.95920530"><ele>72.32</ele><time>2026-04-18T01:24:20Z</time></trkpt>
<trkpt lat="37.57274319" lon="126.95921542"><ele>71.86</ele><time>2026-04-18T01:24:21Z</time></trkpt>
<trkpt lat="37.57273002" lon="126.95922901"><ele>72.67</ele><time>2026-04-18T01:24:22Z</time></trkpt>
<trkpt lat="37.57271628" lon="126.95924181"><ele>72.89</ele><time>2026-04-18T01:24:23Z</time></trkpt>
<trkpt lat="37.57270343" lon="126.95925448"><ele>71.91</ele><time>2026-04-18T01:24:24Z</time></trkpt>
<trkpt lat="37.57268603" lon="126.95927346"><ele>71.69</ele><time>2026-04-18T01:24:26Z</time></trkpt>
<trkpt lat="37.57267896" lon="126.95928013"><ele>71.59</ele><time>2026-04-18T01:24:27Z</time></trkpt>
<trkpt lat="37.57267282" lon="126.95928662"><ele>71.38</ele><time>2026-04-18T01:24:28Z</time></trkpt>
<trkpt lat="37.57266768" lon="126.95929321"><ele>70.78</ele><time>2026-04-18T01:24:29Z</time></trkpt>
<trkpt lat="37.57266256" lon="126.95929946"><ele>70.44</ele><time>2026-04-18T01:24:30Z</time></trkpt>
<trkpt lat="37.57264845" lon="126.95931035"><ele>70.45</ele><time>2026-04-18T01:24:32Z</time></trkpt>
<trkpt lat="37.57263892" lon="126.95931571"><ele>70.47</ele><time>2026-04-18T01:24:33Z</time></trkpt>
<trkpt lat="37.57263067" lon="126.95932596"><ele>70.21</ele><time>2026-04-18T01:24:34Z</time></trkpt>
<trkpt lat="37.57262193" lon="126.95933742"><ele>70.00</ele><time>2026-04-18T01:24:35Z</time></trkpt>
<trkpt lat="37.57261317" lon="126.95934896"><ele>69.76</ele><time>2026-04-18T01:24:36Z</time></trkpt>
<trkpt lat="37.57259976" lon="126.95936751"><ele>69.52</ele><time>2026-04-18T01:24:38Z</time></trkpt>
<trkpt lat="37.57259308" lon="126.95937589"><ele>69.79</ele><time>2026-04-18T01:24:39Z</time></trkpt>
<trkpt lat="37.57258748" lon="126.95938310"><ele>69.63</ele><time>2026-04-18T01:24:40Z</time></trkpt>
<trkpt lat="37.57258065" lon="126.95939085"><ele>69.52</ele><time>2026-04-18T01:24:41Z</time></trkpt>
<trkpt lat="37.57257215" lon="126.95939816"><ele>69.47</ele><time>2026-04-18T01:24:42Z</time></trkpt>
<trkpt lat="37.57255486" lon="126.95941077"><ele>69.56</ele><time>2026-04-18T01:24:44Z</time></trkpt>
<trkpt lat="37.57254621" lon="126.95941912"><ele>69.79</ele><time>2026-04-18T01:24:45Z</time></trkpt>
<trkpt lat="37.57253778" lon="126.95942911"><ele>69.58</ele><time>2026-04-18T01:24:46Z</time></trkpt>
<trkpt lat="37.57252853" lon="126.95943935"><ele>69.49</ele><time>2026-04-18T01:24:47Z</time></trkpt>
<trkpt lat="37.57251897" lon="126.95944931"><ele>69.35</ele><time>2026-04-18T01:24:48Z</time></trkpt>
<trkpt lat="37.57250017" lon="126.95947096"><ele>69.61</ele><time>2026-04-18T01:24:50Z</time></trkpt>
<trkpt lat="37.57249094" lon="126.95948189"><ele>69.79</ele><time>2026-04-18T01:24:51Z</time></trkpt>
<trkpt lat="37.57248088" lon="126.95949102"><ele>69.76</ele><time>2026-04-18T01:24:52Z</time></trkpt>
<trkpt lat="37.57246754" lon="126.95950052"><ele>69.62</ele><time>2026-04-18T01:24:53Z</time></trkpt>
<trkpt lat="37.57245540" lon="126.95950683"><ele>68.73</ele><time>2026-04-18T01:24:54Z</time></trkpt>
<trkpt lat="37.57244102" lon="126.95949720"><ele>69.47</ele><time>2026-04-18T01:24:55Z</time></trkpt>
<trkpt lat="37.57242839" lon="126.95950785"><ele>69.50</ele><time>2026-04-18T01:24:57Z</time></trkpt>
<trkpt lat="37.57242236" lon="126.95952288"><ele>70.05</ele><time>2026-04-18T01:24:58Z</time></trkpt>
<trkpt lat="37.57241807" lon="126.95953663"><ele>69.75</ele><time>2026-04-18T01:24:59Z</time></trkpt>
<trkpt lat="37.57241051" lon="126.95954964"><ele>70.06</ele><time>2026-04-18T01:25:00Z</time></trkpt>
<trkpt lat="37.57240077" lon="126.95955508"><ele>70.62</ele><time>2026-04-18T01:25:01Z</time></trkpt>
<trkpt lat="37.57238643" lon="126.95956760"><ele>70.36</ele><time>2026-04-18T01:25:06Z</time></trkpt>
<trkpt lat="37.57238643" lon="126.95956760"><ele>70.36</ele><time>2026-04-18T01:25:06Z</time></trkpt>
<trkpt lat="37.57237934" lon="126.95956562"><ele>70.42</ele><time>2026-04-18T01:25:08Z</time></trkpt>
<trkpt lat="37.57237168" lon="126.95958054"><ele>70.19</ele><time>2026-04-18T01:25:15Z</time></trkpt>
<trkpt lat="37.57236638" lon="126.95959247"><ele>70.14</ele><time>2026-04-18T01:25:16Z</time></trkpt>
<trkpt lat="37.57236021" lon="126.95960410"><ele>69.82</ele><time>2026-04-18T01:25:17Z</time></trkpt>
<trkpt lat="37.57235299" lon="126.95961553"><ele>69.65</ele><time>2026-04-18T01:25:18Z</time></trkpt>
<trkpt lat="37.57234423" lon="126.95962460"><ele>69.36</ele><time>2026-04-18T01:25:19Z</time></trkpt>
<trkpt lat="37.57233604" lon="126.95963326"><ele>68.92</ele><time>2026-04-18T01:25:20Z</time></trkpt>
<trkpt lat="37.57232668" lon="126.95964280"><ele>68.75</ele><time>2026-04-18T01:25:21Z</time></trkpt>
<trkpt lat="37.57230645" lon="126.95966027"><ele>68.56</ele><time>2026-04-18T01:25:23Z</time></trkpt>
<trkpt lat="37.57229613" lon="126.95966847"><ele>68.68</ele><time>2026-04-18T01:25:24Z</time></trkpt>
<trkpt lat="37.57228430" lon="126.95967624"><ele>68.56</ele><time>2026-04-18T01:25:25Z</time></trkpt>
<trkpt lat="37.57227274" lon="126.95968603"><ele>68.60</ele><time>2026-04-18T01:25:26Z</time></trkpt>
<trkpt lat="37.57226158" lon="126.95969534"><ele>68.58</ele><time>2026-04-18T01:25:27Z</time></trkpt>
<trkpt lat="37.57223988" lon="126.95971769"><ele>69.09</ele><time>2026-04-18T01:25:29Z</time></trkpt>
<trkpt lat="37.57223148" lon="126.95972986"><ele>68.93</ele><time>2026-04-18T01:25:30Z</time></trkpt>
<trkpt lat="37.57222922" lon="126.95973974"><ele>69.48</ele><time>2026-04-18T01:25:32Z</time></trkpt>
<trkpt lat="37.57222922" lon="126.95973974"><ele>69.48</ele><time>2026-04-18T01:25:32Z</time></trkpt>
<trkpt lat="37.57222365" lon="126.95974689"><ele>68.97</ele><time>2026-04-18T01:25:40Z</time></trkpt>
<trkpt lat="37.57222013" lon="126.95972994"><ele>68.72</ele><time>2026-04-18T01:25:49Z</time></trkpt>
<trkpt lat="37.57221633" lon="126.95971889"><ele>68.55</ele><time>2026-04-18T01:25:50Z</time></trkpt>
<trkpt lat="37.57221633" lon="126.95971889"><ele>68.55</ele><time>2026-04-18T01:25:50Z</time></trkpt>
<trkpt lat="37.57221276" lon="126.95970602"><ele>68.38</ele><time>2026-04-18T01:25:51Z</time></trkpt>
<trkpt lat="37.57221029" lon="126.95969215"><ele>68.42</ele><time>2026-04-18T01:25:52Z</time></trkpt>
<trkpt lat="37.57220947" lon="126.95967727"><ele>68.24</ele><time>2026-04-18T01:25:53Z</time></trkpt>
<trkpt lat="37.57220878" lon="126.95964606"><ele>68.20</ele><time>2026-04-18T01:25:55Z</time></trkpt>
<trkpt lat="37.57220867" lon="126.95963135"><ele>68.10</ele><time>2026-04-18T01:25:56Z</time></trkpt>
<trkpt lat="37.57220993" lon="126.95961632"><ele>68.26</ele><time>2026-04-18T01:25:57Z</time></trkpt>
<trkpt lat="37.57221089" lon="126.95960039"><ele>68.61</ele><time>2026-04-18T01:25:58Z</time></trkpt>
<trkpt lat="37.57221147" lon="126.95958616"><ele>68.69</ele><time>2026-04-18T01:25:59Z</time></trkpt>
<trkpt lat="37.57221288" lon="126.95955899"><ele>68.48</ele><time>2026-04-18T01:26:01Z</time></trkpt>
<trkpt lat="37.57221360" lon="126.95954365"><ele>68.30</ele><time>2026-04-18T01:26:02Z</time></trkpt>
<trkpt lat="37.57221652" lon="126.95952902"><ele>68.12</ele><time>2026-04-18T01:26:03Z</time></trkpt>
<trkpt lat="37.57222639" lon="126.95951718"><ele>68.63</ele><time>2026-04-18T01:26:04Z</time></trkpt>
<trkpt lat="37.57223409" lon="126.95950882"><ele>68.96</ele><time>2026-04-18T01:26:05Z</time></trkpt>
<trkpt lat="37.57225184" lon="126.95950219"><ele>68.67</ele><time>2026-04-18T01:26:09Z</time></trkpt>
<trkpt lat="37.57225838" lon="126.95949506"><ele>69.13</ele><time>2026-04-18T01:26:10Z</time></trkpt>
<trkpt lat="37.57226584" lon="126.95948577"><ele>69.20</ele><time>2026-04-18T01:26:11Z</time></trkpt>
<trkpt lat="37.57226584" lon="126.95948577"><ele>69.20</ele><time>2026-04-18T01:26:11Z</time></trkpt>
<trkpt lat="37.57227378" lon="126.95947624"><ele>69.13</ele><time>2026-04-18T01:26:12Z</time></trkpt>
<trkpt lat="37.57228766" lon="126.95945946"><ele>69.01</ele><time>2026-04-18T01:26:14Z</time></trkpt>
<trkpt lat="37.57229885" lon="126.95945084"><ele>69.19</ele><time>2026-04-18T01:26:15Z</time></trkpt>
<trkpt lat="37.57231179" lon="126.95944255"><ele>69.55</ele><time>2026-04-18T01:26:16Z</time></trkpt>
<trkpt lat="37.57232328" lon="126.95943622"><ele>69.80</ele><time>2026-04-18T01:26:17Z</time></trkpt>
<trkpt lat="37.57233309" lon="126.95942870"><ele>69.81</ele><time>2026-04-18T01:26:18Z</time></trkpt>
<trkpt lat="37.57235156" lon="126.95941022"><ele>69.53</ele><time>2026-04-18T01:26:20Z</time></trkpt>
<trkpt lat="37.57236096" lon="126.95940176"><ele>69.32</ele><time>2026-04-18T01:26:21Z</time></trkpt>
<trkpt lat="37.57237112" lon="126.95939276"><ele>69.37</ele><time>2026-04-18T01:26:22Z</time></trkpt>
<trkpt lat="37.57237994" lon="126.95938155"><ele>69.28</ele><time>2026-04-18T01:26:23Z</time></trkpt>
<trkpt lat="37.57238782" lon="126.95937076"><ele>68.93</ele><time>2026-04-18T01:26:24Z</time></trkpt>
<trkpt lat="37.57239669" lon="126.95935940"><ele>68.97</ele><time>2026-04-18T01:26:25Z</time></trkpt>
<trkpt lat="37.57241363" lon="126.95933619"><ele>69.16</ele><time>2026-04-18T01:26:27Z</time></trkpt>
<trkpt lat="37.57242354" lon="126.95932775"><ele>69.17</ele><time>2026-04-18T01:26:28Z</time></trkpt>
<trkpt lat="37.57243313" lon="126.95931937"><ele>68.90</ele><time>2026-04-18T01:26:29Z</time></trkpt>
<trkpt lat="37.57244319" lon="126.95931192"><ele>68.62</ele><time>2026-04-18T01:26:30Z</time></trkpt>
<trkpt lat="37.57245205" lon="126.95930225"><ele>68.71</ele><time>2026-04-18T01:26:31Z</time></trkpt>
<trkpt lat="37.57247157" lon="126.95928291"><ele>68.38</ele><time>2026-04-18T01:26:33Z</time></trkpt>
<trkpt lat="37.57248145" lon="126.95927389"><ele>68.38</ele><time>2026-04-18T01:26:34Z</time></trkpt>
<trkpt lat="37.57249189" lon="126.95926630"><ele>68.44</ele><time>2026-04-18T01:26:35Z</time></trkpt>
<trkpt lat="37.57250091" lon="126.95925756"><ele>68.64</ele><time>2026-04-18T01:26:36Z</time></trkpt>
<trkpt lat="37.57250988" lon="126.95924737"><ele>68.74</ele><time>2026-04-18T01:26:37Z</time></trkpt>
<trkpt lat="37.57252953" lon="126.95922293"><ele>68.88</ele><time>2026-04-18T01:26:39Z</time></trkpt>
<trkpt lat="37.57253934" lon="126.95921178"><ele>69.04</ele><time>2026-04-18T01:26:40Z</time></trkpt>
<trkpt lat="37.57254727" lon="126.95919965"><ele>69.07</ele><time>2026-04-18T01:26:41Z</time></trkpt>
<trkpt lat="37.57255592" lon="126.95918763"><ele>69.13</ele><time>2026-04-18T01:26:42Z</time></trkpt>
<trkpt lat="37.57256469" lon="126.95917664"><ele>69.91</ele><time>2026-04-18T01:26:43Z</time></trkpt>
<trkpt lat="37.57258021" lon="126.95915558"><ele>69.15</ele><time>2026-04-18T01:26:45Z</time></trkpt>
<trkpt lat="37.57258898" lon="126.95914472"><ele>69.06</ele><time>2026-04-18T01:26:46Z</time></trkpt>
<trkpt lat="37.57259685" lon="126.95913428"><ele>68.97</ele><time>2026-04-18T01:26:47Z</time></trkpt>
<trkpt lat="37.57260583" lon="126.95912316"><ele>69.22</ele><time>2026-04-18T01:26:48Z</time></trkpt>
<trkpt lat="37.57261430" lon="126.95911382"><ele>69.67</ele><time>2026-04-18T01:26:49Z</time></trkpt>
<trkpt lat="37.57263138" lon="126.95909457"><ele>69.39</ele><time>2026-04-18T01:26:51Z</time></trkpt>
<trkpt lat="37.57264007" lon="126.95908474"><ele>69.27</ele><time>2026-04-18T01:26:52Z</time></trkpt>
<trkpt lat="37.57264751" lon="126.95907313"><ele>69.40</ele><time>2026-04-18T01:26:53Z</time></trkpt>
<trkpt lat="37.57264751" lon="126.95907313"><ele>69.40</ele><time>2026-04-18T01:26:53Z</time></trkpt>
<trkpt lat="37.57265488" lon="126.95906014"><ele>69.55</ele><time>2026-04-18T01:26:54Z</time></trkpt>
<trkpt lat="37.57266130" lon="126.95904590"><ele>69.55</ele><time>2026-04-18T01:26:55Z</time></trkpt>
<trkpt lat="37.57267481" lon="126.95902060"><ele>69.45</ele><time>2026-04-18T01:26:57Z</time></trkpt>
<trkpt lat="37.57268101" lon="126.95900972"><ele>69.64</ele><time>2026-04-18T01:26:58Z</time></trkpt>
<trkpt lat="37.57268922" lon="126.95899918"><ele>69.60</ele><time>2026-04-18T01:26:59Z</time></trkpt>
<trkpt lat="37.57269932" lon="126.95899054"><ele>70.01</ele><time>2026-04-18T01:27:00Z</time></trkpt>
<trkpt lat="37.57270844" lon="126.95898123"><ele>69.70</ele><time>2026-04-18T01:27:01Z</time></trkpt>
<trkpt lat="37.57272955" lon="126.95896264"><ele>69.90</ele><time>2026-04-18T01:27:03Z</time></trkpt>
<trkpt lat="37.57274203" lon="126.95895546"><ele>70.14</ele><time>2026-04-18T01:27:04Z</time></trkpt>
<trkpt lat="37.57275485" lon="126.95894836"><ele>70.30</ele><time>2026-04-18T01:27:05Z</time></trkpt>
<trkpt lat="37.57276678" lon="126.95894131"><ele>70.42</ele><time>2026-04-18T01:27:06Z</time></trkpt>
<trkpt lat="37.57277851" lon="126.95893490"><ele>70.71</ele><time>2026-04-18T01:27:07Z</time></trkpt>
<trkpt lat="37.57280197" lon="126.95892051"><ele>71.13</ele><time>2026-04-18T01:27:09Z</time></trkpt>
<trkpt lat="37.57281386" lon="126.95891293"><ele>71.24</ele><time>2026-04-18T01:27:10Z</time></trkpt>
<trkpt lat="37.57282592" lon="126.95890566"><ele>71.29</ele><time>2026-04-18T01:27:11Z</time></trkpt>
<trkpt lat="37.57283731" lon="126.95889831"><ele>71.34</ele><time>2026-04-18T01:27:12Z</time></trkpt>
<trkpt lat="37.57284860" lon="126.95889007"><ele>71.29</ele><time>2026-04-18T01:27:13Z</time></trkpt>
<trkpt lat="37.57286692" lon="126.95887109"><ele>71.26</ele><time>2026-04-18T01:27:15Z</time></trkpt>
<trkpt lat="37.57287680" lon="126.95886124"><ele>71.14</ele><time>2026-04-18T01:27:16Z</time></trkpt>
<trkpt lat="37.57288489" lon="126.95884901"><ele>71.67</ele><time>2026-04-18T01:27:17Z</time></trkpt>
<trkpt lat="37.57289502" lon="126.95883936"><ele>71.60</ele><time>2026-04-18T01:27:18Z</time></trkpt>
<trkpt lat="37.57290513" lon="126.95883059"><ele>71.47</ele><time>2026-04-18T01:27:19Z</time></trkpt>
<trkpt lat="37.57292491" lon="126.95881179"><ele>71.59</ele><time>2026-04-18T01:27:21Z</time></trkpt>
<trkpt lat="37.57293620" lon="126.95880261"><ele>71.52</ele><time>2026-04-18T01:27:22Z</time></trkpt>
<trkpt lat="37.57294618" lon="126.95879335"><ele>71.43</ele><time>2026-04-18T01:27:23Z</time></trkpt>
<trkpt lat="37.57295623" lon="126.95878357"><ele>71.36</ele><time>2026-04-18T01:27:24Z</time></trkpt>
<trkpt lat="37.57296678" lon="126.95877420"><ele>71.39</ele><time>2026-04-18T01:27:25Z</time></trkpt>
<trkpt lat="37.57297907" lon="126.95876825"><ele>71.55</ele><time>2026-04-18T01:27:26Z</time></trkpt>
<trkpt lat="37.57300378" lon="126.95875844"><ele>71.57</ele><time>2026-04-18T01:27:28Z</time></trkpt>
<trkpt lat="37.57301495" lon="126.95875136"><ele>71.65</ele><time>2026-04-18T01:27:29Z</time></trkpt>
<trkpt lat="37.57302528" lon="126.95874314"><ele>71.69</ele><time>2026-04-18T01:27:30Z</time></trkpt>
<trkpt lat="37.57303550" lon="126.95873437"><ele>71.65</ele><time>2026-04-18T01:27:31Z</time></trkpt>
<trkpt lat="37.57304675" lon="126.95872498"><ele>71.73</ele><time>2026-04-18T01:27:32Z</time></trkpt>
<trkpt lat="37.57306345" lon="126.95870243"><ele>71.67</ele><time>2026-04-18T01:27:34Z</time></trkpt>
<trkpt lat="37.57307073" lon="126.95869118"><ele>71.74</ele><time>2026-04-18T01:27:35Z</time></trkpt>
<trkpt lat="37.57307773" lon="126.95867905"><ele>71.86</ele><time>2026-04-18T01:27:36Z</time></trkpt>
<trkpt lat="37.57308665" lon="126.95866813"><ele>71.82</ele><time>2026-04-18T01:27:37Z</time></trkpt>
<trkpt lat="37.57309598" lon="126.95865876"><ele>71.71</ele><time>2026-04-18T01:27:38Z</time></trkpt>
<trkpt lat="37.57311481" lon="126.95863942"><ele>71.86</ele><time>2026-04-18T01:27:40Z</time></trkpt>
<trkpt lat="37.57312480" lon="126.95863026"><ele>71.95</ele><time>2026-04-18T01:27:41Z</time></trkpt>
<trkpt lat="37.57313445" lon="126.95862175"><ele>71.84</ele><time>2026-04-18T01:27:42Z</time></trkpt>
<trkpt lat="37.57314481" lon="126.95861346"><ele>71.97</ele><time>2026-04-18T01:27:43Z</time></trkpt>
<trkpt lat="37.57315511" lon="126.95860364"><ele>72.38</ele><time>2026-04-18T01:27:44Z</time></trkpt>
<trkpt lat="37.57317222" lon="126.95858235"><ele>72.49</ele><time>2026-04-18T01:27:46Z</time></trkpt>
<trkpt lat="37.57318136" lon="126.95857314"><ele>72.80</ele><time>2026-04-18T01:27:47Z</time></trkpt>
<trkpt lat="37.57319015" lon="126.95856236"><ele>72.71</ele><time>2026-04-18T01:27:48Z</time></trkpt>
<trkpt lat="37.57319930" lon="126.95855201"><ele>72.70</ele><time>2026-04-18T01:27:49Z</time></trkpt>
<trkpt lat="37.57321005" lon="126.95854294"><ele>72.92</ele><time>2026-04-18T01:27:50Z</time></trkpt>
<trkpt lat="37.57323021" lon="126.95852871"><ele>72.67</ele><time>2026-04-18T01:27:52Z</time></trkpt>
<trkpt lat="37.57324109" lon="126.95852345"><ele>72.77</ele><time>2026-04-18T01:27:53Z</time></trkpt>
<trkpt lat="37.57325300" lon="126.95852171"><ele>72.83</ele><time>2026-04-18T01:27:54Z</time></trkpt>
<trkpt lat="37.57326454" lon="126.95851979"><ele>72.78</ele><time>2026-04-18T01:27:55Z</time></trkpt>
<trkpt lat="37.57327694" lon="126.95852075"><ele>72.84</ele><time>2026-04-18T01:27:56Z</time></trkpt>
<trkpt lat="37.57330075" lon="126.95852234"><ele>72.76</ele><time>2026-04-18T01:27:58Z</time></trkpt>
<trkpt lat="37.57331157" lon="126.95852207"><ele>72.74</ele><time>2026-04-18T01:27:59Z</time></trkpt>
<trkpt lat="37.57332227" lon="126.95852280"><ele>72.60</ele><time>2026-04-18T01:28:00Z</time></trkpt>
<trkpt lat="37.57333261" lon="126.95852522"><ele>72.54</ele><time>2026-04-18T01:28:01Z</time></trkpt>
<trkpt lat="37.57334361" lon="126.95852769"><ele>72.57</ele><time>2026-04-18T01:28:02Z</time></trkpt>
<trkpt lat="37.57335493" lon="126.95852851"><ele>72.66</ele><time>2026-04-18T01:28:03Z</time></trkpt>
<trkpt lat="37.57337693" lon="126.95852975"><ele>72.60</ele><time>2026-04-18T01:28:05Z</time></trkpt>
<trkpt lat="37.57338809" lon="126.95853235"><ele>72.99</ele><time>2026-04-18T01:28:06Z</time></trkpt>
<trkpt lat="37.57339846" lon="126.95853535"><ele>73.63</ele><time>2026-04-18T01:28:07Z</time></trkpt>
<trkpt lat="37.57340758" lon="126.95853638"><ele>73.50</ele><time>2026-04-18T01:28:08Z</time></trkpt>
<trkpt lat="37.57341829" lon="126.95853685"><ele>73.80</ele><time>2026-04-18T01:28:09Z</time></trkpt>
<trkpt lat="37.57343151" lon="126.95854777"><ele>73.97</ele><time>2026-04-18T01:28:11Z</time></trkpt>
<trkpt lat="37.57343133" lon="126.95855653"><ele>73.82</ele><time>2026-04-18T01:28:13Z</time></trkpt>
<trkpt lat="37.57342663" lon="126.95853773"><ele>73.66</ele><time>2026-04-18T01:28:15Z</time></trkpt>
<trkpt lat="37.57342085" lon="126.95852650"><ele>73.72</ele><time>2026-04-18T01:28:16Z</time></trkpt>
<trkpt lat="37.57342085" lon="126.95852650"><ele>73.72</ele><time>2026-04-18T01:28:16Z</time></trkpt>
<trkpt lat="37.57340434" lon="126.95850703"><ele>73.90</ele><time>2026-04-18T01:28:18Z</time></trkpt>
<trkpt lat="37.57339618" lon="126.95849913"><ele>73.70</ele><time>2026-04-18T01:28:19Z</time></trkpt>
<trkpt lat="37.57338817" lon="126.95849103"><ele>74.20</ele><time>2026-04-18T01:28:20Z</time></trkpt>
<trkpt lat="37.57337912" lon="126.95847823"><ele>74.00</ele><time>2026-04-18T01:28:21Z</time></trkpt>
<trkpt lat="37.57337127" lon="126.95846547"><ele>74.11</ele><time>2026-04-18T01:28:22Z</time></trkpt>
<trkpt lat="37.57335851" lon="126.95844117"><ele>74.27</ele><time>2026-04-18T01:28:24Z</time></trkpt>
<trkpt lat="37.57335208" lon="126.95842973"><ele>73.99</ele><time>2026-04-18T01:28:25Z</time></trkpt>
<trkpt lat="37.57334771" lon="126.95841894"><ele>74.16</ele><time>2026-04-18T01:28:26Z</time></trkpt>
<trkpt lat="37.57334712" lon="126.95840675"><ele>73.98</ele><time>2026-04-18T01:28:27Z</time></trkpt>
<trkpt lat="37.57335293" lon="126.95839691"><ele>73.77</ele><time>2026-04-18T01:28:28Z</time></trkpt>
<trkpt lat="37.57336949" lon="126.95837901"><ele>72.40</ele><time>2026-04-18T01:28:30Z</time></trkpt>
<trkpt lat="37.57339068" lon="126.95839234"><ele>71.54</ele><time>2026-04-18T01:28:31Z</time></trkpt>
<trkpt lat="37.57339308" lon="126.95837128"><ele>72.71</ele><time>2026-04-18T01:28:32Z</time></trkpt>
<trkpt lat="37.57339784" lon="126.95835488"><ele>72.48</ele><time>2026-04-18T01:28:33Z</time></trkpt>
<trkpt lat="37.57340422" lon="126.95833958"><ele>72.57</ele><time>2026-04-18T01:28:34Z</time></trkpt>
<trkpt lat="37.57341095" lon="126.95832551"><ele>72.76</ele><time>2026-04-18T01:28:35Z</time></trkpt>
<trkpt lat="37.57342028" lon="126.95830246"><ele>72.80</ele><time>2026-04-18T01:28:37Z</time></trkpt>
<trkpt lat="37.57342144" lon="126.95829368"><ele>72.77</ele><time>2026-04-18T01:28:38Z</time></trkpt>
<trkpt lat="37.57342389" lon="126.95828518"><ele>72.30</ele><time>2026-04-18T01:28:41Z</time></trkpt>
<trkpt lat="37.57342717" lon="126.95827667"><ele>72.67</ele><time>2026-04-18T01:28:42Z</time></trkpt>
<trkpt lat="37.57343246" lon="126.95826807"><ele>72.62</ele><time>2026-04-18T01:28:43Z</time></trkpt>
<trkpt lat="37.57343859" lon="126.95826088"><ele>72.17</ele><time>2026-04-18T01:28:44Z</time></trkpt>
<trkpt lat="37.57344572" lon="126.95825473"><ele>72.50</ele><time>2026-04-18T01:28:45Z</time></trkpt>
<trkpt lat="37.57345368" lon="126.95824936"><ele>72.61</ele><time>2026-04-18T01:28:46Z</time></trkpt>
<trkpt lat="37.57346088" lon="126.95824191"><ele>72.69</ele><time>2026-04-18T01:28:47Z</time></trkpt>
<trkpt lat="37.57346697" lon="126.95823412"><ele>73.04</ele><time>2026-04-18T01:28:48Z</time></trkpt>
<trkpt lat="37.57347608" lon="126.95821462"><ele>73.22</ele><time>2026-04-18T01:28:50Z</time></trkpt>
<trkpt lat="37.57347797" lon="126.95820623"><ele>73.35</ele><time>2026-04-18T01:28:51Z</time></trkpt>
<trkpt lat="37.57347686" lon="126.95819753"><ele>73.28</ele><time>2026-04-18T01:28:57Z</time></trkpt>
<trkpt lat="37.57348202" lon="126.95818998"><ele>73.39</ele><time>2026-04-18T01:29:02Z</time></trkpt>
<trkpt lat="37.57348684" lon="126.95818095"><ele>73.54</ele><time>2026-04-18T01:29:03Z</time></trkpt>
<trkpt lat="37.57349422" lon="126.95816046"><ele>73.78</ele><time>2026-04-18T01:29:05Z</time></trkpt>
<trkpt lat="37.57349519" lon="126.95814922"><ele>73.62</ele><time>2026-04-18T01:29:06Z</time></trkpt>
<trkpt lat="37.57349519" lon="126.95814922"><ele>73.62</ele><time>2026-04-18T01:29:06Z</time></trkpt>
<trkpt lat="37.57349515" lon="126.95813730"><ele>73.96</ele><time>2026-04-18T01:29:07Z</time></trkpt>
<trkpt lat="37.57349336" lon="126.95812492"><ele>73.78</ele><time>2026-04-18T01:29:08Z</time></trkpt>
<trkpt lat="37.57349639" lon="126.95809883"><ele>74.28</ele><time>2026-04-18T01:29:10Z</time></trkpt>
<trkpt lat="37.57349940" lon="126.95809063"><ele>74.37</ele><time>2026-04-18T01:29:11Z</time></trkpt>
<trkpt lat="37.57350186" lon="126.95807358"><ele>74.53</ele><time>2026-04-18T01:29:13Z</time></trkpt>
<trkpt lat="37.57350605" lon="126.95805951"><ele>74.91</ele><time>2026-04-18T01:29:14Z</time></trkpt>
<trkpt lat="37.57350964" lon="126.95804718"><ele>74.87</ele><time>2026-04-18T01:29:15Z</time></trkpt>
<trkpt lat="37.57351293" lon="126.95803979"><ele>75.54</ele><time>2026-04-18T01:29:16Z</time></trkpt>
<trkpt lat="37.57351514" lon="126.95801294"><ele>76.81</ele><time>2026-04-18T01:29:20Z</time></trkpt>
<trkpt lat="37.57351348" lon="126.95800448"><ele>76.79</ele><time>2026-04-18T01:29:21Z</time></trkpt>
<trkpt lat="37.57351362" lon="126.95799647"><ele>77.01</ele><time>2026-04-18T01:29:22Z</time></trkpt>
<trkpt lat="37.57351266" lon="126.95798303"><ele>77.72</ele><time>2026-04-18T01:29:24Z</time></trkpt>
<trkpt lat="37.57350996" lon="126.95797072"><ele>78.42</ele><time>2026-04-18T01:29:26Z</time></trkpt>
<trkpt lat="37.57350636" lon="126.95795236"><ele>78.27</ele><time>2026-04-18T01:29:28Z</time></trkpt>
<trkpt lat="37.57350612" lon="126.95794241"><ele>78.53</ele><time>2026-04-18T01:29:29Z</time></trkpt>
<trkpt lat="37.57350373" lon="126.95793412"><ele>78.59</ele><time>2026-04-18T01:29:30Z</time></trkpt>
<trkpt lat="37.57350227" lon="126.95792572"><ele>78.01</ele><time>2026-04-18T01:29:31Z</time></trkpt>
<trkpt lat="37.57350152" lon="126.95791476"><ele>77.88</ele><time>2026-04-18T01:29:32Z</time></trkpt>
<trkpt lat="37.57350544" lon="126.95789152"><ele>78.14</ele><time>2026-04-18T01:29:34Z</time></trkpt>
<trkpt lat="37.57350934" lon="126.95788115"><ele>77.99</ele><time>2026-04-18T01:29:35Z</time></trkpt>
<trkpt lat="37.57351034" lon="126.95787131"><ele>77.99</ele><time>2026-04-18T01:29:36Z</time></trkpt>
<trkpt lat="37.57350959" lon="126.95786313"><ele>78.38</ele><time>2026-04-18T01:29:37Z</time></trkpt>
<trkpt lat="37.57350925" lon="126.95785496"><ele>78.46</ele><time>2026-04-18T01:29:38Z</time></trkpt>
<trkpt lat="37.57351975" lon="126.95785101"><ele>77.16</ele><time>2026-04-18T01:29:42Z</time></trkpt>
<trkpt lat="37.57352569" lon="126.95785713"><ele>77.02</ele><time>2026-04-18T01:29:43Z</time></trkpt>
<trkpt lat="37.57352569" lon="126.95785713"><ele>77.02</ele><time>2026-04-18T01:29:43Z</time></trkpt>
<trkpt lat="37.57353297" lon="126.95786302"><ele>76.93</ele><time>2026-04-18T01:29:44Z</time></trkpt>
<trkpt lat="37.57354254" lon="126.95786838"><ele>76.99</ele><time>2026-04-18T01:29:45Z</time></trkpt>
<trkpt lat="37.57356285" lon="126.95786848"><ele>76.94</ele><time>2026-04-18T01:29:47Z</time></trkpt>
<trkpt lat="37.57357375" lon="126.95786740"><ele>77.10</ele><time>2026-04-18T01:29:48Z</time></trkpt>
<trkpt lat="37.57358492" lon="126.95786826"><ele>77.19</ele><time>2026-04-18T01:29:49Z</time></trkpt>
<trkpt lat="37.57359623" lon="126.95786823"><ele>77.60</ele><time>2026-04-18T01:29:50Z</time></trkpt>
<trkpt lat="37.57360683" lon="126.95786789"><ele>77.70</ele><time>2026-04-18T01:29:51Z</time></trkpt>
<trkpt lat="37.57361806" lon="126.95786742"><ele>77.46</ele><time>2026-04-18T01:29:52Z</time></trkpt>
<trkpt lat="37.57363682" lon="126.95786799"><ele>77.18</ele><time>2026-04-18T01:29:54Z</time></trkpt>
<trkpt lat="37.57364648" lon="126.95787382"><ele>77.20</ele><time>2026-04-18T01:29:55Z</time></trkpt>
<trkpt lat="37.57365309" lon="126.95787998"><ele>75.96</ele><time>2026-04-18T01:29:56Z</time></trkpt>
<trkpt lat="37.57366091" lon="126.95788641"><ele>76.14</ele><time>2026-04-18T01:29:57Z</time></trkpt>
<trkpt lat="37.57367020" lon="126.95788933"><ele>76.39</ele><time>2026-04-18T01:29:58Z</time></trkpt>
<trkpt lat="37.57368976" lon="126.95789261"><ele>76.57</ele><time>2026-04-18T01:30:00Z</time></trkpt>
<trkpt lat="37.57369849" lon="126.95790261"><ele>76.82</ele><time>2026-04-18T01:30:01Z</time></trkpt>
<trkpt lat="37.57370309" lon="126.95791555"><ele>76.82</ele><time>2026-04-18T01:30:02Z</time></trkpt>
<trkpt lat="37.57370395" lon="126.95793043"><ele>76.16</ele><time>2026-04-18T01:30:03Z</time></trkpt>
<trkpt lat="37.57370477" lon="126.95793936"><ele>75.90</ele><time>2026-04-18T01:30:04Z</time></trkpt>
<trkpt lat="37.57371654" lon="126.95795312"><ele>73.54</ele><time>2026-04-18T01:30:06Z</time></trkpt>
<trkpt lat="37.57372484" lon="126.95794159"><ele>73.74</ele><time>2026-04-18T01:30:08Z</time></trkpt>
<trkpt lat="37.57373146" lon="126.95793038"><ele>73.90</ele><time>2026-04-18T01:30:09Z</time></trkpt>
<trkpt lat="37.57373855" lon="126.95791985"><ele>74.34</ele><time>2026-04-18T01:30:10Z</time></trkpt>
<trkpt lat="37.57374724" lon="126.95790511"><ele>74.61</ele><time>2026-04-18T01:30:11Z</time></trkpt>
<trkpt lat="37.57376529" lon="126.95788165"><ele>74.45</ele><time>2026-04-18T01:30:13Z</time></trkpt>
<trkpt lat="37.57377601" lon="126.95786930"><ele>74.34</ele><time>2026-04-18T01:30:14Z</time></trkpt>
<trkpt lat="37.57378762" lon="126.95786010"><ele>74.04</ele><time>2026-04-18T01:30:15Z</time></trkpt>
<trkpt lat="37.57379979" lon="126.95785249"><ele>74.14</ele><time>2026-04-18T01:30:16Z</time></trkpt>
<trkpt lat="37.57381381" lon="126.95784462"><ele>74.11</ele><time>2026-04-18T01:30:17Z</time></trkpt>
<trkpt lat="37.57383274" lon="126.95782742"><ele>74.26</ele><time>2026-04-18T01:30:19Z</time></trkpt>
<trkpt lat="37.57384125" lon="126.95781540"><ele>74.70</ele><time>2026-04-18T01:30:20Z</time></trkpt>
<trkpt lat="37.57384787" lon="126.95780442"><ele>74.86</ele><time>2026-04-18T01:30:21Z</time></trkpt>
<trkpt lat="37.57385317" lon="126.95779387"><ele>74.82</ele><time>2026-04-18T01:30:22Z</time></trkpt>
<trkpt lat="37.57385950" lon="126.95778376"><ele>74.35</ele><time>2026-04-18T01:30:23Z</time></trkpt>
<trkpt lat="37.57387612" lon="126.95776464"><ele>73.57</ele><time>2026-04-18T01:30:25Z</time></trkpt>
<trkpt lat="37.57388587" lon="126.95775639"><ele>73.60</ele><time>2026-04-18T01:30:26Z</time></trkpt>
<trkpt lat="37.57389418" lon="126.95774673"><ele>73.34</ele><time>2026-04-18T01:30:27Z</time></trkpt>
<trkpt lat="37.57390262" lon="126.95773566"><ele>73.53</ele><time>2026-04-18T01:30:28Z</time></trkpt>
<trkpt lat="37.57391007" lon="126.95772206"><ele>73.69</ele><time>2026-04-18T01:30:29Z</time></trkpt>
<trkpt lat="37.57391913" lon="126.95770771"><ele>73.72</ele><time>2026-04-18T01:30:30Z</time></trkpt>
<trkpt lat="37.57393796" lon="126.95768263"><ele>72.59</ele><time>2026-04-18T01:30:32Z</time></trkpt>
<trkpt lat="37.57394634" lon="126.95767015"><ele>72.23</ele><time>2026-04-18T01:30:33Z</time></trkpt>
<trkpt lat="37.57395487" lon="126.95765611"><ele>72.17</ele><time>2026-04-18T01:30:34Z</time></trkpt>
<trkpt lat="37.57396449" lon="126.95764235"><ele>72.85</ele><time>2026-04-18T01:30:35Z</time></trkpt>
<trkpt lat="37.57397241" lon="126.95763121"><ele>72.63</ele><time>2026-04-18T01:30:36Z</time></trkpt>
<trkpt lat="37.57398449" lon="126.95761228"><ele>72.52</ele><time>2026-04-18T01:30:38Z</time></trkpt>
<trkpt lat="37.57399062" lon="126.95760143"><ele>72.32</ele><time>2026-04-18T01:30:39Z</time></trkpt>
<trkpt lat="37.57399454" lon="126.95759183"><ele>71.92</ele><time>2026-04-18T01:30:40Z</time></trkpt>
<trkpt lat="37.57399171" lon="126.95757708"><ele>72.32</ele><time>2026-04-18T01:30:41Z</time></trkpt>
<trkpt lat="37.57398455" lon="126.95756749"><ele>72.65</ele><time>2026-04-18T01:30:42Z</time></trkpt>
<trkpt lat="37.57399170" lon="126.95754494"><ele>73.69</ele><time>2026-04-18T01:30:44Z</time></trkpt>
<trkpt lat="37.57400286" lon="126.95754817"><ele>74.63</ele><time>2026-04-18T01:30:46Z</time></trkpt>
<trkpt lat="37.57397604" lon="126.95753432"><ele>75.25</ele><time>2026-04-18T01:30:47Z</time></trkpt>
<trkpt lat="37.57396326" lon="126.95752390"><ele>75.26</ele><time>2026-04-18T01:30:48Z</time></trkpt>
<trkpt lat="37.57395448" lon="126.95751464"><ele>76.10</ele><time>2026-04-18T01:30:49Z</time></trkpt>
<trkpt lat="37.57394324" lon="126.95749812"><ele>77.22</ele><time>2026-04-18T01:30:51Z</time></trkpt>
<trkpt lat="37.57393504" lon="126.95748929"><ele>78.04</ele><time>2026-04-18T01:30:53Z</time></trkpt>
<trkpt lat="37.57392782" lon="126.95748528"><ele>78.42</ele><time>2026-04-18T01:30:54Z</time></trkpt>
<trkpt lat="37.57391613" lon="126.95747980"><ele>78.49</ele><time>2026-04-18T01:30:56Z</time></trkpt>
<trkpt lat="37.57391265" lon="126.95747051"><ele>78.39</ele><time>2026-04-18T01:30:58Z</time></trkpt>
<trkpt lat="37.57390695" lon="126.95746139"><ele>77.18</ele><time>2026-04-18T01:31:01Z</time></trkpt>
<trkpt lat="37.57390226" lon="126.95744744"><ele>77.63</ele><time>2026-04-18T01:31:04Z</time></trkpt>
<trkpt lat="37.57390181" lon="126.95743552"><ele>77.29</ele><time>2026-04-18T01:31:05Z</time></trkpt>
<trkpt lat="37.57390444" lon="126.95742689"><ele>77.16</ele><time>2026-04-18T01:31:06Z</time></trkpt>
<trkpt lat="37.57390803" lon="126.95741968"><ele>77.69</ele><time>2026-04-18T01:31:07Z</time></trkpt>
<trkpt lat="37.57391269" lon="126.95741223"><ele>77.76</ele><time>2026-04-18T01:31:08Z</time></trkpt>
<trkpt lat="37.57393903" lon="126.95740263"><ele>77.27</ele><time>2026-04-18T01:31:10Z</time></trkpt>
<trkpt lat="37.57393836" lon="126.95738577"><ele>78.27</ele><time>2026-04-18T01:31:11Z</time></trkpt>
<trkpt lat="37.57393555" lon="126.95736897"><ele>78.62</ele><time>2026-04-18T01:31:12Z</time></trkpt>
<trkpt lat="37.57393235" lon="126.95735885"><ele>78.99</ele><time>2026-04-18T01:31:13Z</time></trkpt>
<trkpt lat="37.57394140" lon="126.95734967"><ele>78.54</ele><time>2026-04-18T01:31:19Z</time></trkpt>
<trkpt lat="37.57395025" lon="126.95734563"><ele>78.38</ele><time>2026-04-18T01:31:20Z</time></trkpt>
<trkpt lat="37.57395793" lon="126.95733819"><ele>78.48</ele><time>2026-04-18T01:31:21Z</time></trkpt>
<trkpt lat="37.57396433" lon="126.95732623"><ele>78.87</ele><time>2026-04-18T01:31:22Z</time></trkpt>
<trkpt lat="37.57396809" lon="126.95731285"><ele>79.12</ele><time>2026-04-18T01:31:23Z</time></trkpt>
<trkpt lat="37.57397025" lon="126.95729883"><ele>79.01</ele><time>2026-04-18T01:31:24Z</time></trkpt>
<trkpt lat="37.57397248" lon="126.95727167"><ele>79.23</ele><time>2026-04-18T01:31:26Z</time></trkpt>
<trkpt lat="37.57397187" lon="126.95725780"><ele>79.35</ele><time>2026-04-18T01:31:27Z</time></trkpt>
<trkpt lat="37.57396908" lon="126.95724340"><ele>79.41</ele><time>2026-04-18T01:31:28Z</time></trkpt>
<trkpt lat="37.57396563" lon="126.95723012"><ele>79.54</ele><time>2026-04-18T01:31:29Z</time></trkpt>
<trkpt lat="37.57396091" lon="126.95721638"><ele>79.52</ele><time>2026-04-18T01:31:30Z</time></trkpt>
<trkpt lat="37.57395184" lon="126.95719093"><ele>79.91</ele><time>2026-04-18T01:31:32Z</time></trkpt>
<trkpt lat="37.57394645" lon="126.95717778"><ele>79.84</ele><time>2026-04-18T01:31:33Z</time></trkpt>
<trkpt lat="37.57394096" lon="126.95716355"><ele>79.88</ele><time>2026-04-18T01:31:34Z</time></trkpt>
<trkpt lat="37.57393445" lon="126.95715207"><ele>80.21</ele><time>2026-04-18T01:31:35Z</time></trkpt>
<trkpt lat="37.57393029" lon="126.95714426"><ele>80.62</ele><time>2026-04-18T01:31:37Z</time></trkpt>
<trkpt lat="37.57391628" lon="126.95712786"><ele>80.39</ele><time>2026-04-18T01:31:41Z</time></trkpt>
<trkpt lat="37.57391628" lon="126.95712786"><ele>80.39</ele><time>2026-04-18T01:31:41Z</time></trkpt>
<trkpt lat="37.57390682" lon="126.95711587"><ele>80.54</ele><time>2026-04-18T01:31:42Z</time></trkpt>
<trkpt lat="37.57389642" lon="126.95710651"><ele>80.43</ele><time>2026-04-18T01:31:43Z</time></trkpt>
<trkpt lat="37.57388508" lon="126.95709892"><ele>80.21</ele><time>2026-04-18T01:31:44Z</time></trkpt>
<trkpt lat="37.57387286" lon="126.95709296"><ele>79.99</ele><time>2026-04-18T01:31:45Z</time></trkpt>
<trkpt lat="37.57385200" lon="126.95707444"><ele>79.37</ele><time>2026-04-18T01:31:47Z</time></trkpt>
<trkpt lat="37.57384412" lon="126.95706323"><ele>79.11</ele><time>2026-04-18T01:31:48Z</time></trkpt>
<trkpt lat="37.57383532" lon="126.95705250"><ele>79.02</ele><time>2026-04-18T01:31:49Z</time></trkpt>
<trkpt lat="37.57382640" lon="126.95704153"><ele>79.14</ele><time>2026-04-18T01:31:50Z</time></trkpt>
<trkpt lat="37.57381944" lon="126.95702858"><ele>78.71</ele><time>2026-04-18T01:31:51Z</time></trkpt>
<trkpt lat="37.57380336" lon="126.95700837"><ele>78.08</ele><time>2026-04-18T01:31:53Z</time></trkpt>
<trkpt lat="37.57379361" lon="126.95699907"><ele>77.96</ele><time>2026-04-18T01:31:54Z</time></trkpt>
<trkpt lat="37.57378362" lon="126.95698986"><ele>77.91</ele><time>2026-04-18T01:31:55Z</time></trkpt>
<trkpt lat="37.57377484" lon="126.95697825"><ele>78.33</ele><time>2026-04-18T01:31:56Z</time></trkpt>
<trkpt lat="37.57376722" lon="126.95696810"><ele>78.17</ele><time>2026-04-18T01:31:57Z</time></trkpt>
<trkpt lat="37.57375185" lon="126.95694654"><ele>78.06</ele><time>2026-04-18T01:31:59Z</time></trkpt>
<trkpt lat="37.57374189" lon="126.95693581"><ele>78.13</ele><time>2026-04-18T01:32:00Z</time></trkpt>
<trkpt lat="37.57373337" lon="126.95692225"><ele>78.52</ele><time>2026-04-18T01:32:01Z</time></trkpt>
<trkpt lat="37.57372495" lon="126.95691073"><ele>78.86</ele><time>2026-04-18T01:32:02Z</time></trkpt>
<trkpt lat="37.57371613" lon="126.95689981"><ele>79.22</ele><time>2026-04-18T01:32:03Z</time></trkpt>
<trkpt lat="37.57369340" lon="126.95688705"><ele>79.30</ele><time>2026-04-18T01:32:05Z</time></trkpt>
<trkpt lat="37.57368187" lon="126.95687973"><ele>79.33</ele><time>2026-04-18T01:32:06Z</time></trkpt>
<trkpt lat="37.57367354" lon="126.95686935"><ele>79.47</ele><time>2026-04-18T01:32:07Z</time></trkpt>
<trkpt lat="37.57366642" lon="126.95685844"><ele>79.64</ele><time>2026-04-18T01:32:08Z</time></trkpt>
<trkpt lat="37.57365892" lon="126.95684678"><ele>79.62</ele><time>2026-04-18T01:32:09Z</time></trkpt>
<trkpt lat="37.57364517" lon="126.95682356"><ele>79.94</ele><time>2026-04-18T01:32:11Z</time></trkpt>
<trkpt lat="37.57364015" lon="126.95681097"><ele>80.03</ele><time>2026-04-18T01:32:12Z</time></trkpt>
<trkpt lat="37.57363426" lon="126.95679874"><ele>80.01</ele><time>2026-04-18T01:32:13Z</time></trkpt>
<trkpt lat="37.57362724" lon="126.95678944"><ele>79.91</ele><time>2026-04-18T01:32:14Z</time></trkpt>
<trkpt lat="37.57361963" lon="126.95677837"><ele>79.99</ele><time>2026-04-18T01:32:15Z</time></trkpt>
<trkpt lat="37.57361275" lon="126.95676554"><ele>80.01</ele><time>2026-04-18T01:32:16Z</time></trkpt>
<trkpt lat="37.57359752" lon="126.95674092"><ele>80.25</ele><time>2026-04-18T01:32:18Z</time></trkpt>
<trkpt lat="37.57359137" lon="126.95672765"><ele>80.34</ele><time>2026-04-18T01:32:19Z</time></trkpt>
<trkpt lat="37.57358568" lon="126.95671364"><ele>80.48</ele><time>2026-04-18T01:32:20Z</time></trkpt>
<trkpt lat="37.57358201" lon="126.95669942"><ele>80.24</ele><time>2026-04-18T01:32:21Z</time></trkpt>
<trkpt lat="37.57357670" lon="126.95668807"><ele>80.39</ele><time>2026-04-18T01:32:22Z</time></trkpt>
<trkpt lat="37.57356353" lon="126.95666218"><ele>80.32</ele><time>2026-04-18T01:32:24Z</time></trkpt>
<trkpt lat="37.57355540" lon="126.95664758"><ele>80.52</ele><time>2026-04-18T01:32:25Z</time></trkpt>
<trkpt lat="37.57354866" lon="126.95663275"><ele>80.82</ele><time>2026-04-18T01:32:26Z</time></trkpt>
<trkpt lat="37.57354500" lon="126.95661786"><ele>80.91</ele><time>2026-04-18T01:32:27Z</time></trkpt>
<trkpt lat="37.57354046" lon="126.95660437"><ele>80.66</ele><time>2026-04-18T01:32:28Z</time></trkpt>
<trkpt lat="37.57352642" lon="126.95658402"><ele>79.63</ele><time>2026-04-18T01:32:30Z</time></trkpt>
<trkpt lat="37.57351770" lon="126.95657513"><ele>79.38</ele><time>2026-04-18T01:32:31Z</time></trkpt>
<trkpt lat="37.57351770" lon="126.95657513"><ele>79.38</ele><time>2026-04-18T01:32:31Z</time></trkpt>
<trkpt lat="37.57350703" lon="126.95656740"><ele>79.39</ele><time>2026-04-18T01:32:32Z</time></trkpt>
<trkpt lat="37.57349953" lon="126.95655720"><ele>79.50</ele><time>2026-04-18T01:32:33Z</time></trkpt>
<trkpt lat="37.57348509" lon="126.95653354"><ele>79.58</ele><time>2026-04-18T01:32:35Z</time></trkpt>
<trkpt lat="37.57347592" lon="126.95652392"><ele>78.89</ele><time>2026-04-18T01:32:36Z</time></trkpt>
<trkpt lat="37.57346589" lon="126.95651490"><ele>78.94</ele><time>2026-04-18T01:32:37Z</time></trkpt>
<trkpt lat="37.57345915" lon="126.95650596"><ele>79.04</ele><time>2026-04-18T01:32:38Z</time></trkpt>
<trkpt lat="37.57345195" lon="126.95649596"><ele>78.95</ele><time>2026-04-18T01:32:39Z</time></trkpt>
<trkpt lat="37.57343530" lon="126.95647813"><ele>79.22</ele><time>2026-04-18T01:32:41Z</time></trkpt>
<trkpt lat="37.57342623" lon="126.95647345"><ele>78.90</ele><time>2026-04-18T01:32:42Z</time></trkpt>
<trkpt lat="37.57341738" lon="126.95646699"><ele>79.00</ele><time>2026-04-18T01:32:43Z</time></trkpt>
<trkpt lat="37.57340951" lon="126.95645866"><ele>79.17</ele><time>2026-04-18T01:32:44Z</time></trkpt>
<trkpt lat="37.57340194" lon="126.95645329"><ele>78.98</ele><time>2026-04-18T01:32:45Z</time></trkpt>
<trkpt lat="37.57338486" lon="126.95643833"><ele>78.91</ele><time>2026-04-18T01:32:47Z</time></trkpt>
<trkpt lat="37.57337815" lon="126.95642894"><ele>78.99</ele><time>2026-04-18T01:32:48Z</time></trkpt>
<trkpt lat="37.57337274" lon="126.95641947"><ele>78.59</ele><time>2026-04-18T01:32:49Z</time></trkpt>
<trkpt lat="37.57336572" lon="126.95641072"><ele>79.21</ele><time>2026-04-18T01:32:50Z</time></trkpt>
<trkpt lat="37.57335922" lon="126.95639711"><ele>79.47</ele><time>2026-04-18T01:32:51Z</time></trkpt>
<trkpt lat="37.57335403" lon="126.95638581"><ele>78.83</ele><time>2026-04-18T01:32:52Z</time></trkpt>
<trkpt lat="37.57334651" lon="126.95635975"><ele>78.57</ele><time>2026-04-18T01:32:54Z</time></trkpt>
<trkpt lat="37.57334053" lon="126.95634716"><ele>79.10</ele><time>2026-04-18T01:32:55Z</time></trkpt>
<trkpt lat="37.57333448" lon="126.95633566"><ele>79.14</ele><time>2026-04-18T01:32:56Z</time></trkpt>
<trkpt lat="37.57332746" lon="126.95632408"><ele>79.45</ele><time>2026-04-18T01:32:57Z</time></trkpt>
<trkpt lat="37.57332478" lon="126.95631294"><ele>79.83</ele><time>2026-04-18T01:32:58Z</time></trkpt>
<trkpt lat="37.57330939" lon="126.95630084"><ele>79.98</ele><time>2026-04-18T01:33:03Z</time></trkpt>
<trkpt lat="37.57330939" lon="126.95630084"><ele>79.98</ele><time>2026-04-18T01:33:03Z</time></trkpt>
<trkpt lat="37.57329997" lon="126.95629465"><ele>80.15</ele><time>2026-04-18T01:33:04Z</time></trkpt>
<trkpt lat="37.57329176" lon="126.95628444"><ele>80.13</ele><time>2026-04-18T01:33:05Z</time></trkpt>
<trkpt lat="37.57328453" lon="126.95627463"><ele>79.89</ele><time>2026-04-18T01:33:06Z</time></trkpt>
<trkpt lat="37.57327234" lon="126.95625454"><ele>79.49</ele><time>2026-04-18T01:33:08Z</time></trkpt>
<trkpt lat="37.57326487" lon="126.95624158"><ele>79.78</ele><time>2026-04-18T01:33:09Z</time></trkpt>
<trkpt lat="37.57325627" lon="126.95623045"><ele>79.95</ele><time>2026-04-18T01:33:10Z</time></trkpt>
<trkpt lat="37.57324863" lon="126.95621872"><ele>79.72</ele><time>2026-04-18T01:33:11Z</time></trkpt>
<trkpt lat="37.57324120" lon="126.95620634"><ele>80.08</ele><time>2026-04-18T01:33:12Z</time></trkpt>
<trkpt lat="37.57322607" lon="126.95618235"><ele>79.82</ele><time>2026-04-18T01:33:14Z</time></trkpt>
<trkpt lat="37.57321776" lon="126.95617268"><ele>79.50</ele><time>2026-04-18T01:33:15Z</time></trkpt>
<trkpt lat="37.57320577" lon="126.95616779"><ele>79.66</ele><time>2026-04-18T01:33:16Z</time></trkpt>
<trkpt lat="37.57319383" lon="126.95616791"><ele>78.26</ele><time>2026-04-18T01:33:17Z</time></trkpt>
<trkpt lat="37.57318146" lon="126.95617371"><ele>77.36</ele><time>2026-04-18T01:33:18Z</time></trkpt>
<trkpt lat="37.57316077" lon="126.95619738"><ele>75.27</ele><time>2026-04-18T01:33:20Z</time></trkpt>
<trkpt lat="37.57315936" lon="126.95620638"><ele>76.68</ele><time>2026-04-18T01:33:21Z</time></trkpt>
<trkpt lat="37.57315300" lon="126.95621871"><ele>79.03</ele><time>2026-04-18T01:33:23Z</time></trkpt>
<trkpt lat="37.57314664" lon="126.95622908"><ele>78.97</ele><time>2026-04-18T01:33:24Z</time></trkpt>
<trkpt lat="37.57313905" lon="126.95624197"><ele>79.66</ele><time>2026-04-18T01:33:25Z</time></trkpt>
<trkpt lat="37.57312920" lon="126.95625400"><ele>79.78</ele><time>2026-04-18T01:33:26Z</time></trkpt>
<trkpt lat="37.57312068" lon="126.95627196"><ele>80.57</ele><time>2026-04-18T01:33:28Z</time></trkpt>
<trkpt lat="37.57311636" lon="126.95627861"><ele>80.66</ele><time>2026-04-18T01:33:29Z</time></trkpt>
<trkpt lat="37.57310794" lon="126.95628490"><ele>81.01</ele><time>2026-04-18T01:33:30Z</time></trkpt>
<trkpt lat="37.57309793" lon="126.95628635"><ele>80.58</ele><time>2026-04-18T01:33:31Z</time></trkpt>
<trkpt lat="37.57309418" lon="126.95627743"><ele>81.22</ele><time>2026-04-18T01:33:33Z</time></trkpt>
<trkpt lat="37.57307969" lon="126.95626259"><ele>82.06</ele><time>2026-04-18T01:33:36Z</time></trkpt>
<trkpt lat="37.57307365" lon="126.95625572"><ele>82.18</ele><time>2026-04-18T01:33:37Z</time></trkpt>
<trkpt lat="37.57306746" lon="126.95624183"><ele>82.32</ele><time>2026-04-18T01:33:38Z</time></trkpt>
<trkpt lat="37.57306832" lon="126.95623261"><ele>82.13</ele><time>2026-04-18T01:33:39Z</time></trkpt>
<trkpt lat="37.57306149" lon="126.95622702"><ele>82.11</ele><time>2026-04-18T01:33:40Z</time></trkpt>
<trkpt lat="37.57306611" lon="126.95620446"><ele>84.00</ele><time>2026-04-18T01:33:44Z</time></trkpt>
<trkpt lat="37.57307306" lon="126.95619912"><ele>84.09</ele><time>2026-04-18T01:33:45Z</time></trkpt>
<trkpt lat="37.57308939" lon="126.95619471"><ele>84.77</ele><time>2026-04-18T01:33:46Z</time></trkpt>
<trkpt lat="37.57309247" lon="126.95618695"><ele>84.49</ele><time>2026-04-18T01:33:47Z</time></trkpt>
<trkpt lat="37.57308437" lon="126.95617698"><ele>84.22</ele><time>2026-04-18T01:33:48Z</time></trkpt>
<trkpt lat="37.57306908" lon="126.95615791"><ele>83.27</ele><time>2026-04-18T01:33:50Z</time></trkpt>
<trkpt lat="37.57305856" lon="126.95614733"><ele>83.28</ele><time>2026-04-18T01:33:51Z</time></trkpt>
<trkpt lat="37.57305080" lon="126.95613619"><ele>83.30</ele><time>2026-04-18T01:33:52Z</time></trkpt>
<trkpt lat="37.57304562" lon="126.95612255"><ele>84.06</ele><time>2026-04-18T01:33:53Z</time></trkpt>
<trkpt lat="37.57304270" lon="126.95610911"><ele>83.60</ele><time>2026-04-18T01:33:54Z</time></trkpt>
<trkpt lat="37.57304081" lon="126.95608300"><ele>83.58</ele><time>2026-04-18T01:33:56Z</time></trkpt>
<trkpt lat="37.57304305" lon="126.95607218"><ele>84.32</ele><time>2026-04-18T01:33:57Z</time></trkpt>
<trkpt lat="37.57304766" lon="126.95606268"><ele>84.83</ele><time>2026-04-18T01:33:58Z</time></trkpt>
<trkpt lat="37.57305253" lon="126.95605416"><ele>84.73</ele><time>2026-04-18T01:33:59Z</time></trkpt>
<trkpt lat="37.57305657" lon="126.95604451"><ele>84.38</ele><time>2026-04-18T01:34:00Z</time></trkpt>
<trkpt lat="37.57306124" lon="126.95603431"><ele>84.39</ele><time>2026-04-18T01:34:01Z</time></trkpt>
<trkpt lat="37.57306622" lon="126.95602431"><ele>84.28</ele><time>2026-04-18T01:34:02Z</time></trkpt>
<trkpt lat="37.57307081" lon="126.95601496"><ele>83.92</ele><time>2026-04-18T01:34:03Z</time></trkpt>
<trkpt lat="37.57307690" lon="126.95600598"><ele>83.57</ele><time>2026-04-18T01:34:04Z</time></trkpt>
<trkpt lat="37.57308639" lon="126.95599731"><ele>83.13</ele><time>2026-04-18T01:34:05Z</time></trkpt>
<trkpt lat="37.57309757" lon="126.95598996"><ele>83.41</ele><time>2026-04-18T01:34:06Z</time></trkpt>
<trkpt lat="37.57312116" lon="126.95597936"><ele>83.34</ele><time>2026-04-18T01:34:08Z</time></trkpt>
<trkpt lat="37.57313194" lon="126.95597096"><ele>83.50</ele><time>2026-04-18T01:34:09Z</time></trkpt>
<trkpt lat="37.57314025" lon="126.95596185"><ele>83.38</ele><time>2026-04-18T01:34:10Z</time></trkpt>
<trkpt lat="37.57314807" lon="126.95595263"><ele>83.76</ele><time>2026-04-18T01:34:11Z</time></trkpt>
<trkpt lat="37.57315707" lon="126.95594402"><ele>83.97</ele><time>2026-04-18T01:34:12Z</time></trkpt>
<trkpt lat="37.57317296" lon="126.95592528"><ele>83.87</ele><time>2026-04-18T01:34:14Z</time></trkpt>
<trkpt lat="37.57318057" lon="126.95591656"><ele>83.59</ele><time>2026-04-18T01:34:15Z</time></trkpt>
<trkpt lat="37.57319103" lon="126.95590502"><ele>83.82</ele><time>2026-04-18T01:34:16Z</time></trkpt>
<trkpt lat="37.57320151" lon="126.95589532"><ele>83.89</ele><time>2026-04-18T01:34:17Z</time></trkpt>
<trkpt lat="37.57321164" lon="126.95588679"><ele>83.82</ele><time>2026-04-18T01:34:18Z</time></trkpt>
<trkpt lat="37.57323251" lon="126.95587082"><ele>84.34</ele><time>2026-04-18T01:34:20Z</time></trkpt>
<trkpt lat="37.57324270" lon="126.95586307"><ele>84.71</ele><time>2026-04-18T01:34:21Z</time></trkpt>
<trkpt lat="37.57325353" lon="126.95585583"><ele>85.18</ele><time>2026-04-18T01:34:22Z</time></trkpt>
<trkpt lat="37.57326322" lon="126.95584855"><ele>85.47</ele><time>2026-04-18T01:34:23Z</time></trkpt>
<trkpt lat="37.57327465" lon="126.95584407"><ele>85.69</ele><time>2026-04-18T01:34:24Z</time></trkpt>
<trkpt lat="37.57329391" lon="126.95583339"><ele>85.62</ele><time>2026-04-18T01:34:26Z</time></trkpt>
<trkpt lat="37.57330390" lon="126.95582717"><ele>85.81</ele><time>2026-04-18T01:34:27Z</time></trkpt>
<trkpt lat="37.57331392" lon="126.95582244"><ele>85.63</ele><time>2026-04-18T01:34:28Z</time></trkpt>
<trkpt lat="37.57332362" lon="126.95581829"><ele>85.77</ele><time>2026-04-18T01:34:29Z</time></trkpt>
<trkpt lat="37.57333266" lon="126.95581380"><ele>85.87</ele><time>2026-04-18T01:34:30Z</time></trkpt>
<trkpt lat="37.57334201" lon="126.95580890"><ele>86.28</ele><time>2026-04-18T01:34:31Z</time></trkpt>
<trkpt lat="37.57335698" lon="126.95579987"><ele>86.22</ele><time>2026-04-18T01:34:33Z</time></trkpt>
<trkpt lat="37.57336466" lon="126.95579225"><ele>88.01</ele><time>2026-04-18T01:34:34Z</time></trkpt>
<trkpt lat="37.57336837" lon="126.95577969"><ele>89.01</ele><time>2026-04-18T01:34:35Z</time></trkpt>
<trkpt lat="37.57335458" lon="126.95576501"><ele>89.30</ele><time>2026-04-18T01:34:36Z</time></trkpt>
<trkpt lat="37.57334974" lon="126.95575914"><ele>89.04</ele><time>2026-04-18T01:34:43Z</time></trkpt>
<trkpt lat="37.57332762" lon="126.95576687"><ele>89.14</ele><time>2026-04-18T01:34:46Z</time></trkpt>
<trkpt lat="37.57331745" lon="126.95577373"><ele>88.80</ele><time>2026-04-18T01:34:47Z</time></trkpt>
<trkpt lat="37.57330562" lon="126.95577747"><ele>89.62</ele><time>2026-04-18T01:34:48Z</time></trkpt>
<trkpt lat="37.57329391" lon="126.95578070"><ele>89.52</ele><time>2026-04-18T01:34:49Z</time></trkpt>
<trkpt lat="37.57328285" lon="126.95578002"><ele>88.67</ele><time>2026-04-18T01:34:50Z</time></trkpt>
<trkpt lat="37.57326241" lon="126.95577794"><ele>87.94</ele><time>2026-04-18T01:34:52Z</time></trkpt>
<trkpt lat="37.57325317" lon="126.95577279"><ele>87.53</ele><time>2026-04-18T01:34:53Z</time></trkpt>
<trkpt lat="37.57324040" lon="126.95576927"><ele>87.90</ele><time>2026-04-18T01:34:54Z</time></trkpt>
<trkpt lat="37.57323025" lon="126.95576164"><ele>87.94</ele><time>2026-04-18T01:34:55Z</time></trkpt>
<trkpt lat="37.57321892" lon="126.95575384"><ele>88.21</ele><time>2026-04-18T01:34:56Z</time></trkpt>
<trkpt lat="37.57319818" lon="126.95573864"><ele>88.70</ele><time>2026-04-18T01:34:58Z</time></trkpt>
<trkpt lat="37.57319112" lon="126.95572765"><ele>88.16</ele><time>2026-04-18T01:34:59Z</time></trkpt>
<trkpt lat="37.57317884" lon="126.95571981"><ele>88.05</ele><time>2026-04-18T01:35:00Z</time></trkpt>
<trkpt lat="37.57316965" lon="126.95570853"><ele>87.65</ele><time>2026-04-18T01:35:01Z</time></trkpt>
<trkpt lat="37.57316229" lon="126.95569639"><ele>87.73</ele><time>2026-04-18T01:35:02Z</time></trkpt>
<trkpt lat="37.57315719" lon="126.95566852"><ele>87.02</ele><time>2026-04-18T01:35:04Z</time></trkpt>
<trkpt lat="37.57315521" lon="126.95565317"><ele>87.18</ele><time>2026-04-18T01:35:05Z</time></trkpt>
<trkpt lat="37.57315293" lon="126.95563751"><ele>87.25</ele><time>2026-04-18T01:35:06Z</time></trkpt>
<trkpt lat="37.57315258" lon="126.95562395"><ele>87.05</ele><time>2026-04-18T01:35:07Z</time></trkpt>
<trkpt lat="37.57315143" lon="126.95560909"><ele>86.75</ele><time>2026-04-18T01:35:08Z</time></trkpt>
<trkpt lat="37.57314991" lon="126.95557759"><ele>86.87</ele><time>2026-04-18T01:35:10Z</time></trkpt>
<trkpt lat="37.57314965" lon="126.95556167"><ele>87.07</ele><time>2026-04-18T01:35:11Z</time></trkpt>
<trkpt lat="37.57314938" lon="126.95554622"><ele>86.88</ele><time>2026-04-18T01:35:12Z</time></trkpt>
<trkpt lat="37.57314859" lon="126.95553151"><ele>86.33</ele><time>2026-04-18T01:35:13Z</time></trkpt>
<trkpt lat="37.57314986" lon="126.95551636"><ele>86.47</ele><time>2026-04-18T01:35:14Z</time></trkpt>
<trkpt lat="37.57314748" lon="126.95550215"><ele>86.23</ele><time>2026-04-18T01:35:15Z</time></trkpt>
<trkpt lat="37.57314707" lon="126.95547066"><ele>86.74</ele><time>2026-04-18T01:35:17Z</time></trkpt>
<trkpt lat="37.57314685" lon="126.95545513"><ele>86.81</ele><time>2026-04-18T01:35:18Z</time></trkpt>
<trkpt lat="37.57314567" lon="126.95544191"><ele>86.15</ele><time>2026-04-18T01:35:19Z</time></trkpt>
<trkpt lat="37.57314072" lon="126.95542685"><ele>86.39</ele><time>2026-04-18T01:35:20Z</time></trkpt>
<trkpt lat="37.57313581" lon="126.95541393"><ele>85.77</ele><time>2026-04-18T01:35:21Z</time></trkpt>
<trkpt lat="37.57312081" lon="126.95539291"><ele>86.31</ele><time>2026-04-18T01:35:23Z</time></trkpt>
<trkpt lat="37.57311584" lon="126.95537995"><ele>87.11</ele><time>2026-04-18T01:35:24Z</time></trkpt>
<trkpt lat="37.57311011" lon="126.95536788"><ele>87.45</ele><time>2026-04-18T01:35:25Z</time></trkpt>
<trkpt lat="37.57310426" lon="126.95535723"><ele>87.68</ele><time>2026-04-18T01:35:26Z</time></trkpt>
<trkpt lat="37.57310003" lon="126.95534496"><ele>87.42</ele><time>2026-04-18T01:35:27Z</time></trkpt>
<trkpt lat="37.57309601" lon="126.95533281"><ele>87.33</ele><time>2026-04-18T01:35:28Z</time></trkpt>
<trkpt lat="37.57309222" lon="126.95531993"><ele>87.40</ele><time>2026-04-18T01:35:29Z</time></trkpt>
<trkpt lat="37.57309263" lon="126.95530610"><ele>87.39</ele><time>2026-04-18T01:35:30Z</time></trkpt>
<trkpt lat="37.57309165" lon="126.95529243"><ele>87.15</ele><time>2026-04-18T01:35:31Z</time></trkpt>
<trkpt lat="37.57308837" lon="126.95527998"><ele>87.32</ele><time>2026-04-18T01:35:32Z</time></trkpt>
<trkpt lat="37.57307883" lon="126.95525453"><ele>87.37</ele><time>2026-04-18T01:35:34Z</time></trkpt>
<trkpt lat="37.57307582" lon="126.95524138"><ele>87.72</ele><time>2026-04-18T01:35:35Z</time></trkpt>
<trkpt lat="37.57307253" lon="126.95522777"><ele>87.35</ele><time>2026-04-18T01:35:36Z</time></trkpt>
<trkpt lat="37.57306830" lon="126.95521496"><ele>87.51</ele><time>2026-04-18T01:35:37Z</time></trkpt>
<trkpt lat="37.57306407" lon="126.95520468"><ele>87.59</ele><time>2026-04-18T01:35:38Z</time></trkpt>
<trkpt lat="37.57306300" lon="126.95517745"><ele>87.69</ele><time>2026-04-18T01:35:40Z</time></trkpt>
<trkpt lat="37.57306490" lon="126.95516387"><ele>88.04</ele><time>2026-04-18T01:35:41Z</time></trkpt>
<trkpt lat="37.57306794" lon="126.95515093"><ele>88.21</ele><time>2026-04-18T01:35:42Z</time></trkpt>
<trkpt lat="37.57307036" lon="126.95513946"><ele>88.55</ele><time>2026-04-18T01:35:43Z</time></trkpt>
<trkpt lat="37.57307276" lon="126.95512819"><ele>88.95</ele><time>2026-04-18T01:35:44Z</time></trkpt>
<trkpt lat="37.57307370" lon="126.95511635"><ele>88.81</ele><time>2026-04-18T01:35:45Z</time></trkpt>
<trkpt lat="37.57307367" lon="126.95509479"><ele>89.33</ele><time>2026-04-18T01:35:47Z</time></trkpt>
<trkpt lat="37.57307666" lon="126.95508325"><ele>89.29</ele><time>2026-04-18T01:35:48Z</time></trkpt>
<trkpt lat="37.57308154" lon="126.95507278"><ele>90.17</ele><time>2026-04-18T01:35:49Z</time></trkpt>
<trkpt lat="37.57308509" lon="126.95506169"><ele>89.93</ele><time>2026-04-18T01:35:50Z</time></trkpt>
<trkpt lat="37.57308868" lon="126.95505125"><ele>89.92</ele><time>2026-04-18T01:35:51Z</time></trkpt>
<trkpt lat="37.57310380" lon="126.95504199"><ele>89.74</ele><time>2026-04-18T01:35:53Z</time></trkpt>
<trkpt lat="37.57311237" lon="126.95503965"><ele>90.29</ele><time>2026-04-18T01:35:54Z</time></trkpt>
<trkpt lat="37.57312212" lon="126.95503754"><ele>90.71</ele><time>2026-04-18T01:35:55Z</time></trkpt>
<trkpt lat="37.57313150" lon="126.95503341"><ele>91.16</ele><time>2026-04-18T01:35:56Z</time></trkpt>
<trkpt lat="37.57313911" lon="126.95502662"><ele>90.92</ele><time>2026-04-18T01:35:57Z</time></trkpt>
<trkpt lat="37.57315217" lon="126.95500989"><ele>91.44</ele><time>2026-04-18T01:35:59Z</time></trkpt>
<trkpt lat="37.57315863" lon="126.95500305"><ele>92.62</ele><time>2026-04-18T01:36:00Z</time></trkpt>
<trkpt lat="37.57316544" lon="126.95498951"><ele>93.61</ele><time>2026-04-18T01:36:01Z</time></trkpt>
<trkpt lat="37.57317544" lon="126.95497666"><ele>94.39</ele><time>2026-04-18T01:36:02Z</time></trkpt>
<trkpt lat="37.57318355" lon="126.95496838"><ele>95.35</ele><time>2026-04-18T01:36:03Z</time></trkpt>
<trkpt lat="37.57320008" lon="126.95496000"><ele>95.62</ele><time>2026-04-18T01:36:05Z</time></trkpt>
<trkpt lat="37.57320825" lon="126.95495773"><ele>96.00</ele><time>2026-04-18T01:36:06Z</time></trkpt>
<trkpt lat="37.57321598" lon="126.95495358"><ele>96.46</ele><time>2026-04-18T01:36:07Z</time></trkpt>
<trkpt lat="37.57322253" lon="126.95494684"><ele>96.53</ele><time>2026-04-18T01:36:08Z</time></trkpt>
<trkpt lat="37.57322925" lon="126.95493947"><ele>96.49</ele><time>2026-04-18T01:36:09Z</time></trkpt>
<trkpt lat="37.57324294" lon="126.95492324"><ele>97.01</ele><time>2026-04-18T01:36:11Z</time></trkpt>
<trkpt lat="37.57325058" lon="126.95491554"><ele>97.21</ele><time>2026-04-18T01:36:12Z</time></trkpt>
<trkpt lat="37.57325755" lon="126.95490826"><ele>97.18</ele><time>2026-04-18T01:36:13Z</time></trkpt>
<trkpt lat="37.57326433" lon="126.95490144"><ele>97.51</ele><time>2026-04-18T01:36:14Z</time></trkpt>
<trkpt lat="37.57327104" lon="126.95489446"><ele>97.40</ele><time>2026-04-18T01:36:15Z</time></trkpt>
<trkpt lat="37.57327595" lon="126.95488704"><ele>97.86</ele><time>2026-04-18T01:36:16Z</time></trkpt>
<trkpt lat="37.57327997" lon="126.95487668"><ele>98.30</ele><time>2026-04-18T01:36:17Z</time></trkpt>
<trkpt lat="37.57328501" lon="126.95486671"><ele>98.45</ele><time>2026-04-18T01:36:18Z</time></trkpt>
<trkpt lat="37.57328835" lon="126.95485648"><ele>98.60</ele><time>2026-04-18T01:36:19Z</time></trkpt>
<trkpt lat="37.57329598" lon="126.95484534"><ele>98.89</ele><time>2026-04-18T01:36:21Z</time></trkpt>
<trkpt lat="37.57330133" lon="126.95484008"><ele>99.44</ele><time>2026-04-18T01:36:22Z</time></trkpt>
<trkpt lat="37.57331500" lon="126.95482721"><ele>99.89</ele><time>2026-04-18T01:36:25Z</time></trkpt>
<trkpt lat="37.57332299" lon="126.95482246"><ele>100.17</ele><time>2026-04-18T01:36:26Z</time></trkpt>
<trkpt lat="37.57332885" lon="126.95481557"><ele>100.27</ele><time>2026-04-18T01:36:27Z</time></trkpt>
<trkpt lat="37.57333363" lon="126.95480729"><ele>100.46</ele><time>2026-04-18T01:36:28Z</time></trkpt>
<trkpt lat="37.57333915" lon="126.95479858"><ele>100.38</ele><time>2026-04-18T01:36:29Z</time></trkpt>
<trkpt lat="37.57334952" lon="126.95478197"><ele>100.86</ele><time>2026-04-18T01:36:31Z</time></trkpt>
<trkpt lat="37.57335444" lon="126.95477229"><ele>102.28</ele><time>2026-04-18T01:36:32Z</time></trkpt>
<trkpt lat="37.57335901" lon="126.95476291"><ele>102.33</ele><time>2026-04-18T01:36:33Z</time></trkpt>
<trkpt lat="37.57336383" lon="126.95475458"><ele>101.90</ele><time>2026-04-18T01:36:34Z</time></trkpt>
<trkpt lat="37.57336850" lon="126.95474494"><ele>102.40</ele><time>2026-04-18T01:36:35Z</time></trkpt>
<trkpt lat="37.57337400" lon="126.95472189"><ele>102.93</ele><time>2026-04-18T01:36:37Z</time></trkpt>
<trkpt lat="37.57337400" lon="126.95472189"><ele>102.93</ele><time>2026-04-18T01:36:37Z</time></trkpt>
<trkpt lat="37.57337676" lon="126.95470950"><ele>103.32</ele><time>2026-04-18T01:36:38Z</time></trkpt>
<trkpt lat="37.57337981" lon="126.95469690"><ele>103.33</ele><time>2026-04-18T01:36:39Z</time></trkpt>
<trkpt lat="37.57338451" lon="126.95468607"><ele>103.73</ele><time>2026-04-18T01:36:40Z</time></trkpt>
<trkpt lat="37.57339263" lon="126.95466902"><ele>104.17</ele><time>2026-04-18T01:36:42Z</time></trkpt>
<trkpt lat="37.57339585" lon="126.95466035"><ele>104.08</ele><time>2026-04-18T01:36:43Z</time></trkpt>
<trkpt lat="37.57340119" lon="126.95465115"><ele>104.11</ele><time>2026-04-18T01:36:44Z</time></trkpt>
<trkpt lat="37.57340650" lon="126.95464036"><ele>103.12</ele><time>2026-04-18T01:36:45Z</time></trkpt>
<trkpt lat="37.57340901" lon="126.95462984"><ele>102.91</ele><time>2026-04-18T01:36:46Z</time></trkpt>
<trkpt lat="37.57341827" lon="126.95461922"><ele>104.14</ele><time>2026-04-18T01:36:48Z</time></trkpt>
<trkpt lat="37.57342233" lon="126.95460152"><ele>104.81</ele><time>2026-04-18T01:36:50Z</time></trkpt>
<trkpt lat="37.57341824" lon="126.95458238"><ele>104.81</ele><time>2026-04-18T01:36:52Z</time></trkpt>
<trkpt lat="37.57342089" lon="126.95457378"><ele>106.40</ele><time>2026-04-18T01:36:53Z</time></trkpt>
<trkpt lat="37.57342025" lon="126.95456329"><ele>106.64</ele><time>2026-04-18T01:36:54Z</time></trkpt>
<trkpt lat="37.57341671" lon="126.95455235"><ele>106.92</ele><time>2026-04-18T01:36:55Z</time></trkpt>
<trkpt lat="37.57340934" lon="126.95452824"><ele>106.60</ele><time>2026-04-18T01:36:57Z</time></trkpt>
<trkpt lat="37.57340551" lon="126.95451568"><ele>106.71</ele><time>2026-04-18T01:36:58Z</time></trkpt>
<trkpt lat="37.57340327" lon="126.95450254"><ele>106.67</ele><time>2026-04-18T01:36:59Z</time></trkpt>
<trkpt lat="37.57340143" lon="126.95448982"><ele>106.36</ele><time>2026-04-18T01:37:00Z</time></trkpt>
<trkpt lat="37.57339923" lon="126.95447601"><ele>106.01</ele><time>2026-04-18T01:37:01Z</time></trkpt>
<trkpt lat="37.57339332" lon="126.95444446"><ele>105.51</ele><time>2026-04-18T01:37:03Z</time></trkpt>
<trkpt lat="37.57338975" lon="126.95443012"><ele>105.55</ele><time>2026-04-18T01:37:04Z</time></trkpt>
<trkpt lat="37.57338374" lon="126.95441869"><ele>105.69</ele><time>2026-04-18T01:37:05Z</time></trkpt>
<trkpt lat="37.57337686" lon="126.95440607"><ele>105.81</ele><time>2026-04-18T01:37:06Z</time></trkpt>
<trkpt lat="37.57337476" lon="126.95439119"><ele>105.87</ele><time>2026-04-18T01:37:07Z</time></trkpt>
<trkpt lat="37.57336297" lon="126.95436536"><ele>105.76</ele><time>2026-04-18T01:37:09Z</time></trkpt>
<trkpt lat="37.57335855" lon="126.95435174"><ele>106.37</ele><time>2026-04-18T01:37:10Z</time></trkpt>
<trkpt lat="37.57335273" lon="126.95433847"><ele>106.81</ele><time>2026-04-18T01:37:11Z</time></trkpt>
<trkpt lat="37.57334781" lon="126.95432481"><ele>107.12</ele><time>2026-04-18T01:37:12Z</time></trkpt>
<trkpt lat="37.57334161" lon="126.95431285"><ele>107.12</ele><time>2026-04-18T01:37:13Z</time></trkpt>
<trkpt lat="37.57333387" lon="126.95428690"><ele>106.97</ele><time>2026-04-18T01:37:15Z</time></trkpt>
<trkpt lat="37.57332652" lon="126.95427461"><ele>106.88</ele><time>2026-04-18T01:37:16Z</time></trkpt>
<trkpt lat="37.57332138" lon="126.95426069"><ele>106.67</ele><time>2026-04-18T01:37:17Z</time></trkpt>
<trkpt lat="37.57331608" lon="126.95424727"><ele>106.75</ele><time>2026-04-18T01:37:18Z</time></trkpt>
<trkpt lat="37.57331208" lon="126.95423270"><ele>107.02</ele><time>2026-04-18T01:37:19Z</time></trkpt>
<trkpt lat="37.57330385" lon="126.95420286"><ele>106.98</ele><time>2026-04-18T01:37:21Z</time></trkpt>
<trkpt lat="37.57329807" lon="126.95418912"><ele>107.37</ele><time>2026-04-18T01:37:22Z</time></trkpt>
<trkpt lat="37.57329258" lon="126.95417702"><ele>107.09</ele><time>2026-04-18T01:37:23Z</time></trkpt>
<trkpt lat="37.57328813" lon="126.95416369"><ele>107.15</ele><time>2026-04-18T01:37:24Z</time></trkpt>
<trkpt lat="37.57328482" lon="126.95415001"><ele>107.46</ele><time>2026-04-18T01:37:25Z</time></trkpt>
<trkpt lat="37.57328146" lon="126.95413747"><ele>107.86</ele><time>2026-04-18T01:37:26Z</time></trkpt>
<trkpt lat="37.57327939" lon="126.95410938"><ele>108.66</ele><time>2026-04-18T01:37:28Z</time></trkpt>
<trkpt lat="37.57327819" lon="126.95409770"><ele>109.09</ele><time>2026-04-18T01:37:29Z</time></trkpt>
<trkpt lat="37.57327599" lon="126.95408622"><ele>108.66</ele><time>2026-04-18T01:37:30Z</time></trkpt>
<trkpt lat="37.57327449" lon="126.95407358"><ele>108.87</ele><time>2026-04-18T01:37:31Z</time></trkpt>
<trkpt lat="37.57327449" lon="126.95407358"><ele>108.87</ele><time>2026-04-18T01:37:31Z</time></trkpt>
<trkpt lat="37.57326611" lon="126.95405192"><ele>110.00</ele><time>2026-04-18T01:37:34Z</time></trkpt>
<trkpt lat="37.57326361" lon="126.95404111"><ele>110.75</ele><time>2026-04-18T01:37:36Z</time></trkpt>
<trkpt lat="37.57325944" lon="126.95402640"><ele>111.17</ele><time>2026-04-18T01:37:38Z</time></trkpt>
<trkpt lat="37.57325508" lon="126.95401590"><ele>111.37</ele><time>2026-04-18T01:37:39Z</time></trkpt>
<trkpt lat="37.57324916" lon="126.95400381"><ele>111.74</ele><time>2026-04-18T01:37:41Z</time></trkpt>
<trkpt lat="37.57324310" lon="126.95398574"><ele>112.67</ele><time>2026-04-18T01:37:43Z</time></trkpt>
<trkpt lat="37.57324227" lon="126.95397489"><ele>112.71</ele><time>2026-04-18T01:37:45Z</time></trkpt>
<trkpt lat="37.57324353" lon="126.95396382"><ele>112.94</ele><time>2026-04-18T01:37:46Z</time></trkpt>
<trkpt lat="37.57324222" lon="126.95395244"><ele>112.79</ele><time>2026-04-18T01:37:47Z</time></trkpt>
<trkpt lat="37.57323491" lon="126.95394517"><ele>112.43</ele><time>2026-04-18T01:37:50Z</time></trkpt>
<trkpt lat="37.57322529" lon="126.95392775"><ele>113.64</ele><time>2026-04-18T01:37:53Z</time></trkpt>
<trkpt lat="37.57321861" lon="126.95391979"><ele>114.45</ele><time>2026-04-18T01:37:54Z</time></trkpt>
<trkpt lat="37.57321260" lon="126.95391548"><ele>114.39</ele><time>2026-04-18T01:37:55Z</time></trkpt>
<trkpt lat="37.57320876" lon="126.95390842"><ele>113.12</ele><time>2026-04-18T01:37:57Z</time></trkpt>
<trkpt lat="37.57320954" lon="126.95389940"><ele>112.63</ele><time>2026-04-18T01:37:58Z</time></trkpt>
<trkpt lat="37.57322380" lon="126.95388248"><ele>114.18</ele><time>2026-04-18T01:38:01Z</time></trkpt>
<trkpt lat="37.57322138" lon="126.95387236"><ele>113.50</ele><time>2026-04-18T01:38:03Z</time></trkpt>
<trkpt lat="37.57321264" lon="126.95386626"><ele>113.62</ele><time>2026-04-18T01:38:04Z</time></trkpt>
<trkpt lat="37.57320317" lon="126.95386005"><ele>114.31</ele><time>2026-04-18T01:38:05Z</time></trkpt>
<trkpt lat="37.57319840" lon="126.95385155"><ele>114.28</ele><time>2026-04-18T01:38:06Z</time></trkpt>
<trkpt lat="37.57319137" lon="126.95384164"><ele>114.73</ele><time>2026-04-18T01:38:07Z</time></trkpt>
<trkpt lat="37.57317571" lon="126.95383019"><ele>114.79</ele><time>2026-04-18T01:38:09Z</time></trkpt>
<trkpt lat="37.57317150" lon="126.95382182"><ele>114.67</ele><time>2026-04-18T01:38:10Z</time></trkpt>
<trkpt lat="37.57316775" lon="126.95381371"><ele>115.16</ele><time>2026-04-18T01:38:11Z</time></trkpt>
<trkpt lat="37.57316268" lon="126.95380737"><ele>115.63</ele><time>2026-04-18T01:38:12Z</time></trkpt>
<trkpt lat="37.57314739" lon="126.95380306"><ele>116.19</ele><time>2026-04-18T01:38:14Z</time></trkpt>
<trkpt lat="37.57313411" lon="126.95379151"><ele>116.23</ele><time>2026-04-18T01:38:16Z</time></trkpt>
<trkpt lat="37.57313183" lon="126.95378037"><ele>116.66</ele><time>2026-04-18T01:38:17Z</time></trkpt>
<trkpt lat="37.57313055" lon="126.95377010"><ele>116.75</ele><time>2026-04-18T01:38:18Z</time></trkpt>
<trkpt lat="37.57312981" lon="126.95375589"><ele>117.44</ele><time>2026-04-18T01:38:19Z</time></trkpt>
<trkpt lat="37.57312899" lon="126.95374501"><ele>117.71</ele><time>2026-04-18T01:38:20Z</time></trkpt>
<trkpt lat="37.57312869" lon="126.95372229"><ele>117.84</ele><time>2026-04-18T01:38:23Z</time></trkpt>
<trkpt lat="37.57312577" lon="126.95370916"><ele>118.09</ele><time>2026-04-18T01:38:24Z</time></trkpt>
<trkpt lat="37.57312664" lon="126.95369958"><ele>118.31</ele><time>2026-04-18T01:38:25Z</time></trkpt>
<trkpt lat="37.57312911" lon="126.95369151"><ele>118.69</ele><time>2026-04-18T01:38:26Z</time></trkpt>
<trkpt lat="37.57312992" lon="126.95367621"><ele>119.46</ele><time>2026-04-18T01:38:28Z</time></trkpt>
<trkpt lat="37.57313236" lon="126.95365190"><ele>121.01</ele><time>2026-04-18T01:38:32Z</time></trkpt>
<trkpt lat="37.57313365" lon="126.95364090"><ele>121.09</ele><time>2026-04-18T01:38:33Z</time></trkpt>
<trkpt lat="37.57313224" lon="126.95362828"><ele>121.36</ele><time>2026-04-18T01:38:34Z</time></trkpt>
<trkpt lat="37.57313021" lon="126.95361667"><ele>121.55</ele><time>2026-04-18T01:38:35Z</time></trkpt>
<trkpt lat="37.57312267" lon="126.95360986"><ele>121.85</ele><time>2026-04-18T01:38:36Z</time></trkpt>
<trkpt lat="37.57310197" lon="126.95359455"><ele>121.74</ele><time>2026-04-18T01:38:38Z</time></trkpt>
<trkpt lat="37.57309211" lon="126.95358803"><ele>121.96</ele><time>2026-04-18T01:38:39Z</time></trkpt>
<trkpt lat="37.57308322" lon="126.95357991"><ele>122.71</ele><time>2026-04-18T01:38:40Z</time></trkpt>
<trkpt lat="37.57307578" lon="126.95357238"><ele>122.93</ele><time>2026-04-18T01:38:41Z</time></trkpt>
<trkpt lat="37.57306831" lon="126.95356396"><ele>122.71</ele><time>2026-04-18T01:38:42Z</time></trkpt>
<trkpt lat="37.57306062" lon="126.95355557"><ele>122.67</ele><time>2026-04-18T01:38:43Z</time></trkpt>
<trkpt lat="37.57305314" lon="126.95354597"><ele>122.74</ele><time>2026-04-18T01:38:44Z</time></trkpt>
<trkpt lat="37.57304570" lon="126.95353825"><ele>122.65</ele><time>2026-04-18T01:38:45Z</time></trkpt>
<trkpt lat="37.57303898" lon="126.95353236"><ele>122.55</ele><time>2026-04-18T01:38:46Z</time></trkpt>
<trkpt lat="37.57302924" lon="126.95352433"><ele>122.51</ele><time>2026-04-18T01:38:48Z</time></trkpt>
<trkpt lat="37.57302034" lon="126.95351517"><ele>122.36</ele><time>2026-04-18T01:38:50Z</time></trkpt>
<trkpt lat="37.57300370" lon="126.95350586"><ele>122.77</ele><time>2026-04-18T01:38:52Z</time></trkpt>
<trkpt lat="37.57299500" lon="126.95350028"><ele>123.03</ele><time>2026-04-18T01:38:53Z</time></trkpt>
<trkpt lat="37.57298618" lon="126.95349323"><ele>123.32</ele><time>2026-04-18T01:38:54Z</time></trkpt>
<trkpt lat="37.57297656" lon="126.95348488"><ele>123.69</ele><time>2026-04-18T01:38:55Z</time></trkpt>
<trkpt lat="37.57296608" lon="126.95347763"><ele>123.78</ele><time>2026-04-18T01:38:56Z</time></trkpt>
<trkpt lat="37.57294300" lon="126.95346720"><ele>124.30</ele><time>2026-04-18T01:38:58Z</time></trkpt>
<trkpt lat="37.57293272" lon="126.95346262"><ele>124.44</ele><time>2026-04-18T01:38:59Z</time></trkpt>
<trkpt lat="37.57292424" lon="126.95345564"><ele>124.59</ele><time>2026-04-18T01:39:00Z</time></trkpt>
<trkpt lat="37.57291574" lon="126.95344763"><ele>124.68</ele><time>2026-04-18T01:39:01Z</time></trkpt>
<trkpt lat="37.57290664" lon="126.95343922"><ele>124.68</ele><time>2026-04-18T01:39:02Z</time></trkpt>
<trkpt lat="37.57288930" lon="126.95342050"><ele>124.78</ele><time>2026-04-18T01:39:04Z</time></trkpt>
<trkpt lat="37.57288069" lon="126.95341115"><ele>125.17</ele><time>2026-04-18T01:39:05Z</time></trkpt>
<trkpt lat="37.57287027" lon="126.95340268"><ele>125.17</ele><time>2026-04-18T01:39:06Z</time></trkpt>
<trkpt lat="37.57286084" lon="126.95339449"><ele>125.40</ele><time>2026-04-18T01:39:07Z</time></trkpt>
<trkpt lat="37.57285068" lon="126.95338614"><ele>125.39</ele><time>2026-04-18T01:39:08Z</time></trkpt>
<trkpt lat="37.57283071" lon="126.95336760"><ele>125.61</ele><time>2026-04-18T01:39:10Z</time></trkpt>
<trkpt lat="37.57282161" lon="126.95335860"><ele>125.70</ele><time>2026-04-18T01:39:11Z</time></trkpt>
<trkpt lat="37.57281264" lon="126.95335101"><ele>125.79</ele><time>2026-04-18T01:39:12Z</time></trkpt>
<trkpt lat="37.57280349" lon="126.95334311"><ele>125.83</ele><time>2026-04-18T01:39:13Z</time></trkpt>
<trkpt lat="37.57279431" lon="126.95333412"><ele>126.14</ele><time>2026-04-18T01:39:14Z</time></trkpt>
<trkpt lat="37.57277715" lon="126.95331677"><ele>126.08</ele><time>2026-04-18T01:39:16Z</time></trkpt>
<trkpt lat="37.57276939" lon="126.95330793"><ele>125.88</ele><time>2026-04-18T01:39:17Z</time></trkpt>
<trkpt lat="37.57276124" lon="126.95329974"><ele>126.00</ele><time>2026-04-18T01:39:18Z</time></trkpt>
<trkpt lat="37.57275159" lon="126.95329214"><ele>125.87</ele><time>2026-04-18T01:39:19Z</time></trkpt>
<trkpt lat="37.57274187" lon="126.95328218"><ele>125.82</ele><time>2026-04-18T01:39:20Z</time></trkpt>
<trkpt lat="37.57273161" lon="126.95327345"><ele>125.88</ele><time>2026-04-18T01:39:21Z</time></trkpt>
<trkpt lat="37.57271232" lon="126.95325904"><ele>125.67</ele><time>2026-04-18T01:39:23Z</time></trkpt>
<trkpt lat="37.57270190" lon="126.95325128"><ele>125.44</ele><time>2026-04-18T01:39:24Z</time></trkpt>
<trkpt lat="37.57269208" lon="126.95324179"><ele>125.33</ele><time>2026-04-18T01:39:25Z</time></trkpt>
<trkpt lat="37.57268148" lon="126.95323319"><ele>125.58</ele><time>2026-04-18T01:39:26Z</time></trkpt>
<trkpt lat="37.57267157" lon="126.95322237"><ele>125.75</ele><time>2026-04-18T01:39:27Z</time></trkpt>
<trkpt lat="37.57265319" lon="126.95320374"><ele>125.83</ele><time>2026-04-18T01:39:29Z</time></trkpt>
<trkpt lat="37.57264395" lon="126.95319314"><ele>125.72</ele><time>2026-04-18T01:39:30Z</time></trkpt>
<trkpt lat="37.57263549" lon="126.95318348"><ele>125.69</ele><time>2026-04-18T01:39:31Z</time></trkpt>
<trkpt lat="37.57262579" lon="126.95317484"><ele>125.76</ele><time>2026-04-18T01:39:32Z</time></trkpt>
<trkpt lat="37.57261627" lon="126.95316551"><ele>125.77</ele><time>2026-04-18T01:39:33Z</time></trkpt>
<trkpt lat="37.57259515" lon="126.95314547"><ele>125.82</ele><time>2026-04-18T01:39:35Z</time></trkpt>
<trkpt lat="37.57258328" lon="126.95313766"><ele>125.91</ele><time>2026-04-18T01:39:36Z</time></trkpt>
<trkpt lat="37.57257096" lon="126.95313040"><ele>125.86</ele><time>2026-04-18T01:39:37Z</time></trkpt>
<trkpt lat="37.57255903" lon="126.95312426"><ele>126.02</ele><time>2026-04-18T01:39:38Z</time></trkpt>
<trkpt lat="37.57254765" lon="126.95311679"><ele>126.24</ele><time>2026-04-18T01:39:39Z</time></trkpt>
<trkpt lat="37.57252495" lon="126.95310493"><ele>126.57</ele><time>2026-04-18T01:39:41Z</time></trkpt>
<trkpt lat="37.57251345" lon="126.95309786"><ele>126.69</ele><time>2026-04-18T01:39:42Z</time></trkpt>
<trkpt lat="37.57250343" lon="126.95309094"><ele>127.08</ele><time>2026-04-18T01:39:43Z</time></trkpt>
<trkpt lat="37.57249359" lon="126.95308251"><ele>127.26</ele><time>2026-04-18T01:39:44Z</time></trkpt>
<trkpt lat="37.57248441" lon="126.95307273"><ele>127.52</ele><time>2026-04-18T01:39:45Z</time></trkpt>
<trkpt lat="37.57246420" lon="126.95305077"><ele>127.41</ele><time>2026-04-18T01:39:47Z</time></trkpt>
<trkpt lat="37.57245480" lon="126.95304140"><ele>127.56</ele><time>2026-04-18T01:39:48Z</time></trkpt>
<trkpt lat="37.57244586" lon="126.95303063"><ele>127.50</ele><time>2026-04-18T01:39:49Z</time></trkpt>
<trkpt lat="37.57243633" lon="126.95301738"><ele>127.49</ele><time>2026-04-18T01:39:50Z</time></trkpt>
<trkpt lat="37.57242791" lon="126.95300466"><ele>127.54</ele><time>2026-04-18T01:39:51Z</time></trkpt>
<trkpt lat="37.57241932" lon="126.95299372"><ele>127.49</ele><time>2026-04-18T01:39:52Z</time></trkpt>
<trkpt lat="37.57240107" lon="126.95297638"><ele>127.79</ele><time>2026-04-18T01:39:54Z</time></trkpt>
<trkpt lat="37.57239223" lon="126.95297060"><ele>127.67</ele><time>2026-04-18T01:39:55Z</time></trkpt>
<trkpt lat="37.57238437" lon="126.95296573"><ele>127.75</ele><time>2026-04-18T01:39:56Z</time></trkpt>
<trkpt lat="37.57237477" lon="126.95296053"><ele>127.82</ele><time>2026-04-18T01:39:57Z</time></trkpt>
<trkpt lat="37.57236432" lon="126.95295198"><ele>128.16</ele><time>2026-04-18T01:39:58Z</time></trkpt>
<trkpt lat="37.57234640" lon="126.95293270"><ele>128.44</ele><time>2026-04-18T01:40:00Z</time></trkpt>
<trkpt lat="37.57233872" lon="126.95292391"><ele>128.39</ele><time>2026-04-18T01:40:01Z</time></trkpt>
<trkpt lat="37.57233105" lon="126.95291417"><ele>128.55</ele><time>2026-04-18T01:40:02Z</time></trkpt>
<trkpt lat="37.57232379" lon="126.95290406"><ele>128.30</ele><time>2026-04-18T01:40:03Z</time></trkpt>
<trkpt lat="37.57231605" lon="126.95289549"><ele>128.52</ele><time>2026-04-18T01:40:04Z</time></trkpt>
<trkpt lat="37.57229610" lon="126.95288176"><ele>128.31</ele><time>2026-04-18T01:40:06Z</time></trkpt>
<trkpt lat="37.57228615" lon="126.95287497"><ele>128.56</ele><time>2026-04-18T01:40:07Z</time></trkpt>
<trkpt lat="37.57227713" lon="126.95286662"><ele>128.35</ele><time>2026-04-18T01:40:08Z</time></trkpt>
<trkpt lat="37.57226671" lon="126.95286097"><ele>128.35</ele><time>2026-04-18T01:40:09Z</time></trkpt>
<trkpt lat="37.57225634" lon="126.95285608"><ele>128.58</ele><time>2026-04-18T01:40:10Z</time></trkpt>
<trkpt lat="37.57223588" lon="126.95284936"><ele>128.81</ele><time>2026-04-18T01:40:12Z</time></trkpt>
<trkpt lat="37.57222592" lon="126.95284621"><ele>129.14</ele><time>2026-04-18T01:40:13Z</time></trkpt>
<trkpt lat="37.57221659" lon="126.95284041"><ele>129.21</ele><time>2026-04-18T01:40:14Z</time></trkpt>
<trkpt lat="37.57220652" lon="126.95283511"><ele>129.62</ele><time>2026-04-18T01:40:15Z</time></trkpt>
<trkpt lat="37.57219575" lon="126.95283256"><ele>129.81</ele><time>2026-04-18T01:40:16Z</time></trkpt>
<trkpt lat="37.57217730" lon="126.95282257"><ele>130.17</ele><time>2026-04-18T01:40:18Z</time></trkpt>
<trkpt lat="37.57216971" lon="126.95282064"><ele>130.12</ele><time>2026-04-18T01:40:19Z</time></trkpt>
<trkpt lat="37.57216262" lon="126.95282083"><ele>130.17</ele><time>2026-04-18T01:40:20Z</time></trkpt>
<trkpt lat="37.57215581" lon="126.95282205"><ele>130.18</ele><time>2026-04-18T01:40:21Z</time></trkpt>
<trkpt lat="37.57214874" lon="126.95282370"><ele>130.32</ele><time>2026-04-18T01:40:22Z</time></trkpt>
<trkpt lat="37.57213981" lon="126.95282410"><ele>130.37</ele><time>2026-04-18T01:40:23Z</time></trkpt>
<trkpt lat="37.57212558" lon="126.95282228"><ele>130.24</ele><time>2026-04-18T01:40:25Z</time></trkpt>
<trkpt lat="37.57211797" lon="126.95282283"><ele>130.27</ele><time>2026-04-18T01:40:26Z</time></trkpt>
<trkpt lat="37.57210860" lon="126.95282300"><ele>130.54</ele><time>2026-04-18T01:40:27Z</time></trkpt>
<trkpt lat="37.57210019" lon="126.95282240"><ele>130.05</ele><time>2026-04-18T01:40:28Z</time></trkpt>
<trkpt lat="37.57209201" lon="126.95282099"><ele>130.33</ele><time>2026-04-18T01:40:29Z</time></trkpt>
<trkpt lat="37.57207401" lon="126.95281633"><ele>130.24</ele><time>2026-04-18T01:40:31Z</time></trkpt>
<trkpt lat="37.57206459" lon="126.95281963"><ele>130.42</ele><time>2026-04-18T01:40:32Z</time></trkpt>
<trkpt lat="37.57205676" lon="126.95282513"><ele>130.51</ele><time>2026-04-18T01:40:33Z</time></trkpt>
<trkpt lat="37.57204920" lon="126.95283051"><ele>130.25</ele><time>2026-04-18T01:40:34Z</time></trkpt>
<trkpt lat="37.57204038" lon="126.95283297"><ele>130.42</ele><time>2026-04-18T01:40:35Z</time></trkpt>
<trkpt lat="37.57202386" lon="126.95284286"><ele>130.51</ele><time>2026-04-18T01:40:37Z</time></trkpt>
<trkpt lat="37.57201596" lon="126.95285000"><ele>130.48</ele><time>2026-04-18T01:40:38Z</time></trkpt>
<trkpt lat="37.57200865" lon="126.95285818"><ele>130.37</ele><time>2026-04-18T01:40:39Z</time></trkpt>
<trkpt lat="37.57200201" lon="126.95286797"><ele>130.46</ele><time>2026-04-18T01:40:40Z</time></trkpt>
<trkpt lat="37.57199586" lon="126.95287733"><ele>130.52</ele><time>2026-04-18T01:40:41Z</time></trkpt>
<trkpt lat="37.57198444" lon="126.95289934"><ele>130.27</ele><time>2026-04-18T01:40:43Z</time></trkpt>
<trkpt lat="37.57198022" lon="126.95291162"><ele>130.23</ele><time>2026-04-18T01:40:44Z</time></trkpt>
<trkpt lat="37.57198022" lon="126.95291162"><ele>130.23</ele><time>2026-04-18T01:40:44Z</time></trkpt>
<trkpt lat="37.57197778" lon="126.95292394"><ele>130.45</ele><time>2026-04-18T01:40:45Z</time></trkpt>
<trkpt lat="37.57197669" lon="126.95293696"><ele>130.73</ele><time>2026-04-18T01:40:46Z</time></trkpt>
<trkpt lat="37.57197605" lon="126.95296294"><ele>131.23</ele><time>2026-04-18T01:40:48Z</time></trkpt>
<trkpt lat="37.57197515" lon="126.95297517"><ele>131.42</ele><time>2026-04-18T01:40:49Z</time></trkpt>
<trkpt lat="37.57197362" lon="126.95298544"><ele>131.57</ele><time>2026-04-18T01:40:50Z</time></trkpt>
<trkpt lat="37.57197413" lon="126.95299688"><ele>131.70</ele><time>2026-04-18T01:40:51Z</time></trkpt>
<trkpt lat="37.57197713" lon="126.95300831"><ele>131.83</ele><time>2026-04-18T01:40:52Z</time></trkpt>
<trkpt lat="37.57198117" lon="126.95302003"><ele>131.83</ele><time>2026-04-18T01:40:53Z</time></trkpt>
<trkpt lat="37.57199063" lon="126.95304430"><ele>132.11</ele><time>2026-04-18T01:40:55Z</time></trkpt>
<trkpt lat="37.57199458" lon="126.95305546"><ele>132.13</ele><time>2026-04-18T01:40:56Z</time></trkpt>
<trkpt lat="37.57199991" lon="126.95306718"><ele>132.21</ele><time>2026-04-18T01:40:57Z</time></trkpt>
<trkpt lat="37.57200584" lon="126.95308149"><ele>132.50</ele><time>2026-04-18T01:40:58Z</time></trkpt>
<trkpt lat="37.57200998" lon="126.95309564"><ele>132.70</ele><time>2026-04-18T01:40:59Z</time></trkpt>
<trkpt lat="37.57201957" lon="126.95312095"><ele>132.72</ele><time>2026-04-18T01:41:01Z</time></trkpt>
<trkpt lat="37.57202388" lon="126.95313469"><ele>132.77</ele><time>2026-04-18T01:41:02Z</time></trkpt>
<trkpt lat="37.57202919" lon="126.95314466"><ele>133.03</ele><time>2026-04-18T01:41:03Z</time></trkpt>
<trkpt lat="37.57203322" lon="126.95315713"><ele>133.33</ele><time>2026-04-18T01:41:04Z</time></trkpt>
<trkpt lat="37.57203755" lon="126.95316856"><ele>133.25</ele><time>2026-04-18T01:41:05Z</time></trkpt>
<trkpt lat="37.57205309" lon="126.95318779"><ele>133.63</ele><time>2026-04-18T01:41:07Z</time></trkpt>
<trkpt lat="37.57206139" lon="126.95319598"><ele>133.86</ele><time>2026-04-18T01:41:08Z</time></trkpt>
<trkpt lat="37.57206904" lon="126.95320413"><ele>133.77</ele><time>2026-04-18T01:41:09Z</time></trkpt>
<trkpt lat="37.57207602" lon="126.95321352"><ele>133.82</ele><time>2026-04-18T01:41:10Z</time></trkpt>
<trkpt lat="37.57208212" lon="126.95322700"><ele>134.00</ele><time>2026-04-18T01:41:11Z</time></trkpt>
<trkpt lat="37.57209078" lon="126.95325401"><ele>134.00</ele><time>2026-04-18T01:41:13Z</time></trkpt>
<trkpt lat="37.57209617" lon="126.95326590"><ele>134.12</ele><time>2026-04-18T01:41:14Z</time></trkpt>
<trkpt lat="37.57209951" lon="126.95327947"><ele>134.24</ele><time>2026-04-18T01:41:15Z</time></trkpt>
<trkpt lat="37.57210343" lon="126.95329351"><ele>134.23</ele><time>2026-04-18T01:41:16Z</time></trkpt>
<trkpt lat="37.57210809" lon="126.95330837"><ele>134.47</ele><time>2026-04-18T01:41:17Z</time></trkpt>
<trkpt lat="37.57211775" lon="126.95333509"><ele>134.61</ele><time>2026-04-18T01:41:19Z</time></trkpt>
<trkpt lat="37.57212516" lon="126.95334807"><ele>134.53</ele><time>2026-04-18T01:41:20Z</time></trkpt>
<trkpt lat="37.57213219" lon="126.95335878"><ele>134.41</ele><time>2026-04-18T01:41:21Z</time></trkpt>
<trkpt lat="37.57213606" lon="126.95337226"><ele>135.01</ele><time>2026-04-18T01:41:22Z</time></trkpt>
<trkpt lat="37.57214020" lon="126.95338425"><ele>134.91</ele><time>2026-04-18T01:41:23Z</time></trkpt>
<trkpt lat="37.57214458" lon="126.95341043"><ele>134.76</ele><time>2026-04-18T01:41:25Z</time></trkpt>
<trkpt lat="37.57214562" lon="126.95342430"><ele>134.76</ele><time>2026-04-18T01:41:26Z</time></trkpt>
<trkpt lat="37.57214536" lon="126.95343749"><ele>134.77</ele><time>2026-04-18T01:41:27Z</time></trkpt>
<trkpt lat="37.57214274" lon="126.95345040"><ele>134.88</ele><time>2026-04-18T01:41:28Z</time></trkpt>
<trkpt lat="37.57214200" lon="126.95346258"><ele>135.11</ele><time>2026-04-18T01:41:29Z</time></trkpt>
<trkpt lat="37.57213905" lon="126.95347565"><ele>135.32</ele><time>2026-04-18T01:41:30Z</time></trkpt>
<trkpt lat="37.57213710" lon="126.95350029"><ele>135.40</ele><time>2026-04-18T01:41:32Z</time></trkpt>
<trkpt lat="37.57213706" lon="126.95351157"><ele>135.95</ele><time>2026-04-18T01:41:33Z</time></trkpt>
<trkpt lat="37.57213538" lon="126.95352204"><ele>136.04</ele><time>2026-04-18T01:41:34Z</time></trkpt>
<trkpt lat="37.57213248" lon="126.95353433"><ele>136.16</ele><time>2026-04-18T01:41:35Z</time></trkpt>
<trkpt lat="37.57212855" lon="126.95354634"><ele>136.54</ele><time>2026-04-18T01:41:36Z</time></trkpt>
<trkpt lat="37.57211772" lon="126.95357026"><ele>136.80</ele><time>2026-04-18T01:41:38Z</time></trkpt>
<trkpt lat="37.57211227" lon="126.95358119"><ele>136.72</ele><time>2026-04-18T01:41:39Z</time></trkpt>
<trkpt lat="37.57210820" lon="126.95359328"><ele>137.02</ele><time>2026-04-18T01:41:40Z</time></trkpt>
<trkpt lat="37.57210341" lon="126.95360491"><ele>136.79</ele><time>2026-04-18T01:41:41Z</time></trkpt>
<trkpt lat="37.57209652" lon="126.95361602"><ele>137.24</ele><time>2026-04-18T01:41:42Z</time></trkpt>
<trkpt lat="37.57207898" lon="126.95363282"><ele>137.46</ele><time>2026-04-18T01:41:44Z</time></trkpt>
<trkpt lat="37.57207002" lon="126.95364006"><ele>137.22</ele><time>2026-04-18T01:41:45Z</time></trkpt>
<trkpt lat="37.57206000" lon="126.95364703"><ele>137.68</ele><time>2026-04-18T01:41:46Z</time></trkpt>
<trkpt lat="37.57205091" lon="126.95365309"><ele>137.93</ele><time>2026-04-18T01:41:47Z</time></trkpt>
<trkpt lat="37.57204175" lon="126.95365807"><ele>138.14</ele><time>2026-04-18T01:41:48Z</time></trkpt>
<trkpt lat="37.57202086" lon="126.95366866"><ele>138.40</ele><time>2026-04-18T01:41:50Z</time></trkpt>
<trkpt lat="37.57200941" lon="126.95367286"><ele>138.41</ele><time>2026-04-18T01:41:51Z</time></trkpt>
<trkpt lat="37.57199756" lon="126.95367537"><ele>138.69</ele><time>2026-04-18T01:41:52Z</time></trkpt>
<trkpt lat="37.57198670" lon="126.95367844"><ele>138.90</ele><time>2026-04-18T01:41:53Z</time></trkpt>
<trkpt lat="37.57197573" lon="126.95368345"><ele>139.20</ele><time>2026-04-18T01:41:54Z</time></trkpt>
<trkpt lat="37.57195418" lon="126.95368871"><ele>139.84</ele><time>2026-04-18T01:41:56Z</time></trkpt>
<trkpt lat="37.57194261" lon="126.95368945"><ele>139.87</ele><time>2026-04-18T01:41:57Z</time></trkpt>
<trkpt lat="37.57193158" lon="126.95369140"><ele>140.05</ele><time>2026-04-18T01:41:58Z</time></trkpt>
<trkpt lat="37.57192029" lon="126.95369216"><ele>139.91</ele><time>2026-04-18T01:41:59Z</time></trkpt>
<trkpt lat="37.57190963" lon="126.95369314"><ele>139.79</ele><time>2026-04-18T01:42:00Z</time></trkpt>
<trkpt lat="37.57189896" lon="126.95369294"><ele>140.04</ele><time>2026-04-18T01:42:01Z</time></trkpt>
<trkpt lat="37.57187712" lon="126.95369517"><ele>140.52</ele><time>2026-04-18T01:42:03Z</time></trkpt>
<trkpt lat="37.57186672" lon="126.95369546"><ele>140.74</ele><time>2026-04-18T01:42:04Z</time></trkpt>
<trkpt lat="37.57185649" lon="126.95369818"><ele>140.62</ele><time>2026-04-18T01:42:05Z</time></trkpt>
<trkpt lat="37.57184612" lon="126.95369627"><ele>140.71</ele><time>2026-04-18T01:42:06Z</time></trkpt>
<trkpt lat="37.57183584" lon="126.95369349"><ele>140.94</ele><time>2026-04-18T01:42:07Z</time></trkpt>
<trkpt lat="37.57181439" lon="126.95368744"><ele>141.75</ele><time>2026-04-18T01:42:09Z</time></trkpt>
<trkpt lat="37.57180239" lon="126.95368496"><ele>141.92</ele><time>2026-04-18T01:42:10Z</time></trkpt>
<trkpt lat="37.57179112" lon="126.95368408"><ele>141.65</ele><time>2026-04-18T01:42:11Z</time></trkpt>
<trkpt lat="37.57177968" lon="126.95368425"><ele>142.04</ele><time>2026-04-18T01:42:12Z</time></trkpt>
<trkpt lat="37.57177008" lon="126.95368469"><ele>142.45</ele><time>2026-04-18T01:42:13Z</time></trkpt>
<trkpt lat="37.57174926" lon="126.95368032"><ele>143.12</ele><time>2026-04-18T01:42:15Z</time></trkpt>
<trkpt lat="37.57173816" lon="126.95367578"><ele>143.63</ele><time>2026-04-18T01:42:16Z</time></trkpt>
<trkpt lat="37.57172792" lon="126.95367296"><ele>143.78</ele><time>2026-04-18T01:42:17Z</time></trkpt>
<trkpt lat="37.57171663" lon="126.95367153"><ele>144.02</ele><time>2026-04-18T01:42:18Z</time></trkpt>
<trkpt lat="37.57170421" lon="126.95367091"><ele>144.42</ele><time>2026-04-18T01:42:19Z</time></trkpt>
<trkpt lat="37.57168092" lon="126.95366650"><ele>144.77</ele><time>2026-04-18T01:42:21Z</time></trkpt>
<trkpt lat="37.57167087" lon="126.95366114"><ele>144.90</ele><time>2026-04-18T01:42:22Z</time></trkpt>
<trkpt lat="37.57166248" lon="126.95365953"><ele>145.23</ele><time>2026-04-18T01:42:23Z</time></trkpt>
<trkpt lat="37.57165226" lon="126.95365491"><ele>145.51</ele><time>2026-04-18T01:42:24Z</time></trkpt>
<trkpt lat="37.57164155" lon="126.95364848"><ele>145.66</ele><time>2026-04-18T01:42:25Z</time></trkpt>
<trkpt lat="37.57162532" lon="126.95362653"><ele>145.87</ele><time>2026-04-18T01:42:27Z</time></trkpt>
<trkpt lat="37.57161807" lon="126.95361847"><ele>146.00</ele><time>2026-04-18T01:42:28Z</time></trkpt>
<trkpt lat="37.57161102" lon="126.95360944"><ele>146.14</ele><time>2026-04-18T01:42:29Z</time></trkpt>
<trkpt lat="37.57160771" lon="126.95359957"><ele>146.65</ele><time>2026-04-18T01:42:30Z</time></trkpt>
<trkpt lat="37.57160589" lon="126.95358452"><ele>145.96</ele><time>2026-04-18T01:42:32Z</time></trkpt>
<trkpt lat="37.57160990" lon="126.95357359"><ele>146.17</ele><time>2026-04-18T01:42:33Z</time></trkpt>
<trkpt lat="37.57161639" lon="126.95356255"><ele>146.10</ele><time>2026-04-18T01:42:34Z</time></trkpt>
<trkpt lat="37.57162376" lon="126.95355186"><ele>145.94</ele><time>2026-04-18T01:42:35Z</time></trkpt>
<trkpt lat="37.57163332" lon="126.95354265"><ele>146.18</ele><time>2026-04-18T01:42:36Z</time></trkpt>
<trkpt lat="37.57164141" lon="126.95353414"><ele>146.87</ele><time>2026-04-18T01:42:37Z</time></trkpt>
<trkpt lat="37.57164794" lon="126.95352518"><ele>146.78</ele><time>2026-04-18T01:42:38Z</time></trkpt>
<trkpt lat="37.57165961" lon="126.95350380"><ele>147.11</ele><time>2026-04-18T01:42:40Z</time></trkpt>
<trkpt lat="37.57166602" lon="126.95349584"><ele>147.26</ele><time>2026-04-18T01:42:41Z</time></trkpt>
<trkpt lat="37.57167277" lon="126.95348628"><ele>146.39</ele><time>2026-04-18T01:42:42Z</time></trkpt>
<trkpt lat="37.57167737" lon="126.95347462"><ele>146.44</ele><time>2026-04-18T01:42:43Z</time></trkpt>
<trkpt lat="37.57168027" lon="126.95346299"><ele>146.55</ele><time>2026-04-18T01:42:44Z</time></trkpt>
<trkpt lat="37.57168381" lon="126.95345068"><ele>146.40</ele><time>2026-04-18T01:42:45Z</time></trkpt>
<trkpt lat="37.57168799" lon="126.95343727"><ele>146.25</ele><time>2026-04-18T01:42:46Z</time></trkpt>
<trkpt lat="37.57169262" lon="126.95342426"><ele>146.12</ele><time>2026-04-18T01:42:47Z</time></trkpt>
<trkpt lat="37.57169794" lon="126.95340966"><ele>146.11</ele><time>2026-04-18T01:42:48Z</time></trkpt>
<trkpt lat="37.57170235" lon="126.95339445"><ele>146.38</ele><time>2026-04-18T01:42:49Z</time></trkpt>
<trkpt lat="37.57170524" lon="126.95336510"><ele>146.14</ele><time>2026-04-18T01:42:51Z</time></trkpt>
<trkpt lat="37.57170547" lon="126.95334961"><ele>146.43</ele><time>2026-04-18T01:42:52Z</time></trkpt>
<trkpt lat="37.57170666" lon="126.95333338"><ele>146.61</ele><time>2026-04-18T01:42:53Z</time></trkpt>
<trkpt lat="37.57170833" lon="126.95331818"><ele>146.63</ele><time>2026-04-18T01:42:54Z</time></trkpt>
<trkpt lat="37.57170860" lon="126.95330110"><ele>146.71</ele><time>2026-04-18T01:42:55Z</time></trkpt>
<trkpt lat="37.57170979" lon="126.95326527"><ele>146.67</ele><time>2026-04-18T01:42:57Z</time></trkpt>
<trkpt lat="37.57170809" lon="126.95324807"><ele>146.18</ele><time>2026-04-18T01:42:58Z</time></trkpt>
<trkpt lat="37.57170800" lon="126.95323066"><ele>146.08</ele><time>2026-04-18T01:42:59Z</time></trkpt>
<trkpt lat="37.57170789" lon="126.95321518"><ele>145.70</ele><time>2026-04-18T01:43:00Z</time></trkpt>
<trkpt lat="37.57170806" lon="126.95319761"><ele>145.93</ele><time>2026-04-18T01:43:01Z</time></trkpt>
<trkpt lat="37.57170631" lon="126.95317944"><ele>146.03</ele><time>2026-04-18T01:43:02Z</time></trkpt>
<trkpt lat="37.57170655" lon="126.95314531"><ele>145.82</ele><time>2026-04-18T01:43:04Z</time></trkpt>
<trkpt lat="37.57170586" lon="126.95312842"><ele>145.75</ele><time>2026-04-18T01:43:05Z</time></trkpt>
<trkpt lat="37.57170634" lon="126.95311290"><ele>145.40</ele><time>2026-04-18T01:43:06Z</time></trkpt>
<trkpt lat="37.57170565" lon="126.95309530"><ele>145.30</ele><time>2026-04-18T01:43:07Z</time></trkpt>
<trkpt lat="37.57170396" lon="126.95307801"><ele>144.98</ele><time>2026-04-18T01:43:08Z</time></trkpt>
<trkpt lat="37.57170257" lon="126.95304260"><ele>145.09</ele><time>2026-04-18T01:43:10Z</time></trkpt>
<trkpt lat="37.57170119" lon="126.95302413"><ele>144.81</ele><time>2026-04-18T01:43:11Z</time></trkpt>
<trkpt lat="37.57169989" lon="126.95300607"><ele>145.28</ele><time>2026-04-18T01:43:12Z</time></trkpt>
<trkpt lat="37.57169864" lon="126.95298922"><ele>145.22</ele><time>2026-04-18T01:43:13Z</time></trkpt>
<trkpt lat="37.57169615" lon="126.95297362"><ele>145.36</ele><time>2026-04-18T01:43:14Z</time></trkpt>
<trkpt lat="37.57169136" lon="126.95294299"><ele>145.71</ele><time>2026-04-18T01:43:16Z</time></trkpt>
<trkpt lat="37.57168917" lon="126.95293070"><ele>145.60</ele><time>2026-04-18T01:43:17Z</time></trkpt>
<trkpt lat="37.57168611" lon="126.95291674"><ele>145.41</ele><time>2026-04-18T01:43:18Z</time></trkpt>
<trkpt lat="37.57168306" lon="126.95290222"><ele>145.15</ele><time>2026-04-18T01:43:19Z</time></trkpt>
<trkpt lat="37.57167931" lon="126.95288721"><ele>144.87</ele><time>2026-04-18T01:43:20Z</time></trkpt>
<trkpt lat="37.57167625" lon="126.95287016"><ele>144.89</ele><time>2026-04-18T01:43:21Z</time></trkpt>
<trkpt lat="37.57167515" lon="126.95285146"><ele>145.29</ele><time>2026-04-18T01:43:22Z</time></trkpt>
<trkpt lat="37.57167442" lon="126.95283368"><ele>145.56</ele><time>2026-04-18T01:43:23Z</time></trkpt>
<trkpt lat="37.57167259" lon="126.95281745"><ele>145.32</ele><time>2026-04-18T01:43:24Z</time></trkpt>
<trkpt lat="37.57166759" lon="126.95280297"><ele>145.16</ele><time>2026-04-18T01:43:25Z</time></trkpt>
<trkpt lat="37.57165150" lon="126.95278335"><ele>144.89</ele><time>2026-04-18T01:43:27Z</time></trkpt>
<trkpt lat="37.57164350" lon="126.95277564"><ele>144.49</ele><time>2026-04-18T01:43:28Z</time></trkpt>
<trkpt lat="37.57163845" lon="126.95276473"><ele>144.93</ele><time>2026-04-18T01:43:29Z</time></trkpt>
<trkpt lat="37.57163574" lon="126.95275647"><ele>144.29</ele><time>2026-04-18T01:43:30Z</time></trkpt>
<trkpt lat="37.57163616" lon="126.95274768"><ele>143.44</ele><time>2026-04-18T01:43:32Z</time></trkpt>
<trkpt lat="37.57164360" lon="126.95273275"><ele>145.32</ele><time>2026-04-18T01:43:35Z</time></trkpt>
<trkpt lat="37.57164904" lon="126.95271434"><ele>145.52</ele><time>2026-04-18T01:43:36Z</time></trkpt>
<trkpt lat="37.57165976" lon="126.95269103"><ele>145.30</ele><time>2026-04-18T01:43:37Z</time></trkpt>
<trkpt lat="37.57166956" lon="126.95267953"><ele>145.69</ele><time>2026-04-18T01:43:38Z</time></trkpt>
<trkpt lat="37.57167898" lon="126.95266710"><ele>146.37</ele><time>2026-04-18T01:43:39Z</time></trkpt>
<trkpt lat="37.57168683" lon="126.95265466"><ele>145.96</ele><time>2026-04-18T01:43:40Z</time></trkpt>
<trkpt lat="37.57169916" lon="126.95262972"><ele>146.39</ele><time>2026-04-18T01:43:42Z</time></trkpt>
<trkpt lat="37.57170701" lon="126.95261807"><ele>146.46</ele><time>2026-04-18T01:43:43Z</time></trkpt>
<trkpt lat="37.57171460" lon="126.95260450"><ele>146.18</ele><time>2026-04-18T01:43:44Z</time></trkpt>
<trkpt lat="37.57172342" lon="126.95259658"><ele>147.91</ele><time>2026-04-18T01:43:45Z</time></trkpt>
<trkpt lat="37.57173082" lon="126.95258936"><ele>146.86</ele><time>2026-04-18T01:43:46Z</time></trkpt>
<trkpt lat="37.57174352" lon="126.95256854"><ele>147.19</ele><time>2026-04-18T01:43:48Z</time></trkpt>
<trkpt lat="37.57175290" lon="126.95256285"><ele>148.34</ele><time>2026-04-18T01:43:49Z</time></trkpt>
<trkpt lat="37.57176003" lon="126.95255293"><ele>147.10</ele><time>2026-04-18T01:43:50Z</time></trkpt>
<trkpt lat="37.57176873" lon="126.95254251"><ele>147.26</ele><time>2026-04-18T01:43:51Z</time></trkpt>
<trkpt lat="37.57177856" lon="126.95253104"><ele>146.24</ele><time>2026-04-18T01:43:52Z</time></trkpt>
<trkpt lat="37.57179574" lon="126.95250093"><ele>145.18</ele><time>2026-04-18T01:43:54Z</time></trkpt>
<trkpt lat="37.57180793" lon="126.95249085"><ele>145.04</ele><time>2026-04-18T01:43:55Z</time></trkpt>
<trkpt lat="37.57181857" lon="126.95248041"><ele>144.79</ele><time>2026-04-18T01:43:56Z</time></trkpt>
<trkpt lat="37.57182885" lon="126.95246992"><ele>143.75</ele><time>2026-04-18T01:43:57Z</time></trkpt>
<trkpt lat="37.57183955" lon="126.95245949"><ele>143.48</ele><time>2026-04-18T01:43:58Z</time></trkpt>
<trkpt lat="37.57187025" lon="126.95245540"><ele>144.20</ele><time>2026-04-18T01:44:00Z</time></trkpt>
<trkpt lat="37.57188218" lon="126.95245197"><ele>144.02</ele><time>2026-04-18T01:44:01Z</time></trkpt>
<trkpt lat="37.57189412" lon="126.95245441"><ele>144.71</ele><time>2026-04-18T01:44:02Z</time></trkpt>
<trkpt lat="37.57190667" lon="126.95245412"><ele>144.02</ele><time>2026-04-18T01:44:03Z</time></trkpt>
<trkpt lat="37.57191894" lon="126.95245119"><ele>144.64</ele><time>2026-04-18T01:44:04Z</time></trkpt>
<trkpt lat="37.57194797" lon="126.95244658"><ele>144.92</ele><time>2026-04-18T01:44:06Z</time></trkpt>
<trkpt lat="37.57196094" lon="126.95244253"><ele>144.94</ele><time>2026-04-18T01:44:07Z</time></trkpt>
<trkpt lat="37.57197428" lon="126.95243556"><ele>145.67</ele><time>2026-04-18T01:44:08Z</time></trkpt>
<trkpt lat="37.57198952" lon="126.95243479"><ele>145.73</ele><time>2026-04-18T01:44:09Z</time></trkpt>
<trkpt lat="37.57200338" lon="126.95243638"><ele>146.87</ele><time>2026-04-18T01:44:10Z</time></trkpt>
<trkpt lat="37.57201818" lon="126.95243314"><ele>146.99</ele><time>2026-04-18T01:44:11Z</time></trkpt>
<trkpt lat="37.57204504" lon="126.95242937"><ele>146.58</ele><time>2026-04-18T01:44:13Z</time></trkpt>
<trkpt lat="37.57205692" lon="126.95243027"><ele>145.65</ele><time>2026-04-18T01:44:14Z</time></trkpt>
<trkpt lat="37.57206998" lon="126.95242866"><ele>145.60</ele><time>2026-04-18T01:44:15Z</time></trkpt>
<trkpt lat="37.57208203" lon="126.95242299"><ele>145.46</ele><time>2026-04-18T01:44:16Z</time></trkpt>
<trkpt lat="37.57209263" lon="126.95241654"><ele>144.34</ele><time>2026-04-18T01:44:17Z</time></trkpt>
<trkpt lat="37.57211677" lon="126.95240897"><ele>144.71</ele><time>2026-04-18T01:44:19Z</time></trkpt>
<trkpt lat="37.57212963" lon="126.95240701"><ele>143.92</ele><time>2026-04-18T01:44:20Z</time></trkpt>
<trkpt lat="37.57214201" lon="126.95240730"><ele>144.22</ele><time>2026-04-18T01:44:21Z</time></trkpt>
<trkpt lat="37.57215423" lon="126.95240744"><ele>144.48</ele><time>2026-04-18T01:44:22Z</time></trkpt>
<trkpt lat="37.57216561" lon="126.95240779"><ele>144.93</ele><time>2026-04-18T01:44:23Z</time></trkpt>
<trkpt lat="37.57219202" lon="126.95241233"><ele>145.05</ele><time>2026-04-18T01:44:25Z</time></trkpt>
<trkpt lat="37.57220466" lon="126.95241434"><ele>145.12</ele><time>2026-04-18T01:44:26Z</time></trkpt>
<trkpt lat="37.57221723" lon="126.95241575"><ele>145.48</ele><time>2026-04-18T01:44:27Z</time></trkpt>
<trkpt lat="37.57222868" lon="126.95241906"><ele>144.84</ele><time>2026-04-18T01:44:28Z</time></trkpt>
<trkpt lat="37.57224032" lon="126.95242352"><ele>145.19</ele><time>2026-04-18T01:44:29Z</time></trkpt>
<trkpt lat="37.57226344" lon="126.95243996"><ele>145.59</ele><time>2026-04-18T01:44:31Z</time></trkpt>
<trkpt lat="37.57228036" lon="126.95245017"><ele>145.25</ele><time>2026-04-18T01:44:32Z</time></trkpt>
<trkpt lat="37.57229529" lon="126.95245902"><ele>145.60</ele><time>2026-04-18T01:44:33Z</time></trkpt>
<trkpt lat="37.57230891" lon="126.95246772"><ele>144.68</ele><time>2026-04-18T01:44:34Z</time></trkpt>
<trkpt lat="37.57231760" lon="126.95247526"><ele>144.46</ele><time>2026-04-18T01:44:35Z</time></trkpt>
<trkpt lat="37.57233556" lon="126.95248017"><ele>144.85</ele><time>2026-04-18T01:44:37Z</time></trkpt>
<trkpt lat="37.57234429" lon="126.95248256"><ele>144.99</ele><time>2026-04-18T01:44:38Z</time></trkpt>
<trkpt lat="37.57235388" lon="126.95248464"><ele>144.58</ele><time>2026-04-18T01:44:39Z</time></trkpt>
<trkpt lat="37.57236326" lon="126.95248719"><ele>144.56</ele><time>2026-04-18T01:44:40Z</time></trkpt>
<trkpt lat="37.57237348" lon="126.95249290"><ele>144.49</ele><time>2026-04-18T01:44:41Z</time></trkpt>
<trkpt lat="37.57238305" lon="126.95249691"><ele>144.39</ele><time>2026-04-18T01:44:42Z</time></trkpt>
<trkpt lat="37.57240145" lon="126.95249793"><ele>145.68</ele><time>2026-04-18T01:44:44Z</time></trkpt>
<trkpt lat="37.57240821" lon="126.95249498"><ele>146.34</ele><time>2026-04-18T01:44:45Z</time></trkpt>
<trkpt lat="37.57241639" lon="126.95248890"><ele>145.95</ele><time>2026-04-18T01:44:46Z</time></trkpt>
<trkpt lat="37.57242484" lon="126.95248201"><ele>145.40</ele><time>2026-04-18T01:44:47Z</time></trkpt>
<trkpt lat="37.57243388" lon="126.95247592"><ele>145.30</ele><time>2026-04-18T01:44:48Z</time></trkpt>
<trkpt lat="37.57245644" lon="126.95246123"><ele>146.80</ele><time>2026-04-18T01:44:50Z</time></trkpt>
<trkpt lat="37.57246686" lon="126.95245401"><ele>146.61</ele><time>2026-04-18T01:44:51Z</time></trkpt>
<trkpt lat="37.57247545" lon="126.95244932"><ele>146.37</ele><time>2026-04-18T01:44:52Z</time></trkpt>
<trkpt lat="37.57248405" lon="126.95244266"><ele>145.63</ele><time>2026-04-18T01:44:53Z</time></trkpt>
<trkpt lat="37.57249149" lon="126.95243254"><ele>145.52</ele><time>2026-04-18T01:44:54Z</time></trkpt>
<trkpt lat="37.57251774" lon="126.95242743"><ele>146.08</ele><time>2026-04-18T01:44:56Z</time></trkpt>
<trkpt lat="37.57252799" lon="126.95243337"><ele>145.88</ele><time>2026-04-18T01:44:57Z</time></trkpt>
<trkpt lat="37.57253819" lon="126.95244338"><ele>145.22</ele><time>2026-04-18T01:44:58Z</time></trkpt>
<trkpt lat="37.57255014" lon="126.95245025"><ele>144.82</ele><time>2026-04-18T01:44:59Z</time></trkpt>
<trkpt lat="37.57255953" lon="126.95246109"><ele>145.36</ele><time>2026-04-18T01:45:00Z</time></trkpt>
<trkpt lat="37.57257713" lon="126.95248284"><ele>145.51</ele><time>2026-04-18T01:45:02Z</time></trkpt>
<trkpt lat="37.57258543" lon="126.95249353"><ele>145.47</ele><time>2026-04-18T01:45:03Z</time></trkpt>
<trkpt lat="37.57259401" lon="126.95250297"><ele>145.35</ele><time>2026-04-18T01:45:04Z</time></trkpt>
<trkpt lat="37.57260388" lon="126.95251202"><ele>145.35</ele><time>2026-04-18T01:45:05Z</time></trkpt>
<trkpt lat="37.57261431" lon="126.95252126"><ele>145.56</ele><time>2026-04-18T01:45:06Z</time></trkpt>
<trkpt lat="37.57263252" lon="126.95253881"><ele>145.97</ele><time>2026-04-18T01:45:08Z</time></trkpt>
<trkpt lat="37.57264191" lon="126.95254635"><ele>145.84</ele><time>2026-04-18T01:45:09Z</time></trkpt>
<trkpt lat="37.57265074" lon="126.95255184"><ele>145.50</ele><time>2026-04-18T01:45:10Z</time></trkpt>
<trkpt lat="37.57265074" lon="126.95255184"><ele>145.50</ele><time>2026-04-18T01:45:10Z</time></trkpt>
<trkpt lat="37.57266180" lon="126.95255199"><ele>144.84</ele><time>2026-04-18T01:45:11Z</time></trkpt>
<trkpt lat="37.57267435" lon="126.95254919"><ele>145.31</ele><time>2026-04-18T01:45:12Z</time></trkpt>
<trkpt lat="37.57269873" lon="126.95254291"><ele>145.81</ele><time>2026-04-18T01:45:14Z</time></trkpt>
<trkpt lat="37.57270981" lon="126.95253682"><ele>145.46</ele><time>2026-04-18T01:45:15Z</time></trkpt>
<trkpt lat="37.57272124" lon="126.95253263"><ele>145.64</ele><time>2026-04-18T01:45:16Z</time></trkpt>
<trkpt lat="37.57273399" lon="126.95252693"><ele>145.55</ele><time>2026-04-18T01:45:17Z</time></trkpt>
<trkpt lat="37.57274383" lon="126.95251686"><ele>145.53</ele><time>2026-04-18T01:45:18Z</time></trkpt>
<trkpt lat="37.57276469" lon="126.95249357"><ele>144.70</ele><time>2026-04-18T01:45:20Z</time></trkpt>
<trkpt lat="37.57277618" lon="126.95248651"><ele>144.63</ele><time>2026-04-18T01:45:21Z</time></trkpt>
<trkpt lat="37.57278691" lon="126.95247867"><ele>144.52</ele><time>2026-04-18T01:45:22Z</time></trkpt>
<trkpt lat="37.57279654" lon="126.95246954"><ele>144.36</ele><time>2026-04-18T01:45:23Z</time></trkpt>
<trkpt lat="37.57280501" lon="126.95245967"><ele>144.29</ele><time>2026-04-18T01:45:24Z</time></trkpt>
<trkpt lat="37.57282095" lon="126.95243619"><ele>144.00</ele><time>2026-04-18T01:45:26Z</time></trkpt>
<trkpt lat="37.57282982" lon="126.95242432"><ele>143.79</ele><time>2026-04-18T01:45:27Z</time></trkpt>
<trkpt lat="37.57284061" lon="126.95241229"><ele>143.91</ele><time>2026-04-18T01:45:28Z</time></trkpt>
<trkpt lat="37.57284882" lon="126.95239806"><ele>144.90</ele><time>2026-04-18T01:45:29Z</time></trkpt>
<trkpt lat="37.57285393" lon="126.95238540"><ele>145.10</ele><time>2026-04-18T01:45:30Z</time></trkpt>
<trkpt lat="37.57286595" lon="126.95235806"><ele>145.44</ele><time>2026-04-18T01:45:32Z</time></trkpt>
<trkpt lat="37.57286968" lon="126.95234467"><ele>145.68</ele><time>2026-04-18T01:45:33Z</time></trkpt>
<trkpt lat="37.57287585" lon="126.95233393"><ele>145.84</ele><time>2026-04-18T01:45:34Z</time></trkpt>
<trkpt lat="37.57288113" lon="126.95232280"><ele>146.32</ele><time>2026-04-18T01:45:35Z</time></trkpt>
<trkpt lat="37.57288723" lon="126.95231101"><ele>146.83</ele><time>2026-04-18T01:45:36Z</time></trkpt>
<trkpt lat="37.57290384" lon="126.95229316"><ele>147.62</ele><time>2026-04-18T01:45:38Z</time></trkpt>
<trkpt lat="37.57291142" lon="126.95228276"><ele>147.64</ele><time>2026-04-18T01:45:39Z</time></trkpt>
<trkpt lat="37.57291899" lon="126.95227206"><ele>148.42</ele><time>2026-04-18T01:45:40Z</time></trkpt>
<trkpt lat="37.57292661" lon="126.95226261"><ele>148.19</ele><time>2026-04-18T01:45:41Z</time></trkpt>
<trkpt lat="37.57293486" lon="126.95225309"><ele>148.86</ele><time>2026-04-18T01:45:42Z</time></trkpt>
<trkpt lat="37.57295303" lon="126.95223708"><ele>148.78</ele><time>2026-04-18T01:45:44Z</time></trkpt>
<trkpt lat="37.57296024" lon="126.95222611"><ele>149.15</ele><time>2026-04-18T01:45:45Z</time></trkpt>
<trkpt lat="37.57296890" lon="126.95221748"><ele>149.28</ele><time>2026-04-18T01:45:46Z</time></trkpt>
<trkpt lat="37.57297682" lon="126.95220898"><ele>148.99</ele><time>2026-04-18T01:45:47Z</time></trkpt>
<trkpt lat="37.57298615" lon="126.95219929"><ele>148.94</ele><time>2026-04-18T01:45:48Z</time></trkpt>
<trkpt lat="37.57299668" lon="126.95219126"><ele>149.13</ele><time>2026-04-18T01:45:49Z</time></trkpt>
<trkpt lat="37.57301644" lon="126.95217244"><ele>149.15</ele><time>2026-04-18T01:45:51Z</time></trkpt>
<trkpt lat="37.57302546" lon="126.95216256"><ele>149.38</ele><time>2026-04-18T01:45:52Z</time></trkpt>
<trkpt lat="37.57303583" lon="126.95215273"><ele>149.15</ele><time>2026-04-18T01:45:53Z</time></trkpt>
<trkpt lat="37.57304657" lon="126.95214399"><ele>148.98</ele><time>2026-04-18T01:45:54Z</time></trkpt>
<trkpt lat="37.57305567" lon="126.95213435"><ele>149.08</ele><time>2026-04-18T01:45:55Z</time></trkpt>
<trkpt lat="37.57307537" lon="126.95211889"><ele>148.70</ele><time>2026-04-18T01:45:57Z</time></trkpt>
<trkpt lat="37.57308395" lon="126.95210856"><ele>148.53</ele><time>2026-04-18T01:45:58Z</time></trkpt>
<trkpt lat="37.57309519" lon="126.95210079"><ele>148.41</ele><time>2026-04-18T01:45:59Z</time></trkpt>
<trkpt lat="37.57310554" lon="126.95209094"><ele>148.33</ele><time>2026-04-18T01:46:00Z</time></trkpt>
<trkpt lat="37.57311679" lon="126.95208131"><ele>148.40</ele><time>2026-04-18T01:46:01Z</time></trkpt>
<trkpt lat="37.57313378" lon="126.95205995"><ele>149.46</ele><time>2026-04-18T01:46:03Z</time></trkpt>
<trkpt lat="37.57314262" lon="126.95205050"><ele>148.87</ele><time>2026-04-18T01:46:04Z</time></trkpt>
<trkpt lat="37.57315245" lon="126.95203973"><ele>148.85</ele><time>2026-04-18T01:46:05Z</time></trkpt>
<trkpt lat="37.57316086" lon="126.95202824"><ele>148.77</ele><time>2026-04-18T01:46:06Z</time></trkpt>
<trkpt lat="37.57317055" lon="126.95201522"><ele>148.79</ele><time>2026-04-18T01:46:07Z</time></trkpt>
<trkpt lat="37.57318945" lon="126.95198781"><ele>148.98</ele><time>2026-04-18T01:46:09Z</time></trkpt>
<trkpt lat="37.57319744" lon="126.95197696"><ele>148.67</ele><time>2026-04-18T01:46:10Z</time></trkpt>
<trkpt lat="37.57320590" lon="126.95196636"><ele>148.38</ele><time>2026-04-18T01:46:11Z</time></trkpt>
<trkpt lat="37.57321576" lon="126.95195754"><ele>148.21</ele><time>2026-04-18T01:46:12Z</time></trkpt>
<trkpt lat="37.57322546" lon="126.95194747"><ele>147.96</ele><time>2026-04-18T01:46:13Z</time></trkpt>
<trkpt lat="37.57324469" lon="126.95192553"><ele>148.09</ele><time>2026-04-18T01:46:15Z</time></trkpt>
<trkpt lat="37.57325501" lon="126.95191523"><ele>148.39</ele><time>2026-04-18T01:46:16Z</time></trkpt>
<trkpt lat="37.57326474" lon="126.95190332"><ele>148.49</ele><time>2026-04-18T01:46:17Z</time></trkpt>
<trkpt lat="37.57327485" lon="126.95189292"><ele>148.66</ele><time>2026-04-18T01:46:18Z</time></trkpt>
<trkpt lat="37.57328227" lon="126.95188230"><ele>148.51</ele><time>2026-04-18T01:46:19Z</time></trkpt>
<trkpt lat="37.57329037" lon="126.95187042"><ele>147.89</ele><time>2026-04-18T01:46:20Z</time></trkpt>
<trkpt lat="37.57330862" lon="126.95184976"><ele>147.51</ele><time>2026-04-18T01:46:22Z</time></trkpt>
<trkpt lat="37.57331841" lon="126.95183936"><ele>147.86</ele><time>2026-04-18T01:46:23Z</time></trkpt>
<trkpt lat="37.57332833" lon="126.95182874"><ele>148.80</ele><time>2026-04-18T01:46:24Z</time></trkpt>
<trkpt lat="37.57333771" lon="126.95181921"><ele>148.98</ele><time>2026-04-18T01:46:25Z</time></trkpt>
<trkpt lat="37.57334945" lon="126.95181283"><ele>149.71</ele><time>2026-04-18T01:46:26Z</time></trkpt>
<trkpt lat="37.57336939" lon="126.95179370"><ele>149.51</ele><time>2026-04-18T01:46:28Z</time></trkpt>
<trkpt lat="37.57337985" lon="126.95178627"><ele>149.63</ele><time>2026-04-18T01:46:29Z</time></trkpt>
<trkpt lat="37.57339080" lon="126.95178262"><ele>150.25</ele><time>2026-04-18T01:46:30Z</time></trkpt>
<trkpt lat="37.57340241" lon="126.95177810"><ele>150.66</ele><time>2026-04-18T01:46:31Z</time></trkpt>
<trkpt lat="37.57341367" lon="126.95177214"><ele>150.59</ele><time>2026-04-18T01:46:32Z</time></trkpt>
<trkpt lat="37.57343921" lon="126.95177599"><ele>151.13</ele><time>2026-04-18T01:46:34Z</time></trkpt>
<trkpt lat="37.57344905" lon="126.95177462"><ele>150.35</ele><time>2026-04-18T01:46:35Z</time></trkpt>
<trkpt lat="37.57345972" lon="126.95177044"><ele>150.21</ele><time>2026-04-18T01:46:36Z</time></trkpt>
<trkpt lat="37.57346865" lon="126.95176202"><ele>149.87</ele><time>2026-04-18T01:46:37Z</time></trkpt>
<trkpt lat="37.57347681" lon="126.95175212"><ele>149.90</ele><time>2026-04-18T01:46:38Z</time></trkpt>
<trkpt lat="37.57348571" lon="126.95174257"><ele>150.03</ele><time>2026-04-18T01:46:39Z</time></trkpt>
<trkpt lat="37.57349702" lon="126.95173581"><ele>150.61</ele><time>2026-04-18T01:46:40Z</time></trkpt>
<trkpt lat="37.57350944" lon="126.95172972"><ele>150.34</ele><time>2026-04-18T01:46:41Z</time></trkpt>
<trkpt lat="37.57352270" lon="126.95172359"><ele>150.06</ele><time>2026-04-18T01:46:42Z</time></trkpt>
<trkpt lat="37.57353533" lon="126.95171909"><ele>149.77</ele><time>2026-04-18T01:46:43Z</time></trkpt>
<trkpt lat="37.57356044" lon="126.95171036"><ele>149.92</ele><time>2026-04-18T01:46:45Z</time></trkpt>
<trkpt lat="37.57357364" lon="126.95170578"><ele>150.39</ele><time>2026-04-18T01:46:46Z</time></trkpt>
<trkpt lat="37.57358517" lon="126.95170015"><ele>150.48</ele><time>2026-04-18T01:46:47Z</time></trkpt>
<trkpt lat="37.57359724" lon="126.95169512"><ele>150.06</ele><time>2026-04-18T01:46:48Z</time></trkpt>
<trkpt lat="37.57360860" lon="126.95169048"><ele>150.05</ele><time>2026-04-18T01:46:49Z</time></trkpt>
<trkpt lat="37.57362058" lon="126.95168997"><ele>150.39</ele><time>2026-04-18T01:46:50Z</time></trkpt>
<trkpt lat="37.57364512" lon="126.95169184"><ele>151.26</ele><time>2026-04-18T01:46:52Z</time></trkpt>
<trkpt lat="37.57365863" lon="126.95168947"><ele>151.22</ele><time>2026-04-18T01:46:53Z</time></trkpt>
<trkpt lat="37.57367061" lon="126.95168488"><ele>151.65</ele><time>2026-04-18T01:46:54Z</time></trkpt>
<trkpt lat="37.57368301" lon="126.95167892"><ele>151.64</ele><time>2026-04-18T01:46:55Z</time></trkpt>
<trkpt lat="37.57369515" lon="126.95167453"><ele>151.25</ele><time>2026-04-18T01:46:56Z</time></trkpt>
<trkpt lat="37.57371904" lon="126.95166145"><ele>151.24</ele><time>2026-04-18T01:46:58Z</time></trkpt>
<trkpt lat="37.57372946" lon="126.95165582"><ele>151.25</ele><time>2026-04-18T01:46:59Z</time></trkpt>
<trkpt lat="37.57374041" lon="126.95164705"><ele>151.09</ele><time>2026-04-18T01:47:00Z</time></trkpt>
<trkpt lat="37.57375265" lon="126.95163939"><ele>150.57</ele><time>2026-04-18T01:47:01Z</time></trkpt>
<trkpt lat="37.57376493" lon="126.95163312"><ele>149.91</ele><time>2026-04-18T01:47:02Z</time></trkpt>
<trkpt lat="37.57379391" lon="126.95162709"><ele>150.24</ele><time>2026-04-18T01:47:04Z</time></trkpt>
<trkpt lat="37.57380691" lon="126.95161873"><ele>150.43</ele><time>2026-04-18T01:47:05Z</time></trkpt>
<trkpt lat="37.57381987" lon="126.95160881"><ele>150.34</ele><time>2026-04-18T01:47:06Z</time></trkpt>
<trkpt lat="37.57383136" lon="126.95159806"><ele>150.59</ele><time>2026-04-18T01:47:07Z</time></trkpt>
<trkpt lat="37.57384400" lon="126.95158979"><ele>150.91</ele><time>2026-04-18T01:47:08Z</time></trkpt>
<trkpt lat="37.57386815" lon="126.95157457"><ele>151.19</ele><time>2026-04-18T01:47:10Z</time></trkpt>
<trkpt lat="37.57387986" lon="126.95156703"><ele>150.85</ele><time>2026-04-18T01:47:11Z</time></trkpt>
<trkpt lat="37.57389115" lon="126.95155904"><ele>151.36</ele><time>2026-04-18T01:47:12Z</time></trkpt>
<trkpt lat="37.57390287" lon="126.95155090"><ele>151.96</ele><time>2026-04-18T01:47:13Z</time></trkpt>
<trkpt lat="37.57391560" lon="126.95154348"><ele>151.98</ele><time>2026-04-18T01:47:14Z</time></trkpt>
<trkpt lat="37.57394289" lon="126.95154087"><ele>150.92</ele><time>2026-04-18T01:47:16Z</time></trkpt>
<trkpt lat="37.57395661" lon="126.95153893"><ele>150.80</ele><time>2026-04-18T01:47:17Z</time></trkpt>
<trkpt lat="37.57396943" lon="126.95153883"><ele>151.28</ele><time>2026-04-18T01:47:18Z</time></trkpt>
<trkpt lat="37.57398231" lon="126.95153770"><ele>151.74</ele><time>2026-04-18T01:47:19Z</time></trkpt>
<trkpt lat="37.57399481" lon="126.95153592"><ele>151.39</ele><time>2026-04-18T01:47:20Z</time></trkpt>
<trkpt lat="37.57400390" lon="126.95153272"><ele>151.18</ele><time>2026-04-18T01:47:21Z</time></trkpt>
<trkpt lat="37.57402651" lon="126.95152691"><ele>151.82</ele><time>2026-04-18T01:47:23Z</time></trkpt>
<trkpt lat="37.57403864" lon="126.95152488"><ele>152.10</ele><time>2026-04-18T01:47:24Z</time></trkpt>
<trkpt lat="37.57405070" lon="126.95152326"><ele>153.26</ele><time>2026-04-18T01:47:25Z</time></trkpt>
<trkpt lat="37.57406186" lon="126.95152178"><ele>153.43</ele><time>2026-04-18T01:47:26Z</time></trkpt>
<trkpt lat="37.57407347" lon="126.95151977"><ele>153.65</ele><time>2026-04-18T01:47:27Z</time></trkpt>
<trkpt lat="37.57409491" lon="126.95151532"><ele>153.34</ele><time>2026-04-18T01:47:29Z</time></trkpt>
<trkpt lat="37.57410452" lon="126.95151059"><ele>153.15</ele><time>2026-04-18T01:47:30Z</time></trkpt>
<trkpt lat="37.57411294" lon="126.95150286"><ele>152.78</ele><time>2026-04-18T01:47:31Z</time></trkpt>
<trkpt lat="37.57412200" lon="126.95149508"><ele>152.59</ele><time>2026-04-18T01:47:32Z</time></trkpt>
<trkpt lat="37.57413350" lon="126.95149040"><ele>152.25</ele><time>2026-04-18T01:47:33Z</time></trkpt>
<trkpt lat="37.57415340" lon="126.95148589"><ele>152.68</ele><time>2026-04-18T01:47:35Z</time></trkpt>
<trkpt lat="37.57415978" lon="126.95148062"><ele>152.80</ele><time>2026-04-18T01:47:36Z</time></trkpt>
<trkpt lat="37.57416404" lon="126.95147217"><ele>152.81</ele><time>2026-04-18T01:47:37Z</time></trkpt>
<trkpt lat="37.57416563" lon="126.95146446"><ele>153.44</ele><time>2026-04-18T01:47:38Z</time></trkpt>
<trkpt lat="37.57417076" lon="126.95145192"><ele>152.68</ele><time>2026-04-18T01:47:42Z</time></trkpt>
<trkpt lat="37.57418709" lon="126.95144406"><ele>153.08</ele><time>2026-04-18T01:47:45Z</time></trkpt>
<trkpt lat="37.57418709" lon="126.95144406"><ele>153.08</ele><time>2026-04-18T01:47:45Z</time></trkpt>
<trkpt lat="37.57417911" lon="126.95143970"><ele>152.94</ele><time>2026-04-18T01:47:56Z</time></trkpt>
<trkpt lat="37.57417911" lon="126.95143970"><ele>152.94</ele><time>2026-04-18T01:47:56Z</time></trkpt>
<trkpt lat="37.57417413" lon="126.95143039"><ele>152.73</ele><time>2026-04-18T01:47:57Z</time></trkpt>
<trkpt lat="37.57417303" lon="126.95140370"><ele>152.76</ele><time>2026-04-18T01:47:59Z</time></trkpt>
<trkpt lat="37.57416920" lon="126.95138789"><ele>152.47</ele><time>2026-04-18T01:48:01Z</time></trkpt>
<trkpt lat="37.57416635" lon="126.95137804"><ele>152.07</ele><time>2026-04-18T01:48:02Z</time></trkpt>
<trkpt lat="37.57416626" lon="126.95136325"><ele>152.00</ele><time>2026-04-18T01:48:04Z</time></trkpt>
<trkpt lat="37.57416447" lon="126.95135326"><ele>152.06</ele><time>2026-04-18T01:48:05Z</time></trkpt>
<trkpt lat="37.57415619" lon="126.95132959"><ele>150.81</ele><time>2026-04-18T01:48:07Z</time></trkpt>
<trkpt lat="37.57415048" lon="126.95131975"><ele>150.97</ele><time>2026-04-18T01:48:08Z</time></trkpt>
<trkpt lat="37.57414489" lon="126.95131255"><ele>151.26</ele><time>2026-04-18T01:48:09Z</time></trkpt>
<trkpt lat="37.57413848" lon="126.95130284"><ele>150.81</ele><time>2026-04-18T01:48:10Z</time></trkpt>
<trkpt lat="37.57413405" lon="126.95129459"><ele>151.05</ele><time>2026-04-18T01:48:11Z</time></trkpt>
<trkpt lat="37.57412941" lon="126.95128177"><ele>150.77</ele><time>2026-04-18T01:48:13Z</time></trkpt>
<trkpt lat="37.57412415" lon="126.95126538"><ele>151.00</ele><time>2026-04-18T01:48:15Z</time></trkpt>
<trkpt lat="37.57412073" lon="126.95125346"><ele>152.34</ele><time>2026-04-18T01:48:17Z</time></trkpt>
<trkpt lat="37.57411923" lon="126.95124016"><ele>153.41</ele><time>2026-04-18T01:48:19Z</time></trkpt>
<trkpt lat="37.57411333" lon="126.95122850"><ele>153.40</ele><time>2026-04-18T01:48:21Z</time></trkpt>
<trkpt lat="37.57410846" lon="126.95121447"><ele>154.02</ele><time>2026-04-18T01:48:23Z</time></trkpt>
<trkpt lat="37.57409940" lon="126.95120167"><ele>154.02</ele><time>2026-04-18T01:48:25Z</time></trkpt>
<trkpt lat="37.57409467" lon="126.95119606"><ele>153.84</ele><time>2026-04-18T01:48:26Z</time></trkpt>
<trkpt lat="37.57408892" lon="126.95119075"><ele>154.51</ele><time>2026-04-18T01:48:27Z</time></trkpt>
<trkpt lat="37.57408602" lon="126.95118198"><ele>155.06</ele><time>2026-04-18T01:48:28Z</time></trkpt>
<trkpt lat="37.57408020" lon="126.95117366"><ele>156.81</ele><time>2026-04-18T01:48:29Z</time></trkpt>
<trkpt lat="37.57406996" lon="126.95115471"><ele>157.54</ele><time>2026-04-18T01:48:31Z</time></trkpt>
<trkpt lat="37.57406544" lon="126.95114622"><ele>157.79</ele><time>2026-04-18T01:48:32Z</time></trkpt>
<trkpt lat="37.57406003" lon="126.95113978"><ele>157.90</ele><time>2026-04-18T01:48:33Z</time></trkpt>
<trkpt lat="37.57405343" lon="126.95113243"><ele>158.48</ele><time>2026-04-18T01:48:34Z</time></trkpt>
<trkpt lat="37.57404855" lon="126.95112287"><ele>158.40</ele><time>2026-04-18T01:48:35Z</time></trkpt>
<trkpt lat="37.57404235" lon="126.95109883"><ele>158.36</ele><time>2026-04-18T01:48:37Z</time></trkpt>
<trkpt lat="37.57403916" lon="126.95108898"><ele>158.48</ele><time>2026-04-18T01:48:38Z</time></trkpt>
<trkpt lat="37.57403424" lon="126.95108005"><ele>158.58</ele><time>2026-04-18T01:48:39Z</time></trkpt>
<trkpt lat="37.57403173" lon="126.95107089"><ele>158.88</ele><time>2026-04-18T01:48:40Z</time></trkpt>
<trkpt lat="37.57402771" lon="126.95106186"><ele>158.56</ele><time>2026-04-18T01:48:41Z</time></trkpt>
<trkpt lat="37.57402063" lon="126.95104179"><ele>159.00</ele><time>2026-04-18T01:48:43Z</time></trkpt>
<trkpt lat="37.57401942" lon="126.95102963"><ele>158.70</ele><time>2026-04-18T01:48:44Z</time></trkpt>
<trkpt lat="37.57402260" lon="126.95101186"><ele>158.72</ele><time>2026-04-18T01:48:45Z</time></trkpt>
<trkpt lat="37.57402653" lon="126.95100004"><ele>157.84</ele><time>2026-04-18T01:48:46Z</time></trkpt>
<trkpt lat="37.57402912" lon="126.95098635"><ele>158.26</ele><time>2026-04-18T01:48:47Z</time></trkpt>
<trkpt lat="37.57403514" lon="126.95097465"><ele>158.29</ele><time>2026-04-18T01:48:48Z</time></trkpt>
<trkpt lat="37.57404014" lon="126.95093814"><ele>158.04</ele><time>2026-04-18T01:48:50Z</time></trkpt>
<trkpt lat="37.57404292" lon="126.95092275"><ele>158.26</ele><time>2026-04-18T01:48:51Z</time></trkpt>
<trkpt lat="37.57404714" lon="126.95090731"><ele>158.03</ele><time>2026-04-18T01:48:52Z</time></trkpt>
<trkpt lat="37.57404912" lon="126.95089036"><ele>158.47</ele><time>2026-04-18T01:48:53Z</time></trkpt>
<trkpt lat="37.57404724" lon="126.95087309"><ele>159.66</ele><time>2026-04-18T01:48:54Z</time></trkpt>
<trkpt lat="37.57403988" lon="126.95084814"><ele>160.19</ele><time>2026-04-18T01:48:56Z</time></trkpt>
<trkpt lat="37.57403930" lon="126.95083048"><ele>160.34</ele><time>2026-04-18T01:48:57Z</time></trkpt>
<trkpt lat="37.57404070" lon="126.95081716"><ele>161.10</ele><time>2026-04-18T01:48:58Z</time></trkpt>
<trkpt lat="37.57404139" lon="126.95079807"><ele>159.81</ele><time>2026-04-18T01:49:00Z</time></trkpt>
<trkpt lat="37.57404862" lon="126.95078194"><ele>160.57</ele><time>2026-04-18T01:49:01Z</time></trkpt>
<trkpt lat="37.57406277" lon="126.95075125"><ele>161.98</ele><time>2026-04-18T01:49:03Z</time></trkpt>
<trkpt lat="37.57407168" lon="126.95073894"><ele>161.77</ele><time>2026-04-18T01:49:04Z</time></trkpt>
<trkpt lat="37.57407960" lon="126.95073220"><ele>161.96</ele><time>2026-04-18T01:49:05Z</time></trkpt>
<trkpt lat="37.57408502" lon="126.95072586"><ele>163.10</ele><time>2026-04-18T01:49:06Z</time></trkpt>
<trkpt lat="37.57409218" lon="126.95071933"><ele>163.77</ele><time>2026-04-18T01:49:07Z</time></trkpt>
<trkpt lat="37.57410119" lon="126.95069422"><ele>164.86</ele><time>2026-04-18T01:49:10Z</time></trkpt>
<trkpt lat="37.57410755" lon="126.95068842"><ele>165.38</ele><time>2026-04-18T01:49:11Z</time></trkpt>
<trkpt lat="37.57411442" lon="126.95068514"><ele>165.93</ele><time>2026-04-18T01:49:12Z</time></trkpt>
<trkpt lat="37.57412179" lon="126.95068106"><ele>166.46</ele><time>2026-04-18T01:49:13Z</time></trkpt>
<trkpt lat="37.57412898" lon="126.95067802"><ele>166.36</ele><time>2026-04-18T01:49:14Z</time></trkpt>
<trkpt lat="37.57414224" lon="126.95067070"><ele>164.80</ele><time>2026-04-18T01:49:16Z</time></trkpt>
<trkpt lat="37.57414224" lon="126.95067070"><ele>164.80</ele><time>2026-04-18T01:49:16Z</time></trkpt>
<trkpt lat="37.57414762" lon="126.95066588"><ele>164.81</ele><time>2026-04-18T01:49:17Z</time></trkpt>
<trkpt lat="37.57415321" lon="126.95066021"><ele>165.11</ele><time>2026-04-18T01:49:18Z</time></trkpt>
<trkpt lat="37.57416033" lon="126.95065499"><ele>165.63</ele><time>2026-04-18T01:49:19Z</time></trkpt>
<trkpt lat="37.57416795" lon="126.95065098"><ele>166.38</ele><time>2026-04-18T01:49:20Z</time></trkpt>
<trkpt lat="37.57418404" lon="126.95064863"><ele>167.37</ele><time>2026-04-18T01:49:22Z</time></trkpt>
<trkpt lat="37.57419380" lon="126.95065282"><ele>168.23</ele><time>2026-04-18T01:49:23Z</time></trkpt>
<trkpt lat="37.57420364" lon="126.95065621"><ele>168.12</ele><time>2026-04-18T01:49:24Z</time></trkpt>
<trkpt lat="37.57421338" lon="126.95065810"><ele>168.69</ele><time>2026-04-18T01:49:25Z</time></trkpt>
<trkpt lat="37.57422234" lon="126.95065788"><ele>169.13</ele><time>2026-04-18T01:49:26Z</time></trkpt>
<trkpt lat="37.57424157" lon="126.95065553"><ele>169.33</ele><time>2026-04-18T01:49:28Z</time></trkpt>
<trkpt lat="37.57425223" lon="126.95065414"><ele>169.73</ele><time>2026-04-18T01:49:29Z</time></trkpt>
<trkpt lat="37.57426435" lon="126.95065305"><ele>169.55</ele><time>2026-04-18T01:49:30Z</time></trkpt>
<trkpt lat="37.57427665" lon="126.95065082"><ele>169.46</ele><time>2026-04-18T01:49:31Z</time></trkpt>
<trkpt lat="37.57428921" lon="126.95064818"><ele>169.37</ele><time>2026-04-18T01:49:32Z</time></trkpt>
<trkpt lat="37.57431272" lon="126.95065146"><ele>169.12</ele><time>2026-04-18T01:49:34Z</time></trkpt>
<trkpt lat="37.57432566" lon="126.95065214"><ele>169.58</ele><time>2026-04-18T01:49:35Z</time></trkpt>
<trkpt lat="37.57433906" lon="126.95065386"><ele>169.15</ele><time>2026-04-18T01:49:36Z</time></trkpt>
<trkpt lat="37.57435264" lon="126.95065508"><ele>169.33</ele><time>2026-04-18T01:49:37Z</time></trkpt>
<trkpt lat="37.57436607" lon="126.95065814"><ele>169.58</ele><time>2026-04-18T01:49:38Z</time></trkpt>
<trkpt lat="37.57439107" lon="126.95066406"><ele>169.42</ele><time>2026-04-18T01:49:40Z</time></trkpt>
<trkpt lat="37.57440392" lon="126.95066785"><ele>169.52</ele><time>2026-04-18T01:49:41Z</time></trkpt>
<trkpt lat="37.57441655" lon="126.95066979"><ele>169.46</ele><time>2026-04-18T01:49:42Z</time></trkpt>
<trkpt lat="37.57442852" lon="126.95067121"><ele>169.23</ele><time>2026-04-18T01:49:43Z</time></trkpt>
<trkpt lat="37.57444087" lon="126.95067041"><ele>169.12</ele><time>2026-04-18T01:49:44Z</time></trkpt>
<trkpt lat="37.57446315" lon="126.95067786"><ele>169.22</ele><time>2026-04-18T01:49:46Z</time></trkpt>
<trkpt lat="37.57447524" lon="126.95068027"><ele>169.03</ele><time>2026-04-18T01:49:47Z</time></trkpt>
<trkpt lat="37.57448683" lon="126.95068202"><ele>169.26</ele><time>2026-04-18T01:49:48Z</time></trkpt>
<trkpt lat="37.57449950" lon="126.95068361"><ele>169.31</ele><time>2026-04-18T01:49:49Z</time></trkpt>
<trkpt lat="37.57451016" lon="126.95068526"><ele>169.01</ele><time>2026-04-18T01:49:50Z</time></trkpt>
<trkpt lat="37.57452224" lon="126.95068679"><ele>168.63</ele><time>2026-04-18T01:49:51Z</time></trkpt>
<trkpt lat="37.57454671" lon="126.95068973"><ele>168.71</ele><time>2026-04-18T01:49:53Z</time></trkpt>
<trkpt lat="37.57455902" lon="126.95069186"><ele>168.65</ele><time>2026-04-18T01:49:54Z</time></trkpt>
<trkpt lat="37.57457145" lon="126.95069382"><ele>168.32</ele><time>2026-04-18T01:49:55Z</time></trkpt>
<trkpt lat="37.57458413" lon="126.95069630"><ele>168.10</ele><time>2026-04-18T01:49:56Z</time></trkpt>
<trkpt lat="37.57459594" lon="126.95069944"><ele>167.70</ele><time>2026-04-18T01:49:57Z</time></trkpt>
<trkpt lat="37.57462023" lon="126.95070361"><ele>168.12</ele><time>2026-04-18T01:49:59Z</time></trkpt>
<trkpt lat="37.57463209" lon="126.95070800"><ele>168.47</ele><time>2026-04-18T01:50:00Z</time></trkpt>
<trkpt lat="37.57464369" lon="126.95071084"><ele>168.43</ele><time>2026-04-18T01:50:01Z</time></trkpt>
<trkpt lat="37.57465565" lon="126.95071395"><ele>168.26</ele><time>2026-04-18T01:50:02Z</time></trkpt>
<trkpt lat="37.57466766" lon="126.95071880"><ele>168.03</ele><time>2026-04-18T01:50:03Z</time></trkpt>
<trkpt lat="37.57469383" lon="126.95071894"><ele>167.91</ele><time>2026-04-18T01:50:05Z</time></trkpt>
<trkpt lat="37.57470545" lon="126.95071878"><ele>168.32</ele><time>2026-04-18T01:50:06Z</time></trkpt>
<trkpt lat="37.57471676" lon="126.95071800"><ele>168.45</ele><time>2026-04-18T01:50:07Z</time></trkpt>
<trkpt lat="37.57472820" lon="126.95071699"><ele>167.67</ele><time>2026-04-18T01:50:08Z</time></trkpt>
<trkpt lat="37.57473949" lon="126.95071394"><ele>167.65</ele><time>2026-04-18T01:50:09Z</time></trkpt>
<trkpt lat="37.57476018" lon="126.95070007"><ele>167.38</ele><time>2026-04-18T01:50:11Z</time></trkpt>
<trkpt lat="37.57477010" lon="126.95069229"><ele>167.46</ele><time>2026-04-18T01:50:12Z</time></trkpt>
<trkpt lat="37.57477010" lon="126.95069229"><ele>167.46</ele><time>2026-04-18T01:50:12Z</time></trkpt>
<trkpt lat="37.57477982" lon="126.95068289"><ele>167.34</ele><time>2026-04-18T01:50:13Z</time></trkpt>
<trkpt lat="37.57478816" lon="126.95067154"><ele>166.63</ele><time>2026-04-18T01:50:14Z</time></trkpt>
<trkpt lat="37.57480057" lon="126.95064776"><ele>166.50</ele><time>2026-04-18T01:50:16Z</time></trkpt>
<trkpt lat="37.57480749" lon="126.95063510"><ele>166.52</ele><time>2026-04-18T01:50:17Z</time></trkpt>
<trkpt lat="37.57481806" lon="126.95062476"><ele>166.74</ele><time>2026-04-18T01:50:18Z</time></trkpt>
<trkpt lat="37.57483072" lon="126.95061912"><ele>166.59</ele><time>2026-04-18T01:50:19Z</time></trkpt>
<trkpt lat="37.57484298" lon="126.95061772"><ele>166.10</ele><time>2026-04-18T01:50:20Z</time></trkpt>
<trkpt lat="37.57486542" lon="126.95060746"><ele>165.89</ele><time>2026-04-18T01:50:22Z</time></trkpt>
<trkpt lat="37.57487756" lon="126.95060007"><ele>165.87</ele><time>2026-04-18T01:50:23Z</time></trkpt>
<trkpt lat="37.57488756" lon="126.95059117"><ele>165.82</ele><time>2026-04-18T01:50:24Z</time></trkpt>
<trkpt lat="37.57489710" lon="126.95057961"><ele>166.13</ele><time>2026-04-18T01:50:25Z</time></trkpt>
<trkpt lat="37.57490722" lon="126.95056713"><ele>166.13</ele><time>2026-04-18T01:50:26Z</time></trkpt>
<trkpt lat="37.57491453" lon="126.95055312"><ele>165.93</ele><time>2026-04-18T01:50:27Z</time></trkpt>
<trkpt lat="37.57492747" lon="126.95052755"><ele>166.46</ele><time>2026-04-18T01:50:29Z</time></trkpt>
<trkpt lat="37.57493414" lon="126.95051467"><ele>166.46</ele><time>2026-04-18T01:50:30Z</time></trkpt>
<trkpt lat="37.57494144" lon="126.95050330"><ele>166.63</ele><time>2026-04-18T01:50:31Z</time></trkpt>
<trkpt lat="37.57494880" lon="126.95049292"><ele>166.42</ele><time>2026-04-18T01:50:32Z</time></trkpt>
<trkpt lat="37.57495523" lon="126.95048022"><ele>166.61</ele><time>2026-04-18T01:50:33Z</time></trkpt>
<trkpt lat="37.57497045" lon="126.95045634"><ele>166.90</ele><time>2026-04-18T01:50:35Z</time></trkpt>
<trkpt lat="37.57497683" lon="126.95044418"><ele>166.90</ele><time>2026-04-18T01:50:36Z</time></trkpt>
<trkpt lat="37.57498266" lon="126.95043221"><ele>167.06</ele><time>2026-04-18T01:50:37Z</time></trkpt>
<trkpt lat="37.57499058" lon="126.95042102"><ele>167.36</ele><time>2026-04-18T01:50:38Z</time></trkpt>
<trkpt lat="37.57499827" lon="126.95040944"><ele>167.50</ele><time>2026-04-18T01:50:39Z</time></trkpt>
<trkpt lat="37.57501142" lon="126.95038544"><ele>167.51</ele><time>2026-04-18T01:50:41Z</time></trkpt>
<trkpt lat="37.57501807" lon="126.95037607"><ele>167.78</ele><time>2026-04-18T01:50:42Z</time></trkpt>
<trkpt lat="37.57502347" lon="126.95036327"><ele>167.95</ele><time>2026-04-18T01:50:43Z</time></trkpt>
<trkpt lat="37.57502788" lon="126.95034990"><ele>168.34</ele><time>2026-04-18T01:50:44Z</time></trkpt>
<trkpt lat="37.57503028" lon="126.95033592"><ele>168.18</ele><time>2026-04-18T01:50:45Z</time></trkpt>
<trkpt lat="37.57504102" lon="126.95030883"><ele>169.25</ele><time>2026-04-18T01:50:47Z</time></trkpt>
<trkpt lat="37.57504519" lon="126.95029532"><ele>169.13</ele><time>2026-04-18T01:50:48Z</time></trkpt>
<trkpt lat="37.57504978" lon="126.95028275"><ele>168.72</ele><time>2026-04-18T01:50:49Z</time></trkpt>
<trkpt lat="37.57505406" lon="126.95026903"><ele>168.13</ele><time>2026-04-18T01:50:50Z</time></trkpt>
<trkpt lat="37.57506018" lon="126.95025780"><ele>168.35</ele><time>2026-04-18T01:50:51Z</time></trkpt>
<trkpt lat="37.57507843" lon="126.95024322"><ele>168.74</ele><time>2026-04-18T01:50:53Z</time></trkpt>
<trkpt lat="37.57508898" lon="126.95024246"><ele>168.04</ele><time>2026-04-18T01:50:54Z</time></trkpt>
<trkpt lat="37.57510004" lon="126.95024767"><ele>167.61</ele><time>2026-04-18T01:50:55Z</time></trkpt>
<trkpt lat="37.57510960" lon="126.95025509"><ele>167.55</ele><time>2026-04-18T01:50:56Z</time></trkpt>
<trkpt lat="37.57511959" lon="126.95026165"><ele>167.53</ele><time>2026-04-18T01:50:57Z</time></trkpt>
<trkpt lat="37.57512778" lon="126.95027093"><ele>167.54</ele><time>2026-04-18T01:50:58Z</time></trkpt>
<trkpt lat="37.57514353" lon="126.95029366"><ele>167.73</ele><time>2026-04-18T01:51:00Z</time></trkpt>
<trkpt lat="37.57515126" lon="126.95030329"><ele>167.63</ele><time>2026-04-18T01:51:01Z</time></trkpt>
<trkpt lat="37.57515957" lon="126.95031327"><ele>167.76</ele><time>2026-04-18T01:51:02Z</time></trkpt>
<trkpt lat="37.57516993" lon="126.95031830"><ele>167.54</ele><time>2026-04-18T01:51:03Z</time></trkpt>
<trkpt lat="37.57518080" lon="126.95032400"><ele>167.62</ele><time>2026-04-18T01:51:04Z</time></trkpt>
<trkpt lat="37.57520037" lon="126.95033986"><ele>167.48</ele><time>2026-04-18T01:51:06Z</time></trkpt>
<trkpt lat="37.57520897" lon="126.95034984"><ele>167.07</ele><time>2026-04-18T01:51:07Z</time></trkpt>
<trkpt lat="37.57521807" lon="126.95036046"><ele>166.90</ele><time>2026-04-18T01:51:08Z</time></trkpt>
<trkpt lat="37.57522738" lon="126.95037136"><ele>166.80</ele><time>2026-04-18T01:51:09Z</time></trkpt>
<trkpt lat="37.57523740" lon="126.95038066"><ele>166.88</ele><time>2026-04-18T01:51:10Z</time></trkpt>
<trkpt lat="37.57525506" lon="126.95040313"><ele>167.20</ele><time>2026-04-18T01:51:12Z</time></trkpt>
<trkpt lat="37.57526389" lon="126.95041297"><ele>167.15</ele><time>2026-04-18T01:51:13Z</time></trkpt>
<trkpt lat="37.57527205" lon="126.95042376"><ele>167.31</ele><time>2026-04-18T01:51:14Z</time></trkpt>
<trkpt lat="37.57527981" lon="126.95043431"><ele>167.13</ele><time>2026-04-18T01:51:15Z</time></trkpt>
<trkpt lat="37.57528675" lon="126.95044536"><ele>166.86</ele><time>2026-04-18T01:51:16Z</time></trkpt>
<trkpt lat="37.57529518" lon="126.95047393"><ele>167.15</ele><time>2026-04-18T01:51:18Z</time></trkpt>
<trkpt lat="37.57530078" lon="126.95048836"><ele>167.24</ele><time>2026-04-18T01:51:19Z</time></trkpt>
<trkpt lat="37.57530590" lon="126.95050287"><ele>167.54</ele><time>2026-04-18T01:51:20Z</time></trkpt>
<trkpt lat="37.57530970" lon="126.95051678"><ele>167.45</ele><time>2026-04-18T01:51:21Z</time></trkpt>
<trkpt lat="37.57531250" lon="126.95053081"><ele>167.47</ele><time>2026-04-18T01:51:22Z</time></trkpt>
<trkpt lat="37.57531821" lon="126.95055856"><ele>167.24</ele><time>2026-04-18T01:51:24Z</time></trkpt>
<trkpt lat="37.57531979" lon="126.95057413"><ele>167.17</ele><time>2026-04-18T01:51:25Z</time></trkpt>
<trkpt lat="37.57532494" lon="126.95058646"><ele>167.26</ele><time>2026-04-18T01:51:26Z</time></trkpt>
<trkpt lat="37.57533406" lon="126.95059775"><ele>167.53</ele><time>2026-04-18T01:51:27Z</time></trkpt>
<trkpt lat="37.57534361" lon="126.95060765"><ele>167.79</ele><time>2026-04-18T01:51:28Z</time></trkpt>
<trkpt lat="37.57535389" lon="126.95061555"><ele>167.74</ele><time>2026-04-18T01:51:29Z</time></trkpt>
<trkpt lat="37.57537353" lon="126.95063112"><ele>167.98</ele><time>2026-04-18T01:51:31Z</time></trkpt>
<trkpt lat="37.57538352" lon="126.95063841"><ele>168.02</ele><time>2026-04-18T01:51:32Z</time></trkpt>
<trkpt lat="37.57539334" lon="126.95064221"><ele>167.83</ele><time>2026-04-18T01:51:33Z</time></trkpt>
<trkpt lat="37.57540419" lon="126.95064963"><ele>167.96</ele><time>2026-04-18T01:51:34Z</time></trkpt>
<trkpt lat="37.57541458" lon="126.95065691"><ele>168.02</ele><time>2026-04-18T01:51:35Z</time></trkpt>
<trkpt lat="37.57543747" lon="126.95066285"><ele>168.97</ele><time>2026-04-18T01:51:37Z</time></trkpt>
<trkpt lat="37.57544747" lon="126.95066355"><ele>168.57</ele><time>2026-04-18T01:51:38Z</time></trkpt>
<trkpt lat="37.57545694" lon="126.95066227"><ele>168.23</ele><time>2026-04-18T01:51:39Z</time></trkpt>
<trkpt lat="37.57546697" lon="126.95065699"><ele>168.24</ele><time>2026-04-18T01:51:40Z</time></trkpt>
<trkpt lat="37.57547625" lon="126.95065037"><ele>168.09</ele><time>2026-04-18T01:51:41Z</time></trkpt>
<trkpt lat="37.57548678" lon="126.95064398"><ele>168.27</ele><time>2026-04-18T01:51:42Z</time></trkpt>
<trkpt lat="37.57549580" lon="126.95063476"><ele>168.19</ele><time>2026-04-18T01:51:43Z</time></trkpt>
<trkpt lat="37.57550605" lon="126.95062524"><ele>168.33</ele><time>2026-04-18T01:51:44Z</time></trkpt>
<trkpt lat="37.57551728" lon="126.95061915"><ele>168.24</ele><time>2026-04-18T01:51:45Z</time></trkpt>
<trkpt lat="37.57552904" lon="126.95061452"><ele>168.18</ele><time>2026-04-18T01:51:46Z</time></trkpt>
<trkpt lat="37.57555272" lon="126.95061395"><ele>168.18</ele><time>2026-04-18T01:51:48Z</time></trkpt>
<trkpt lat="37.57556334" lon="126.95062093"><ele>168.13</ele><time>2026-04-18T01:51:49Z</time></trkpt>
<trkpt lat="37.57557311" lon="126.95062934"><ele>168.11</ele><time>2026-04-18T01:51:50Z</time></trkpt>
<trkpt lat="37.57558212" lon="126.95063864"><ele>168.06</ele><time>2026-04-18T01:51:51Z</time></trkpt>
<trkpt lat="37.57559107" lon="126.95064754"><ele>168.01</ele><time>2026-04-18T01:51:52Z</time></trkpt>
<trkpt lat="37.57560929" lon="126.95066543"><ele>168.08</ele><time>2026-04-18T01:51:54Z</time></trkpt>
<trkpt lat="37.57561978" lon="126.95067600"><ele>167.53</ele><time>2026-04-18T01:51:55Z</time></trkpt>
<trkpt lat="37.57563069" lon="126.95068703"><ele>167.04</ele><time>2026-04-18T01:51:56Z</time></trkpt>
<trkpt lat="37.57564126" lon="126.95069695"><ele>166.89</ele><time>2026-04-18T01:51:57Z</time></trkpt>
<trkpt lat="37.57565167" lon="126.95070609"><ele>166.71</ele><time>2026-04-18T01:51:58Z</time></trkpt>
<trkpt lat="37.57566158" lon="126.95071575"><ele>166.48</ele><time>2026-04-18T01:51:59Z</time></trkpt>
<trkpt lat="37.57568012" lon="126.95073848"><ele>166.69</ele><time>2026-04-18T01:52:01Z</time></trkpt>
<trkpt lat="37.57568988" lon="126.95074859"><ele>166.64</ele><time>2026-04-18T01:52:02Z</time></trkpt>
<trkpt lat="37.57570006" lon="126.95075866"><ele>166.64</ele><time>2026-04-18T01:52:03Z</time></trkpt>
<trkpt lat="37.57570849" lon="126.95076925"><ele>166.52</ele><time>2026-04-18T01:52:04Z</time></trkpt>
<trkpt lat="37.57571730" lon="126.95077970"><ele>166.39</ele><time>2026-04-18T01:52:05Z</time></trkpt>
<trkpt lat="37.57573601" lon="126.95080080"><ele>166.34</ele><time>2026-04-18T01:52:07Z</time></trkpt>
<trkpt lat="37.57574433" lon="126.95080963"><ele>166.37</ele><time>2026-04-18T01:52:08Z</time></trkpt>
<trkpt lat="37.57575354" lon="126.95081948"><ele>166.39</ele><time>2026-04-18T01:52:09Z</time></trkpt>
<trkpt lat="37.57576259" lon="126.95082787"><ele>166.50</ele><time>2026-04-18T01:52:10Z</time></trkpt>
<trkpt lat="37.57577256" lon="126.95083848"><ele>166.76</ele><time>2026-04-18T01:52:11Z</time></trkpt>
<trkpt lat="37.57579037" lon="126.95086030"><ele>166.56</ele><time>2026-04-18T01:52:13Z</time></trkpt>
<trkpt lat="37.57579938" lon="126.95087048"><ele>166.55</ele><time>2026-04-18T01:52:14Z</time></trkpt>
<trkpt lat="37.57580623" lon="126.95088413"><ele>166.81</ele><time>2026-04-18T01:52:15Z</time></trkpt>
<trkpt lat="37.57581209" lon="126.95089863"><ele>166.57</ele><time>2026-04-18T01:52:16Z</time></trkpt>
<trkpt lat="37.57581493" lon="126.95091276"><ele>166.72</ele><time>2026-04-18T01:52:17Z</time></trkpt>
<trkpt lat="37.57581651" lon="126.95094021"><ele>166.71</ele><time>2026-04-18T01:52:19Z</time></trkpt>
<trkpt lat="37.57581826" lon="126.95095519"><ele>166.83</ele><time>2026-04-18T01:52:20Z</time></trkpt>
<trkpt lat="37.57581846" lon="126.95097013"><ele>166.78</ele><time>2026-04-18T01:52:21Z</time></trkpt>
<trkpt lat="37.57581851" lon="126.95098369"><ele>166.57</ele><time>2026-04-18T01:52:22Z</time></trkpt>
<trkpt lat="37.57582241" lon="126.95099803"><ele>166.40</ele><time>2026-04-18T01:52:23Z</time></trkpt>
<trkpt lat="37.57582822" lon="126.95103038"><ele>166.62</ele><time>2026-04-18T01:52:25Z</time></trkpt>
<trkpt lat="37.57583188" lon="126.95104465"><ele>166.88</ele><time>2026-04-18T01:52:26Z</time></trkpt>
<trkpt lat="37.57583533" lon="126.95105982"><ele>166.91</ele><time>2026-04-18T01:52:27Z</time></trkpt>
<trkpt lat="37.57583893" lon="126.95107670"><ele>167.02</ele><time>2026-04-18T01:52:28Z</time></trkpt>
<trkpt lat="37.57584255" lon="126.95109262"><ele>166.94</ele><time>2026-04-18T01:52:29Z</time></trkpt>
<trkpt lat="37.57585290" lon="126.95112194"><ele>167.29</ele><time>2026-04-18T01:52:31Z</time></trkpt>
<trkpt lat="37.57585894" lon="126.95113651"><ele>167.19</ele><time>2026-04-18T01:52:32Z</time></trkpt>
<trkpt lat="37.57586397" lon="126.95115118"><ele>167.17</ele><time>2026-04-18T01:52:33Z</time></trkpt>
<trkpt lat="37.57586675" lon="126.95116603"><ele>167.28</ele><time>2026-04-18T01:52:34Z</time></trkpt>
<trkpt lat="37.57586830" lon="126.95118037"><ele>167.36</ele><time>2026-04-18T01:52:35Z</time></trkpt>
<trkpt lat="37.57586860" lon="126.95119597"><ele>167.43</ele><time>2026-04-18T01:52:36Z</time></trkpt>
<trkpt lat="37.57585504" lon="126.95122219"><ele>167.80</ele><time>2026-04-18T01:52:38Z</time></trkpt>
<trkpt lat="37.57584620" lon="126.95123381"><ele>168.27</ele><time>2026-04-18T01:52:39Z</time></trkpt>
<trkpt lat="37.57583975" lon="126.95124637"><ele>168.44</ele><time>2026-04-18T01:52:40Z</time></trkpt>
<trkpt lat="37.57583409" lon="126.95125845"><ele>168.63</ele><time>2026-04-18T01:52:41Z</time></trkpt>
<trkpt lat="37.57582795" lon="126.95127079"><ele>168.64</ele><time>2026-04-18T01:52:42Z</time></trkpt>
<trkpt lat="37.57581530" lon="126.95129184"><ele>168.65</ele><time>2026-04-18T01:52:44Z</time></trkpt>
<trkpt lat="37.57581046" lon="126.95130337"><ele>168.88</ele><time>2026-04-18T01:52:45Z</time></trkpt>
<trkpt lat="37.57580830" lon="126.95131613"><ele>168.97</ele><time>2026-04-18T01:52:46Z</time></trkpt>
<trkpt lat="37.57580978" lon="126.95132770"><ele>168.93</ele><time>2026-04-18T01:52:47Z</time></trkpt>
<trkpt lat="37.57581518" lon="126.95133973"><ele>168.78</ele><time>2026-04-18T01:52:48Z</time></trkpt>
<trkpt lat="37.57583127" lon="126.95135789"><ele>169.04</ele><time>2026-04-18T01:52:50Z</time></trkpt>
<trkpt lat="37.57584111" lon="126.95136374"><ele>169.03</ele><time>2026-04-18T01:52:51Z</time></trkpt>
<trkpt lat="37.57585142" lon="126.95136729"><ele>169.09</ele><time>2026-04-18T01:52:52Z</time></trkpt>
<trkpt lat="37.57586391" lon="126.95136882"><ele>169.00</ele><time>2026-04-18T01:52:53Z</time></trkpt>
<trkpt lat="37.57587718" lon="126.95136869"><ele>169.21</ele><time>2026-04-18T01:52:54Z</time></trkpt>
<trkpt lat="37.57589690" lon="126.95136427"><ele>169.44</ele><time>2026-04-18T01:52:56Z</time></trkpt>
<trkpt lat="37.57590507" lon="126.95136672"><ele>169.49</ele><time>2026-04-18T01:52:57Z</time></trkpt>
<trkpt lat="37.57591563" lon="126.95136439"><ele>169.51</ele><time>2026-04-18T01:52:58Z</time></trkpt>
<trkpt lat="37.57592570" lon="126.95136100"><ele>169.40</ele><time>2026-04-18T01:52:59Z</time></trkpt>
<trkpt lat="37.57593336" lon="126.95135464"><ele>169.20</ele><time>2026-04-18T01:53:00Z</time></trkpt>
<trkpt lat="37.57592537" lon="126.95135318"><ele>169.68</ele><time>2026-04-18T01:53:02Z</time></trkpt>
<trkpt lat="37.57591919" lon="126.95134827"><ele>169.14</ele><time>2026-04-18T01:53:04Z</time></trkpt>
<trkpt lat="37.57591767" lon="126.95133843"><ele>168.88</ele><time>2026-04-18T01:53:05Z</time></trkpt>
<trkpt lat="37.57591767" lon="126.95133843"><ele>168.88</ele><time>2026-04-18T01:53:05Z</time></trkpt>
<trkpt lat="37.57591690" lon="126.95132958"><ele>169.55</ele><time>2026-04-18T01:53:06Z</time></trkpt>
<trkpt lat="37.57591384" lon="126.95131790"><ele>169.96</ele><time>2026-04-18T01:53:08Z</time></trkpt>
<trkpt lat="37.57591435" lon="126.95129765"><ele>169.95</ele><time>2026-04-18T01:53:10Z</time></trkpt>
<trkpt lat="37.57591928" lon="126.95128281"><ele>170.41</ele><time>2026-04-18T01:53:12Z</time></trkpt>
<trkpt lat="37.57592220" lon="126.95127506"><ele>170.59</ele><time>2026-04-18T01:53:13Z</time></trkpt>
<trkpt lat="37.57592644" lon="126.95126900"><ele>170.61</ele><time>2026-04-18T01:53:14Z</time></trkpt>
<trkpt lat="37.57593502" lon="126.95125864"><ele>170.93</ele><time>2026-04-18T01:53:16Z</time></trkpt>
<trkpt lat="37.57594740" lon="126.95124070"><ele>171.65</ele><time>2026-04-18T01:53:19Z</time></trkpt>
<trkpt lat="37.57595528" lon="126.95122838"><ele>171.98</ele><time>2026-04-18T01:53:21Z</time></trkpt>
<trkpt lat="37.57596533" lon="126.95123068"><ele>172.07</ele><time>2026-04-18T01:53:22Z</time></trkpt>
<trkpt lat="37.57597348" lon="126.95122895"><ele>171.95</ele><time>2026-04-18T01:53:23Z</time></trkpt>
<trkpt lat="37.57598079" lon="126.95122385"><ele>171.88</ele><time>2026-04-18T01:53:24Z</time></trkpt>
<trkpt lat="37.57599311" lon="126.95121273"><ele>171.68</ele><time>2026-04-18T01:53:26Z</time></trkpt>
<trkpt lat="37.57599903" lon="126.95120971"><ele>172.10</ele><time>2026-04-18T01:53:27Z</time></trkpt>
<trkpt lat="37.57600693" lon="126.95120802"><ele>172.46</ele><time>2026-04-18T01:53:31Z</time></trkpt>
<trkpt lat="37.57601890" lon="126.95120345"><ele>172.54</ele><time>2026-04-18T01:53:33Z</time></trkpt>
<trkpt lat="37.57602690" lon="126.95119160"><ele>172.58</ele><time>2026-04-18T01:53:35Z</time></trkpt>
<trkpt lat="37.57603708" lon="126.95117491"><ele>172.99</ele><time>2026-04-18T01:53:37Z</time></trkpt>
<trkpt lat="37.57604392" lon="126.95116899"><ele>172.69</ele><time>2026-04-18T01:53:38Z</time></trkpt>
<trkpt lat="37.57605613" lon="126.95116408"><ele>173.62</ele><time>2026-04-18T01:53:40Z</time></trkpt>
<trkpt lat="37.57606285" lon="126.95116415"><ele>173.97</ele><time>2026-04-18T01:53:41Z</time></trkpt>
<trkpt lat="37.57606680" lon="126.95117091"><ele>174.35</ele><time>2026-04-18T01:53:42Z</time></trkpt>
<trkpt lat="37.57608685" lon="126.95117830"><ele>175.01</ele><time>2026-04-18T01:53:46Z</time></trkpt>
<trkpt lat="37.57609205" lon="126.95117229"><ele>175.29</ele><time>2026-04-18T01:53:47Z</time></trkpt>
<trkpt lat="37.57610078" lon="126.95116616"><ele>175.17</ele><time>2026-04-18T01:53:48Z</time></trkpt>
<trkpt lat="37.57610817" lon="126.95115960"><ele>174.57</ele><time>2026-04-18T01:53:49Z</time></trkpt>
<trkpt lat="37.57611529" lon="126.95115945"><ele>174.90</ele><time>2026-04-18T01:53:50Z</time></trkpt>
<trkpt lat="37.57612816" lon="126.95116418"><ele>175.30</ele><time>2026-04-18T01:53:52Z</time></trkpt>
<trkpt lat="37.57614415" lon="126.95117177"><ele>175.54</ele><time>2026-04-18T01:53:54Z</time></trkpt>
<trkpt lat="37.57615019" lon="126.95116948"><ele>175.26</ele><time>2026-04-18T01:53:55Z</time></trkpt>
<trkpt lat="37.57615748" lon="126.95116533"><ele>175.21</ele><time>2026-04-18T01:53:56Z</time></trkpt>
<trkpt lat="37.57616792" lon="126.95115828"><ele>174.61</ele><time>2026-04-18T01:53:57Z</time></trkpt>
<trkpt lat="37.57617711" lon="126.95115219"><ele>173.25</ele><time>2026-04-18T01:53:58Z</time></trkpt>
<trkpt lat="37.57619783" lon="126.95114515"><ele>172.14</ele><time>2026-04-18T01:54:00Z</time></trkpt>
<trkpt lat="37.57620712" lon="126.95114333"><ele>172.03</ele><time>2026-04-18T01:54:01Z</time></trkpt>
<trkpt lat="37.57621284" lon="126.95111932"><ele>172.50</ele><time>2026-04-18T01:54:02Z</time></trkpt>
<trkpt lat="37.57620847" lon="126.95110494"><ele>173.52</ele><time>2026-04-18T01:54:03Z</time></trkpt>
<trkpt lat="37.57620476" lon="126.95109314"><ele>174.38</ele><time>2026-04-18T01:54:04Z</time></trkpt>
<trkpt lat="37.57620177" lon="126.95107376"><ele>175.16</ele><time>2026-04-18T01:54:06Z</time></trkpt>
<trkpt lat="37.57619874" lon="126.95106507"><ele>175.52</ele><time>2026-04-18T01:54:07Z</time></trkpt>
<trkpt lat="37.57619597" lon="126.95105231"><ele>176.58</ele><time>2026-04-18T01:54:09Z</time></trkpt>
<trkpt lat="37.57619952" lon="126.95103762"><ele>177.49</ele><time>2026-04-18T01:54:11Z</time></trkpt>
<trkpt lat="37.57620568" lon="126.95103135"><ele>177.83</ele><time>2026-04-18T01:54:12Z</time></trkpt>
<trkpt lat="37.57622186" lon="126.95101058"><ele>178.61</ele><time>2026-04-18T01:54:16Z</time></trkpt>
<trkpt lat="37.57623492" lon="126.95100646"><ele>178.60</ele><time>2026-04-18T01:54:18Z</time></trkpt>
<trkpt lat="37.57624293" lon="126.95100506"><ele>178.77</ele><time>2026-04-18T01:54:19Z</time></trkpt>
<trkpt lat="37.57625010" lon="126.95100460"><ele>178.83</ele><time>2026-04-18T01:54:20Z</time></trkpt>
<trkpt lat="37.57626046" lon="126.95100258"><ele>178.34</ele><time>2026-04-18T01:54:22Z</time></trkpt>
<trkpt lat="37.57628261" lon="126.95100118"><ele>177.85</ele><time>2026-04-18T01:54:25Z</time></trkpt>
<trkpt lat="37.57629433" lon="126.95100186"><ele>178.24</ele><time>2026-04-18T01:54:26Z</time></trkpt>
<trkpt lat="37.57630605" lon="126.95099845"><ele>178.58</ele><time>2026-04-18T01:54:27Z</time></trkpt>
<trkpt lat="37.57631312" lon="126.95099195"><ele>178.49</ele><time>2026-04-18T01:54:28Z</time></trkpt>
<trkpt lat="37.57631965" lon="126.95099155"><ele>178.71</ele><time>2026-04-18T01:54:29Z</time></trkpt>
<trkpt lat="37.57633294" lon="126.95098745"><ele>178.81</ele><time>2026-04-18T01:54:31Z</time></trkpt>
<trkpt lat="37.57634991" lon="126.95098360"><ele>179.16</ele><time>2026-04-18T01:54:33Z</time></trkpt>
<trkpt lat="37.57635615" lon="126.95098200"><ele>179.16</ele><time>2026-04-18T01:54:34Z</time></trkpt>
<trkpt lat="37.57636321" lon="126.95097889"><ele>179.44</ele><time>2026-04-18T01:54:35Z</time></trkpt>
<trkpt lat="37.57636933" lon="126.95097679"><ele>179.58</ele><time>2026-04-18T01:54:36Z</time></trkpt>
<trkpt lat="37.57637656" lon="126.95097737"><ele>179.42</ele><time>2026-04-18T01:54:37Z</time></trkpt>
<trkpt lat="37.57638964" lon="126.95098541"><ele>179.91</ele><time>2026-04-18T01:54:39Z</time></trkpt>
<trkpt lat="37.57639983" lon="126.95099057"><ele>180.16</ele><time>2026-04-18T01:54:41Z</time></trkpt>
<trkpt lat="37.57640890" lon="126.95099115"><ele>180.21</ele><time>2026-04-18T01:54:42Z</time></trkpt>
<trkpt lat="37.57641552" lon="126.95099015"><ele>180.38</ele><time>2026-04-18T01:54:43Z</time></trkpt>
<trkpt lat="37.57642278" lon="126.95098956"><ele>180.40</ele><time>2026-04-18T01:54:44Z</time></trkpt>
<trkpt lat="37.57643576" lon="126.95098549"><ele>180.70</ele><time>2026-04-18T01:54:46Z</time></trkpt>
<trkpt lat="37.57644628" lon="126.95098091"><ele>180.96</ele><time>2026-04-18T01:54:48Z</time></trkpt>
<trkpt lat="37.57644473" lon="126.95097143"><ele>181.21</ele><time>2026-04-18T01:54:50Z</time></trkpt>
<trkpt lat="37.57644344" lon="126.95096336"><ele>180.52</ele><time>2026-04-18T01:54:51Z</time></trkpt>
<trkpt lat="37.57644139" lon="126.95095375"><ele>180.66</ele><time>2026-04-18T01:54:52Z</time></trkpt>
<trkpt lat="37.57643748" lon="126.95094448"><ele>180.70</ele><time>2026-04-18T01:54:54Z</time></trkpt>
<trkpt lat="37.57643473" lon="126.95093406"><ele>181.07</ele><time>2026-04-18T01:54:55Z</time></trkpt>
<trkpt lat="37.57643423" lon="126.95092350"><ele>181.05</ele><time>2026-04-18T01:54:56Z</time></trkpt>
<trkpt lat="37.57643543" lon="126.95091331"><ele>181.49</ele><time>2026-04-18T01:54:57Z</time></trkpt>
<trkpt lat="37.57643234" lon="126.95090022"><ele>182.05</ele><time>2026-04-18T01:54:59Z</time></trkpt>
<trkpt lat="37.57642596" lon="126.95088339"><ele>182.21</ele><time>2026-04-18T01:55:01Z</time></trkpt>
<trkpt lat="37.57642497" lon="126.95087323"><ele>182.28</ele><time>2026-04-18T01:55:02Z</time></trkpt>
<trkpt lat="37.57642544" lon="126.95086361"><ele>182.45</ele><time>2026-04-18T01:55:03Z</time></trkpt>
<trkpt lat="37.57642537" lon="126.95085172"><ele>182.26</ele><time>2026-04-18T01:55:04Z</time></trkpt>
<trkpt lat="37.57642402" lon="126.95083870"><ele>182.30</ele><time>2026-04-18T01:55:05Z</time></trkpt>
<trkpt lat="37.57642034" lon="126.95081515"><ele>182.19</ele><time>2026-04-18T01:55:07Z</time></trkpt>
<trkpt lat="37.57641561" lon="126.95080423"><ele>182.04</ele><time>2026-04-18T01:55:08Z</time></trkpt>
<trkpt lat="37.57641163" lon="126.95079209"><ele>182.05</ele><time>2026-04-18T01:55:09Z</time></trkpt>
<trkpt lat="37.57641062" lon="126.95078056"><ele>182.27</ele><time>2026-04-18T01:55:10Z</time></trkpt>
<trkpt lat="37.57641158" lon="126.95076949"><ele>182.44</ele><time>2026-04-18T01:55:11Z</time></trkpt>
<trkpt lat="37.57641341" lon="126.95075800"><ele>182.11</ele><time>2026-04-18T01:55:12Z</time></trkpt>
<trkpt lat="37.57640848" lon="126.95073873"><ele>181.52</ele><time>2026-04-18T01:55:14Z</time></trkpt>
<trkpt lat="37.57640574" lon="126.95073033"><ele>181.85</ele><time>2026-04-18T01:55:15Z</time></trkpt>
<trkpt lat="37.57640367" lon="126.95072144"><ele>182.44</ele><time>2026-04-18T01:55:16Z</time></trkpt>
<trkpt lat="37.57640724" lon="126.95071221"><ele>182.46</ele><time>2026-04-18T01:55:18Z</time></trkpt>
<trkpt lat="37.57640614" lon="126.95070065"><ele>182.41</ele><time>2026-04-18T01:55:19Z</time></trkpt>
<trkpt lat="37.57639829" lon="126.95068050"><ele>182.35</ele><time>2026-04-18T01:55:22Z</time></trkpt>
<trkpt lat="37.57639034" lon="126.95068002"><ele>182.52</ele><time>2026-04-18T01:55:23Z</time></trkpt>
<trkpt lat="37.57638143" lon="126.95067813"><ele>182.91</ele><time>2026-04-18T01:55:25Z</time></trkpt>
<trkpt lat="37.57637566" lon="126.95067207"><ele>182.45</ele><time>2026-04-18T01:55:27Z</time></trkpt>
<trkpt lat="37.57636623" lon="126.95067365"><ele>182.13</ele><time>2026-04-18T01:55:28Z</time></trkpt>
<trkpt lat="37.57635066" lon="126.95067365"><ele>182.72</ele><time>2026-04-18T01:55:30Z</time></trkpt>
<trkpt lat="37.57633457" lon="126.95066231"><ele>182.79</ele><time>2026-04-18T01:55:32Z</time></trkpt>
<trkpt lat="37.57632480" lon="126.95064966"><ele>182.50</ele><time>2026-04-18T01:55:33Z</time></trkpt>
<trkpt lat="37.57631484" lon="126.95064125"><ele>182.36</ele><time>2026-04-18T01:55:34Z</time></trkpt>
<trkpt lat="37.57630605" lon="126.95063568"><ele>182.24</ele><time>2026-04-18T01:55:36Z</time></trkpt>
<trkpt lat="37.57628961" lon="126.95062130"><ele>181.49</ele><time>2026-04-18T01:55:39Z</time></trkpt>
<trkpt lat="37.57628043" lon="126.95061285"><ele>182.73</ele><time>2026-04-18T01:55:41Z</time></trkpt>
<trkpt lat="37.57627734" lon="126.95060431"><ele>183.31</ele><time>2026-04-18T01:55:42Z</time></trkpt>
<trkpt lat="37.57626926" lon="126.95058931"><ele>182.59</ele><time>2026-04-18T01:55:45Z</time></trkpt>
<trkpt lat="37.57625739" lon="126.95057953"><ele>183.35</ele><time>2026-04-18T01:55:46Z</time></trkpt>
<trkpt lat="37.57624605" lon="126.95056022"><ele>183.34</ele><time>2026-04-18T01:55:49Z</time></trkpt>
<trkpt lat="37.57624154" lon="126.95055060"><ele>183.96</ele><time>2026-04-18T01:55:50Z</time></trkpt>
<trkpt lat="37.57623915" lon="126.95054104"><ele>183.82</ele><time>2026-04-18T01:55:51Z</time></trkpt>
<trkpt lat="37.57624159" lon="126.95053073"><ele>183.48</ele><time>2026-04-18T01:55:52Z</time></trkpt>
<trkpt lat="37.57624344" lon="126.95052145"><ele>183.29</ele><time>2026-04-18T01:55:53Z</time></trkpt>
<trkpt lat="37.57625195" lon="126.95051451"><ele>182.90</ele><time>2026-04-18T01:55:54Z</time></trkpt>
<trkpt lat="37.57626306" lon="126.95049903"><ele>183.78</ele><time>2026-04-18T01:55:56Z</time></trkpt>
<trkpt lat="37.57626875" lon="126.95049345"><ele>183.92</ele><time>2026-04-18T01:55:57Z</time></trkpt>
<trkpt lat="37.57627297" lon="126.95048119"><ele>183.44</ele><time>2026-04-18T01:55:58Z</time></trkpt>
<trkpt lat="37.57628002" lon="126.95047106"><ele>183.63</ele><time>2026-04-18T01:55:59Z</time></trkpt>
<trkpt lat="37.57628496" lon="126.95046310"><ele>183.39</ele><time>2026-04-18T01:56:00Z</time></trkpt>
<trkpt lat="37.57629451" lon="126.95044609"><ele>182.51</ele><time>2026-04-18T01:56:02Z</time></trkpt>
<trkpt lat="37.57629200" lon="126.95043305"><ele>183.05</ele><time>2026-04-18T01:56:03Z</time></trkpt>
<trkpt lat="37.57629157" lon="126.95042316"><ele>183.33</ele><time>2026-04-18T01:56:04Z</time></trkpt>
<trkpt lat="37.57629048" lon="126.95041417"><ele>183.52</ele><time>2026-04-18T01:56:05Z</time></trkpt>
<trkpt lat="37.57629239" lon="126.95040329"><ele>183.88</ele><time>2026-04-18T01:56:06Z</time></trkpt>
<trkpt lat="37.57628461" lon="126.95038356"><ele>185.07</ele><time>2026-04-18T01:56:08Z</time></trkpt>
<trkpt lat="37.57628432" lon="126.95037391"><ele>184.63</ele><time>2026-04-18T01:56:09Z</time></trkpt>
<trkpt lat="37.57627917" lon="126.95036191"><ele>185.70</ele><time>2026-04-18T01:56:10Z</time></trkpt>
<trkpt lat="37.57627249" lon="126.95034885"><ele>186.26</ele><time>2026-04-18T01:56:11Z</time></trkpt>
<trkpt lat="37.57626499" lon="126.95033729"><ele>186.65</ele><time>2026-04-18T01:56:12Z</time></trkpt>
<trkpt lat="37.57625118" lon="126.95031483"><ele>187.89</ele><time>2026-04-18T01:56:14Z</time></trkpt>
<trkpt lat="37.57624595" lon="126.95030146"><ele>187.28</ele><time>2026-04-18T01:56:15Z</time></trkpt>
<trkpt lat="37.57623814" lon="126.95028827"><ele>187.87</ele><time>2026-04-18T01:56:16Z</time></trkpt>
<trkpt lat="37.57622892" lon="126.95028050"><ele>188.48</ele><time>2026-04-18T01:56:17Z</time></trkpt>
<trkpt lat="37.57621615" lon="126.95027666"><ele>189.16</ele><time>2026-04-18T01:56:19Z</time></trkpt>
<trkpt lat="37.57619971" lon="126.95027025"><ele>190.17</ele><time>2026-04-18T01:56:21Z</time></trkpt>
<trkpt lat="37.57618887" lon="126.95026506"><ele>190.53</ele><time>2026-04-18T01:56:22Z</time></trkpt>
<trkpt lat="37.57618311" lon="126.95025935"><ele>190.99</ele><time>2026-04-18T01:56:23Z</time></trkpt>
<trkpt lat="37.57617899" lon="126.95025140"><ele>190.86</ele><time>2026-04-18T01:56:24Z</time></trkpt>
<trkpt lat="37.57617291" lon="126.95024194"><ele>191.16</ele><time>2026-04-18T01:56:25Z</time></trkpt>
<trkpt lat="37.57616673" lon="126.95023224"><ele>191.86</ele><time>2026-04-18T01:56:26Z</time></trkpt>
<trkpt lat="37.57615452" lon="126.95021912"><ele>192.22</ele><time>2026-04-18T01:56:28Z</time></trkpt>
<trkpt lat="37.57614565" lon="126.95020855"><ele>192.28</ele><time>2026-04-18T01:56:30Z</time></trkpt>
<trkpt lat="37.57614130" lon="126.95019933"><ele>192.92</ele><time>2026-04-18T01:56:31Z</time></trkpt>
<trkpt lat="37.57613475" lon="126.95019139"><ele>193.91</ele><time>2026-04-18T01:56:32Z</time></trkpt>
<trkpt lat="37.57612863" lon="126.95018340"><ele>194.30</ele><time>2026-04-18T01:56:33Z</time></trkpt>
<trkpt lat="37.57611626" lon="126.95016956"><ele>194.72</ele><time>2026-04-18T01:56:35Z</time></trkpt>
<trkpt lat="37.57610810" lon="126.95016828"><ele>195.47</ele><time>2026-04-18T01:56:36Z</time></trkpt>
<trkpt lat="37.57609967" lon="126.95017116"><ele>196.48</ele><time>2026-04-18T01:56:37Z</time></trkpt>
<trkpt lat="37.57608999" lon="126.95017180"><ele>197.27</ele><time>2026-04-18T01:56:38Z</time></trkpt>
<trkpt lat="37.57608252" lon="126.95017179"><ele>197.96</ele><time>2026-04-18T01:56:39Z</time></trkpt>
<trkpt lat="37.57606219" lon="126.95017414"><ele>198.69</ele><time>2026-04-18T01:56:41Z</time></trkpt>
<trkpt lat="37.57605412" lon="126.95016862"><ele>198.36</ele><time>2026-04-18T01:56:42Z</time></trkpt>
<trkpt lat="37.57604263" lon="126.95015274"><ele>198.40</ele><time>2026-04-18T01:56:44Z</time></trkpt>
<trkpt lat="37.57603704" lon="126.95014523"><ele>198.83</ele><time>2026-04-18T01:56:45Z</time></trkpt>
<trkpt lat="37.57603127" lon="126.95014121"><ele>199.48</ele><time>2026-04-18T01:56:46Z</time></trkpt>
<trkpt lat="37.57601472" lon="126.95012664"><ele>200.48</ele><time>2026-04-18T01:56:48Z</time></trkpt>
<trkpt lat="37.57600509" lon="126.95012220"><ele>200.94</ele><time>2026-04-18T01:56:49Z</time></trkpt>
<trkpt lat="37.57599682" lon="126.95011740"><ele>200.91</ele><time>2026-04-18T01:56:50Z</time></trkpt>
<trkpt lat="37.57598934" lon="126.95010953"><ele>201.32</ele><time>2026-04-18T01:56:51Z</time></trkpt>
<trkpt lat="37.57598198" lon="126.95010201"><ele>201.76</ele><time>2026-04-18T01:56:52Z</time></trkpt>
<trkpt lat="37.57596587" lon="126.95008541"><ele>202.25</ele><time>2026-04-18T01:56:54Z</time></trkpt>
<trkpt lat="37.57595858" lon="126.95007648"><ele>202.43</ele><time>2026-04-18T01:56:55Z</time></trkpt>
<trkpt lat="37.57595308" lon="126.95006685"><ele>202.60</ele><time>2026-04-18T01:56:56Z</time></trkpt>
<trkpt lat="37.57594795" lon="126.95005617"><ele>203.05</ele><time>2026-04-18T01:56:57Z</time></trkpt>
<trkpt lat="37.57594324" lon="126.95004561"><ele>203.53</ele><time>2026-04-18T01:56:58Z</time></trkpt>
<trkpt lat="37.57593939" lon="126.95003709"><ele>203.69</ele><time>2026-04-18T01:56:59Z</time></trkpt>
<trkpt lat="37.57592989" lon="126.95001970"><ele>204.24</ele><time>2026-04-18T01:57:01Z</time></trkpt>
<trkpt lat="37.57592711" lon="126.95001198"><ele>204.79</ele><time>2026-04-18T01:57:02Z</time></trkpt>
<trkpt lat="37.57592087" lon="126.95000823"><ele>204.77</ele><time>2026-04-18T01:57:03Z</time></trkpt>
<trkpt lat="37.57591432" lon="126.95000736"><ele>204.70</ele><time>2026-04-18T01:57:04Z</time></trkpt>
<trkpt lat="37.57590670" lon="126.95000673"><ele>204.36</ele><time>2026-04-18T01:57:05Z</time></trkpt>
<trkpt lat="37.57588678" lon="126.95000817"><ele>204.72</ele><time>2026-04-18T01:57:07Z</time></trkpt>
<trkpt lat="37.57587715" lon="126.95000758"><ele>205.31</ele><time>2026-04-18T01:57:08Z</time></trkpt>
<trkpt lat="37.57586672" lon="126.95000787"><ele>204.61</ele><time>2026-04-18T01:57:09Z</time></trkpt>
<trkpt lat="37.57585642" lon="126.95001066"><ele>204.35</ele><time>2026-04-18T01:57:10Z</time></trkpt>
<trkpt lat="37.57584665" lon="126.95001544"><ele>204.90</ele><time>2026-04-18T01:57:11Z</time></trkpt>
<trkpt lat="37.57583736" lon="126.95001751"><ele>205.16</ele><time>2026-04-18T01:57:12Z</time></trkpt>
<trkpt lat="37.57582893" lon="126.95001692"><ele>205.25</ele><time>2026-04-18T01:57:13Z</time></trkpt>
<trkpt lat="37.57582027" lon="126.95001604"><ele>205.37</ele><time>2026-04-18T01:57:14Z</time></trkpt>
<trkpt lat="37.57581168" lon="126.95001420"><ele>205.64</ele><time>2026-04-18T01:57:15Z</time></trkpt>
<trkpt lat="37.57580404" lon="126.95001204"><ele>205.50</ele><time>2026-04-18T01:57:16Z</time></trkpt>
<trkpt lat="37.57578540" lon="126.95000412"><ele>206.14</ele><time>2026-04-18T01:57:18Z</time></trkpt>
<trkpt lat="37.57577933" lon="126.94999700"><ele>206.27</ele><time>2026-04-18T01:57:19Z</time></trkpt>
<trkpt lat="37.57577279" lon="126.94999082"><ele>205.61</ele><time>2026-04-18T01:57:20Z</time></trkpt>
<trkpt lat="37.57576532" lon="126.94998359"><ele>205.56</ele><time>2026-04-18T01:57:21Z</time></trkpt>
<trkpt lat="37.57575744" lon="126.94997723"><ele>205.38</ele><time>2026-04-18T01:57:22Z</time></trkpt>
<trkpt lat="37.57574035" lon="126.94996720"><ele>205.25</ele><time>2026-04-18T01:57:24Z</time></trkpt>
<trkpt lat="37.57573032" lon="126.94996722"><ele>205.41</ele><time>2026-04-18T01:57:25Z</time></trkpt>
<trkpt lat="37.57571976" lon="126.94996675"><ele>205.34</ele><time>2026-04-18T01:57:26Z</time></trkpt>
<trkpt lat="37.57570987" lon="126.94996562"><ele>205.49</ele><time>2026-04-18T01:57:27Z</time></trkpt>
<trkpt lat="37.57570059" lon="126.94996248"><ele>205.56</ele><time>2026-04-18T01:57:28Z</time></trkpt>
<trkpt lat="37.57567986" lon="126.94996055"><ele>205.77</ele><time>2026-04-18T01:57:30Z</time></trkpt>
<trkpt lat="37.57566890" lon="126.94996141"><ele>206.21</ele><time>2026-04-18T01:57:31Z</time></trkpt>
<trkpt lat="37.57565889" lon="126.94996410"><ele>206.57</ele><time>2026-04-18T01:57:32Z</time></trkpt>
<trkpt lat="37.57565001" lon="126.94996660"><ele>207.34</ele><time>2026-04-18T01:57:33Z</time></trkpt>
<trkpt lat="37.57564144" lon="126.94996523"><ele>207.57</ele><time>2026-04-18T01:57:34Z</time></trkpt>
<trkpt lat="37.57563260" lon="126.94996032"><ele>207.65</ele><time>2026-04-18T01:57:35Z</time></trkpt>
<trkpt lat="37.57561676" lon="126.94994828"><ele>207.52</ele><time>2026-04-18T01:57:37Z</time></trkpt>
<trkpt lat="37.57560876" lon="126.94994213"><ele>207.48</ele><time>2026-04-18T01:57:38Z</time></trkpt>
<trkpt lat="37.57559890" lon="126.94993369"><ele>207.73</ele><time>2026-04-18T01:57:39Z</time></trkpt>
<trkpt lat="37.57558885" lon="126.94992271"><ele>207.75</ele><time>2026-04-18T01:57:40Z</time></trkpt>
<trkpt lat="37.57558102" lon="126.94991259"><ele>207.68</ele><time>2026-04-18T01:57:41Z</time></trkpt>
<trkpt lat="37.57556566" lon="126.94989221"><ele>207.72</ele><time>2026-04-18T01:57:43Z</time></trkpt>
<trkpt lat="37.57555886" lon="126.94988117"><ele>207.59</ele><time>2026-04-18T01:57:44Z</time></trkpt>
<trkpt lat="37.57555096" lon="126.94986799"><ele>207.65</ele><time>2026-04-18T01:57:45Z</time></trkpt>
<trkpt lat="37.57554348" lon="126.94985447"><ele>207.84</ele><time>2026-04-18T01:57:46Z</time></trkpt>
<trkpt lat="37.57553363" lon="126.94984301"><ele>207.78</ele><time>2026-04-18T01:57:47Z</time></trkpt>
<trkpt lat="37.57551962" lon="126.94981881"><ele>207.91</ele><time>2026-04-18T01:57:49Z</time></trkpt>
<trkpt lat="37.57551440" lon="126.94980475"><ele>207.70</ele><time>2026-04-18T01:57:50Z</time></trkpt>
<trkpt lat="37.57550815" lon="126.94979237"><ele>207.97</ele><time>2026-04-18T01:57:51Z</time></trkpt>
<trkpt lat="37.57550380" lon="126.94977737"><ele>207.74</ele><time>2026-04-18T01:57:52Z</time></trkpt>
<trkpt lat="37.57550030" lon="126.94976191"><ele>207.58</ele><time>2026-04-18T01:57:53Z</time></trkpt>
<trkpt lat="37.57549601" lon="126.94973009"><ele>207.56</ele><time>2026-04-18T01:57:55Z</time></trkpt>
<trkpt lat="37.57549387" lon="126.94971600"><ele>207.62</ele><time>2026-04-18T01:57:56Z</time></trkpt>
<trkpt lat="37.57549017" lon="126.94970529"><ele>207.38</ele><time>2026-04-18T01:57:57Z</time></trkpt>
<trkpt lat="37.57548398" lon="126.94969533"><ele>207.20</ele><time>2026-04-18T01:57:58Z</time></trkpt>
<trkpt lat="37.57547547" lon="126.94968506"><ele>207.15</ele><time>2026-04-18T01:57:59Z</time></trkpt>
<trkpt lat="37.57545671" lon="126.94967061"><ele>206.53</ele><time>2026-04-18T01:58:01Z</time></trkpt>
<trkpt lat="37.57544718" lon="126.94966612"><ele>206.49</ele><time>2026-04-18T01:58:02Z</time></trkpt>
<trkpt lat="37.57543773" lon="126.94966326"><ele>206.29</ele><time>2026-04-18T01:58:03Z</time></trkpt>
<trkpt lat="37.57542809" lon="126.94966279"><ele>206.31</ele><time>2026-04-18T01:58:04Z</time></trkpt>
<trkpt lat="37.57541853" lon="126.94965862"><ele>206.26</ele><time>2026-04-18T01:58:05Z</time></trkpt>
<trkpt lat="37.57541141" lon="126.94964947"><ele>206.37</ele><time>2026-04-18T01:58:06Z</time></trkpt>
<trkpt lat="37.57539745" lon="126.94962933"><ele>207.09</ele><time>2026-04-18T01:58:08Z</time></trkpt>
<trkpt lat="37.57538765" lon="126.94962370"><ele>207.02</ele><time>2026-04-18T01:58:09Z</time></trkpt>
<trkpt lat="37.57538113" lon="126.94961026"><ele>206.98</ele><time>2026-04-18T01:58:10Z</time></trkpt>
<trkpt lat="37.57537696" lon="126.94959573"><ele>207.28</ele><time>2026-04-18T01:58:11Z</time></trkpt>
<trkpt lat="37.57537574" lon="126.94958487"><ele>207.52</ele><time>2026-04-18T01:58:12Z</time></trkpt>
<trkpt lat="37.57537835" lon="126.94956019"><ele>207.61</ele><time>2026-04-18T01:58:15Z</time></trkpt>
<trkpt lat="37.57537626" lon="126.94955251"><ele>207.59</ele><time>2026-04-18T01:58:16Z</time></trkpt>
<trkpt lat="37.57537065" lon="126.94954639"><ele>207.92</ele><time>2026-04-18T01:58:17Z</time></trkpt>
<trkpt lat="37.57536435" lon="126.94954089"><ele>208.51</ele><time>2026-04-18T01:58:18Z</time></trkpt>
<trkpt lat="37.57535907" lon="126.94953497"><ele>208.94</ele><time>2026-04-18T01:58:19Z</time></trkpt>
<trkpt lat="37.57534847" lon="126.94952469"><ele>208.52</ele><time>2026-04-18T01:58:21Z</time></trkpt>
<trkpt lat="37.57534123" lon="126.94951882"><ele>208.61</ele><time>2026-04-18T01:58:22Z</time></trkpt>
<trkpt lat="37.57533453" lon="126.94951536"><ele>208.39</ele><time>2026-04-18T01:58:23Z</time></trkpt>
<trkpt lat="37.57533453" lon="126.94951536"><ele>208.39</ele><time>2026-04-18T01:58:23Z</time></trkpt>
<trkpt lat="37.57532737" lon="126.94951226"><ele>208.18</ele><time>2026-04-18T01:58:24Z</time></trkpt>
<trkpt lat="37.57531385" lon="126.94950332"><ele>207.57</ele><time>2026-04-18T01:58:26Z</time></trkpt>
<trkpt lat="37.57530708" lon="126.94949601"><ele>207.28</ele><time>2026-04-18T01:58:27Z</time></trkpt>
<trkpt lat="37.57529777" lon="126.94948853"><ele>207.09</ele><time>2026-04-18T01:58:28Z</time></trkpt>
<trkpt lat="37.57528707" lon="126.94948145"><ele>207.10</ele><time>2026-04-18T01:58:29Z</time></trkpt>
<trkpt lat="37.57527817" lon="126.94947089"><ele>207.09</ele><time>2026-04-18T01:58:30Z</time></trkpt>
<trkpt lat="37.57526804" lon="126.94944364"><ele>207.11</ele><time>2026-04-18T01:58:32Z</time></trkpt>
<trkpt lat="37.57526169" lon="126.94943176"><ele>207.07</ele><time>2026-04-18T01:58:33Z</time></trkpt>
<trkpt lat="37.57525813" lon="126.94941993"><ele>207.13</ele><time>2026-04-18T01:58:34Z</time></trkpt>
<trkpt lat="37.57525604" lon="126.94941093"><ele>206.89</ele><time>2026-04-18T01:58:35Z</time></trkpt>
<trkpt lat="37.57525000" lon="126.94940237"><ele>206.93</ele><time>2026-04-18T01:58:36Z</time></trkpt>
<trkpt lat="37.57524349" lon="126.94939574"><ele>207.13</ele><time>2026-04-18T01:58:37Z</time></trkpt>
<trkpt lat="37.57522506" lon="126.94938085"><ele>206.99</ele><time>2026-04-18T01:58:40Z</time></trkpt>
<trkpt lat="37.57521598" lon="126.94937292"><ele>206.99</ele><time>2026-04-18T01:58:41Z</time></trkpt>
<trkpt lat="37.57520579" lon="126.94936866"><ele>207.20</ele><time>2026-04-18T01:58:42Z</time></trkpt>
<trkpt lat="37.57519634" lon="126.94936467"><ele>207.23</ele><time>2026-04-18T01:58:43Z</time></trkpt>
<trkpt lat="37.57518862" lon="126.94935861"><ele>206.93</ele><time>2026-04-18T01:58:44Z</time></trkpt>
<trkpt lat="37.57517587" lon="126.94934448"><ele>207.21</ele><time>2026-04-18T01:58:46Z</time></trkpt>
<trkpt lat="37.57517001" lon="126.94934015"><ele>207.22</ele><time>2026-04-18T01:58:47Z</time></trkpt>
<trkpt lat="37.57516339" lon="126.94933710"><ele>207.44</ele><time>2026-04-18T01:58:48Z</time></trkpt>
<trkpt lat="37.57514866" lon="126.94934344"><ele>207.40</ele><time>2026-04-18T01:58:50Z</time></trkpt>
<trkpt lat="37.57513624" lon="126.94933914"><ele>207.24</ele><time>2026-04-18T01:58:51Z</time></trkpt>
<trkpt lat="37.57511351" lon="126.94933042"><ele>207.19</ele><time>2026-04-18T01:58:53Z</time></trkpt>
<trkpt lat="37.57510315" lon="126.94932430"><ele>207.19</ele><time>2026-04-18T01:58:54Z</time></trkpt>
<trkpt lat="37.57509196" lon="126.94932128"><ele>207.38</ele><time>2026-04-18T01:58:55Z</time></trkpt>
<trkpt lat="37.57508004" lon="126.94932051"><ele>207.43</ele><time>2026-04-18T01:58:56Z</time></trkpt>
<trkpt lat="37.57506840" lon="126.94932377"><ele>207.74</ele><time>2026-04-18T01:58:57Z</time></trkpt>
<trkpt lat="37.57504585" lon="126.94932728"><ele>207.53</ele><time>2026-04-18T01:58:59Z</time></trkpt>
<trkpt lat="37.57503618" lon="126.94932663"><ele>207.61</ele><time>2026-04-18T01:59:00Z</time></trkpt>
<trkpt lat="37.57502615" lon="126.94932859"><ele>207.81</ele><time>2026-04-18T01:59:01Z</time></trkpt>
<trkpt lat="37.57501681" lon="126.94933508"><ele>208.19</ele><time>2026-04-18T01:59:02Z</time></trkpt>
<trkpt lat="37.57500801" lon="126.94933925"><ele>208.16</ele><time>2026-04-18T01:59:03Z</time></trkpt>
<trkpt lat="37.57499266" lon="126.94932675"><ele>208.24</ele><time>2026-04-18T01:59:05Z</time></trkpt>
<trkpt lat="37.57498514" lon="126.94932023"><ele>208.76</ele><time>2026-04-18T01:59:06Z</time></trkpt>
<trkpt lat="37.57497757" lon="126.94931497"><ele>209.04</ele><time>2026-04-18T01:59:07Z</time></trkpt>
<trkpt lat="37.57497066" lon="126.94930857"><ele>209.11</ele><time>2026-04-18T01:59:08Z</time></trkpt>
<trkpt lat="37.57496378" lon="126.94930133"><ele>208.62</ele><time>2026-04-18T01:59:09Z</time></trkpt>
<trkpt lat="37.57495636" lon="126.94929464"><ele>208.41</ele><time>2026-04-18T01:59:10Z</time></trkpt>
<trkpt lat="37.57494753" lon="126.94929144"><ele>209.04</ele><time>2026-04-18T01:59:11Z</time></trkpt>
<trkpt lat="37.57493985" lon="126.94928944"><ele>209.39</ele><time>2026-04-18T01:59:12Z</time></trkpt>
<trkpt lat="37.57492989" lon="126.94928211"><ele>209.61</ele><time>2026-04-18T01:59:14Z</time></trkpt>
<trkpt lat="37.57492382" lon="126.94927360"><ele>209.83</ele><time>2026-04-18T01:59:16Z</time></trkpt>
<trkpt lat="37.57491851" lon="126.94926688"><ele>210.11</ele><time>2026-04-18T01:59:18Z</time></trkpt>
<trkpt lat="37.57490318" lon="126.94924612"><ele>210.23</ele><time>2026-04-18T01:59:21Z</time></trkpt>
<trkpt lat="37.57489585" lon="126.94924082"><ele>210.33</ele><time>2026-04-18T01:59:22Z</time></trkpt>
<trkpt lat="37.57488824" lon="126.94923248"><ele>210.68</ele><time>2026-04-18T01:59:24Z</time></trkpt>
<trkpt lat="37.57488302" lon="126.94922627"><ele>210.89</ele><time>2026-04-18T01:59:25Z</time></trkpt>
<trkpt lat="37.57487676" lon="126.94921907"><ele>211.33</ele><time>2026-04-18T01:59:26Z</time></trkpt>
<trkpt lat="37.57486462" lon="126.94920191"><ele>212.03</ele><time>2026-04-18T01:59:29Z</time></trkpt>
<trkpt lat="37.57485968" lon="126.94918901"><ele>212.14</ele><time>2026-04-18T01:59:30Z</time></trkpt>
<trkpt lat="37.57485678" lon="126.94917583"><ele>212.37</ele><time>2026-04-18T01:59:31Z</time></trkpt>
<trkpt lat="37.57485581" lon="126.94916507"><ele>212.26</ele><time>2026-04-18T01:59:32Z</time></trkpt>
<trkpt lat="37.57485531" lon="126.94915684"><ele>212.37</ele><time>2026-04-18T01:59:33Z</time></trkpt>
<trkpt lat="37.57485472" lon="126.94913575"><ele>213.26</ele><time>2026-04-18T01:59:37Z</time></trkpt>
<trkpt lat="37.57485102" lon="126.94912832"><ele>213.42</ele><time>2026-04-18T01:59:39Z</time></trkpt>
<trkpt lat="37.57484789" lon="126.94911937"><ele>213.98</ele><time>2026-04-18T01:59:41Z</time></trkpt>
<trkpt lat="37.57484364" lon="126.94910985"><ele>214.32</ele><time>2026-04-18T01:59:43Z</time></trkpt>
<trkpt lat="37.57483725" lon="126.94910048"><ele>214.38</ele><time>2026-04-18T01:59:46Z</time></trkpt>
<trkpt lat="37.57485276" lon="126.94907628"><ele>214.31</ele><time>2026-04-18T01:59:48Z</time></trkpt>
<trkpt lat="37.57486161" lon="126.94909639"><ele>212.66</ele><time>2026-04-18T01:59:49Z</time></trkpt>
<trkpt lat="37.57485352" lon="126.94907770"><ele>214.67</ele><time>2026-04-18T01:59:50Z</time></trkpt>
<trkpt lat="37.57484645" lon="126.94906564"><ele>214.33</ele><time>2026-04-18T01:59:51Z</time></trkpt>
<trkpt lat="37.57484118" lon="126.94905233"><ele>214.58</ele><time>2026-04-18T01:59:52Z</time></trkpt>
<trkpt lat="37.57484038" lon="126.94903435"><ele>215.56</ele><time>2026-04-18T01:59:56Z</time></trkpt>
<trkpt lat="37.57483204" lon="126.94903292"><ele>215.85</ele><time>2026-04-18T01:59:57Z</time></trkpt>
<trkpt lat="37.57482473" lon="126.94903244"><ele>215.85</ele><time>2026-04-18T01:59:58Z</time></trkpt>
<trkpt lat="37.57483422" lon="126.94903042"><ele>216.28</ele><time>2026-04-18T02:00:02Z</time></trkpt>
<trkpt lat="37.57484213" lon="126.94902735"><ele>216.59</ele><time>2026-04-18T02:00:03Z</time></trkpt>
<trkpt lat="37.57484213" lon="126.94902735"><ele>216.59</ele><time>2026-04-18T02:00:03Z</time></trkpt>
<trkpt lat="37.57486065" lon="126.94902398"><ele>216.39</ele><time>2026-04-18T02:00:05Z</time></trkpt>
<trkpt lat="37.57486842" lon="126.94902284"><ele>216.08</ele><time>2026-04-18T02:00:06Z</time></trkpt>
<trkpt lat="37.57487858" lon="126.94902255"><ele>216.11</ele><time>2026-04-18T02:00:07Z</time></trkpt>
<trkpt lat="37.57488894" lon="126.94902425"><ele>216.16</ele><time>2026-04-18T02:00:08Z</time></trkpt>
<trkpt lat="37.57489833" lon="126.94902394"><ele>216.23</ele><time>2026-04-18T02:00:09Z</time></trkpt>
<trkpt lat="37.57491673" lon="126.94901993"><ele>216.54</ele><time>2026-04-18T02:00:11Z</time></trkpt>
<trkpt lat="37.57492580" lon="126.94901971"><ele>216.74</ele><time>2026-04-18T02:00:12Z</time></trkpt>
<trkpt lat="37.57493502" lon="126.94901841"><ele>216.82</ele><time>2026-04-18T02:00:13Z</time></trkpt>
<trkpt lat="37.57494310" lon="126.94901201"><ele>217.15</ele><time>2026-04-18T02:00:14Z</time></trkpt>
<trkpt lat="37.57495161" lon="126.94900585"><ele>217.40</ele><time>2026-04-18T02:00:15Z</time></trkpt>
<trkpt lat="37.57496825" lon="126.94899694"><ele>217.69</ele><time>2026-04-18T02:00:17Z</time></trkpt>
<trkpt lat="37.57497765" lon="126.94899571"><ele>217.76</ele><time>2026-04-18T02:00:18Z</time></trkpt>
<trkpt lat="37.57498603" lon="126.94899169"><ele>218.07</ele><time>2026-04-18T02:00:19Z</time></trkpt>
<trkpt lat="37.57499487" lon="126.94899204"><ele>218.20</ele><time>2026-04-18T02:00:20Z</time></trkpt>
<trkpt lat="37.57500309" lon="126.94899650"><ele>218.76</ele><time>2026-04-18T02:00:21Z</time></trkpt>
<trkpt lat="37.57501506" lon="126.94901690"><ele>218.16</ele><time>2026-04-18T02:00:23Z</time></trkpt>
<trkpt lat="37.57502500" lon="126.94901644"><ele>218.35</ele><time>2026-04-18T02:00:24Z</time></trkpt>
<trkpt lat="37.57503383" lon="126.94901589"><ele>218.65</ele><time>2026-04-18T02:00:25Z</time></trkpt>
<trkpt lat="37.57504033" lon="126.94902193"><ele>218.76</ele><time>2026-04-18T02:00:26Z</time></trkpt>
<trkpt lat="37.57504548" lon="126.94902730"><ele>219.08</ele><time>2026-04-18T02:00:27Z</time></trkpt>
<trkpt lat="37.57506203" lon="126.94903609"><ele>219.03</ele><time>2026-04-18T02:00:29Z</time></trkpt>
<trkpt lat="37.57507166" lon="126.94903582"><ele>218.98</ele><time>2026-04-18T02:00:30Z</time></trkpt>
<trkpt lat="37.57507997" lon="126.94903290"><ele>219.14</ele><time>2026-04-18T02:00:31Z</time></trkpt>
<trkpt lat="37.57508707" lon="126.94902712"><ele>219.14</ele><time>2026-04-18T02:00:32Z</time></trkpt>
<trkpt lat="37.57508956" lon="126.94901740"><ele>219.30</ele><time>2026-04-18T02:00:33Z</time></trkpt>
<trkpt lat="37.57508909" lon="126.94900551"><ele>219.74</ele><time>2026-04-18T02:00:34Z</time></trkpt>
<trkpt lat="37.57509689" lon="126.94898305"><ele>219.57</ele><time>2026-04-18T02:00:36Z</time></trkpt>
<trkpt lat="37.57510022" lon="126.94897244"><ele>219.86</ele><time>2026-04-18T02:00:37Z</time></trkpt>
<trkpt lat="37.57510594" lon="126.94896057"><ele>219.68</ele><time>2026-04-18T02:00:38Z</time></trkpt>
<trkpt lat="37.57511213" lon="126.94894862"><ele>220.13</ele><time>2026-04-18T02:00:39Z</time></trkpt>
<trkpt lat="37.57511708" lon="126.94893660"><ele>220.36</ele><time>2026-04-18T02:00:40Z</time></trkpt>
<trkpt lat="37.57512558" lon="126.94891089"><ele>220.39</ele><time>2026-04-18T02:00:42Z</time></trkpt>
<trkpt lat="37.57513183" lon="126.94889935"><ele>220.53</ele><time>2026-04-18T02:00:43Z</time></trkpt>
<trkpt lat="37.57514064" lon="126.94889390"><ele>220.56</ele><time>2026-04-18T02:00:44Z</time></trkpt>
<trkpt lat="37.57514867" lon="126.94889043"><ele>220.54</ele><time>2026-04-18T02:00:45Z</time></trkpt>
<trkpt lat="37.57515744" lon="126.94888696"><ele>220.55</ele><time>2026-04-18T02:00:46Z</time></trkpt>
<trkpt lat="37.57517332" lon="126.94887719"><ele>220.48</ele><time>2026-04-18T02:00:48Z</time></trkpt>
<trkpt lat="37.57518419" lon="126.94887779"><ele>221.02</ele><time>2026-04-18T02:00:49Z</time></trkpt>
<trkpt lat="37.57519168" lon="126.94887389"><ele>220.95</ele><time>2026-04-18T02:00:50Z</time></trkpt>
<trkpt lat="37.57520397" lon="126.94887977"><ele>221.29</ele><time>2026-04-18T02:00:51Z</time></trkpt>
<trkpt lat="37.57521357" lon="126.94888531"><ele>221.68</ele><time>2026-04-18T02:00:52Z</time></trkpt>
<trkpt lat="37.57523112" lon="126.94889725"><ele>222.20</ele><time>2026-04-18T02:00:54Z</time></trkpt>
<trkpt lat="37.57524033" lon="126.94890192"><ele>222.58</ele><time>2026-04-18T02:00:55Z</time></trkpt>
<trkpt lat="37.57525155" lon="126.94890569"><ele>222.83</ele><time>2026-04-18T02:00:56Z</time></trkpt>
<trkpt lat="37.57525983" lon="126.94890961"><ele>223.15</ele><time>2026-04-18T02:00:57Z</time></trkpt>
<trkpt lat="37.57526947" lon="126.94891990"><ele>223.35</ele><time>2026-04-18T02:00:59Z</time></trkpt>
<trkpt lat="37.57528744" lon="126.94892762"><ele>224.35</ele><time>2026-04-18T02:01:01Z</time></trkpt>
<trkpt lat="37.57529905" lon="126.94892700"><ele>225.18</ele><time>2026-04-18T02:01:03Z</time></trkpt>
<trkpt lat="37.57531016" lon="126.94892703"><ele>225.40</ele><time>2026-04-18T02:01:04Z</time></trkpt>
<trkpt lat="37.57531857" lon="126.94892802"><ele>224.74</ele><time>2026-04-18T02:01:05Z</time></trkpt>
<trkpt lat="37.57532581" lon="126.94892884"><ele>224.78</ele><time>2026-04-18T02:01:06Z</time></trkpt>
<trkpt lat="37.57533381" lon="126.94893021"><ele>224.99</ele><time>2026-04-18T02:01:07Z</time></trkpt>
<trkpt lat="37.57535365" lon="126.94893244"><ele>225.36</ele><time>2026-04-18T02:01:09Z</time></trkpt>
<trkpt lat="37.57536305" lon="126.94893172"><ele>225.65</ele><time>2026-04-18T02:01:10Z</time></trkpt>
<trkpt lat="37.57537096" lon="126.94893474"><ele>225.58</ele><time>2026-04-18T02:01:11Z</time></trkpt>
<trkpt lat="37.57537706" lon="126.94893821"><ele>226.12</ele><time>2026-04-18T02:01:12Z</time></trkpt>
<trkpt lat="37.57538433" lon="126.94894955"><ele>226.60</ele><time>2026-04-18T02:01:13Z</time></trkpt>
<trkpt lat="37.57540681" lon="126.94895602"><ele>226.70</ele><time>2026-04-18T02:01:15Z</time></trkpt>
<trkpt lat="37.57541686" lon="126.94895911"><ele>226.55</ele><time>2026-04-18T02:01:16Z</time></trkpt>
<trkpt lat="37.57542554" lon="126.94896346"><ele>226.39</ele><time>2026-04-18T02:01:17Z</time></trkpt>
<trkpt lat="37.57543291" lon="126.94896544"><ele>226.75</ele><time>2026-04-18T02:01:18Z</time></trkpt>
<trkpt lat="37.57544304" lon="126.94897239"><ele>227.68</ele><time>2026-04-18T02:01:19Z</time></trkpt>
<trkpt lat="37.57545784" lon="126.94897809"><ele>228.28</ele><time>2026-04-18T02:01:21Z</time></trkpt>
<trkpt lat="37.57546594" lon="126.94898066"><ele>228.47</ele><time>2026-04-18T02:01:22Z</time></trkpt>
<trkpt lat="37.57547502" lon="126.94898482"><ele>228.78</ele><time>2026-04-18T02:01:23Z</time></trkpt>
<trkpt lat="37.57548468" lon="126.94898884"><ele>228.88</ele><time>2026-04-18T02:01:24Z</time></trkpt>
<trkpt lat="37.57549375" lon="126.94899205"><ele>229.01</ele><time>2026-04-18T02:01:25Z</time></trkpt>
<trkpt lat="37.57550925" lon="126.94899857"><ele>229.69</ele><time>2026-04-18T02:01:27Z</time></trkpt>
<trkpt lat="37.57551508" lon="126.94900254"><ele>230.01</ele><time>2026-04-18T02:01:28Z</time></trkpt>
<trkpt lat="37.57552148" lon="126.94900370"><ele>230.63</ele><time>2026-04-18T02:01:29Z</time></trkpt>
<trkpt lat="37.57553322" lon="126.94900025"><ele>231.26</ele><time>2026-04-18T02:01:31Z</time></trkpt>
<trkpt lat="37.57554280" lon="126.94899690"><ele>231.79</ele><time>2026-04-18T02:01:33Z</time></trkpt>
<trkpt lat="37.57556441" lon="126.94898330"><ele>232.36</ele><time>2026-04-18T02:01:36Z</time></trkpt>
<trkpt lat="37.57557137" lon="126.94897519"><ele>231.96</ele><time>2026-04-18T02:01:37Z</time></trkpt>
<trkpt lat="37.57557877" lon="126.94896776"><ele>232.50</ele><time>2026-04-18T02:01:38Z</time></trkpt>
<trkpt lat="37.57558525" lon="126.94895958"><ele>232.57</ele><time>2026-04-18T02:01:39Z</time></trkpt>
<trkpt lat="37.57559239" lon="126.94895151"><ele>231.97</ele><time>2026-04-18T02:01:40Z</time></trkpt>
<trkpt lat="37.57559879" lon="126.94894375"><ele>231.82</ele><time>2026-04-18T02:01:41Z</time></trkpt>
<trkpt lat="37.57560427" lon="126.94893484"><ele>232.26</ele><time>2026-04-18T02:01:42Z</time></trkpt>
<trkpt lat="37.57560715" lon="126.94892673"><ele>232.30</ele><time>2026-04-18T02:01:43Z</time></trkpt>
<trkpt lat="37.57561115" lon="126.94891952"><ele>232.69</ele><time>2026-04-18T02:01:44Z</time></trkpt>
<trkpt lat="37.57561572" lon="126.94891363"><ele>232.64</ele><time>2026-04-18T02:01:45Z</time></trkpt>
<trkpt lat="37.57561968" lon="126.94890662"><ele>232.91</ele><time>2026-04-18T02:01:46Z</time></trkpt>
<trkpt lat="37.57563276" lon="126.94888913"><ele>232.21</ele><time>2026-04-18T02:01:48Z</time></trkpt>
<trkpt lat="37.57563532" lon="126.94888157"><ele>232.27</ele><time>2026-04-18T02:01:49Z</time></trkpt>
<trkpt lat="37.57563874" lon="126.94886892"><ele>232.41</ele><time>2026-04-18T02:01:51Z</time></trkpt>
<trkpt lat="37.57564129" lon="126.94886098"><ele>232.51</ele><time>2026-04-18T02:01:52Z</time></trkpt>
<trkpt lat="37.57564140" lon="126.94885240"><ele>232.69</ele><time>2026-04-18T02:01:53Z</time></trkpt>
<trkpt lat="37.57563585" lon="126.94883203"><ele>233.45</ele><time>2026-04-18T02:01:55Z</time></trkpt>
<trkpt lat="37.57563569" lon="126.94882379"><ele>233.32</ele><time>2026-04-18T02:01:56Z</time></trkpt>
<trkpt lat="37.57563549" lon="126.94881337"><ele>233.64</ele><time>2026-04-18T02:01:57Z</time></trkpt>
<trkpt lat="37.57563341" lon="126.94880276"><ele>233.36</ele><time>2026-04-18T02:01:58Z</time></trkpt>
<trkpt lat="37.57563220" lon="126.94879099"><ele>233.78</ele><time>2026-04-18T02:01:59Z</time></trkpt>
<trkpt lat="37.57563554" lon="126.94876916"><ele>234.62</ele><time>2026-04-18T02:02:01Z</time></trkpt>
<trkpt lat="37.57563845" lon="126.94875803"><ele>234.71</ele><time>2026-04-18T02:02:02Z</time></trkpt>
<trkpt lat="37.57564366" lon="126.94874727"><ele>235.41</ele><time>2026-04-18T02:02:03Z</time></trkpt>
<trkpt lat="37.57564916" lon="126.94873800"><ele>235.80</ele><time>2026-04-18T02:02:04Z</time></trkpt>
<trkpt lat="37.57565581" lon="126.94872926"><ele>235.71</ele><time>2026-04-18T02:02:05Z</time></trkpt>
<trkpt lat="37.57566701" lon="126.94871514"><ele>236.40</ele><time>2026-04-18T02:02:07Z</time></trkpt>
<trkpt lat="37.57567480" lon="126.94870373"><ele>236.68</ele><time>2026-04-18T02:02:09Z</time></trkpt>
<trkpt lat="37.57567804" lon="126.94869581"><ele>236.78</ele><time>2026-04-18T02:02:10Z</time></trkpt>
<trkpt lat="37.57568306" lon="126.94868393"><ele>236.92</ele><time>2026-04-18T02:02:11Z</time></trkpt>
<trkpt lat="37.57569477" lon="126.94867951"><ele>236.51</ele><time>2026-04-18T02:02:12Z</time></trkpt>
<trkpt lat="37.57570108" lon="126.94866064"><ele>237.28</ele><time>2026-04-18T02:02:14Z</time></trkpt>
<trkpt lat="37.57570733" lon="126.94864730"><ele>236.96</ele><time>2026-04-18T02:02:15Z</time></trkpt>
<trkpt lat="37.57571129" lon="126.94863691"><ele>237.08</ele><time>2026-04-18T02:02:16Z</time></trkpt>
<trkpt lat="37.57571526" lon="126.94862971"><ele>237.40</ele><time>2026-04-18T02:02:17Z</time></trkpt>
<trkpt lat="37.57571860" lon="126.94862238"><ele>237.40</ele><time>2026-04-18T02:02:18Z</time></trkpt>
<trkpt lat="37.57572165" lon="126.94861194"><ele>237.66</ele><time>2026-04-18T02:02:19Z</time></trkpt>
<trkpt lat="37.57573314" lon="126.94859024"><ele>238.17</ele><time>2026-04-18T02:02:21Z</time></trkpt>
<trkpt lat="37.57573759" lon="126.94857896"><ele>238.33</ele><time>2026-04-18T02:02:22Z</time></trkpt>
<trkpt lat="37.57573983" lon="126.94856592"><ele>238.19</ele><time>2026-04-18T02:02:23Z</time></trkpt>
<trkpt lat="37.57574120" lon="126.94855141"><ele>237.97</ele><time>2026-04-18T02:02:24Z</time></trkpt>
<trkpt lat="37.57574185" lon="126.94853550"><ele>238.11</ele><time>2026-04-18T02:02:25Z</time></trkpt>
<trkpt lat="37.57574510" lon="126.94850420"><ele>238.16</ele><time>2026-04-18T02:02:27Z</time></trkpt>
<trkpt lat="37.57574659" lon="126.94848967"><ele>238.62</ele><time>2026-04-18T02:02:28Z</time></trkpt>
<trkpt lat="37.57574727" lon="126.94847904"><ele>238.60</ele><time>2026-04-18T02:02:29Z</time></trkpt>
<trkpt lat="37.57575037" lon="126.94847149"><ele>238.33</ele><time>2026-04-18T02:02:31Z</time></trkpt>
<trkpt lat="37.57575618" lon="126.94846079"><ele>238.68</ele><time>2026-04-18T02:02:32Z</time></trkpt>
<trkpt lat="37.57576648" lon="126.94843670"><ele>238.81</ele><time>2026-04-18T02:02:34Z</time></trkpt>
<trkpt lat="37.57576887" lon="126.94842355"><ele>238.67</ele><time>2026-04-18T02:02:35Z</time></trkpt>
<trkpt lat="37.57576887" lon="126.94842355"><ele>238.67</ele><time>2026-04-18T02:02:35Z</time></trkpt>
<trkpt lat="37.57577257" lon="126.94841068"><ele>238.99</ele><time>2026-04-18T02:02:36Z</time></trkpt>
<trkpt lat="37.57577776" lon="126.94839931"><ele>239.48</ele><time>2026-04-18T02:02:37Z</time></trkpt>
<trkpt lat="37.57578648" lon="126.94837473"><ele>239.92</ele><time>2026-04-18T02:02:39Z</time></trkpt>
<trkpt lat="37.57578905" lon="126.94836332"><ele>240.34</ele><time>2026-04-18T02:02:40Z</time></trkpt>
<trkpt lat="37.57579175" lon="126.94835263"><ele>240.70</ele><time>2026-04-18T02:02:41Z</time></trkpt>
<trkpt lat="37.57579546" lon="126.94834102"><ele>240.91</ele><time>2026-04-18T02:02:42Z</time></trkpt>
<trkpt lat="37.57579947" lon="126.94832975"><ele>241.14</ele><time>2026-04-18T02:02:43Z</time></trkpt>
<trkpt lat="37.57580793" lon="126.94831094"><ele>240.97</ele><time>2026-04-18T02:02:45Z</time></trkpt>
<trkpt lat="37.57581385" lon="126.94830237"><ele>240.91</ele><time>2026-04-18T02:02:46Z</time></trkpt>
<trkpt lat="37.57581985" lon="126.94829861"><ele>241.08</ele><time>2026-04-18T02:02:47Z</time></trkpt>
<trkpt lat="37.57582723" lon="126.94829038"><ele>241.26</ele><time>2026-04-18T02:02:49Z</time></trkpt>
<trkpt lat="37.57582764" lon="126.94827504"><ele>241.55</ele><time>2026-04-18T02:02:51Z</time></trkpt>
<trkpt lat="37.57582656" lon="126.94826122"><ele>241.89</ele><time>2026-04-18T02:02:53Z</time></trkpt>
<trkpt lat="37.57583315" lon="126.94823428"><ele>242.66</ele><time>2026-04-18T02:02:57Z</time></trkpt>
<trkpt lat="37.57584112" lon="126.94821562"><ele>242.70</ele><time>2026-04-18T02:02:59Z</time></trkpt>
<trkpt lat="37.57584707" lon="126.94820292"><ele>243.02</ele><time>2026-04-18T02:03:00Z</time></trkpt>
<trkpt lat="37.57585203" lon="126.94819511"><ele>243.20</ele><time>2026-04-18T02:03:01Z</time></trkpt>
<trkpt lat="37.57585919" lon="126.94818876"><ele>243.30</ele><time>2026-04-18T02:03:02Z</time></trkpt>
<trkpt lat="37.57587300" lon="126.94818341"><ele>243.75</ele><time>2026-04-18T02:03:04Z</time></trkpt>
<trkpt lat="37.57588000" lon="126.94817483"><ele>244.78</ele><time>2026-04-18T02:03:06Z</time></trkpt>
<trkpt lat="37.57588489" lon="126.94816797"><ele>245.15</ele><time>2026-04-18T02:03:07Z</time></trkpt>
<trkpt lat="37.57588990" lon="126.94816100"><ele>245.15</ele><time>2026-04-18T02:03:08Z</time></trkpt>
<trkpt lat="37.57589430" lon="126.94815337"><ele>245.41</ele><time>2026-04-18T02:03:09Z</time></trkpt>
<trkpt lat="37.57589839" lon="126.94813657"><ele>246.48</ele><time>2026-04-18T02:03:11Z</time></trkpt>
<trkpt lat="37.57590172" lon="126.94812620"><ele>246.98</ele><time>2026-04-18T02:03:12Z</time></trkpt>
<trkpt lat="37.57590935" lon="126.94812138"><ele>247.09</ele><time>2026-04-18T02:03:13Z</time></trkpt>
<trkpt lat="37.57591777" lon="126.94812304"><ele>247.75</ele><time>2026-04-18T02:03:14Z</time></trkpt>
<trkpt lat="37.57592829" lon="126.94812387"><ele>247.93</ele><time>2026-04-18T02:03:15Z</time></trkpt>
<trkpt lat="37.57594624" lon="126.94812556"><ele>248.64</ele><time>2026-04-18T02:03:17Z</time></trkpt>
<trkpt lat="37.57595448" lon="126.94812674"><ele>248.68</ele><time>2026-04-18T02:03:18Z</time></trkpt>
<trkpt lat="37.57596166" lon="126.94812443"><ele>248.91</ele><time>2026-04-18T02:03:19Z</time></trkpt>
<trkpt lat="37.57596922" lon="126.94812204"><ele>249.17</ele><time>2026-04-18T02:03:21Z</time></trkpt>
<trkpt lat="37.57597778" lon="126.94811000"><ele>249.54</ele><time>2026-04-18T02:03:23Z</time></trkpt>
<trkpt lat="37.57598500" lon="126.94808920"><ele>250.43</ele><time>2026-04-18T02:03:26Z</time></trkpt>
<trkpt lat="37.57599195" lon="126.94807836"><ele>251.25</ele><time>2026-04-18T02:03:28Z</time></trkpt>
<trkpt lat="37.57600192" lon="126.94807180"><ele>251.75</ele><time>2026-04-18T02:03:30Z</time></trkpt>
<trkpt lat="37.57600774" lon="126.94806786"><ele>251.67</ele><time>2026-04-18T02:03:31Z</time></trkpt>
<trkpt lat="37.57601637" lon="126.94805807"><ele>252.20</ele><time>2026-04-18T02:03:33Z</time></trkpt>
<trkpt lat="37.57602347" lon="126.94804874"><ele>252.92</ele><time>2026-04-18T02:03:35Z</time></trkpt>
<trkpt lat="37.57603816" lon="126.94802701"><ele>253.98</ele><time>2026-04-18T02:03:39Z</time></trkpt>
<trkpt lat="37.57604281" lon="126.94801664"><ele>254.19</ele><time>2026-04-18T02:03:41Z</time></trkpt>
<trkpt lat="37.57604579" lon="126.94800763"><ele>254.28</ele><time>2026-04-18T02:03:42Z</time></trkpt>
<trkpt lat="37.57605466" lon="126.94799604"><ele>254.58</ele><time>2026-04-18T02:03:44Z</time></trkpt>
<trkpt lat="37.57606295" lon="126.94798848"><ele>255.08</ele><time>2026-04-18T02:03:46Z</time></trkpt>
<trkpt lat="37.57608165" lon="126.94798521"><ele>256.01</ele><time>2026-04-18T02:03:50Z</time></trkpt>
<trkpt lat="37.57608910" lon="126.94797238"><ele>256.55</ele><time>2026-04-18T02:03:52Z</time></trkpt>
<trkpt lat="37.57609468" lon="126.94796570"><ele>256.73</ele><time>2026-04-18T02:03:53Z</time></trkpt>
<trkpt lat="37.57610252" lon="126.94796021"><ele>256.82</ele><time>2026-04-18T02:03:54Z</time></trkpt>
<trkpt lat="37.57610883" lon="126.94795467"><ele>256.70</ele><time>2026-04-18T02:03:55Z</time></trkpt>
<trkpt lat="37.57611934" lon="126.94794097"><ele>257.16</ele><time>2026-04-18T02:03:57Z</time></trkpt>
<trkpt lat="37.57612184" lon="126.94793251"><ele>257.61</ele><time>2026-04-18T02:03:58Z</time></trkpt>
<trkpt lat="37.57612549" lon="126.94792494"><ele>257.48</ele><time>2026-04-18T02:03:59Z</time></trkpt>
<trkpt lat="37.57612947" lon="126.94791809"><ele>257.87</ele><time>2026-04-18T02:04:00Z</time></trkpt>
<trkpt lat="37.57613048" lon="126.94790994"><ele>258.20</ele><time>2026-04-18T02:04:01Z</time></trkpt>
<trkpt lat="37.57614202" lon="126.94789713"><ele>258.36</ele><time>2026-04-18T02:04:03Z</time></trkpt>
<trkpt lat="37.57614792" lon="126.94789394"><ele>258.50</ele><time>2026-04-18T02:04:04Z</time></trkpt>
<trkpt lat="37.57615179" lon="126.94788752"><ele>258.86</ele><time>2026-04-18T02:04:05Z</time></trkpt>
<trkpt lat="37.57615511" lon="126.94787265"><ele>259.14</ele><time>2026-04-18T02:04:07Z</time></trkpt>
<trkpt lat="37.57615117" lon="126.94785795"><ele>259.59</ele><time>2026-04-18T02:04:09Z</time></trkpt>
<trkpt lat="37.57613545" lon="126.94784280"><ele>260.06</ele><time>2026-04-18T02:04:13Z</time></trkpt>
<trkpt lat="37.57613545" lon="126.94784280"><ele>260.06</ele><time>2026-04-18T02:04:13Z</time></trkpt>
<trkpt lat="37.57612637" lon="126.94783706"><ele>260.35</ele><time>2026-04-18T02:04:15Z</time></trkpt>
<trkpt lat="37.57611808" lon="126.94783204"><ele>260.70</ele><time>2026-04-18T02:04:17Z</time></trkpt>
<trkpt lat="37.57610856" lon="126.94782659"><ele>260.66</ele><time>2026-04-18T02:04:19Z</time></trkpt>
<trkpt lat="37.57610142" lon="126.94782018"><ele>261.15</ele><time>2026-04-18T02:04:21Z</time></trkpt>
<trkpt lat="37.57608380" lon="126.94781026"><ele>262.77</ele><time>2026-04-18T02:04:26Z</time></trkpt>
<trkpt lat="37.57607429" lon="126.94780600"><ele>263.21</ele><time>2026-04-18T02:04:28Z</time></trkpt>
<trkpt lat="37.57606443" lon="126.94779976"><ele>263.42</ele><time>2026-04-18T02:04:30Z</time></trkpt>
<trkpt lat="37.57605798" lon="126.94779556"><ele>263.54</ele><time>2026-04-18T02:04:31Z</time></trkpt>
<trkpt lat="37.57605182" lon="126.94779148"><ele>263.77</ele><time>2026-04-18T02:04:32Z</time></trkpt>
<trkpt lat="37.57604269" lon="126.94780603"><ele>264.45</ele><time>2026-04-18T02:04:36Z</time></trkpt>
<trkpt lat="37.57603872" lon="126.94781276"><ele>264.53</ele><time>2026-04-18T02:04:37Z</time></trkpt>
<trkpt lat="37.57602985" lon="126.94781893"><ele>264.34</ele><time>2026-04-18T02:04:38Z</time></trkpt>
<trkpt lat="37.57602515" lon="126.94782503"><ele>264.57</ele><time>2026-04-18T02:04:39Z</time></trkpt>
<trkpt lat="37.57601804" lon="126.94782497"><ele>264.76</ele><time>2026-04-18T02:04:42Z</time></trkpt>
<trkpt lat="37.57600241" lon="126.94782224"><ele>264.51</ele><time>2026-04-18T02:04:52Z</time></trkpt>
<trkpt lat="37.57599398" lon="126.94782157"><ele>264.64</ele><time>2026-04-18T02:04:53Z</time></trkpt>
<trkpt lat="37.57599398" lon="126.94782157"><ele>264.64</ele><time>2026-04-18T02:04:53Z</time></trkpt>
<trkpt lat="37.57598532" lon="126.94781856"><ele>264.91</ele><time>2026-04-18T02:04:54Z</time></trkpt>
<trkpt lat="37.57597880" lon="126.94781466"><ele>265.17</ele><time>2026-04-18T02:04:55Z</time></trkpt>
<trkpt lat="37.57596152" lon="126.94779711"><ele>265.94</ele><time>2026-04-18T02:04:59Z</time></trkpt>
<trkpt lat="37.57595807" lon="126.94778563"><ele>266.79</ele><time>2026-04-18T02:05:01Z</time></trkpt>
<trkpt lat="37.57595708" lon="126.94777357"><ele>266.82</ele><time>2026-04-18T02:05:04Z</time></trkpt>
<trkpt lat="37.57595920" lon="126.94775541"><ele>267.93</ele><time>2026-04-18T02:05:06Z</time></trkpt>
<trkpt lat="37.57596154" lon="126.94774595"><ele>268.25</ele><time>2026-04-18T02:05:07Z</time></trkpt>
<trkpt lat="37.57596698" lon="126.94772117"><ele>268.75</ele><time>2026-04-18T02:05:10Z</time></trkpt>
<trkpt lat="37.57596862" lon="126.94770861"><ele>269.14</ele><time>2026-04-18T02:05:11Z</time></trkpt>
<trkpt lat="37.57596949" lon="126.94769656"><ele>269.81</ele><time>2026-04-18T02:05:12Z</time></trkpt>
<trkpt lat="37.57597344" lon="126.94768627"><ele>270.53</ele><time>2026-04-18T02:05:14Z</time></trkpt>
<trkpt lat="37.57598152" lon="126.94767373"><ele>271.47</ele><time>2026-04-18T02:05:16Z</time></trkpt>
<trkpt lat="37.57598953" lon="126.94765822"><ele>272.07</ele><time>2026-04-18T02:05:18Z</time></trkpt>
<trkpt lat="37.57599495" lon="126.94764995"><ele>272.26</ele><time>2026-04-18T02:05:19Z</time></trkpt>
<trkpt lat="37.57600386" lon="126.94764558"><ele>272.04</ele><time>2026-04-18T02:05:20Z</time></trkpt>
<trkpt lat="37.57601190" lon="126.94763687"><ele>273.16</ele><time>2026-04-18T02:05:21Z</time></trkpt>
<trkpt lat="37.57602033" lon="126.94763253"><ele>273.41</ele><time>2026-04-18T02:05:22Z</time></trkpt>
<trkpt lat="37.57602817" lon="126.94762973"><ele>273.87</ele><time>2026-04-18T02:05:23Z</time></trkpt>
<trkpt lat="37.57604532" lon="126.94762539"><ele>274.46</ele><time>2026-04-18T02:05:25Z</time></trkpt>
<trkpt lat="37.57605208" lon="126.94762201"><ele>274.92</ele><time>2026-04-18T02:05:26Z</time></trkpt>
<trkpt lat="37.57605914" lon="126.94761701"><ele>275.15</ele><time>2026-04-18T02:05:27Z</time></trkpt>
<trkpt lat="37.57606541" lon="126.94761211"><ele>275.03</ele><time>2026-04-18T02:05:28Z</time></trkpt>
<trkpt lat="37.57607117" lon="126.94760748"><ele>275.32</ele><time>2026-04-18T02:05:29Z</time></trkpt>
<trkpt lat="37.57609003" lon="126.94760045"><ele>276.09</ele><time>2026-04-18T02:05:32Z</time></trkpt>
<trkpt lat="37.57609743" lon="126.94759658"><ele>276.22</ele><time>2026-04-18T02:05:33Z</time></trkpt>
<trkpt lat="37.57610509" lon="126.94759305"><ele>275.73</ele><time>2026-04-18T02:05:34Z</time></trkpt>
<trkpt lat="37.57611161" lon="126.94758933"><ele>276.16</ele><time>2026-04-18T02:05:35Z</time></trkpt>
<trkpt lat="37.57611684" lon="126.94758287"><ele>275.71</ele><time>2026-04-18T02:05:36Z</time></trkpt>
<trkpt lat="37.57613208" lon="126.94757268"><ele>275.78</ele><time>2026-04-18T02:05:38Z</time></trkpt>
<trkpt lat="37.57613654" lon="126.94756538"><ele>275.81</ele><time>2026-04-18T02:05:39Z</time></trkpt>
<trkpt lat="37.57613984" lon="126.94755637"><ele>276.18</ele><time>2026-04-18T02:05:40Z</time></trkpt>
<trkpt lat="37.57614318" lon="126.94754891"><ele>276.01</ele><time>2026-04-18T02:05:41Z</time></trkpt>
<trkpt lat="37.57614629" lon="126.94754116"><ele>276.07</ele><time>2026-04-18T02:05:42Z</time></trkpt>
<trkpt lat="37.57615484" lon="126.94752594"><ele>276.96</ele><time>2026-04-18T02:05:44Z</time></trkpt>
<trkpt lat="37.57615748" lon="126.94751793"><ele>277.60</ele><time>2026-04-18T02:05:45Z</time></trkpt>
<trkpt lat="37.57616346" lon="126.94750763"><ele>277.98</ele><time>2026-04-18T02:05:47Z</time></trkpt>
<trkpt lat="37.57616654" lon="126.94749495"><ele>278.72</ele><time>2026-04-18T02:05:49Z</time></trkpt>
<trkpt lat="37.57616890" lon="126.94748506"><ele>278.99</ele><time>2026-04-18T02:05:50Z</time></trkpt>
<trkpt lat="37.57616348" lon="126.94746402"><ele>279.58</ele><time>2026-04-18T02:05:53Z</time></trkpt>
<trkpt lat="37.57616469" lon="126.94745318"><ele>279.87</ele><time>2026-04-18T02:05:54Z</time></trkpt>
<trkpt lat="37.57617494" lon="126.94744427"><ele>280.42</ele><time>2026-04-18T02:05:55Z</time></trkpt>
<trkpt lat="37.57617960" lon="126.94743652"><ele>281.02</ele><time>2026-04-18T02:05:56Z</time></trkpt>
<trkpt lat="37.57616740" lon="126.94742537"><ele>282.43</ele><time>2026-04-18T02:05:57Z</time></trkpt>
<trkpt lat="37.57616258" lon="126.94741873"><ele>282.70</ele><time>2026-04-18T02:05:58Z</time></trkpt>
<trkpt lat="37.57616541" lon="126.94739606"><ele>284.11</ele><time>2026-04-18T02:06:05Z</time></trkpt>
<trkpt lat="37.57616541" lon="126.94739606"><ele>284.11</ele><time>2026-04-18T02:06:05Z</time></trkpt>
<trkpt lat="37.57617198" lon="126.94738994"><ele>284.16</ele><time>2026-04-18T02:06:06Z</time></trkpt>
<trkpt lat="37.57617899" lon="126.94738470"><ele>284.26</ele><time>2026-04-18T02:06:07Z</time></trkpt>
<trkpt lat="37.57618670" lon="126.94738083"><ele>284.25</ele><time>2026-04-18T02:06:08Z</time></trkpt>
<trkpt lat="37.57620482" lon="126.94737293"><ele>282.87</ele><time>2026-04-18T02:06:11Z</time></trkpt>
<trkpt lat="37.57621282" lon="126.94736633"><ele>282.73</ele><time>2026-04-18T02:06:12Z</time></trkpt>
<trkpt lat="37.57622060" lon="126.94735926"><ele>282.34</ele><time>2026-04-18T02:06:13Z</time></trkpt>
<trkpt lat="37.57622666" lon="126.94735242"><ele>282.48</ele><time>2026-04-18T02:06:14Z</time></trkpt>
<trkpt lat="37.57623414" lon="126.94734475"><ele>282.33</ele><time>2026-04-18T02:06:15Z</time></trkpt>
<trkpt lat="37.57624671" lon="126.94732900"><ele>282.22</ele><time>2026-04-18T02:06:17Z</time></trkpt>
<trkpt lat="37.57625235" lon="126.94732201"><ele>281.97</ele><time>2026-04-18T02:06:18Z</time></trkpt>
<trkpt lat="37.57625796" lon="126.94731778"><ele>282.02</ele><time>2026-04-18T02:06:19Z</time></trkpt>
<trkpt lat="37.57626238" lon="126.94731168"><ele>282.41</ele><time>2026-04-18T02:06:20Z</time></trkpt>
<trkpt lat="37.57626645" lon="126.94730468"><ele>282.11</ele><time>2026-04-18T02:06:21Z</time></trkpt>
<trkpt lat="37.57627857" lon="126.94728475"><ele>281.55</ele><time>2026-04-18T02:06:24Z</time></trkpt>
<trkpt lat="37.57628566" lon="126.94727813"><ele>281.79</ele><time>2026-04-18T02:06:25Z</time></trkpt>
<trkpt lat="37.57629225" lon="126.94727195"><ele>282.29</ele><time>2026-04-18T02:06:26Z</time></trkpt>
<trkpt lat="37.57629846" lon="126.94726873"><ele>282.55</ele><time>2026-04-18T02:06:27Z</time></trkpt>
<trkpt lat="37.57630633" lon="126.94725766"><ele>283.83</ele><time>2026-04-18T02:06:29Z</time></trkpt>
<trkpt lat="37.57632215" lon="126.94724137"><ele>284.18</ele><time>2026-04-18T02:06:32Z</time></trkpt>
<trkpt lat="37.57632796" lon="126.94723645"><ele>284.27</ele><time>2026-04-18T02:06:33Z</time></trkpt>
<trkpt lat="37.57633419" lon="126.94723300"><ele>284.13</ele><time>2026-04-18T02:06:34Z</time></trkpt>
<trkpt lat="37.57634508" lon="126.94723025"><ele>284.16</ele><time>2026-04-18T02:06:36Z</time></trkpt>
<trkpt lat="37.57635333" lon="126.94722983"><ele>284.53</ele><time>2026-04-18T02:06:37Z</time></trkpt>
<trkpt lat="37.57635990" lon="126.94722957"><ele>284.23</ele><time>2026-04-18T02:06:38Z</time></trkpt>
<trkpt lat="37.57638129" lon="126.94721882"><ele>284.70</ele><time>2026-04-18T02:06:41Z</time></trkpt>
<trkpt lat="37.57638600" lon="126.94721060"><ele>284.80</ele><time>2026-04-18T02:06:42Z</time></trkpt>
<trkpt lat="37.57638802" lon="126.94720209"><ele>286.02</ele><time>2026-04-18T02:06:43Z</time></trkpt>
<trkpt lat="37.57638512" lon="126.94719323"><ele>286.28</ele><time>2026-04-18T02:06:44Z</time></trkpt>
<trkpt lat="37.57638081" lon="126.94718010"><ele>287.08</ele><time>2026-04-18T02:06:46Z</time></trkpt>
<trkpt lat="37.57639668" lon="126.94716881"><ele>287.00</ele><time>2026-04-18T02:06:49Z</time></trkpt>
<trkpt lat="37.57640980" lon="126.94717017"><ele>287.07</ele><time>2026-04-18T02:06:51Z</time></trkpt>
<trkpt lat="37.57642107" lon="126.94716914"><ele>286.69</ele><time>2026-04-18T02:06:52Z</time></trkpt>
<trkpt lat="37.57643298" lon="126.94716622"><ele>286.09</ele><time>2026-04-18T02:06:53Z</time></trkpt>
<trkpt lat="37.57644054" lon="126.94716313"><ele>286.98</ele><time>2026-04-18T02:06:54Z</time></trkpt>
<trkpt lat="37.57646232" lon="126.94715790"><ele>290.13</ele><time>2026-04-18T02:06:57Z</time></trkpt>
<trkpt lat="37.57646950" lon="126.94715441"><ele>290.00</ele><time>2026-04-18T02:06:58Z</time></trkpt>
<trkpt lat="37.57647514" lon="126.94714682"><ele>289.89</ele><time>2026-04-18T02:06:59Z</time></trkpt>
<trkpt lat="37.57648425" lon="126.94713442"><ele>291.30</ele><time>2026-04-18T02:07:01Z</time></trkpt>
<trkpt lat="37.57649341" lon="126.94712742"><ele>291.33</ele><time>2026-04-18T02:07:02Z</time></trkpt>
<trkpt lat="37.57650551" lon="126.94711560"><ele>292.48</ele><time>2026-04-18T02:07:04Z</time></trkpt>
<trkpt lat="37.57651418" lon="126.94711344"><ele>292.74</ele><time>2026-04-18T02:07:05Z</time></trkpt>
<trkpt lat="37.57652266" lon="126.94709809"><ele>293.82</ele><time>2026-04-18T02:07:07Z</time></trkpt>
<trkpt lat="37.57652912" lon="126.94709275"><ele>294.12</ele><time>2026-04-18T02:07:08Z</time></trkpt>
<trkpt lat="37.57653499" lon="126.94708679"><ele>294.25</ele><time>2026-04-18T02:07:09Z</time></trkpt>
<trkpt lat="37.57654387" lon="126.94707041"><ele>295.14</ele><time>2026-04-18T02:07:11Z</time></trkpt>
<trkpt lat="37.57654941" lon="126.94706328"><ele>295.64</ele><time>2026-04-18T02:07:12Z</time></trkpt>
<trkpt lat="37.57655499" lon="126.94705169"><ele>295.95</ele><time>2026-04-18T02:07:13Z</time></trkpt>
<trkpt lat="37.57655946" lon="126.94704152"><ele>295.83</ele><time>2026-04-18T02:07:14Z</time></trkpt>
<trkpt lat="37.57656468" lon="126.94703080"><ele>295.93</ele><time>2026-04-18T02:07:15Z</time></trkpt>
<trkpt lat="37.57656468" lon="126.94703080"><ele>295.93</ele><time>2026-04-18T02:07:15Z</time></trkpt>
<trkpt lat="37.57657980" lon="126.94701039"><ele>296.53</ele><time>2026-04-18T02:07:17Z</time></trkpt>
<trkpt lat="37.57658820" lon="126.94700240"><ele>296.79</ele><time>2026-04-18T02:07:18Z</time></trkpt>
<trkpt lat="37.57659518" lon="126.94699268"><ele>296.88</ele><time>2026-04-18T02:07:19Z</time></trkpt>
<trkpt lat="37.57660111" lon="126.94698260"><ele>297.29</ele><time>2026-04-18T02:07:20Z</time></trkpt>
<trkpt lat="37.57660694" lon="126.94697261"><ele>297.28</ele><time>2026-04-18T02:07:21Z</time></trkpt>
<trkpt lat="37.57661845" lon="126.94695263"><ele>297.77</ele><time>2026-04-18T02:07:23Z</time></trkpt>
<trkpt lat="37.57662288" lon="126.94694142"><ele>297.91</ele><time>2026-04-18T02:07:24Z</time></trkpt>
<trkpt lat="37.57662648" lon="126.94692929"><ele>298.68</ele><time>2026-04-18T02:07:25Z</time></trkpt>
<trkpt lat="37.57663319" lon="126.94691928"><ele>298.72</ele><time>2026-04-18T02:07:26Z</time></trkpt>
<trkpt lat="37.57663905" lon="126.94691081"><ele>298.87</ele><time>2026-04-18T02:07:27Z</time></trkpt>
<trkpt lat="37.57665073" lon="126.94689209"><ele>299.51</ele><time>2026-04-18T02:07:29Z</time></trkpt>
<trkpt lat="37.57665687" lon="126.94688314"><ele>299.96</ele><time>2026-04-18T02:07:30Z</time></trkpt>
<trkpt lat="37.57666245" lon="126.94687581"><ele>300.13</ele><time>2026-04-18T02:07:31Z</time></trkpt>
<trkpt lat="37.57666686" lon="126.94686995"><ele>300.39</ele><time>2026-04-18T02:07:32Z</time></trkpt>
<trkpt lat="37.57666881" lon="126.94686116"><ele>300.53</ele><time>2026-04-18T02:07:33Z</time></trkpt>
<trkpt lat="37.57668128" lon="126.94684628"><ele>301.12</ele><time>2026-04-18T02:07:35Z</time></trkpt>
<trkpt lat="37.57668679" lon="126.94683810"><ele>301.51</ele><time>2026-04-18T02:07:36Z</time></trkpt>
<trkpt lat="37.57669010" lon="126.94682922"><ele>301.85</ele><time>2026-04-18T02:07:37Z</time></trkpt>
<trkpt lat="37.57669026" lon="126.94681626"><ele>302.15</ele><time>2026-04-18T02:07:38Z</time></trkpt>
<trkpt lat="37.57668977" lon="126.94680421"><ele>302.46</ele><time>2026-04-18T02:07:39Z</time></trkpt>
<trkpt lat="37.57670231" lon="126.94678438"><ele>303.06</ele><time>2026-04-18T02:07:42Z</time></trkpt>
<trkpt lat="37.57670840" lon="126.94677948"><ele>303.44</ele><time>2026-04-18T02:07:43Z</time></trkpt>
<trkpt lat="37.57671901" lon="126.94678040"><ele>303.86</ele><time>2026-04-18T02:07:44Z</time></trkpt>
<trkpt lat="37.57672866" lon="126.94678564"><ele>304.17</ele><time>2026-04-18T02:07:45Z</time></trkpt>
<trkpt lat="37.57673592" lon="126.94679698"><ele>304.04</ele><time>2026-04-18T02:07:46Z</time></trkpt>
<trkpt lat="37.57674711" lon="126.94681774"><ele>304.49</ele><time>2026-04-18T02:07:48Z</time></trkpt>
<trkpt lat="37.57675235" lon="126.94682865"><ele>304.82</ele><time>2026-04-18T02:07:49Z</time></trkpt>
<trkpt lat="37.57675569" lon="126.94684024"><ele>305.43</ele><time>2026-04-18T02:07:50Z</time></trkpt>
<trkpt lat="37.57676021" lon="126.94684924"><ele>305.68</ele><time>2026-04-18T02:07:51Z</time></trkpt>
<trkpt lat="37.57676707" lon="126.94685622"><ele>306.06</ele><time>2026-04-18T02:07:52Z</time></trkpt>
<trkpt lat="37.57677484" lon="126.94685848"><ele>306.36</ele><time>2026-04-18T02:07:53Z</time></trkpt>
<trkpt lat="37.57679060" lon="126.94686121"><ele>306.35</ele><time>2026-04-18T02:07:55Z</time></trkpt>
<trkpt lat="37.57679747" lon="126.94686199"><ele>306.54</ele><time>2026-04-18T02:07:56Z</time></trkpt>
<trkpt lat="37.57680413" lon="126.94686238"><ele>306.67</ele><time>2026-04-18T02:07:57Z</time></trkpt>
<trkpt lat="37.57681250" lon="126.94686210"><ele>306.73</ele><time>2026-04-18T02:07:58Z</time></trkpt>
<trkpt lat="37.57681453" lon="126.94687176"><ele>306.77</ele><time>2026-04-18T02:08:02Z</time></trkpt>
<trkpt lat="37.57681941" lon="126.94688935"><ele>307.21</ele><time>2026-04-18T02:08:04Z</time></trkpt>
<trkpt lat="37.57681941" lon="126.94688935"><ele>307.21</ele><time>2026-04-18T02:08:04Z</time></trkpt>
<trkpt lat="37.57681971" lon="126.94690159"><ele>307.28</ele><time>2026-04-18T02:08:05Z</time></trkpt>
<trkpt lat="37.57681996" lon="126.94691306"><ele>307.40</ele><time>2026-04-18T02:08:06Z</time></trkpt>
<trkpt lat="37.57682315" lon="126.94692869"><ele>307.82</ele><time>2026-04-18T02:08:08Z</time></trkpt>
<trkpt lat="37.57683025" lon="126.94695288"><ele>307.81</ele><time>2026-04-18T02:08:11Z</time></trkpt>
<trkpt lat="37.57683018" lon="126.94696348"><ele>307.84</ele><time>2026-04-18T02:08:12Z</time></trkpt>
<trkpt lat="37.57682900" lon="126.94698274"><ele>308.69</ele><time>2026-04-18T02:08:14Z</time></trkpt>
<trkpt lat="37.57683037" lon="126.94699604"><ele>308.57</ele><time>2026-04-18T02:08:15Z</time></trkpt>
<trkpt lat="37.57683179" lon="126.94700775"><ele>308.38</ele><time>2026-04-18T02:08:16Z</time></trkpt>
<trkpt lat="37.57683545" lon="126.94702439"><ele>306.76</ele><time>2026-04-18T02:08:18Z</time></trkpt>
<trkpt lat="37.57683620" lon="126.94703494"><ele>306.86</ele><time>2026-04-18T02:08:19Z</time></trkpt>
<trkpt lat="37.57683268" lon="126.94704507"><ele>306.75</ele><time>2026-04-18T02:08:20Z</time></trkpt>
<trkpt lat="37.57682809" lon="126.94705772"><ele>307.45</ele><time>2026-04-18T02:08:22Z</time></trkpt>
<trkpt lat="37.57682646" lon="126.94707183"><ele>306.87</ele><time>2026-04-18T02:08:24Z</time></trkpt>
<trkpt lat="37.57684423" lon="126.94708276"><ele>307.93</ele><time>2026-04-18T02:08:27Z</time></trkpt>
<trkpt lat="37.57685223" lon="126.94708257"><ele>307.54</ele><time>2026-04-18T02:08:28Z</time></trkpt>
<trkpt lat="37.57685781" lon="126.94708693"><ele>308.31</ele><time>2026-04-18T02:08:30Z</time></trkpt>
<trkpt lat="37.57685714" lon="126.94709776"><ele>308.27</ele><time>2026-04-18T02:08:31Z</time></trkpt>
<trkpt lat="37.57685186" lon="126.94710579"><ele>307.45</ele><time>2026-04-18T02:08:32Z</time></trkpt>
<trkpt lat="37.57684176" lon="126.94710129"><ele>307.96</ele><time>2026-04-18T02:08:33Z</time></trkpt>
<trkpt lat="37.57682054" lon="126.94710687"><ele>310.08</ele><time>2026-04-18T02:08:38Z</time></trkpt>
<trkpt lat="37.57682456" lon="126.94711762"><ele>311.37</ele><time>2026-04-18T02:08:40Z</time></trkpt>
<trkpt lat="37.57682855" lon="126.94712739"><ele>311.46</ele><time>2026-04-18T02:08:41Z</time></trkpt>
<trkpt lat="37.57682774" lon="126.94713953"><ele>311.94</ele><time>2026-04-18T02:08:42Z</time></trkpt>
<trkpt lat="37.57682542" lon="126.94715000"><ele>312.85</ele><time>2026-04-18T02:08:44Z</time></trkpt>
<trkpt lat="37.57681548" lon="126.94717061"><ele>313.57</ele><time>2026-04-18T02:08:47Z</time></trkpt>
<trkpt lat="37.57680919" lon="126.94718047"><ele>313.76</ele><time>2026-04-18T02:08:48Z</time></trkpt>
<trkpt lat="37.57680576" lon="126.94718890"><ele>313.79</ele><time>2026-04-18T02:08:49Z</time></trkpt>
<trkpt lat="37.57679896" lon="126.94719509"><ele>314.38</ele><time>2026-04-18T02:08:51Z</time></trkpt>
<trkpt lat="37.57681202" lon="126.94720170"><ele>313.93</ele><time>2026-04-18T02:08:54Z</time></trkpt>
<trkpt lat="37.57681842" lon="126.94720200"><ele>314.17</ele><time>2026-04-18T02:08:55Z</time></trkpt>
<trkpt lat="37.57682337" lon="126.94719390"><ele>314.08</ele><time>2026-04-18T02:09:03Z</time></trkpt>
<trkpt lat="37.57681996" lon="126.94718114"><ele>314.14</ele><time>2026-04-18T02:09:04Z</time></trkpt>
<trkpt lat="37.57682545" lon="126.94716941"><ele>314.33</ele><time>2026-04-18T02:09:05Z</time></trkpt>
<trkpt lat="37.57683266" lon="126.94716278"><ele>314.60</ele><time>2026-04-18T02:09:06Z</time></trkpt>
<trkpt lat="37.57684827" lon="126.94715898"><ele>314.58</ele><time>2026-04-18T02:09:08Z</time></trkpt>
<trkpt lat="37.57685740" lon="126.94715988"><ele>314.65</ele><time>2026-04-18T02:09:09Z</time></trkpt>
<trkpt lat="37.57686363" lon="126.94716515"><ele>314.62</ele><time>2026-04-18T02:09:10Z</time></trkpt>
<trkpt lat="37.57686549" lon="126.94717390"><ele>314.55</ele><time>2026-04-18T02:09:11Z</time></trkpt>
<trkpt lat="37.57686445" lon="126.94718246"><ele>314.69</ele><time>2026-04-18T02:09:21Z</time></trkpt>
<trkpt lat="37.57686714" lon="126.94719702"><ele>314.70</ele><time>2026-04-18T02:09:23Z</time></trkpt>
<trkpt lat="37.57687055" lon="126.94720543"><ele>314.68</ele><time>2026-04-18T02:09:24Z</time></trkpt>
<trkpt lat="37.57687582" lon="126.94721196"><ele>315.09</ele><time>2026-04-18T02:09:26Z</time></trkpt>
<trkpt lat="37.57687582" lon="126.94721196"><ele>315.09</ele><time>2026-04-18T02:09:26Z</time></trkpt>
<trkpt lat="37.57687933" lon="126.94720087"><ele>314.87</ele><time>2026-04-18T02:09:35Z</time></trkpt>
<trkpt lat="37.57687928" lon="126.94719091"><ele>314.99</ele><time>2026-04-18T02:09:37Z</time></trkpt>
<trkpt lat="37.57687732" lon="126.94716837"><ele>314.70</ele><time>2026-04-18T02:09:40Z</time></trkpt>
<trkpt lat="37.57688128" lon="126.94716001"><ele>314.55</ele><time>2026-04-18T02:09:41Z</time></trkpt>
<trkpt lat="37.57689169" lon="126.94716586"><ele>314.48</ele><time>2026-04-18T02:09:43Z</time></trkpt>
<trkpt lat="37.57689738" lon="126.94717120"><ele>314.52</ele><time>2026-04-18T02:09:44Z</time></trkpt>
<trkpt lat="37.57690101" lon="126.94717860"><ele>314.79</ele><time>2026-04-18T02:09:47Z</time></trkpt>
<trkpt lat="37.57688846" lon="126.94717107"><ele>314.38</ele><time>2026-04-18T02:09:54Z</time></trkpt>
<trkpt lat="37.57687954" lon="126.94716434"><ele>314.24</ele><time>2026-04-18T02:09:55Z</time></trkpt>
<trkpt lat="37.57687294" lon="126.94715708"><ele>314.17</ele><time>2026-04-18T02:09:56Z</time></trkpt>
<trkpt lat="37.57686659" lon="126.94715284"><ele>314.13</ele><time>2026-04-18T02:09:57Z</time></trkpt>
<trkpt lat="37.57685080" lon="126.94715638"><ele>314.16</ele><time>2026-04-18T02:09:59Z</time></trkpt>
<trkpt lat="37.57683272" lon="126.94714672"><ele>313.95</ele><time>2026-04-18T02:10:01Z</time></trkpt>
<trkpt lat="37.57682706" lon="126.94713449"><ele>313.30</ele><time>2026-04-18T02:10:02Z</time></trkpt>
<trkpt lat="37.57682151" lon="126.94711882"><ele>313.52</ele><time>2026-04-18T02:10:03Z</time></trkpt>
<trkpt lat="37.57682244" lon="126.94710137"><ele>313.48</ele><time>2026-04-18T02:10:04Z</time></trkpt>
<trkpt lat="37.57682625" lon="126.94709084"><ele>313.11</ele><time>2026-04-18T02:10:05Z</time></trkpt>
<trkpt lat="37.57683287" lon="126.94706972"><ele>312.63</ele><time>2026-04-18T02:10:07Z</time></trkpt>
<trkpt lat="37.57684540" lon="126.94706591"><ele>311.95</ele><time>2026-04-18T02:10:09Z</time></trkpt>
<trkpt lat="37.57685652" lon="126.94705671"><ele>312.77</ele><time>2026-04-18T02:10:11Z</time></trkpt>
<trkpt lat="37.57685624" lon="126.94704593"><ele>313.46</ele><time>2026-04-18T02:10:13Z</time></trkpt>
<trkpt lat="37.57684702" lon="126.94704001"><ele>312.89</ele><time>2026-04-18T02:10:14Z</time></trkpt>
<trkpt lat="37.57683853" lon="126.94702601"><ele>312.60</ele><time>2026-04-18T02:10:17Z</time></trkpt>
<trkpt lat="37.57684113" lon="126.94701192"><ele>310.09</ele><time>2026-04-18T02:10:20Z</time></trkpt>
<trkpt lat="37.57684150" lon="126.94699889"><ele>309.99</ele><time>2026-04-18T02:10:21Z</time></trkpt>
<trkpt lat="37.57683816" lon="126.94698667"><ele>310.74</ele><time>2026-04-18T02:10:22Z</time></trkpt>
<trkpt lat="37.57683069" lon="126.94697720"><ele>310.71</ele><time>2026-04-18T02:10:23Z</time></trkpt>
<trkpt lat="37.57682324" lon="126.94696560"><ele>311.34</ele><time>2026-04-18T02:10:24Z</time></trkpt>
<trkpt lat="37.57682284" lon="126.94694204"><ele>311.23</ele><time>2026-04-18T02:10:26Z</time></trkpt>
<trkpt lat="37.57682351" lon="126.94693109"><ele>311.40</ele><time>2026-04-18T02:10:27Z</time></trkpt>
<trkpt lat="37.57682340" lon="126.94691705"><ele>311.31</ele><time>2026-04-18T02:10:28Z</time></trkpt>
<trkpt lat="37.57681836" lon="126.94690573"><ele>310.96</ele><time>2026-04-18T02:10:29Z</time></trkpt>
<trkpt lat="37.57681946" lon="126.94689667"><ele>310.44</ele><time>2026-04-18T02:10:30Z</time></trkpt>
<trkpt lat="37.57681774" lon="126.94687407"><ele>310.99</ele><time>2026-04-18T02:10:32Z</time></trkpt>
<trkpt lat="37.57681915" lon="126.94685836"><ele>310.03</ele><time>2026-04-18T02:10:33Z</time></trkpt>
<trkpt lat="37.57681782" lon="126.94684396"><ele>310.40</ele><time>2026-04-18T02:10:34Z</time></trkpt>
<trkpt lat="37.57681364" lon="126.94682703"><ele>309.68</ele><time>2026-04-18T02:10:35Z</time></trkpt>
<trkpt lat="37.57681465" lon="126.94681409"><ele>307.85</ele><time>2026-04-18T02:10:36Z</time></trkpt>
<trkpt lat="37.57681923" lon="126.94677857"><ele>308.09</ele><time>2026-04-18T02:10:38Z</time></trkpt>
<trkpt lat="37.57681962" lon="126.94676082"><ele>308.30</ele><time>2026-04-18T02:10:39Z</time></trkpt>
<trkpt lat="37.57681879" lon="126.94674268"><ele>308.55</ele><time>2026-04-18T02:10:40Z</time></trkpt>
<trkpt lat="37.57681826" lon="126.94672579"><ele>308.47</ele><time>2026-04-18T02:10:41Z</time></trkpt>
<trkpt lat="37.57681809" lon="126.94670906"><ele>308.32</ele><time>2026-04-18T02:10:42Z</time></trkpt>
<trkpt lat="37.57681385" lon="126.94667970"><ele>307.28</ele><time>2026-04-18T02:10:44Z</time></trkpt>
<trkpt lat="37.57681447" lon="126.94666519"><ele>307.55</ele><time>2026-04-18T02:10:45Z</time></trkpt>
<trkpt lat="37.57681120" lon="126.94665323"><ele>306.86</ele><time>2026-04-18T02:10:46Z</time></trkpt>
<trkpt lat="37.57680829" lon="126.94663997"><ele>306.41</ele><time>2026-04-18T02:10:47Z</time></trkpt>
<trkpt lat="37.57680516" lon="126.94662780"><ele>306.04</ele><time>2026-04-18T02:10:48Z</time></trkpt>
<trkpt lat="37.57679574" lon="126.94660359"><ele>306.14</ele><time>2026-04-18T02:10:50Z</time></trkpt>
<trkpt lat="37.57679038" lon="126.94659317"><ele>306.35</ele><time>2026-04-18T02:10:51Z</time></trkpt>
<trkpt lat="37.57678740" lon="126.94657896"><ele>306.23</ele><time>2026-04-18T02:10:52Z</time></trkpt>
<trkpt lat="37.57679108" lon="126.94656684"><ele>306.36</ele><time>2026-04-18T02:10:53Z</time></trkpt>
<trkpt lat="37.57679879" lon="126.94655818"><ele>306.21</ele><time>2026-04-18T02:10:54Z</time></trkpt>
<trkpt lat="37.57681531" lon="126.94654060"><ele>305.62</ele><time>2026-04-18T02:10:56Z</time></trkpt>
<trkpt lat="37.57682535" lon="126.94653398"><ele>305.66</ele><time>2026-04-18T02:10:57Z</time></trkpt>
<trkpt lat="37.57682535" lon="126.94653398"><ele>305.66</ele><time>2026-04-18T02:10:57Z</time></trkpt>
<trkpt lat="37.57683550" lon="126.94652828"><ele>305.48</ele><time>2026-04-18T02:10:58Z</time></trkpt>
<trkpt lat="37.57684463" lon="126.94652170"><ele>305.48</ele><time>2026-04-18T02:10:59Z</time></trkpt>
<trkpt lat="37.57685400" lon="126.94651566"><ele>305.31</ele><time>2026-04-18T02:11:00Z</time></trkpt>
<trkpt lat="37.57686812" lon="126.94650059"><ele>305.12</ele><time>2026-04-18T02:11:02Z</time></trkpt>
<trkpt lat="37.57686978" lon="126.94649047"><ele>305.23</ele><time>2026-04-18T02:11:03Z</time></trkpt>
<trkpt lat="37.57687676" lon="126.94648431"><ele>304.55</ele><time>2026-04-18T02:11:05Z</time></trkpt>
<trkpt lat="37.57688506" lon="126.94648135"><ele>304.29</ele><time>2026-04-18T02:11:06Z</time></trkpt>
<trkpt lat="37.57689548" lon="126.94648297"><ele>304.70</ele><time>2026-04-18T02:11:07Z</time></trkpt>
<trkpt lat="37.57691572" lon="126.94647624"><ele>303.23</ele><time>2026-04-18T02:11:09Z</time></trkpt>
<trkpt lat="37.57692225" lon="126.94646390"><ele>303.05</ele><time>2026-04-18T02:11:10Z</time></trkpt>
<trkpt lat="37.57692901" lon="126.94645713"><ele>302.17</ele><time>2026-04-18T02:11:12Z</time></trkpt>
<trkpt lat="37.57693741" lon="126.94645591"><ele>301.79</ele><time>2026-04-18T02:11:13Z</time></trkpt>
<trkpt lat="37.57695339" lon="126.94645911"><ele>302.25</ele><time>2026-04-18T02:11:14Z</time></trkpt>
<trkpt lat="37.57697912" lon="126.94644916"><ele>301.73</ele><time>2026-04-18T02:11:16Z</time></trkpt>
<trkpt lat="37.57698906" lon="126.94643974"><ele>301.66</ele><time>2026-04-18T02:11:17Z</time></trkpt>
<trkpt lat="37.57699928" lon="126.94642985"><ele>301.53</ele><time>2026-04-18T02:11:18Z</time></trkpt>
<trkpt lat="37.57701029" lon="126.94642448"><ele>301.53</ele><time>2026-04-18T02:11:19Z</time></trkpt>
<trkpt lat="37.57701995" lon="126.94641860"><ele>301.72</ele><time>2026-04-18T02:11:20Z</time></trkpt>
<trkpt lat="37.57703547" lon="126.94641946"><ele>301.88</ele><time>2026-04-18T02:11:22Z</time></trkpt>
<trkpt lat="37.57704428" lon="126.94641830"><ele>301.78</ele><time>2026-04-18T02:11:23Z</time></trkpt>
<trkpt lat="37.57705317" lon="126.94641096"><ele>302.28</ele><time>2026-04-18T02:11:24Z</time></trkpt>
<trkpt lat="37.57706407" lon="126.94640358"><ele>302.55</ele><time>2026-04-18T02:11:25Z</time></trkpt>
<trkpt lat="37.57707423" lon="126.94639784"><ele>301.23</ele><time>2026-04-18T02:11:26Z</time></trkpt>
<trkpt lat="37.57709366" lon="126.94639790"><ele>301.68</ele><time>2026-04-18T02:11:28Z</time></trkpt>
<trkpt lat="37.57710385" lon="126.94639776"><ele>301.57</ele><time>2026-04-18T02:11:29Z</time></trkpt>
<trkpt lat="37.57711509" lon="126.94639531"><ele>301.86</ele><time>2026-04-18T02:11:30Z</time></trkpt>
<trkpt lat="37.57712665" lon="126.94639020"><ele>302.27</ele><time>2026-04-18T02:11:31Z</time></trkpt>
<trkpt lat="37.57713960" lon="126.94638488"><ele>301.16</ele><time>2026-04-18T02:11:32Z</time></trkpt>
<trkpt lat="37.57715136" lon="126.94638192"><ele>301.68</ele><time>2026-04-18T02:11:33Z</time></trkpt>
<trkpt lat="37.57717668" lon="126.94636506"><ele>301.23</ele><time>2026-04-18T02:11:35Z</time></trkpt>
<trkpt lat="37.57718711" lon="126.94635515"><ele>301.28</ele><time>2026-04-18T02:11:36Z</time></trkpt>
<trkpt lat="37.57719845" lon="126.94635487"><ele>301.46</ele><time>2026-04-18T02:11:37Z</time></trkpt>
<trkpt lat="37.57720857" lon="126.94635705"><ele>301.00</ele><time>2026-04-18T02:11:38Z</time></trkpt>
<trkpt lat="37.57721746" lon="126.94635594"><ele>300.86</ele><time>2026-04-18T02:11:39Z</time></trkpt>
<trkpt lat="37.57723502" lon="126.94634947"><ele>299.50</ele><time>2026-04-18T02:11:41Z</time></trkpt>
<trkpt lat="37.57724476" lon="126.94634960"><ele>298.09</ele><time>2026-04-18T02:11:42Z</time></trkpt>
<trkpt lat="37.57725608" lon="126.94635073"><ele>297.62</ele><time>2026-04-18T02:11:43Z</time></trkpt>
<trkpt lat="37.57726960" lon="126.94634622"><ele>297.32</ele><time>2026-04-18T02:11:44Z</time></trkpt>
<trkpt lat="37.57728495" lon="126.94634562"><ele>297.51</ele><time>2026-04-18T02:11:45Z</time></trkpt>
<trkpt lat="37.57731291" lon="126.94634481"><ele>298.06</ele><time>2026-04-18T02:11:47Z</time></trkpt>
<trkpt lat="37.57732562" lon="126.94633952"><ele>295.71</ele><time>2026-04-18T02:11:48Z</time></trkpt>
<trkpt lat="37.57733324" lon="126.94634412"><ele>295.49</ele><time>2026-04-18T02:11:49Z</time></trkpt>
<trkpt lat="37.57734255" lon="126.94634399"><ele>295.06</ele><time>2026-04-18T02:11:50Z</time></trkpt>
<trkpt lat="37.57735157" lon="126.94634681"><ele>295.62</ele><time>2026-04-18T02:11:51Z</time></trkpt>
<trkpt lat="37.57737107" lon="126.94634709"><ele>295.56</ele><time>2026-04-18T02:11:53Z</time></trkpt>
<trkpt lat="37.57737837" lon="126.94634713"><ele>296.06</ele><time>2026-04-18T02:11:54Z</time></trkpt>
<trkpt lat="37.57738759" lon="126.94634463"><ele>295.63</ele><time>2026-04-18T02:11:55Z</time></trkpt>
<trkpt lat="37.57739506" lon="126.94634914"><ele>296.70</ele><time>2026-04-18T02:11:56Z</time></trkpt>
<trkpt lat="37.57740299" lon="126.94634995"><ele>297.12</ele><time>2026-04-18T02:11:57Z</time></trkpt>
<trkpt lat="37.57741950" lon="126.94634396"><ele>296.54</ele><time>2026-04-18T02:11:59Z</time></trkpt>
<trkpt lat="37.57742646" lon="126.94634101"><ele>296.33</ele><time>2026-04-18T02:12:00Z</time></trkpt>
<trkpt lat="37.57743366" lon="126.94633580"><ele>296.09</ele><time>2026-04-18T02:12:01Z</time></trkpt>
<trkpt lat="37.57744164" lon="126.94632746"><ele>295.70</ele><time>2026-04-18T02:12:02Z</time></trkpt>
<trkpt lat="37.57744921" lon="126.94631971"><ele>294.48</ele><time>2026-04-18T02:12:03Z</time></trkpt>
<trkpt lat="37.57745241" lon="126.94631090"><ele>293.69</ele><time>2026-04-18T02:12:04Z</time></trkpt>
<trkpt lat="37.57747154" lon="126.94630298"><ele>293.39</ele><time>2026-04-18T02:12:07Z</time></trkpt>
<trkpt lat="37.57747708" lon="126.94630890"><ele>293.10</ele><time>2026-04-18T02:12:08Z</time></trkpt>
<trkpt lat="37.57748087" lon="126.94631956"><ele>293.92</ele><time>2026-04-18T02:12:09Z</time></trkpt>
<trkpt lat="37.57748850" lon="126.94632651"><ele>293.85</ele><time>2026-04-18T02:12:10Z</time></trkpt>
<trkpt lat="37.57749340" lon="126.94633535"><ele>293.50</ele><time>2026-04-18T02:12:11Z</time></trkpt>
<trkpt lat="37.57750610" lon="126.94633708"><ele>292.72</ele><time>2026-04-18T02:12:13Z</time></trkpt>
<trkpt lat="37.57750919" lon="126.94632487"><ele>291.62</ele><time>2026-04-18T02:12:14Z</time></trkpt>
<trkpt lat="37.57751177" lon="126.94631549"><ele>290.80</ele><time>2026-04-18T02:12:15Z</time></trkpt>
<trkpt lat="37.57751356" lon="126.94630510"><ele>289.41</ele><time>2026-04-18T02:12:16Z</time></trkpt>
<trkpt lat="37.57751638" lon="126.94629603"><ele>288.63</ele><time>2026-04-18T02:12:17Z</time></trkpt>
<trkpt lat="37.57752955" lon="126.94628683"><ele>287.64</ele><time>2026-04-18T02:12:19Z</time></trkpt>
<trkpt lat="37.57753834" lon="126.94630298"><ele>287.44</ele><time>2026-04-18T02:12:20Z</time></trkpt>
<trkpt lat="37.57752009" lon="126.94632501"><ele>287.37</ele><time>2026-04-18T02:12:21Z</time></trkpt>
<trkpt lat="37.57749832" lon="126.94631053"><ele>287.17</ele><time>2026-04-18T02:12:22Z</time></trkpt>
<trkpt lat="37.57749356" lon="126.94629778"><ele>286.90</ele><time>2026-04-18T02:12:23Z</time></trkpt>
<trkpt lat="37.57750585" lon="126.94633848"><ele>287.69</ele><time>2026-04-18T02:12:25Z</time></trkpt>
<trkpt lat="37.57750514" lon="126.94634838"><ele>287.53</ele><time>2026-04-18T02:12:26Z</time></trkpt>
<trkpt lat="37.57750641" lon="126.94635656"><ele>287.50</ele><time>2026-04-18T02:12:27Z</time></trkpt>
<trkpt lat="37.57751180" lon="126.94636749"><ele>286.54</ele><time>2026-04-18T02:12:29Z</time></trkpt>
<trkpt lat="37.57752031" lon="126.94636877"><ele>287.14</ele><time>2026-04-18T02:12:30Z</time></trkpt>
<trkpt lat="37.57754135" lon="126.94637076"><ele>285.64</ele><time>2026-04-18T02:12:32Z</time></trkpt>
<trkpt lat="37.57755347" lon="126.94637472"><ele>284.93</ele><time>2026-04-18T02:12:34Z</time></trkpt>
<trkpt lat="37.57756067" lon="126.94638248"><ele>284.28</ele><time>2026-04-18T02:12:36Z</time></trkpt>
<trkpt lat="37.57756535" lon="126.94636706"><ele>284.08</ele><time>2026-04-18T02:12:38Z</time></trkpt>
<trkpt lat="37.57756855" lon="126.94635744"><ele>284.55</ele><time>2026-04-18T02:12:40Z</time></trkpt>
<trkpt lat="37.57757384" lon="126.94634863"><ele>283.17</ele><time>2026-04-18T02:12:42Z</time></trkpt>
<trkpt lat="37.57757859" lon="126.94633869"><ele>281.84</ele><time>2026-04-18T02:12:44Z</time></trkpt>
<trkpt lat="37.57759029" lon="126.94633545"><ele>281.38</ele><time>2026-04-18T02:12:46Z</time></trkpt>
<trkpt lat="37.57759718" lon="126.94633906"><ele>281.20</ele><time>2026-04-18T02:12:47Z</time></trkpt>
<trkpt lat="37.57760219" lon="126.94634618"><ele>281.11</ele><time>2026-04-18T02:12:48Z</time></trkpt>
<trkpt lat="37.57760699" lon="126.94635379"><ele>280.70</ele><time>2026-04-18T02:12:49Z</time></trkpt>
<trkpt lat="37.57762014" lon="126.94637379"><ele>280.73</ele><time>2026-04-18T02:12:51Z</time></trkpt>
<trkpt lat="37.57762463" lon="126.94638417"><ele>281.22</ele><time>2026-04-18T02:12:52Z</time></trkpt>
<trkpt lat="37.57762461" lon="126.94639448"><ele>280.57</ele><time>2026-04-18T02:12:53Z</time></trkpt>
<trkpt lat="37.57762341" lon="126.94640278"><ele>280.32</ele><time>2026-04-18T02:12:54Z</time></trkpt>
<trkpt lat="37.57762198" lon="126.94641127"><ele>280.04</ele><time>2026-04-18T02:12:55Z</time></trkpt>
<trkpt lat="37.57762341" lon="126.94643173"><ele>279.74</ele><time>2026-04-18T02:12:57Z</time></trkpt>
<trkpt lat="37.57762858" lon="126.94643728"><ele>279.60</ele><time>2026-04-18T02:12:58Z</time></trkpt>
<trkpt lat="37.57763890" lon="126.94643852"><ele>279.83</ele><time>2026-04-18T02:12:59Z</time></trkpt>
<trkpt lat="37.57764936" lon="126.94643373"><ele>279.86</ele><time>2026-04-18T02:13:00Z</time></trkpt>
<trkpt lat="37.57765718" lon="126.94642559"><ele>279.85</ele><time>2026-04-18T02:13:01Z</time></trkpt>
<trkpt lat="37.57766499" lon="126.94640890"><ele>278.84</ele><time>2026-04-18T02:13:03Z</time></trkpt>
<trkpt lat="37.57766857" lon="126.94639811"><ele>278.71</ele><time>2026-04-18T02:13:04Z</time></trkpt>
<trkpt lat="37.57767074" lon="126.94638788"><ele>278.83</ele><time>2026-04-18T02:13:05Z</time></trkpt>
<trkpt lat="37.57767622" lon="126.94638326"><ele>278.60</ele><time>2026-04-18T02:13:06Z</time></trkpt>
<trkpt lat="37.57768259" lon="126.94637922"><ele>277.32</ele><time>2026-04-18T02:13:07Z</time></trkpt>
<trkpt lat="37.57769862" lon="126.94637176"><ele>278.03</ele><time>2026-04-18T02:13:09Z</time></trkpt>
<trkpt lat="37.57770490" lon="126.94636934"><ele>277.64</ele><time>2026-04-18T02:13:10Z</time></trkpt>
<trkpt lat="37.57771342" lon="126.94636741"><ele>277.86</ele><time>2026-04-18T02:13:11Z</time></trkpt>
<trkpt lat="37.57772328" lon="126.94635891"><ele>277.34</ele><time>2026-04-18T02:13:13Z</time></trkpt>
<trkpt lat="37.57772915" lon="126.94634814"><ele>276.20</ele><time>2026-04-18T02:13:15Z</time></trkpt>
<trkpt lat="37.57773646" lon="126.94632658"><ele>274.70</ele><time>2026-04-18T02:13:18Z</time></trkpt>
<trkpt lat="37.57773915" lon="126.94631236"><ele>273.06</ele><time>2026-04-18T02:13:20Z</time></trkpt>
<trkpt lat="37.57774163" lon="126.94630024"><ele>271.74</ele><time>2026-04-18T02:13:22Z</time></trkpt>
<trkpt lat="37.57774605" lon="126.94629341"><ele>271.33</ele><time>2026-04-18T02:13:23Z</time></trkpt>
<trkpt lat="37.57775442" lon="126.94629037"><ele>271.01</ele><time>2026-04-18T02:13:24Z</time></trkpt>
<trkpt lat="37.57776288" lon="126.94628994"><ele>270.94</ele><time>2026-04-18T02:13:25Z</time></trkpt>
<trkpt lat="37.57777974" lon="126.94629557"><ele>270.79</ele><time>2026-04-18T02:13:27Z</time></trkpt>
<trkpt lat="37.57778581" lon="126.94629919"><ele>270.26</ele><time>2026-04-18T02:13:28Z</time></trkpt>
<trkpt lat="37.57779197" lon="126.94630161"><ele>269.89</ele><time>2026-04-18T02:13:29Z</time></trkpt>
<trkpt lat="37.57779834" lon="126.94629938"><ele>269.76</ele><time>2026-04-18T02:13:30Z</time></trkpt>
<trkpt lat="37.57779682" lon="126.94628221"><ele>269.03</ele><time>2026-04-18T02:13:32Z</time></trkpt>
<trkpt lat="37.57779343" lon="126.94626083"><ele>268.32</ele><time>2026-04-18T02:13:34Z</time></trkpt>
<trkpt lat="37.57778950" lon="126.94625352"><ele>267.26</ele><time>2026-04-18T02:13:35Z</time></trkpt>
<trkpt lat="37.57778585" lon="126.94624296"><ele>266.83</ele><time>2026-04-18T02:13:36Z</time></trkpt>
<trkpt lat="37.57779030" lon="126.94622984"><ele>265.57</ele><time>2026-04-18T02:13:38Z</time></trkpt>
<trkpt lat="37.57779408" lon="126.94622153"><ele>264.96</ele><time>2026-04-18T02:13:39Z</time></trkpt>
<trkpt lat="37.57780526" lon="126.94620522"><ele>264.53</ele><time>2026-04-18T02:13:41Z</time></trkpt>
<trkpt lat="37.57781001" lon="126.94619839"><ele>264.36</ele><time>2026-04-18T02:13:42Z</time></trkpt>
<trkpt lat="37.57781382" lon="126.94618435"><ele>263.84</ele><time>2026-04-18T02:13:44Z</time></trkpt>
<trkpt lat="37.57781259" lon="126.94617515"><ele>263.14</ele><time>2026-04-18T02:13:45Z</time></trkpt>
<trkpt lat="37.57781194" lon="126.94615887"><ele>262.23</ele><time>2026-04-18T02:13:47Z</time></trkpt>
<trkpt lat="37.57780592" lon="126.94613423"><ele>261.80</ele><time>2026-04-18T02:13:50Z</time></trkpt>
<trkpt lat="37.57780768" lon="126.94612285"><ele>262.01</ele><time>2026-04-18T02:13:51Z</time></trkpt>
<trkpt lat="37.57781366" lon="126.94611710"><ele>261.76</ele><time>2026-04-18T02:13:52Z</time></trkpt>
<trkpt lat="37.57782081" lon="126.94611635"><ele>261.69</ele><time>2026-04-18T02:13:53Z</time></trkpt>
<trkpt lat="37.57783169" lon="126.94611624"><ele>261.46</ele><time>2026-04-18T02:13:54Z</time></trkpt>
<trkpt lat="37.57784331" lon="126.94612780"><ele>261.45</ele><time>2026-04-18T02:13:56Z</time></trkpt>
<trkpt lat="37.57785061" lon="126.94613472"><ele>261.35</ele><time>2026-04-18T02:13:57Z</time></trkpt>
<trkpt lat="37.57785847" lon="126.94613862"><ele>261.17</ele><time>2026-04-18T02:13:58Z</time></trkpt>
<trkpt lat="37.57786431" lon="126.94614228"><ele>260.68</ele><time>2026-04-18T02:13:59Z</time></trkpt>
<trkpt lat="37.57787168" lon="126.94614262"><ele>260.81</ele><time>2026-04-18T02:14:00Z</time></trkpt>
<trkpt lat="37.57787857" lon="126.94613764"><ele>260.79</ele><time>2026-04-18T02:14:01Z</time></trkpt>
<trkpt lat="37.57788877" lon="126.94611761"><ele>258.90</ele><time>2026-04-18T02:14:05Z</time></trkpt>
<trkpt lat="37.57789524" lon="126.94611021"><ele>258.97</ele><time>2026-04-18T02:14:06Z</time></trkpt>
<trkpt lat="37.57789794" lon="126.94610206"><ele>258.70</ele><time>2026-04-18T02:14:07Z</time></trkpt>
<trkpt lat="37.57790209" lon="126.94609396"><ele>258.67</ele><time>2026-04-18T02:14:08Z</time></trkpt>
<trkpt lat="37.57790765" lon="126.94608741"><ele>258.93</ele><time>2026-04-18T02:14:09Z</time></trkpt>
<trkpt lat="37.57792744" lon="126.94607471"><ele>258.20</ele><time>2026-04-18T02:14:12Z</time></trkpt>
<trkpt lat="37.57793631" lon="126.94606981"><ele>257.28</ele><time>2026-04-18T02:14:14Z</time></trkpt>
<trkpt lat="37.57794422" lon="126.94606579"><ele>257.00</ele><time>2026-04-18T02:14:15Z</time></trkpt>
<trkpt lat="37.57795517" lon="126.94606088"><ele>256.03</ele><time>2026-04-18T02:14:17Z</time></trkpt>
<trkpt lat="37.57796217" lon="126.94605654"><ele>256.22</ele><time>2026-04-18T02:14:18Z</time></trkpt>
<trkpt lat="37.57797729" lon="126.94604649"><ele>254.95</ele><time>2026-04-18T02:14:21Z</time></trkpt>
<trkpt lat="37.57798469" lon="126.94604316"><ele>255.14</ele><time>2026-04-18T02:14:22Z</time></trkpt>
<trkpt lat="37.57799468" lon="126.94604020"><ele>254.88</ele><time>2026-04-18T02:14:23Z</time></trkpt>
<trkpt lat="37.57800183" lon="126.94603463"><ele>254.32</ele><time>2026-04-18T02:14:24Z</time></trkpt>
<trkpt lat="37.57800542" lon="126.94602757"><ele>254.25</ele><time>2026-04-18T02:14:25Z</time></trkpt>
<trkpt lat="37.57799638" lon="126.94599726"><ele>255.43</ele><time>2026-04-18T02:14:27Z</time></trkpt>
<trkpt lat="37.57798871" lon="126.94597834"><ele>256.09</ele><time>2026-04-18T02:14:28Z</time></trkpt>
<trkpt lat="37.57798643" lon="126.94596710"><ele>254.47</ele><time>2026-04-18T02:14:29Z</time></trkpt>
<trkpt lat="37.57798842" lon="126.94595462"><ele>254.40</ele><time>2026-04-18T02:14:30Z</time></trkpt>
<trkpt lat="37.57799322" lon="126.94593835"><ele>254.68</ele><time>2026-04-18T02:14:31Z</time></trkpt>
<trkpt lat="37.57799600" lon="126.94590559"><ele>255.54</ele><time>2026-04-18T02:14:33Z</time></trkpt>
<trkpt lat="37.57799334" lon="126.94589041"><ele>254.04</ele><time>2026-04-18T02:14:34Z</time></trkpt>
<trkpt lat="37.57799102" lon="126.94587407"><ele>253.87</ele><time>2026-04-18T02:14:35Z</time></trkpt>
<trkpt lat="37.57798679" lon="126.94585938"><ele>253.80</ele><time>2026-04-18T02:14:36Z</time></trkpt>
<trkpt lat="37.57798690" lon="126.94584442"><ele>253.69</ele><time>2026-04-18T02:14:37Z</time></trkpt>
<trkpt lat="37.57799007" lon="126.94583275"><ele>253.08</ele><time>2026-04-18T02:14:38Z</time></trkpt>
<trkpt lat="37.57799588" lon="126.94581396"><ele>252.01</ele><time>2026-04-18T02:14:40Z</time></trkpt>
<trkpt lat="37.57800147" lon="126.94580427"><ele>252.45</ele><time>2026-04-18T02:14:41Z</time></trkpt>
<trkpt lat="37.57800372" lon="126.94578859"><ele>252.57</ele><time>2026-04-18T02:14:42Z</time></trkpt>
<trkpt lat="37.57800443" lon="126.94577683"><ele>252.34</ele><time>2026-04-18T02:14:43Z</time></trkpt>
<trkpt lat="37.57800353" lon="126.94576337"><ele>252.32</ele><time>2026-04-18T02:14:44Z</time></trkpt>
<trkpt lat="37.57799920" lon="126.94575100"><ele>251.90</ele><time>2026-04-18T02:14:45Z</time></trkpt>
<trkpt lat="37.57799527" lon="126.94574212"><ele>252.18</ele><time>2026-04-18T02:14:46Z</time></trkpt>
<trkpt lat="37.57798771" lon="126.94573429"><ele>250.27</ele><time>2026-04-18T02:14:47Z</time></trkpt>
<trkpt lat="37.57798174" lon="126.94572522"><ele>250.15</ele><time>2026-04-18T02:14:48Z</time></trkpt>
<trkpt lat="37.57797746" lon="126.94571457"><ele>248.85</ele><time>2026-04-18T02:14:49Z</time></trkpt>
<trkpt lat="37.57797371" lon="126.94568661"><ele>248.08</ele><time>2026-04-18T02:14:51Z</time></trkpt>
<trkpt lat="37.57797278" lon="126.94566968"><ele>247.98</ele><time>2026-04-18T02:14:52Z</time></trkpt>
<trkpt lat="37.57797352" lon="126.94565508"><ele>247.52</ele><time>2026-04-18T02:14:53Z</time></trkpt>
<trkpt lat="37.57797445" lon="126.94563981"><ele>247.31</ele><time>2026-04-18T02:14:54Z</time></trkpt>
<trkpt lat="37.57797450" lon="126.94562588"><ele>246.31</ele><time>2026-04-18T02:14:55Z</time></trkpt>
<trkpt lat="37.57796317" lon="126.94559477"><ele>245.15</ele><time>2026-04-18T02:14:57Z</time></trkpt>
<trkpt lat="37.57796142" lon="126.94558069"><ele>245.30</ele><time>2026-04-18T02:14:58Z</time></trkpt>
<trkpt lat="37.57795541" lon="126.94556837"><ele>245.42</ele><time>2026-04-18T02:14:59Z</time></trkpt>
<trkpt lat="37.57795196" lon="126.94555462"><ele>246.09</ele><time>2026-04-18T02:15:00Z</time></trkpt>
<trkpt lat="37.57794934" lon="126.94554488"><ele>246.19</ele><time>2026-04-18T02:15:01Z</time></trkpt>
<trkpt lat="37.57795252" lon="126.94552713"><ele>246.70</ele><time>2026-04-18T02:15:03Z</time></trkpt>
<trkpt lat="37.57795482" lon="126.94551242"><ele>247.03</ele><time>2026-04-18T02:15:04Z</time></trkpt>
<trkpt lat="37.57795701" lon="126.94550186"><ele>248.26</ele><time>2026-04-18T02:15:05Z</time></trkpt>
<trkpt lat="37.57796233" lon="126.94548998"><ele>248.03</ele><time>2026-04-18T02:15:06Z</time></trkpt>
<trkpt lat="37.57796573" lon="126.94548021"><ele>247.77</ele><time>2026-04-18T02:15:07Z</time></trkpt>
<trkpt lat="37.57797731" lon="126.94545570"><ele>247.98</ele><time>2026-04-18T02:15:09Z</time></trkpt>
<trkpt lat="37.57798109" lon="126.94544268"><ele>248.19</ele><time>2026-04-18T02:15:10Z</time></trkpt>
<trkpt lat="37.57798278" lon="126.94542960"><ele>248.23</ele><time>2026-04-18T02:15:11Z</time></trkpt>
<trkpt lat="37.57797965" lon="126.94541333"><ele>248.42</ele><time>2026-04-18T02:15:12Z</time></trkpt>
<trkpt lat="37.57797334" lon="126.94539813"><ele>247.65</ele><time>2026-04-18T02:15:13Z</time></trkpt>
<trkpt lat="37.57797295" lon="126.94538730"><ele>247.58</ele><time>2026-04-18T02:15:14Z</time></trkpt>
<trkpt lat="37.57798551" lon="126.94536182"><ele>249.61</ele><time>2026-04-18T02:15:16Z</time></trkpt>
<trkpt lat="37.57799458" lon="126.94535409"><ele>250.61</ele><time>2026-04-18T02:15:17Z</time></trkpt>
<trkpt lat="37.57800466" lon="126.94534772"><ele>250.79</ele><time>2026-04-18T02:15:18Z</time></trkpt>
<trkpt lat="37.57801765" lon="126.94535170"><ele>249.25</ele><time>2026-04-18T02:15:19Z</time></trkpt>
<trkpt lat="37.57803395" lon="126.94535697"><ele>249.00</ele><time>2026-04-18T02:15:20Z</time></trkpt>
<trkpt lat="37.57805109" lon="126.94537049"><ele>250.01</ele><time>2026-04-18T02:15:22Z</time></trkpt>
<trkpt lat="37.57805507" lon="126.94537735"><ele>249.71</ele><time>2026-04-18T02:15:23Z</time></trkpt>
<trkpt lat="37.57806195" lon="126.94538030"><ele>249.78</ele><time>2026-04-18T02:15:24Z</time></trkpt>
<trkpt lat="37.57807629" lon="126.94538299"><ele>249.01</ele><time>2026-04-18T02:15:25Z</time></trkpt>
<trkpt lat="37.57808678" lon="126.94538411"><ele>248.94</ele><time>2026-04-18T02:15:26Z</time></trkpt>
<trkpt lat="37.57811340" lon="126.94536662"><ele>246.26</ele><time>2026-04-18T02:15:28Z</time></trkpt>
<trkpt lat="37.57812711" lon="126.94535858"><ele>245.66</ele><time>2026-04-18T02:15:29Z</time></trkpt>
<trkpt lat="37.57813667" lon="126.94535308"><ele>245.55</ele><time>2026-04-18T02:15:30Z</time></trkpt>
<trkpt lat="37.57815070" lon="126.94535296"><ele>245.97</ele><time>2026-04-18T02:15:31Z</time></trkpt>
<trkpt lat="37.57816189" lon="126.94535195"><ele>245.67</ele><time>2026-04-18T02:15:32Z</time></trkpt>
<trkpt lat="37.57818070" lon="126.94534158"><ele>243.91</ele><time>2026-04-18T02:15:34Z</time></trkpt>
<trkpt lat="37.57818988" lon="126.94533577"><ele>243.25</ele><time>2026-04-18T02:15:35Z</time></trkpt>
<trkpt lat="37.57819986" lon="126.94533250"><ele>243.51</ele><time>2026-04-18T02:15:36Z</time></trkpt>
<trkpt lat="37.57820801" lon="126.94532791"><ele>244.00</ele><time>2026-04-18T02:15:37Z</time></trkpt>
<trkpt lat="37.57821551" lon="126.94531768"><ele>244.30</ele><time>2026-04-18T02:15:38Z</time></trkpt>
<trkpt lat="37.57824260" lon="126.94530599"><ele>244.00</ele><time>2026-04-18T02:15:40Z</time></trkpt>
<trkpt lat="37.57825483" lon="126.94530080"><ele>243.36</ele><time>2026-04-18T02:15:41Z</time></trkpt>
<trkpt lat="37.57826596" lon="126.94529633"><ele>243.84</ele><time>2026-04-18T02:15:42Z</time></trkpt>
<trkpt lat="37.57827572" lon="126.94529714"><ele>244.04</ele><time>2026-04-18T02:15:43Z</time></trkpt>
<trkpt lat="37.57828187" lon="126.94529497"><ele>243.64</ele><time>2026-04-18T02:15:44Z</time></trkpt>
<trkpt lat="37.57828819" lon="126.94528611"><ele>242.75</ele><time>2026-04-18T02:15:45Z</time></trkpt>
<trkpt lat="37.57830674" lon="126.94526729"><ele>241.47</ele><time>2026-04-18T02:15:47Z</time></trkpt>
<trkpt lat="37.57831986" lon="126.94525783"><ele>241.34</ele><time>2026-04-18T02:15:48Z</time></trkpt>
<trkpt lat="37.57833083" lon="126.94524490"><ele>240.71</ele><time>2026-04-18T02:15:49Z</time></trkpt>
<trkpt lat="37.57833939" lon="126.94523074"><ele>241.02</ele><time>2026-04-18T02:15:50Z</time></trkpt>
<trkpt lat="37.57835205" lon="126.94521654"><ele>240.46</ele><time>2026-04-18T02:15:51Z</time></trkpt>
<trkpt lat="37.57837498" lon="126.94519549"><ele>241.85</ele><time>2026-04-18T02:15:53Z</time></trkpt>
<trkpt lat="37.57838576" lon="126.94518523"><ele>242.24</ele><time>2026-04-18T02:15:54Z</time></trkpt>
<trkpt lat="37.57839658" lon="126.94517528"><ele>241.33</ele><time>2026-04-18T02:15:55Z</time></trkpt>
<trkpt lat="37.57841051" lon="126.94516696"><ele>241.07</ele><time>2026-04-18T02:15:56Z</time></trkpt>
<trkpt lat="37.57842561" lon="126.94515932"><ele>241.42</ele><time>2026-04-18T02:15:57Z</time></trkpt>
<trkpt lat="37.57844497" lon="126.94513942"><ele>239.27</ele><time>2026-04-18T02:15:59Z</time></trkpt>
<trkpt lat="37.57845399" lon="126.94513312"><ele>238.89</ele><time>2026-04-18T02:16:00Z</time></trkpt>
<trkpt lat="37.57845399" lon="126.94513312"><ele>238.89</ele><time>2026-04-18T02:16:00Z</time></trkpt>
<trkpt lat="37.57846257" lon="126.94512751"><ele>238.72</ele><time>2026-04-18T02:16:01Z</time></trkpt>
<trkpt lat="37.57847100" lon="126.94512080"><ele>238.13</ele><time>2026-04-18T02:16:02Z</time></trkpt>
<trkpt lat="37.57849294" lon="126.94511166"><ele>238.77</ele><time>2026-04-18T02:16:04Z</time></trkpt>
<trkpt lat="37.57850448" lon="126.94510584"><ele>238.65</ele><time>2026-04-18T02:16:05Z</time></trkpt>
<trkpt lat="37.57851293" lon="126.94509860"><ele>238.16</ele><time>2026-04-18T02:16:06Z</time></trkpt>
<trkpt lat="37.57852337" lon="126.94509004"><ele>238.63</ele><time>2026-04-18T02:16:07Z</time></trkpt>
<trkpt lat="37.57853307" lon="126.94508192"><ele>238.57</ele><time>2026-04-18T02:16:08Z</time></trkpt>
<trkpt lat="37.57855141" lon="126.94506335"><ele>238.17</ele><time>2026-04-18T02:16:10Z</time></trkpt>
<trkpt lat="37.57855884" lon="126.94505318"><ele>238.04</ele><time>2026-04-18T02:16:11Z</time></trkpt>
<trkpt lat="37.57856473" lon="126.94504341"><ele>237.80</ele><time>2026-04-18T02:16:12Z</time></trkpt>
<trkpt lat="37.57857111" lon="126.94503044"><ele>237.80</ele><time>2026-04-18T02:16:13Z</time></trkpt>
<trkpt lat="37.57857585" lon="126.94501755"><ele>237.17</ele><time>2026-04-18T02:16:14Z</time></trkpt>
<trkpt lat="37.57858510" lon="126.94500266"><ele>237.50</ele><time>2026-04-18T02:16:15Z</time></trkpt>
<trkpt lat="37.57860531" lon="126.94498203"><ele>237.41</ele><time>2026-04-18T02:16:17Z</time></trkpt>
<trkpt lat="37.57861428" lon="126.94497087"><ele>237.57</ele><time>2026-04-18T02:16:18Z</time></trkpt>
<trkpt lat="37.57862429" lon="126.94495752"><ele>238.03</ele><time>2026-04-18T02:16:19Z</time></trkpt>
<trkpt lat="37.57863579" lon="126.94494542"><ele>238.62</ele><time>2026-04-18T02:16:20Z</time></trkpt>
<trkpt lat="37.57864787" lon="126.94493544"><ele>238.84</ele><time>2026-04-18T02:16:21Z</time></trkpt>
<trkpt lat="37.57866643" lon="126.94492131"><ele>238.59</ele><time>2026-04-18T02:16:23Z</time></trkpt>
<trkpt lat="37.57867759" lon="126.94491507"><ele>238.43</ele><time>2026-04-18T02:16:24Z</time></trkpt>
<trkpt lat="37.57868670" lon="126.94490563"><ele>238.37</ele><time>2026-04-18T02:16:25Z</time></trkpt>
<trkpt lat="37.57869670" lon="126.94489797"><ele>238.79</ele><time>2026-04-18T02:16:26Z</time></trkpt>
<trkpt lat="37.57870803" lon="126.94489390"><ele>238.64</ele><time>2026-04-18T02:16:27Z</time></trkpt>
<trkpt lat="37.57872753" lon="126.94488569"><ele>239.00</ele><time>2026-04-18T02:16:29Z</time></trkpt>
<trkpt lat="37.57873897" lon="126.94488077"><ele>238.86</ele><time>2026-04-18T02:16:30Z</time></trkpt>
<trkpt lat="37.57874791" lon="126.94487718"><ele>238.74</ele><time>2026-04-18T02:16:31Z</time></trkpt>
<trkpt lat="37.57875621" lon="126.94487602"><ele>237.96</ele><time>2026-04-18T02:16:32Z</time></trkpt>
<trkpt lat="37.57876571" lon="126.94487484"><ele>239.15</ele><time>2026-04-18T02:16:33Z</time></trkpt>
<trkpt lat="37.57878335" lon="126.94487758"><ele>239.53</ele><time>2026-04-18T02:16:35Z</time></trkpt>
<trkpt lat="37.57879125" lon="126.94487583"><ele>239.38</ele><time>2026-04-18T02:16:36Z</time></trkpt>
<trkpt lat="37.57879125" lon="126.94487583"><ele>239.38</ele><time>2026-04-18T02:16:36Z</time></trkpt>
<trkpt lat="37.57879840" lon="126.94487307"><ele>238.84</ele><time>2026-04-18T02:16:37Z</time></trkpt>
<trkpt lat="37.57880665" lon="126.94487226"><ele>238.81</ele><time>2026-04-18T02:16:38Z</time></trkpt>
<trkpt lat="37.57883095" lon="126.94487552"><ele>238.48</ele><time>2026-04-18T02:16:40Z</time></trkpt>
<trkpt lat="37.57884239" lon="126.94487640"><ele>238.55</ele><time>2026-04-18T02:16:41Z</time></trkpt>
<trkpt lat="37.57885406" lon="126.94487301"><ele>238.54</ele><time>2026-04-18T02:16:42Z</time></trkpt>
<trkpt lat="37.57886543" lon="126.94486705"><ele>238.81</ele><time>2026-04-18T02:16:43Z</time></trkpt>
<trkpt lat="37.57887711" lon="126.94486391"><ele>238.71</ele><time>2026-04-18T02:16:44Z</time></trkpt>
<trkpt lat="37.57888770" lon="126.94486384"><ele>237.89</ele><time>2026-04-18T02:16:45Z</time></trkpt>
<trkpt lat="37.57890370" lon="126.94484728"><ele>236.90</ele><time>2026-04-18T02:16:47Z</time></trkpt>
<trkpt lat="37.57891104" lon="126.94484147"><ele>237.25</ele><time>2026-04-18T02:16:48Z</time></trkpt>
<trkpt lat="37.57892022" lon="126.94483943"><ele>237.34</ele><time>2026-04-18T02:16:49Z</time></trkpt>
<trkpt lat="37.57892821" lon="126.94483894"><ele>237.23</ele><time>2026-04-18T02:16:50Z</time></trkpt>
<trkpt lat="37.57893816" lon="126.94483896"><ele>237.12</ele><time>2026-04-18T02:16:51Z</time></trkpt>
<trkpt lat="37.57895795" lon="126.94483543"><ele>236.89</ele><time>2026-04-18T02:16:53Z</time></trkpt>
<trkpt lat="37.57896496" lon="126.94483509"><ele>237.18</ele><time>2026-04-18T02:16:54Z</time></trkpt>
<trkpt lat="37.57897246" lon="126.94483645"><ele>237.50</ele><time>2026-04-18T02:16:55Z</time></trkpt>
<trkpt lat="37.57898116" lon="126.94483669"><ele>237.34</ele><time>2026-04-18T02:16:56Z</time></trkpt>
<trkpt lat="37.57899018" lon="126.94483378"><ele>236.77</ele><time>2026-04-18T02:16:57Z</time></trkpt>
<trkpt lat="37.57900644" lon="126.94483252"><ele>236.07</ele><time>2026-04-18T02:16:59Z</time></trkpt>
<trkpt lat="37.57901574" lon="126.94483211"><ele>236.00</ele><time>2026-04-18T02:17:00Z</time></trkpt>
<trkpt lat="37.57902406" lon="126.94483168"><ele>236.01</ele><time>2026-04-18T02:17:01Z</time></trkpt>
<trkpt lat="37.57903151" lon="126.94483068"><ele>236.05</ele><time>2026-04-18T02:17:02Z</time></trkpt>
<trkpt lat="37.57903999" lon="126.94482658"><ele>236.11</ele><time>2026-04-18T02:17:03Z</time></trkpt>
<trkpt lat="37.57905533" lon="126.94482029"><ele>235.17</ele><time>2026-04-18T02:17:05Z</time></trkpt>
<trkpt lat="37.57906449" lon="126.94481769"><ele>235.37</ele><time>2026-04-18T02:17:06Z</time></trkpt>
<trkpt lat="37.57907360" lon="126.94481287"><ele>235.21</ele><time>2026-04-18T02:17:07Z</time></trkpt>
<trkpt lat="37.57908236" lon="126.94480780"><ele>234.73</ele><time>2026-04-18T02:17:08Z</time></trkpt>
<trkpt lat="37.57909193" lon="126.94480633"><ele>235.30</ele><time>2026-04-18T02:17:09Z</time></trkpt>
<trkpt lat="37.57910769" lon="126.94480183"><ele>234.62</ele><time>2026-04-18T02:17:11Z</time></trkpt>
<trkpt lat="37.57911723" lon="126.94480132"><ele>234.55</ele><time>2026-04-18T02:17:12Z</time></trkpt>
<trkpt lat="37.57912691" lon="126.94480025"><ele>234.53</ele><time>2026-04-18T02:17:13Z</time></trkpt>
<trkpt lat="37.57913625" lon="126.94479863"><ele>234.50</ele><time>2026-04-18T02:17:14Z</time></trkpt>
<trkpt lat="37.57914447" lon="126.94479796"><ele>233.79</ele><time>2026-04-18T02:17:15Z</time></trkpt>
<trkpt lat="37.57916163" lon="126.94479298"><ele>233.20</ele><time>2026-04-18T02:17:17Z</time></trkpt>
<trkpt lat="37.57916784" lon="126.94478466"><ele>233.33</ele><time>2026-04-18T02:17:18Z</time></trkpt>
<trkpt lat="37.57917721" lon="126.94478098"><ele>232.36</ele><time>2026-04-18T02:17:19Z</time></trkpt>
<trkpt lat="37.57918542" lon="126.94477839"><ele>231.87</ele><time>2026-04-18T02:17:20Z</time></trkpt>
<trkpt lat="37.57919333" lon="126.94477678"><ele>231.33</ele><time>2026-04-18T02:17:21Z</time></trkpt>
<trkpt lat="37.57920185" lon="126.94477297"><ele>230.82</ele><time>2026-04-18T02:17:22Z</time></trkpt>
<trkpt lat="37.57922415" lon="126.94476586"><ele>230.31</ele><time>2026-04-18T02:17:24Z</time></trkpt>
<trkpt lat="37.57923349" lon="126.94476251"><ele>230.04</ele><time>2026-04-18T02:17:25Z</time></trkpt>
<trkpt lat="37.57924367" lon="126.94475856"><ele>229.67</ele><time>2026-04-18T02:17:26Z</time></trkpt>
<trkpt lat="37.57925305" lon="126.94475647"><ele>229.32</ele><time>2026-04-18T02:17:27Z</time></trkpt>
<trkpt lat="37.57926300" lon="126.94475513"><ele>228.96</ele><time>2026-04-18T02:17:28Z</time></trkpt>
<trkpt lat="37.57928223" lon="126.94474772"><ele>227.58</ele><time>2026-04-18T02:17:30Z</time></trkpt>
<trkpt lat="37.57929121" lon="126.94474193"><ele>226.73</ele><time>2026-04-18T02:17:31Z</time></trkpt>
<trkpt lat="37.57930137" lon="126.94473732"><ele>226.42</ele><time>2026-04-18T02:17:32Z</time></trkpt>
<trkpt lat="37.57931002" lon="126.94473045"><ele>225.75</ele><time>2026-04-18T02:17:33Z</time></trkpt>
<trkpt lat="37.57931834" lon="126.94472329"><ele>224.97</ele><time>2026-04-18T02:17:34Z</time></trkpt>
<trkpt lat="37.57933866" lon="126.94470804"><ele>224.09</ele><time>2026-04-18T02:17:36Z</time></trkpt>
<trkpt lat="37.57934750" lon="126.94469888"><ele>223.60</ele><time>2026-04-18T02:17:37Z</time></trkpt>
<trkpt lat="37.57935673" lon="126.94468720"><ele>223.02</ele><time>2026-04-18T02:17:38Z</time></trkpt>
<trkpt lat="37.57936608" lon="126.94467607"><ele>222.47</ele><time>2026-04-18T02:17:39Z</time></trkpt>
<trkpt lat="37.57937558" lon="126.94466497"><ele>222.86</ele><time>2026-04-18T02:17:40Z</time></trkpt>
<trkpt lat="37.57939191" lon="126.94464258"><ele>222.37</ele><time>2026-04-18T02:17:42Z</time></trkpt>
<trkpt lat="37.57940116" lon="126.94463323"><ele>222.38</ele><time>2026-04-18T02:17:43Z</time></trkpt>
<trkpt lat="37.57940998" lon="126.94462687"><ele>222.11</ele><time>2026-04-18T02:17:44Z</time></trkpt>
<trkpt lat="37.57941844" lon="126.94461969"><ele>222.28</ele><time>2026-04-18T02:17:45Z</time></trkpt>
<trkpt lat="37.57942425" lon="126.94461608"><ele>222.25</ele><time>2026-04-18T02:17:46Z</time></trkpt>
<trkpt lat="37.57942939" lon="126.94464022"><ele>221.57</ele><time>2026-04-18T02:17:53Z</time></trkpt>
<trkpt lat="37.57943788" lon="126.94463259"><ele>221.60</ele><time>2026-04-18T02:17:54Z</time></trkpt>
<trkpt lat="37.57945418" lon="126.94462015"><ele>221.73</ele><time>2026-04-18T02:17:55Z</time></trkpt>
<trkpt lat="37.57947271" lon="126.94461744"><ele>221.07</ele><time>2026-04-18T02:17:56Z</time></trkpt>
<trkpt lat="37.57948284" lon="126.94460800"><ele>220.95</ele><time>2026-04-18T02:17:57Z</time></trkpt>
<trkpt lat="37.57948695" lon="126.94459500"><ele>220.78</ele><time>2026-04-18T02:17:58Z</time></trkpt>
<trkpt lat="37.57949316" lon="126.94456273"><ele>220.85</ele><time>2026-04-18T02:18:00Z</time></trkpt>
<trkpt lat="37.57949649" lon="126.94454764"><ele>220.97</ele><time>2026-04-18T02:18:01Z</time></trkpt>
<trkpt lat="37.57949928" lon="126.94453132"><ele>220.91</ele><time>2026-04-18T02:18:02Z</time></trkpt>
<trkpt lat="37.57949948" lon="126.94451554"><ele>220.76</ele><time>2026-04-18T02:18:03Z</time></trkpt>
<trkpt lat="37.57950250" lon="126.94449877"><ele>220.97</ele><time>2026-04-18T02:18:04Z</time></trkpt>
<trkpt lat="37.57950678" lon="126.94446354"><ele>221.08</ele><time>2026-04-18T02:18:06Z</time></trkpt>
<trkpt lat="37.57950678" lon="126.94446354"><ele>221.08</ele><time>2026-04-18T02:18:06Z</time></trkpt>
<trkpt lat="37.57951076" lon="126.94445099"><ele>220.57</ele><time>2026-04-18T02:18:07Z</time></trkpt>
<trkpt lat="37.57951469" lon="126.94443911"><ele>220.91</ele><time>2026-04-18T02:18:08Z</time></trkpt>
<trkpt lat="37.57952034" lon="126.94442388"><ele>221.19</ele><time>2026-04-18T02:18:09Z</time></trkpt>
<trkpt lat="37.57953103" lon="126.94439613"><ele>221.55</ele><time>2026-04-18T02:18:11Z</time></trkpt>
<trkpt lat="37.57953689" lon="126.94438285"><ele>221.34</ele><time>2026-04-18T02:18:12Z</time></trkpt>
<trkpt lat="37.57954151" lon="126.94436667"><ele>221.35</ele><time>2026-04-18T02:18:13Z</time></trkpt>
<trkpt lat="37.57954744" lon="126.94434992"><ele>221.60</ele><time>2026-04-18T02:18:14Z</time></trkpt>
<trkpt lat="37.57954958" lon="126.94433404"><ele>221.40</ele><time>2026-04-18T02:18:15Z</time></trkpt>
<trkpt lat="37.57956093" lon="126.94431163"><ele>222.01</ele><time>2026-04-18T02:18:17Z</time></trkpt>
<trkpt lat="37.57956419" lon="126.94429935"><ele>221.48</ele><time>2026-04-18T02:18:18Z</time></trkpt>
<trkpt lat="37.57956684" lon="126.94428583"><ele>221.23</ele><time>2026-04-18T02:18:19Z</time></trkpt>
<trkpt lat="37.57957230" lon="126.94427428"><ele>220.84</ele><time>2026-04-18T02:18:20Z</time></trkpt>
<trkpt lat="37.57957661" lon="126.94426149"><ele>220.26</ele><time>2026-04-18T02:18:21Z</time></trkpt>
<trkpt lat="37.57958814" lon="126.94424053"><ele>219.33</ele><time>2026-04-18T02:18:23Z</time></trkpt>
<trkpt lat="37.57959613" lon="126.94422898"><ele>219.70</ele><time>2026-04-18T02:18:24Z</time></trkpt>
<trkpt lat="37.57960338" lon="126.94421971"><ele>219.41</ele><time>2026-04-18T02:18:25Z</time></trkpt>
<trkpt lat="37.57960700" lon="126.94420792"><ele>219.28</ele><time>2026-04-18T02:18:26Z</time></trkpt>
<trkpt lat="37.57961735" lon="126.94419850"><ele>219.52</ele><time>2026-04-18T02:18:27Z</time></trkpt>
<trkpt lat="37.57962599" lon="126.94418716"><ele>219.48</ele><time>2026-04-18T02:18:28Z</time></trkpt>
<trkpt lat="37.57964978" lon="126.94417368"><ele>219.84</ele><time>2026-04-18T02:18:30Z</time></trkpt>
<trkpt lat="37.57966057" lon="126.94416751"><ele>219.17</ele><time>2026-04-18T02:18:31Z</time></trkpt>
<trkpt lat="37.57967075" lon="126.94416242"><ele>219.38</ele><time>2026-04-18T02:18:32Z</time></trkpt>
<trkpt lat="37.57968111" lon="126.94415475"><ele>219.10</ele><time>2026-04-18T02:18:33Z</time></trkpt>
<trkpt lat="37.57968916" lon="126.94414858"><ele>219.03</ele><time>2026-04-18T02:18:34Z</time></trkpt>
<trkpt lat="37.57970834" lon="126.94413908"><ele>217.78</ele><time>2026-04-18T02:18:36Z</time></trkpt>
<trkpt lat="37.57971878" lon="126.94413521"><ele>217.71</ele><time>2026-04-18T02:18:37Z</time></trkpt>
<trkpt lat="37.57972912" lon="126.94413118"><ele>217.30</ele><time>2026-04-18T02:18:38Z</time></trkpt>
<trkpt lat="37.57973989" lon="126.94412829"><ele>216.91</ele><time>2026-04-18T02:18:39Z</time></trkpt>
<trkpt lat="37.57974922" lon="126.94413350"><ele>217.22</ele><time>2026-04-18T02:18:40Z</time></trkpt>
<trkpt lat="37.57976632" lon="126.94414594"><ele>217.63</ele><time>2026-04-18T02:18:42Z</time></trkpt>
<trkpt lat="37.57977531" lon="126.94415949"><ele>218.95</ele><time>2026-04-18T02:18:49Z</time></trkpt>
<trkpt lat="37.57977531" lon="126.94415949"><ele>218.95</ele><time>2026-04-18T02:18:49Z</time></trkpt>
<trkpt lat="37.57978224" lon="126.94416772"><ele>218.94</ele><time>2026-04-18T02:18:50Z</time></trkpt>
<trkpt lat="37.57978835" lon="126.94417125"><ele>218.78</ele><time>2026-04-18T02:18:51Z</time></trkpt>
<trkpt lat="37.57980182" lon="126.94418017"><ele>218.30</ele><time>2026-04-18T02:18:53Z</time></trkpt>
<trkpt lat="37.57980513" lon="126.94419298"><ele>218.01</ele><time>2026-04-18T02:18:54Z</time></trkpt>
<trkpt lat="37.57980634" lon="126.94420573"><ele>218.11</ele><time>2026-04-18T02:18:55Z</time></trkpt>
<trkpt lat="37.57980424" lon="126.94421922"><ele>216.74</ele><time>2026-04-18T02:18:56Z</time></trkpt>
<trkpt lat="37.57979919" lon="126.94422995"><ele>215.39</ele><time>2026-04-18T02:18:57Z</time></trkpt>
<trkpt lat="37.57978856" lon="126.94425265"><ele>214.52</ele><time>2026-04-18T02:18:59Z</time></trkpt>
<trkpt lat="37.57978152" lon="126.94425888"><ele>213.84</ele><time>2026-04-18T02:19:00Z</time></trkpt>
<trkpt lat="37.57977337" lon="126.94426799"><ele>213.91</ele><time>2026-04-18T02:19:01Z</time></trkpt>
<trkpt lat="37.57976515" lon="126.94427491"><ele>213.33</ele><time>2026-04-18T02:19:02Z</time></trkpt>
<trkpt lat="37.57975944" lon="126.94427846"><ele>213.06</ele><time>2026-04-18T02:19:03Z</time></trkpt>
<trkpt lat="37.57975259" lon="126.94429179"><ele>212.49</ele><time>2026-04-18T02:19:05Z</time></trkpt>
<trkpt lat="37.57976138" lon="126.94431447"><ele>209.70</ele><time>2026-04-18T02:19:08Z</time></trkpt>
<trkpt lat="37.57976212" lon="126.94432281"><ele>209.90</ele><time>2026-04-18T02:19:09Z</time></trkpt>
<trkpt lat="37.57976367" lon="126.94433563"><ele>209.01</ele><time>2026-04-18T02:19:11Z</time></trkpt>
<trkpt lat="37.57977216" lon="126.94434148"><ele>208.68</ele><time>2026-04-18T02:19:13Z</time></trkpt>
<trkpt lat="37.57977792" lon="126.94434492"><ele>208.66</ele><time>2026-04-18T02:19:14Z</time></trkpt>
<trkpt lat="37.57979740" lon="126.94435504"><ele>208.13</ele><time>2026-04-18T02:19:18Z</time></trkpt>
<trkpt lat="37.57979817" lon="126.94437077"><ele>206.99</ele><time>2026-04-18T02:19:20Z</time></trkpt>
<trkpt lat="37.57979285" lon="126.94438535"><ele>207.22</ele><time>2026-04-18T02:19:21Z</time></trkpt>
<trkpt lat="37.57978700" lon="126.94439509"><ele>206.82</ele><time>2026-04-18T02:19:23Z</time></trkpt>
<trkpt lat="37.57978814" lon="126.94440401"><ele>206.63</ele><time>2026-04-18T02:19:24Z</time></trkpt>
<trkpt lat="37.57978403" lon="126.94443018"><ele>205.37</ele><time>2026-04-18T02:19:26Z</time></trkpt>
<trkpt lat="37.57978432" lon="126.94444266"><ele>205.27</ele><time>2026-04-18T02:19:27Z</time></trkpt>
<trkpt lat="37.57978207" lon="126.94445227"><ele>205.06</ele><time>2026-04-18T02:19:28Z</time></trkpt>
<trkpt lat="37.57978529" lon="126.94445913"><ele>204.32</ele><time>2026-04-18T02:19:29Z</time></trkpt>
<trkpt lat="37.57978961" lon="126.94446612"><ele>204.25</ele><time>2026-04-18T02:19:30Z</time></trkpt>
<trkpt lat="37.57977861" lon="126.94449706"><ele>204.87</ele><time>2026-04-18T02:19:33Z</time></trkpt>
<trkpt lat="37.57977189" lon="126.94450656"><ele>205.27</ele><time>2026-04-18T02:19:34Z</time></trkpt>
<trkpt lat="37.57976686" lon="126.94450145"><ele>204.63</ele><time>2026-04-18T02:19:36Z</time></trkpt>
<trkpt lat="37.57975569" lon="126.94451152"><ele>204.76</ele><time>2026-04-18T02:19:38Z</time></trkpt>
<trkpt lat="37.57975569" lon="126.94451152"><ele>204.76</ele><time>2026-04-18T02:19:38Z</time></trkpt>
<trkpt lat="37.57973438" lon="126.94453201"><ele>204.93</ele><time>2026-04-18T02:19:40Z</time></trkpt>
<trkpt lat="37.57972743" lon="126.94453334"><ele>204.73</ele><time>2026-04-18T02:19:41Z</time></trkpt>
<trkpt lat="37.57972961" lon="126.94452447"><ele>204.97</ele><time>2026-04-18T02:19:43Z</time></trkpt>
<trkpt lat="37.57973670" lon="126.94451448"><ele>205.44</ele><time>2026-04-18T02:19:55Z</time></trkpt>
<trkpt lat="37.57974251" lon="126.94450991"><ele>205.59</ele><time>2026-04-18T02:19:56Z</time></trkpt>
<trkpt lat="37.57976570" lon="126.94450399"><ele>205.90</ele><time>2026-04-18T02:19:58Z</time></trkpt>
<trkpt lat="37.57977081" lon="126.94451234"><ele>206.63</ele><time>2026-04-18T02:19:59Z</time></trkpt>
<trkpt lat="37.57977100" lon="126.94452212"><ele>206.09</ele><time>2026-04-18T02:20:00Z</time></trkpt>
<trkpt lat="37.57977186" lon="126.94453696"><ele>205.19</ele><time>2026-04-18T02:20:01Z</time></trkpt>
<trkpt lat="37.57977151" lon="126.94454651"><ele>205.11</ele><time>2026-04-18T02:20:02Z</time></trkpt>
<trkpt lat="37.57977229" lon="126.94455875"><ele>204.01</ele><time>2026-04-18T02:20:03Z</time></trkpt>
<trkpt lat="37.57978697" lon="126.94457787"><ele>203.65</ele><time>2026-04-18T02:20:05Z</time></trkpt>
<trkpt lat="37.57979609" lon="126.94458492"><ele>203.67</ele><time>2026-04-18T02:20:06Z</time></trkpt>
<trkpt lat="37.57980024" lon="126.94459356"><ele>203.72</ele><time>2026-04-18T02:20:07Z</time></trkpt>
<trkpt lat="37.57980378" lon="126.94460381"><ele>202.98</ele><time>2026-04-18T02:20:08Z</time></trkpt>
<trkpt lat="37.57980433" lon="126.94461668"><ele>201.86</ele><time>2026-04-18T02:20:09Z</time></trkpt>
<trkpt lat="37.57980207" lon="126.94464723"><ele>201.86</ele><time>2026-04-18T02:20:11Z</time></trkpt>
<trkpt lat="37.57980560" lon="126.94465510"><ele>200.51</ele><time>2026-04-18T02:20:14Z</time></trkpt>
<trkpt lat="37.57981653" lon="126.94466369"><ele>199.81</ele><time>2026-04-18T02:20:18Z</time></trkpt>
<trkpt lat="37.57981653" lon="126.94466369"><ele>199.81</ele><time>2026-04-18T02:20:18Z</time></trkpt>
<trkpt lat="37.57982335" lon="126.94467560"><ele>199.48</ele><time>2026-04-18T02:20:19Z</time></trkpt>
<trkpt lat="37.57983792" lon="126.94469983"><ele>199.45</ele><time>2026-04-18T02:20:21Z</time></trkpt>
<trkpt lat="37.57984884" lon="126.94470809"><ele>200.22</ele><time>2026-04-18T02:20:22Z</time></trkpt>
<trkpt lat="37.57985895" lon="126.94471288"><ele>199.60</ele><time>2026-04-18T02:20:23Z</time></trkpt>
<trkpt lat="37.57986915" lon="126.94471586"><ele>199.63</ele><time>2026-04-18T02:20:24Z</time></trkpt>
<trkpt lat="37.57988207" lon="126.94471830"><ele>199.75</ele><time>2026-04-18T02:20:25Z</time></trkpt>
<trkpt lat="37.57990796" lon="126.94472163"><ele>199.10</ele><time>2026-04-18T02:20:27Z</time></trkpt>
<trkpt lat="37.57991960" lon="126.94472644"><ele>199.45</ele><time>2026-04-18T02:20:28Z</time></trkpt>
<trkpt lat="37.57992840" lon="126.94473655"><ele>199.31</ele><time>2026-04-18T02:20:29Z</time></trkpt>
<trkpt lat="37.57993789" lon="126.94474534"><ele>199.13</ele><time>2026-04-18T02:20:30Z</time></trkpt>
<trkpt lat="37.57994823" lon="126.94475211"><ele>198.82</ele><time>2026-04-18T02:20:31Z</time></trkpt>
<trkpt lat="37.57997030" lon="126.94475824"><ele>196.23</ele><time>2026-04-18T02:20:33Z</time></trkpt>
<trkpt lat="37.57998053" lon="126.94476101"><ele>196.34</ele><time>2026-04-18T02:20:34Z</time></trkpt>
<trkpt lat="37.57998987" lon="126.94476486"><ele>196.71</ele><time>2026-04-18T02:20:35Z</time></trkpt>
<trkpt lat="37.57999914" lon="126.94476986"><ele>196.95</ele><time>2026-04-18T02:20:36Z</time></trkpt>
<trkpt lat="37.58000977" lon="126.94477229"><ele>197.67</ele><time>2026-04-18T02:20:37Z</time></trkpt>
<trkpt lat="37.58002256" lon="126.94477701"><ele>198.32</ele><time>2026-04-18T02:20:38Z</time></trkpt>
<trkpt lat="37.58004328" lon="126.94478499"><ele>198.35</ele><time>2026-04-18T02:20:40Z</time></trkpt>
<trkpt lat="37.58005809" lon="126.94477426"><ele>198.62</ele><time>2026-04-18T02:20:41Z</time></trkpt>
<trkpt lat="37.58006982" lon="126.94476215"><ele>198.90</ele><time>2026-04-18T02:20:42Z</time></trkpt>
<trkpt lat="37.58008034" lon="126.94475447"><ele>199.72</ele><time>2026-04-18T02:20:43Z</time></trkpt>
<trkpt lat="37.58009042" lon="126.94475115"><ele>199.79</ele><time>2026-04-18T02:20:44Z</time></trkpt>
<trkpt lat="37.58011525" lon="126.94474734"><ele>199.45</ele><time>2026-04-18T02:20:46Z</time></trkpt>
<trkpt lat="37.58012577" lon="126.94474547"><ele>199.73</ele><time>2026-04-18T02:20:47Z</time></trkpt>
<trkpt lat="37.58013665" lon="126.94474615"><ele>199.63</ele><time>2026-04-18T02:20:48Z</time></trkpt>
<trkpt lat="37.58014805" lon="126.94474387"><ele>199.24</ele><time>2026-04-18T02:20:49Z</time></trkpt>
<trkpt lat="37.58016092" lon="126.94473709"><ele>199.88</ele><time>2026-04-18T02:20:50Z</time></trkpt>
<trkpt lat="37.58018576" lon="126.94472689"><ele>199.46</ele><time>2026-04-18T02:20:52Z</time></trkpt>
<trkpt lat="37.58019947" lon="126.94472524"><ele>199.56</ele><time>2026-04-18T02:20:53Z</time></trkpt>
<trkpt lat="37.58021131" lon="126.94472285"><ele>199.00</ele><time>2026-04-18T02:20:54Z</time></trkpt>
<trkpt lat="37.58022013" lon="126.94472533"><ele>199.11</ele><time>2026-04-18T02:20:55Z</time></trkpt>
<trkpt lat="37.58023149" lon="126.94472604"><ele>199.14</ele><time>2026-04-18T02:20:56Z</time></trkpt>
<trkpt lat="37.58025735" lon="126.94472648"><ele>197.81</ele><time>2026-04-18T02:20:58Z</time></trkpt>
<trkpt lat="37.58027077" lon="126.94472885"><ele>197.35</ele><time>2026-04-18T02:20:59Z</time></trkpt>
<trkpt lat="37.58028278" lon="126.94473149"><ele>197.24</ele><time>2026-04-18T02:21:00Z</time></trkpt>
<trkpt lat="37.58029303" lon="126.94473669"><ele>196.81</ele><time>2026-04-18T02:21:01Z</time></trkpt>
<trkpt lat="37.58030343" lon="126.94473625"><ele>196.89</ele><time>2026-04-18T02:21:02Z</time></trkpt>
<trkpt lat="37.58031961" lon="126.94472626"><ele>196.98</ele><time>2026-04-18T02:21:04Z</time></trkpt>
<trkpt lat="37.58033073" lon="126.94472725"><ele>195.85</ele><time>2026-04-18T02:21:05Z</time></trkpt>
<trkpt lat="37.58034264" lon="126.94473083"><ele>195.65</ele><time>2026-04-18T02:21:06Z</time></trkpt>
<trkpt lat="37.58035554" lon="126.94473251"><ele>195.75</ele><time>2026-04-18T02:21:07Z</time></trkpt>
<trkpt lat="37.58036866" lon="126.94473208"><ele>195.46</ele><time>2026-04-18T02:21:08Z</time></trkpt>
<trkpt lat="37.58038117" lon="126.94472873"><ele>194.21</ele><time>2026-04-18T02:21:09Z</time></trkpt>
<trkpt lat="37.58040350" lon="126.94471302"><ele>193.77</ele><time>2026-04-18T02:21:11Z</time></trkpt>
<trkpt lat="37.58041265" lon="126.94470686"><ele>193.32</ele><time>2026-04-18T02:21:12Z</time></trkpt>
<trkpt lat="37.58042051" lon="126.94470312"><ele>194.31</ele><time>2026-04-18T02:21:13Z</time></trkpt>
<trkpt lat="37.58043218" lon="126.94470253"><ele>193.58</ele><time>2026-04-18T02:21:14Z</time></trkpt>
<trkpt lat="37.58044537" lon="126.94470164"><ele>193.28</ele><time>2026-04-18T02:21:15Z</time></trkpt>
<trkpt lat="37.58046849" lon="126.94470626"><ele>193.57</ele><time>2026-04-18T02:21:17Z</time></trkpt>
<trkpt lat="37.58047758" lon="126.94471036"><ele>193.30</ele><time>2026-04-18T02:21:18Z</time></trkpt>
<trkpt lat="37.58048759" lon="126.94471337"><ele>192.45</ele><time>2026-04-18T02:21:19Z</time></trkpt>
<trkpt lat="37.58049791" lon="126.94471771"><ele>192.36</ele><time>2026-04-18T02:21:20Z</time></trkpt>
<trkpt lat="37.58050881" lon="126.94472341"><ele>192.61</ele><time>2026-04-18T02:21:21Z</time></trkpt>
<trkpt lat="37.58053412" lon="126.94472382"><ele>192.55</ele><time>2026-04-18T02:21:23Z</time></trkpt>
<trkpt lat="37.58054505" lon="126.94472250"><ele>191.45</ele><time>2026-04-18T02:21:24Z</time></trkpt>
<trkpt lat="37.58055655" lon="126.94472897"><ele>189.91</ele><time>2026-04-18T02:21:25Z</time></trkpt>
<trkpt lat="37.58056700" lon="126.94473978"><ele>188.99</ele><time>2026-04-18T02:21:26Z</time></trkpt>
<trkpt lat="37.58057787" lon="126.94474548"><ele>189.08</ele><time>2026-04-18T02:21:27Z</time></trkpt>
<trkpt lat="37.58059965" lon="126.94474367"><ele>188.91</ele><time>2026-04-18T02:21:29Z</time></trkpt>
<trkpt lat="37.58060982" lon="126.94474207"><ele>188.09</ele><time>2026-04-18T02:21:30Z</time></trkpt>
<trkpt lat="37.58061967" lon="126.94474614"><ele>188.03</ele><time>2026-04-18T02:21:31Z</time></trkpt>
<trkpt lat="37.58062705" lon="126.94475761"><ele>187.39</ele><time>2026-04-18T02:21:32Z</time></trkpt>
<trkpt lat="37.58063660" lon="126.94476688"><ele>187.32</ele><time>2026-04-18T02:21:33Z</time></trkpt>
<trkpt lat="37.58065335" lon="126.94476688"><ele>186.92</ele><time>2026-04-18T02:21:35Z</time></trkpt>
<trkpt lat="37.58066221" lon="126.94476640"><ele>187.15</ele><time>2026-04-18T02:21:36Z</time></trkpt>
<trkpt lat="37.58067419" lon="126.94476540"><ele>187.37</ele><time>2026-04-18T02:21:37Z</time></trkpt>
<trkpt lat="37.58068181" lon="126.94476408"><ele>186.64</ele><time>2026-04-18T02:21:38Z</time></trkpt>
<trkpt lat="37.58068887" lon="126.94476072"><ele>186.42</ele><time>2026-04-18T02:21:39Z</time></trkpt>
<trkpt lat="37.58069418" lon="126.94475224"><ele>185.88</ele><time>2026-04-18T02:21:40Z</time></trkpt>
<trkpt lat="37.58070051" lon="126.94474531"><ele>185.89</ele><time>2026-04-18T02:21:41Z</time></trkpt>
<trkpt lat="37.58071108" lon="126.94474365"><ele>185.30</ele><time>2026-04-18T02:21:42Z</time></trkpt>
<trkpt lat="37.58072019" lon="126.94474583"><ele>184.59</ele><time>2026-04-18T02:21:43Z</time></trkpt>
<trkpt lat="37.58072746" lon="126.94474709"><ele>185.00</ele><time>2026-04-18T02:21:44Z</time></trkpt>
<trkpt lat="37.58073710" lon="126.94474419"><ele>184.67</ele><time>2026-04-18T02:21:45Z</time></trkpt>
<trkpt lat="37.58075303" lon="126.94473890"><ele>183.58</ele><time>2026-04-18T02:21:47Z</time></trkpt>
<trkpt lat="37.58076200" lon="126.94473790"><ele>183.36</ele><time>2026-04-18T02:21:48Z</time></trkpt>
<trkpt lat="37.58077079" lon="126.94473872"><ele>181.77</ele><time>2026-04-18T02:21:49Z</time></trkpt>
<trkpt lat="37.58077820" lon="126.94473973"><ele>181.46</ele><time>2026-04-18T02:21:50Z</time></trkpt>
<trkpt lat="37.58078793" lon="126.94474021"><ele>181.36</ele><time>2026-04-18T02:21:51Z</time></trkpt>
<trkpt lat="37.58081006" lon="126.94474130"><ele>180.58</ele><time>2026-04-18T02:21:53Z</time></trkpt>
<trkpt lat="37.58082022" lon="126.94474231"><ele>180.31</ele><time>2026-04-18T02:21:54Z</time></trkpt>
<trkpt lat="37.58083087" lon="126.94474272"><ele>180.08</ele><time>2026-04-18T02:21:55Z</time></trkpt>
<trkpt lat="37.58084185" lon="126.94473814"><ele>179.54</ele><time>2026-04-18T02:21:56Z</time></trkpt>
<trkpt lat="37.58085258" lon="126.94473779"><ele>179.28</ele><time>2026-04-18T02:21:57Z</time></trkpt>
<trkpt lat="37.58087212" lon="126.94473667"><ele>178.66</ele><time>2026-04-18T02:21:59Z</time></trkpt>
<trkpt lat="37.58088177" lon="126.94473624"><ele>178.22</ele><time>2026-04-18T02:22:00Z</time></trkpt>
<trkpt lat="37.58089205" lon="126.94473576"><ele>177.87</ele><time>2026-04-18T02:22:01Z</time></trkpt>
<trkpt lat="37.58090278" lon="126.94473858"><ele>177.52</ele><time>2026-04-18T02:22:02Z</time></trkpt>
<trkpt lat="37.58091329" lon="126.94474209"><ele>177.45</ele><time>2026-04-18T02:22:03Z</time></trkpt>
<trkpt lat="37.58093126" lon="126.94474600"><ele>176.38</ele><time>2026-04-18T02:22:05Z</time></trkpt>
<trkpt lat="37.58093945" lon="126.94474812"><ele>176.34</ele><time>2026-04-18T02:22:06Z</time></trkpt>
<trkpt lat="37.58094696" lon="126.94475173"><ele>175.83</ele><time>2026-04-18T02:22:07Z</time></trkpt>
<trkpt lat="37.58095531" lon="126.94475667"><ele>175.36</ele><time>2026-04-18T02:22:08Z</time></trkpt>
<trkpt lat="37.58096268" lon="126.94475701"><ele>174.72</ele><time>2026-04-18T02:22:09Z</time></trkpt>
<trkpt lat="37.58097343" lon="126.94473504"><ele>174.70</ele><time>2026-04-18T02:22:12Z</time></trkpt>
<trkpt lat="37.58097759" lon="126.94472569"><ele>174.50</ele><time>2026-04-18T02:22:13Z</time></trkpt>
<trkpt lat="37.58098383" lon="126.94471868"><ele>174.66</ele><time>2026-04-18T02:22:14Z</time></trkpt>
<trkpt lat="37.58099045" lon="126.94471034"><ele>174.85</ele><time>2026-04-18T02:22:15Z</time></trkpt>
<trkpt lat="37.58099804" lon="126.94470134"><ele>174.91</ele><time>2026-04-18T02:22:16Z</time></trkpt>
<trkpt lat="37.58100450" lon="126.94469584"><ele>174.29</ele><time>2026-04-18T02:22:17Z</time></trkpt>
<trkpt lat="37.58102161" lon="126.94468098"><ele>174.35</ele><time>2026-04-18T02:22:19Z</time></trkpt>
<trkpt lat="37.58102824" lon="126.94467327"><ele>174.21</ele><time>2026-04-18T02:22:20Z</time></trkpt>
<trkpt lat="37.58103416" lon="126.94466439"><ele>174.14</ele><time>2026-04-18T02:22:21Z</time></trkpt>
<trkpt lat="37.58103966" lon="126.94465606"><ele>174.23</ele><time>2026-04-18T02:22:22Z</time></trkpt>
<trkpt lat="37.58104499" lon="126.94464668"><ele>174.34</ele><time>2026-04-18T02:22:23Z</time></trkpt>
<trkpt lat="37.58105493" lon="126.94462740"><ele>175.37</ele><time>2026-04-18T02:22:25Z</time></trkpt>
<trkpt lat="37.58105826" lon="126.94461866"><ele>175.55</ele><time>2026-04-18T02:22:26Z</time></trkpt>
<trkpt lat="37.58105815" lon="126.94461004"><ele>174.62</ele><time>2026-04-18T02:22:27Z</time></trkpt>
<trkpt lat="37.58106000" lon="126.94460064"><ele>174.42</ele><time>2026-04-18T02:22:28Z</time></trkpt>
<trkpt lat="37.58106471" lon="126.94458985"><ele>174.96</ele><time>2026-04-18T02:22:29Z</time></trkpt>
<trkpt lat="37.58106388" lon="126.94456349"><ele>173.86</ele><time>2026-04-18T02:22:32Z</time></trkpt>
<trkpt lat="37.58106197" lon="126.94455250"><ele>173.75</ele><time>2026-04-18T02:22:33Z</time></trkpt>
<trkpt lat="37.58105980" lon="126.94454177"><ele>173.97</ele><time>2026-04-18T02:22:34Z</time></trkpt>
<trkpt lat="37.58106188" lon="126.94453408"><ele>173.51</ele><time>2026-04-18T02:22:35Z</time></trkpt>
<trkpt lat="37.58105793" lon="126.94452692"><ele>173.48</ele><time>2026-04-18T02:22:36Z</time></trkpt>
<trkpt lat="37.58106205" lon="126.94450997"><ele>173.18</ele><time>2026-04-18T02:22:38Z</time></trkpt>
<trkpt lat="37.58106750" lon="126.94450552"><ele>173.00</ele><time>2026-04-18T02:22:39Z</time></trkpt>
<trkpt lat="37.58107508" lon="126.94450232"><ele>172.91</ele><time>2026-04-18T02:22:40Z</time></trkpt>
<trkpt lat="37.58108159" lon="126.94450119"><ele>171.97</ele><time>2026-04-18T02:22:41Z</time></trkpt>
<trkpt lat="37.58108856" lon="126.94449666"><ele>171.85</ele><time>2026-04-18T02:22:42Z</time></trkpt>
<trkpt lat="37.58110633" lon="126.94448757"><ele>170.26</ele><time>2026-04-18T02:22:46Z</time></trkpt>
<trkpt lat="37.58111663" lon="126.94448243"><ele>170.40</ele><time>2026-04-18T02:22:47Z</time></trkpt>
<trkpt lat="37.58112449" lon="126.94447648"><ele>170.36</ele><time>2026-04-18T02:22:48Z</time></trkpt>
<trkpt lat="37.58113434" lon="126.94447006"><ele>170.31</ele><time>2026-04-18T02:22:49Z</time></trkpt>
<trkpt lat="37.58114493" lon="126.94446415"><ele>170.33</ele><time>2026-04-18T02:22:50Z</time></trkpt>
<trkpt lat="37.58115599" lon="126.94445737"><ele>170.22</ele><time>2026-04-18T02:22:51Z</time></trkpt>
<trkpt lat="37.58117881" lon="126.94444922"><ele>170.10</ele><time>2026-04-18T02:22:53Z</time></trkpt>
<trkpt lat="37.58119080" lon="126.94444399"><ele>170.36</ele><time>2026-04-18T02:22:54Z</time></trkpt>
<trkpt lat="37.58119964" lon="126.94443984"><ele>170.02</ele><time>2026-04-18T02:22:55Z</time></trkpt>
<trkpt lat="37.58120860" lon="126.94443666"><ele>169.56</ele><time>2026-04-18T02:22:56Z</time></trkpt>
<trkpt lat="37.58121823" lon="126.94443401"><ele>169.40</ele><time>2026-04-18T02:22:57Z</time></trkpt>
<trkpt lat="37.58123042" lon="126.94443255"><ele>169.14</ele><time>2026-04-18T02:22:58Z</time></trkpt>
<trkpt lat="37.58124319" lon="126.94443441"><ele>168.93</ele><time>2026-04-18T02:22:59Z</time></trkpt>
<trkpt lat="37.58125608" lon="126.94443494"><ele>168.66</ele><time>2026-04-18T02:23:00Z</time></trkpt>
<trkpt lat="37.58126777" lon="126.94443543"><ele>168.49</ele><time>2026-04-18T02:23:01Z</time></trkpt>
<trkpt lat="37.58127948" lon="126.94443641"><ele>168.27</ele><time>2026-04-18T02:23:02Z</time></trkpt>
<trkpt lat="37.58130255" lon="126.94443381"><ele>167.96</ele><time>2026-04-18T02:23:04Z</time></trkpt>
<trkpt lat="37.58131290" lon="126.94443442"><ele>167.31</ele><time>2026-04-18T02:23:05Z</time></trkpt>
<trkpt lat="37.58132442" lon="126.94443597"><ele>167.33</ele><time>2026-04-18T02:23:06Z</time></trkpt>
<trkpt lat="37.58133608" lon="126.94443783"><ele>167.32</ele><time>2026-04-18T02:23:07Z</time></trkpt>
<trkpt lat="37.58134758" lon="126.94444087"><ele>167.08</ele><time>2026-04-18T02:23:08Z</time></trkpt>
<trkpt lat="37.58136813" lon="126.94444365"><ele>166.96</ele><time>2026-04-18T02:23:10Z</time></trkpt>
<trkpt lat="37.58137964" lon="126.94444502"><ele>166.84</ele><time>2026-04-18T02:23:11Z</time></trkpt>
<trkpt lat="37.58139096" lon="126.94444549"><ele>166.65</ele><time>2026-04-18T02:23:12Z</time></trkpt>
<trkpt lat="37.58139875" lon="126.94443703"><ele>166.69</ele><time>2026-04-18T02:23:13Z</time></trkpt>
<trkpt lat="37.58140362" lon="126.94442394"><ele>166.50</ele><time>2026-04-18T02:23:14Z</time></trkpt>
<trkpt lat="37.58140674" lon="126.94439403"><ele>166.09</ele><time>2026-04-18T02:23:16Z</time></trkpt>
<trkpt lat="37.58140818" lon="126.94437932"><ele>166.01</ele><time>2026-04-18T02:23:17Z</time></trkpt>
<trkpt lat="37.58141196" lon="126.94436926"><ele>166.24</ele><time>2026-04-18T02:23:18Z</time></trkpt>
<trkpt lat="37.58142667" lon="126.94436813"><ele>165.55</ele><time>2026-04-18T02:23:21Z</time></trkpt>
<trkpt lat="37.58143831" lon="126.94437008"><ele>165.54</ele><time>2026-04-18T02:23:22Z</time></trkpt>
<trkpt lat="37.58143831" lon="126.94437008"><ele>165.54</ele><time>2026-04-18T02:23:22Z</time></trkpt>
<trkpt lat="37.58146390" lon="126.94437527"><ele>165.91</ele><time>2026-04-18T02:23:24Z</time></trkpt>
<trkpt lat="37.58147503" lon="126.94437820"><ele>165.96</ele><time>2026-04-18T02:23:25Z</time></trkpt>
<trkpt lat="37.58148601" lon="126.94438254"><ele>166.09</ele><time>2026-04-18T02:23:26Z</time></trkpt>
<trkpt lat="37.58149517" lon="126.94438838"><ele>166.22</ele><time>2026-04-18T02:23:27Z</time></trkpt>
<trkpt lat="37.58150286" lon="126.94439621"><ele>166.18</ele><time>2026-04-18T02:23:28Z</time></trkpt>
<trkpt lat="37.58152431" lon="126.94440644"><ele>165.15</ele><time>2026-04-18T02:23:30Z</time></trkpt>
<trkpt lat="37.58152431" lon="126.94440644"><ele>165.15</ele><time>2026-04-18T02:23:30Z</time></trkpt>
<trkpt lat="37.58153540" lon="126.94441042"><ele>165.35</ele><time>2026-04-18T02:23:31Z</time></trkpt>
<trkpt lat="37.58154658" lon="126.94441746"><ele>165.47</ele><time>2026-04-18T02:23:32Z</time></trkpt>
<trkpt lat="37.58155707" lon="126.94442537"><ele>165.51</ele><time>2026-04-18T02:23:33Z</time></trkpt>
<trkpt lat="37.58158038" lon="126.94443761"><ele>165.68</ele><time>2026-04-18T02:23:35Z</time></trkpt>
<trkpt lat="37.58159109" lon="126.94444320"><ele>165.69</ele><time>2026-04-18T02:23:36Z</time></trkpt>
<trkpt lat="37.58159920" lon="126.94444776"><ele>166.02</ele><time>2026-04-18T02:23:37Z</time></trkpt>
<trkpt lat="37.58160829" lon="126.94445475"><ele>166.28</ele><time>2026-04-18T02:23:38Z</time></trkpt>
<trkpt lat="37.58161798" lon="126.94446275"><ele>166.43</ele><time>2026-04-18T02:23:39Z</time></trkpt>
<trkpt lat="37.58163626" lon="126.94448034"><ele>166.58</ele><time>2026-04-18T02:23:41Z</time></trkpt>
<trkpt lat="37.58164446" lon="126.94448943"><ele>166.61</ele><time>2026-04-18T02:23:42Z</time></trkpt>
<trkpt lat="37.58165302" lon="126.94449599"><ele>166.65</ele><time>2026-04-18T02:23:43Z</time></trkpt>
<trkpt lat="37.58166440" lon="126.94450023"><ele>166.58</ele><time>2026-04-18T02:23:44Z</time></trkpt>
<trkpt lat="37.58167640" lon="126.94450468"><ele>166.77</ele><time>2026-04-18T02:23:45Z</time></trkpt>
<trkpt lat="37.58170058" lon="126.94451107"><ele>166.56</ele><time>2026-04-18T02:23:47Z</time></trkpt>
<trkpt lat="37.58171298" lon="126.94451539"><ele>166.46</ele><time>2026-04-18T02:23:48Z</time></trkpt>
<trkpt lat="37.58172394" lon="126.94451970"><ele>166.60</ele><time>2026-04-18T02:23:49Z</time></trkpt>
<trkpt lat="37.58173649" lon="126.94452250"><ele>166.24</ele><time>2026-04-18T02:23:50Z</time></trkpt>
<trkpt lat="37.58174877" lon="126.94452570"><ele>166.39</ele><time>2026-04-18T02:23:51Z</time></trkpt>
<trkpt lat="37.58176053" lon="126.94452744"><ele>166.65</ele><time>2026-04-18T02:23:52Z</time></trkpt>
<trkpt lat="37.58178521" lon="126.94452361"><ele>166.19</ele><time>2026-04-18T02:23:54Z</time></trkpt>
<trkpt lat="37.58179787" lon="126.94451968"><ele>166.30</ele><time>2026-04-18T02:23:55Z</time></trkpt>
<trkpt lat="37.58181123" lon="126.94451464"><ele>166.17</ele><time>2026-04-18T02:23:56Z</time></trkpt>
<trkpt lat="37.58182305" lon="126.94451227"><ele>166.05</ele><time>2026-04-18T02:23:57Z</time></trkpt>
<trkpt lat="37.58183562" lon="126.94451339"><ele>165.90</ele><time>2026-04-18T02:23:58Z</time></trkpt>
<trkpt lat="37.58186142" lon="126.94451169"><ele>165.88</ele><time>2026-04-18T02:24:00Z</time></trkpt>
<trkpt lat="37.58187362" lon="126.94450930"><ele>165.59</ele><time>2026-04-18T02:24:01Z</time></trkpt>
<trkpt lat="37.58188577" lon="126.94450762"><ele>165.46</ele><time>2026-04-18T02:24:02Z</time></trkpt>
<trkpt lat="37.58189747" lon="126.94450774"><ele>165.18</ele><time>2026-04-18T02:24:03Z</time></trkpt>
<trkpt lat="37.58190876" lon="126.94451039"><ele>164.89</ele><time>2026-04-18T02:24:04Z</time></trkpt>
<trkpt lat="37.58192435" lon="126.94452654"><ele>164.14</ele><time>2026-04-18T02:24:06Z</time></trkpt>
<trkpt lat="37.58193132" lon="126.94453535"><ele>163.61</ele><time>2026-04-18T02:24:07Z</time></trkpt>
<trkpt lat="37.58193585" lon="126.94454616"><ele>163.67</ele><time>2026-04-18T02:24:08Z</time></trkpt>
<trkpt lat="37.58194115" lon="126.94455304"><ele>163.65</ele><time>2026-04-18T02:24:09Z</time></trkpt>
<trkpt lat="37.58194701" lon="126.94456113"><ele>163.24</ele><time>2026-04-18T02:24:10Z</time></trkpt>
<trkpt lat="37.58194449" lon="126.94457562"><ele>162.93</ele><time>2026-04-18T02:24:22Z</time></trkpt>
<trkpt lat="37.58195072" lon="126.94458090"><ele>162.84</ele><time>2026-04-18T02:24:23Z</time></trkpt>
<trkpt lat="37.58196034" lon="126.94458899"><ele>162.67</ele><time>2026-04-18T02:24:24Z</time></trkpt>
<trkpt lat="37.58197027" lon="126.94459771"><ele>162.54</ele><time>2026-04-18T02:24:25Z</time></trkpt>
<trkpt lat="37.58197853" lon="126.94460789"><ele>162.50</ele><time>2026-04-18T02:24:26Z</time></trkpt>
<trkpt lat="37.58199244" lon="126.94463680"><ele>162.65</ele><time>2026-04-18T02:24:28Z</time></trkpt>
<trkpt lat="37.58199947" lon="126.94465069"><ele>162.56</ele><time>2026-04-18T02:24:29Z</time></trkpt>
<trkpt lat="37.58200531" lon="126.94466194"><ele>162.44</ele><time>2026-04-18T02:24:30Z</time></trkpt>
<trkpt lat="37.58201229" lon="126.94467173"><ele>162.21</ele><time>2026-04-18T02:24:31Z</time></trkpt>
<trkpt lat="37.58202030" lon="126.94468025"><ele>162.09</ele><time>2026-04-18T02:24:32Z</time></trkpt>
<trkpt lat="37.58204020" lon="126.94469611"><ele>161.57</ele><time>2026-04-18T02:24:34Z</time></trkpt>
<trkpt lat="37.58204974" lon="126.94470547"><ele>161.47</ele><time>2026-04-18T02:24:35Z</time></trkpt>
<trkpt lat="37.58205797" lon="126.94471504"><ele>161.53</ele><time>2026-04-18T02:24:36Z</time></trkpt>
<trkpt lat="37.58206545" lon="126.94472580"><ele>161.04</ele><time>2026-04-18T02:24:37Z</time></trkpt>
<trkpt lat="37.58207093" lon="126.94473682"><ele>160.89</ele><time>2026-04-18T02:24:38Z</time></trkpt>
<trkpt lat="37.58207772" lon="126.94474798"><ele>160.72</ele><time>2026-04-18T02:24:39Z</time></trkpt>
<trkpt lat="37.58209666" lon="126.94476537"><ele>160.36</ele><time>2026-04-18T02:24:41Z</time></trkpt>
<trkpt lat="37.58210500" lon="126.94477391"><ele>160.12</ele><time>2026-04-18T02:24:42Z</time></trkpt>
<trkpt lat="37.58211598" lon="126.94477981"><ele>159.70</ele><time>2026-04-18T02:24:43Z</time></trkpt>
<trkpt lat="37.58212580" lon="126.94478700"><ele>159.76</ele><time>2026-04-18T02:24:44Z</time></trkpt>
<trkpt lat="37.58213497" lon="126.94479684"><ele>159.72</ele><time>2026-04-18T02:24:45Z</time></trkpt>
<trkpt lat="37.58214855" lon="126.94482503"><ele>159.37</ele><time>2026-04-18T02:24:47Z</time></trkpt>
<trkpt lat="37.58215597" lon="126.94483705"><ele>159.31</ele><time>2026-04-18T02:24:48Z</time></trkpt>
<trkpt lat="37.58216451" lon="126.94484470"><ele>159.25</ele><time>2026-04-18T02:24:49Z</time></trkpt>
<trkpt lat="37.58217477" lon="126.94485063"><ele>159.45</ele><time>2026-04-18T02:24:50Z</time></trkpt>
<trkpt lat="37.58218338" lon="126.94485701"><ele>159.23</ele><time>2026-04-18T02:24:51Z</time></trkpt>
<trkpt lat="37.58219361" lon="126.94487146"><ele>158.36</ele><time>2026-04-18T02:24:53Z</time></trkpt>
<trkpt lat="37.58220034" lon="126.94487787"><ele>157.99</ele><time>2026-04-18T02:24:54Z</time></trkpt>
<trkpt lat="37.58220034" lon="126.94487787"><ele>157.99</ele><time>2026-04-18T02:24:54Z</time></trkpt>
<trkpt lat="37.58221004" lon="126.94488221"><ele>157.78</ele><time>2026-04-18T02:24:55Z</time></trkpt>
<trkpt lat="37.58222096" lon="126.94488422"><ele>157.41</ele><time>2026-04-18T02:24:56Z</time></trkpt>
<trkpt lat="37.58224300" lon="126.94489483"><ele>156.71</ele><time>2026-04-18T02:24:58Z</time></trkpt>
<trkpt lat="37.58225223" lon="126.94490379"><ele>156.45</ele><time>2026-04-18T02:24:59Z</time></trkpt>
<trkpt lat="37.58226065" lon="126.94491412"><ele>156.14</ele><time>2026-04-18T02:25:00Z</time></trkpt>
<trkpt lat="37.58226708" lon="126.94492396"><ele>156.07</ele><time>2026-04-18T02:25:01Z</time></trkpt>
<trkpt lat="37.58227373" lon="126.94493376"><ele>155.92</ele><time>2026-04-18T02:25:02Z</time></trkpt>
<trkpt lat="37.58228904" lon="126.94495527"><ele>155.66</ele><time>2026-04-18T02:25:04Z</time></trkpt>
<trkpt lat="37.58229788" lon="126.94496206"><ele>155.34</ele><time>2026-04-18T02:25:05Z</time></trkpt>
<trkpt lat="37.58230744" lon="126.94496499"><ele>154.98</ele><time>2026-04-18T02:25:06Z</time></trkpt>
<trkpt lat="37.58231639" lon="126.94496866"><ele>154.54</ele><time>2026-04-18T02:25:07Z</time></trkpt>
<trkpt lat="37.58232383" lon="126.94497683"><ele>153.98</ele><time>2026-04-18T02:25:08Z</time></trkpt>
<trkpt lat="37.58233262" lon="126.94498326"><ele>153.76</ele><time>2026-04-18T02:25:09Z</time></trkpt>
<trkpt lat="37.58235428" lon="126.94499598"><ele>153.62</ele><time>2026-04-18T02:25:11Z</time></trkpt>
<trkpt lat="37.58236289" lon="126.94500511"><ele>153.61</ele><time>2026-04-18T02:25:12Z</time></trkpt>
<trkpt lat="37.58237122" lon="126.94501754"><ele>153.74</ele><time>2026-04-18T02:25:13Z</time></trkpt>
<trkpt lat="37.58238028" lon="126.94502660"><ele>153.64</ele><time>2026-04-18T02:25:14Z</time></trkpt>
<trkpt lat="37.58239074" lon="126.94503347"><ele>153.63</ele><time>2026-04-18T02:25:15Z</time></trkpt>
<trkpt lat="37.58240748" lon="126.94504528"><ele>153.37</ele><time>2026-04-18T02:25:17Z</time></trkpt>
<trkpt lat="37.58241374" lon="126.94505243"><ele>153.00</ele><time>2026-04-18T02:25:18Z</time></trkpt>
<trkpt lat="37.58242139" lon="126.94506026"><ele>152.98</ele><time>2026-04-18T02:25:19Z</time></trkpt>
<trkpt lat="37.58243072" lon="126.94506926"><ele>152.94</ele><time>2026-04-18T02:25:20Z</time></trkpt>
<trkpt lat="37.58243802" lon="126.94507964"><ele>152.99</ele><time>2026-04-18T02:25:21Z</time></trkpt>
<trkpt lat="37.58245328" lon="126.94509656"><ele>152.91</ele><time>2026-04-18T02:25:23Z</time></trkpt>
<trkpt lat="37.58245878" lon="126.94510489"><ele>152.72</ele><time>2026-04-18T02:25:24Z</time></trkpt>
<trkpt lat="37.58246416" lon="126.94511624"><ele>152.67</ele><time>2026-04-18T02:25:25Z</time></trkpt>
<trkpt lat="37.58246951" lon="126.94512714"><ele>152.68</ele><time>2026-04-18T02:25:26Z</time></trkpt>
<trkpt lat="37.58247479" lon="126.94513829"><ele>152.52</ele><time>2026-04-18T02:25:27Z</time></trkpt>
<trkpt lat="37.58248725" lon="126.94515433"><ele>152.07</ele><time>2026-04-18T02:25:29Z</time></trkpt>
<trkpt lat="37.58249540" lon="126.94516156"><ele>152.13</ele><time>2026-04-18T02:25:30Z</time></trkpt>
<trkpt lat="37.58250192" lon="126.94516410"><ele>151.74</ele><time>2026-04-18T02:25:31Z</time></trkpt>
<trkpt lat="37.58250990" lon="126.94516642"><ele>151.53</ele><time>2026-04-18T02:25:32Z</time></trkpt>
<trkpt lat="37.58251970" lon="126.94516924"><ele>151.52</ele><time>2026-04-18T02:25:33Z</time></trkpt>
<trkpt lat="37.58253584" lon="126.94517152"><ele>151.10</ele><time>2026-04-18T02:25:35Z</time></trkpt>
<trkpt lat="37.58254225" lon="126.94517223"><ele>150.85</ele><time>2026-04-18T02:25:36Z</time></trkpt>
<trkpt lat="37.58254890" lon="126.94517474"><ele>150.54</ele><time>2026-04-18T02:25:37Z</time></trkpt>
<trkpt lat="37.58255524" lon="126.94517688"><ele>150.13</ele><time>2026-04-18T02:25:38Z</time></trkpt>
<trkpt lat="37.58256229" lon="126.94517984"><ele>149.79</ele><time>2026-04-18T02:25:39Z</time></trkpt>
<trkpt lat="37.58257204" lon="126.94518124"><ele>149.58</ele><time>2026-04-18T02:25:40Z</time></trkpt>
<trkpt lat="37.58258795" lon="126.94519732"><ele>149.55</ele><time>2026-04-18T02:25:42Z</time></trkpt>
<trkpt lat="37.58259004" lon="126.94520545"><ele>149.04</ele><time>2026-04-18T02:25:43Z</time></trkpt>
<trkpt lat="37.58259093" lon="126.94521551"><ele>148.72</ele><time>2026-04-18T02:25:44Z</time></trkpt>
<trkpt lat="37.58259389" lon="126.94522323"><ele>148.25</ele><time>2026-04-18T02:25:45Z</time></trkpt>
<trkpt lat="37.58259834" lon="126.94523054"><ele>147.66</ele><time>2026-04-18T02:25:46Z</time></trkpt>
<trkpt lat="37.58261392" lon="126.94524330"><ele>146.54</ele><time>2026-04-18T02:25:49Z</time></trkpt>
<trkpt lat="37.58262150" lon="126.94525303"><ele>146.16</ele><time>2026-04-18T02:25:51Z</time></trkpt>
<trkpt lat="37.58262718" lon="126.94526164"><ele>146.09</ele><time>2026-04-18T02:25:52Z</time></trkpt>
<trkpt lat="37.58263276" lon="126.94527142"><ele>145.64</ele><time>2026-04-18T02:25:53Z</time></trkpt>
<trkpt lat="37.58263372" lon="126.94527946"><ele>145.31</ele><time>2026-04-18T02:25:58Z</time></trkpt>
<trkpt lat="37.58264590" lon="126.94529944"><ele>144.78</ele><time>2026-04-18T02:26:10Z</time></trkpt>
<trkpt lat="37.58265185" lon="126.94530304"><ele>144.51</ele><time>2026-04-18T02:26:11Z</time></trkpt>
<trkpt lat="37.58265865" lon="126.94530928"><ele>144.43</ele><time>2026-04-18T02:26:12Z</time></trkpt>
<trkpt lat="37.58266368" lon="126.94531543"><ele>144.30</ele><time>2026-04-18T02:26:13Z</time></trkpt>
<trkpt lat="37.58266958" lon="126.94532028"><ele>143.74</ele><time>2026-04-18T02:26:15Z</time></trkpt>
<trkpt lat="37.58268932" lon="126.94531797"><ele>143.14</ele><time>2026-04-18T02:26:25Z</time></trkpt>
<trkpt lat="37.58269913" lon="126.94532073"><ele>142.85</ele><time>2026-04-18T02:26:27Z</time></trkpt>
<trkpt lat="37.58271076" lon="126.94532411"><ele>142.02</ele><time>2026-04-18T02:26:29Z</time></trkpt>
<trkpt lat="37.58271810" lon="126.94532363"><ele>142.00</ele><time>2026-04-18T02:26:30Z</time></trkpt>
<trkpt lat="37.58272719" lon="126.94533067"><ele>141.73</ele><time>2026-04-18T02:26:32Z</time></trkpt>
<trkpt lat="37.58273771" lon="126.94534370"><ele>141.31</ele><time>2026-04-18T02:26:34Z</time></trkpt>
<trkpt lat="37.58274453" lon="126.94534670"><ele>140.98</ele><time>2026-04-18T02:26:35Z</time></trkpt>
<trkpt lat="37.58275407" lon="126.94534760"><ele>140.73</ele><time>2026-04-18T02:26:36Z</time></trkpt>
<trkpt lat="37.58276435" lon="126.94534837"><ele>140.86</ele><time>2026-04-18T02:26:37Z</time></trkpt>
<trkpt lat="37.58277538" lon="126.94535133"><ele>140.93</ele><time>2026-04-18T02:26:38Z</time></trkpt>
<trkpt lat="37.58278452" lon="126.94535518"><ele>140.94</ele><time>2026-04-18T02:26:39Z</time></trkpt>
<trkpt lat="37.58279869" lon="126.94536443"><ele>140.73</ele><time>2026-04-18T02:26:41Z</time></trkpt>
<trkpt lat="37.58280528" lon="126.94537169"><ele>140.72</ele><time>2026-04-18T02:26:42Z</time></trkpt>
<trkpt lat="37.58281056" lon="126.94537980"><ele>140.71</ele><time>2026-04-18T02:26:43Z</time></trkpt>
<trkpt lat="37.58281555" lon="126.94538585"><ele>140.67</ele><time>2026-04-18T02:26:44Z</time></trkpt>
<trkpt lat="37.58282071" lon="126.94539121"><ele>140.59</ele><time>2026-04-18T02:26:45Z</time></trkpt>
<trkpt lat="37.58284153" lon="126.94540388"><ele>139.60</ele><time>2026-04-18T02:26:49Z</time></trkpt>
<trkpt lat="37.58284881" lon="126.94541284"><ele>139.01</ele><time>2026-04-18T02:26:51Z</time></trkpt>
<trkpt lat="37.58285604" lon="126.94542003"><ele>138.27</ele><time>2026-04-18T02:26:53Z</time></trkpt>
<trkpt lat="37.58286833" lon="126.94542111"><ele>137.57</ele><time>2026-04-18T02:26:55Z</time></trkpt>
<trkpt lat="37.58287790" lon="126.94541566"><ele>137.79</ele><time>2026-04-18T02:26:56Z</time></trkpt>
<trkpt lat="37.58289379" lon="126.94540123"><ele>136.71</ele><time>2026-04-18T02:26:59Z</time></trkpt>
<trkpt lat="37.58290009" lon="126.94539581"><ele>136.41</ele><time>2026-04-18T02:27:00Z</time></trkpt>
<trkpt lat="37.58290687" lon="126.94538949"><ele>136.28</ele><time>2026-04-18T02:27:01Z</time></trkpt>
<trkpt lat="37.58291491" lon="126.94538260"><ele>136.01</ele><time>2026-04-18T02:27:02Z</time></trkpt>
<trkpt lat="37.58292458" lon="126.94537731"><ele>135.84</ele><time>2026-04-18T02:27:03Z</time></trkpt>
<trkpt lat="37.58294485" lon="126.94537492"><ele>134.97</ele><time>2026-04-18T02:27:05Z</time></trkpt>
<trkpt lat="37.58295582" lon="126.94537781"><ele>134.99</ele><time>2026-04-18T02:27:06Z</time></trkpt>
<trkpt lat="37.58296532" lon="126.94538205"><ele>134.95</ele><time>2026-04-18T02:27:07Z</time></trkpt>
<trkpt lat="37.58297459" lon="126.94538530"><ele>135.06</ele><time>2026-04-18T02:27:08Z</time></trkpt>
<trkpt lat="37.58298517" lon="126.94538714"><ele>134.92</ele><time>2026-04-18T02:27:09Z</time></trkpt>
<trkpt lat="37.58300280" lon="126.94538994"><ele>134.83</ele><time>2026-04-18T02:27:11Z</time></trkpt>
<trkpt lat="37.58300993" lon="126.94539228"><ele>134.99</ele><time>2026-04-18T02:27:12Z</time></trkpt>
<trkpt lat="37.58302309" lon="126.94539977"><ele>134.54</ele><time>2026-04-18T02:27:14Z</time></trkpt>
<trkpt lat="37.58302908" lon="126.94540441"><ele>134.68</ele><time>2026-04-18T02:27:15Z</time></trkpt>
<trkpt lat="37.58303558" lon="126.94540828"><ele>134.65</ele><time>2026-04-18T02:27:16Z</time></trkpt>
<trkpt lat="37.58305539" lon="126.94540981"><ele>134.90</ele><time>2026-04-18T02:27:18Z</time></trkpt>
<trkpt lat="37.58306529" lon="126.94540999"><ele>134.75</ele><time>2026-04-18T02:27:19Z</time></trkpt>
<trkpt lat="37.58307456" lon="126.94541149"><ele>134.11</ele><time>2026-04-18T02:27:20Z</time></trkpt>
<trkpt lat="37.58308407" lon="126.94541163"><ele>133.97</ele><time>2026-04-18T02:27:21Z</time></trkpt>
<trkpt lat="37.58309442" lon="126.94540577"><ele>134.07</ele><time>2026-04-18T02:27:22Z</time></trkpt>
<trkpt lat="37.58309442" lon="126.94540577"><ele>134.07</ele><time>2026-04-18T02:27:22Z</time></trkpt>
<trkpt lat="37.58311344" lon="126.94538869"><ele>133.85</ele><time>2026-04-18T02:27:24Z</time></trkpt>
<trkpt lat="37.58312585" lon="126.94538506"><ele>134.16</ele><time>2026-04-18T02:27:25Z</time></trkpt>
<trkpt lat="37.58313652" lon="126.94538365"><ele>133.97</ele><time>2026-04-18T02:27:26Z</time></trkpt>
<trkpt lat="37.58314523" lon="126.94538024"><ele>133.74</ele><time>2026-04-18T02:27:27Z</time></trkpt>
<trkpt lat="37.58315513" lon="126.94537513"><ele>133.90</ele><time>2026-04-18T02:27:28Z</time></trkpt>
<trkpt lat="37.58317569" lon="126.94537441"><ele>133.80</ele><time>2026-04-18T02:27:30Z</time></trkpt>
<trkpt lat="37.58318605" lon="126.94537248"><ele>134.12</ele><time>2026-04-18T02:27:31Z</time></trkpt>
<trkpt lat="37.58319790" lon="126.94536739"><ele>134.38</ele><time>2026-04-18T02:27:32Z</time></trkpt>
<trkpt lat="37.58321065" lon="126.94536213"><ele>133.99</ele><time>2026-04-18T02:27:33Z</time></trkpt>
<trkpt lat="37.58322368" lon="126.94535779"><ele>133.74</ele><time>2026-04-18T02:27:34Z</time></trkpt>
<trkpt lat="37.58324885" lon="126.94536433"><ele>133.38</ele><time>2026-04-18T02:27:36Z</time></trkpt>
<trkpt lat="37.58326082" lon="126.94536989"><ele>133.25</ele><time>2026-04-18T02:27:37Z</time></trkpt>
<trkpt lat="37.58327274" lon="126.94537490"><ele>132.70</ele><time>2026-04-18T02:27:38Z</time></trkpt>
<trkpt lat="37.58328268" lon="126.94538200"><ele>132.66</ele><time>2026-04-18T02:27:39Z</time></trkpt>
<trkpt lat="37.58329550" lon="126.94538651"><ele>131.87</ele><time>2026-04-18T02:27:40Z</time></trkpt>
<trkpt lat="37.58331992" lon="126.94539803"><ele>132.15</ele><time>2026-04-18T02:27:42Z</time></trkpt>
<trkpt lat="37.58333264" lon="126.94540424"><ele>131.87</ele><time>2026-04-18T02:27:43Z</time></trkpt>
<trkpt lat="37.58334472" lon="126.94540895"><ele>131.75</ele><time>2026-04-18T02:27:44Z</time></trkpt>
<trkpt lat="37.58335659" lon="126.94541310"><ele>131.84</ele><time>2026-04-18T02:27:45Z</time></trkpt>
<trkpt lat="37.58336749" lon="126.94541750"><ele>131.75</ele><time>2026-04-18T02:27:46Z</time></trkpt>
<trkpt lat="37.58338942" lon="126.94542955"><ele>131.15</ele><time>2026-04-18T02:27:48Z</time></trkpt>
<trkpt lat="37.58339990" lon="126.94543631"><ele>131.19</ele><time>2026-04-18T02:27:49Z</time></trkpt>
<trkpt lat="37.58340994" lon="126.94544229"><ele>130.77</ele><time>2026-04-18T02:27:50Z</time></trkpt>
<trkpt lat="37.58341953" lon="126.94544868"><ele>131.04</ele><time>2026-04-18T02:27:51Z</time></trkpt>
<trkpt lat="37.58342893" lon="126.94545392"><ele>130.77</ele><time>2026-04-18T02:27:52Z</time></trkpt>
<trkpt lat="37.58343917" lon="126.94545737"><ele>129.70</ele><time>2026-04-18T02:27:53Z</time></trkpt>
<trkpt lat="37.58346114" lon="126.94546691"><ele>129.13</ele><time>2026-04-18T02:27:55Z</time></trkpt>
<trkpt lat="37.58346114" lon="126.94546691"><ele>129.13</ele><time>2026-04-18T02:27:55Z</time></trkpt>
<trkpt lat="37.58347348" lon="126.94547292"><ele>128.89</ele><time>2026-04-18T02:27:56Z</time></trkpt>
<trkpt lat="37.58348623" lon="126.94547930"><ele>128.68</ele><time>2026-04-18T02:27:57Z</time></trkpt>
<trkpt lat="37.58349838" lon="126.94548567"><ele>128.60</ele><time>2026-04-18T02:27:58Z</time></trkpt>
<trkpt lat="37.58352194" lon="126.94549959"><ele>128.02</ele><time>2026-04-18T02:28:00Z</time></trkpt>
<trkpt lat="37.58353415" lon="126.94550719"><ele>127.81</ele><time>2026-04-18T02:28:01Z</time></trkpt>
<trkpt lat="37.58354701" lon="126.94551419"><ele>127.78</ele><time>2026-04-18T02:28:02Z</time></trkpt>
<trkpt lat="37.58355984" lon="126.94551915"><ele>127.64</ele><time>2026-04-18T02:28:03Z</time></trkpt>
<trkpt lat="37.58357271" lon="126.94552022"><ele>127.31</ele><time>2026-04-18T02:28:04Z</time></trkpt>
<trkpt lat="37.58359819" lon="126.94551815"><ele>127.32</ele><time>2026-04-18T02:28:06Z</time></trkpt>
<trkpt lat="37.58360873" lon="126.94551330"><ele>127.00</ele><time>2026-04-18T02:28:07Z</time></trkpt>
<trkpt lat="37.58361863" lon="126.94551017"><ele>126.43</ele><time>2026-04-18T02:28:08Z</time></trkpt>
<trkpt lat="37.58362800" lon="126.94550450"><ele>126.00</ele><time>2026-04-18T02:28:09Z</time></trkpt>
<trkpt lat="37.58363741" lon="126.94549774"><ele>125.55</ele><time>2026-04-18T02:28:10Z</time></trkpt>
<trkpt lat="37.58365884" lon="126.94548753"><ele>124.51</ele><time>2026-04-18T02:28:12Z</time></trkpt>
<trkpt lat="37.58366939" lon="126.94548209"><ele>123.95</ele><time>2026-04-18T02:28:13Z</time></trkpt>
<trkpt lat="37.58367903" lon="126.94547541"><ele>123.59</ele><time>2026-04-18T02:28:14Z</time></trkpt>
<trkpt lat="37.58368909" lon="126.94547050"><ele>123.16</ele><time>2026-04-18T02:28:15Z</time></trkpt>
<trkpt lat="37.58369960" lon="126.94546514"><ele>123.04</ele><time>2026-04-18T02:28:16Z</time></trkpt>
<trkpt lat="37.58372238" lon="126.94545474"><ele>122.49</ele><time>2026-04-18T02:28:18Z</time></trkpt>
<trkpt lat="37.58373438" lon="126.94545135"><ele>122.24</ele><time>2026-04-18T02:28:19Z</time></trkpt>
<trkpt lat="37.58374704" lon="126.94544748"><ele>122.04</ele><time>2026-04-18T02:28:20Z</time></trkpt>
<trkpt lat="37.58375880" lon="126.94544078"><ele>122.09</ele><time>2026-04-18T02:28:21Z</time></trkpt>
<trkpt lat="37.58377094" lon="126.94543614"><ele>122.00</ele><time>2026-04-18T02:28:22Z</time></trkpt>
<trkpt lat="37.58378340" lon="126.94543387"><ele>121.88</ele><time>2026-04-18T02:28:23Z</time></trkpt>
<trkpt lat="37.58380693" lon="126.94542918"><ele>121.11</ele><time>2026-04-18T02:28:25Z</time></trkpt>
<trkpt lat="37.58381892" lon="126.94542762"><ele>120.87</ele><time>2026-04-18T02:28:26Z</time></trkpt>
<trkpt lat="37.58383037" lon="126.94542483"><ele>120.54</ele><time>2026-04-18T02:28:27Z</time></trkpt>
<trkpt lat="37.58384164" lon="126.94542108"><ele>120.38</ele><time>2026-04-18T02:28:28Z</time></trkpt>
<trkpt lat="37.58385357" lon="126.94541644"><ele>120.27</ele><time>2026-04-18T02:28:29Z</time></trkpt>
<trkpt lat="37.58387722" lon="126.94540978"><ele>119.44</ele><time>2026-04-18T02:28:31Z</time></trkpt>
<trkpt lat="37.58388906" lon="126.94540626"><ele>119.10</ele><time>2026-04-18T02:28:32Z</time></trkpt>
<trkpt lat="37.58390046" lon="126.94540175"><ele>118.81</ele><time>2026-04-18T02:28:33Z</time></trkpt>
<trkpt lat="37.58391152" lon="126.94539694"><ele>118.58</ele><time>2026-04-18T02:28:34Z</time></trkpt>
<trkpt lat="37.58392161" lon="126.94539008"><ele>118.45</ele><time>2026-04-18T02:28:35Z</time></trkpt>
<trkpt lat="37.58394547" lon="126.94537286"><ele>118.32</ele><time>2026-04-18T02:28:37Z</time></trkpt>
<trkpt lat="37.58395665" lon="126.94536336"><ele>117.96</ele><time>2026-04-18T02:28:38Z</time></trkpt>
<trkpt lat="37.58396649" lon="126.94535542"><ele>117.56</ele><time>2026-04-18T02:28:39Z</time></trkpt>
<trkpt lat="37.58397717" lon="126.94534869"><ele>117.29</ele><time>2026-04-18T02:28:40Z</time></trkpt>
<trkpt lat="37.58398725" lon="126.94533891"><ele>116.97</ele><time>2026-04-18T02:28:41Z</time></trkpt>
<trkpt lat="37.58400888" lon="126.94532253"><ele>116.32</ele><time>2026-04-18T02:28:43Z</time></trkpt>
<trkpt lat="37.58401840" lon="126.94531260"><ele>116.16</ele><time>2026-04-18T02:28:44Z</time></trkpt>
<trkpt lat="37.58402744" lon="126.94530246"><ele>115.69</ele><time>2026-04-18T02:28:45Z</time></trkpt>
<trkpt lat="37.58403635" lon="126.94529543"><ele>115.53</ele><time>2026-04-18T02:28:46Z</time></trkpt>
<trkpt lat="37.58404274" lon="126.94528541"><ele>115.12</ele><time>2026-04-18T02:28:47Z</time></trkpt>
<trkpt lat="37.58405619" lon="126.94526742"><ele>114.46</ele><time>2026-04-18T02:28:49Z</time></trkpt>
<trkpt lat="37.58406433" lon="126.94525819"><ele>114.05</ele><time>2026-04-18T02:28:50Z</time></trkpt>
<trkpt lat="37.58407379" lon="126.94525131"><ele>113.71</ele><time>2026-04-18T02:28:51Z</time></trkpt>
<trkpt lat="37.58408489" lon="126.94524720"><ele>113.45</ele><time>2026-04-18T02:28:52Z</time></trkpt>
<trkpt lat="37.58409630" lon="126.94524646"><ele>113.28</ele><time>2026-04-18T02:28:53Z</time></trkpt>
<trkpt lat="37.58410673" lon="126.94525014"><ele>112.89</ele><time>2026-04-18T02:28:54Z</time></trkpt>
<trkpt lat="37.58412556" lon="126.94525932"><ele>113.60</ele><time>2026-04-18T02:28:56Z</time></trkpt>
<trkpt lat="37.58412150" lon="126.94525162"><ele>114.10</ele><time>2026-04-18T02:28:59Z</time></trkpt>
<trkpt lat="37.58412907" lon="126.94526361"><ele>113.36</ele><time>2026-04-18T02:29:01Z</time></trkpt>
<trkpt lat="37.58413752" lon="126.94526786"><ele>113.19</ele><time>2026-04-18T02:29:02Z</time></trkpt>
<trkpt lat="37.58413752" lon="126.94526786"><ele>113.19</ele><time>2026-04-18T02:29:02Z</time></trkpt>
<trkpt lat="37.58415959" lon="126.94526931"><ele>112.49</ele><time>2026-04-18T02:29:04Z</time></trkpt>
<trkpt lat="37.58416948" lon="126.94527179"><ele>112.31</ele><time>2026-04-18T02:29:05Z</time></trkpt>
<trkpt lat="37.58417780" lon="126.94527814"><ele>112.00</ele><time>2026-04-18T02:29:06Z</time></trkpt>
<trkpt lat="37.58418686" lon="126.94528632"><ele>111.96</ele><time>2026-04-18T02:29:07Z</time></trkpt>
<trkpt lat="37.58419563" lon="126.94529455"><ele>111.88</ele><time>2026-04-18T02:29:08Z</time></trkpt>
<trkpt lat="37.58421193" lon="126.94530825"><ele>110.85</ele><time>2026-04-18T02:29:10Z</time></trkpt>
<trkpt lat="37.58422046" lon="126.94531287"><ele>110.65</ele><time>2026-04-18T02:29:11Z</time></trkpt>
</trkseg>
</trk>
<wpt lat="37.572323" lon="126.959636"><name>독립문 서대문구</name><type>1</type></wpt>
<wpt lat="37.57679" lon="126.94717"><name>안산 서대문구</name><type>1</type></wpt>
</gpx>
