<?xml version='1.0' encoding='UTF-8' standalone='yes' ?>
<gpx version="1.1" creator="com.ngt.android.nadeuli" xsi:schemaLocation="http://www.topografix.com/GPX/1/1 http://www.topografix.com/gpx/1/1/gpx.xsd" xmlns="http://www.topografix.com/GPX/1/1" xmlns:xsi="http://www.w3.org/2001/XMLSchema-instance" xmlns:gpx10="http://www.topografix.com/GPX/1/0">
<metadata><time>2019-11-26T05:16:28Z</time></metadata>
<trk><name>Track 20191126 m</name>
<trkseg>
<trkpt lat="37.5887205" lon="127.0062775"><ele>59.43288</ele><time>2019-11-26T01:44:09Z</time>
<extensions /></trkpt>
<trkpt lat="37.5887378" lon="127.0061504"><ele>59.86131</ele><time>2019-11-26T01:44:54Z</time>
<extensions>
<gpx10:speed>1.1662772</gpx10:speed></extensions></trkpt>
<trkpt lat="37.5887574" lon="127.0060393"><ele>60.25173</ele><time>2019-11-26T01:45:01Z</time>
<extensions>
<gpx10:speed>1.2377381</gpx10:speed></extensions></trkpt>
<trkpt lat="37.5887972" lon="127.0059227"><ele>60.236984</ele><time>2019-11-26T01:45:09Z</time>
<extensions>
<gpx10:speed>1.3006821</gpx10:speed></extensions></trkpt>
<trkpt lat="37.5888635" lon="127.0058325"><ele>63.837166</ele><time>2019-11-26T01:45:17Z</time>
<extensions>
<gpx10:speed>1.379235</gpx10:speed></extensions></trkpt>
<trkpt lat="37.5889356" lon="127.0057438"><ele>66.353325</ele><time>2019-11-26T01:45:22Z</time>
<extensions>
<gpx10:speed>1.4715976</gpx10:speed></extensions></trkpt>
<trkpt lat="37.5889971" lon="127.0056451"><ele>67.482346</ele><time>2019-11-26T01:45:29Z</time>
<extensions>
<gpx10:speed>1.4162955</gpx10:speed></extensions></trkpt>
<trkpt lat="37.5890659" lon="127.0055533"><ele>67.832466</ele><time>2019-11-26T01:45:38Z</time>
<extensions>
<gpx10:speed>1.3229254</gpx10:speed></extensions></trkpt>
<trkpt lat="37.5891389" lon="127.0054718"><ele>67.40257</ele><time>2019-11-26T01:45:46Z</time>
<extensions>
<gpx10:speed>1.2096435</gpx10:speed></extensions></trkpt>
<trkpt lat="37.589184" lon="127.0055798"><ele>64.69008</ele><time>2019-11-26T01:46:00Z</time>
<extensions>
<gpx10:speed>1.0964336</gpx10:speed></extensions></trkpt>
<trkpt lat="37.5892127" lon="127.0056883"><ele>65.945724</ele><time>2019-11-26T01:46:09Z</time>
<extensions>
<gpx10:speed>0.9950633</gpx10:speed></extensions></trkpt>
<trkpt lat="37.58925" lon="127.0057994"><ele>64.37205</ele><time>2019-11-26T01:46:19Z</time>
<extensions>
<gpx10:speed>0.8887557</gpx10:speed></extensions></trkpt>
<trkpt lat="37.5892853" lon="127.0059085"><ele>64.96578</ele><time>2019-11-26T01:46:28Z</time>
<extensions>
<gpx10:speed>0.8941027</gpx10:speed></extensions></trkpt>
<trkpt lat="37.5893113" lon="127.0060195"><ele>66.080376</ele><time>2019-11-26T01:46:39Z</time>
<extensions>
<gpx10:speed>0.8999023</gpx10:speed></extensions></trkpt>
<trkpt lat="37.5893621" lon="127.0061276"><ele>67.51952</ele><time>2019-11-26T01:46:50Z</time>
<extensions>
<gpx10:speed>0.9225952</gpx10:speed></extensions></trkpt>
<trkpt lat="37.5894071" lon="127.0062384"><ele>68.03467</ele><time>2019-11-26T01:46:59Z</time>
<extensions>
<gpx10:speed>0.9405137</gpx10:speed></extensions></trkpt>
<trkpt lat="37.5894619" lon="127.00633"><ele>68.32883</ele><time>2019-11-26T01:47:07Z</time>
<extensions>
<gpx10:speed>1.0337228</gpx10:speed></extensions></trkpt>
<trkpt lat="37.5895494" lon="127.0063621"><ele>68.68279</ele><time>2019-11-26T01:47:24Z</time>
<extensions>
<gpx10:speed>0.008963962</gpx10:speed></extensions></trkpt>
<trkpt lat="37.5896203" lon="127.0062854"><ele>72.12944</ele><time>2019-11-26T01:48:17Z</time>
<extensions>
<gpx10:speed>1.2823545</gpx10:speed></extensions></trkpt>
<trkpt lat="37.5897129" lon="127.0062542"><ele>72.217224</ele><time>2019-11-26T01:48:26Z</time>
<extensions>
<gpx10:speed>0.8095568</gpx10:speed></extensions></trkpt>
<trkpt lat="37.589814" lon="127.0062551"><ele>72.635414</ele><time>2019-11-26T01:48:33Z</time>
<extensions>
<gpx10:speed>1.1684515</gpx10:speed></extensions></trkpt>
<trkpt lat="37.5899147" lon="127.0062773"><ele>72.02609</ele><time>2019-11-26T01:48:39Z</time>
<extensions>
<gpx10:speed>1.027772</gpx10:speed></extensions></trkpt>
<trkpt lat="37.5900013" lon="127.0063218"><ele>74.31442</ele><time>2019-11-26T01:48:48Z</time>
<extensions>
<gpx10:speed>0.9231421</gpx10:speed></extensions></trkpt>
<trkpt lat="37.5900931" lon="127.0063511"><ele>76.785706</ele><time>2019-11-26T01:49:04Z</time>
<extensions>
<gpx10:speed>0.5091502</gpx10:speed></extensions></trkpt>
<trkpt lat="37.5901751" lon="127.0064047"><ele>77.871185</ele><time>2019-11-26T01:49:12Z</time>
<extensions>
<gpx10:speed>1.0196693</gpx10:speed></extensions></trkpt>
<trkpt lat="37.5902663" lon="127.0064258"><ele>79.12126</ele><time>2019-11-26T01:49:16Z</time>
<extensions>
<gpx10:speed>1.5445393</gpx10:speed></extensions></trkpt>
<trkpt lat="37.5903497" lon="127.0064739"><ele>80.31803</ele><time>2019-11-26T01:49:25Z</time>
<extensions>
<gpx10:speed>1.1022588</gpx10:speed></extensions></trkpt>
<trkpt lat="37.5904469" lon="127.0064994"><ele>83.45688</ele><time>2019-11-26T01:49:36Z</time>
<extensions>
<gpx10:speed>0.9843628</gpx10:speed></extensions></trkpt>
<trkpt lat="37.5905463" lon="127.0064881"><ele>83.876755</ele><time>2019-11-26T01:49:46Z</time>
<extensions>
<gpx10:speed>0.9811979</gpx10:speed></extensions></trkpt>
<trkpt lat="37.5906378" lon="127.0065004"><ele>84.96124</ele><time>2019-11-26T01:49:58Z</time>
<extensions>
<gpx10:speed>0.8638684</gpx10:speed></extensions></trkpt>
<trkpt lat="37.5907302" lon="127.0065037"><ele>87.20621</ele><time>2019-11-26T01:50:08Z</time>
<extensions>
<gpx10:speed>0.8110189</gpx10:speed></extensions></trkpt>
<trkpt lat="37.5908293" lon="127.0065158"><ele>88.12999</ele><time>2019-11-26T01:50:17Z</time>
<extensions>
<gpx10:speed>0.8005105</gpx10:speed></extensions></trkpt>
<trkpt lat="37.590924" lon="127.0065401"><ele>86.4201</ele><time>2019-11-26T01:50:25Z</time>
<extensions>
<gpx10:speed>0.8399691</gpx10:speed></extensions></trkpt>
<trkpt lat="37.5909908" lon="127.0066164"><ele>90.00786</ele><time>2019-11-26T01:50:34Z</time>
<extensions>
<gpx10:speed>0.9286871</gpx10:speed></extensions></trkpt>
<trkpt lat="37.5910624" lon="127.0066854"><ele>90.15181</ele><time>2019-11-26T01:50:44Z</time>
<extensions>
<gpx10:speed>0.87589025</gpx10:speed></extensions></trkpt>
<trkpt lat="37.5911198" lon="127.0067761"><ele>92.56511</ele><time>2019-11-26T01:50:55Z</time>
<extensions>
<gpx10:speed>0.9359367</gpx10:speed></extensions></trkpt>
<trkpt lat="37.5911849" lon="127.0068601"><ele>94.429794</ele><time>2019-11-26T01:51:06Z</time>
<extensions>
<gpx10:speed>0.8741598</gpx10:speed></extensions></trkpt>
<trkpt lat="37.5912618" lon="127.0069246"><ele>98.6701</ele><time>2019-11-26T01:51:18Z</time>
<extensions>
<gpx10:speed>0.8590105</gpx10:speed></extensions></trkpt>
<trkpt lat="37.5913601" lon="127.0069345"><ele>100.757126</ele><time>2019-11-26T01:51:30Z</time>
<extensions>
<gpx10:speed>0.8429131</gpx10:speed></extensions></trkpt>
<trkpt lat="37.5914516" lon="127.0069619"><ele>102.31072</ele><time>2019-11-26T01:51:47Z</time>
<extensions>
<gpx10:speed>0.77956074</gpx10:speed></extensions></trkpt>
<trkpt lat="37.5915449" lon="127.007001"><ele>102.1118</ele><time>2019-11-26T01:51:56Z</time>
<extensions>
<gpx10:speed>1.0824189</gpx10:speed></extensions></trkpt>
<trkpt lat="37.591628" lon="127.0070496"><ele>104.730675</ele><time>2019-11-26T01:52:05Z</time>
<extensions>
<gpx10:speed>1.0824006</gpx10:speed></extensions></trkpt>
<trkpt lat="37.5917191" lon="127.0070481"><ele>102.146225</ele><time>2019-11-26T01:52:18Z</time>
<extensions>
<gpx10:speed>0.9032306</gpx10:speed></extensions></trkpt>
<trkpt lat="37.59181" lon="127.0070962"><ele>103.90889</ele><time>2019-11-26T01:52:29Z</time>
<extensions>
<gpx10:speed>0.9628344</gpx10:speed></extensions></trkpt>
<trkpt lat="37.591892" lon="127.0071486"><ele>109.61158</ele><time>2019-11-26T01:52:39Z</time>
<extensions>
<gpx10:speed>1.1151651</gpx10:speed></extensions></trkpt>
<trkpt lat="37.5919691" lon="127.0072178"><ele>110.42622</ele><time>2019-11-26T01:52:47Z</time>
<extensions>
<gpx10:speed>0.9331478</gpx10:speed></extensions></trkpt>
<trkpt lat="37.592038" lon="127.0072999"><ele>112.64531</ele><time>2019-11-26T01:52:57Z</time>
<extensions>
<gpx10:speed>0.63968545</gpx10:speed></extensions></trkpt>
<trkpt lat="37.5920946" lon="127.0073893"><ele>114.67792</ele><time>2019-11-26T01:53:09Z</time>
<extensions>
<gpx10:speed>0.77942705</gpx10:speed></extensions></trkpt>
<trkpt lat="37.5921428" lon="127.0074941"><ele>116.40412</ele><time>2019-11-26T01:53:18Z</time>
<extensions>
<gpx10:speed>0.90754735</gpx10:speed></extensions></trkpt>
<trkpt lat="37.5922065" lon="127.0075839"><ele>118.620766</ele><time>2019-11-26T01:53:29Z</time>
<extensions>
<gpx10:speed>0.8902419</gpx10:speed></extensions></trkpt>
<trkpt lat="37.5922948" lon="127.0076338"><ele>121.69873</ele><time>2019-11-26T01:53:39Z</time>
<extensions>
<gpx10:speed>1.0331786</gpx10:speed></extensions></trkpt>
<trkpt lat="37.5923673" lon="127.0077031"><ele>123.371925</ele><time>2019-11-26T01:53:49Z</time>
<extensions>
<gpx10:speed>0.97479016</gpx10:speed></extensions></trkpt>
<trkpt lat="37.5924223" lon="127.0077983"><ele>125.45325</ele><time>2019-11-26T01:54:14Z</time>
<extensions>
<gpx10:speed>0.5535937</gpx10:speed></extensions></trkpt>
<trkpt lat="37.5924719" lon="127.0078931"><ele>127.98327</ele><time>2019-11-26T01:54:29Z</time>
<extensions>
<gpx10:speed>0.79749864</gpx10:speed></extensions></trkpt>
<trkpt lat="37.592498" lon="127.0080049"><ele>127.16953</ele><time>2019-11-26T01:54:44Z</time>
<extensions>
<gpx10:speed>0.7057622</gpx10:speed></extensions></trkpt>
<trkpt lat="37.592502" lon="127.0081213"><ele>129.4426</ele><time>2019-11-26T01:54:57Z</time>
<extensions>
<gpx10:speed>0.7016893</gpx10:speed></extensions></trkpt>
<trkpt lat="37.5925244" lon="127.0082359"><ele>131.1458</ele><time>2019-11-26T01:55:06Z</time>
<extensions>
<gpx10:speed>0.7498102</gpx10:speed></extensions></trkpt>
<trkpt lat="37.5925885" lon="127.008316"><ele>133.2984</ele><time>2019-11-26T01:55:16Z</time>
<extensions>
<gpx10:speed>0.82935417</gpx10:speed></extensions></trkpt>
<trkpt lat="37.5926799" lon="127.0083744"><ele>138.1986</ele><time>2019-11-26T01:55:24Z</time>
<extensions>
<gpx10:speed>0.7873268</gpx10:speed></extensions></trkpt>
<trkpt lat="37.592763" lon="127.0084254"><ele>134.19484</ele><time>2019-11-26T01:55:31Z</time>
<extensions>
<gpx10:speed>1.0003767</gpx10:speed></extensions></trkpt>
<trkpt lat="37.5928423" lon="127.0084821"><ele>134.50356</ele><time>2019-11-26T01:55:39Z</time>
<extensions>
<gpx10:speed>1.0679344</gpx10:speed></extensions></trkpt>
<trkpt lat="37.5929407" lon="127.0084968"><ele>135.94876</ele><time>2019-11-26T01:55:45Z</time>
<extensions>
<gpx10:speed>1.1143388</gpx10:speed></extensions></trkpt>
<trkpt lat="37.5930402" lon="127.0085165"><ele>136.51978</ele><time>2019-11-26T01:55:54Z</time>
<extensions>
<gpx10:speed>1.1077678</gpx10:speed></extensions></trkpt>
<trkpt lat="37.5931343" lon="127.0085347"><ele>136.71602</ele><time>2019-11-26T01:56:03Z</time>
<extensions>
<gpx10:speed>1.0636941</gpx10:speed></extensions></trkpt>
<trkpt lat="37.59323" lon="127.0085045"><ele>137.42722</ele><time>2019-11-26T01:56:10Z</time>
<extensions>
<gpx10:speed>1.204345</gpx10:speed></extensions></trkpt>
<trkpt lat="37.5933287" lon="127.0085011"><ele>136.95284</ele><time>2019-11-26T01:56:19Z</time>
<extensions>
<gpx10:speed>1.2505354</gpx10:speed></extensions></trkpt>
<trkpt lat="37.5934288" lon="127.0084722"><ele>138.42282</ele><time>2019-11-26T01:56:27Z</time>
<extensions>
<gpx10:speed>1.2880076</gpx10:speed></extensions></trkpt>
<trkpt lat="37.5935188" lon="127.0084495"><ele>138.17448</ele><time>2019-11-26T01:56:36Z</time>
<extensions>
<gpx10:speed>1.1884062</gpx10:speed></extensions></trkpt>
<trkpt lat="37.593609" lon="127.0084396"><ele>139.21877</ele><time>2019-11-26T01:56:44Z</time>
<extensions>
<gpx10:speed>1.1987636</gpx10:speed></extensions></trkpt>
<trkpt lat="37.5937118" lon="127.0084152"><ele>142.78098</ele><time>2019-11-26T01:56:53Z</time>
<extensions>
<gpx10:speed>1.2234704</gpx10:speed></extensions></trkpt>
<trkpt lat="37.5938019" lon="127.008349"><ele>142.2635</ele><time>2019-11-26T01:57:01Z</time>
<extensions>
<gpx10:speed>1.3544459</gpx10:speed></extensions></trkpt>
<trkpt lat="37.5938862" lon="127.0083999"><ele>141.39246</ele><time>2019-11-26T01:57:09Z</time>
<extensions>
<gpx10:speed>1.231168</gpx10:speed></extensions></trkpt>
<trkpt lat="37.5939625" lon="127.0084716"><ele>139.98706</ele><time>2019-11-26T01:57:17Z</time>
<extensions>
<gpx10:speed>1.1648383</gpx10:speed></extensions></trkpt>
<trkpt lat="37.5940539" lon="127.0085186"><ele>139.92438</ele><time>2019-11-26T01:57:28Z</time>
<extensions>
<gpx10:speed>0.95667225</gpx10:speed></extensions></trkpt>
<trkpt lat="37.594146" lon="127.0085135"><ele>138.90895</ele><time>2019-11-26T01:57:34Z</time>
<extensions>
<gpx10:speed>1.1354657</gpx10:speed></extensions></trkpt>
<trkpt lat="37.5942441" lon="127.0085032"><ele>139.26042</ele><time>2019-11-26T01:57:42Z</time>
<extensions>
<gpx10:speed>1.062419</gpx10:speed></extensions></trkpt>
<trkpt lat="37.5943388" lon="127.0085096"><ele>139.76352</ele><time>2019-11-26T01:57:52Z</time>
<extensions>
<gpx10:speed>0.5901805</gpx10:speed></extensions></trkpt>
<trkpt lat="37.5944312" lon="127.0084651"><ele>142.5171</ele><time>2019-11-26T01:58:14Z</time>
<extensions>
<gpx10:speed>0.9918824</gpx10:speed></extensions></trkpt>
<trkpt lat="37.5945198" lon="127.0085209"><ele>145.813</ele><time>2019-11-26T01:58:41Z</time>
<extensions>
<gpx10:speed>0.913398</gpx10:speed></extensions></trkpt>
<trkpt lat="37.5945903" lon="127.0085914"><ele>143.03014</ele><time>2019-11-26T01:58:49Z</time>
<extensions>
<gpx10:speed>1.0301858</gpx10:speed></extensions></trkpt>
<trkpt lat="37.5946799" lon="127.0086347"><ele>143.02751</ele><time>2019-11-26T01:59:05Z</time>
<extensions>
<gpx10:speed>0.7859178</gpx10:speed></extensions></trkpt>
<trkpt lat="37.5947649" lon="127.008677"><ele>139.23299</ele><time>2019-11-26T01:59:17Z</time>
<extensions>
<gpx10:speed>0.29985213</gpx10:speed></extensions></trkpt>
<trkpt lat="37.5948569" lon="127.0087021"><ele>140.51202</ele><time>2019-11-26T01:59:28Z</time>
<extensions>
<gpx10:speed>0.9224205</gpx10:speed></extensions></trkpt>
<trkpt lat="37.5949349" lon="127.008785"><ele>143.19179</ele><time>2019-11-26T01:59:39Z</time>
<extensions>
<gpx10:speed>0.78190696</gpx10:speed></extensions></trkpt>
<trkpt lat="37.5950085" lon="127.0088624"><ele>145.02083</ele><time>2019-11-26T01:59:47Z</time>
<extensions>
<gpx10:speed>0.774606</gpx10:speed></extensions></trkpt>
<trkpt lat="37.5950795" lon="127.0089518"><ele>144.72966</ele><time>2019-11-26T01:59:54Z</time>
<extensions>
<gpx10:speed>0.82454306</gpx10:speed></extensions></trkpt>
<trkpt lat="37.5951474" lon="127.009032"><ele>146.4206</ele><time>2019-11-26T02:00:03Z</time>
<extensions>
<gpx10:speed>0.782513</gpx10:speed></extensions></trkpt>
<trkpt lat="37.5952385" lon="127.0090726"><ele>147.38036</ele><time>2019-11-26T02:00:13Z</time>
<extensions>
<gpx10:speed>0.5858115</gpx10:speed></extensions></trkpt>
<trkpt lat="37.5953309" lon="127.0091116"><ele>148.63925</ele><time>2019-11-26T02:00:23Z</time>
<extensions>
<gpx10:speed>0.038891714</gpx10:speed></extensions></trkpt>
<trkpt lat="37.5954209" lon="127.0091636"><ele>148.43468</ele><time>2019-11-26T02:00:34Z</time>
<extensions>
<gpx10:speed>0.37341738</gpx10:speed></extensions></trkpt>
<trkpt lat="37.5954945" lon="127.0090889"><ele>153.51373</ele><time>2019-11-26T02:00:45Z</time>
<extensions>
<gpx10:speed>1.5910976</gpx10:speed></extensions></trkpt>
<trkpt lat="37.5955636" lon="127.0090139"><ele>153.0427</ele><time>2019-11-26T02:00:54Z</time>
<extensions>
<gpx10:speed>1.1183013</gpx10:speed></extensions></trkpt>
<trkpt lat="37.5956431" lon="127.0089468"><ele>154.14308</ele><time>2019-11-26T02:01:08Z</time>
<extensions>
<gpx10:speed>0.66700184</gpx10:speed></extensions></trkpt>
<trkpt lat="37.5957248" lon="127.0088902"><ele>155.26213</ele><time>2019-11-26T02:01:16Z</time>
<extensions>
<gpx10:speed>0.8335003</gpx10:speed></extensions></trkpt>
<trkpt lat="37.5958098" lon="127.0088291"><ele>161.60587</ele><time>2019-11-26T02:01:23Z</time>
<extensions>
<gpx10:speed>1.0610807</gpx10:speed></extensions></trkpt>
<trkpt lat="37.5958816" lon="127.008757"><ele>159.67706</ele><time>2019-11-26T02:01:29Z</time>
<extensions>
<gpx10:speed>1.361893</gpx10:speed></extensions></trkpt>
<trkpt lat="37.5958577" lon="127.0086379"><ele>159.30571</ele><time>2019-11-26T02:01:40Z</time>
<extensions>
<gpx10:speed>0.96355945</gpx10:speed></extensions></trkpt>
<trkpt lat="37.5958443" lon="127.0085243"><ele>160.28557</ele><time>2019-11-26T02:01:51Z</time>
<extensions>
<gpx10:speed>0.90023977</gpx10:speed></extensions></trkpt>
<trkpt lat="37.5958326" lon="127.0084032"><ele>161.36258</ele><time>2019-11-26T02:02:02Z</time>
<extensions>
<gpx10:speed>0.8814088</gpx10:speed></extensions></trkpt>
<trkpt lat="37.5958021" lon="127.0082933"><ele>163.68999</ele><time>2019-11-26T02:02:13Z</time>
<extensions>
<gpx10:speed>0.4442143</gpx10:speed></extensions></trkpt>
<trkpt lat="37.5958544" lon="127.0082003"><ele>165.96506</ele><time>2019-11-26T02:02:59Z</time>
<extensions>
<gpx10:speed>1.1456012</gpx10:speed></extensions></trkpt>
<trkpt lat="37.5958774" lon="127.0080784"><ele>166.53352</ele><time>2019-11-26T02:03:07Z</time>
<extensions>
<gpx10:speed>1.1575072</gpx10:speed></extensions></trkpt>
<trkpt lat="37.5958787" lon="127.0079569"><ele>163.33852</ele><time>2019-11-26T02:03:15Z</time>
<extensions>
<gpx10:speed>1.1349204</gpx10:speed></extensions></trkpt>
<trkpt lat="37.5959075" lon="127.0078387"><ele>164.56139</ele><time>2019-11-26T02:03:23Z</time>
<extensions>
<gpx10:speed>1.1429279</gpx10:speed></extensions></trkpt>
<trkpt lat="37.5959613" lon="127.007738"><ele>163.95345</ele><time>2019-11-26T02:03:31Z</time>
<extensions>
<gpx10:speed>1.1856271</gpx10:speed></extensions></trkpt>
<trkpt lat="37.596022" lon="127.0076534"><ele>165.6726</ele><time>2019-11-26T02:03:39Z</time>
<extensions>
<gpx10:speed>1.113552</gpx10:speed></extensions></trkpt>
<trkpt lat="37.5960884" lon="127.0075696"><ele>165.4361</ele><time>2019-11-26T02:03:48Z</time>
<extensions>
<gpx10:speed>1.1017913</gpx10:speed></extensions></trkpt>
<trkpt lat="37.5961507" lon="127.0074875"><ele>167.27661</ele><time>2019-11-26T02:03:55Z</time>
<extensions>
<gpx10:speed>1.0929446</gpx10:speed></extensions></trkpt>
<trkpt lat="37.5962199" lon="127.0073961"><ele>167.5446</ele><time>2019-11-26T02:04:03Z</time>
<extensions>
<gpx10:speed>1.1555566</gpx10:speed></extensions></trkpt>
<trkpt lat="37.596214" lon="127.0075271"><ele>199.96246</ele><time>2019-11-26T02:04:33Z</time>
<extensions>
<gpx10:speed>0.20420447</gpx10:speed></extensions></trkpt>
<trkpt lat="37.5966789" lon="127.0072366"><ele>171.12773</ele><time>2019-11-26T02:05:11Z</time>
<extensions>
<gpx10:speed>0.6116757</gpx10:speed></extensions></trkpt>
<trkpt lat="37.596605" lon="127.0073276"><ele>168.39827</ele><time>2019-11-26T02:05:13Z</time>
<extensions>
<gpx10:speed>0.36568102</gpx10:speed></extensions></trkpt>
<trkpt lat="37.5965298" lon="127.0072503"><ele>168.93552</ele><time>2019-11-26T02:05:22Z</time>
<extensions>
<gpx10:speed>0.34807825</gpx10:speed></extensions></trkpt>
<trkpt lat="37.5964769" lon="127.0071488"><ele>168.51585</ele><time>2019-11-26T02:05:34Z</time>
<extensions>
<gpx10:speed>0.86338687</gpx10:speed></extensions></trkpt>
<trkpt lat="37.5964558" lon="127.0070301"><ele>168.59506</ele><time>2019-11-26T02:05:45Z</time>
<extensions>
<gpx10:speed>0.86401224</gpx10:speed></extensions></trkpt>
<trkpt lat="37.5964147" lon="127.0069176"><ele>169.57697</ele><time>2019-11-26T02:05:52Z</time>
<extensions>
<gpx10:speed>1.1030557</gpx10:speed></extensions></trkpt>
<trkpt lat="37.5963822" lon="127.0067987"><ele>169.3497</ele><time>2019-11-26T02:06:00Z</time>
<extensions>
<gpx10:speed>1.1729491</gpx10:speed></extensions></trkpt>
<trkpt lat="37.5963097" lon="127.0067211"><ele>171.018</ele><time>2019-11-26T02:06:08Z</time>
<extensions>
<gpx10:speed>1.19674</gpx10:speed></extensions></trkpt>
</trkseg>
</trk>
<trk><name>Track 20191126 m-1</name>
<trkseg>
<trkpt lat="37.5963453" lon="127.0066657"><ele>161.35904</ele><time>2019-11-26T02:06:46Z</time>
<extensions>
<gpx10:speed>0.4461517</gpx10:speed></extensions></trkpt>
<trkpt lat="37.5962734" lon="127.006831"><ele>162.50471</ele><time>2019-11-26T02:06:48Z</time>
<extensions>
<gpx10:speed>0.29418993</gpx10:speed></extensions></trkpt>
<trkpt lat="37.5962694" lon="127.0067113"><ele>165.44975</ele><time>2019-11-26T02:06:52Z</time>
<extensions /></trkpt>
<trkpt lat="37.5962078" lon="127.0066208"><ele>169.17241</ele><time>2019-11-26T02:07:07Z</time>
<extensions>
<gpx10:speed>1.1286315</gpx10:speed></extensions></trkpt>
<trkpt lat="37.5961144" lon="127.0066294"><ele>168.00674</ele><time>2019-11-26T02:07:49Z</time>
<extensions>
<gpx10:speed>1.0213182</gpx10:speed></extensions></trkpt>
<trkpt lat="37.5960219" lon="127.0066209"><ele>167.1357</ele><time>2019-11-26T02:07:56Z</time>
<extensions>
<gpx10:speed>1.2939599</gpx10:speed></extensions></trkpt>
<trkpt lat="37.5959329" lon="127.006578"><ele>167.40436</ele><time>2019-11-26T02:08:04Z</time>
<extensions>
<gpx10:speed>1.2761486</gpx10:speed></extensions></trkpt>
<trkpt lat="37.595843" lon="127.006558"><ele>166.94211</ele><time>2019-11-26T02:08:11Z</time>
<extensions>
<gpx10:speed>1.3270812</gpx10:speed></extensions></trkpt>
<trkpt lat="37.5957492" lon="127.0065332"><ele>167.36394</ele><time>2019-11-26T02:08:18Z</time>
<extensions>
<gpx10:speed>1.3787489</gpx10:speed></extensions></trkpt>
<trkpt lat="37.5956466" lon="127.0065254"><ele>166.89284</ele><time>2019-11-26T02:08:26Z</time>
<extensions>
<gpx10:speed>1.4260409</gpx10:speed></extensions></trkpt>
<trkpt lat="37.5955534" lon="127.0064928"><ele>166.76945</ele><time>2019-11-26T02:08:34Z</time>
<extensions>
<gpx10:speed>1.3736601</gpx10:speed></extensions></trkpt>
<trkpt lat="37.5954546" lon="127.006458"><ele>166.02538</ele><time>2019-11-26T02:08:44Z</time>
<extensions>
<gpx10:speed>1.2211682</gpx10:speed></extensions></trkpt>
<trkpt lat="37.5953843" lon="127.0063784"><ele>165.81804</ele><time>2019-11-26T02:08:51Z</time>
<extensions>
<gpx10:speed>1.4099401</gpx10:speed></extensions></trkpt>
<trkpt lat="37.5953302" lon="127.0062755"><ele>165.55272</ele><time>2019-11-26T02:08:59Z</time>
<extensions>
<gpx10:speed>1.3880539</gpx10:speed></extensions></trkpt>
<trkpt lat="37.5952932" lon="127.00617"><ele>164.39636</ele><time>2019-11-26T02:09:09Z</time>
<extensions>
<gpx10:speed>0.5856296</gpx10:speed></extensions></trkpt>
<trkpt lat="37.5953165" lon="127.0060591"><ele>164.90126</ele><time>2019-11-26T02:10:16Z</time>
<extensions>
<gpx10:speed>0.9926765</gpx10:speed></extensions></trkpt>
<trkpt lat="37.5953466" lon="127.0059467"><ele>163.61415</ele><time>2019-11-26T02:10:23Z</time>
<extensions>
<gpx10:speed>1.3979405</gpx10:speed></extensions></trkpt>
<trkpt lat="37.5953903" lon="127.0058306"><ele>159.07619</ele><time>2019-11-26T02:10:31Z</time>
<extensions>
<gpx10:speed>1.3279155</gpx10:speed></extensions></trkpt>
<trkpt lat="37.5954452" lon="127.0057285"><ele>159.43942</ele><time>2019-11-26T02:10:38Z</time>
<extensions>
<gpx10:speed>1.3600365</gpx10:speed></extensions></trkpt>
<trkpt lat="37.5955062" lon="127.0056204"><ele>160.02287</ele><time>2019-11-26T02:10:45Z</time>
<extensions>
<gpx10:speed>1.3529532</gpx10:speed></extensions></trkpt>
<trkpt lat="37.5955616" lon="127.005521"><ele>159.49841</ele><time>2019-11-26T02:10:52Z</time>
<extensions>
<gpx10:speed>1.3924453</gpx10:speed></extensions></trkpt>
<trkpt lat="37.5956127" lon="127.0054227"><ele>160.70274</ele><time>2019-11-26T02:10:59Z</time>
<extensions>
<gpx10:speed>1.325875</gpx10:speed></extensions></trkpt>
<trkpt lat="37.5956986" lon="127.005379"><ele>161.51108</ele><time>2019-11-26T02:11:09Z</time>
<extensions>
<gpx10:speed>0.6178768</gpx10:speed></extensions></trkpt>
<trkpt lat="37.5957869" lon="127.0053527"><ele>162.70282</ele><time>2019-11-26T02:11:19Z</time>
<extensions>
<gpx10:speed>0.54714996</gpx10:speed></extensions></trkpt>
<trkpt lat="37.5958838" lon="127.0053485"><ele>163.71104</ele><time>2019-11-26T02:11:35Z</time>
<extensions>
<gpx10:speed>0.32508016</gpx10:speed></extensions></trkpt>
<trkpt lat="37.5959894" lon="127.0053348"><ele>163.91808</ele><time>2019-11-26T02:11:43Z</time>
<extensions>
<gpx10:speed>0.8051408</gpx10:speed></extensions></trkpt>
<trkpt lat="37.5960888" lon="127.0053155"><ele>164.52187</ele><time>2019-11-26T02:11:50Z</time>
<extensions>
<gpx10:speed>0.81504726</gpx10:speed></extensions></trkpt>
<trkpt lat="37.5961838" lon="127.0052882"><ele>164.87953</ele><time>2019-11-26T02:11:58Z</time>
<extensions>
<gpx10:speed>0.46378472</gpx10:speed></extensions></trkpt>
<trkpt lat="37.5962659" lon="127.0052253"><ele>164.60486</ele><time>2019-11-26T02:12:07Z</time>
<extensions>
<gpx10:speed>0.36313245</gpx10:speed></extensions></trkpt>
<trkpt lat="37.5963427" lon="127.0051394"><ele>166.5792</ele><time>2019-11-26T02:12:12Z</time>
<extensions>
<gpx10:speed>1.3951097</gpx10:speed></extensions></trkpt>
<trkpt lat="37.5963866" lon="127.0050335"><ele>166.07071</ele><time>2019-11-26T02:12:18Z</time>
<extensions>
<gpx10:speed>1.4952874</gpx10:speed></extensions></trkpt>
<trkpt lat="37.5963849" lon="127.0049178"><ele>164.76761</ele><time>2019-11-26T02:12:31Z</time>
<extensions>
<gpx10:speed>1.0422343</gpx10:speed></extensions></trkpt>
<trkpt lat="37.5963711" lon="127.0047926"><ele>164.98714</ele><time>2019-11-26T02:12:40Z</time>
<extensions>
<gpx10:speed>0.86850476</gpx10:speed></extensions></trkpt>
<trkpt lat="37.5964196" lon="127.0046815"><ele>166.03339</ele><time>2019-11-26T02:12:53Z</time>
<extensions>
<gpx10:speed>0.3531249</gpx10:speed></extensions></trkpt>
<trkpt lat="37.5964566" lon="127.0045634"><ele>164.86227</ele><time>2019-11-26T02:13:00Z</time>
<extensions>
<gpx10:speed>1.4239787</gpx10:speed></extensions></trkpt>
<trkpt lat="37.5964928" lon="127.0044526"><ele>165.4002</ele><time>2019-11-26T02:13:05Z</time>
<extensions>
<gpx10:speed>1.4780039</gpx10:speed></extensions></trkpt>
<trkpt lat="37.5965375" lon="127.0043532"><ele>166.37988</ele><time>2019-11-26T02:13:10Z</time>
<extensions>
<gpx10:speed>1.4214243</gpx10:speed></extensions></trkpt>
<trkpt lat="37.5965988" lon="127.0042587"><ele>166.68729</ele><time>2019-11-26T02:13:17Z</time>
<extensions>
<gpx10:speed>1.3196946</gpx10:speed></extensions></trkpt>
<trkpt lat="37.5966765" lon="127.0041876"><ele>169.71199</ele><time>2019-11-26T02:13:22Z</time>
<extensions>
<gpx10:speed>1.495408</gpx10:speed></extensions></trkpt>
<trkpt lat="37.5967447" lon="127.0040903"><ele>168.81955</ele><time>2019-11-26T02:13:29Z</time>
<extensions>
<gpx10:speed>1.4794345</gpx10:speed></extensions></trkpt>
<trkpt lat="37.5967939" lon="127.0039756"><ele>171.17648</ele><time>2019-11-26T02:13:38Z</time>
<extensions>
<gpx10:speed>1.3658744</gpx10:speed></extensions></trkpt>
<trkpt lat="37.5968455" lon="127.0038809"><ele>168.65948</ele><time>2019-11-26T02:13:50Z</time>
<extensions>
<gpx10:speed>0.59773445</gpx10:speed></extensions></trkpt>
<trkpt lat="37.5969187" lon="127.0038019"><ele>171.02812</ele><time>2019-11-26T02:14:01Z</time>
<extensions>
<gpx10:speed>0.2678242</gpx10:speed></extensions></trkpt>
<trkpt lat="37.5969897" lon="127.0037312"><ele>170.52072</ele><time>2019-11-26T02:14:11Z</time>
<extensions>
<gpx10:speed>0.4720066</gpx10:speed></extensions></trkpt>
<trkpt lat="37.5970679" lon="127.0036487"><ele>169.80197</ele><time>2019-11-26T02:14:17Z</time>
<extensions>
<gpx10:speed>0.9889873</gpx10:speed></extensions></trkpt>
<trkpt lat="37.597137" lon="127.0035538"><ele>169.6018</ele><time>2019-11-26T02:14:24Z</time>
<extensions>
<gpx10:speed>0.97784823</gpx10:speed></extensions></trkpt>
<trkpt lat="37.5971918" lon="127.0034501"><ele>169.89972</ele><time>2019-11-26T02:14:31Z</time>
<extensions>
<gpx10:speed>1.0887172</gpx10:speed></extensions></trkpt>
<trkpt lat="37.5972384" lon="127.0033457"><ele>170.152</ele><time>2019-11-26T02:14:39Z</time>
<extensions>
<gpx10:speed>1.0513144</gpx10:speed></extensions></trkpt>
<trkpt lat="37.597286" lon="127.0032487"><ele>172.16406</ele><time>2019-11-26T02:14:53Z</time>
<extensions>
<gpx10:speed>0.042084057</gpx10:speed></extensions></trkpt>
<trkpt lat="37.5973455" lon="127.0031508"><ele>171.71587</ele><time>2019-11-26T02:15:02Z</time>
<extensions>
<gpx10:speed>0.33702764</gpx10:speed></extensions></trkpt>
<trkpt lat="37.5974208" lon="127.0030734"><ele>173.8541</ele><time>2019-11-26T02:15:28Z</time>
<extensions>
<gpx10:speed>0.53815234</gpx10:speed></extensions></trkpt>
<trkpt lat="37.5975097" lon="127.0030341"><ele>173.87654</ele><time>2019-11-26T02:15:36Z</time>
<extensions>
<gpx10:speed>0.017737785</gpx10:speed></extensions></trkpt>
<trkpt lat="37.5975897" lon="127.0029769"><ele>174.1152</ele><time>2019-11-26T02:15:41Z</time>
<extensions>
<gpx10:speed>0.31363228</gpx10:speed></extensions></trkpt>
<trkpt lat="37.5976592" lon="127.0028997"><ele>175.8604</ele><time>2019-11-26T02:16:06Z</time>
<extensions>
<gpx10:speed>0.15963854</gpx10:speed></extensions></trkpt>
<trkpt lat="37.5977037" lon="127.0027896"><ele>176.32567</ele><time>2019-11-26T02:16:20Z</time>
<extensions>
<gpx10:speed>1.043707</gpx10:speed></extensions></trkpt>
<trkpt lat="37.5977998" lon="127.0027645"><ele>177.18066</ele><time>2019-11-26T02:16:29Z</time>
<extensions>
<gpx10:speed>1.0465204</gpx10:speed></extensions></trkpt>
<trkpt lat="37.5978858" lon="127.0027284"><ele>176.84912</ele><time>2019-11-26T02:16:35Z</time>
<extensions>
<gpx10:speed>1.0699365</gpx10:speed></extensions></trkpt>
<trkpt lat="37.5979751" lon="127.0026646"><ele>178.80644</ele><time>2019-11-26T02:16:42Z</time>
<extensions>
<gpx10:speed>1.1543317</gpx10:speed></extensions></trkpt>
<trkpt lat="37.5980631" lon="127.002606"><ele>177.80695</ele><time>2019-11-26T02:16:49Z</time>
<extensions>
<gpx10:speed>1.294915</gpx10:speed></extensions></trkpt>
<trkpt lat="37.5981593" lon="127.0025666"><ele>181.6729</ele><time>2019-11-26T02:16:56Z</time>
<extensions>
<gpx10:speed>1.347806</gpx10:speed></extensions></trkpt>
<trkpt lat="37.5982508" lon="127.0025486"><ele>182.64047</ele><time>2019-11-26T02:17:04Z</time>
<extensions>
<gpx10:speed>1.3360548</gpx10:speed></extensions></trkpt>
<trkpt lat="37.598342" lon="127.002524"><ele>181.3258</ele><time>2019-11-26T02:17:14Z</time>
<extensions>
<gpx10:speed>1.1403046</gpx10:speed></extensions></trkpt>
<trkpt lat="37.598435" lon="127.0024965"><ele>181.53554</ele><time>2019-11-26T02:17:25Z</time>
<extensions>
<gpx10:speed>0.85703766</gpx10:speed></extensions></trkpt>
<trkpt lat="37.5985169" lon="127.0024441"><ele>183.3276</ele><time>2019-11-26T02:17:44Z</time>
<extensions>
<gpx10:speed>0.06192578</gpx10:speed></extensions></trkpt>
<trkpt lat="37.5985965" lon="127.0023773"><ele>183.67575</ele><time>2019-11-26T02:17:53Z</time>
<extensions>
<gpx10:speed>0.3924539</gpx10:speed></extensions></trkpt>
<trkpt lat="37.5986908" lon="127.0023414"><ele>183.98936</ele><time>2019-11-26T02:17:58Z</time>
<extensions>
<gpx10:speed>1.1043146</gpx10:speed></extensions></trkpt>
<trkpt lat="37.5987794" lon="127.002303"><ele>184.68456</ele><time>2019-11-26T02:18:04Z</time>
<extensions>
<gpx10:speed>1.0492005</gpx10:speed></extensions></trkpt>
<trkpt lat="37.5988686" lon="127.0022444"><ele>185.89436</ele><time>2019-11-26T02:18:12Z</time>
<extensions>
<gpx10:speed>1.0507975</gpx10:speed></extensions></trkpt>
<trkpt lat="37.5989641" lon="127.0022056"><ele>186.437</ele><time>2019-11-26T02:18:19Z</time>
<extensions>
<gpx10:speed>1.0814841</gpx10:speed></extensions></trkpt>
<trkpt lat="37.5990516" lon="127.0021721"><ele>187.08167</ele><time>2019-11-26T02:18:25Z</time>
<extensions>
<gpx10:speed>1.1301372</gpx10:speed></extensions></trkpt>
<trkpt lat="37.599145" lon="127.0021392"><ele>188.79137</ele><time>2019-11-26T02:18:34Z</time>
<extensions>
<gpx10:speed>0.9607212</gpx10:speed></extensions></trkpt>
<trkpt lat="37.5992476" lon="127.0020865"><ele>189.76901</ele><time>2019-11-26T02:18:45Z</time>
<extensions>
<gpx10:speed>0.8926549</gpx10:speed></extensions></trkpt>
<trkpt lat="37.59933" lon="127.0020344"><ele>191.05411</ele><time>2019-11-26T02:18:54Z</time>
<extensions>
<gpx10:speed>0.93399537</gpx10:speed></extensions></trkpt>
<trkpt lat="37.599429" lon="127.0020218"><ele>188.18877</ele><time>2019-11-26T02:19:04Z</time>
<extensions>
<gpx10:speed>0.98472476</gpx10:speed></extensions></trkpt>
<trkpt lat="37.5994956" lon="127.0021038"><ele>189.66237</ele><time>2019-11-26T02:19:10Z</time>
<extensions>
<gpx10:speed>1.1236192</gpx10:speed></extensions></trkpt>
<trkpt lat="37.5995898" lon="127.0021181"><ele>191.40898</ele><time>2019-11-26T02:19:19Z</time>
<extensions>
<gpx10:speed>1.1894962</gpx10:speed></extensions></trkpt>
<trkpt lat="37.5996803" lon="127.0020925"><ele>192.40492</ele><time>2019-11-26T02:19:27Z</time>
<extensions>
<gpx10:speed>1.1961246</gpx10:speed></extensions></trkpt>
<trkpt lat="37.5997747" lon="127.0020665"><ele>192.8383</ele><time>2019-11-26T02:19:35Z</time>
<extensions>
<gpx10:speed>1.1810032</gpx10:speed></extensions></trkpt>
<trkpt lat="37.5998631" lon="127.0020339"><ele>194.86847</ele><time>2019-11-26T02:19:47Z</time>
<extensions>
<gpx10:speed>0.7818698</gpx10:speed></extensions></trkpt>
<trkpt lat="37.5999529" lon="127.0020011"><ele>196.25911</ele><time>2019-11-26T02:19:55Z</time>
<extensions>
<gpx10:speed>1.2163643</gpx10:speed></extensions></trkpt>
<trkpt lat="37.6000422" lon="127.0019587"><ele>194.95839</ele><time>2019-11-26T02:20:03Z</time>
<extensions>
<gpx10:speed>1.1936538</gpx10:speed></extensions></trkpt>
<trkpt lat="37.6001333" lon="127.001913"><ele>194.88403</ele><time>2019-11-26T02:20:13Z</time>
<extensions>
<gpx10:speed>0.6952811</gpx10:speed></extensions></trkpt>
<trkpt lat="37.6002219" lon="127.0018725"><ele>194.20291</ele><time>2019-11-26T02:20:22Z</time>
<extensions>
<gpx10:speed>0.95246345</gpx10:speed></extensions></trkpt>
<trkpt lat="37.600321" lon="127.0018252"><ele>194.5104</ele><time>2019-11-26T02:20:29Z</time>
<extensions>
<gpx10:speed>1.1493843</gpx10:speed></extensions></trkpt>
<trkpt lat="37.6003981" lon="127.0017611"><ele>194.18199</ele><time>2019-11-26T02:20:37Z</time>
<extensions>
<gpx10:speed>1.117321</gpx10:speed></extensions></trkpt>
<trkpt lat="37.6004821" lon="127.001689"><ele>193.78316</ele><time>2019-11-26T02:20:46Z</time>
<extensions>
<gpx10:speed>0.98564184</gpx10:speed></extensions></trkpt>
<trkpt lat="37.6005721" lon="127.0016239"><ele>192.98691</ele><time>2019-11-26T02:20:54Z</time>
<extensions>
<gpx10:speed>1.0434992</gpx10:speed></extensions></trkpt>
<trkpt lat="37.6006428" lon="127.0015403"><ele>194.61723</ele><time>2019-11-26T02:21:01Z</time>
<extensions>
<gpx10:speed>1.1827778</gpx10:speed></extensions></trkpt>
<trkpt lat="37.6007279" lon="127.0014671"><ele>193.55455</ele><time>2019-11-26T02:21:10Z</time>
<extensions>
<gpx10:speed>1.2167405</gpx10:speed></extensions></trkpt>
<trkpt lat="37.600813" lon="127.0013924"><ele>193.13393</ele><time>2019-11-26T02:21:17Z</time>
<extensions>
<gpx10:speed>1.2757491</gpx10:speed></extensions></trkpt>
<trkpt lat="37.6008965" lon="127.0013436"><ele>193.15462</ele><time>2019-11-26T02:21:24Z</time>
<extensions>
<gpx10:speed>1.2475493</gpx10:speed></extensions></trkpt>
<trkpt lat="37.6009873" lon="127.00131"><ele>193.28955</ele><time>2019-11-26T02:21:32Z</time>
<extensions>
<gpx10:speed>1.1869555</gpx10:speed></extensions></trkpt>
<trkpt lat="37.6010822" lon="127.0012842"><ele>193.85301</ele><time>2019-11-26T02:21:39Z</time>
<extensions>
<gpx10:speed>1.2207382</gpx10:speed></extensions></trkpt>
<trkpt lat="37.6011711" lon="127.0012598"><ele>193.38428</ele><time>2019-11-26T02:21:46Z</time>
<extensions>
<gpx10:speed>1.2578849</gpx10:speed></extensions></trkpt>
<trkpt lat="37.6012622" lon="127.0012223"><ele>192.49126</ele><time>2019-11-26T02:21:54Z</time>
<extensions>
<gpx10:speed>1.298695</gpx10:speed></extensions></trkpt>
<trkpt lat="37.6013442" lon="127.0011712"><ele>191.73083</ele><time>2019-11-26T02:22:01Z</time>
<extensions>
<gpx10:speed>1.3605433</gpx10:speed></extensions></trkpt>
<trkpt lat="37.6014249" lon="127.0011034"><ele>191.61519</ele><time>2019-11-26T02:22:09Z</time>
<extensions>
<gpx10:speed>1.3084244</gpx10:speed></extensions></trkpt>
<trkpt lat="37.6015008" lon="127.0010152"><ele>191.62337</ele><time>2019-11-26T02:22:16Z</time>
<extensions>
<gpx10:speed>1.4099643</gpx10:speed></extensions></trkpt>
<trkpt lat="37.6015689" lon="127.0009289"><ele>191.43636</ele><time>2019-11-26T02:22:24Z</time>
<extensions>
<gpx10:speed>1.3680506</gpx10:speed></extensions></trkpt>
<trkpt lat="37.6016354" lon="127.0008365"><ele>190.44052</ele><time>2019-11-26T02:22:34Z</time>
<extensions>
<gpx10:speed>1.1301068</gpx10:speed></extensions></trkpt>
<trkpt lat="37.6016761" lon="127.0007178"><ele>189.87538</ele><time>2019-11-26T02:22:41Z</time>
<extensions>
<gpx10:speed>1.2767615</gpx10:speed></extensions></trkpt>
<trkpt lat="37.6017173" lon="127.000608"><ele>189.04825</ele><time>2019-11-26T02:22:48Z</time>
<extensions>
<gpx10:speed>1.3954563</gpx10:speed></extensions></trkpt>
<trkpt lat="37.6017201" lon="127.0004909"><ele>189.97906</ele><time>2019-11-26T02:22:55Z</time>
<extensions>
<gpx10:speed>1.2964994</gpx10:speed></extensions></trkpt>
<trkpt lat="37.6017212" lon="127.0003652"><ele>189.22273</ele><time>2019-11-26T02:23:03Z</time>
<extensions>
<gpx10:speed>1.2303964</gpx10:speed></extensions></trkpt>
<trkpt lat="37.6017057" lon="127.0002534"><ele>188.07317</ele><time>2019-11-26T02:23:10Z</time>
<extensions>
<gpx10:speed>1.1863611</gpx10:speed></extensions></trkpt>
<trkpt lat="37.6017211" lon="127.0001285"><ele>185.80193</ele><time>2019-11-26T02:23:16Z</time>
<extensions>
<gpx10:speed>1.3299801</gpx10:speed></extensions></trkpt>
<trkpt lat="37.6017219" lon="127.000011"><ele>186.03932</ele><time>2019-11-26T02:23:23Z</time>
<extensions>
<gpx10:speed>1.2847291</gpx10:speed></extensions></trkpt>
<trkpt lat="37.6017159" lon="126.9998788"><ele>185.75143</ele><time>2019-11-26T02:23:30Z</time>
<extensions>
<gpx10:speed>1.4305185</gpx10:speed></extensions></trkpt>
<trkpt lat="37.6017017" lon="126.9997642"><ele>186.47285</ele><time>2019-11-26T02:23:36Z</time>
<extensions>
<gpx10:speed>1.4906572</gpx10:speed></extensions></trkpt>
<trkpt lat="37.6016578" lon="126.999663"><ele>187.48268</ele><time>2019-11-26T02:23:43Z</time>
<extensions>
<gpx10:speed>1.3963711</gpx10:speed></extensions></trkpt>
<trkpt lat="37.601634" lon="126.9995473"><ele>186.27267</ele><time>2019-11-26T02:23:56Z</time>
<extensions>
<gpx10:speed>1.2785002</gpx10:speed></extensions></trkpt>
<trkpt lat="37.6016074" lon="126.9994187"><ele>183.83153</ele><time>2019-11-26T02:24:04Z</time>
<extensions>
<gpx10:speed>1.2763103</gpx10:speed></extensions></trkpt>
<trkpt lat="37.6015733" lon="126.9993102"><ele>183.70528</ele><time>2019-11-26T02:24:10Z</time>
<extensions>
<gpx10:speed>1.2623533</gpx10:speed></extensions></trkpt>
<trkpt lat="37.6015172" lon="126.9991935"><ele>185.39868</ele><time>2019-11-26T02:24:16Z</time>
<extensions>
<gpx10:speed>1.3399215</gpx10:speed></extensions></trkpt>
<trkpt lat="37.6014943" lon="126.9990732"><ele>185.24594</ele><time>2019-11-26T02:24:23Z</time>
<extensions>
<gpx10:speed>1.4001912</gpx10:speed></extensions></trkpt>
<trkpt lat="37.6014866" lon="126.9989507"><ele>183.36383</ele><time>2019-11-26T02:24:30Z</time>
<extensions>
<gpx10:speed>1.3724718</gpx10:speed></extensions></trkpt>
<trkpt lat="37.6015073" lon="126.9988399"><ele>184.09601</ele><time>2019-11-26T02:24:36Z</time>
<extensions>
<gpx10:speed>1.3703895</gpx10:speed></extensions></trkpt>
<trkpt lat="37.6015493" lon="126.9987322"><ele>183.27417</ele><time>2019-11-26T02:24:43Z</time>
<extensions>
<gpx10:speed>1.3778555</gpx10:speed></extensions></trkpt>
<trkpt lat="37.6015945" lon="126.9986268"><ele>182.49121</ele><time>2019-11-26T02:24:50Z</time>
<extensions>
<gpx10:speed>1.4110637</gpx10:speed></extensions></trkpt>
<trkpt lat="37.6016415" lon="126.9985163"><ele>182.39487</ele><time>2019-11-26T02:24:57Z</time>
<extensions>
<gpx10:speed>1.5153702</gpx10:speed></extensions></trkpt>
<trkpt lat="37.6016862" lon="126.9984072"><ele>182.86288</ele><time>2019-11-26T02:25:06Z</time>
<extensions>
<gpx10:speed>1.2665992</gpx10:speed></extensions></trkpt>
<trkpt lat="37.6017304" lon="126.9983002"><ele>183.28871</ele><time>2019-11-26T02:25:15Z</time>
<extensions>
<gpx10:speed>1.0523769</gpx10:speed></extensions></trkpt>
<trkpt lat="37.6017819" lon="126.9981934"><ele>182.52277</ele><time>2019-11-26T02:25:23Z</time>
<extensions>
<gpx10:speed>1.0339084</gpx10:speed></extensions></trkpt>
<trkpt lat="37.6018309" lon="126.9980903"><ele>183.17264</ele><time>2019-11-26T02:25:30Z</time>
<extensions>
<gpx10:speed>1.1710979</gpx10:speed></extensions></trkpt>
<trkpt lat="37.6018795" lon="126.9979931"><ele>183.90393</ele><time>2019-11-26T02:25:38Z</time>
<extensions>
<gpx10:speed>1.1866193</gpx10:speed></extensions></trkpt>
<trkpt lat="37.6019262" lon="126.997881"><ele>184.91212</ele><time>2019-11-26T02:26:31Z</time>
<extensions>
<gpx10:speed>0.65176445</gpx10:speed></extensions></trkpt>
<trkpt lat="37.6019671" lon="126.9977744"><ele>184.321</ele><time>2019-11-26T02:26:37Z</time>
<extensions>
<gpx10:speed>1.2486441</gpx10:speed></extensions></trkpt>
<trkpt lat="37.6020103" lon="126.9976594"><ele>185.13919</ele><time>2019-11-26T02:26:44Z</time>
<extensions>
<gpx10:speed>1.2168317</gpx10:speed></extensions></trkpt>
<trkpt lat="37.6020574" lon="126.9975571"><ele>184.99695</ele><time>2019-11-26T02:26:52Z</time>
<extensions>
<gpx10:speed>1.1461782</gpx10:speed></extensions></trkpt>
<trkpt lat="37.6020861" lon="126.9974359"><ele>185.71529</ele><time>2019-11-26T02:26:59Z</time>
<extensions>
<gpx10:speed>1.2198292</gpx10:speed></extensions></trkpt>
<trkpt lat="37.6021087" lon="126.9973195"><ele>186.98433</ele><time>2019-11-26T02:27:24Z</time>
<extensions>
<gpx10:speed>1.0569279</gpx10:speed></extensions></trkpt>
<trkpt lat="37.6021289" lon="126.9971963"><ele>188.46284</ele><time>2019-11-26T02:27:32Z</time>
<extensions>
<gpx10:speed>1.2925943</gpx10:speed></extensions></trkpt>
<trkpt lat="37.6021567" lon="126.9970882"><ele>190.62804</ele><time>2019-11-26T02:27:59Z</time>
<extensions>
<gpx10:speed>0.5149522</gpx10:speed></extensions></trkpt>
<trkpt lat="37.6021789" lon="126.996961"><ele>192.27419</ele><time>2019-11-26T02:28:23Z</time>
<extensions>
<gpx10:speed>1.621841</gpx10:speed></extensions></trkpt>
<trkpt lat="37.6022111" lon="126.9968504"><ele>189.44922</ele><time>2019-11-26T02:28:42Z</time>
<extensions>
<gpx10:speed>0.47665995</gpx10:speed></extensions></trkpt>
<trkpt lat="37.6022446" lon="126.9967353"><ele>190.7686</ele><time>2019-11-26T02:28:51Z</time>
<extensions>
<gpx10:speed>0.89238447</gpx10:speed></extensions></trkpt>
<trkpt lat="37.6022454" lon="126.9966188"><ele>191.78568</ele><time>2019-11-26T02:28:57Z</time>
<extensions>
<gpx10:speed>1.1328177</gpx10:speed></extensions></trkpt>
<trkpt lat="37.602267" lon="126.9964979"><ele>192.27527</ele><time>2019-11-26T02:29:04Z</time>
<extensions>
<gpx10:speed>1.2180322</gpx10:speed></extensions></trkpt>
<trkpt lat="37.6023003" lon="126.9963868"><ele>192.19896</ele><time>2019-11-26T02:29:11Z</time>
<extensions>
<gpx10:speed>1.20125</gpx10:speed></extensions></trkpt>
<trkpt lat="37.6023582" lon="126.9962852"><ele>192.55695</ele><time>2019-11-26T02:29:17Z</time>
<extensions>
<gpx10:speed>1.2893271</gpx10:speed></extensions></trkpt>
<trkpt lat="37.6024329" lon="126.996204"><ele>190.81534</ele><time>2019-11-26T02:29:26Z</time>
<extensions>
<gpx10:speed>1.0992782</gpx10:speed></extensions></trkpt>
<trkpt lat="37.6025089" lon="126.9961291"><ele>191.21017</ele><time>2019-11-26T02:29:33Z</time>
<extensions>
<gpx10:speed>1.1508266</gpx10:speed></extensions></trkpt>
<trkpt lat="37.6025932" lon="126.9960818"><ele>193.84523</ele><time>2019-11-26T02:29:43Z</time>
<extensions>
<gpx10:speed>0.8827847</gpx10:speed></extensions></trkpt>
<trkpt lat="37.6026852" lon="126.9960829"><ele>195.28145</ele><time>2019-11-26T02:29:53Z</time>
<extensions>
<gpx10:speed>0.41116568</gpx10:speed></extensions></trkpt>
<trkpt lat="37.6027697" lon="126.996039"><ele>195.04863</ele><time>2019-11-26T02:30:03Z</time>
<extensions>
<gpx10:speed>1.2022823</gpx10:speed></extensions></trkpt>
<trkpt lat="37.6027797" lon="126.9959252"><ele>197.36526</ele><time>2019-11-26T02:30:09Z</time>
<extensions>
<gpx10:speed>1.3780947</gpx10:speed></extensions></trkpt>
<trkpt lat="37.6027914" lon="126.9958083"><ele>201.6684</ele><time>2019-11-26T02:30:14Z</time>
<extensions>
<gpx10:speed>1.5625852</gpx10:speed></extensions></trkpt>
<trkpt lat="37.6028332" lon="126.9957005"><ele>199.91116</ele><time>2019-11-26T02:30:22Z</time>
<extensions>
<gpx10:speed>1.402286</gpx10:speed></extensions></trkpt>
<trkpt lat="37.6028949" lon="126.9956062"><ele>197.97998</ele><time>2019-11-26T02:30:31Z</time>
<extensions>
<gpx10:speed>1.2917258</gpx10:speed></extensions></trkpt>
<trkpt lat="37.6029502" lon="126.995507"><ele>198.38892</ele><time>2019-11-26T02:30:39Z</time>
<extensions>
<gpx10:speed>1.2681475</gpx10:speed></extensions></trkpt>
<trkpt lat="37.6029933" lon="126.9954071"><ele>197.61131</ele><time>2019-11-26T02:30:49Z</time>
<extensions>
<gpx10:speed>0.51798046</gpx10:speed></extensions></trkpt>
<trkpt lat="37.6030321" lon="126.9953027"><ele>198.76639</ele><time>2019-11-26T02:32:09Z</time>
<extensions>
<gpx10:speed>0.62676054</gpx10:speed></extensions></trkpt>
<trkpt lat="37.6030833" lon="126.9951975"><ele>197.83524</ele><time>2019-11-26T02:32:17Z</time>
<extensions>
<gpx10:speed>0.5041456</gpx10:speed></extensions></trkpt>
<trkpt lat="37.6031058" lon="126.9950788"><ele>198.16942</ele><time>2019-11-26T02:32:26Z</time>
<extensions>
<gpx10:speed>0.6177175</gpx10:speed></extensions></trkpt>
<trkpt lat="37.6031166" lon="126.994963"><ele>201.44719</ele><time>2019-11-26T02:32:32Z</time>
<extensions>
<gpx10:speed>0.8665929</gpx10:speed></extensions></trkpt>
<trkpt lat="37.6031229" lon="126.9948353"><ele>200.5191</ele><time>2019-11-26T02:32:37Z</time>
<extensions>
<gpx10:speed>1.1399823</gpx10:speed></extensions></trkpt>
<trkpt lat="37.6031099" lon="126.9947159"><ele>202.53987</ele><time>2019-11-26T02:32:50Z</time>
<extensions>
<gpx10:speed>0.30154577</gpx10:speed></extensions></trkpt>
<trkpt lat="37.6030542" lon="126.9946205"><ele>201.91824</ele><time>2019-11-26T02:33:05Z</time>
<extensions>
<gpx10:speed>0.28524643</gpx10:speed></extensions></trkpt>
<trkpt lat="37.6030161" lon="126.9945126"><ele>201.49586</ele><time>2019-11-26T02:33:15Z</time>
<extensions>
<gpx10:speed>0.50919634</gpx10:speed></extensions></trkpt>
<trkpt lat="37.6030316" lon="126.9943926"><ele>201.32205</ele><time>2019-11-26T02:33:20Z</time>
<extensions>
<gpx10:speed>1.5345271</gpx10:speed></extensions></trkpt>
<trkpt lat="37.6029975" lon="126.9942795"><ele>200.4661</ele><time>2019-11-26T02:33:26Z</time>
<extensions>
<gpx10:speed>1.5058796</gpx10:speed></extensions></trkpt>
<trkpt lat="37.6029718" lon="126.9941648"><ele>199.99033</ele><time>2019-11-26T02:33:34Z</time>
<extensions>
<gpx10:speed>1.2544564</gpx10:speed></extensions></trkpt>
<trkpt lat="37.6030011" lon="126.9940568"><ele>199.93655</ele><time>2019-11-26T02:33:42Z</time>
<extensions>
<gpx10:speed>0.9921783</gpx10:speed></extensions></trkpt>
<trkpt lat="37.6030765" lon="126.9939425"><ele>206.89456</ele><time>2019-11-26T02:33:50Z</time>
<extensions>
<gpx10:speed>0.85378265</gpx10:speed></extensions></trkpt>
<trkpt lat="37.6031496" lon="126.9938664"><ele>205.6286</ele><time>2019-11-26T02:33:54Z</time>
<extensions>
<gpx10:speed>1.1754481</gpx10:speed></extensions></trkpt>
<trkpt lat="37.6032173" lon="126.9937841"><ele>204.13745</ele><time>2019-11-26T02:34:03Z</time>
<extensions>
<gpx10:speed>1.1513895</gpx10:speed></extensions></trkpt>
<trkpt lat="37.6032144" lon="126.9936612"><ele>204.0118</ele><time>2019-11-26T02:34:18Z</time>
<extensions>
<gpx10:speed>0.5450437</gpx10:speed></extensions></trkpt>
<trkpt lat="37.6032279" lon="126.9935318"><ele>207.57074</ele><time>2019-11-26T02:34:28Z</time>
<extensions>
<gpx10:speed>0.9852823</gpx10:speed></extensions></trkpt>
<trkpt lat="37.6032863" lon="126.9934386"><ele>207.59587</ele><time>2019-11-26T02:34:34Z</time>
<extensions>
<gpx10:speed>1.244871</gpx10:speed></extensions></trkpt>
<trkpt lat="37.6033439" lon="126.993347"><ele>207.66844</ele><time>2019-11-26T02:34:41Z</time>
<extensions>
<gpx10:speed>1.2832365</gpx10:speed></extensions></trkpt>
<trkpt lat="37.6033972" lon="126.9932495"><ele>207.55466</ele><time>2019-11-26T02:34:49Z</time>
<extensions>
<gpx10:speed>1.2761945</gpx10:speed></extensions></trkpt>
<trkpt lat="37.6034417" lon="126.9931287"><ele>209.17744</ele><time>2019-11-26T02:34:57Z</time>
<extensions>
<gpx10:speed>1.2847627</gpx10:speed></extensions></trkpt>
<trkpt lat="37.6035109" lon="126.9930491"><ele>209.51515</ele><time>2019-11-26T02:35:06Z</time>
<extensions>
<gpx10:speed>1.1585488</gpx10:speed></extensions></trkpt>
<trkpt lat="37.6035672" lon="126.9929501"><ele>209.77771</ele><time>2019-11-26T02:35:16Z</time>
<extensions>
<gpx10:speed>1.0133853</gpx10:speed></extensions></trkpt>
<trkpt lat="37.6036095" lon="126.9928469"><ele>210.20346</ele><time>2019-11-26T02:35:24Z</time>
<extensions>
<gpx10:speed>1.0961076</gpx10:speed></extensions></trkpt>
<trkpt lat="37.6036507" lon="126.992726"><ele>211.66139</ele><time>2019-11-26T02:35:33Z</time>
<extensions>
<gpx10:speed>1.1364038</gpx10:speed></extensions></trkpt>
<trkpt lat="37.6036937" lon="126.9926139"><ele>212.22864</ele><time>2019-11-26T02:35:47Z</time>
<extensions>
<gpx10:speed>0.77512294</gpx10:speed></extensions></trkpt>
<trkpt lat="37.6037041" lon="126.9924995"><ele>213.68747</ele><time>2019-11-26T02:35:55Z</time>
<extensions>
<gpx10:speed>0.82532424</gpx10:speed></extensions></trkpt>
<trkpt lat="37.6037168" lon="126.9923555"><ele>216.99525</ele><time>2019-11-26T02:36:06Z</time>
<extensions>
<gpx10:speed>1.276614</gpx10:speed></extensions></trkpt>
<trkpt lat="37.6037322" lon="126.9922429"><ele>218.21207</ele><time>2019-11-26T02:36:17Z</time>
<extensions>
<gpx10:speed>1.0948831</gpx10:speed></extensions></trkpt>
<trkpt lat="37.6037454" lon="126.9921305"><ele>218.30377</ele><time>2019-11-26T02:36:26Z</time>
<extensions>
<gpx10:speed>1.0399752</gpx10:speed></extensions></trkpt>
<trkpt lat="37.6037551" lon="126.9920136"><ele>219.32939</ele><time>2019-11-26T02:36:33Z</time>
<extensions>
<gpx10:speed>1.066863</gpx10:speed></extensions></trkpt>
<trkpt lat="37.60378" lon="126.9919015"><ele>218.22273</ele><time>2019-11-26T02:36:42Z</time>
<extensions>
<gpx10:speed>1.1136261</gpx10:speed></extensions></trkpt>
<trkpt lat="37.6038156" lon="126.9917969"><ele>218.75864</ele><time>2019-11-26T02:36:50Z</time>
<extensions>
<gpx10:speed>1.0536103</gpx10:speed></extensions></trkpt>
<trkpt lat="37.6038794" lon="126.9917155"><ele>221.63013</ele><time>2019-11-26T02:37:14Z</time>
<extensions>
<gpx10:speed>0.051216453</gpx10:speed></extensions></trkpt>
<trkpt lat="37.6038353" lon="126.991613"><ele>223.32286</ele><time>2019-11-26T02:38:41Z</time>
<extensions>
<gpx10:speed>0.36605203</gpx10:speed></extensions></trkpt>
<trkpt lat="37.6038047" lon="126.9915033"><ele>226.06218</ele><time>2019-11-26T02:39:07Z</time>
<extensions>
<gpx10:speed>1.0294511</gpx10:speed></extensions></trkpt>
<trkpt lat="37.6038131" lon="126.9913884"><ele>226.05151</ele><time>2019-11-26T02:39:18Z</time>
<extensions>
<gpx10:speed>1.002898</gpx10:speed></extensions></trkpt>
<trkpt lat="37.6037981" lon="126.9912639"><ele>228.67534</ele><time>2019-11-26T02:39:28Z</time>
<extensions>
<gpx10:speed>0.86890715</gpx10:speed></extensions></trkpt>
<trkpt lat="37.6038124" lon="126.9911519"><ele>229.11377</ele><time>2019-11-26T02:39:42Z</time>
<extensions>
<gpx10:speed>0.8243568</gpx10:speed></extensions></trkpt>
<trkpt lat="37.6038376" lon="126.9910386"><ele>231.50847</ele><time>2019-11-26T02:39:56Z</time>
<extensions>
<gpx10:speed>0.7300495</gpx10:speed></extensions></trkpt>
<trkpt lat="37.6038383" lon="126.9909179"><ele>234.80609</ele><time>2019-11-26T02:40:28Z</time>
<extensions>
<gpx10:speed>0.32189783</gpx10:speed></extensions></trkpt>
<trkpt lat="37.6038811" lon="126.9908164"><ele>238.8887</ele><time>2019-11-26T02:40:42Z</time>
<extensions>
<gpx10:speed>0.5173229</gpx10:speed></extensions></trkpt>
<trkpt lat="37.6039289" lon="126.9907202"><ele>242.89737</ele><time>2019-11-26T02:41:06Z</time>
<extensions>
<gpx10:speed>0.023890333</gpx10:speed></extensions></trkpt>
<trkpt lat="37.6040257" lon="126.9906884"><ele>245.48888</ele><time>2019-11-26T02:41:37Z</time>
<extensions>
<gpx10:speed>1.1063704</gpx10:speed></extensions></trkpt>
<trkpt lat="37.6041216" lon="126.990645"><ele>245.71004</ele><time>2019-11-26T02:41:45Z</time>
<extensions>
<gpx10:speed>1.0749456</gpx10:speed></extensions></trkpt>
<trkpt lat="37.6042081" lon="126.9905809"><ele>245.68529</ele><time>2019-11-26T02:41:52Z</time>
<extensions>
<gpx10:speed>1.1161427</gpx10:speed></extensions></trkpt>
<trkpt lat="37.604207" lon="126.9904628"><ele>243.01036</ele><time>2019-11-26T02:42:02Z</time>
<extensions>
<gpx10:speed>0.95734614</gpx10:speed></extensions></trkpt>
<trkpt lat="37.6041773" lon="126.9903466"><ele>245.42097</ele><time>2019-11-26T02:42:16Z</time>
<extensions>
<gpx10:speed>1.0898592</gpx10:speed></extensions></trkpt>
<trkpt lat="37.6041573" lon="126.9902272"><ele>245.58487</ele><time>2019-11-26T02:42:25Z</time>
<extensions>
<gpx10:speed>0.96510565</gpx10:speed></extensions></trkpt>
<trkpt lat="37.6041437" lon="126.9901104"><ele>243.54086</ele><time>2019-11-26T02:42:30Z</time>
<extensions>
<gpx10:speed>1.0477085</gpx10:speed></extensions></trkpt>
<trkpt lat="37.6041534" lon="126.9899945"><ele>249.36</ele><time>2019-11-26T02:44:27Z</time>
<extensions>
<gpx10:speed>0.24213503</gpx10:speed></extensions></trkpt>
<trkpt lat="37.6042348" lon="126.9899337"><ele>250.2197</ele><time>2019-11-26T02:44:37Z</time>
<extensions>
<gpx10:speed>0.42441335</gpx10:speed></extensions></trkpt>
<trkpt lat="37.6043156" lon="126.9898668"><ele>252.70172</ele><time>2019-11-26T02:44:46Z</time>
<extensions>
<gpx10:speed>0.6772501</gpx10:speed></extensions></trkpt>
<trkpt lat="37.6043642" lon="126.9897589"><ele>252.57788</ele><time>2019-11-26T02:44:56Z</time>
<extensions>
<gpx10:speed>0.7803742</gpx10:speed></extensions></trkpt>
<trkpt lat="37.6044282" lon="126.9896606"><ele>252.57787</ele><time>2019-11-26T02:45:06Z</time>
<extensions>
<gpx10:speed>0.7761632</gpx10:speed></extensions></trkpt>
<trkpt lat="37.604497" lon="126.9895709"><ele>253.4222</ele><time>2019-11-26T02:45:11Z</time>
<extensions>
<gpx10:speed>0.7239291</gpx10:speed></extensions></trkpt>
<trkpt lat="37.6045301" lon="126.9894595"><ele>254.5607</ele><time>2019-11-26T02:45:17Z</time>
<extensions>
<gpx10:speed>0.7334172</gpx10:speed></extensions></trkpt>
<trkpt lat="37.6045872" lon="126.9893566"><ele>256.04886</ele><time>2019-11-26T02:45:26Z</time>
<extensions>
<gpx10:speed>0.8114087</gpx10:speed></extensions></trkpt>
<trkpt lat="37.6046836" lon="126.9892655"><ele>255.08556</ele><time>2019-11-26T02:45:38Z</time>
<extensions>
<gpx10:speed>1.7386341</gpx10:speed></extensions></trkpt>
<trkpt lat="37.6047649" lon="126.9892075"><ele>256.2533</ele><time>2019-11-26T02:45:42Z</time>
<extensions>
<gpx10:speed>1.5250094</gpx10:speed></extensions></trkpt>
<trkpt lat="37.6048102" lon="126.9891035"><ele>259.36578</ele><time>2019-11-26T02:45:50Z</time>
<extensions>
<gpx10:speed>0.9954808</gpx10:speed></extensions></trkpt>
<trkpt lat="37.6048771" lon="126.9890221"><ele>260.69077</ele><time>2019-11-26T02:46:01Z</time>
<extensions>
<gpx10:speed>0.3922721</gpx10:speed></extensions></trkpt>
<trkpt lat="37.6049121" lon="126.9889107"><ele>263.02853</ele><time>2019-11-26T02:46:16Z</time>
<extensions>
<gpx10:speed>0.5548652</gpx10:speed></extensions></trkpt>
<trkpt lat="37.6049305" lon="126.9887946"><ele>266.03653</ele><time>2019-11-26T02:46:28Z</time>
<extensions>
<gpx10:speed>0.7838027</gpx10:speed></extensions></trkpt>
<trkpt lat="37.6050214" lon="126.9887377"><ele>263.82388</ele><time>2019-11-26T02:46:41Z</time>
<extensions>
<gpx10:speed>0.7519679</gpx10:speed></extensions></trkpt>
<trkpt lat="37.6051198" lon="126.988721"><ele>266.59537</ele><time>2019-11-26T02:46:50Z</time>
<extensions>
<gpx10:speed>0.8437469</gpx10:speed></extensions></trkpt>
<trkpt lat="37.6052137" lon="126.9887191"><ele>267.40955</ele><time>2019-11-26T02:46:58Z</time>
<extensions>
<gpx10:speed>1.016231</gpx10:speed></extensions></trkpt>
<trkpt lat="37.6053085" lon="126.9887414"><ele>265.62466</ele><time>2019-11-26T02:47:08Z</time>
<extensions>
<gpx10:speed>1.0628996</gpx10:speed></extensions></trkpt>
<trkpt lat="37.6054074" lon="126.9887321"><ele>267.84293</ele><time>2019-11-26T02:47:15Z</time>
<extensions>
<gpx10:speed>1.1708702</gpx10:speed></extensions></trkpt>
<trkpt lat="37.6054941" lon="126.9886891"><ele>268.65363</ele><time>2019-11-26T02:47:22Z</time>
<extensions>
<gpx10:speed>1.0578108</gpx10:speed></extensions></trkpt>
<trkpt lat="37.6055755" lon="126.9886148"><ele>270.1525</ele><time>2019-11-26T02:47:30Z</time>
<extensions>
<gpx10:speed>1.0124757</gpx10:speed></extensions></trkpt>
<trkpt lat="37.6056467" lon="126.9885399"><ele>271.23663</ele><time>2019-11-26T02:47:40Z</time>
<extensions>
<gpx10:speed>0.919053</gpx10:speed></extensions></trkpt>
<trkpt lat="37.6056828" lon="126.9884236"><ele>272.80652</ele><time>2019-11-26T02:47:50Z</time>
<extensions>
<gpx10:speed>0.9078656</gpx10:speed></extensions></trkpt>
<trkpt lat="37.6056925" lon="126.9883069"><ele>273.37405</ele><time>2019-11-26T02:47:57Z</time>
<extensions>
<gpx10:speed>1.0494409</gpx10:speed></extensions></trkpt>
<trkpt lat="37.6057568" lon="126.9882228"><ele>273.95547</ele><time>2019-11-26T02:48:06Z</time>
<extensions>
<gpx10:speed>0.9514612</gpx10:speed></extensions></trkpt>
<trkpt lat="37.6058182" lon="126.9881244"><ele>275.4337</ele><time>2019-11-26T02:48:15Z</time>
<extensions>
<gpx10:speed>0.9843211</gpx10:speed></extensions></trkpt>
<trkpt lat="37.6058488" lon="126.9880049"><ele>275.98978</ele><time>2019-11-26T02:48:21Z</time>
<extensions>
<gpx10:speed>0.9472809</gpx10:speed></extensions></trkpt>
<trkpt lat="37.6058934" lon="126.9879042"><ele>277.7885</ele><time>2019-11-26T02:48:33Z</time>
<extensions>
<gpx10:speed>0.5580784</gpx10:speed></extensions></trkpt>
<trkpt lat="37.6058758" lon="126.9877732"><ele>278.79697</ele><time>2019-11-26T02:48:42Z</time>
<extensions>
<gpx10:speed>1.0316695</gpx10:speed></extensions></trkpt>
<trkpt lat="37.6058796" lon="126.9876522"><ele>277.91876</ele><time>2019-11-26T02:48:50Z</time>
<extensions>
<gpx10:speed>1.0101994</gpx10:speed></extensions></trkpt>
<trkpt lat="37.6058839" lon="126.987531"><ele>280.0195</ele><time>2019-11-26T02:49:13Z</time>
<extensions>
<gpx10:speed>1.057648</gpx10:speed></extensions></trkpt>
<trkpt lat="37.6059787" lon="126.9875255"><ele>274.12466</ele><time>2019-11-26T02:49:37Z</time>
<extensions>
<gpx10:speed>0.5466968</gpx10:speed></extensions></trkpt>
<trkpt lat="37.6060668" lon="126.9874928"><ele>272.85913</ele><time>2019-11-26T02:49:44Z</time>
<extensions>
<gpx10:speed>1.114354</gpx10:speed></extensions></trkpt>
<trkpt lat="37.606119" lon="126.9873995"><ele>272.3442</ele><time>2019-11-26T02:50:31Z</time>
<extensions>
<gpx10:speed>1.0091294</gpx10:speed></extensions></trkpt>
<trkpt lat="37.6062106" lon="126.9874176"><ele>272.01114</ele><time>2019-11-26T02:50:37Z</time>
<extensions>
<gpx10:speed>1.4959732</gpx10:speed></extensions></trkpt>
<trkpt lat="37.6063349" lon="126.9874248"><ele>273.5982</ele><time>2019-11-26T02:50:46Z</time>
<extensions>
<gpx10:speed>0.6969436</gpx10:speed></extensions></trkpt>
<trkpt lat="37.6064325" lon="126.9874032"><ele>274.577</ele><time>2019-11-26T02:51:08Z</time>
<extensions>
<gpx10:speed>0.5300195</gpx10:speed></extensions></trkpt>
<trkpt lat="37.6065128" lon="126.987343"><ele>276.2625</ele><time>2019-11-26T02:51:19Z</time>
<extensions>
<gpx10:speed>0.49047115</gpx10:speed></extensions></trkpt>
<trkpt lat="37.6065758" lon="126.9872401"><ele>279.03082</ele><time>2019-11-26T02:51:32Z</time>
<extensions>
<gpx10:speed>0.87649614</gpx10:speed></extensions></trkpt>
<trkpt lat="37.6066486" lon="126.9871545"><ele>280.74503</ele><time>2019-11-26T02:51:39Z</time>
<extensions>
<gpx10:speed>1.0931939</gpx10:speed></extensions></trkpt>
<trkpt lat="37.6067233" lon="126.9870865"><ele>281.56448</ele><time>2019-11-26T02:51:53Z</time>
<extensions>
<gpx10:speed>0.46581423</gpx10:speed></extensions></trkpt>
<trkpt lat="37.6068022" lon="126.987015"><ele>282.26816</ele><time>2019-11-26T02:52:01Z</time>
<extensions>
<gpx10:speed>0.7100059</gpx10:speed></extensions></trkpt>
<trkpt lat="37.6068805" lon="126.9869454"><ele>282.49918</ele><time>2019-11-26T02:52:09Z</time>
<extensions>
<gpx10:speed>0.5125697</gpx10:speed></extensions></trkpt>
<trkpt lat="37.6069407" lon="126.986859"><ele>284.89288</ele><time>2019-11-26T02:52:23Z</time>
<extensions>
<gpx10:speed>0.6171671</gpx10:speed></extensions></trkpt>
<trkpt lat="37.6070048" lon="126.9867577"><ele>286.7472</ele><time>2019-11-26T02:52:31Z</time>
<extensions>
<gpx10:speed>0.8487007</gpx10:speed></extensions></trkpt>
<trkpt lat="37.6070719" lon="126.9866635"><ele>286.62125</ele><time>2019-11-26T02:52:39Z</time>
<extensions>
<gpx10:speed>0.98718244</gpx10:speed></extensions></trkpt>
<trkpt lat="37.6071637" lon="126.9866216"><ele>288.65482</ele><time>2019-11-26T02:52:47Z</time>
<extensions>
<gpx10:speed>1.0401572</gpx10:speed></extensions></trkpt>
<trkpt lat="37.6072595" lon="126.9866517"><ele>286.73523</ele><time>2019-11-26T02:53:01Z</time>
<extensions>
<gpx10:speed>0.9259852</gpx10:speed></extensions></trkpt>
<trkpt lat="37.6073442" lon="126.9867071"><ele>291.04617</ele><time>2019-11-26T02:53:51Z</time>
<extensions>
<gpx10:speed>0.02783802</gpx10:speed></extensions></trkpt>
<trkpt lat="37.607443" lon="126.9867317"><ele>293.43118</ele><time>2019-11-26T02:54:10Z</time>
<extensions>
<gpx10:speed>0.8358343</gpx10:speed></extensions></trkpt>
<trkpt lat="37.6075396" lon="126.9867464"><ele>295.35278</ele><time>2019-11-26T02:54:17Z</time>
<extensions>
<gpx10:speed>0.92137104</gpx10:speed></extensions></trkpt>
<trkpt lat="37.6076385" lon="126.9867974"><ele>295.58798</ele><time>2019-11-26T02:54:22Z</time>
<extensions>
<gpx10:speed>0.9484095</gpx10:speed></extensions></trkpt>
<trkpt lat="37.6077259" lon="126.9868253"><ele>297.49777</ele><time>2019-11-26T02:54:45Z</time>
<extensions>
<gpx10:speed>0.38627404</gpx10:speed></extensions></trkpt>
<trkpt lat="37.6077706" lon="126.9867113"><ele>299.81293</ele><time>2019-11-26T02:55:10Z</time>
<extensions>
<gpx10:speed>0.7148119</gpx10:speed></extensions></trkpt>
<trkpt lat="37.6077969" lon="126.9865977"><ele>301.15924</ele><time>2019-11-26T02:55:20Z</time>
<extensions>
<gpx10:speed>1.011536</gpx10:speed></extensions></trkpt>
<trkpt lat="37.607815" lon="126.9864864"><ele>302.6395</ele><time>2019-11-26T02:55:30Z</time>
<extensions>
<gpx10:speed>0.8844083</gpx10:speed></extensions></trkpt>
<trkpt lat="37.6077915" lon="126.9863633"><ele>304.39264</ele><time>2019-11-26T02:55:38Z</time>
<extensions>
<gpx10:speed>1.0605005</gpx10:speed></extensions></trkpt>
<trkpt lat="37.6077742" lon="126.9862455"><ele>308.80106</ele><time>2019-11-26T02:55:51Z</time>
<extensions>
<gpx10:speed>0.8358203</gpx10:speed></extensions></trkpt>
<trkpt lat="37.6077437" lon="126.9861227"><ele>308.83627</ele><time>2019-11-26T02:56:00Z</time>
<extensions>
<gpx10:speed>1.0737655</gpx10:speed></extensions></trkpt>
<trkpt lat="37.6076786" lon="126.9860407"><ele>309.2675</ele><time>2019-11-26T02:56:19Z</time>
<extensions>
<gpx10:speed>0.20334293</gpx10:speed></extensions></trkpt>
<trkpt lat="37.6075996" lon="126.9859853"><ele>312.72458</ele><time>2019-11-26T02:57:18Z</time>
<extensions>
<gpx10:speed>0.5330723</gpx10:speed></extensions></trkpt>
<trkpt lat="37.6075052" lon="126.9858676"><ele>318.63037</ele><time>2019-11-26T02:57:28Z</time>
<extensions>
<gpx10:speed>0.7503689</gpx10:speed></extensions></trkpt>
<trkpt lat="37.6074349" lon="126.9857541"><ele>318.19452</ele><time>2019-11-26T02:57:32Z</time>
<extensions>
<gpx10:speed>1.2293313</gpx10:speed></extensions></trkpt>
<trkpt lat="37.6073555" lon="126.985681"><ele>323.6048</ele><time>2019-11-26T02:57:37Z</time>
<extensions>
<gpx10:speed>1.4917029</gpx10:speed></extensions></trkpt>
<trkpt lat="37.6073236" lon="126.9855696"><ele>319.71945</ele><time>2019-11-26T02:57:44Z</time>
<extensions>
<gpx10:speed>1.4167202</gpx10:speed></extensions></trkpt>
<trkpt lat="37.607335" lon="126.985452"><ele>316.70795</ele><time>2019-11-26T03:00:12Z</time>
<extensions>
<gpx10:speed>0.60529196</gpx10:speed></extensions></trkpt>
<trkpt lat="37.6072765" lon="126.9853559"><ele>315.27133</ele><time>2019-11-26T03:00:54Z</time>
<extensions>
<gpx10:speed>0.67799795</gpx10:speed></extensions></trkpt>
<trkpt lat="37.6071844" lon="126.9853379"><ele>317.65118</ele><time>2019-11-26T03:01:05Z</time>
<extensions>
<gpx10:speed>0.7194235</gpx10:speed></extensions></trkpt>
<trkpt lat="37.6070946" lon="126.9853197"><ele>311.90503</ele><time>2019-11-26T03:01:21Z</time>
<extensions>
<gpx10:speed>0.43575776</gpx10:speed></extensions></trkpt>
<trkpt lat="37.6070017" lon="126.9852959"><ele>309.84424</ele><time>2019-11-26T03:01:32Z</time>
<extensions>
<gpx10:speed>0.9499926</gpx10:speed></extensions></trkpt>
<trkpt lat="37.6069053" lon="126.9852964"><ele>307.22147</ele><time>2019-11-26T03:01:57Z</time>
<extensions>
<gpx10:speed>0.85135573</gpx10:speed></extensions></trkpt>
<trkpt lat="37.6068355" lon="126.9852244"><ele>307.3673</ele><time>2019-11-26T03:02:20Z</time>
<extensions>
<gpx10:speed>1.237413</gpx10:speed></extensions></trkpt>
<trkpt lat="37.6067518" lon="126.9851649"><ele>306.12192</ele><time>2019-11-26T03:02:31Z</time>
<extensions>
<gpx10:speed>1.1676462</gpx10:speed></extensions></trkpt>
<trkpt lat="37.6066615" lon="126.9851395"><ele>305.81207</ele><time>2019-11-26T03:02:42Z</time>
<extensions>
<gpx10:speed>1.0271153</gpx10:speed></extensions></trkpt>
<trkpt lat="37.6065597" lon="126.9851149"><ele>306.19144</ele><time>2019-11-26T03:03:55Z</time>
<extensions>
<gpx10:speed>1.4603559</gpx10:speed></extensions></trkpt>
<trkpt lat="37.6064604" lon="126.9851203"><ele>305.929</ele><time>2019-11-26T03:04:02Z</time>
<extensions>
<gpx10:speed>1.3294772</gpx10:speed></extensions></trkpt>
<trkpt lat="37.6063589" lon="126.9851216"><ele>306.0285</ele><time>2019-11-26T03:04:11Z</time>
<extensions>
<gpx10:speed>1.1757267</gpx10:speed></extensions></trkpt>
<trkpt lat="37.6062674" lon="126.9851383"><ele>304.09656</ele><time>2019-11-26T03:04:18Z</time>
<extensions>
<gpx10:speed>1.2217964</gpx10:speed></extensions></trkpt>
<trkpt lat="37.6061684" lon="126.9851651"><ele>305.7342</ele><time>2019-11-26T03:04:27Z</time>
<extensions>
<gpx10:speed>1.0877658</gpx10:speed></extensions></trkpt>
<trkpt lat="37.6060885" lon="126.9852393"><ele>307.38947</ele><time>2019-11-26T03:04:46Z</time>
<extensions>
<gpx10:speed>1.4281893</gpx10:speed></extensions></trkpt>
<trkpt lat="37.6060133" lon="126.9853162"><ele>307.58374</ele><time>2019-11-26T03:04:54Z</time>
<extensions>
<gpx10:speed>1.2757914</gpx10:speed></extensions></trkpt>
<trkpt lat="37.6059224" lon="126.9853644"><ele>307.59863</ele><time>2019-11-26T03:05:00Z</time>
<extensions>
<gpx10:speed>1.1894248</gpx10:speed></extensions></trkpt>
<trkpt lat="37.6058322" lon="126.9854088"><ele>308.13608</ele><time>2019-11-26T03:05:06Z</time>
<extensions>
<gpx10:speed>1.1677637</gpx10:speed></extensions></trkpt>
<trkpt lat="37.6057355" lon="126.9854124"><ele>308.44003</ele><time>2019-11-26T03:05:12Z</time>
<extensions>
<gpx10:speed>1.1480696</gpx10:speed></extensions></trkpt>
<trkpt lat="37.6056379" lon="126.9853956"><ele>311.2017</ele><time>2019-11-26T03:05:19Z</time>
<extensions>
<gpx10:speed>1.2027483</gpx10:speed></extensions></trkpt>
<trkpt lat="37.6055406" lon="126.9853926"><ele>311.3301</ele><time>2019-11-26T03:05:26Z</time>
<extensions>
<gpx10:speed>1.2520597</gpx10:speed></extensions></trkpt>
<trkpt lat="37.605448" lon="126.9853834"><ele>310.66953</ele><time>2019-11-26T03:05:34Z</time>
<extensions>
<gpx10:speed>1.2252702</gpx10:speed></extensions></trkpt>
<trkpt lat="37.605354" lon="126.9853571"><ele>311.4328</ele><time>2019-11-26T03:05:50Z</time>
<extensions>
<gpx10:speed>1.2143905</gpx10:speed></extensions></trkpt>
<trkpt lat="37.6052549" lon="126.9853408"><ele>311.4208</ele><time>2019-11-26T03:05:57Z</time>
<extensions>
<gpx10:speed>1.1582845</gpx10:speed></extensions></trkpt>
<trkpt lat="37.6051584" lon="126.9853306"><ele>313.01328</ele><time>2019-11-26T03:06:04Z</time>
<extensions>
<gpx10:speed>1.166176</gpx10:speed></extensions></trkpt>
<trkpt lat="37.6050603" lon="126.9853211"><ele>312.85068</ele><time>2019-11-26T03:06:11Z</time>
<extensions>
<gpx10:speed>1.1948794</gpx10:speed></extensions></trkpt>
<trkpt lat="37.6049636" lon="126.9853044"><ele>313.762</ele><time>2019-11-26T03:06:18Z</time>
<extensions>
<gpx10:speed>1.2232685</gpx10:speed></extensions></trkpt>
<trkpt lat="37.6048697" lon="126.9853049"><ele>314.22427</ele><time>2019-11-26T03:06:26Z</time>
<extensions>
<gpx10:speed>1.2500936</gpx10:speed></extensions></trkpt>
<trkpt lat="37.6047749" lon="126.9853124"><ele>315.0708</ele><time>2019-11-26T03:06:33Z</time>
<extensions>
<gpx10:speed>1.3030196</gpx10:speed></extensions></trkpt>
<trkpt lat="37.604677" lon="126.9852841"><ele>315.67633</ele><time>2019-11-26T03:06:42Z</time>
<extensions>
<gpx10:speed>1.3181216</gpx10:speed></extensions></trkpt>
<trkpt lat="37.6045712" lon="126.9852957"><ele>316.37827</ele><time>2019-11-26T03:06:50Z</time>
<extensions>
<gpx10:speed>1.462579</gpx10:speed></extensions></trkpt>
<trkpt lat="37.6044665" lon="126.9852805"><ele>316.64307</ele><time>2019-11-26T03:06:57Z</time>
<extensions>
<gpx10:speed>1.5733968</gpx10:speed></extensions></trkpt>
<trkpt lat="37.604389" lon="126.9851986"><ele>315.54425</ele><time>2019-11-26T03:07:05Z</time>
<extensions>
<gpx10:speed>1.4578457</gpx10:speed></extensions></trkpt>
<trkpt lat="37.6043286" lon="126.9851012"><ele>315.48206</ele><time>2019-11-26T03:07:13Z</time>
<extensions>
<gpx10:speed>1.3694465</gpx10:speed></extensions></trkpt>
<trkpt lat="37.6042873" lon="126.9849901"><ele>315.64</ele><time>2019-11-26T03:07:20Z</time>
<extensions>
<gpx10:speed>1.431998</gpx10:speed></extensions></trkpt>
<trkpt lat="37.6042748" lon="126.9848679"><ele>316.76492</ele><time>2019-11-26T03:07:27Z</time>
<extensions>
<gpx10:speed>1.4390773</gpx10:speed></extensions></trkpt>
<trkpt lat="37.6042651" lon="126.9847431"><ele>316.4199</ele><time>2019-11-26T03:07:36Z</time>
<extensions>
<gpx10:speed>1.2625563</gpx10:speed></extensions></trkpt>
<trkpt lat="37.6042613" lon="126.984609"><ele>316.09814</ele><time>2019-11-26T03:07:42Z</time>
<extensions>
<gpx10:speed>1.2198368</gpx10:speed></extensions></trkpt>
<trkpt lat="37.6042421" lon="126.9844738"><ele>316.2929</ele><time>2019-11-26T03:07:49Z</time>
<extensions>
<gpx10:speed>1.3518552</gpx10:speed></extensions></trkpt>
<trkpt lat="37.6042408" lon="126.9843541"><ele>318.72174</ele><time>2019-11-26T03:07:56Z</time>
<extensions>
<gpx10:speed>1.2913878</gpx10:speed></extensions></trkpt>
<trkpt lat="37.6042777" lon="126.984248"><ele>318.76718</ele><time>2019-11-26T03:08:03Z</time>
<extensions>
<gpx10:speed>1.2870811</gpx10:speed></extensions></trkpt>
<trkpt lat="37.6043485" lon="126.9841569"><ele>318.3911</ele><time>2019-11-26T03:08:12Z</time>
<extensions>
<gpx10:speed>1.1973935</gpx10:speed></extensions></trkpt>
<trkpt lat="37.6044371" lon="126.9841287"><ele>318.15717</ele><time>2019-11-26T03:08:18Z</time>
<extensions>
<gpx10:speed>1.289011</gpx10:speed></extensions></trkpt>
<trkpt lat="37.6045267" lon="126.9841032"><ele>318.5631</ele><time>2019-11-26T03:08:25Z</time>
<extensions>
<gpx10:speed>1.3016388</gpx10:speed></extensions></trkpt>
<trkpt lat="37.6046161" lon="126.9840462"><ele>316.7422</ele><time>2019-11-26T03:08:34Z</time>
<extensions>
<gpx10:speed>1.1616192</gpx10:speed></extensions></trkpt>
<trkpt lat="37.604707" lon="126.9839782"><ele>316.1811</ele><time>2019-11-26T03:08:42Z</time>
<extensions>
<gpx10:speed>1.1978998</gpx10:speed></extensions></trkpt>
<trkpt lat="37.6047935" lon="126.9839381"><ele>316.2956</ele><time>2019-11-26T03:08:51Z</time>
<extensions>
<gpx10:speed>1.0491271</gpx10:speed></extensions></trkpt>
<trkpt lat="37.6048723" lon="126.9838781"><ele>314.09802</ele><time>2019-11-26T03:09:01Z</time>
<extensions>
<gpx10:speed>0.9233477</gpx10:speed></extensions></trkpt>
<trkpt lat="37.6049557" lon="126.9838151"><ele>313.15253</ele><time>2019-11-26T03:09:10Z</time>
<extensions>
<gpx10:speed>0.947052</gpx10:speed></extensions></trkpt>
<trkpt lat="37.6050368" lon="126.9837536"><ele>313.86606</ele><time>2019-11-26T03:09:36Z</time>
<extensions>
<gpx10:speed>0.5867062</gpx10:speed></extensions></trkpt>
<trkpt lat="37.6050752" lon="126.9836335"><ele>313.03537</ele><time>2019-11-26T03:09:51Z</time>
<extensions>
<gpx10:speed>1.1894397</gpx10:speed></extensions></trkpt>
<trkpt lat="37.6050591" lon="126.9835192"><ele>313.51706</ele><time>2019-11-26T03:10:01Z</time>
<extensions>
<gpx10:speed>1.0398266</gpx10:speed></extensions></trkpt>
<trkpt lat="37.6050141" lon="126.9834193"><ele>312.6406</ele><time>2019-11-26T03:10:10Z</time>
<extensions>
<gpx10:speed>0.9543271</gpx10:speed></extensions></trkpt>
<trkpt lat="37.6049831" lon="126.9832981"><ele>313.25638</ele><time>2019-11-26T03:10:17Z</time>
<extensions>
<gpx10:speed>1.1975125</gpx10:speed></extensions></trkpt>
<trkpt lat="37.6049321" lon="126.983198"><ele>312.59967</ele><time>2019-11-26T03:10:23Z</time>
<extensions>
<gpx10:speed>1.2680753</gpx10:speed></extensions></trkpt>
<trkpt lat="37.6048663" lon="126.9831032"><ele>310.52368</ele><time>2019-11-26T03:10:33Z</time>
<extensions>
<gpx10:speed>0.823794</gpx10:speed></extensions></trkpt>
<trkpt lat="37.6048091" lon="126.9830136"><ele>309.54788</ele><time>2019-11-26T03:10:43Z</time>
<extensions>
<gpx10:speed>0.6579985</gpx10:speed></extensions></trkpt>
<trkpt lat="37.6047628" lon="126.982913"><ele>311.04367</ele><time>2019-11-26T03:11:16Z</time>
<extensions>
<gpx10:speed>0.725871</gpx10:speed></extensions></trkpt>
<trkpt lat="37.6047013" lon="126.9828284"><ele>310.847</ele><time>2019-11-26T03:11:22Z</time>
<extensions>
<gpx10:speed>1.1981528</gpx10:speed></extensions></trkpt>
<trkpt lat="37.6046419" lon="126.9827323"><ele>310.21426</ele><time>2019-11-26T03:11:28Z</time>
<extensions>
<gpx10:speed>1.1674427</gpx10:speed></extensions></trkpt>
<trkpt lat="37.6045628" lon="126.9826627"><ele>310.08133</ele><time>2019-11-26T03:11:36Z</time>
<extensions>
<gpx10:speed>1.1401851</gpx10:speed></extensions></trkpt>
<trkpt lat="37.6044791" lon="126.9826207"><ele>308.3593</ele><time>2019-11-26T03:11:42Z</time>
<extensions>
<gpx10:speed>1.2061251</gpx10:speed></extensions></trkpt>
<trkpt lat="37.6043947" lon="126.9825779"><ele>302.55838</ele><time>2019-11-26T03:20:06Z</time>
<extensions>
<gpx10:speed>0.59463817</gpx10:speed></extensions></trkpt>
<trkpt lat="37.6042949" lon="126.982552"><ele>306.1852</ele><time>2019-11-26T03:20:12Z</time>
<extensions>
<gpx10:speed>0.96002585</gpx10:speed></extensions></trkpt>
<trkpt lat="37.6042021" lon="126.9825135"><ele>308.519</ele><time>2019-11-26T03:20:17Z</time>
<extensions>
<gpx10:speed>0.9996805</gpx10:speed></extensions></trkpt>
<trkpt lat="37.6041006" lon="126.982472"><ele>309.74603</ele><time>2019-11-26T03:20:23Z</time>
<extensions>
<gpx10:speed>1.054817</gpx10:speed></extensions></trkpt>
<trkpt lat="37.6040011" lon="126.9824469"><ele>311.00012</ele><time>2019-11-26T03:20:29Z</time>
<extensions>
<gpx10:speed>1.1101497</gpx10:speed></extensions></trkpt>
<trkpt lat="37.6039038" lon="126.9824115"><ele>311.87012</ele><time>2019-11-26T03:20:35Z</time>
<extensions>
<gpx10:speed>1.1077272</gpx10:speed></extensions></trkpt>
<trkpt lat="37.6038087" lon="126.9824005"><ele>312.7317</ele><time>2019-11-26T03:20:41Z</time>
<extensions>
<gpx10:speed>1.0291687</gpx10:speed></extensions></trkpt>
<trkpt lat="37.6037158" lon="126.9824098"><ele>313.39005</ele><time>2019-11-26T03:20:47Z</time>
<extensions>
<gpx10:speed>1.0219107</gpx10:speed></extensions></trkpt>
<trkpt lat="37.6036198" lon="126.982433"><ele>313.89377</ele><time>2019-11-26T03:20:53Z</time>
<extensions>
<gpx10:speed>1.0362198</gpx10:speed></extensions></trkpt>
<trkpt lat="37.6035173" lon="126.9824426"><ele>314.5675</ele><time>2019-11-26T03:21:02Z</time>
<extensions>
<gpx10:speed>0.8822342</gpx10:speed></extensions></trkpt>
<trkpt lat="37.6034147" lon="126.9824526"><ele>315.96066</ele><time>2019-11-26T03:21:10Z</time>
<extensions>
<gpx10:speed>0.89216185</gpx10:speed></extensions></trkpt>
<trkpt lat="37.6033196" lon="126.982458"><ele>316.75128</ele><time>2019-11-26T03:21:16Z</time>
<extensions>
<gpx10:speed>1.0120045</gpx10:speed></extensions></trkpt>
<trkpt lat="37.603225" lon="126.9824601"><ele>317.08932</ele><time>2019-11-26T03:21:23Z</time>
<extensions>
<gpx10:speed>1.1480268</gpx10:speed></extensions></trkpt>
<trkpt lat="37.6031343" lon="126.9824451"><ele>317.57217</ele><time>2019-11-26T03:21:30Z</time>
<extensions>
<gpx10:speed>1.0486597</gpx10:speed></extensions></trkpt>
<trkpt lat="37.6030426" lon="126.9824545"><ele>318.14102</ele><time>2019-11-26T03:21:37Z</time>
<extensions>
<gpx10:speed>1.0426263</gpx10:speed></extensions></trkpt>
<trkpt lat="37.6029393" lon="126.9824394"><ele>319.02652</ele><time>2019-11-26T03:21:45Z</time>
<extensions>
<gpx10:speed>1.1520934</gpx10:speed></extensions></trkpt>
<trkpt lat="37.6028437" lon="126.9824526"><ele>319.89505</ele><time>2019-11-26T03:21:52Z</time>
<extensions>
<gpx10:speed>1.1455988</gpx10:speed></extensions></trkpt>
<trkpt lat="37.6027585" lon="126.9824916"><ele>320.56348</ele><time>2019-11-26T03:22:00Z</time>
<extensions>
<gpx10:speed>1.0879072</gpx10:speed></extensions></trkpt>
<trkpt lat="37.6026708" lon="126.9825354"><ele>324.23203</ele><time>2019-11-26T03:22:08Z</time>
<extensions>
<gpx10:speed>1.0637323</gpx10:speed></extensions></trkpt>
<trkpt lat="37.6025809" lon="126.9825267"><ele>323.23166</ele><time>2019-11-26T03:22:17Z</time>
<extensions>
<gpx10:speed>1.1200473</gpx10:speed></extensions></trkpt>
<trkpt lat="37.6024858" lon="126.9824919"><ele>323.65634</ele><time>2019-11-26T03:22:27Z</time>
<extensions>
<gpx10:speed>1.1353041</gpx10:speed></extensions></trkpt>
<trkpt lat="37.6024018" lon="126.982436"><ele>323.1016</ele><time>2019-11-26T03:22:34Z</time>
<extensions>
<gpx10:speed>1.2826056</gpx10:speed></extensions></trkpt>
<trkpt lat="37.6023369" lon="126.9823431"><ele>323.7898</ele><time>2019-11-26T03:22:42Z</time>
<extensions>
<gpx10:speed>1.2337991</gpx10:speed></extensions></trkpt>
<trkpt lat="37.6022994" lon="126.9822372"><ele>323.18698</ele><time>2019-11-26T03:22:50Z</time>
<extensions>
<gpx10:speed>1.2153398</gpx10:speed></extensions></trkpt>
<trkpt lat="37.602289" lon="126.982122"><ele>323.566</ele><time>2019-11-26T03:23:06Z</time>
<extensions>
<gpx10:speed>0.7991514</gpx10:speed></extensions></trkpt>
<trkpt lat="37.6022405" lon="126.9820245"><ele>323.46423</ele><time>2019-11-26T03:23:19Z</time>
<extensions>
<gpx10:speed>0.7390741</gpx10:speed></extensions></trkpt>
<trkpt lat="37.6021983" lon="126.9819118"><ele>324.277</ele><time>2019-11-26T03:23:29Z</time>
<extensions>
<gpx10:speed>1.0345691</gpx10:speed></extensions></trkpt>
<trkpt lat="37.6021204" lon="126.9818239"><ele>323.7518</ele><time>2019-11-26T03:23:37Z</time>
<extensions>
<gpx10:speed>1.2604743</gpx10:speed></extensions></trkpt>
<trkpt lat="37.602054" lon="126.9817332"><ele>321.54733</ele><time>2019-11-26T03:23:45Z</time>
<extensions>
<gpx10:speed>1.2255762</gpx10:speed></extensions></trkpt>
<trkpt lat="37.6019888" lon="126.9816449"><ele>321.35336</ele><time>2019-11-26T03:23:52Z</time>
<extensions>
<gpx10:speed>1.285293</gpx10:speed></extensions></trkpt>
<trkpt lat="37.601935" lon="126.9815537"><ele>324.12994</ele><time>2019-11-26T03:24:01Z</time>
<extensions>
<gpx10:speed>0.8328409</gpx10:speed></extensions></trkpt>
<trkpt lat="37.6018865" lon="126.9814514"><ele>324.63702</ele><time>2019-11-26T03:24:27Z</time>
<extensions>
<gpx10:speed>0.6359053</gpx10:speed></extensions></trkpt>
<trkpt lat="37.6018991" lon="126.9813382"><ele>325.76596</ele><time>2019-11-26T03:24:36Z</time>
<extensions>
<gpx10:speed>1.0541284</gpx10:speed></extensions></trkpt>
<trkpt lat="37.601918" lon="126.9812255"><ele>324.69254</ele><time>2019-11-26T03:24:42Z</time>
<extensions>
<gpx10:speed>1.2177688</gpx10:speed></extensions></trkpt>
<trkpt lat="37.6019509" lon="126.9811167"><ele>325.32062</ele><time>2019-11-26T03:24:50Z</time>
<extensions>
<gpx10:speed>1.2379906</gpx10:speed></extensions></trkpt>
<trkpt lat="37.6019518" lon="126.9810014"><ele>325.65573</ele><time>2019-11-26T03:25:01Z</time>
<extensions>
<gpx10:speed>1.0049446</gpx10:speed></extensions></trkpt>
<trkpt lat="37.6019073" lon="126.9808939"><ele>327.16302</ele><time>2019-11-26T03:25:15Z</time>
<extensions>
<gpx10:speed>0.8501983</gpx10:speed></extensions></trkpt>
<trkpt lat="37.6019536" lon="126.9807879"><ele>327.66895</ele><time>2019-11-26T03:25:23Z</time>
<extensions>
<gpx10:speed>1.101708</gpx10:speed></extensions></trkpt>
<trkpt lat="37.6018671" lon="126.980835"><ele>328.727</ele><time>2019-11-26T03:26:59Z</time>
<extensions>
<gpx10:speed>1.1363338</gpx10:speed></extensions></trkpt>
<trkpt lat="37.6017777" lon="126.980813"><ele>329.81107</ele><time>2019-11-26T03:27:31Z</time>
<extensions>
<gpx10:speed>1.2559215</gpx10:speed></extensions></trkpt>
<trkpt lat="37.6017916" lon="126.9809312"><ele>330.29086</ele><time>2019-11-26T03:27:43Z</time>
<extensions>
<gpx10:speed>1.0791402</gpx10:speed></extensions></trkpt>
<trkpt lat="37.6017424" lon="126.98082"><ele>330.2753</ele><time>2019-11-26T03:27:57Z</time>
<extensions>
<gpx10:speed>1.4317394</gpx10:speed></extensions></trkpt>
<trkpt lat="37.6016647" lon="126.9807624"><ele>329.21594</ele><time>2019-11-26T03:28:30Z</time>
<extensions>
<gpx10:speed>0.58288974</gpx10:speed></extensions></trkpt>
<trkpt lat="37.6016764" lon="126.980635"><ele>329.6529</ele><time>2019-11-26T03:28:41Z</time>
<extensions>
<gpx10:speed>1.1623065</gpx10:speed></extensions></trkpt>
<trkpt lat="37.6017567" lon="126.9805796"><ele>327.63834</ele><time>2019-11-26T03:29:39Z</time>
<extensions>
<gpx10:speed>0.833951</gpx10:speed></extensions></trkpt>
<trkpt lat="37.6016767" lon="126.9805168"><ele>328.45288</ele><time>2019-11-26T03:30:15Z</time>
<extensions>
<gpx10:speed>1.3326929</gpx10:speed></extensions></trkpt>
<trkpt lat="37.6015835" lon="126.9805431"><ele>328.34528</ele><time>2019-11-26T03:30:22Z</time>
<extensions>
<gpx10:speed>1.3617289</gpx10:speed></extensions></trkpt>
<trkpt lat="37.6014839" lon="126.9805487"><ele>329.14374</ele><time>2019-11-26T03:30:32Z</time>
<extensions>
<gpx10:speed>1.1735531</gpx10:speed></extensions></trkpt>
<trkpt lat="37.6015305" lon="126.9806506"><ele>329.8526</ele><time>2019-11-26T03:30:50Z</time>
<extensions>
<gpx10:speed>0.88149536</gpx10:speed></extensions></trkpt>
<trkpt lat="37.6016193" lon="126.980688"><ele>329.4498</ele><time>2019-11-26T03:31:01Z</time>
<extensions>
<gpx10:speed>1.0081117</gpx10:speed></extensions></trkpt>
<trkpt lat="37.6016486" lon="126.9805775"><ele>329.50305</ele><time>2019-11-26T03:31:23Z</time>
<extensions>
<gpx10:speed>0.019131063</gpx10:speed></extensions></trkpt>
<trkpt lat="37.6015715" lon="126.9805091"><ele>329.69128</ele><time>2019-11-26T03:31:37Z</time>
<extensions>
<gpx10:speed>0.93176717</gpx10:speed></extensions></trkpt>
<trkpt lat="37.601507" lon="126.9805893"><ele>333.82404</ele><time>2019-11-26T03:32:59Z</time>
<extensions>
<gpx10:speed>0.4183528</gpx10:speed></extensions></trkpt>
<trkpt lat="37.6015022" lon="126.9807052"><ele>335.88733</ele><time>2019-11-26T03:40:11Z</time>
<extensions>
<gpx10:speed>1.0090212</gpx10:speed></extensions></trkpt>
<trkpt lat="37.6015956" lon="126.9807133"><ele>336.14212</ele><time>2019-11-26T03:40:39Z</time>
<extensions>
<gpx10:speed>1.1154442</gpx10:speed></extensions></trkpt>
<trkpt lat="37.6016746" lon="126.9806506"><ele>336.76758</ele><time>2019-11-26T03:41:00Z</time>
<extensions>
<gpx10:speed>0.8736606</gpx10:speed></extensions></trkpt>
<trkpt lat="37.6016484" lon="126.9807621"><ele>336.23422</ele><time>2019-11-26T03:41:32Z</time>
<extensions>
<gpx10:speed>0.3273488</gpx10:speed></extensions></trkpt>
<trkpt lat="37.6015495" lon="126.9807389"><ele>336.92432</ele><time>2019-11-26T03:42:22Z</time>
<extensions>
<gpx10:speed>1.0951301</gpx10:speed></extensions></trkpt>
<trkpt lat="37.6015015" lon="126.9806424"><ele>337.506</ele><time>2019-11-26T03:42:31Z</time>
<extensions>
<gpx10:speed>1.2536728</gpx10:speed></extensions></trkpt>
<trkpt lat="37.6014988" lon="126.980523"><ele>332.3394</ele><time>2019-11-26T04:00:37Z</time>
<extensions>
<gpx10:speed>0.3461159</gpx10:speed></extensions></trkpt>
<trkpt lat="37.6015617" lon="126.9804411"><ele>330.91132</ele><time>2019-11-26T04:01:03Z</time>
<extensions>
<gpx10:speed>0.62816745</gpx10:speed></extensions></trkpt>
<trkpt lat="37.6014876" lon="126.9803757"><ele>330.55078</ele><time>2019-11-26T04:01:25Z</time>
<extensions>
<gpx10:speed>1.1421193</gpx10:speed></extensions></trkpt>
<trkpt lat="37.6013929" lon="126.9803674"><ele>330.32016</ele><time>2019-11-26T04:01:38Z</time>
<extensions>
<gpx10:speed>1.0850909</gpx10:speed></extensions></trkpt>
<trkpt lat="37.6013841" lon="126.9802437"><ele>330.15997</ele><time>2019-11-26T04:01:51Z</time>
<extensions>
<gpx10:speed>0.9787562</gpx10:speed></extensions></trkpt>
<trkpt lat="37.6014646" lon="126.9801778"><ele>330.06085</ele><time>2019-11-26T04:02:01Z</time>
<extensions>
<gpx10:speed>1.1238785</gpx10:speed></extensions></trkpt>
<trkpt lat="37.6015572" lon="126.9801497"><ele>330.62613</ele><time>2019-11-26T04:02:12Z</time>
<extensions>
<gpx10:speed>1.0805575</gpx10:speed></extensions></trkpt>
<trkpt lat="37.6016408" lon="126.9800946"><ele>330.39148</ele><time>2019-11-26T04:02:22Z</time>
<extensions>
<gpx10:speed>1.1757274</gpx10:speed></extensions></trkpt>
<trkpt lat="37.601559" lon="126.9800253"><ele>327.5846</ele><time>2019-11-26T04:03:10Z</time>
<extensions>
<gpx10:speed>0.8187949</gpx10:speed></extensions></trkpt>
<trkpt lat="37.6014779" lon="126.9799668"><ele>327.49707</ele><time>2019-11-26T04:03:17Z</time>
<extensions>
<gpx10:speed>1.1449604</gpx10:speed></extensions></trkpt>
<trkpt lat="37.6013777" lon="126.9799387"><ele>327.50006</ele><time>2019-11-26T04:03:25Z</time>
<extensions>
<gpx10:speed>1.304768</gpx10:speed></extensions></trkpt>
<trkpt lat="37.6013431" lon="126.9798264"><ele>327.07693</ele><time>2019-11-26T04:03:38Z</time>
<extensions>
<gpx10:speed>1.479136</gpx10:speed></extensions></trkpt>
<trkpt lat="37.6013158" lon="126.9797166"><ele>327.4333</ele><time>2019-11-26T04:03:45Z</time>
<extensions>
<gpx10:speed>1.4919018</gpx10:speed></extensions></trkpt>
<trkpt lat="37.6012985" lon="126.9795983"><ele>326.25436</ele><time>2019-11-26T04:03:53Z</time>
<extensions>
<gpx10:speed>1.3158379</gpx10:speed></extensions></trkpt>
<trkpt lat="37.6012704" lon="126.9794878"><ele>326.72922</ele><time>2019-11-26T04:03:59Z</time>
<extensions>
<gpx10:speed>1.3970995</gpx10:speed></extensions></trkpt>
<trkpt lat="37.6012513" lon="126.9793698"><ele>325.78128</ele><time>2019-11-26T04:04:07Z</time>
<extensions>
<gpx10:speed>1.3637958</gpx10:speed></extensions></trkpt>
<trkpt lat="37.6012188" lon="126.97926"><ele>325.6174</ele><time>2019-11-26T04:04:15Z</time>
<extensions>
<gpx10:speed>1.3764168</gpx10:speed></extensions></trkpt>
<trkpt lat="37.6012" lon="126.9791374"><ele>325.71423</ele><time>2019-11-26T04:04:24Z</time>
<extensions>
<gpx10:speed>1.1940626</gpx10:speed></extensions></trkpt>
<trkpt lat="37.6011855" lon="126.9790183"><ele>325.94443</ele><time>2019-11-26T04:04:34Z</time>
<extensions>
<gpx10:speed>0.96483827</gpx10:speed></extensions></trkpt>
<trkpt lat="37.6011458" lon="126.9789031"><ele>326.2842</ele><time>2019-11-26T04:04:42Z</time>
<extensions>
<gpx10:speed>1.0042429</gpx10:speed></extensions></trkpt>
<trkpt lat="37.6010769" lon="126.9788162"><ele>325.3172</ele><time>2019-11-26T04:04:51Z</time>
<extensions>
<gpx10:speed>1.0508946</gpx10:speed></extensions></trkpt>
<trkpt lat="37.6010307" lon="126.9787162"><ele>323.0343</ele><time>2019-11-26T04:05:02Z</time>
<extensions>
<gpx10:speed>0.4430095</gpx10:speed></extensions></trkpt>
<trkpt lat="37.6010046" lon="126.9785943"><ele>323.15668</ele><time>2019-11-26T04:05:11Z</time>
<extensions>
<gpx10:speed>0.7431297</gpx10:speed></extensions></trkpt>
<trkpt lat="37.6009791" lon="126.9784852"><ele>323.43616</ele><time>2019-11-26T04:05:19Z</time>
<extensions>
<gpx10:speed>0.7219583</gpx10:speed></extensions></trkpt>
<trkpt lat="37.6009815" lon="126.9783605"><ele>323.24036</ele><time>2019-11-26T04:05:26Z</time>
<extensions>
<gpx10:speed>0.70813084</gpx10:speed></extensions></trkpt>
<trkpt lat="37.6009858" lon="126.9782258"><ele>323.55692</ele><time>2019-11-26T04:05:31Z</time>
<extensions>
<gpx10:speed>0.7564184</gpx10:speed></extensions></trkpt>
<trkpt lat="37.6010325" lon="126.9781099"><ele>324.66492</ele><time>2019-11-26T04:05:38Z</time>
<extensions>
<gpx10:speed>0.9505778</gpx10:speed></extensions></trkpt>
<trkpt lat="37.6010817" lon="126.9780102"><ele>324.1506</ele><time>2019-11-26T04:05:46Z</time>
<extensions>
<gpx10:speed>1.0461131</gpx10:speed></extensions></trkpt>
<trkpt lat="37.6011338" lon="126.9779065"><ele>324.22375</ele><time>2019-11-26T04:05:56Z</time>
<extensions>
<gpx10:speed>0.85868996</gpx10:speed></extensions></trkpt>
<trkpt lat="37.6011524" lon="126.9777878"><ele>323.78958</ele><time>2019-11-26T04:06:07Z</time>
<extensions>
<gpx10:speed>0.37035346</gpx10:speed></extensions></trkpt>
<trkpt lat="37.6011298" lon="126.9776747"><ele>322.61798</ele><time>2019-11-26T04:06:20Z</time>
<extensions>
<gpx10:speed>0.63032</gpx10:speed></extensions></trkpt>
<trkpt lat="37.6010811" lon="126.9775607"><ele>321.29337</ele><time>2019-11-26T04:06:34Z</time>
<extensions>
<gpx10:speed>0.46750346</gpx10:speed></extensions></trkpt>
<trkpt lat="37.6009988" lon="126.9774828"><ele>320.497</ele><time>2019-11-26T04:06:48Z</time>
<extensions>
<gpx10:speed>1.4539893</gpx10:speed></extensions></trkpt>
<trkpt lat="37.6009341" lon="126.9773959"><ele>318.72046</ele><time>2019-11-26T04:06:54Z</time>
<extensions>
<gpx10:speed>1.4806453</gpx10:speed></extensions></trkpt>
<trkpt lat="37.6008767" lon="126.9773062"><ele>316.19095</ele><time>2019-11-26T04:07:00Z</time>
<extensions>
<gpx10:speed>1.4440845</gpx10:speed></extensions></trkpt>
<trkpt lat="37.6008345" lon="126.9771899"><ele>314.929</ele><time>2019-11-26T04:07:06Z</time>
<extensions>
<gpx10:speed>1.4236244</gpx10:speed></extensions></trkpt>
<trkpt lat="37.6007807" lon="126.9770797"><ele>313.651</ele><time>2019-11-26T04:07:13Z</time>
<extensions>
<gpx10:speed>1.3201025</gpx10:speed></extensions></trkpt>
<trkpt lat="37.6007746" lon="126.9769659"><ele>312.56342</ele><time>2019-11-26T04:07:21Z</time>
<extensions>
<gpx10:speed>1.159065</gpx10:speed></extensions></trkpt>
<trkpt lat="37.6008042" lon="126.9768348"><ele>313.52625</ele><time>2019-11-26T04:07:30Z</time>
<extensions>
<gpx10:speed>1.098881</gpx10:speed></extensions></trkpt>
<trkpt lat="37.6008379" lon="126.9767236"><ele>309.7308</ele><time>2019-11-26T04:07:39Z</time>
<extensions>
<gpx10:speed>1.1012884</gpx10:speed></extensions></trkpt>
<trkpt lat="37.6008557" lon="126.9766"><ele>306.95663</ele><time>2019-11-26T04:07:51Z</time>
<extensions>
<gpx10:speed>0.9157849</gpx10:speed></extensions></trkpt>
<trkpt lat="37.6008799" lon="126.9764836"><ele>305.74805</ele><time>2019-11-26T04:07:57Z</time>
<extensions>
<gpx10:speed>1.077547</gpx10:speed></extensions></trkpt>
<trkpt lat="37.6009227" lon="126.9763745"><ele>304.85327</ele><time>2019-11-26T04:08:05Z</time>
<extensions>
<gpx10:speed>1.0432465</gpx10:speed></extensions></trkpt>
<trkpt lat="37.6009563" lon="126.9762503"><ele>303.41702</ele><time>2019-11-26T04:08:13Z</time>
<extensions>
<gpx10:speed>0.2720284</gpx10:speed></extensions></trkpt>
<trkpt lat="37.6009376" lon="126.9761388"><ele>305.05783</ele><time>2019-11-26T04:08:23Z</time>
<extensions>
<gpx10:speed>0.51957184</gpx10:speed></extensions></trkpt>
<trkpt lat="37.6009312" lon="126.9760185"><ele>304.12827</ele><time>2019-11-26T04:08:29Z</time>
<extensions>
<gpx10:speed>0.82305795</gpx10:speed></extensions></trkpt>
<trkpt lat="37.6008793" lon="126.9759138"><ele>301.56018</ele><time>2019-11-26T04:08:38Z</time>
<extensions>
<gpx10:speed>0.786647</gpx10:speed></extensions></trkpt>
<trkpt lat="37.6007743" lon="126.9758951"><ele>296.11377</ele><time>2019-11-26T04:09:12Z</time>
<extensions>
<gpx10:speed>0.24376634</gpx10:speed></extensions></trkpt>
<trkpt lat="37.6006894" lon="126.975801"><ele>295.11</ele><time>2019-11-26T04:09:19Z</time>
<extensions>
<gpx10:speed>0.65625584</gpx10:speed></extensions></trkpt>
<trkpt lat="37.6006105" lon="126.975731"><ele>295.06174</ele><time>2019-11-26T04:09:26Z</time>
<extensions>
<gpx10:speed>0.40682483</gpx10:speed></extensions></trkpt>
<trkpt lat="37.600513" lon="126.9757048"><ele>294.2902</ele><time>2019-11-26T04:09:36Z</time>
<extensions>
<gpx10:speed>0.5320055</gpx10:speed></extensions></trkpt>
<trkpt lat="37.6004185" lon="126.9757003"><ele>293.8933</ele><time>2019-11-26T04:09:41Z</time>
<extensions>
<gpx10:speed>1.2581328</gpx10:speed></extensions></trkpt>
<trkpt lat="37.6003297" lon="126.9756746"><ele>293.9806</ele><time>2019-11-26T04:09:46Z</time>
<extensions>
<gpx10:speed>1.1596128</gpx10:speed></extensions></trkpt>
<trkpt lat="37.600213" lon="126.9756571"><ele>293.22763</ele><time>2019-11-26T04:09:52Z</time>
<extensions>
<gpx10:speed>1.053785</gpx10:speed></extensions></trkpt>
<trkpt lat="37.6001144" lon="126.9757028"><ele>292.2339</ele><time>2019-11-26T04:09:56Z</time>
<extensions>
<gpx10:speed>1.1577704</gpx10:speed></extensions></trkpt>
<trkpt lat="37.6000064" lon="126.9757066"><ele>291.2891</ele><time>2019-11-26T04:10:01Z</time>
<extensions>
<gpx10:speed>1.2461369</gpx10:speed></extensions></trkpt>
<trkpt lat="37.5999106" lon="126.9756745"><ele>291.77606</ele><time>2019-11-26T04:10:06Z</time>
<extensions>
<gpx10:speed>1.2464563</gpx10:speed></extensions></trkpt>
<trkpt lat="37.5998387" lon="126.9755955"><ele>289.85104</ele><time>2019-11-26T04:10:12Z</time>
<extensions>
<gpx10:speed>1.3618346</gpx10:speed></extensions></trkpt>
<trkpt lat="37.599807" lon="126.9754878"><ele>289.81802</ele><time>2019-11-26T04:10:21Z</time>
<extensions>
<gpx10:speed>1.1946</gpx10:speed></extensions></trkpt>
<trkpt lat="37.5998348" lon="126.9753647"><ele>294.12427</ele><time>2019-11-26T04:10:28Z</time>
<extensions>
<gpx10:speed>1.3616643</gpx10:speed></extensions></trkpt>
<trkpt lat="37.5998682" lon="126.9752525"><ele>289.8412</ele><time>2019-11-26T04:10:35Z</time>
<extensions>
<gpx10:speed>1.4003465</gpx10:speed></extensions></trkpt>
<trkpt lat="37.5998951" lon="126.9751253"><ele>287.60358</ele><time>2019-11-26T04:10:43Z</time>
<extensions>
<gpx10:speed>1.3788817</gpx10:speed></extensions></trkpt>
<trkpt lat="37.5999133" lon="126.975012"><ele>286.60764</ele><time>2019-11-26T04:10:49Z</time>
<extensions>
<gpx10:speed>1.4411207</gpx10:speed></extensions></trkpt>
<trkpt lat="37.599919" lon="126.974893"><ele>285.1002</ele><time>2019-11-26T04:11:01Z</time>
<extensions>
<gpx10:speed>0.50445145</gpx10:speed></extensions></trkpt>
<trkpt lat="37.5999253" lon="126.9747663"><ele>282.98434</ele><time>2019-11-26T04:11:14Z</time>
<extensions>
<gpx10:speed>0.9073829</gpx10:speed></extensions></trkpt>
<trkpt lat="37.5999773" lon="126.9746692"><ele>280.51984</ele><time>2019-11-26T04:11:26Z</time>
<extensions>
<gpx10:speed>0.7894822</gpx10:speed></extensions></trkpt>
<trkpt lat="37.6000481" lon="126.9745919"><ele>279.28485</ele><time>2019-11-26T04:11:34Z</time>
<extensions>
<gpx10:speed>0.82801074</gpx10:speed></extensions></trkpt>
<trkpt lat="37.6001222" lon="126.9745219"><ele>278.09067</ele><time>2019-11-26T04:11:42Z</time>
<extensions>
<gpx10:speed>0.554628</gpx10:speed></extensions></trkpt>
<trkpt lat="37.6000414" lon="126.9744532"><ele>276.5358</ele><time>2019-11-26T04:11:47Z</time>
<extensions>
<gpx10:speed>0.43959934</gpx10:speed></extensions></trkpt>
<trkpt lat="37.6000581" lon="126.9743366"><ele>275.25723</ele><time>2019-11-26T04:11:56Z</time>
<extensions>
<gpx10:speed>0.34957576</gpx10:speed></extensions></trkpt>
<trkpt lat="37.6000891" lon="126.974211"><ele>274.9335</ele><time>2019-11-26T04:12:02Z</time>
<extensions>
<gpx10:speed>0.5409517</gpx10:speed></extensions></trkpt>
<trkpt lat="37.6001651" lon="126.974128"><ele>273.96024</ele><time>2019-11-26T04:12:09Z</time>
<extensions>
<gpx10:speed>0.75819165</gpx10:speed></extensions></trkpt>
<trkpt lat="37.6002146" lon="126.9740224"><ele>273.52142</ele><time>2019-11-26T04:12:16Z</time>
<extensions>
<gpx10:speed>0.70339066</gpx10:speed></extensions></trkpt>
<trkpt lat="37.600264" lon="126.9739265"><ele>273.24997</ele><time>2019-11-26T04:12:21Z</time>
<extensions>
<gpx10:speed>0.8714751</gpx10:speed></extensions></trkpt>
<trkpt lat="37.6003252" lon="126.9738376"><ele>273.51355</ele><time>2019-11-26T04:12:29Z</time>
<extensions>
<gpx10:speed>0.33135125</gpx10:speed></extensions></trkpt>
<trkpt lat="37.6003464" lon="126.973727"><ele>272.71277</ele><time>2019-11-26T04:12:40Z</time>
<extensions>
<gpx10:speed>0.41656554</gpx10:speed></extensions></trkpt>
<trkpt lat="37.6003825" lon="126.9736088"><ele>270.85452</ele><time>2019-11-26T04:12:46Z</time>
<extensions>
<gpx10:speed>0.6160461</gpx10:speed></extensions></trkpt>
<trkpt lat="37.6003806" lon="126.9734847"><ele>271.25043</ele><time>2019-11-26T04:12:52Z</time>
<extensions>
<gpx10:speed>0.9588617</gpx10:speed></extensions></trkpt>
<trkpt lat="37.6003769" lon="126.9733659"><ele>269.7917</ele><time>2019-11-26T04:13:07Z</time>
<extensions>
<gpx10:speed>0.5884567</gpx10:speed></extensions></trkpt>
<trkpt lat="37.6003492" lon="126.9732461"><ele>268.33496</ele><time>2019-11-26T04:13:14Z</time>
<extensions>
<gpx10:speed>0.3826611</gpx10:speed></extensions></trkpt>
<trkpt lat="37.6002764" lon="126.9731746"><ele>267.37424</ele><time>2019-11-26T04:13:27Z</time>
<extensions>
<gpx10:speed>0.24057142</gpx10:speed></extensions></trkpt>
<trkpt lat="37.6001895" lon="126.9731218"><ele>267.15137</ele><time>2019-11-26T04:13:32Z</time>
<extensions>
<gpx10:speed>0.77702415</gpx10:speed></extensions></trkpt>
<trkpt lat="37.6001293" lon="126.9730265"><ele>266.67328</ele><time>2019-11-26T04:13:45Z</time>
<extensions>
<gpx10:speed>0.008425609</gpx10:speed></extensions></trkpt>
<trkpt lat="37.6000786" lon="126.9729267"><ele>266.70935</ele><time>2019-11-26T04:13:55Z</time>
<extensions>
<gpx10:speed>0.03180364</gpx10:speed></extensions></trkpt>
<trkpt lat="37.6000101" lon="126.972822"><ele>266.47958</ele><time>2019-11-26T04:14:18Z</time>
<extensions>
<gpx10:speed>0.95885277</gpx10:speed></extensions></trkpt>
<trkpt lat="37.5999311" lon="126.9727545"><ele>265.67416</ele><time>2019-11-26T04:14:23Z</time>
<extensions>
<gpx10:speed>1.0929081</gpx10:speed></extensions></trkpt>
<trkpt lat="37.5998299" lon="126.9727552"><ele>265.10455</ele><time>2019-11-26T04:14:30Z</time>
<extensions>
<gpx10:speed>1.2017819</gpx10:speed></extensions></trkpt>
<trkpt lat="37.5997354" lon="126.9727886"><ele>264.6063</ele><time>2019-11-26T04:14:37Z</time>
<extensions>
<gpx10:speed>1.2115674</gpx10:speed></extensions></trkpt>
<trkpt lat="37.5996398" lon="126.9728292"><ele>264.60828</ele><time>2019-11-26T04:14:42Z</time>
<extensions>
<gpx10:speed>1.2726387</gpx10:speed></extensions></trkpt>
<trkpt lat="37.5995422" lon="126.9728759"><ele>264.1075</ele><time>2019-11-26T04:14:47Z</time>
<extensions>
<gpx10:speed>1.3814976</gpx10:speed></extensions></trkpt>
<trkpt lat="37.5994548" lon="126.9729153"><ele>263.03027</ele><time>2019-11-26T04:14:53Z</time>
<extensions>
<gpx10:speed>1.4503198</gpx10:speed></extensions></trkpt>
<trkpt lat="37.599356" lon="126.9729442"><ele>263.48538</ele><time>2019-11-26T04:15:00Z</time>
<extensions>
<gpx10:speed>1.3908323</gpx10:speed></extensions></trkpt>
<trkpt lat="37.599266" lon="126.9729886"><ele>263.6561</ele><time>2019-11-26T04:15:06Z</time>
<extensions>
<gpx10:speed>1.3620086</gpx10:speed></extensions></trkpt>
<trkpt lat="37.5991745" lon="126.9730514"><ele>265.6802</ele><time>2019-11-26T04:15:12Z</time>
<extensions>
<gpx10:speed>1.4068253</gpx10:speed></extensions></trkpt>
<trkpt lat="37.5990911" lon="126.973104"><ele>264.11847</ele><time>2019-11-26T04:15:18Z</time>
<extensions>
<gpx10:speed>1.3795084</gpx10:speed></extensions></trkpt>
<trkpt lat="37.5990153" lon="126.9731897"><ele>263.126</ele><time>2019-11-26T04:15:25Z</time>
<extensions>
<gpx10:speed>1.3505119</gpx10:speed></extensions></trkpt>
<trkpt lat="37.5989439" lon="126.9732636"><ele>263.42328</ele><time>2019-11-26T04:15:31Z</time>
<extensions>
<gpx10:speed>1.4930302</gpx10:speed></extensions></trkpt>
<trkpt lat="37.5988634" lon="126.9733322"><ele>262.69113</ele><time>2019-11-26T04:15:39Z</time>
<extensions>
<gpx10:speed>1.3745064</gpx10:speed></extensions></trkpt>
<trkpt lat="37.5987906" lon="126.9734002"><ele>260.23282</ele><time>2019-11-26T04:15:48Z</time>
<extensions>
<gpx10:speed>0.69115275</gpx10:speed></extensions></trkpt>
<trkpt lat="37.5987008" lon="126.9734735"><ele>259.22046</ele><time>2019-11-26T04:16:00Z</time>
<extensions>
<gpx10:speed>1.0395406</gpx10:speed></extensions></trkpt>
<trkpt lat="37.5986044" lon="126.9735233"><ele>259.50223</ele><time>2019-11-26T04:16:06Z</time>
<extensions>
<gpx10:speed>1.2703784</gpx10:speed></extensions></trkpt>
<trkpt lat="37.598517" lon="126.9735736"><ele>258.6675</ele><time>2019-11-26T04:16:12Z</time>
<extensions>
<gpx10:speed>1.258308</gpx10:speed></extensions></trkpt>
<trkpt lat="37.5984157" lon="126.9736312"><ele>257.75058</ele><time>2019-11-26T04:16:18Z</time>
<extensions>
<gpx10:speed>1.2689124</gpx10:speed></extensions></trkpt>
<trkpt lat="37.5983416" lon="126.9737215"><ele>259.58798</ele><time>2019-11-26T04:16:23Z</time>
<extensions>
<gpx10:speed>1.408304</gpx10:speed></extensions></trkpt>
<trkpt lat="37.5982682" lon="126.9737926"><ele>259.00385</ele><time>2019-11-26T04:16:29Z</time>
<extensions>
<gpx10:speed>1.4557643</gpx10:speed></extensions></trkpt>
<trkpt lat="37.5981921" lon="126.9738556"><ele>255.93091</ele><time>2019-11-26T04:16:36Z</time>
<extensions>
<gpx10:speed>1.52233</gpx10:speed></extensions></trkpt>
<trkpt lat="37.5981141" lon="126.9739292"><ele>256.43887</ele><time>2019-11-26T04:16:46Z</time>
<extensions>
<gpx10:speed>1.2657348</gpx10:speed></extensions></trkpt>
<trkpt lat="37.5980466" lon="126.9740213"><ele>256.0225</ele><time>2019-11-26T04:16:53Z</time>
<extensions>
<gpx10:speed>1.345333</gpx10:speed></extensions></trkpt>
<trkpt lat="37.5979744" lon="126.974092"><ele>256.02808</ele><time>2019-11-26T04:17:00Z</time>
<extensions>
<gpx10:speed>1.1850555</gpx10:speed></extensions></trkpt>
<trkpt lat="37.5978784" lon="126.9741288"><ele>256.71075</ele><time>2019-11-26T04:17:11Z</time>
<extensions>
<gpx10:speed>0.45236522</gpx10:speed></extensions></trkpt>
<trkpt lat="37.5978037" lon="126.9742012"><ele>256.4277</ele><time>2019-11-26T04:17:18Z</time>
<extensions>
<gpx10:speed>0.97775084</gpx10:speed></extensions></trkpt>
<trkpt lat="37.5977129" lon="126.9742302"><ele>255.26811</ele><time>2019-11-26T04:17:27Z</time>
<extensions>
<gpx10:speed>0.7886486</gpx10:speed></extensions></trkpt>
<trkpt lat="37.597622" lon="126.9741826"><ele>253.74211</ele><time>2019-11-26T04:17:37Z</time>
<extensions>
<gpx10:speed>0.641208</gpx10:speed></extensions></trkpt>
<trkpt lat="37.5975334" lon="126.9741578"><ele>252.56946</ele><time>2019-11-26T04:17:45Z</time>
<extensions>
<gpx10:speed>0.74855137</gpx10:speed></extensions></trkpt>
<trkpt lat="37.5974601" lon="126.9740736"><ele>252.93542</ele><time>2019-11-26T04:17:54Z</time>
<extensions>
<gpx10:speed>1.0640285</gpx10:speed></extensions></trkpt>
<trkpt lat="37.59739" lon="126.9739946"><ele>252.60927</ele><time>2019-11-26T04:18:00Z</time>
<extensions>
<gpx10:speed>1.1797541</gpx10:speed></extensions></trkpt>
<trkpt lat="37.5973355" lon="126.9738957"><ele>251.791</ele><time>2019-11-26T04:18:05Z</time>
<extensions>
<gpx10:speed>1.2398064</gpx10:speed></extensions></trkpt>
<trkpt lat="37.5972777" lon="126.9738061"><ele>251.00764</ele><time>2019-11-26T04:18:11Z</time>
<extensions>
<gpx10:speed>1.192627</gpx10:speed></extensions></trkpt>
<trkpt lat="37.597225" lon="126.973698"><ele>251.26028</ele><time>2019-11-26T04:18:17Z</time>
<extensions>
<gpx10:speed>1.1792922</gpx10:speed></extensions></trkpt>
<trkpt lat="37.5971714" lon="126.9735851"><ele>252.41031</ele><time>2019-11-26T04:18:24Z</time>
<extensions>
<gpx10:speed>1.2435738</gpx10:speed></extensions></trkpt>
<trkpt lat="37.597109" lon="126.9735024"><ele>249.08856</ele><time>2019-11-26T04:18:31Z</time>
<extensions>
<gpx10:speed>1.18128</gpx10:speed></extensions></trkpt>
<trkpt lat="37.5971279" lon="126.9733789"><ele>250.61899</ele><time>2019-11-26T04:18:37Z</time>
<extensions>
<gpx10:speed>1.2680309</gpx10:speed></extensions></trkpt>
<trkpt lat="37.5970973" lon="126.9732579"><ele>249.91458</ele><time>2019-11-26T04:18:44Z</time>
<extensions>
<gpx10:speed>1.3459479</gpx10:speed></extensions></trkpt>
<trkpt lat="37.5970592" lon="126.9731539"><ele>248.99274</ele><time>2019-11-26T04:18:50Z</time>
<extensions>
<gpx10:speed>1.3681886</gpx10:speed></extensions></trkpt>
<trkpt lat="37.5969671" lon="126.9731172"><ele>247.2134</ele><time>2019-11-26T04:18:58Z</time>
<extensions>
<gpx10:speed>1.3720385</gpx10:speed></extensions></trkpt>
<trkpt lat="37.5968687" lon="126.9731301"><ele>248.64975</ele><time>2019-11-26T04:19:05Z</time>
<extensions>
<gpx10:speed>1.4128917</gpx10:speed></extensions></trkpt>
<trkpt lat="37.5967773" lon="126.9731587"><ele>247.6266</ele><time>2019-11-26T04:19:13Z</time>
<extensions>
<gpx10:speed>1.3899349</gpx10:speed></extensions></trkpt>
<trkpt lat="37.5966848" lon="126.9731549"><ele>247.9454</ele><time>2019-11-26T04:19:23Z</time>
<extensions>
<gpx10:speed>1.2024577</gpx10:speed></extensions></trkpt>
<trkpt lat="37.5966052" lon="126.9730813"><ele>247.27666</ele><time>2019-11-26T04:19:31Z</time>
<extensions>
<gpx10:speed>1.2279377</gpx10:speed></extensions></trkpt>
<trkpt lat="37.5965312" lon="126.9730022"><ele>247.37834</ele><time>2019-11-26T04:19:37Z</time>
<extensions>
<gpx10:speed>1.3456174</gpx10:speed></extensions></trkpt>
<trkpt lat="37.5964668" lon="126.9728997"><ele>247.84378</ele><time>2019-11-26T04:19:46Z</time>
<extensions>
<gpx10:speed>1.1043772</gpx10:speed></extensions></trkpt>
<trkpt lat="37.5964616" lon="126.9727864"><ele>250.57027</ele><time>2019-11-26T04:20:03Z</time>
<extensions>
<gpx10:speed>0.44191295</gpx10:speed></extensions></trkpt>
<trkpt lat="37.5964824" lon="126.9726743"><ele>253.27734</ele><time>2019-11-26T04:20:18Z</time>
<extensions>
<gpx10:speed>0.4834095</gpx10:speed></extensions></trkpt>
<trkpt lat="37.5965533" lon="126.9725957"><ele>253.99548</ele><time>2019-11-26T04:20:31Z</time>
<extensions>
<gpx10:speed>1.3790234</gpx10:speed></extensions></trkpt>
<trkpt lat="37.5966312" lon="126.9725203"><ele>254.47124</ele><time>2019-11-26T04:20:39Z</time>
<extensions>
<gpx10:speed>1.3764702</gpx10:speed></extensions></trkpt>
<trkpt lat="37.5966859" lon="126.9724175"><ele>254.6148</ele><time>2019-11-26T04:20:47Z</time>
<extensions>
<gpx10:speed>1.2645047</gpx10:speed></extensions></trkpt>
<trkpt lat="37.5967361" lon="126.9723067"><ele>255.0986</ele><time>2019-11-26T04:20:55Z</time>
<extensions>
<gpx10:speed>1.1886768</gpx10:speed></extensions></trkpt>
<trkpt lat="37.5966785" lon="126.9722052"><ele>255.40697</ele><time>2019-11-26T04:21:08Z</time>
<extensions>
<gpx10:speed>0.90654624</gpx10:speed></extensions></trkpt>
<trkpt lat="37.5966337" lon="126.9720924"><ele>253.03404</ele><time>2019-11-26T04:21:19Z</time>
<extensions>
<gpx10:speed>0.81002754</gpx10:speed></extensions></trkpt>
<trkpt lat="37.5965941" lon="126.9719858"><ele>250.27441</ele><time>2019-11-26T04:21:33Z</time>
<extensions>
<gpx10:speed>0.6135041</gpx10:speed></extensions></trkpt>
<trkpt lat="37.5966062" lon="126.9718721"><ele>243.90326</ele><time>2019-11-26T04:21:56Z</time>
<extensions>
<gpx10:speed>0.0633568</gpx10:speed></extensions></trkpt>
<trkpt lat="37.5966485" lon="126.9717605"><ele>242.7755</ele><time>2019-11-26T04:22:05Z</time>
<extensions>
<gpx10:speed>0.7035017</gpx10:speed></extensions></trkpt>
<trkpt lat="37.5966666" lon="126.9716489"><ele>242.58263</ele><time>2019-11-26T04:22:11Z</time>
<extensions>
<gpx10:speed>0.8660903</gpx10:speed></extensions></trkpt>
<trkpt lat="37.5967131" lon="126.9715499"><ele>241.8492</ele><time>2019-11-26T04:22:19Z</time>
<extensions>
<gpx10:speed>0.74415815</gpx10:speed></extensions></trkpt>
<trkpt lat="37.5967208" lon="126.9714253"><ele>241.042</ele><time>2019-11-26T04:22:24Z</time>
<extensions>
<gpx10:speed>0.58167523</gpx10:speed></extensions></trkpt>
<trkpt lat="37.5967361" lon="126.9713044"><ele>239.89609</ele><time>2019-11-26T04:22:28Z</time>
<extensions>
<gpx10:speed>0.64107394</gpx10:speed></extensions></trkpt>
<trkpt lat="37.5967715" lon="126.9711979"><ele>239.69302</ele><time>2019-11-26T04:22:32Z</time>
<extensions>
<gpx10:speed>0.8238099</gpx10:speed></extensions></trkpt>
<trkpt lat="37.5967911" lon="126.9710858"><ele>239.53423</ele><time>2019-11-26T04:22:36Z</time>
<extensions>
<gpx10:speed>0.89316803</gpx10:speed></extensions></trkpt>
<trkpt lat="37.5968233" lon="126.9709687"><ele>239.46828</ele><time>2019-11-26T04:22:40Z</time>
<extensions>
<gpx10:speed>0.6617917</gpx10:speed></extensions></trkpt>
<trkpt lat="37.5968919" lon="126.9708941"><ele>237.73901</ele><time>2019-11-26T04:22:58Z</time>
<extensions>
<gpx10:speed>0.39732978</gpx10:speed></extensions></trkpt>
<trkpt lat="37.596843" lon="126.970798"><ele>235.81032</ele><time>2019-11-26T04:26:25Z</time>
<extensions>
<gpx10:speed>0.1862031</gpx10:speed></extensions></trkpt>
<trkpt lat="37.5968262" lon="126.970674"><ele>234.20499</ele><time>2019-11-26T04:28:32Z</time>
<extensions>
<gpx10:speed>1.0344064</gpx10:speed></extensions></trkpt>
<trkpt lat="37.5968884" lon="126.9705827"><ele>233.92688</ele><time>2019-11-26T04:28:40Z</time>
<extensions>
<gpx10:speed>0.99678683</gpx10:speed></extensions></trkpt>
<trkpt lat="37.5969386" lon="126.9704841"><ele>233.5734</ele><time>2019-11-26T04:28:48Z</time>
<extensions>
<gpx10:speed>1.007888</gpx10:speed></extensions></trkpt>
<trkpt lat="37.5969863" lon="126.9703784"><ele>232.71889</ele><time>2019-11-26T04:28:55Z</time>
<extensions>
<gpx10:speed>1.0087165</gpx10:speed></extensions></trkpt>
<trkpt lat="37.5970424" lon="126.9702894"><ele>233.0551</ele><time>2019-11-26T04:29:00Z</time>
<extensions>
<gpx10:speed>1.0825357</gpx10:speed></extensions></trkpt>
<trkpt lat="37.5971017" lon="126.9702001"><ele>232.77806</ele><time>2019-11-26T04:29:06Z</time>
<extensions>
<gpx10:speed>1.223998</gpx10:speed></extensions></trkpt>
<trkpt lat="37.5971379" lon="126.9700961"><ele>232.15123</ele><time>2019-11-26T04:29:12Z</time>
<extensions>
<gpx10:speed>1.2473874</gpx10:speed></extensions></trkpt>
<trkpt lat="37.597182" lon="126.9699914"><ele>232.1857</ele><time>2019-11-26T04:29:21Z</time>
<extensions>
<gpx10:speed>1.145164</gpx10:speed></extensions></trkpt>
<trkpt lat="37.5972797" lon="126.9699768"><ele>230.98587</ele><time>2019-11-26T04:29:43Z</time>
<extensions>
<gpx10:speed>1.3688436</gpx10:speed></extensions></trkpt>
<trkpt lat="37.5972463" lon="126.9698672"><ele>230.85669</ele><time>2019-11-26T04:29:56Z</time>
<extensions>
<gpx10:speed>1.6719679</gpx10:speed></extensions></trkpt>
<trkpt lat="37.597176" lon="126.9697934"><ele>230.6607</ele><time>2019-11-26T04:30:03Z</time>
<extensions>
<gpx10:speed>1.4233054</gpx10:speed></extensions></trkpt>
<trkpt lat="37.5971647" lon="126.9696731"><ele>228.8669</ele><time>2019-11-26T04:30:11Z</time>
<extensions>
<gpx10:speed>1.3013462</gpx10:speed></extensions></trkpt>
<trkpt lat="37.5971644" lon="126.9695575"><ele>227.7378</ele><time>2019-11-26T04:30:38Z</time>
<extensions>
<gpx10:speed>0.4317093</gpx10:speed></extensions></trkpt>
<trkpt lat="37.5971173" lon="126.9694586"><ele>226.73714</ele><time>2019-11-26T04:31:11Z</time>
<extensions>
<gpx10:speed>1.2125635</gpx10:speed></extensions></trkpt>
<trkpt lat="37.5970559" lon="126.9693662"><ele>225.1853</ele><time>2019-11-26T04:31:19Z</time>
<extensions>
<gpx10:speed>1.2566992</gpx10:speed></extensions></trkpt>
<trkpt lat="37.5969805" lon="126.9692962"><ele>223.98451</ele><time>2019-11-26T04:33:18Z</time>
<extensions>
<gpx10:speed>1.3196292</gpx10:speed></extensions></trkpt>
<trkpt lat="37.597049" lon="126.9693811"><ele>224.27475</ele><time>2019-11-26T04:33:46Z</time>
<extensions>
<gpx10:speed>1.2066286</gpx10:speed></extensions></trkpt>
<trkpt lat="37.5971201" lon="126.9694611"><ele>225.22641</ele><time>2019-11-26T04:33:55Z</time>
<extensions>
<gpx10:speed>1.1884176</gpx10:speed></extensions></trkpt>
<trkpt lat="37.5971772" lon="126.9695577"><ele>227.04156</ele><time>2019-11-26T04:34:04Z</time>
<extensions>
<gpx10:speed>1.1909776</gpx10:speed></extensions></trkpt>
<trkpt lat="37.5971266" lon="126.9694538"><ele>226.10936</ele><time>2019-11-26T04:34:28Z</time>
<extensions>
<gpx10:speed>1.2941971</gpx10:speed></extensions></trkpt>
<trkpt lat="37.5970493" lon="126.9693901"><ele>224.897</ele><time>2019-11-26T04:34:41Z</time>
<extensions>
<gpx10:speed>0.7969211</gpx10:speed></extensions></trkpt>
<trkpt lat="37.5969733" lon="126.9694672"><ele>221.55121</ele><time>2019-11-26T04:34:57Z</time>
<extensions>
<gpx10:speed>1.0195943</gpx10:speed></extensions></trkpt>
<trkpt lat="37.5968708" lon="126.9694252"><ele>223.75993</ele><time>2019-11-26T04:35:03Z</time>
<extensions>
<gpx10:speed>1.3350453</gpx10:speed></extensions></trkpt>
<trkpt lat="37.5967806" lon="126.9694527"><ele>213.51555</ele><time>2019-11-26T04:35:57Z</time>
<extensions>
<gpx10:speed>1.1102102</gpx10:speed></extensions></trkpt>
<trkpt lat="37.5966829" lon="126.9694566"><ele>212.12627</ele><time>2019-11-26T04:36:04Z</time>
<extensions>
<gpx10:speed>1.4259559</gpx10:speed></extensions></trkpt>
<trkpt lat="37.596587" lon="126.9694499"><ele>211.06593</ele><time>2019-11-26T04:36:11Z</time>
<extensions>
<gpx10:speed>1.4815896</gpx10:speed></extensions></trkpt>
<trkpt lat="37.5964824" lon="126.9694579"><ele>209.2567</ele><time>2019-11-26T04:36:20Z</time>
<extensions>
<gpx10:speed>1.3675804</gpx10:speed></extensions></trkpt>
<trkpt lat="37.5963828" lon="126.9694476"><ele>208.8843</ele><time>2019-11-26T04:36:27Z</time>
<extensions>
<gpx10:speed>1.4846942</gpx10:speed></extensions></trkpt>
<trkpt lat="37.596286" lon="126.9694277"><ele>208.7094</ele><time>2019-11-26T04:36:34Z</time>
<extensions>
<gpx10:speed>1.464689</gpx10:speed></extensions></trkpt>
<trkpt lat="37.5961872" lon="126.9694216"><ele>207.07701</ele><time>2019-11-26T04:36:43Z</time>
<extensions>
<gpx10:speed>1.4337162</gpx10:speed></extensions></trkpt>
<trkpt lat="37.5960858" lon="126.9694341"><ele>211.4125</ele><time>2019-11-26T04:36:50Z</time>
<extensions>
<gpx10:speed>1.4490771</gpx10:speed></extensions></trkpt>
<trkpt lat="37.5959947" lon="126.9694776"><ele>207.02744</ele><time>2019-11-26T04:36:57Z</time>
<extensions>
<gpx10:speed>1.4897361</gpx10:speed></extensions></trkpt>
<trkpt lat="37.5959039" lon="126.9694882"><ele>205.03769</ele><time>2019-11-26T04:37:03Z</time>
<extensions>
<gpx10:speed>1.5212263</gpx10:speed></extensions></trkpt>
<trkpt lat="37.5958056" lon="126.9694975"><ele>203.3554</ele><time>2019-11-26T04:37:10Z</time>
<extensions>
<gpx10:speed>1.555732</gpx10:speed></extensions></trkpt>
<trkpt lat="37.5957235" lon="126.9695456"><ele>202.47966</ele><time>2019-11-26T04:37:18Z</time>
<extensions>
<gpx10:speed>1.3424422</gpx10:speed></extensions></trkpt>
<trkpt lat="37.5956542" lon="126.9696208"><ele>200.452</ele><time>2019-11-26T04:37:32Z</time>
<extensions>
<gpx10:speed>1.2833433</gpx10:speed></extensions></trkpt>
<trkpt lat="37.5955655" lon="126.9696556"><ele>197.72523</ele><time>2019-11-26T04:37:39Z</time>
<extensions>
<gpx10:speed>1.3881388</gpx10:speed></extensions></trkpt>
<trkpt lat="37.5954712" lon="126.969657"><ele>196.85043</ele><time>2019-11-26T04:37:46Z</time>
<extensions>
<gpx10:speed>1.4874275</gpx10:speed></extensions></trkpt>
<trkpt lat="37.5953807" lon="126.9697043"><ele>195.54916</ele><time>2019-11-26T04:37:53Z</time>
<extensions>
<gpx10:speed>1.586062</gpx10:speed></extensions></trkpt>
<trkpt lat="37.5952875" lon="126.9697178"><ele>196.46167</ele><time>2019-11-26T04:37:59Z</time>
<extensions>
<gpx10:speed>1.6662992</gpx10:speed></extensions></trkpt>
<trkpt lat="37.5951999" lon="126.969749"><ele>196.8673</ele><time>2019-11-26T04:38:07Z</time>
<extensions>
<gpx10:speed>0.93459266</gpx10:speed></extensions></trkpt>
<trkpt lat="37.5951033" lon="126.9697696"><ele>193.54018</ele><time>2019-11-26T04:38:18Z</time>
<extensions>
<gpx10:speed>1.4465889</gpx10:speed></extensions></trkpt>
<trkpt lat="37.5950097" lon="126.9697522"><ele>193.31534</ele><time>2019-11-26T04:38:24Z</time>
<extensions>
<gpx10:speed>1.562336</gpx10:speed></extensions></trkpt>
<trkpt lat="37.594964" lon="126.9698591"><ele>191.12114</ele><time>2019-11-26T04:39:15Z</time>
<extensions>
<gpx10:speed>1.1641468</gpx10:speed></extensions></trkpt>
<trkpt lat="37.59493" lon="126.9697514"><ele>190.70354</ele><time>2019-11-26T04:39:55Z</time>
<extensions>
<gpx10:speed>1.0925514</gpx10:speed></extensions></trkpt>
<trkpt lat="37.5948501" lon="126.9696647"><ele>190.00969</ele><time>2019-11-26T04:40:03Z</time>
<extensions>
<gpx10:speed>1.2463313</gpx10:speed></extensions></trkpt>
<trkpt lat="37.5947744" lon="126.9695943"><ele>189.28413</ele><time>2019-11-26T04:40:10Z</time>
<extensions>
<gpx10:speed>1.2567011</gpx10:speed></extensions></trkpt>
<trkpt lat="37.5946904" lon="126.9695436"><ele>189.9291</ele><time>2019-11-26T04:40:18Z</time>
<extensions>
<gpx10:speed>1.2620174</gpx10:speed></extensions></trkpt>
<trkpt lat="37.5946389" lon="126.9694444"><ele>188.90932</ele><time>2019-11-26T04:40:27Z</time>
<extensions>
<gpx10:speed>1.2036554</gpx10:speed></extensions></trkpt>
<trkpt lat="37.5945573" lon="126.9693706"><ele>189.87868</ele><time>2019-11-26T04:40:33Z</time>
<extensions>
<gpx10:speed>1.5034477</gpx10:speed></extensions></trkpt>
<trkpt lat="37.5945061" lon="126.9692708"><ele>188.47137</ele><time>2019-11-26T04:40:40Z</time>
<extensions>
<gpx10:speed>1.5587219</gpx10:speed></extensions></trkpt>
<trkpt lat="37.5944597" lon="126.9691684"><ele>187.59607</ele><time>2019-11-26T04:40:47Z</time>
<extensions>
<gpx10:speed>1.5763092</gpx10:speed></extensions></trkpt>
<trkpt lat="37.5944162" lon="126.9690431"><ele>183.5813</ele><time>2019-11-26T04:40:58Z</time>
<extensions>
<gpx10:speed>1.3672426</gpx10:speed></extensions></trkpt>
<trkpt lat="37.5943774" lon="126.9689319"><ele>182.5721</ele><time>2019-11-26T04:41:19Z</time>
<extensions>
<gpx10:speed>1.3473501</gpx10:speed></extensions></trkpt>
<trkpt lat="37.5943106" lon="126.9688502"><ele>181.49734</ele><time>2019-11-26T04:41:26Z</time>
<extensions>
<gpx10:speed>1.4469335</gpx10:speed></extensions></trkpt>
<trkpt lat="37.5942497" lon="126.968752"><ele>180.78748</ele><time>2019-11-26T04:41:32Z</time>
<extensions>
<gpx10:speed>1.4967391</gpx10:speed></extensions></trkpt>
<trkpt lat="37.5942112" lon="126.9686428"><ele>180.5425</ele><time>2019-11-26T04:41:38Z</time>
<extensions>
<gpx10:speed>1.4596456</gpx10:speed></extensions></trkpt>
<trkpt lat="37.5941941" lon="126.9685284"><ele>179.5199</ele><time>2019-11-26T04:42:08Z</time>
<extensions>
<gpx10:speed>0.603839</gpx10:speed></extensions></trkpt>
<trkpt lat="37.5941734" lon="126.9684071"><ele>178.5982</ele><time>2019-11-26T04:42:26Z</time>
<extensions>
<gpx10:speed>1.2473587</gpx10:speed></extensions></trkpt>
<trkpt lat="37.5941488" lon="126.9682822"><ele>176.85107</ele><time>2019-11-26T04:42:34Z</time>
<extensions>
<gpx10:speed>1.1983433</gpx10:speed></extensions></trkpt>
<trkpt lat="37.5941261" lon="126.9681696"><ele>176.29732</ele><time>2019-11-26T04:42:41Z</time>
<extensions>
<gpx10:speed>1.2476867</gpx10:speed></extensions></trkpt>
<trkpt lat="37.5940922" lon="126.9680477"><ele>175.06383</ele><time>2019-11-26T04:43:23Z</time>
<extensions>
<gpx10:speed>1.2661431</gpx10:speed></extensions></trkpt>
<trkpt lat="37.594079" lon="126.9679344"><ele>174.49</ele><time>2019-11-26T04:43:29Z</time>
<extensions>
<gpx10:speed>1.3925302</gpx10:speed></extensions></trkpt>
<trkpt lat="37.5940788" lon="126.9678022"><ele>174.3841</ele><time>2019-11-26T04:43:35Z</time>
<extensions>
<gpx10:speed>1.5835916</gpx10:speed></extensions></trkpt>
<trkpt lat="37.5940422" lon="126.9676856"><ele>174.88425</ele><time>2019-11-26T04:43:41Z</time>
<extensions>
<gpx10:speed>1.6239285</gpx10:speed></extensions></trkpt>
<trkpt lat="37.5940217" lon="126.9675735"><ele>172.38017</ele><time>2019-11-26T04:43:49Z</time>
<extensions>
<gpx10:speed>1.4191996</gpx10:speed></extensions></trkpt>
<trkpt lat="37.5940017" lon="126.96745"><ele>170.43024</ele><time>2019-11-26T04:43:58Z</time>
<extensions>
<gpx10:speed>1.3194262</gpx10:speed></extensions></trkpt>
<trkpt lat="37.5939769" lon="126.9673396"><ele>169.50923</ele><time>2019-11-26T04:44:04Z</time>
<extensions>
<gpx10:speed>1.4097835</gpx10:speed></extensions></trkpt>
<trkpt lat="37.5939795" lon="126.9672155"><ele>167.713</ele><time>2019-11-26T04:44:11Z</time>
<extensions>
<gpx10:speed>1.448809</gpx10:speed></extensions></trkpt>
<trkpt lat="37.5940026" lon="126.9670927"><ele>167.15997</ele><time>2019-11-26T04:44:18Z</time>
<extensions>
<gpx10:speed>1.4809017</gpx10:speed></extensions></trkpt>
<trkpt lat="37.5940216" lon="126.9669799"><ele>164.69485</ele><time>2019-11-26T04:44:25Z</time>
<extensions>
<gpx10:speed>1.4878051</gpx10:speed></extensions></trkpt>
<trkpt lat="37.5939944" lon="126.9668636"><ele>163.90034</ele><time>2019-11-26T04:44:32Z</time>
<extensions>
<gpx10:speed>1.519716</gpx10:speed></extensions></trkpt>
<trkpt lat="37.5939667" lon="126.9667539"><ele>163.80643</ele><time>2019-11-26T04:44:39Z</time>
<extensions>
<gpx10:speed>1.471536</gpx10:speed></extensions></trkpt>
<trkpt lat="37.5938937" lon="126.9666691"><ele>162.51117</ele><time>2019-11-26T04:44:46Z</time>
<extensions>
<gpx10:speed>1.4100347</gpx10:speed></extensions></trkpt>
<trkpt lat="37.5938119" lon="126.9666091"><ele>162.27492</ele><time>2019-11-26T04:44:52Z</time>
<extensions>
<gpx10:speed>1.4919759</gpx10:speed></extensions></trkpt>
<trkpt lat="37.5937141" lon="126.9665537"><ele>161.01114</ele><time>2019-11-26T04:44:59Z</time>
<extensions>
<gpx10:speed>1.4606972</gpx10:speed></extensions></trkpt>
<trkpt lat="37.5936415" lon="126.9664746"><ele>160.29922</ele><time>2019-11-26T04:45:05Z</time>
<extensions>
<gpx10:speed>1.4582362</gpx10:speed></extensions></trkpt>
<trkpt lat="37.5936075" lon="126.9663574"><ele>158.46587</ele><time>2019-11-26T04:45:12Z</time>
<extensions>
<gpx10:speed>1.4841756</gpx10:speed></extensions></trkpt>
<trkpt lat="37.5935911" lon="126.9662368"><ele>157.35205</ele><time>2019-11-26T04:45:19Z</time>
<extensions>
<gpx10:speed>1.4703279</gpx10:speed></extensions></trkpt>
<trkpt lat="37.5935415" lon="126.9661242"><ele>156.72809</ele><time>2019-11-26T04:45:28Z</time>
<extensions>
<gpx10:speed>1.4216137</gpx10:speed></extensions></trkpt>
<trkpt lat="37.593452" lon="126.9660962"><ele>158.04628</ele><time>2019-11-26T04:45:40Z</time>
<extensions>
<gpx10:speed>1.0166287</gpx10:speed></extensions></trkpt>
<trkpt lat="37.5934282" lon="126.9659838"><ele>157.06964</ele><time>2019-11-26T04:46:13Z</time>
<extensions>
<gpx10:speed>1.3445803</gpx10:speed></extensions></trkpt>
<trkpt lat="37.5933714" lon="126.9658954"><ele>156.45883</ele><time>2019-11-26T04:46:20Z</time>
<extensions>
<gpx10:speed>1.3721995</gpx10:speed></extensions></trkpt>
<trkpt lat="37.5933059" lon="126.9658008"><ele>155.14258</ele><time>2019-11-26T04:46:27Z</time>
<extensions>
<gpx10:speed>1.4361001</gpx10:speed></extensions></trkpt>
<trkpt lat="37.5932123" lon="126.965763"><ele>156.15662</ele><time>2019-11-26T04:46:35Z</time>
<extensions>
<gpx10:speed>1.460155</gpx10:speed></extensions></trkpt>
<trkpt lat="37.593122" lon="126.9657067"><ele>155.73228</ele><time>2019-11-26T04:46:44Z</time>
<extensions>
<gpx10:speed>1.2596945</gpx10:speed></extensions></trkpt>
<trkpt lat="37.59304" lon="126.96564"><ele>155.23462</ele><time>2019-11-26T04:46:50Z</time>
<extensions>
<gpx10:speed>1.3823025</gpx10:speed></extensions></trkpt>
<trkpt lat="37.5929488" lon="126.9656532"><ele>154.92995</ele><time>2019-11-26T04:47:11Z</time>
<extensions>
<gpx10:speed>0.55659646</gpx10:speed></extensions></trkpt>
<trkpt lat="37.5928509" lon="126.9656393"><ele>152.54099</ele><time>2019-11-26T04:47:24Z</time>
<extensions>
<gpx10:speed>0.89665794</gpx10:speed></extensions></trkpt>
<trkpt lat="37.5927601" lon="126.9656915"><ele>148.50194</ele><time>2019-11-26T04:47:34Z</time>
<extensions>
<gpx10:speed>1.0227733</gpx10:speed></extensions></trkpt>
<trkpt lat="37.5926678" lon="126.9656988"><ele>148.84106</ele><time>2019-11-26T04:47:42Z</time>
<extensions>
<gpx10:speed>0.9831936</gpx10:speed></extensions></trkpt>
<trkpt lat="37.5925955" lon="126.9656243"><ele>149.31581</ele><time>2019-11-26T04:48:41Z</time>
<extensions>
<gpx10:speed>0.4040191</gpx10:speed></extensions></trkpt>
<trkpt lat="37.5925617" lon="126.9657416"><ele>148.84964</ele><time>2019-11-26T04:48:58Z</time>
<extensions>
<gpx10:speed>1.1195265</gpx10:speed></extensions></trkpt>
</trkseg>
</trk>
</gpx>