{"type": "FeatureCollection", "name": "bukhansan-routes", "properties": {"source": "OSM highway=path(능선) + route=hiking(둘레길)", "crs": "WGS84"}, "features": [{"type": "Feature", "properties": {"name": "진달래길", "difficulty": "초급", "distance_km": 2.85, "time_hr": 1.1, "kind": "등산로", "desc": "OSM 등산로 · 2.85km", "segments": 3, "min_elev": 121, "max_elev": 544, "ascent": 433, "descent": 10, "profile": [121, 137, 152, 156, 158, 166, 176, 180, 182, 192, 210, 230, 243, 247, 249, 257, 267, 284, 297, 305, 304, 301, 303, 311, 321, 323, 322, 330, 336, 338, 344, 353, 361, 368, 383, 392, 405, 414, 423, 433, 453, 474, 487, 497, 517, 534, 535, 544]}, "geometry": {"type": "MultiLineString", "coordinates": [[[127.004231, 37.658954], [127.004255, 37.658941], [127.004267, 37.658931], [127.004299, 37.658866], [127.004315, 37.658771], [127.004275, 37.658643], [127.004261, 37.658568], [127.004302, 37.658415], [127.004303, 37.658322], [127.00436, 37.658234], [127.004355, 37.658119], [127.004336, 37.658025], [127.004188, 37.657907], [127.00394, 37.657819], [127.00374, 37.657668], [127.003586, 37.657426], [127.003573, 37.657365], [127.00362, 37.657236], [127.003663, 37.657122], [127.003644, 37.657031], [127.003647, 37.656922], [127.003606, 37.656809], [127.003472, 37.656706], [127.003242, 37.656719], [127.003038, 37.656708], [127.002865, 37.656692], [127.002726, 37.656604], [127.002651, 37.656522], [127.002524, 37.656336], [127.002307, 37.656073], [127.002055, 37.655861], [127.00185, 37.655782], [127.001667, 37.655682], [127.001537, 37.655583], [127.001395, 37.655525], [127.001291, 37.655492], [127.001196, 37.655385], [127.001169, 37.655255], [127.001199, 37.65515], [127.00113, 37.655022], [127.001089, 37.654926], [127.001012, 37.654836], [127.001006, 37.654805], [127.000955, 37.654695], [127.00099, 37.654598], [127.000982, 37.654498], [127.000942, 37.654391], [127.000795, 37.654254], [127.000717, 37.654116], [127.000672, 37.653961], [127.000603, 37.653797], [127.000526, 37.653675], [127.000346, 37.653518], [127.000012, 37.653361], [126.999742, 37.653143], [126.999641, 37.653094], [126.999492, 37.653063], [126.9994, 37.652996], [126.999233, 37.652792], [126.999146, 37.652729], [126.998997, 37.652629], [126.99892, 37.652614], [126.998825, 37.652631], [126.998736, 37.652601], [126.998645, 37.65252], [126.998549, 37.652354], [126.998437, 37.652198], [126.99834, 37.652121], [126.998237, 37.652098], [126.998187, 37.652057], [126.998128, 37.651913], [126.997972, 37.651567], [126.997755, 37.651209], [126.997546, 37.650918], [126.997355, 37.650684], [126.997246, 37.650475], [126.997159, 37.650376], [126.99707, 37.650275], [126.996877, 37.650179], [126.996833, 37.650164], [126.996637, 37.65012], [126.996517, 37.650074], [126.996361, 37.649977], [126.996218, 37.649875], [126.996104, 37.649724], [126.996046, 37.649598], [126.996033, 37.649461], [126.995929, 37.649222], [126.99562, 37.648899], [126.995452, 37.648681], [126.995249, 37.648536], [126.994947, 37.64847], [126.994236, 37.647809], [126.994025, 37.647535], [126.994014, 37.647439], [126.993969, 37.647366], [126.993884, 37.647288], [126.993805, 37.64716], [126.99373, 37.647083], [126.993638, 37.647011], [126.993608, 37.646904], [126.993493, 37.646827], [126.993059, 37.646297], [126.992983, 37.646183], [126.992936, 37.646113], [126.992885, 37.646063], [126.99269, 37.646014], [126.992512, 37.645944], [126.992314, 37.645814], [126.99221, 37.645667], [126.992117, 37.645585], [126.991968, 37.645503], [126.99173, 37.645213], [126.991611, 37.645067], [126.991497, 37.644864], [126.991354, 37.644712], [126.991071, 37.64454], [126.99095, 37.64438], [126.990734, 37.644194], [126.990649, 37.644095], [126.990614, 37.644003], [126.990374, 37.6438], [126.990246, 37.643701], [126.990073, 37.643566], [126.989905, 37.643351], [126.989833, 37.643195], [126.989768, 37.642969], [126.989682, 37.642832], [126.989515, 37.642724], [126.989003, 37.642359], [126.988882, 37.642302], [126.988808, 37.642195], [126.988795, 37.64209], [126.988723, 37.642014], [126.98854, 37.641907], [126.988149, 37.641796], [126.98792, 37.641769], [126.987734, 37.641762], [126.987529, 37.641749], [126.987335, 37.641765], [126.987142, 37.6417], [126.986965, 37.641598], [126.986834, 37.641446], [126.986774, 37.641303], [126.986678, 37.641177], [126.986591, 37.641027], [126.986483, 37.640709], [126.986491, 37.640579], [126.986454, 37.64046], [126.986366, 37.640377], [126.986213, 37.64028]], [[126.986213, 37.64028], [126.98613, 37.640333], [126.986077, 37.64035]], [[126.986077, 37.64035], [126.986041, 37.640362], [126.985897, 37.640437]]]}}, {"type": "Feature", "properties": {"name": "형제봉능선", "difficulty": "초급", "distance_km": 2.75, "time_hr": 1.1, "kind": "등산로", "desc": "OSM 등산로 · 2.75km", "segments": 3, "min_elev": 284, "max_elev": 618, "ascent": 441, "descent": 117, "profile": [423, 425, 427, 438, 437, 428, 417, 409, 399, 398, 410, 424, 424, 426, 439, 448, 460, 453, 453, 468, 487, 507, 519, 538, 553, 547, 558, 563, 559, 559, 575, 564, 571, 586, 594, 605, 617, 299, 309, 315, 328, 353, 373, 391, 395, 401, 418, 426]}, "geometry": {"type": "MultiLineString", "coordinates": [[[126.982024, 37.618262], [126.982044, 37.618317], [126.982044, 37.6185], [126.982085, 37.6187], [126.982073, 37.618747], [126.982004, 37.618819], [126.982032, 37.618869], [126.981998, 37.618892], [126.981968, 37.618925], [126.981984, 37.618974], [126.982005, 37.61904], [126.981988, 37.61913], [126.982058, 37.619284], [126.982103, 37.619382], [126.98217, 37.619538], [126.98216, 37.619689], [126.982231, 37.619726], [126.98239, 37.619774], [126.982455, 37.61984], [126.982349, 37.619917], [126.982269, 37.619974], [126.982246, 37.620021], [126.982226, 37.620125], [126.982196, 37.620177], [126.982126, 37.620213], [126.982128, 37.620231], [126.98215, 37.620255], [126.982137, 37.620267], [126.982081, 37.620265], [126.982065, 37.620291], [126.982086, 37.620332], [126.982066, 37.620413], [126.982078, 37.620441], [126.982056, 37.620465], [126.982062, 37.620503], [126.982019, 37.620535], [126.98197, 37.620572], [126.981942, 37.620608], [126.98191, 37.620662], [126.981901, 37.620758], [126.981864, 37.620804], [126.981815, 37.620838], [126.981773, 37.620899], [126.981746, 37.620985], [126.981719, 37.621059], [126.981707, 37.621122], [126.98165, 37.621198], [126.981624, 37.621254], [126.981493, 37.621389], [126.981367, 37.621436], [126.981295, 37.62152], [126.981245, 37.621546], [126.981181, 37.621568], [126.981106, 37.621564], [126.98106, 37.621595], [126.981031, 37.621653], [126.980989, 37.621788], [126.980947, 37.621933], [126.98094, 37.622028], [126.980945, 37.622175], [126.980959, 37.622332], [126.980883, 37.62247], [126.980802, 37.622814], [126.980711, 37.622958], [126.980718, 37.623016], [126.980677, 37.623069], [126.980643, 37.623092], [126.980534, 37.623104], [126.980419, 37.623137], [126.980341, 37.62325], [126.980257, 37.623309], [126.980159, 37.623409], [126.980133, 37.623485], [126.980162, 37.623624], [126.980096, 37.623719], [126.980008, 37.623799], [126.979934, 37.623931], [126.979789, 37.624103], [126.979648, 37.624298], [126.979547, 37.624513], [126.979521, 37.624585], [126.979517, 37.624654], [126.979511, 37.624749], [126.979485, 37.624797], [126.979454, 37.62485], [126.979356, 37.624927], [126.979322, 37.62495], [126.979241, 37.624967], [126.979077, 37.624899], [126.979032, 37.62494], [126.978938, 37.624944], [126.978876, 37.62501], [126.978797, 37.625215], [126.978798, 37.625404], [126.978942, 37.625716], [126.978947, 37.625859], [126.978875, 37.626207], [126.978871, 37.626365], [126.978869, 37.626411], [126.978927, 37.62658], [126.97904, 37.626721], [126.979145, 37.626907], [126.97923, 37.626998], [126.979264, 37.627073], [126.979261, 37.627107], [126.97925, 37.627147], [126.979219, 37.627195], [126.979158, 37.627289], [126.9791, 37.627362], [126.979047, 37.627428], [126.978948, 37.627468], [126.978874, 37.627551], [126.978794, 37.627606], [126.97876, 37.627619], [126.978706, 37.627628], [126.978637, 37.627611], [126.978551, 37.627578], [126.978499, 37.627569], [126.978482, 37.627601], [126.978458, 37.627694], [126.978468, 37.627754], [126.978445, 37.627821], [126.978379, 37.627883], [126.978294, 37.628], [126.978281, 37.628095], [126.97824, 37.628129], [126.978193, 37.628122], [126.978038, 37.628197], [126.977954, 37.628247], [126.977906, 37.628322], [126.977793, 37.628441], [126.977681, 37.628634], [126.97779, 37.628662], [126.977871, 37.628673], [126.977908, 37.628718], [126.977979, 37.628764], [126.977944, 37.62886], [126.977898, 37.628926], [126.977815, 37.628985], [126.977764, 37.629072], [126.977687, 37.62923], [126.977636, 37.629283], [126.97755, 37.629367], [126.977512, 37.62942], [126.977503, 37.629474], [126.977433, 37.629506], [126.977304, 37.629499], [126.977133, 37.629478], [126.976945, 37.629436], [126.976873, 37.629434], [126.976852, 37.6295], [126.976824, 37.629597], [126.976739, 37.629688], [126.976789, 37.629795], [126.976791, 37.629835], [126.976777, 37.629877], [126.976779, 37.629936], [126.976829, 37.629985], [126.976873, 37.630025], [126.976915, 37.63005], [126.97698, 37.630062], [126.977001, 37.630089], [126.977029, 37.630136], [126.977008, 37.630181], [126.977004, 37.630259], [126.977015, 37.630312], [126.97704, 37.630392], [126.977007, 37.63046], [126.976956, 37.630511], [126.976904, 37.630572], [126.976831, 37.630689], [126.976844, 37.630751], [126.976888, 37.630833], [126.976975, 37.630887], [126.977166, 37.630917], [126.977346, 37.630907], [126.977408, 37.630927], [126.977451, 37.630998], [126.977465, 37.631122], [126.977569, 37.631226], [126.977618, 37.631343], [126.977686, 37.631433], [126.97771, 37.631565], [126.977614, 37.631598], [126.977576, 37.631693], [126.977566, 37.631724], [126.977585, 37.631814], [126.977576, 37.631879], [126.977524, 37.631998], [126.977495, 37.632039], [126.977499, 37.632084], [126.977568, 37.632142], [126.977627, 37.632232], [126.977651, 37.632296], [126.977631, 37.632343], [126.977667, 37.632416], [126.977631, 37.632505], [126.977644, 37.632564], [126.977609, 37.632655], [126.977581, 37.632705], [126.977522, 37.632765], [126.977411, 37.632857], [126.977339, 37.632998], [126.977296, 37.633046], [126.977222, 37.633185], [126.977125, 37.6333]], [[126.985272, 37.614188], [126.985131, 37.614373], [126.985081, 37.61444], [126.985031, 37.614568], [126.984926, 37.614702], [126.984732, 37.614773], [126.984715, 37.614796], [126.984733, 37.614849], [126.984712, 37.6149], [126.984738, 37.614938], [126.98473, 37.614985], [126.984761, 37.615036], [126.984795, 37.615085], [126.984778, 37.615131], [126.984759, 37.615203], [126.984707, 37.615238], [126.98468, 37.61528], [126.984684, 37.615352], [126.984657, 37.615412], [126.984624, 37.615505], [126.984582, 37.615567], [126.984507, 37.615613], [126.984462, 37.61565], [126.984357, 37.615658], [126.984297, 37.615684], [126.984215, 37.615754], [126.984091, 37.615757], [126.984016, 37.615763], [126.983931, 37.615732], [126.983895, 37.615729], [126.983866, 37.615772], [126.983821, 37.615769]], [[126.983599, 37.615906], [126.983554, 37.615878], [126.983461, 37.615811], [126.983408, 37.615829], [126.983328, 37.615804], [126.983288, 37.615778], [126.983197, 37.61586], [126.983174, 37.615864], [126.983144, 37.615895], [126.983125, 37.615946], [126.983127, 37.616021], [126.983013, 37.616184], [126.98298, 37.616272], [126.98293, 37.616348], [126.982922, 37.616418], [126.982863, 37.616452], [126.982793, 37.616437], [126.98274, 37.616448], [126.982684, 37.616459], [126.982653, 37.616485], [126.982729, 37.616536], [126.982683, 37.616543], [126.982583, 37.616588], [126.982547, 37.616639], [126.98248, 37.616615], [126.982327, 37.616684], [126.982304, 37.616711], [126.982295, 37.616742], [126.982332, 37.616983], [126.982335, 37.617023], [126.982334, 37.617057], [126.982313, 37.617131], [126.982296, 37.617157], [126.982291, 37.617227], [126.982335, 37.617268], [126.982305, 37.617397], [126.982257, 37.617508], [126.982221, 37.617572], [126.98223, 37.617648], [126.982302, 37.61777], [126.982274, 37.617862], [126.982196, 37.617868], [126.982112, 37.617997], [126.982046, 37.618033], [126.981998, 37.61803], [126.981967, 37.618073], [126.982001, 37.618119]]]}}, {"type": "Feature", "properties": {"name": "칼바위능선", "difficulty": "고급", "distance_km": 2.46, "time_hr": 1.0, "kind": "등산로", "desc": "OSM 등산로 · 2.46km", "segments": 3, "min_elev": 196, "max_elev": 576, "ascent": 245, "descent": 272, "profile": [451, 467, 483, 499, 515, 541, 560, 575, 569, 558, 556, 565, 395, 392, 396, 412, 422, 423, 424, 431, 440, 452, 468, 473, 469, 468, 455, 446, 446, 399, 392, 384, 366, 349, 341, 329, 320, 306, 293, 285, 278, 267, 254, 247, 229, 223, 210, 196]}, "geometry": {"type": "MultiLineString", "coordinates": [[[126.989476, 37.633122], [126.989395, 37.63317], [126.989205, 37.63325], [126.989148, 37.633289], [126.989041, 37.633385], [126.988958, 37.633396], [126.988862, 37.633465], [126.988686, 37.633504], [126.98861, 37.633512], [126.988542, 37.633508], [126.988404, 37.633512], [126.988295, 37.63361], [126.988158, 37.63371], [126.987982, 37.6338], [126.987894, 37.633865], [126.98784, 37.633949], [126.987759, 37.634063], [126.987675, 37.634136], [126.98756, 37.634184], [126.987416, 37.634241], [126.987324, 37.634315], [126.987172, 37.634445], [126.987066, 37.634554], [126.987021, 37.634621], [126.987008, 37.634681], [126.986981, 37.634717], [126.98689, 37.634775], [126.986865, 37.634818], [126.986815, 37.634919], [126.986753, 37.634991], [126.986678, 37.635021], [126.986573, 37.635033], [126.986463, 37.635048], [126.986349, 37.635098], [126.986052, 37.63526], [126.98597, 37.635294], [126.985839, 37.635324], [126.98573, 37.63537], [126.985659, 37.635413], [126.985631, 37.635466], [126.985606, 37.635528], [126.985543, 37.635585], [126.985427, 37.635619], [126.985359, 37.635678], [126.985306, 37.635793], [126.985198, 37.635979], [126.985045, 37.636155], [126.984934, 37.636263], [126.984891, 37.636343], [126.984852, 37.63646], [126.984827, 37.636502], [126.984774, 37.63657], [126.984729, 37.636646]], [[126.996284, 37.629201], [126.99619, 37.629197], [126.996105, 37.629232], [126.996037, 37.629285], [126.995969, 37.629365], [126.995804, 37.629511], [126.99567, 37.629733], [126.995619, 37.629764], [126.995466, 37.629772], [126.995328, 37.629819], [126.995207, 37.629819], [126.994902, 37.629851], [126.994816, 37.629851], [126.994787, 37.629852], [126.994633, 37.629825], [126.994528, 37.629837], [126.99445, 37.629791], [126.994395, 37.62976], [126.994322, 37.629727], [126.994263, 37.629735], [126.994226, 37.629773], [126.994184, 37.629837], [126.994169, 37.629908], [126.993945, 37.629992], [126.993815, 37.630023], [126.993761, 37.630059], [126.993757, 37.63012], [126.99377, 37.630207], [126.993798, 37.630317], [126.99381, 37.630481], [126.993841, 37.630605], [126.99382, 37.630727], [126.993831, 37.630914], [126.993764, 37.630997], [126.993741, 37.631078], [126.993758, 37.631141], [126.993707, 37.631253], [126.993634, 37.631417], [126.99357, 37.631506], [126.993488, 37.631595], [126.99337, 37.631772], [126.993263, 37.631857], [126.993228, 37.631907], [126.993157, 37.631947], [126.993044, 37.632038], [126.992941, 37.632173], [126.992832, 37.632245], [126.992764, 37.63228], [126.992726, 37.632281], [126.992683, 37.632267], [126.992583, 37.632226], [126.992477, 37.632231], [126.99241, 37.632226], [126.992329, 37.632136], [126.992253, 37.632162], [126.992146, 37.632167], [126.992064, 37.632128], [126.991947, 37.632102], [126.991836, 37.632103], [126.99177, 37.632135], [126.991651, 37.63221], [126.991443, 37.632293], [126.991369, 37.632291], [126.991248, 37.632335], [126.991124, 37.632366], [126.990943, 37.632476], [126.990791, 37.632474], [126.990652, 37.632491], [126.990505, 37.63253], [126.990389, 37.632556], [126.990227, 37.632554], [126.990088, 37.632611], [126.989931, 37.632639], [126.989724, 37.632717], [126.98962, 37.632799], [126.989552, 37.632908], [126.989527, 37.632996], [126.989505, 37.633058], [126.989476, 37.633122]], [[126.996284, 37.629201], [126.996405, 37.629111], [126.996431, 37.629084], [126.996443, 37.629036], [126.99644, 37.628961], [126.996463, 37.628881], [126.996483, 37.628768], [126.996534, 37.628684], [126.996591, 37.628586], [126.996716, 37.628481], [126.996775, 37.628439], [126.996855, 37.628481], [126.996945, 37.62849], [126.997051, 37.628408], [126.997186, 37.628388], [126.99726, 37.628378], [126.997293, 37.628352], [126.997389, 37.628234], [126.997595, 37.628124], [126.997675, 37.62804], [126.997773, 37.627998], [126.997884, 37.627926], [126.99793, 37.627893], [126.997945, 37.627813], [126.997961, 37.627719], [126.997944, 37.62762], [126.998038, 37.627498], [126.998129, 37.627456], [126.998202, 37.62742], [126.998252, 37.627341], [126.998369, 37.627273], [126.998443, 37.62721], [126.998445, 37.627129], [126.998431, 37.627063], [126.998351, 37.626982], [126.998454, 37.626826], [126.998433, 37.626748], [126.99852, 37.626725], [126.998625, 37.626718], [126.998704, 37.626684], [126.998692, 37.626622], [126.998737, 37.626554], [126.998854, 37.62648], [126.998971, 37.626431], [126.999109, 37.626309], [126.999198, 37.626244], [126.999354, 37.626168], [126.999522, 37.626141], [126.999684, 37.626055], [126.999971, 37.625979], [127.000163, 37.625876], [127.000223, 37.625797], [127.000258, 37.625724], [127.000247, 37.625648], [127.000265, 37.625601], [127.000342, 37.625569], [127.000457, 37.625546], [127.000682, 37.625501], [127.000781, 37.62543], [127.000809, 37.625374], [127.000905, 37.625213], [127.000987, 37.625121], [127.001059, 37.625076], [127.001126, 37.625075], [127.001193, 37.625066], [127.00123, 37.625095], [127.001266, 37.625147], [127.001244, 37.625219], [127.001289, 37.625385], [127.001357, 37.625483], [127.001456, 37.625558], [127.001561, 37.625606], [127.001648, 37.625648], [127.00189, 37.625665], [127.001979, 37.625607], [127.002044, 37.625525], [127.002113, 37.625505], [127.002222, 37.625452], [127.002327, 37.625419], [127.002459, 37.625455], [127.002535, 37.625424], [127.002595, 37.62532], [127.002715, 37.625353], [127.002801, 37.625391], [127.002904, 37.625376], [127.002994, 37.625299], [127.003132, 37.62523]]]}}, {"type": "Feature", "properties": {"name": "석굴암길", "difficulty": "초급", "distance_km": 2.3, "time_hr": 0.9, "kind": "등산로", "desc": "OSM 등산로 · 2.3km", "segments": 4, "min_elev": 142, "max_elev": 265, "ascent": 140, "descent": 21, "profile": [142, 146, 146, 147, 149, 150, 149, 156, 158, 157, 154, 156, 159, 161, 162, 167, 173, 173, 170, 174, 175, 178, 181, 182, 189, 193, 195, 195, 194, 199, 203, 206, 211, 217, 222, 222, 223, 227, 233, 233, 237, 243, 246, 244, 249, 254, 258, 233]}, "geometry": {"type": "MultiLineString", "coordinates": [[[126.974474, 37.699072], [126.974743, 37.699089], [126.974977, 37.699116], [126.975119, 37.699146], [126.975299, 37.699188], [126.976367, 37.699471], [126.976497, 37.699498], [126.976611, 37.699515], [126.976697, 37.699525], [126.976772, 37.699528], [126.976849, 37.699517], [126.976934, 37.699496], [126.977001, 37.699469], [126.977043, 37.699448], [126.977082, 37.69942], [126.977117, 37.699391], [126.977152, 37.699358], [126.977173, 37.699325], [126.977203, 37.699268], [126.977236, 37.699191], [126.97725, 37.699132], [126.977261, 37.699052], [126.977267, 37.698994], [126.977261, 37.698933], [126.977245, 37.698881], [126.9772, 37.698792], [126.977145, 37.698721], [126.977097, 37.698662], [126.977055, 37.698567], [126.977057, 37.698534], [126.97707, 37.698438], [126.977094, 37.698374], [126.97713, 37.69829], [126.977191, 37.698187], [126.977252, 37.698109], [126.97732, 37.698042], [126.977394, 37.697988], [126.977561, 37.697907], [126.977719, 37.697834], [126.978061, 37.697711], [126.978356, 37.697571], [126.978515, 37.697488], [126.978682, 37.697369], [126.978819, 37.697249], [126.978925, 37.697142], [126.979011, 37.697031], [126.979061, 37.696915], [126.979153, 37.696635], [126.979268, 37.696174]], [[126.979294, 37.696098], [126.979354, 37.696007], [126.979469, 37.695871], [126.97956, 37.695762], [126.979911, 37.695474], [126.979983, 37.695406], [126.980022, 37.695363], [126.980066, 37.695261], [126.98009, 37.695139], [126.980136, 37.694996], [126.980203, 37.694853], [126.980259, 37.694757], [126.980323, 37.694679], [126.980432, 37.694592], [126.980525, 37.694536], [126.980627, 37.694483], [126.980749, 37.694459], [126.980888, 37.69445], [126.981063, 37.694464], [126.981206, 37.694494], [126.981331, 37.694535], [126.981511, 37.694608], [126.981654, 37.694705], [126.981781, 37.694768], [126.981898, 37.694816], [126.982242, 37.694893], [126.982539, 37.694923], [126.982836, 37.69495], [126.983178, 37.69495], [126.983479, 37.694939], [126.983674, 37.694899], [126.983876, 37.694842], [126.984011, 37.69477], [126.984167, 37.694647], [126.984372, 37.694434], [126.984714, 37.694069], [126.985029, 37.693695], [126.985105, 37.69362], [126.985501, 37.693349], [126.985741, 37.693191], [126.986109, 37.693006], [126.986218, 37.692945], [126.986301, 37.692882], [126.986372, 37.692813], [126.986428, 37.692723], [126.986485, 37.692603], [126.986611, 37.692431], [126.986772, 37.692268], [126.98695, 37.692076], [126.987063, 37.691971], [126.98746, 37.691688], [126.987726, 37.69154], [126.987963, 37.691384], [126.988564, 37.691034], [126.988731, 37.690909], [126.988903, 37.690729], [126.989055, 37.690604], [126.989323, 37.690454], [126.989624, 37.690293], [126.989713, 37.690252]], [[126.989713, 37.690252], [126.989959, 37.690182], [126.9902, 37.690139], [126.990413, 37.690135], [126.990701, 37.690146], [126.99084, 37.690154], [126.991008, 37.69019], [126.99123, 37.690208], [126.991384, 37.690194], [126.99157, 37.690161], [126.991735, 37.690105], [126.991938, 37.689974], [126.992046, 37.689887], [126.992183, 37.689731], [126.9922, 37.689616], [126.992212, 37.689575], [126.992272, 37.689454], [126.992329, 37.689366], [126.992397, 37.689224], [126.992424, 37.689136], [126.992446, 37.689068], [126.992473, 37.689012], [126.992559, 37.688921], [126.99258, 37.688885]], [[126.989713, 37.690252], [126.98972, 37.690344]]]}}, {"type": "Feature", "properties": {"name": "원효길", "difficulty": "고급", "distance_km": 2.25, "time_hr": 0.9, "kind": "등산로", "desc": "OSM 등산로 · 2.25km", "segments": 4, "min_elev": 57, "max_elev": 498, "ascent": 595, "descent": 59, "profile": [71, 81, 89, 96, 104, 116, 125, 135, 150, 165, 182, 196, 206, 217, 231, 240, 265, 291, 313, 326, 345, 358, 372, 387, 399, 409, 439, 471, 474, 483, 494, 498, 492, 482, 464, 455, 296, 306, 316, 330, 346, 368, 390, 410, 427, 443, 61, 71]}, "geometry": {"type": "MultiLineString", "coordinates": [[[126.951182, 37.658704], [126.951348, 37.65865], [126.951495, 37.658587], [126.951752, 37.658574], [126.95201, 37.658601], [126.95231, 37.658696], [126.952499, 37.658771], [126.952628, 37.658893], [126.952782, 37.658954], [126.953083, 37.658982], [126.953366, 37.659002], [126.953581, 37.659002], [126.953727, 37.658927], [126.953924, 37.658785], [126.954147, 37.658669], [126.954473, 37.658601], [126.954722, 37.658533], [126.955023, 37.65854], [126.955151, 37.658465], [126.955392, 37.65839], [126.955581, 37.658343], [126.955752, 37.658316], [126.955924, 37.658227], [126.956156, 37.6582], [126.956242, 37.658085], [126.956413, 37.658023], [126.956687, 37.657768], [126.956928, 37.657772]], [[126.956928, 37.657772], [126.957126, 37.657881], [126.957296, 37.658017], [126.957525, 37.658198], [126.957666, 37.658363], [126.957709, 37.658485], [126.957733, 37.658651], [126.957887, 37.658827], [126.958122, 37.65892], [126.95837, 37.658982], [126.958568, 37.659042], [126.958794, 37.65911], [126.958938, 37.65914], [126.959082, 37.659158], [126.959247, 37.659278], [126.95934, 37.659376], [126.959434, 37.659491], [126.959559, 37.659712], [126.959744, 37.659604], [126.959915, 37.659571], [126.959966, 37.659457], [126.960172, 37.659362], [126.960459, 37.659338], [126.960559, 37.659247], [126.960745, 37.659199], [126.960877, 37.659323], [126.960936, 37.65943], [126.961116, 37.659511], [126.961185, 37.659388], [126.96122, 37.659298], [126.961173, 37.659219], [126.961271, 37.659145], [126.961336, 37.659088], [126.9615, 37.658964], [126.961632, 37.658901], [126.961833, 37.658842], [126.961945, 37.658791], [126.962061, 37.658696], [126.962215, 37.658676], [126.96237, 37.658649], [126.962473, 37.658601], [126.962619, 37.65856], [126.962857, 37.658469], [126.963036, 37.658387], [126.963159, 37.658329], [126.963315, 37.65822], [126.963408, 37.65818], [126.963533, 37.65815], [126.963643, 37.658159], [126.963823, 37.658163], [126.963968, 37.658161], [126.964099, 37.658129], [126.964212, 37.658046], [126.96437, 37.657917], [126.964473, 37.657806], [126.96461, 37.657697], [126.96473, 37.657569], [126.96491, 37.657493], [126.965088, 37.657425], [126.965279, 37.657392], [126.965475, 37.65746], [126.965674, 37.65748], [126.965855, 37.657548], [126.966112, 37.657629], [126.966335, 37.657722], [126.966451, 37.657791], [126.966773, 37.657779], [126.967005, 37.657823], [126.967146, 37.657848]], [[126.967354, 37.654473], [126.967436, 37.654584], [126.967609, 37.654693], [126.967664, 37.654779], [126.967606, 37.654874], [126.967546, 37.655009], [126.967782, 37.655076], [126.967829, 37.655121], [126.967803, 37.655189], [126.967879, 37.655258], [126.967867, 37.655309], [126.967831, 37.655349], [126.967775, 37.655429], [126.967736, 37.65548], [126.967791, 37.655502], [126.967924, 37.655535], [126.967991, 37.655548], [126.968067, 37.655586], [126.968089, 37.655627], [126.968084, 37.655672], [126.968066, 37.655737], [126.968005, 37.655838], [126.967945, 37.655972], [126.967911, 37.656099], [126.967789, 37.656248], [126.967689, 37.656408], [126.967555, 37.656687], [126.967505, 37.656778], [126.967469, 37.656843], [126.967414, 37.656928], [126.967368, 37.657032], [126.967349, 37.657162], [126.967306, 37.657303], [126.967296, 37.657427], [126.967274, 37.65748], [126.967215, 37.657537], [126.967178, 37.657608], [126.967147, 37.65769], [126.967162, 37.657737], [126.967142, 37.657773], [126.967146, 37.657848]], [[126.950293, 37.658825], [126.950568, 37.658785], [126.950791, 37.658785], [126.951075, 37.65873], [126.951182, 37.658704]]]}}, {"type": "Feature", "properties": {"name": "응봉능선", "difficulty": "초급", "distance_km": 2.11, "time_hr": 0.8, "kind": "등산로", "desc": "OSM 등산로 · 2.11km", "segments": 1, "min_elev": 117, "max_elev": 537, "ascent": 447, "descent": 37, "profile": [117, 128, 140, 152, 161, 176, 189, 203, 220, 240, 267, 280, 295, 307, 315, 315, 306, 316, 312, 304, 305, 312, 313, 319, 327, 335, 346, 359, 371, 386, 399, 405, 418, 427, 444, 455, 468, 476, 480, 485, 489, 500, 511, 521, 527, 534, 534, 527]}, "geometry": {"type": "MultiLineString", "coordinates": [[[126.949269, 37.642862], [126.94924, 37.64279], [126.949236, 37.642735], [126.949268, 37.642595], [126.949268, 37.642274], [126.949206, 37.642131], [126.949226, 37.642043], [126.949291, 37.641979], [126.949562, 37.642004], [126.949673, 37.641964], [126.949859, 37.641964], [126.950098, 37.641891], [126.950342, 37.641622], [126.950495, 37.641507], [126.950535, 37.641365], [126.950599, 37.641231], [126.950621, 37.64107], [126.950723, 37.640957], [126.950691, 37.640815], [126.950727, 37.640682], [126.950814, 37.640562], [126.950876, 37.640316], [126.950825, 37.640216], [126.950915, 37.639865], [126.951018, 37.639621], [126.951096, 37.639481], [126.950992, 37.639438], [126.951028, 37.639391], [126.951064, 37.639313], [126.951063, 37.639222], [126.951072, 37.639167], [126.951147, 37.639049], [126.951299, 37.638844], [126.951428, 37.638721], [126.951451, 37.638662], [126.951582, 37.638562], [126.951718, 37.638485], [126.951971, 37.638373], [126.952378, 37.638212], [126.952661, 37.638094], [126.95283, 37.638026], [126.952963, 37.637985], [126.953114, 37.637987], [126.953222, 37.638008], [126.953285, 37.638043], [126.953353, 37.638063], [126.953416, 37.638086], [126.95348, 37.638086], [126.953563, 37.638058], [126.953692, 37.63798], [126.953834, 37.637882], [126.953961, 37.637794], [126.954039, 37.637703], [126.954134, 37.637649], [126.954312, 37.637516], [126.954529, 37.637374], [126.954658, 37.637254], [126.95479, 37.63713], [126.954833, 37.637048], [126.954841, 37.636878], [126.954866, 37.636799], [126.954933, 37.63669], [126.955017, 37.636591], [126.955087, 37.636535], [126.955167, 37.636442], [126.955284, 37.636353], [126.955451, 37.636182], [126.955508, 37.635985], [126.955578, 37.635915], [126.955599, 37.635803], [126.955696, 37.635641], [126.955813, 37.635508], [126.95592, 37.635353], [126.955991, 37.635225], [126.956071, 37.634977], [126.956201, 37.634751], [126.956251, 37.634626], [126.956328, 37.634437], [126.956499, 37.634389], [126.956627, 37.63435], [126.956682, 37.634307], [126.956729, 37.634304], [126.956768, 37.634333], [126.956814, 37.634343], [126.95686, 37.63433], [126.956893, 37.634288], [126.956953, 37.634253], [126.957021, 37.634191], [126.957051, 37.634132], [126.957064, 37.634078], [126.957107, 37.634004], [126.95717, 37.633921], [126.957199, 37.633844], [126.957251, 37.633744], [126.957319, 37.633621], [126.95735, 37.633534], [126.957403, 37.633392], [126.957489, 37.633267], [126.957505, 37.63318], [126.957531, 37.633131], [126.95762, 37.633157], [126.95772, 37.633077], [126.957762, 37.633007], [126.957814, 37.632978], [126.957885, 37.632943], [126.957926, 37.632922], [126.958025, 37.632876], [126.958049, 37.632833], [126.958061, 37.632776], [126.958078, 37.632641], [126.958166, 37.63252], [126.958201, 37.63246], [126.958237, 37.63238], [126.958247, 37.632297], [126.958238, 37.632243], [126.958214, 37.632161], [126.95818, 37.632068], [126.958133, 37.632028], [126.958075, 37.632001], [126.958029, 37.631963], [126.958006, 37.631925], [126.957988, 37.631875], [126.957955, 37.631768], [126.957937, 37.631683], [126.95796, 37.631582], [126.958007, 37.631438], [126.958066, 37.63135], [126.958164, 37.631192], [126.958169, 37.631148], [126.95821, 37.631007], [126.958223, 37.630938], [126.958277, 37.63084], [126.958357, 37.630702], [126.958401, 37.630652], [126.958408, 37.63062], [126.958395, 37.630598], [126.958414, 37.630558], [126.958405, 37.630506], [126.958338, 37.630378], [126.958315, 37.630303], [126.958306, 37.630124], [126.958282, 37.630057], [126.958288, 37.629983], [126.958315, 37.629939], [126.958361, 37.629886], [126.958425, 37.62982], [126.958483, 37.629793], [126.958558, 37.629721], [126.958633, 37.629616], [126.958645, 37.629563], [126.958627, 37.629487], [126.958635, 37.62943], [126.958678, 37.629347], [126.958741, 37.629236], [126.958724, 37.629167], [126.958728, 37.629145], [126.958774, 37.629105], [126.958884, 37.62905], [126.958936, 37.628979], [126.959003, 37.628876], [126.959085, 37.628795], [126.959201, 37.628666], [126.95926, 37.628623], [126.959304, 37.628561], [126.959314, 37.628443], [126.959343, 37.628358], [126.959364, 37.628241], [126.959438, 37.628161]]]}}, {"type": "Feature", "properties": {"name": "노적봉길", "difficulty": "중급", "distance_km": 1.98, "time_hr": 0.8, "kind": "등산로", "desc": "OSM 등산로 · 1.98km", "segments": 1, "min_elev": 353, "max_elev": 682, "ascent": 249, "descent": 356, "profile": [460, 453, 448, 456, 468, 482, 497, 504, 517, 538, 561, 558, 563, 561, 577, 599, 619, 682, 681, 675, 660, 643, 627, 613, 597, 575, 551, 537, 522, 510, 497, 484, 475, 468, 465, 462, 455, 450, 448, 438, 429, 428, 420, 403, 383, 370, 367, 353]}, "geometry": {"type": "MultiLineString", "coordinates": [[[126.970859, 37.652608], [126.971339, 37.652723], [126.971554, 37.652805], [126.971665, 37.652811], [126.97188, 37.652811], [126.972026, 37.652845], [126.972163, 37.65292], [126.972283, 37.652954], [126.972455, 37.652934], [126.972609, 37.652961], [126.972712, 37.653056], [126.972833, 37.653138], [126.972978, 37.653151], [126.973099, 37.653213], [126.973202, 37.653348], [126.973356, 37.653362], [126.973588, 37.653376], [126.973734, 37.653405], [126.973888, 37.653437], [126.974171, 37.653512], [126.974352, 37.653586], [126.974541, 37.653552], [126.974721, 37.653566], [126.974951, 37.653601], [126.975074, 37.653702], [126.975116, 37.653851], [126.975093, 37.653979], [126.975192, 37.65415], [126.975263, 37.654237], [126.975339, 37.654279], [126.975528, 37.654363], [126.975685, 37.654411], [126.975867, 37.654595], [126.976013, 37.654702], [126.97614, 37.654734], [126.976283, 37.65469], [126.976348, 37.654585], [126.97632, 37.654444], [126.976309, 37.654282], [126.976182, 37.654092], [126.976156, 37.653971], [126.976262, 37.653813], [126.976435, 37.653657], [126.97676, 37.653393], [126.977083, 37.653277], [126.977376, 37.653176], [126.978, 37.65291], [126.978275, 37.652755], [126.978376, 37.652629], [126.978421, 37.652552], [126.978432, 37.652433], [126.978489, 37.652339], [126.978635, 37.652166], [126.9788, 37.65189], [126.978913, 37.651623], [126.978923, 37.65135], [126.979036, 37.651162], [126.979047, 37.651032], [126.978806, 37.650705], [126.978703, 37.650453], [126.978582, 37.650162], [126.978417, 37.649896], [126.978337, 37.649655], [126.978265, 37.649452], [126.978202, 37.649135], [126.978024, 37.64886], [126.977905, 37.648578], [126.977613, 37.648048], [126.97741, 37.647864], [126.97725, 37.647744], [126.977135, 37.647578], [126.977006, 37.647446], [126.976806, 37.647327], [126.976413, 37.647101], [126.976163, 37.647042], [126.975914, 37.646913], [126.975771, 37.646847], [126.975464, 37.64665], [126.97529, 37.646458], [126.975134, 37.646399], [126.974714, 37.646333], [126.974304, 37.646201], [126.974089, 37.646062], [126.973878, 37.645897], [126.973963, 37.645592], [126.973621, 37.645503], [126.973392, 37.64536]]]}}, {"type": "Feature", "properties": {"name": "큰돌산길", "difficulty": "초급", "distance_km": 1.6, "time_hr": 0.6, "kind": "등산로", "desc": "OSM 등산로 · 1.6km", "segments": 1, "min_elev": 85, "max_elev": 157, "ascent": 31, "descent": 103, "profile": [157, 154, 148, 141, 134, 130, 132, 134, 133, 133, 131, 130, 129, 129, 129, 128, 130, 133, 136, 139, 142, 146, 149, 151, 152, 152, 151, 142, 133, 127, 125, 123, 120, 115, 112, 109, 106, 106, 105, 103, 103, 102, 102, 101, 98, 94, 90, 85]}, "geometry": {"type": "MultiLineString", "coordinates": [[[127.00798, 37.619816], [127.008048, 37.619401], [127.008541, 37.61885], [127.009046, 37.618565], [127.009507, 37.618306], [127.009989, 37.617813], [127.010376, 37.616827], [127.01088, 37.616445], [127.011223, 37.616487], [127.011555, 37.616372], [127.011939, 37.616249], [127.014056, 37.615544], [127.014646, 37.615255], [127.015107, 37.614974], [127.015911, 37.614975], [127.016316, 37.61488], [127.016463, 37.61483], [127.016628, 37.614844], [127.016871, 37.614779], [127.017218, 37.614693], [127.017583, 37.614545], [127.017646, 37.614538], [127.018195, 37.614049], [127.018443, 37.613953], [127.018587, 37.613866], [127.018653, 37.613796], [127.018728, 37.613769], [127.018794, 37.613789], [127.018852, 37.613786], [127.019052, 37.613864], [127.019268, 37.613775], [127.019401, 37.613546], [127.019535, 37.613314], [127.019742, 37.613264], [127.019867, 37.613243], [127.019994, 37.613008], [127.020158, 37.612924], [127.020331, 37.61285], [127.020361, 37.612687], [127.020479, 37.612533], [127.020744, 37.612477], [127.021156, 37.612431], [127.021529, 37.612424], [127.021679, 37.612378], [127.021689, 37.612374]]]}}, {"type": "Feature", "properties": {"name": "구기계곡 길", "difficulty": "초급", "distance_km": 1.4, "time_hr": 0.6, "kind": "등산로", "desc": "OSM 등산로 · 1.4km", "segments": 1, "min_elev": 258, "max_elev": 567, "ascent": 339, "descent": 30, "profile": [258, 265, 271, 277, 287, 294, 297, 297, 301, 305, 309, 316, 322, 330, 335, 344, 349, 355, 361, 366, 373, 379, 387, 397, 406, 406, 422, 430, 441, 454, 466, 475, 485, 492, 494, 497, 511, 516, 513, 509, 512, 525, 534, 547, 546, 555, 560, 567]}, "geometry": {"type": "MultiLineString", "coordinates": [[[126.964293, 37.620996], [126.964336, 37.621041], [126.96439, 37.621074], [126.964426, 37.621113], [126.964518, 37.621207], [126.964649, 37.621305], [126.964816, 37.621492], [126.964947, 37.621576], [126.965011, 37.621692], [126.965204, 37.62184], [126.965635, 37.622164], [126.96577, 37.622248], [126.965841, 37.622461], [126.965934, 37.622534], [126.96599, 37.622677], [126.966081, 37.622776], [126.966264, 37.622832], [126.966365, 37.622986], [126.966438, 37.623057], [126.966543, 37.623161], [126.966604, 37.623281], [126.966728, 37.623352], [126.966838, 37.623416], [126.966912, 37.62353], [126.966881, 37.623628], [126.966853, 37.623719], [126.966929, 37.623887], [126.967017, 37.62403], [126.967225, 37.62415], [126.967265, 37.624182], [126.967366, 37.624206], [126.967436, 37.624249], [126.967471, 37.624244], [126.967655, 37.624181], [126.967748, 37.624193], [126.967839, 37.624243], [126.967913, 37.624302], [126.968055, 37.624417], [126.968356, 37.624513], [126.968439, 37.624545], [126.968514, 37.624597], [126.968603, 37.624633], [126.968716, 37.624742], [126.96887, 37.624819], [126.968985, 37.624887], [126.969049, 37.62486], [126.969195, 37.624896], [126.969396, 37.624913], [126.969485, 37.624934], [126.969543, 37.624994], [126.969599, 37.625041], [126.969589, 37.625132], [126.969487, 37.625159], [126.969464, 37.625212], [126.969419, 37.625284], [126.96939, 37.625378], [126.969414, 37.625441], [126.969489, 37.625424], [126.969526, 37.625438], [126.969542, 37.625509], [126.969572, 37.625602], [126.969585, 37.625865], [126.969635, 37.625919], [126.969726, 37.625992], [126.969891, 37.626018], [126.969926, 37.626077], [126.969931, 37.626219], [126.970054, 37.626326], [126.970015, 37.626438], [126.970084, 37.62654], [126.970134, 37.626652], [126.970152, 37.626847], [126.970205, 37.626926], [126.970302, 37.626981], [126.970337, 37.627106], [126.970345, 37.627224], [126.970485, 37.627322], [126.970534, 37.627432], [126.970617, 37.627467], [126.970679, 37.627537], [126.970726, 37.62755], [126.970885, 37.62755], [126.971104, 37.627711], [126.971186, 37.627768], [126.971246, 37.627849], [126.971249, 37.627951], [126.971298, 37.627963], [126.971324, 37.628069], [126.971309, 37.62818], [126.971322, 37.628187], [126.97141, 37.628207], [126.971427, 37.628266], [126.9714, 37.628344], [126.971448, 37.628387], [126.971546, 37.628404], [126.971581, 37.628435], [126.971615, 37.628481], [126.971738, 37.628518], [126.971808, 37.628561], [126.971962, 37.628659], [126.972016, 37.628709], [126.972017, 37.62878], [126.972108, 37.628848], [126.972166, 37.628842], [126.97224, 37.628871], [126.972315, 37.628982], [126.972293, 37.62906], [126.972295, 37.629122], [126.972371, 37.629228], [126.972493, 37.629352], [126.972586, 37.629521], [126.972667, 37.629612], [126.972742, 37.629738], [126.972832, 37.629878]]]}}, {"type": "Feature", "properties": {"name": "용암길", "difficulty": "고급", "distance_km": 1.15, "time_hr": 0.5, "kind": "등산로", "desc": "OSM 등산로 · 1.15km", "segments": 1, "min_elev": 585, "max_elev": 714, "ascent": 207, "descent": 80, "profile": [585, 589, 591, 588, 587, 587, 586, 587, 587, 588, 591, 599, 609, 615, 613, 618, 622, 632, 633, 628, 636, 638, 647, 653, 660, 665, 669, 669, 672, 681, 690, 704, 714, 711, 712, 709, 699, 688, 680, 682, 687, 679, 687, 682, 687, 699, 708, 712]}, "geometry": {"type": "MultiLineString", "coordinates": [[[126.982371, 37.650863], [126.982319, 37.650932], [126.982275, 37.650975], [126.98222, 37.650935], [126.982123, 37.650903], [126.981944, 37.650885], [126.981823, 37.650802], [126.981572, 37.650798], [126.981395, 37.650769], [126.981281, 37.650777], [126.98109, 37.650726], [126.980921, 37.650723], [126.980833, 37.650739], [126.980829, 37.650847], [126.980706, 37.651005], [126.98073, 37.651106], [126.980739, 37.651242], [126.980732, 37.651303], [126.980721, 37.65139], [126.980689, 37.651446], [126.980656, 37.651706], [126.980725, 37.651894], [126.980674, 37.652036], [126.980623, 37.652138], [126.980542, 37.652207], [126.98036, 37.652292], [126.980284, 37.652457], [126.980137, 37.652641], [126.980095, 37.65276], [126.980011, 37.653004], [126.979919, 37.653054], [126.979666, 37.653001], [126.979557, 37.653133], [126.979517, 37.653254], [126.979226, 37.6533], [126.979085, 37.653446], [126.978883, 37.653494], [126.978768, 37.653487], [126.978608, 37.65355], [126.978364, 37.653629], [126.978211, 37.653722], [126.978359, 37.653886], [126.978393, 37.653912], [126.978545, 37.653916], [126.978552, 37.653984], [126.978596, 37.654069], [126.978606, 37.654126], [126.978619, 37.654169], [126.978663, 37.654223], [126.978747, 37.654318], [126.978843, 37.654456], [126.978854, 37.654563], [126.978961, 37.654658], [126.9791, 37.654794], [126.979129, 37.654846], [126.979126, 37.654902], [126.979102, 37.65498], [126.979046, 37.65511], [126.97893, 37.655234], [126.978804, 37.6554], [126.978688, 37.655596], [126.978582, 37.655765], [126.978537, 37.655952], [126.978499, 37.656167], [126.978547, 37.656335], [126.978635, 37.656514], [126.978663, 37.656638], [126.978652, 37.65671], [126.978667, 37.65678], [126.978713, 37.656878], [126.978828, 37.656866], [126.978856, 37.657143], [126.978921, 37.657175], [126.979002, 37.657312], [126.979036, 37.657387], [126.979123, 37.657439], [126.979202, 37.657494], [126.979245, 37.657542], [126.97927, 37.657579], [126.979349, 37.657612], [126.979442, 37.657612], [126.979553, 37.657671]]]}}, {"type": "Feature", "properties": {"name": "진관사계곡", "difficulty": "초급", "distance_km": 1.08, "time_hr": 0.4, "kind": "등산로", "desc": "OSM 등산로 · 1.08km", "segments": 1, "min_elev": 102, "max_elev": 266, "ascent": 5, "descent": 169, "profile": [266, 261, 256, 251, 247, 243, 238, 233, 230, 227, 223, 219, 214, 211, 208, 204, 200, 198, 196, 193, 191, 189, 185, 182, 181, 178, 175, 177, 174, 169, 162, 157, 157, 152, 149, 148, 146, 140, 133, 127, 122, 119, 116, 113, 110, 109, 108, 102]}, "geometry": {"type": "MultiLineString", "coordinates": [[[126.953789, 37.631434], [126.953738, 37.631489], [126.953682, 37.631532], [126.953655, 37.63155], [126.953633, 37.631585], [126.953626, 37.63163], [126.953587, 37.631666], [126.953551, 37.631699], [126.953482, 37.631754], [126.953369, 37.631834], [126.9533, 37.631888], [126.95321, 37.631937], [126.953141, 37.631999], [126.953085, 37.63206], [126.953007, 37.632186], [126.952994, 37.632223], [126.952983, 37.632264], [126.952985, 37.632286], [126.953008, 37.632346], [126.953007, 37.632372], [126.952993, 37.632432], [126.952973, 37.632484], [126.952924, 37.632587], [126.952791, 37.632891], [126.952783, 37.632969], [126.952806, 37.633058], [126.952806, 37.633148], [126.952769, 37.633222], [126.952753, 37.633322], [126.952753, 37.633415], [126.952731, 37.633453], [126.952699, 37.633538], [126.952635, 37.633619], [126.952531, 37.633725], [126.952463, 37.633929], [126.952374, 37.634101], [126.952314, 37.634222], [126.952318, 37.634341], [126.952318, 37.63469], [126.952197, 37.63487], [126.952128, 37.634959], [126.952085, 37.635085], [126.952059, 37.635191], [126.951988, 37.635301], [126.951921, 37.635425], [126.951787, 37.635548], [126.951674, 37.63568], [126.951584, 37.635774], [126.951409, 37.635892], [126.951213, 37.635968], [126.951063, 37.636113], [126.950961, 37.636219], [126.950821, 37.636304], [126.950752, 37.636291], [126.950596, 37.636304], [126.950516, 37.636325], [126.950237, 37.636363], [126.949995, 37.63647], [126.949871, 37.636637], [126.949661, 37.636709], [126.949488, 37.636769], [126.949314, 37.636869], [126.949201, 37.636954], [126.949067, 37.637069], [126.948874, 37.637154], [126.948745, 37.637256], [126.948696, 37.637285], [126.948595, 37.637307], [126.94844, 37.637315], [126.948343, 37.637358], [126.948204, 37.637459], [126.948102, 37.637476], [126.947941, 37.637557], [126.94779, 37.637617], [126.947541, 37.637689], [126.947412, 37.637692], [126.947283, 37.637682], [126.947078, 37.637694], [126.946885, 37.63766], [126.946819, 37.63765], [126.946752, 37.637642], [126.946692, 37.637637], [126.946638, 37.637623], [126.946602, 37.63765], [126.946454, 37.63783]]]}}, {"type": "Feature", "properties": {"name": "의상능선", "difficulty": "고급", "distance_km": 0.84, "time_hr": 0.3, "kind": "등산로", "desc": "OSM 등산로 · 0.84km", "segments": 8, "min_elev": 510, "max_elev": 562, "ascent": 60, "descent": 66, "profile": [541, 538, 536, 535, 531, 530, 528, 531, 532, 535, 525, 521, 517, 514, 513, 513, 513, 512, 511, 512, 516, 521, 526, 531, 533, 540, 548, 530, 528, 545, 545, 556, 555, 555, 554, 552, 549, 548, 561, 562, 559, 542, 538, 535, 532, 531, 530, 528]}, "geometry": {"type": "MultiLineString", "coordinates": [[[126.963927, 37.643151], [126.963679, 37.64322], [126.96338, 37.643385], [126.963174, 37.64344], [126.962974, 37.643463], [126.96284, 37.643429], [126.962725, 37.643457], [126.962591, 37.643505], [126.962493, 37.643513], [126.962329, 37.643541], [126.962208, 37.64361]], [[126.966628, 37.6409], [126.966683, 37.640804], [126.966801, 37.640715], [126.966956, 37.64068], [126.967101, 37.640552], [126.967132, 37.64049], [126.967207, 37.640365], [126.967369, 37.640173], [126.967465, 37.640066], [126.967568, 37.639967], [126.967674, 37.639855], [126.967744, 37.63977], [126.967827, 37.639733], [126.968011, 37.639627], [126.968173, 37.639576], [126.968282, 37.639501], [126.968336, 37.639414], [126.968429, 37.639406], [126.968394, 37.639271], [126.968411, 37.639152], [126.968489, 37.639053], [126.968581, 37.63899], [126.968741, 37.638985]], [[126.962102, 37.64371], [126.962041, 37.643764], [126.961926, 37.643786], [126.961878, 37.643816], [126.961831, 37.643831], [126.961826, 37.643869], [126.961802, 37.643886], [126.961767, 37.643921]], [[126.964454, 37.643091], [126.964357, 37.643068], [126.964243, 37.643103], [126.964181, 37.643142], [126.964115, 37.643167], [126.964105, 37.643211]], [[126.965451, 37.642583], [126.965491, 37.642699], [126.965454, 37.642755], [126.965397, 37.642794], [126.965329, 37.642821], [126.96523, 37.642885], [126.965083, 37.642933], [126.96501, 37.642932], [126.964608, 37.643065], [126.964556, 37.643119]], [[126.965442, 37.642461], [126.965464, 37.642475]], [[126.965442, 37.642461], [126.965527, 37.64234], [126.96546, 37.642181], [126.965436, 37.642088], [126.965449, 37.642019], [126.96557, 37.641965]], [[126.965914, 37.641692], [126.966022, 37.641553], [126.96603, 37.641447], [126.965974, 37.64131], [126.966029, 37.641217], [126.966206, 37.641191], [126.966342, 37.641223], [126.966382, 37.641208], [126.966466, 37.641165], [126.96651, 37.641126], [126.966551, 37.641075]]]}}, {"type": "Feature", "properties": {"name": "여우굴길", "difficulty": "초급", "distance_km": 0.82, "time_hr": 0.3, "kind": "등산로", "desc": "OSM 등산로 · 0.82km", "segments": 1, "min_elev": 435, "max_elev": 801, "ascent": 372, "descent": 26, "profile": [435, 440, 445, 450, 456, 466, 475, 483, 491, 498, 505, 512, 519, 526, 536, 546, 546, 550, 555, 555, 560, 570, 581, 594, 609, 616, 617, 615, 614, 620, 626, 632, 639, 652, 671, 686, 697, 715, 732, 749, 762, 773, 785, 796, 801, 798, 793, 781]}, "geometry": {"type": "MultiLineString", "coordinates": [[[126.97306, 37.656158], [126.973, 37.656271], [126.973068, 37.656387], [126.973025, 37.656496], [126.973085, 37.656604], [126.973068, 37.656754], [126.973085, 37.656863], [126.973197, 37.656944], [126.97312, 37.657087], [126.972965, 37.657216], [126.972759, 37.657338], [126.97263, 37.657426], [126.972682, 37.657569], [126.972682, 37.657685], [126.972682, 37.657861], [126.972742, 37.657977], [126.972974, 37.658133], [126.973163, 37.658113], [126.973394, 37.658113], [126.973532, 37.658154], [126.973738, 37.658106], [126.974047, 37.658099], [126.974167, 37.658222], [126.97427, 37.658249], [126.974536, 37.658317], [126.97469, 37.658357], [126.974871, 37.658317], [126.975085, 37.658181], [126.97512, 37.658018], [126.975205, 37.657882], [126.9753, 37.657895], [126.975523, 37.657997], [126.975746, 37.658065], [126.975952, 37.658126], [126.976303, 37.658364], [126.976227, 37.658412], [126.976268, 37.658508], [126.976334, 37.65855], [126.976433, 37.658692], [126.976525, 37.658781], [126.976601, 37.658873], [126.97671, 37.658962], [126.977008, 37.659118], [126.977085, 37.659132], [126.977205, 37.659037], [126.977343, 37.658901], [126.977437, 37.658683], [126.977498, 37.658559], [126.977581, 37.658436]]]}}, {"type": "Feature", "properties": {"name": "북장대지길", "difficulty": "중급", "distance_km": 0.78, "time_hr": 0.3, "kind": "등산로", "desc": "OSM 등산로 · 0.78km", "segments": 1, "min_elev": 196, "max_elev": 464, "ascent": 274, "descent": 10, "profile": [196, 200, 204, 210, 216, 213, 212, 219, 227, 235, 243, 252, 258, 263, 268, 273, 278, 284, 290, 295, 301, 307, 311, 317, 324, 335, 346, 357, 364, 370, 376, 382, 388, 398, 408, 417, 426, 434, 441, 448, 454, 459, 463, 463, 463, 462, 461, 460]}, "geometry": {"type": "MultiLineString", "coordinates": [[[126.962786, 37.652475], [126.962824, 37.652461], [126.962898, 37.652494], [126.963054, 37.652645], [126.963099, 37.652682], [126.963159, 37.65271], [126.963228, 37.652723], [126.963314, 37.652723], [126.963391, 37.65271], [126.963425, 37.652689], [126.963425, 37.652601], [126.963381, 37.65249], [126.96347, 37.652484], [126.963597, 37.65256], [126.963769, 37.652648], [126.963987, 37.65275], [126.964285, 37.652799], [126.964507, 37.652859], [126.964627, 37.652845], [126.964782, 37.652839], [126.964971, 37.652832], [126.965134, 37.652778], [126.965383, 37.65275], [126.965666, 37.652723], [126.965855, 37.652676], [126.966048, 37.652659], [126.966215, 37.652608], [126.966369, 37.652553], [126.966704, 37.652628], [126.967022, 37.652757], [126.967219, 37.652757], [126.968103, 37.652852], [126.968464, 37.652845], [126.968695, 37.652886], [126.968876, 37.652845], [126.969168, 37.652852], [126.969477, 37.652845], [126.9697, 37.652764], [126.969966, 37.652771], [126.970258, 37.652757], [126.970601, 37.652642], [126.970859, 37.652608]]]}}, {"type": "Feature", "properties": {"name": "옥류동길", "difficulty": "중급", "distance_km": 0.77, "time_hr": 0.3, "kind": "등산로", "desc": "OSM 등산로 · 0.77km", "segments": 2, "min_elev": 195, "max_elev": 358, "ascent": 2, "descent": 165, "profile": [358, 354, 350, 345, 340, 336, 332, 331, 332, 332, 332, 330, 327, 322, 317, 313, 308, 303, 299, 295, 293, 292, 291, 291, 288, 284, 279, 272, 266, 261, 259, 259, 256, 255, 253, 250, 245, 243, 242, 240, 238, 234, 229, 223, 216, 208, 201, 195]}, "geometry": {"type": "MultiLineString", "coordinates": [[[126.970332, 37.655581], [126.970225, 37.655505], [126.970087, 37.655448], [126.969945, 37.655326], [126.969653, 37.655217], [126.969515, 37.655045], [126.969424, 37.654959], [126.969254, 37.654843], [126.968946, 37.654655], [126.968648, 37.654581], [126.96843, 37.654604], [126.968174, 37.654616], [126.967861, 37.654583], [126.967354, 37.654473]], [[126.967354, 37.654473], [126.967229, 37.654403], [126.967105, 37.65431], [126.966903, 37.654222], [126.966688, 37.654131], [126.966512, 37.654054], [126.966324, 37.654005], [126.966095, 37.653998], [126.965865, 37.654002], [126.965589, 37.653979], [126.965451, 37.653932], [126.965305, 37.653802], [126.965161, 37.653797], [126.965035, 37.653741], [126.964879, 37.653606], [126.964708, 37.653512], [126.964484, 37.653419], [126.964257, 37.653364], [126.964068, 37.653286], [126.963825, 37.653252], [126.963581, 37.653234], [126.963388, 37.653164], [126.963172, 37.653233], [126.962959, 37.653258], [126.962704, 37.6532], [126.962542, 37.653149]]]}}, {"type": "Feature", "properties": {"name": "자락길", "difficulty": "초급", "distance_km": 0.76, "time_hr": 0.3, "kind": "등산로", "desc": "OSM 등산로 · 0.76km", "segments": 2, "min_elev": 158, "max_elev": 187, "ascent": 35, "descent": 32, "profile": [160, 159, 161, 164, 166, 169, 170, 171, 171, 171, 171, 172, 173, 175, 178, 180, 180, 179, 178, 174, 171, 170, 169, 168, 168, 168, 168, 166, 167, 177, 176, 177, 178, 178, 178, 178, 179, 181, 183, 185, 185, 186, 186, 185, 184, 182, 178, 173]}, "geometry": {"type": "MultiLineString", "coordinates": [[[127.004593, 37.61974], [127.004377, 37.61969], [127.004152, 37.620196], [127.003905, 37.6204], [127.003911, 37.620799], [127.003875, 37.621176], [127.003841, 37.621543], [127.003599, 37.6219], [127.003235, 37.622036], [127.003094, 37.622466], [127.003052, 37.622902], [127.0028, 37.622975], [127.002676, 37.623081]], [[127.006816, 37.621304], [127.00663, 37.62113], [127.006196, 37.620961], [127.00586, 37.620811], [127.005337, 37.620842], [127.005284, 37.620973], [127.004683, 37.620927], [127.004345, 37.621041], [127.004173, 37.621207], [127.003875, 37.621176]]]}}, {"type": "Feature", "properties": {"name": "부왕동계곡", "difficulty": "초급", "distance_km": 0.71, "time_hr": 0.3, "kind": "등산로", "desc": "OSM 등산로 · 0.71km", "segments": 2, "min_elev": 290, "max_elev": 514, "ascent": 224, "descent": 1, "profile": [293, 296, 298, 300, 303, 306, 310, 312, 313, 315, 317, 320, 324, 329, 335, 340, 345, 348, 353, 356, 361, 366, 371, 376, 381, 386, 391, 397, 402, 408, 414, 421, 426, 431, 436, 442, 448, 455, 462, 472, 482, 491, 499, 507, 511, 514, 513, 293]}, "geometry": {"type": "MultiLineString", "coordinates": [[[126.96157, 37.638342], [126.961689, 37.638316], [126.96178, 37.638303], [126.961891, 37.638266], [126.96201, 37.638237], [126.962168, 37.638183], [126.962282, 37.638208], [126.962358, 37.638197], [126.962496, 37.638182], [126.962621, 37.638182], [126.962683, 37.638174], [126.962709, 37.638117], [126.962767, 37.637982], [126.962812, 37.637915], [126.962897, 37.637879], [126.962981, 37.63787], [126.963021, 37.637877], [126.963083, 37.637856], [126.963174, 37.637854], [126.963204, 37.637868], [126.963256, 37.637893], [126.963315, 37.637855], [126.963385, 37.637862], [126.963476, 37.637839], [126.963541, 37.637825], [126.963636, 37.637854], [126.963675, 37.637907], [126.963713, 37.637984], [126.963831, 37.638026], [126.96393, 37.638001], [126.963988, 37.637949], [126.964075, 37.637948], [126.964145, 37.638003], [126.964225, 37.637937], [126.964367, 37.638017], [126.964547, 37.637995], [126.964602, 37.638057], [126.964641, 37.638108], [126.964773, 37.638219], [126.96481, 37.638255], [126.96486, 37.638298], [126.964941, 37.638367], [126.965048, 37.638474], [126.965095, 37.638533], [126.965163, 37.638576], [126.965447, 37.638865], [126.965542, 37.638939], [126.965615, 37.638954], [126.965781, 37.639035], [126.965912, 37.639036], [126.965909, 37.639072], [126.965975, 37.63914], [126.966005, 37.639214], [126.966092, 37.63932], [126.966146, 37.639333], [126.966242, 37.639577], [126.966312, 37.639569], [126.966375, 37.639646], [126.966467, 37.639828], [126.966701, 37.639907], [126.966733, 37.639999], [126.966836, 37.640147], [126.966828, 37.640226], [126.966838, 37.64024], [126.966942, 37.6403], [126.966979, 37.640316], [126.967012, 37.640327], [126.967086, 37.640345], [126.967182, 37.640359], [126.967207, 37.640365]], [[126.961419, 37.638367], [126.96151, 37.638355], [126.961543, 37.63835], [126.96157, 37.638342]]]}}, {"type": "Feature", "properties": {"name": "삼천사길", "difficulty": "초급", "distance_km": 0.6, "time_hr": 0.3, "kind": "등산로", "desc": "OSM 등산로 · 0.6km", "segments": 2, "min_elev": 157, "max_elev": 248, "ascent": 91, "descent": 1, "profile": [177, 178, 180, 182, 184, 186, 188, 190, 191, 194, 196, 199, 202, 207, 210, 212, 213, 212, 213, 214, 215, 216, 218, 219, 222, 225, 228, 232, 235, 236, 237, 240, 241, 241, 243, 245, 247, 158, 159, 159, 159, 159, 160, 163, 167, 170, 174, 176]}, "geometry": {"type": "MultiLineString", "coordinates": [[[126.954832, 37.641438], [126.955054, 37.64127], [126.955183, 37.641127], [126.955261, 37.641022], [126.955342, 37.640901], [126.955431, 37.640753], [126.95566, 37.640576], [126.95569, 37.640523], [126.955897, 37.640424], [126.956063, 37.640367], [126.956278, 37.640229], [126.956361, 37.640125], [126.95642, 37.64001], [126.956626, 37.639844], [126.956822, 37.639742], [126.956986, 37.639734], [126.957029, 37.639706], [126.957007, 37.639662], [126.957088, 37.639581], [126.957131, 37.639498], [126.95741, 37.63943], [126.957635, 37.639356], [126.957799, 37.639158], [126.957911, 37.63912], [126.957962, 37.638999], [126.957978, 37.638916], [126.958166, 37.638716], [126.958401, 37.638614]], [[126.953473, 37.642203], [126.953586, 37.642119], [126.953703, 37.642069], [126.95382, 37.642006], [126.954009, 37.641924], [126.954069, 37.64188], [126.954166, 37.64185], [126.954424, 37.641749], [126.954572, 37.641663], [126.954601, 37.641642], [126.954696, 37.641572]]]}}, {"type": "Feature", "properties": {"name": "비봉능선", "difficulty": "중급", "distance_km": 0.59, "time_hr": 0.3, "kind": "등산로", "desc": "OSM 등산로 · 0.59km", "segments": 2, "min_elev": 494, "max_elev": 527, "ascent": 16, "descent": 48, "profile": [515, 515, 514, 512, 510, 507, 504, 503, 503, 502, 502, 505, 508, 509, 509, 509, 506, 501, 496, 495, 495, 494, 527, 527, 527, 526, 525, 523, 522, 520, 519, 518, 516, 516, 515, 515, 514, 513, 512, 513, 513, 513, 514, 516, 516, 515, 516, 515]}, "geometry": {"type": "MultiLineString", "coordinates": [[[126.957141, 37.626053], [126.957088, 37.626047], [126.957043, 37.626063], [126.956943, 37.626095], [126.95677, 37.626134], [126.956553, 37.626051], [126.956404, 37.626033], [126.95629, 37.626005], [126.956218, 37.625966], [126.956045, 37.625876], [126.955889, 37.625881], [126.955767, 37.625808], [126.955614, 37.625743], [126.955489, 37.625711], [126.955296, 37.625743], [126.955155, 37.625792], [126.955068, 37.625786], [126.954932, 37.625726], [126.954832, 37.625664], [126.954777, 37.625658], [126.954675, 37.625675], [126.954651, 37.625715], [126.954482, 37.625699], [126.954389, 37.625706]], [[126.959438, 37.628161], [126.95933, 37.628098], [126.959113, 37.628022], [126.95898, 37.627966], [126.958902, 37.627882], [126.958855, 37.627817], [126.958841, 37.627798], [126.958757, 37.627694], [126.958623, 37.627545], [126.958525, 37.627489], [126.958516, 37.627324], [126.95848, 37.627286], [126.958421, 37.627223], [126.958325, 37.627207], [126.958237, 37.627182], [126.9581, 37.627124], [126.957975, 37.627062], [126.957873, 37.626999], [126.957824, 37.626916], [126.957651, 37.626697], [126.95761, 37.626529], [126.957503, 37.626375], [126.957355, 37.626272], [126.957263, 37.626177], [126.95721, 37.626128], [126.957168, 37.626099], [126.957141, 37.626053]]]}}, {"type": "Feature", "properties": {"name": "대동문길", "difficulty": "초급", "distance_km": 0.52, "time_hr": 0.3, "kind": "등산로", "desc": "OSM 등산로 · 0.52km", "segments": 1, "min_elev": 457, "max_elev": 545, "ascent": 87, "descent": 1, "profile": [457, 458, 460, 463, 466, 468, 470, 473, 476, 478, 481, 484, 487, 491, 494, 495, 496, 497, 497, 499, 500, 502, 504, 506, 509, 511, 513, 514, 517, 519, 520, 521, 523, 524, 525, 527, 528, 530, 532, 534, 536, 539, 541, 543, 545, 545, 544, 544]}, "geometry": {"type": "MultiLineString", "coordinates": [[[126.980675, 37.639655], [126.980828, 37.639602], [126.981079, 37.639474], [126.981335, 37.639409], [126.981533, 37.639351], [126.981724, 37.639273], [126.982012, 37.639147], [126.982247, 37.63912], [126.982494, 37.639129], [126.982822, 37.639163], [126.983096, 37.63921], [126.983313, 37.639264], [126.983469, 37.639318], [126.983665, 37.63937], [126.983837, 37.639443], [126.984119, 37.63955], [126.984503, 37.639692], [126.984811, 37.639951], [126.98503, 37.640199], [126.985129, 37.640301], [126.985303, 37.640387], [126.985541, 37.640454], [126.985897, 37.640437]]]}}, {"type": "Feature", "properties": {"name": "가사당 길", "difficulty": "중급", "distance_km": 0.44, "time_hr": 0.3, "kind": "등산로", "desc": "OSM 등산로 · 0.44km", "segments": 3, "min_elev": 544, "max_elev": 683, "ascent": 9, "descent": 141, "profile": [669, 665, 661, 658, 653, 650, 645, 640, 637, 634, 628, 624, 622, 616, 613, 611, 606, 600, 597, 596, 591, 584, 581, 578, 572, 569, 567, 565, 564, 561, 558, 555, 555, 556, 556, 553, 551, 550, 548, 546, 545, 548, 549, 549, 546, 673, 670, 682]}, "geometry": {"type": "MultiLineString", "coordinates": [[[126.971117, 37.632861], [126.971061, 37.632771], [126.970956, 37.632773], [126.970946, 37.632715], [126.970854, 37.632711], [126.970798, 37.632603], [126.970784, 37.632581], [126.970649, 37.632543], [126.970607, 37.63246], [126.97056, 37.632359], [126.970451, 37.632355], [126.970403, 37.632251], [126.970405, 37.632207], [126.970312, 37.632213], [126.970272, 37.632191], [126.970244, 37.632182], [126.970198, 37.632124], [126.970175, 37.632096], [126.970148, 37.632092], [126.970044, 37.632049], [126.969938, 37.632055], [126.969849, 37.631942], [126.969774, 37.631989], [126.969725, 37.632004], [126.969671, 37.631993], [126.969642, 37.631948], [126.969577, 37.631885], [126.969445, 37.631809], [126.969368, 37.631807], [126.969306, 37.631772], [126.969247, 37.631735], [126.969151, 37.631677], [126.969135, 37.631635], [126.969005, 37.631575], [126.96883, 37.631491], [126.968789, 37.631395], [126.968754, 37.631316], [126.968572, 37.631197], [126.968429, 37.631107], [126.968341, 37.631051], [126.968237, 37.631032], [126.968216, 37.630956], [126.968241, 37.630879], [126.968176, 37.630766], [126.968135, 37.630741], [126.968079, 37.630729], [126.968019, 37.63073]], [[126.971275, 37.6329], [126.971191, 37.632858], [126.971117, 37.632861]], [[126.971551, 37.633106], [126.971479, 37.633069]]]}}, {"type": "Feature", "properties": {"name": "백운동계곡", "difficulty": "초급", "distance_km": 0.34, "time_hr": 0.3, "kind": "등산로", "desc": "OSM 등산로 · 0.34km", "segments": 1, "min_elev": 314, "max_elev": 353, "ascent": 0, "descent": 39, "profile": [353, 352, 351, 349, 349, 348, 347, 346, 345, 345, 344, 342, 342, 341, 341, 341, 340, 340, 339, 338, 338, 336, 335, 334, 333, 332, 332, 330, 329, 328, 327, 327, 326, 326, 326, 325, 324, 322, 321, 320, 318, 317, 316, 315, 315, 315, 315, 314]}, "geometry": {"type": "MultiLineString", "coordinates": [[[126.973392, 37.64536], [126.973184, 37.645477], [126.973098, 37.645615], [126.973076, 37.645696], [126.973057, 37.645804], [126.973067, 37.64599], [126.973195, 37.646296], [126.973243, 37.646392], [126.973212, 37.646545], [126.973104, 37.646771], [126.973074, 37.646931], [126.973039, 37.647089], [126.973061, 37.647189], [126.973065, 37.647309], [126.973041, 37.647432], [126.973016, 37.647546], [126.972985, 37.647779], [126.972943, 37.648003], [126.972928, 37.648102], [126.97288, 37.648198], [126.972812, 37.648271]]]}}, {"type": "Feature", "properties": {"name": "북한산둘레길 1구간 소나무숲길", "difficulty": "초급", "distance_km": 2.37, "time_hr": 0.8, "kind": "둘레길", "surface": "둘레길", "desc": "북한산둘레길 · 2.37km", "segments": 5, "min_elev": 54, "max_elev": 123, "ascent": 110, "descent": 105, "profile": [56, 54, 57, 63, 72, 77, 78, 84, 85, 92, 99, 106, 115, 108, 104, 115, 121, 113, 107, 102, 98, 104, 101, 93, 90, 84, 80, 82, 91, 96, 95, 94, 93, 95, 94, 95, 93, 88, 85, 82, 82, 79, 78, 75, 73, 73, 71, 67]}, "geometry": {"type": "MultiLineString", "coordinates": [[[127.010481, 37.653362], [127.010432, 37.653404], [127.010169, 37.653498], [127.009925, 37.653451], [127.009674, 37.653495], [127.009503, 37.653636], [127.009178, 37.653787], [127.00879, 37.653915], [127.008723, 37.654002], [127.008674, 37.65421], [127.008505, 37.654489], [127.008477, 37.654576], [127.008424, 37.654687], [127.008353, 37.654779], [127.008252, 37.654856], [127.00815, 37.654921], [127.008027, 37.654975]], [[127.008027, 37.654975], [127.007943, 37.655192], [127.007887, 37.655347], [127.007873, 37.655431], [127.007974, 37.655497], [127.008056, 37.655566], [127.008108, 37.655651], [127.008192, 37.65574], [127.008127, 37.655838], [127.008033, 37.655899], [127.007919, 37.655947], [127.007749, 37.656116], [127.007736, 37.656202], [127.007734, 37.656308], [127.007684, 37.656417], [127.007649, 37.656528], [127.007604, 37.656631], [127.007541, 37.65672], [127.007405, 37.656723], [127.007297, 37.656699], [127.007169, 37.6567], [127.007064, 37.656675], [127.006946, 37.65671], [127.006732, 37.65685], [127.006675, 37.656934], [127.006791, 37.656973], [127.006905, 37.656979], [127.006988, 37.657046], [127.007019, 37.657154], [127.007019, 37.65727], [127.007007, 37.657362], [127.00694, 37.657449], [127.006824, 37.657502], [127.006722, 37.65755], [127.006602, 37.657587], [127.006344, 37.65759], [127.006228, 37.657608], [127.006118, 37.657655], [127.005996, 37.657664], [127.006004, 37.657754], [127.006122, 37.657827], [127.006191, 37.657918], [127.006389, 37.658039], [127.006525, 37.658056], [127.00666, 37.658051], [127.007024, 37.65811], [127.007156, 37.658104], [127.007297, 37.658085], [127.007422, 37.658107], [127.007497, 37.658188], [127.007502, 37.658283], [127.007604, 37.658444], [127.007678, 37.658636], [127.007784, 37.658669], [127.007831, 37.658783], [127.007879, 37.658976], [127.007981, 37.659163], [127.008083, 37.659243], [127.008174, 37.659311], [127.008291, 37.659308], [127.008416, 37.659255], [127.008535, 37.659235], [127.008644, 37.659208], [127.00876, 37.659157], [127.008838, 37.659079], [127.008907, 37.658988], [127.009006, 37.658923], [127.009129, 37.658918], [127.009223, 37.658966], [127.009337, 37.659001], [127.009493, 37.659022], [127.009604, 37.659059], [127.009692, 37.659142], [127.00978, 37.65921], [127.009915, 37.659244], [127.010021, 37.659331], [127.010061, 37.659416], [127.010003, 37.65951], [127.009941, 37.659587], [127.009996, 37.659681], [127.010037, 37.659788], [127.009863, 37.659932], [127.009812, 37.660016], [127.009805, 37.660106], [127.009738, 37.660198], [127.009661, 37.660276], [127.009587, 37.660361], [127.009474, 37.660432], [127.00939, 37.660516], [127.009323, 37.660599], [127.00925, 37.660679], [127.009143, 37.660738], [127.009072, 37.660817], [127.009011, 37.660897], [127.00898, 37.660984], [127.008856, 37.661015]], [[127.008856, 37.661015], [127.00844, 37.661026], [127.008103, 37.66107], [127.007619, 37.661252]], [[127.00667, 37.660874], [127.006914, 37.660945], [127.007215, 37.661067], [127.007492, 37.661172], [127.007619, 37.661252]], [[127.00667, 37.660874], [127.00661, 37.66099], [127.006816, 37.661201], [127.00683, 37.661269], [127.006907, 37.661456], [127.00694, 37.661577], [127.006997, 37.661644], [127.007096, 37.661716], [127.007223, 37.661838], [127.007334, 37.661943], [127.007387, 37.662045], [127.00746, 37.662125], [127.007541, 37.66219], [127.007639, 37.662256], [127.007698, 37.662355], [127.007768, 37.662427], [127.007839, 37.662515], [127.008037, 37.662564], [127.008363, 37.662661], [127.00867, 37.662719], [127.008893, 37.662832], [127.009017, 37.662923], [127.009198, 37.663094], [127.009378, 37.663199], [127.009409, 37.663224], [127.009758, 37.663494], [127.009913, 37.663583], [127.010056, 37.663584], [127.010395, 37.66353], [127.010735, 37.663483], [127.010759, 37.663478], [127.010813, 37.663467], [127.011039, 37.663475], [127.011148, 37.6635], [127.011254, 37.663552], [127.011681, 37.663813], [127.011848, 37.663922], [127.011923, 37.66397]]]}}, {"type": "Feature", "properties": {"name": "북한산둘레길 2구간 순례길", "difficulty": "초급", "distance_km": 2.21, "time_hr": 0.7, "kind": "둘레길", "surface": "둘레길", "desc": "북한산둘레길 · 2.21km", "segments": 4, "min_elev": 60, "max_elev": 134, "ascent": 146, "descent": 89, "profile": [60, 63, 66, 68, 71, 73, 76, 80, 83, 88, 90, 93, 98, 105, 114, 119, 121, 129, 128, 118, 110, 103, 100, 98, 91, 82, 78, 82, 87, 99, 109, 111, 106, 99, 89, 89, 93, 100, 102, 102, 103, 106, 110, 115, 122, 123, 118, 117]}, "geometry": {"type": "MultiLineString", "coordinates": [[[127.010357, 37.650784], [127.010426, 37.650725], [127.010515, 37.650659], [127.010591, 37.650471], [127.010549, 37.650384], [127.010459, 37.650328], [127.010345, 37.650288], [127.010212, 37.650255], [127.010071, 37.650075], [127.009965, 37.649995], [127.009824, 37.649993], [127.00969, 37.649977], [127.009578, 37.650012], [127.009492, 37.650075], [127.009369, 37.650139], [127.009257, 37.650103], [127.009101, 37.650075], [127.008979, 37.650071], [127.008851, 37.650058], [127.008709, 37.650077], [127.008623, 37.650142], [127.008368, 37.65018], [127.008247, 37.650158], [127.008106, 37.650186], [127.007984, 37.650241], [127.007828, 37.650228], [127.007755, 37.65021], [127.007588, 37.650168], [127.007441, 37.650147], [127.007278, 37.650114], [127.007162, 37.650066], [127.007075, 37.649992], [127.007006, 37.649915], [127.006857, 37.64977], [127.006781, 37.649684], [127.006724, 37.6496], [127.006637, 37.649545], [127.006523, 37.649464], [127.006402, 37.649434], [127.006283, 37.649478], [127.006081, 37.649591], [127.005828, 37.649594], [127.005695, 37.649549], [127.005557, 37.649561], [127.005433, 37.649587], [127.005232, 37.64949], [127.005135, 37.649543], [127.004874, 37.649577], [127.004772, 37.649505], [127.004665, 37.649459], [127.004534, 37.649455], [127.004405, 37.649411], [127.004351, 37.649318], [127.004222, 37.649282], [127.004111, 37.649291], [127.003985, 37.649321], [127.00385, 37.649323], [127.003738, 37.649294], [127.003643, 37.649222], [127.003529, 37.649159], [127.003373, 37.649161], [127.003253, 37.649147], [127.003128, 37.649178], [127.003012, 37.649158], [127.002966, 37.649071], [127.003018, 37.64897], [127.003094, 37.648905], [127.003095, 37.648812], [127.003142, 37.648718], [127.003238, 37.648637], [127.003368, 37.648641], [127.003429, 37.648561], [127.003466, 37.648475], [127.003517, 37.648374], [127.003515, 37.648274], [127.003578, 37.648197], [127.003686, 37.648134], [127.003742, 37.648053], [127.003787, 37.647971], [127.003854, 37.647894], [127.003957, 37.64771], [127.00404, 37.647638], [127.004054, 37.647508], [127.004029, 37.647407], [127.003993, 37.647313], [127.00396, 37.647194], [127.003956, 37.647088], [127.004, 37.646975], [127.004048, 37.646875], [127.004179, 37.646887], [127.004413, 37.646849], [127.004548, 37.646849]], [[127.004548, 37.646849], [127.004627, 37.646675], [127.004874, 37.646243], [127.004916, 37.646196]], [[127.004916, 37.646196], [127.00422, 37.645928], [127.004169, 37.645915]], [[127.004169, 37.645915], [127.004091, 37.645954], [127.003936, 37.645948], [127.003704, 37.645913], [127.003452, 37.645864], [127.0032, 37.645859], [127.003052, 37.64584], [127.00296, 37.645767], [127.002838, 37.645714], [127.002761, 37.645647], [127.002639, 37.645589], [127.002526, 37.645546], [127.002476, 37.645458], [127.002449, 37.645359], [127.002547, 37.645315], [127.002669, 37.645267], [127.002785, 37.645252], [127.0029, 37.645259], [127.003039, 37.645277], [127.003134, 37.645224], [127.003198, 37.645146], [127.003289, 37.64507], [127.003381, 37.645017], [127.003495, 37.644972], [127.003585, 37.644901], [127.003729, 37.644881], [127.00383, 37.644824], [127.003786, 37.644729], [127.003681, 37.64469], [127.003582, 37.644495], [127.003495, 37.644397], [127.003474, 37.644287], [127.00348, 37.644186], [127.003412, 37.64408], [127.003376, 37.64398], [127.003289, 37.643909], [127.003169, 37.643884], [127.003031, 37.643876], [127.002894, 37.643827], [127.002834, 37.643904], [127.002771, 37.644004], [127.002748, 37.644035], [127.00268, 37.644111], [127.0027, 37.644016], [127.002739, 37.643906], [127.0025, 37.643839], [127.002387, 37.64378], [127.00221, 37.643603], [127.002106, 37.643553], [127.002031, 37.643463], [127.001975, 37.643351], [127.001877, 37.643255], [127.001986, 37.643215], [127.002023, 37.643101], [127.00188, 37.643105], [127.001759, 37.643084], [127.001665, 37.643057], [127.001494, 37.643025], [127.001305, 37.642895], [127.001173, 37.642712], [127.001108, 37.642645], [127.001082, 37.642453], [127.001192, 37.642411], [127.001217, 37.64232], [127.001219, 37.642297], [127.001417, 37.642226], [127.001662, 37.642189], [127.001897, 37.64223], [127.002073, 37.64229], [127.002139, 37.642291], [127.002174, 37.642285], [127.002204, 37.642276]]]}}, {"type": "Feature", "properties": {"name": "북한산둘레길 3구간 흰구름길", "difficulty": "초급", "distance_km": 4.14, "time_hr": 1.4, "kind": "둘레길", "surface": "둘레길", "desc": "북한산둘레길 · 4.14km", "segments": 22, "min_elev": 66, "max_elev": 188, "ascent": 291, "descent": 329, "profile": [155, 154, 146, 148, 166, 171, 159, 146, 151, 147, 132, 135, 121, 116, 136, 143, 138, 132, 119, 100, 88, 97, 88, 92, 101, 108, 120, 139, 159, 187, 170, 160, 137, 118, 98, 93, 76, 69, 67, 74, 86, 100, 106, 92, 92, 102, 106, 117]}, "geometry": {"type": "MultiLineString", "coordinates": [[[127.008158, 37.620878], [127.008191, 37.62094], [127.008323, 37.620941], [127.008444, 37.620974], [127.008573, 37.621076], [127.008648, 37.621191], [127.00881, 37.621306], [127.008898, 37.621338], [127.009033, 37.621352], [127.009207, 37.621345], [127.009362, 37.621408], [127.009461, 37.621508], [127.009514, 37.621703], [127.009601, 37.621828], [127.009766, 37.621933], [127.009794, 37.622034], [127.009755, 37.622232], [127.009924, 37.622412], [127.009979, 37.62251], [127.009847, 37.622721], [127.009758, 37.622823], [127.009783, 37.622904]], [[127.009783, 37.622904], [127.009793, 37.623151], [127.009786, 37.623202]], [[127.009786, 37.623202], [127.009734, 37.623592], [127.009718, 37.623695], [127.009683, 37.623801], [127.009774, 37.623949], [127.009715, 37.624], [127.009657, 37.624031], [127.009698, 37.624086], [127.009851, 37.624121], [127.00992, 37.624113]], [[127.00992, 37.624113], [127.010213, 37.624103], [127.010266, 37.624166]], [[127.010266, 37.624166], [127.010377, 37.624201], [127.010472, 37.624225], [127.010567, 37.624187], [127.010637, 37.624077]], [[127.010637, 37.624077], [127.010706, 37.624077], [127.010722, 37.624159]], [[127.010722, 37.624159], [127.010707, 37.624249], [127.010671, 37.624343], [127.010662, 37.624433], [127.010587, 37.624461], [127.010579, 37.624562], [127.010548, 37.624632]], [[127.010548, 37.624632], [127.010521, 37.624766]], [[127.010521, 37.624766], [127.010442, 37.624889], [127.010331, 37.62495], [127.010335, 37.625003], [127.010263, 37.625079]], [[127.010263, 37.625079], [127.0102, 37.625266], [127.01023, 37.625351]], [[127.01023, 37.625351], [127.010392, 37.625419], [127.010419, 37.625464]], [[127.010419, 37.625464], [127.01036, 37.625498], [127.010283, 37.625509], [127.010159, 37.625516], [127.010002, 37.625535], [127.009962, 37.625572], [127.009853, 37.625617], [127.00983, 37.625835], [127.009872, 37.625943]], [[127.009872, 37.625943], [127.009901, 37.626024]], [[127.009901, 37.626024], [127.00991, 37.62608], [127.009838, 37.626165], [127.009755, 37.626306], [127.009636, 37.626326], [127.0096, 37.626358], [127.009537, 37.626394], [127.00944, 37.626377], [127.009395, 37.626319], [127.009328, 37.626216], [127.009242, 37.62614], [127.009132, 37.626202], [127.009038, 37.626253], [127.009062, 37.626354], [127.009041, 37.626462], [127.009085, 37.62658], [127.009041, 37.626666], [127.009045, 37.626778], [127.008987, 37.626907], [127.00888, 37.626976], [127.008834, 37.627089], [127.008808, 37.627273], [127.008749, 37.62738]], [[127.008749, 37.62738], [127.008612, 37.627595], [127.008585, 37.627754], [127.008519, 37.627872], [127.008509, 37.627969], [127.008521, 37.628048], [127.008538, 37.628156], [127.00846, 37.628267], [127.008506, 37.62832], [127.008542, 37.628385], [127.0085, 37.628441], [127.008384, 37.62844], [127.008359, 37.62852], [127.00831, 37.628593], [127.008282, 37.628866], [127.008239, 37.628955], [127.008321, 37.629019], [127.008353, 37.629023], [127.008506, 37.629043], [127.008731, 37.629202], [127.008979, 37.62927], [127.009128, 37.629258], [127.00927, 37.62936], [127.009465, 37.629446], [127.009733, 37.629676], [127.00955, 37.629974], [127.009541, 37.630208], [127.009557, 37.630322], [127.00962, 37.630637], [127.009702, 37.630743], [127.009715, 37.631182], [127.009812, 37.631232], [127.009839, 37.631419], [127.0098, 37.631523], [127.009663, 37.631683], [127.009338, 37.631914], [127.008855, 37.631949], [127.008665, 37.631963], [127.008656, 37.63209], [127.008397, 37.632387], [127.008463, 37.632527], [127.008794, 37.632797], [127.008915, 37.633045], [127.009316, 37.633066], [127.009309, 37.633122]], [[127.009309, 37.633122], [127.009284, 37.633316], [127.009211, 37.633505], [127.009166, 37.6336], [127.008984, 37.633759], [127.00885, 37.633793], [127.008589, 37.633797], [127.008429, 37.633885], [127.008369, 37.633877], [127.008271, 37.633786], [127.008204, 37.633797], [127.00809, 37.633834], [127.007833, 37.633788], [127.007732, 37.63374], [127.007543, 37.633689], [127.007437, 37.633758], [127.007367, 37.633669], [127.007072, 37.633652], [127.00695, 37.633696], [127.006899, 37.63383], [127.006803, 37.633686]], [[127.006803, 37.633686], [127.006032, 37.633143], [127.00595, 37.633059], [127.005701, 37.632953], [127.005579, 37.632933], [127.005495, 37.632871], [127.005379, 37.632848], [127.005317, 37.632868], [127.005253, 37.632921], [127.005158, 37.632993], [127.004988, 37.633025], [127.00474, 37.633024], [127.0047, 37.633013], [127.004644, 37.632972], [127.004524, 37.632929], [127.00444, 37.632907], [127.004367, 37.632931], [127.004335, 37.632965], [127.004293, 37.632979], [127.004301, 37.633064], [127.00433, 37.633185], [127.004343, 37.633267], [127.004336, 37.633326], [127.004366, 37.633374], [127.00442, 37.633382], [127.004444, 37.633433], [127.004467, 37.633543], [127.004448, 37.633696], [127.004464, 37.633885], [127.004487, 37.633987], [127.004529, 37.634062], [127.004585, 37.634168], [127.00454, 37.634325], [127.004542, 37.634391], [127.004494, 37.63446], [127.004456, 37.634657], [127.004528, 37.634727], [127.004587, 37.634804], [127.004699, 37.634867], [127.004801, 37.634991], [127.00486, 37.635115], [127.004877, 37.635177], [127.004926, 37.635249], [127.005034, 37.635269], [127.005061, 37.635282], [127.005095, 37.635339], [127.005154, 37.635365], [127.005176, 37.635427], [127.005176, 37.635475], [127.00519, 37.635502], [127.005207, 37.635561], [127.005203, 37.635666], [127.005183, 37.635767], [127.005191, 37.635869], [127.005218, 37.635907], [127.005252, 37.635912], [127.00525, 37.636008], [127.005278, 37.636042], [127.005347, 37.636126], [127.005399, 37.636204]], [[127.005399, 37.636204], [127.005413, 37.636264], [127.005375, 37.636336], [127.005426, 37.63645], [127.005446, 37.636505], [127.00551, 37.636592], [127.005581, 37.636652], [127.005691, 37.63674], [127.005783, 37.636788], [127.005852, 37.636912], [127.005862, 37.636987], [127.005833, 37.63701], [127.005829, 37.637034], [127.005849, 37.637052], [127.005913, 37.637068], [127.006002, 37.637129], [127.006042, 37.637135], [127.006129, 37.637219], [127.006142, 37.637264], [127.006168, 37.637369], [127.006167, 37.6374], [127.006212, 37.637461], [127.006211, 37.637481], [127.006211, 37.637573], [127.006191, 37.637662], [127.006212, 37.637761], [127.006224, 37.637796]], [[127.006224, 37.637796], [127.006048, 37.638035]], [[127.006048, 37.638035], [127.00616, 37.638162], [127.006238, 37.638251]], [[127.006238, 37.638251], [127.006341, 37.638378], [127.006455, 37.638554], [127.006592, 37.638692], [127.006687, 37.638754], [127.006837, 37.638818], [127.007118, 37.638907], [127.007394, 37.638977]], [[127.007394, 37.638977], [127.007407, 37.639068], [127.007458, 37.63917], [127.007495, 37.639258], [127.007458, 37.639354], [127.007504, 37.639462], [127.007492, 37.63954], [127.007475, 37.639621], [127.007342, 37.639749], [127.007189, 37.639841], [127.006847, 37.639993], [127.006668, 37.640067], [127.006528, 37.640136], [127.006229, 37.640278], [127.005978, 37.640424], [127.005771, 37.640539], [127.005705, 37.640545], [127.005476, 37.640526], [127.005396, 37.640501], [127.00531, 37.640542], [127.005185, 37.640625], [127.005015, 37.640695], [127.00492, 37.640757], [127.004877, 37.640802], [127.004877, 37.640925], [127.004815, 37.640987], [127.004732, 37.641017], [127.004704, 37.641037], [127.004686, 37.641152], [127.004761, 37.641282], [127.004799, 37.641373], [127.004874, 37.641489], [127.004958, 37.641582], [127.004993, 37.64165], [127.005038, 37.64175], [127.004969, 37.641861], [127.004868, 37.641915], [127.004753, 37.641968], [127.004584, 37.641965], [127.004514, 37.641999], [127.004453, 37.642019], [127.004378, 37.642156], [127.004336, 37.642227], [127.004287, 37.642248], [127.004098, 37.642338], [127.004001, 37.642373], [127.003858, 37.642409], [127.00371, 37.642459], [127.003534, 37.64251], [127.003397, 37.64256], [127.003107, 37.64264], [127.003067, 37.642652], [127.003006, 37.64268], [127.002952, 37.642702], [127.002926, 37.64271], [127.002906, 37.642692], [127.002803, 37.642603], [127.002663, 37.6425], [127.002487, 37.642492], [127.002241, 37.642296], [127.002204, 37.642276]]]}}, {"type": "Feature", "properties": {"name": "북한산둘레길 4구간 솔샘길", "difficulty": "초급", "distance_km": 1.51, "time_hr": 0.5, "kind": "둘레길", "surface": "둘레길", "desc": "북한산둘레길 · 1.51km", "segments": 13, "min_elev": 97, "max_elev": 175, "ascent": 91, "descent": 58, "profile": [136, 133, 127, 130, 116, 119, 123, 97, 99, 102, 104, 105, 104, 104, 107, 109, 109, 109, 113, 115, 98, 102, 108, 113, 112, 111, 114, 118, 122, 121, 135, 128, 122, 156, 149, 144, 157, 164, 171, 172, 169, 166, 169, 169, 166, 171, 173, 175]}, "geometry": {"type": "MultiLineString", "coordinates": [[[126.996449, 37.618302], [126.996473, 37.618376], [126.996557, 37.618536], [126.996685, 37.618617]], [[126.997376, 37.618353], [126.997244, 37.61823], [126.996957, 37.618385], [126.996685, 37.618617]], [[126.99834, 37.61805], [126.997969, 37.61814], [126.997698, 37.618222], [126.997376, 37.618353]], [[127.002712, 37.617033], [127.002212, 37.617168], [127.001739, 37.617316], [127.001559, 37.617382], [127.001344, 37.617471], [127.001133, 37.617566], [127.00098, 37.6176], [127.000811, 37.617621], [127.000642, 37.617616], [127.000404, 37.617586], [127.000363, 37.617581], [127.000216, 37.617581], [126.999943, 37.617581], [126.999419, 37.617738], [126.999142, 37.617813], [126.998796, 37.617915], [126.998625, 37.617966], [126.99834, 37.61805]], [[127.002712, 37.617033], [127.002691, 37.617175], [127.002676, 37.617518], [127.00264, 37.617744], [127.002563, 37.618045], [127.002383, 37.618319], [127.002347, 37.618388], [127.002328, 37.618453], [127.002325, 37.618521], [127.002336, 37.61858], [127.002349, 37.618625], [127.002448, 37.619032], [127.002433, 37.619152], [127.002428, 37.619222], [127.002413, 37.619437], [127.002409, 37.619587]], [[127.002684, 37.619492], [127.002643, 37.619451], [127.002588, 37.619461], [127.002514, 37.619535], [127.002504, 37.61963], [127.002458, 37.619665], [127.002418, 37.619655], [127.002409, 37.619587]], [[127.003164, 37.619564], [127.003082, 37.619567], [127.002978, 37.619613], [127.002925, 37.619604], [127.002922, 37.61956], [127.002958, 37.619481], [127.002889, 37.619429], [127.002819, 37.619443], [127.002781, 37.619469], [127.002765, 37.619504], [127.002684, 37.619492]], [[127.003436, 37.619568], [127.003371, 37.619589], [127.003269, 37.619558], [127.003164, 37.619564]], [[127.004213, 37.619586], [127.004046, 37.61959], [127.004004, 37.61954], [127.003974, 37.619507], [127.003878, 37.619469], [127.003737, 37.619579], [127.003669, 37.619595], [127.003557, 37.619585], [127.003436, 37.619568]], [[127.004563, 37.619726], [127.004506, 37.619647], [127.004429, 37.619612], [127.004324, 37.619584], [127.004213, 37.619586]], [[127.004593, 37.61974], [127.004563, 37.619726]], [[127.004593, 37.61974], [127.004626, 37.619921], [127.004611, 37.619954], [127.004677, 37.620196], [127.004777, 37.620271], [127.004871, 37.620321], [127.005017, 37.620336], [127.005188, 37.620325], [127.005253, 37.62033], [127.005546, 37.620322], [127.005668, 37.620246], [127.00591, 37.620441], [127.006067, 37.620478], [127.006246, 37.620492], [127.006553, 37.620435]], [[127.006553, 37.620435], [127.006558, 37.620582], [127.006612, 37.620771], [127.006719, 37.621007], [127.006815, 37.621119], [127.006936, 37.621177], [127.006989, 37.621223]]]}}, {"type": "Feature", "properties": {"name": "북한산둘레길 5구간 명상길", "difficulty": "초급", "distance_km": 2.12, "time_hr": 0.7, "kind": "둘레길", "surface": "둘레길", "desc": "북한산둘레길 · 2.12km", "segments": 2, "min_elev": 136, "max_elev": 284, "ascent": 140, "descent": 214, "profile": [210, 224, 233, 246, 251, 255, 261, 270, 278, 283, 275, 263, 252, 240, 229, 215, 209, 208, 208, 207, 203, 196, 192, 185, 182, 181, 185, 181, 178, 173, 170, 169, 179, 178, 186, 196, 198, 205, 212, 215, 210, 198, 183, 172, 173, 158, 147, 136]}, "geometry": {"type": "MultiLineString", "coordinates": [[[126.982127, 37.612808], [126.982176, 37.612812], [126.982289, 37.612824], [126.98252, 37.612806], [126.982666, 37.61275], [126.982798, 37.612666], [126.982854, 37.612554], [126.982856, 37.612492], [126.982923, 37.612414], [126.983057, 37.612368], [126.983233, 37.612411], [126.983306, 37.612449], [126.983419, 37.612545], [126.983775, 37.61271], [126.984075, 37.612848], [126.984319, 37.613004], [126.984416, 37.613062], [126.984531, 37.613198], [126.984818, 37.613407], [126.984875, 37.61349], [126.984927, 37.613723], [126.985056, 37.613827], [126.985184, 37.614013], [126.985272, 37.614188]], [[126.985272, 37.614188], [126.985366, 37.614102], [126.98542, 37.614012], [126.985463, 37.613987], [126.985601, 37.613913], [126.985942, 37.613789], [126.986205, 37.61375], [126.986571, 37.613718], [126.986748, 37.613671], [126.987083, 37.613686], [126.987291, 37.613659], [126.987381, 37.613824], [126.987929, 37.613785], [126.988305, 37.613862], [126.988389, 37.613906], [126.988305, 37.613985], [126.988218, 37.614112], [126.988294, 37.614304], [126.988367, 37.614476], [126.988236, 37.614597], [126.988085, 37.614719], [126.987978, 37.614801], [126.987918, 37.614907], [126.987886, 37.615007], [126.987908, 37.615062], [126.987891, 37.615189], [126.987924, 37.61526], [126.987933, 37.615287], [126.987989, 37.615315], [126.988079, 37.615355], [126.988374, 37.615298], [126.988841, 37.615179], [126.989037, 37.615088], [126.989249, 37.61509], [126.989402, 37.615049], [126.989627, 37.615174], [126.989839, 37.615209], [126.990177, 37.615498], [126.990351, 37.615703], [126.990401, 37.615804], [126.990499, 37.615859], [126.990684, 37.615837], [126.990885, 37.615787], [126.990984, 37.615728], [126.991153, 37.615723], [126.991326, 37.615735], [126.99147, 37.615702], [126.991668, 37.615626], [126.991781, 37.615532], [126.991958, 37.615439], [126.992253, 37.615447], [126.992362, 37.615313], [126.992486, 37.615272], [126.992555, 37.615208], [126.992825, 37.615117], [126.992962, 37.615094], [126.993033, 37.615144], [126.993177, 37.615317], [126.993272, 37.615311], [126.993405, 37.61522], [126.993583, 37.615052], [126.993811, 37.614986], [126.994069, 37.614901], [126.994286, 37.61486], [126.994431, 37.614903], [126.99493, 37.615082], [126.99515, 37.61512], [126.99516, 37.615217], [126.995028, 37.615432], [126.994951, 37.615676], [126.994828, 37.615897], [126.994769, 37.616106], [126.99472, 37.616212], [126.994659, 37.616312], [126.994801, 37.616395], [126.994997, 37.616386], [126.995203, 37.616407], [126.995375, 37.61662], [126.995543, 37.6167], [126.995667, 37.616756], [126.995842, 37.616943], [126.995901, 37.617134], [126.995874, 37.617291], [126.995759, 37.617227], [126.995688, 37.61729], [126.995668, 37.617372], [126.995642, 37.617439], [126.995666, 37.617527], [126.99573, 37.617597], [126.995924, 37.617727], [126.996039, 37.617779], [126.996105, 37.617865], [126.996137, 37.617964], [126.996098, 37.618033], [126.996109, 37.618089], [126.99617, 37.618208], [126.996259, 37.618264], [126.996362, 37.618296], [126.996449, 37.618302]]]}}, {"type": "Feature", "properties": {"name": "북한산둘레길 6구간 평창마을길", "difficulty": "초급", "distance_km": 4.54, "time_hr": 1.5, "kind": "둘레길", "surface": "둘레길", "desc": "북한산둘레길 · 4.54km", "segments": 15, "min_elev": 89, "max_elev": 261, "ascent": 345, "descent": 137, "profile": [101, 102, 90, 93, 98, 99, 111, 130, 139, 161, 169, 184, 198, 205, 203, 208, 214, 219, 197, 205, 192, 175, 177, 190, 192, 195, 195, 204, 222, 223, 238, 236, 237, 245, 244, 256, 255, 252, 230, 241, 251, 245, 252, 249, 215, 225, 234, 224]}, "geometry": {"type": "MultiLineString", "coordinates": [[[126.956578, 37.608968], [126.95662, 37.608854], [126.956663, 37.608662], [126.956656, 37.608619], [126.956605, 37.608575], [126.956561, 37.608581]], [[126.956738, 37.609002], [126.956669, 37.608982], [126.956578, 37.608968]], [[126.957179, 37.608379], [126.957094, 37.608478], [126.957005, 37.608575], [126.956855, 37.608823], [126.956738, 37.609002]], [[126.959298, 37.60696], [126.958967, 37.607093], [126.958607, 37.607239], [126.958376, 37.607386], [126.957926, 37.60772], [126.957836, 37.607789], [126.957507, 37.608091], [126.957265, 37.608306], [126.957179, 37.608379]], [[126.959298, 37.60696], [126.959388, 37.607089], [126.959512, 37.607283], [126.959582, 37.607494], [126.959709, 37.607562], [126.959733, 37.607674], [126.959708, 37.607819], [126.959688, 37.607912], [126.959966, 37.60824], [126.959994, 37.608257], [126.960029, 37.608258], [126.960054, 37.608254], [126.960105, 37.608214], [126.960157, 37.608093], [126.960184, 37.608002], [126.960222, 37.607971], [126.960296, 37.607875]], [[126.960296, 37.607875], [126.960352, 37.607844], [126.960387, 37.607844], [126.960459, 37.607868], [126.960455, 37.607895], [126.960435, 37.60793], [126.960443, 37.607943], [126.960457, 37.607952], [126.960487, 37.607947], [126.960509, 37.60794], [126.960536, 37.607954], [126.960581, 37.607949], [126.960642, 37.607988], [126.960647, 37.608023], [126.96068, 37.608075], [126.960715, 37.6081], [126.960734, 37.608104], [126.960768, 37.608112], [126.960831, 37.608106], [126.960865, 37.60811], [126.960907, 37.608112], [126.960939, 37.608112], [126.961055, 37.608042], [126.961365, 37.607778]], [[126.961497, 37.6076], [126.961365, 37.607778]], [[126.961497, 37.6076], [126.961869, 37.607813], [126.962202, 37.608019]], [[126.962202, 37.608019], [126.96219, 37.608102], [126.962186, 37.608301], [126.962203, 37.608412], [126.962228, 37.608493], [126.962278, 37.60855], [126.962345, 37.608594], [126.962598, 37.608763], [126.962733, 37.608882], [126.96319, 37.609608], [126.96328, 37.60975], [126.963328, 37.609943], [126.963343, 37.610148], [126.963295, 37.610322], [126.96326, 37.610398], [126.963186, 37.610479], [126.962837, 37.610774], [126.962743, 37.610845], [126.962699, 37.610937], [126.962679, 37.611016], [126.962721, 37.611188], [126.963001, 37.611627], [126.963153, 37.611787], [126.963308, 37.611886], [126.963485, 37.611973], [126.963767, 37.61209], [126.963878, 37.612171], [126.963929, 37.612248], [126.963934, 37.612363], [126.963779, 37.612551], [126.963727, 37.612647], [126.963736, 37.612744], [126.963762, 37.612778], [126.964551, 37.613263], [126.964646, 37.613362], [126.964683, 37.613457], [126.964607, 37.613618], [126.964424, 37.61379], [126.964348, 37.613925], [126.96439, 37.614013], [126.964484, 37.614046]], [[126.964484, 37.614046], [126.964668, 37.614038], [126.96522, 37.613914]], [[126.96522, 37.613914], [126.965364, 37.613939], [126.965649, 37.613961], [126.965749, 37.614009], [126.965788, 37.614099], [126.965805, 37.614384], [126.965844, 37.614492], [126.965993, 37.614573], [126.966165, 37.614601], [126.966256, 37.614577], [126.966486, 37.614364], [126.966541, 37.614338], [126.966702, 37.614317], [126.967162, 37.614339], [126.96754, 37.614335]], [[126.96754, 37.614335], [126.967602, 37.614367], [126.967647, 37.614379], [126.967695, 37.614388], [126.967712, 37.614393], [126.96775, 37.614393], [126.967791, 37.614396], [126.967833, 37.614388], [126.967891, 37.614347], [126.967988, 37.614243], [126.968063, 37.614123], [126.968126, 37.613957], [126.968107, 37.613663], [126.968135, 37.613151], [126.96817, 37.613073], [126.968247, 37.613012], [126.968359, 37.61302], [126.96843, 37.613013], [126.968614, 37.613008], [126.968707, 37.612945], [126.968803, 37.61249], [126.968894, 37.611801], [126.968959, 37.61171], [126.969039, 37.61165], [126.969078, 37.611633], [126.969126, 37.611612], [126.969245, 37.611616], [126.969453, 37.611657], [126.969653, 37.611725], [126.969823, 37.611807], [126.9699, 37.611905], [126.969926, 37.612005], [126.969897, 37.612308], [126.969876, 37.612471], [126.969842, 37.612726], [126.969853, 37.612815], [126.969925, 37.612859], [126.970278, 37.612953], [126.970488, 37.613021], [126.970595, 37.613094], [126.970593, 37.613177], [126.970471, 37.613417]], [[126.970471, 37.613417], [126.970368, 37.613618], [126.970307, 37.613798], [126.970275, 37.613891], [126.970287, 37.613954], [126.970346, 37.613999], [126.970411, 37.614022], [126.970527, 37.614022], [126.970633, 37.613998], [126.970714, 37.613993], [126.970824, 37.614014], [126.970913, 37.614075], [126.970942, 37.614129], [126.970966, 37.614258], [126.971011, 37.61463], [126.971013, 37.614695], [126.971009, 37.614754], [126.97112, 37.614812], [126.971309, 37.614877], [126.971441, 37.614887], [126.971551, 37.614904], [126.971769, 37.614933], [126.971988, 37.614965], [126.972629, 37.615063], [126.973076, 37.615133], [126.973226, 37.615162], [126.97335, 37.615226], [126.973434, 37.615291], [126.973493, 37.615397], [126.973781, 37.615968], [126.973824, 37.616038], [126.973879, 37.616068], [126.973946, 37.616101], [126.974043, 37.616138], [126.974228, 37.616203], [126.974582, 37.616316], [126.974857, 37.616397], [126.975005, 37.616461], [126.975072, 37.616506], [126.975102, 37.616558], [126.975135, 37.616627], [126.975137, 37.616706], [126.975105, 37.616794], [126.975029, 37.616906], [126.974881, 37.617075], [126.97485, 37.617126], [126.974879, 37.617205], [126.974928, 37.617239], [126.975013, 37.617257], [126.975125, 37.617253], [126.975719, 37.617233], [126.975962, 37.617211], [126.976119, 37.617219], [126.97618, 37.617258], [126.976208, 37.617339], [126.976231, 37.617395], [126.976265, 37.617435], [126.976344, 37.617466], [126.976448, 37.617459], [126.976602, 37.617418], [126.97669, 37.617387], [126.976761, 37.617374], [126.97685, 37.617363], [126.97693, 37.617372], [126.977042, 37.617385], [126.977115, 37.617397]], [[126.979582, 37.614538], [126.979568, 37.614814], [126.979631, 37.614978], [126.97988, 37.615375], [126.979968, 37.615654], [126.979965, 37.615892], [126.979916, 37.616018], [126.979818, 37.61615], [126.979697, 37.616258], [126.979522, 37.61634], [126.979402, 37.616372], [126.979251, 37.616375], [126.979028, 37.616361], [126.978704, 37.616307], [126.978549, 37.616328], [126.978527, 37.616331], [126.978353, 37.616379], [126.978204, 37.616442], [126.978086, 37.616524], [126.977993, 37.616632], [126.97795, 37.616746], [126.977952, 37.616862], [126.977962, 37.617099], [126.977936, 37.617286], [126.977897, 37.617398], [126.97784, 37.61749], [126.977771, 37.617564], [126.977692, 37.617612], [126.977597, 37.617641], [126.977517, 37.617641], [126.977454, 37.617627], [126.977407, 37.617598], [126.977345, 37.617558], [126.977263, 37.617493], [126.977115, 37.617397]], [[126.982127, 37.612808], [126.982147, 37.612837], [126.982183, 37.612935], [126.982132, 37.61302], [126.981714, 37.613404], [126.981521, 37.613663], [126.98151, 37.613687], [126.980951, 37.614077], [126.980943, 37.614077], [126.980811, 37.614102], [126.980598, 37.614084], [126.980273, 37.613934], [126.980007, 37.613914], [126.97979, 37.613976], [126.979704, 37.614032], [126.979649, 37.614122], [126.979582, 37.614538]]]}}, {"type": "Feature", "properties": {"name": "북한산둘레길 7구간 옛성길", "difficulty": "초급", "distance_km": 2.87, "time_hr": 1.0, "kind": "둘레길", "surface": "둘레길", "desc": "북한산둘레길 · 2.87km", "segments": 7, "min_elev": 56, "max_elev": 214, "ascent": 285, "descent": 134, "profile": [105, 106, 100, 106, 110, 118, 132, 148, 70, 80, 95, 108, 109, 124, 135, 150, 164, 168, 172, 184, 197, 207, 214, 209, 197, 186, 193, 198, 191, 188, 192, 193, 188, 171, 163, 166, 174, 188, 195, 195, 180, 172, 156, 58, 56, 57, 60, 69]}, "geometry": {"type": "MultiLineString", "coordinates": [[[126.956561, 37.608581], [126.955682, 37.608707]], [[126.955682, 37.608707], [126.955707, 37.608755], [126.95575, 37.608842], [126.955881, 37.609029], [126.955839, 37.609092], [126.955792, 37.609215], [126.955728, 37.609527]], [[126.955728, 37.609527], [126.95561, 37.609617], [126.955493, 37.609638], [126.955427, 37.609651], [126.955106, 37.609617], [126.954891, 37.609519], [126.954741, 37.609383], [126.954569, 37.609298], [126.954408, 37.609162], [126.954323, 37.609026], [126.954137, 37.609094], [126.954038, 37.609094], [126.95384, 37.60906], [126.953751, 37.609096], [126.953663, 37.609166], [126.953555, 37.60916], [126.953467, 37.609181], [126.953381, 37.609315], [126.953145, 37.609387]], [[126.941263, 37.610696], [126.941294, 37.610621], [126.941554, 37.6104], [126.941699, 37.610416], [126.941747, 37.610389], [126.941765, 37.610345], [126.941744, 37.610308], [126.941673, 37.610266], [126.941489, 37.610081], [126.941333, 37.609906], [126.941262, 37.609799], [126.941223, 37.609646], [126.941248, 37.609584], [126.941285, 37.609556], [126.941261, 37.609355], [126.941307, 37.609251], [126.941303, 37.609195], [126.941249, 37.609127], [126.941264, 37.608959], [126.94133, 37.608804], [126.941341, 37.608613], [126.941341, 37.608481], [126.941287, 37.608371], [126.941196, 37.608222], [126.941164, 37.607984], [126.941164, 37.607772], [126.94118, 37.607602], [126.941201, 37.607372], [126.941217, 37.607098], [126.941126, 37.606978], [126.941114, 37.606769], [126.941137, 37.606526], [126.941258, 37.606426], [126.941316, 37.606317], [126.941266, 37.606202], [126.94126, 37.606105], [126.941227, 37.606024], [126.941216, 37.605996], [126.941311, 37.605737], [126.941367, 37.60554], [126.941378, 37.605437], [126.941357, 37.605332], [126.941559, 37.605234], [126.941567, 37.605158], [126.941668, 37.60503], [126.941779, 37.604957], [126.941952, 37.604903], [126.942173, 37.604869], [126.942335, 37.604835], [126.942499, 37.604851], [126.942657, 37.604864], [126.942863, 37.604846], [126.943002, 37.60485], [126.943262, 37.604788], [126.943399, 37.60484], [126.943526, 37.6048], [126.943633, 37.604828], [126.943815, 37.604764], [126.943932, 37.604787], [126.944117, 37.604788], [126.944408, 37.604787], [126.944522, 37.604776], [126.944788, 37.604804], [126.944917, 37.60486], [126.944968, 37.604916], [126.944988, 37.605009], [126.945033, 37.605134], [126.945074, 37.605311], [126.945164, 37.60542], [126.945258, 37.605504], [126.945369, 37.605621], [126.945659, 37.60577], [126.945892, 37.605826], [126.946111, 37.606065], [126.946209, 37.606255], [126.94624, 37.606429], [126.946267, 37.606653], [126.946292, 37.606782], [126.946269, 37.607024], [126.94633, 37.607117], [126.946533, 37.607206], [126.946689, 37.607338], [126.946898, 37.607432], [126.947054, 37.60764], [126.947263, 37.607723], [126.947462, 37.607682], [126.947714, 37.607627], [126.947885, 37.607708], [126.948111, 37.607899], [126.948298, 37.607993], [126.948529, 37.607984], [126.948754, 37.608001], [126.94898, 37.608061], [126.949167, 37.608048], [126.949275, 37.607895], [126.949328, 37.607772], [126.949462, 37.607644], [126.949618, 37.607644], [126.949774, 37.607699], [126.949967, 37.607681], [126.95017, 37.607723], [126.950251, 37.607823], [126.950385, 37.607844], [126.950476, 37.608001], [126.950562, 37.608055], [126.950583, 37.608192], [126.950626, 37.608275], [126.950763, 37.608303], [126.950868, 37.608324], [126.951193, 37.608274], [126.95137, 37.608206], [126.951301, 37.608318], [126.951435, 37.608611], [126.951564, 37.608731], [126.951676, 37.608786], [126.951777, 37.608892], [126.951962, 37.609005], [126.952124, 37.608969], [126.952191, 37.608996], [126.952235, 37.60902], [126.95226, 37.609029], [126.952309, 37.609025], [126.952357, 37.609013], [126.952423, 37.609057], [126.952494, 37.609109], [126.952428, 37.609192], [126.952422, 37.609283], [126.952421, 37.609362], [126.952511, 37.609383], [126.952585, 37.6094], [126.952678, 37.609365], [126.952804, 37.609332], [126.952944, 37.609359], [126.953067, 37.609372], [126.953145, 37.609387]], [[126.941304, 37.610996], [126.941273, 37.610869], [126.941263, 37.610696]], [[126.941304, 37.610996], [126.940913, 37.610997], [126.940739, 37.610989], [126.940537, 37.610956]], [[126.940537, 37.610956], [126.940504, 37.611041], [126.940362, 37.611066], [126.940297, 37.611047], [126.94006, 37.611017], [126.93978, 37.611013], [126.939446, 37.611085], [126.939293, 37.611136], [126.939233, 37.611174], [126.939224, 37.611392], [126.939258, 37.611414], [126.939296, 37.611438], [126.939479, 37.611563], [126.93951, 37.611617], [126.939516, 37.611647]]]}}, {"type": "Feature", "properties": {"name": "북한산둘레길 8구간 구름정원길", "difficulty": "초급", "distance_km": 2.09, "time_hr": 0.7, "kind": "둘레길", "surface": "둘레길", "desc": "북한산둘레길 · 2.09km", "segments": 6, "min_elev": 47, "max_elev": 120, "ascent": 148, "descent": 155, "profile": [69, 71, 77, 86, 100, 109, 112, 102, 100, 96, 103, 108, 103, 104, 105, 100, 90, 92, 89, 83, 77, 74, 75, 84, 86, 91, 103, 102, 108, 106, 107, 107, 108, 113, 120, 113, 100, 89, 79, 72, 66, 60, 47, 50, 55, 52, 47, 55]}, "geometry": {"type": "MultiLineString", "coordinates": [[[126.939516, 37.611647], [126.939595, 37.612009], [126.939673, 37.612367], [126.939673, 37.612398], [126.939626, 37.61248], [126.939437, 37.612583], [126.939524, 37.612706], [126.939641, 37.612838], [126.939651, 37.612875], [126.939688, 37.613017], [126.939658, 37.613252], [126.939544, 37.613429], [126.939492, 37.613419], [126.939295, 37.613498], [126.939119, 37.613458], [126.938876, 37.613307], [126.938661, 37.613259], [126.938433, 37.613416], [126.938243, 37.613481], [126.938173, 37.613444], [126.938092, 37.613421], [126.937843, 37.613498], [126.937773, 37.613575], [126.937613, 37.613585], [126.937447, 37.613718], [126.937248, 37.613732], [126.937116, 37.613824], [126.936973, 37.613835], [126.936642, 37.613846], [126.936445, 37.613781], [126.936189, 37.613757], [126.936084, 37.613774], [126.936045, 37.613991], [126.935849, 37.61432]], [[126.935849, 37.61432], [126.935667, 37.614537], [126.935353, 37.614607], [126.935228, 37.614609], [126.935091, 37.614639], [126.934978, 37.614703]], [[126.934978, 37.614703], [126.935055, 37.614788], [126.935155, 37.615016], [126.935169, 37.615134], [126.93516, 37.615269], [126.935111, 37.615394], [126.935002, 37.615546], [126.934978, 37.615589], [126.934991, 37.615632], [126.934982, 37.615802], [126.934953, 37.615992], [126.934942, 37.616198], [126.934947, 37.61631], [126.934929, 37.616379], [126.934969, 37.616421], [126.935038, 37.616488], [126.935122, 37.616599], [126.935273, 37.616752], [126.935355, 37.616827], [126.935459, 37.616854], [126.935521, 37.616852], [126.935555, 37.616836], [126.935586, 37.61681], [126.935646, 37.616811], [126.935781, 37.616857], [126.935914, 37.616859], [126.936016, 37.616859], [126.936045, 37.616887], [126.936067, 37.616945], [126.936054, 37.617044], [126.936056, 37.617165], [126.936081, 37.617237], [126.936141, 37.61729], [126.936265, 37.617341], [126.936387, 37.61737], [126.936445, 37.617392], [126.936498, 37.617385], [126.936551, 37.617376], [126.936669, 37.617376], [126.936738, 37.617386], [126.936847, 37.617437], [126.936949, 37.61749], [126.937022, 37.617569], [126.937017, 37.617654], [126.93698, 37.617745], [126.937, 37.617817], [126.937057, 37.617965], [126.937117, 37.618061], [126.937115, 37.6181], [126.937097, 37.618158], [126.93708, 37.61822], [126.937086, 37.618283], [126.93708, 37.61833], [126.937051, 37.61845], [126.937049, 37.618541], [126.937068, 37.618647], [126.937066, 37.618744], [126.937077, 37.618847], [126.937102, 37.618935], [126.937113, 37.61903], [126.937084, 37.619086], [126.937057, 37.61915], [126.937062, 37.61925], [126.937062, 37.619357], [126.937015, 37.619415], [126.936979, 37.619454], [126.93696, 37.619475], [126.936944, 37.619514], [126.936951, 37.619607], [126.936895, 37.619661], [126.936802, 37.619691], [126.93672, 37.619747], [126.936689, 37.61979], [126.936684, 37.619827], [126.936705, 37.619995], [126.936759, 37.620132], [126.936759, 37.620182], [126.936774, 37.620216], [126.936807, 37.620257], [126.936827, 37.620274], [126.936857, 37.620299], [126.936888, 37.620321], [126.936902, 37.62034], [126.936897, 37.620396], [126.93687, 37.620493], [126.936856, 37.620569], [126.936864, 37.620629], [126.936871, 37.620663], [126.936887, 37.620708], [126.936835, 37.620789], [126.936707, 37.620892], [126.936588, 37.621007], [126.936439, 37.62122], [126.936427, 37.621337], [126.936352, 37.621429], [126.936216, 37.621496], [126.936107, 37.621524], [126.935965, 37.621533], [126.935865, 37.621552], [126.935739, 37.621664], [126.935628, 37.621719], [126.935467, 37.621734], [126.935254, 37.621741], [126.935191, 37.621744], [126.935124, 37.62177], [126.935052, 37.621845], [126.934991, 37.621943], [126.934983, 37.622051], [126.935045, 37.622145], [126.935052, 37.622237], [126.935073, 37.622408], [126.93499, 37.622567]], [[126.933718, 37.622704], [126.933988, 37.622767], [126.934415, 37.622681], [126.934685, 37.622673], [126.934902, 37.622594], [126.93499, 37.622567]], [[126.933455, 37.623392], [126.933647, 37.622956], [126.933696, 37.622785], [126.933718, 37.622704]], [[126.933145, 37.623233], [126.933455, 37.623392]]]}}, {"type": "Feature", "properties": {"name": "북한산둘레길 11구간 효자길", "difficulty": "초급", "distance_km": 3.09, "time_hr": 1.0, "kind": "둘레길", "surface": "둘레길", "desc": "북한산둘레길 · 3.09km", "segments": 9, "min_elev": 55, "max_elev": 134, "ascent": 155, "descent": 85, "profile": [57, 57, 56, 56, 55, 58, 61, 64, 64, 64, 63, 72, 88, 94, 94, 91, 88, 88, 95, 90, 82, 73, 70, 73, 71, 78, 86, 94, 99, 106, 108, 112, 102, 107, 111, 120, 132, 132, 123, 118, 110, 93, 98, 101, 103, 101, 104, 108]}, "geometry": {"type": "MultiLineString", "coordinates": [[[126.950914, 37.662483], [126.951429, 37.66312], [126.951636, 37.6634], [126.95199, 37.663893], [126.952649, 37.664795], [126.952825, 37.665036], [126.953528, 37.665997], [126.954251, 37.667051], [126.954364, 37.667232], [126.954491, 37.667484], [126.95457, 37.667684]], [[126.95457, 37.667684], [126.954679, 37.667818], [126.954857, 37.667897], [126.955009, 37.667943], [126.95508, 37.667996], [126.955196, 37.668009], [126.955418, 37.667936], [126.955873, 37.66768], [126.955999, 37.667632], [126.955918, 37.667554], [126.956301, 37.66735], [126.956386, 37.667457], [126.956431, 37.667491], [126.956549, 37.667497], [126.956699, 37.667499], [126.956825, 37.667533], [126.956857, 37.667577], [126.956792, 37.667645], [126.956735, 37.667723], [126.956862, 37.667928], [126.956933, 37.667932], [126.956973, 37.667975], [126.957069, 37.668085], [126.957108, 37.668166], [126.957171, 37.668256], [126.957145, 37.668312], [126.957, 37.668385], [126.956982, 37.668439], [126.956959, 37.668548], [126.956953, 37.668693], [126.956992, 37.668834], [126.957129, 37.669012], [126.957269, 37.669078], [126.957319, 37.669166], [126.95728, 37.669207], [126.957329, 37.669285], [126.957447, 37.669337], [126.957517, 37.669409], [126.957565, 37.669537], [126.957593, 37.669714], [126.957545, 37.669876], [126.95746, 37.670025], [126.957176, 37.670243], [126.957048, 37.670335], [126.957012, 37.670332], [126.956976, 37.67032], [126.956912, 37.670307], [126.956852, 37.670316], [126.956804, 37.670345], [126.956716, 37.670449], [126.956592, 37.670513], [126.956536, 37.670535], [126.95642, 37.670545], [126.956307, 37.670535], [126.956179, 37.670548], [126.956023, 37.670627], [126.955947, 37.670709], [126.955764, 37.671138]], [[126.955764, 37.671138], [126.955816, 37.671262], [126.955885, 37.671357], [126.956004, 37.671443], [126.956081, 37.671463]], [[126.956081, 37.671463], [126.956083, 37.671512], [126.955851, 37.671568], [126.955744, 37.671746], [126.955967, 37.671922], [126.956139, 37.672088], [126.956198, 37.672137], [126.956182, 37.672216], [126.956115, 37.67229], [126.956121, 37.672392], [126.956223, 37.672528], [126.956233, 37.672599], [126.956313, 37.672675], [126.956468, 37.67275], [126.956518, 37.672818], [126.956516, 37.672861], [126.956554, 37.672919], [126.956629, 37.672968], [126.95671, 37.673061], [126.956859, 37.673146], [126.956979, 37.673259], [126.957088, 37.673334], [126.95719, 37.673358], [126.957326, 37.67348], [126.9575, 37.673532], [126.957619, 37.673592], [126.957763, 37.673704], [126.957869, 37.673757], [126.958088, 37.673999], [126.958168, 37.674143], [126.958311, 37.674379], [126.958454, 37.674467], [126.958587, 37.674508], [126.958758, 37.674644], [126.959132, 37.674748], [126.959152, 37.674834], [126.959099, 37.674882], [126.959066, 37.675057], [126.959011, 37.675236], [126.959005, 37.675295]], [[126.959005, 37.675295], [126.959327, 37.675391], [126.959492, 37.675329], [126.959608, 37.675393], [126.959925, 37.675412], [126.960204, 37.675368], [126.96027, 37.675386], [126.960336, 37.675337]], [[126.960336, 37.675337], [126.960518, 37.675467]], [[126.960518, 37.675467], [126.960582, 37.675474], [126.960709, 37.675414], [126.960801, 37.6754], [126.96099, 37.675406], [126.961213, 37.675384], [126.961374, 37.675426], [126.961596, 37.67547]], [[126.961596, 37.67547], [126.961822, 37.675431], [126.96192, 37.675474], [126.962188, 37.675496], [126.962408, 37.675416], [126.96263, 37.675464], [126.962779, 37.675637], [126.963352, 37.675799], [126.963578, 37.675799], [126.96376, 37.67591], [126.96394, 37.675998], [126.96407, 37.676096], [126.96421, 37.676301], [126.964332, 37.676302], [126.964477, 37.676263], [126.96449, 37.676312]], [[126.961268, 37.679164], [126.96204, 37.678211], [126.962395, 37.677823], [126.962652, 37.67768], [126.962926, 37.677589], [126.963212, 37.677421], [126.963649, 37.677131], [126.963777, 37.677018], [126.963978, 37.676684], [126.96414, 37.676503], [126.96449, 37.676312]]]}}, {"type": "Feature", "properties": {"name": "북한산둘레길 12구간 - 충의길", "difficulty": "초급", "distance_km": 8.4, "time_hr": 2.8, "kind": "둘레길", "surface": "둘레길", "desc": "북한산둘레길 · 8.4km", "segments": 9, "min_elev": 90, "max_elev": 542, "ascent": 814, "descent": 555, "profile": [90, 116, 129, 121, 148, 137, 103, 106, 132, 144, 156, 163, 181, 160, 144, 158, 208, 276, 359, 339, 350, 400, 456, 495, 494, 515, 511, 505, 539, 514, 502, 532, 489, 440, 393, 365, 329, 289, 263, 254, 309, 345, 144, 140, 138, 137, 131, 126]}, "geometry": {"type": "MultiLineString", "coordinates": [[[126.961268, 37.679164], [126.961501, 37.679328]], [[126.961501, 37.679328], [126.961576, 37.679672], [126.961592, 37.679772], [126.961684, 37.679872], [126.961738, 37.679897], [126.961729, 37.679955], [126.961647, 37.680026], [126.961673, 37.680088], [126.961574, 37.680244], [126.961487, 37.680351], [126.961519, 37.680464], [126.961554, 37.680678], [126.961566, 37.680789], [126.961617, 37.680872], [126.961619, 37.680916], [126.961697, 37.681021], [126.961847, 37.681127], [126.961958, 37.681136], [126.962034, 37.681104], [126.962111, 37.681041], [126.962163, 37.681013], [126.962245, 37.68102], [126.962313, 37.681056], [126.962403, 37.681068], [126.962438, 37.681025], [126.962532, 37.681078], [126.962537, 37.681148], [126.962551, 37.68128], [126.962537, 37.681295], [126.962504, 37.6813], [126.962472, 37.681313], [126.962438, 37.681328], [126.962431, 37.68144], [126.962486, 37.681477], [126.9625, 37.681526], [126.962541, 37.681539], [126.962539, 37.681568], [126.96253, 37.681595], [126.962504, 37.681604], [126.962447, 37.681613], [126.962417, 37.681657], [126.962298, 37.681904], [126.96215, 37.682017], [126.9621, 37.68219], [126.962045, 37.682239], [126.96201, 37.682304], [126.962036, 37.682336], [126.962144, 37.68239], [126.962323, 37.682589], [126.962498, 37.682683], [126.962631, 37.682738], [126.96272, 37.682735], [126.962841, 37.682789], [126.962932, 37.682835], [126.963047, 37.682834], [126.963149, 37.682856], [126.963238, 37.682855], [126.963467, 37.682959], [126.963769, 37.683024], [126.963868, 37.683101], [126.96394, 37.683178], [126.96394, 37.683216], [126.963889, 37.683243], [126.963805, 37.683268], [126.963665, 37.683251], [126.963601, 37.683308], [126.963541, 37.683406], [126.963617, 37.68349], [126.963678, 37.683536], [126.963773, 37.683573], [126.963781, 37.683634], [126.963763, 37.683766], [126.963623, 37.683914], [126.963528, 37.683952], [126.963361, 37.684096], [126.963248, 37.684144], [126.963094, 37.684305], [126.962949, 37.684372], [126.962883, 37.68438], [126.96287, 37.684433], [126.962904, 37.684485], [126.962835, 37.684514], [126.962722, 37.684487], [126.96263, 37.684429], [126.962581, 37.684366], [126.962524, 37.684374], [126.962487, 37.684418], [126.962276, 37.684631], [126.962249, 37.684656], [126.962223, 37.684644], [126.962159, 37.684606], [126.962125, 37.684564], [126.962114, 37.684537], [126.962125, 37.684483], [126.962128, 37.684456], [126.962083, 37.684447], [126.961998, 37.684462], [126.961967, 37.684493], [126.961935, 37.684583], [126.961922, 37.684656], [126.961937, 37.684907], [126.962006, 37.685016], [126.962146, 37.685152], [126.962262, 37.685288], [126.962318, 37.685436], [126.962423, 37.685743], [126.962495, 37.685835], [126.962542, 37.685934], [126.962482, 37.686059], [126.962426, 37.686113], [126.9624, 37.686184], [126.962413, 37.686301], [126.962455, 37.686398], [126.962468, 37.686446], [126.962458, 37.68651], [126.96241, 37.686563], [126.962315, 37.686619], [126.962289, 37.686672], [126.962305, 37.686757], [126.962386, 37.687], [126.962434, 37.687119], [126.962497, 37.687163], [126.962814, 37.687386], [126.962997, 37.68751], [126.963094, 37.687656], [126.963049, 37.687698], [126.963005, 37.687676], [126.962967, 37.687675], [126.962936, 37.687692], [126.962906, 37.687736], [126.962909, 37.68779], [126.962959, 37.687945], [126.963067, 37.688117], [126.9632, 37.688213], [126.96326, 37.688252], [126.963337, 37.688292], [126.963398, 37.688308], [126.963459, 37.688311], [126.963557, 37.688311], [126.963678, 37.688334], [126.963718, 37.688357], [126.963819, 37.688502], [126.963836, 37.688557], [126.963908, 37.68867], [126.963962, 37.688706], [126.964011, 37.68878], [126.964037, 37.688826], [126.964068, 37.688903], [126.964065, 37.688948], [126.964112, 37.689011], [126.964182, 37.68911], [126.964193, 37.689155], [126.964176, 37.689206], [126.964193, 37.689293], [126.964267, 37.689359], [126.964492, 37.689481], [126.96456, 37.689566], [126.964577, 37.689632], [126.964624, 37.689735], [126.96474, 37.689888], [126.964927, 37.690154], [126.964992, 37.690189], [126.965023, 37.690225], [126.965092, 37.690278], [126.965148, 37.690351], [126.965196, 37.690364], [126.965227, 37.690406], [126.965639, 37.690681], [126.965804, 37.690733], [126.966127, 37.690964], [126.966235, 37.691027], [126.966288, 37.691044], [126.966374, 37.691053], [126.966503, 37.690899], [126.966701, 37.690825], [126.966987, 37.690724], [126.967235, 37.69072], [126.967351, 37.690706], [126.967387, 37.69061], [126.967491, 37.69052], [126.967643, 37.690393], [126.967981, 37.690343], [126.968237, 37.690275]], [[126.968237, 37.690275], [126.968263, 37.690299], [126.968239, 37.690325], [126.968173, 37.690431], [126.96805, 37.690666], [126.967993, 37.690814], [126.967809, 37.691282], [126.967679, 37.691499], [126.967505, 37.691747], [126.967524, 37.691857], [126.967542, 37.69189]], [[126.967542, 37.69189], [126.967394, 37.692044], [126.967307, 37.692141], [126.967219, 37.692214], [126.967131, 37.692257], [126.967108, 37.692275], [126.967099, 37.692294], [126.967113, 37.692401], [126.967112, 37.692439], [126.9671, 37.692469], [126.967067, 37.692511], [126.966995, 37.692547], [126.966885, 37.692574], [126.966777, 37.692585], [126.966667, 37.692584], [126.966607, 37.692591], [126.966538, 37.692619], [126.966548, 37.692644], [126.966546, 37.692701], [126.966487, 37.692785], [126.966439, 37.692822], [126.96638, 37.692854], [126.966307, 37.692885], [126.966234, 37.692918], [126.966167, 37.692949], [126.966107, 37.692987], [126.96605, 37.693033], [126.965986, 37.693102], [126.965972, 37.693116], [126.965933, 37.693159]], [[126.965933, 37.693159], [126.965857, 37.693241]], [[126.963769, 37.683024], [126.963949, 37.682964], [126.964146, 37.682964], [126.964292, 37.682977], [126.964361, 37.682998], [126.964473, 37.683065], [126.964558, 37.683093], [126.964722, 37.683133], [126.96485, 37.683133], [126.965048, 37.683133], [126.965168, 37.683215], [126.965211, 37.683296], [126.965305, 37.683405], [126.965391, 37.683398], [126.965649, 37.68333], [126.965932, 37.68331], [126.966172, 37.68329], [126.966369, 37.683201], [126.966618, 37.683154], [126.966764, 37.683181], [126.966902, 37.683174], [126.96709, 37.68312], [126.967236, 37.683031], [126.967494, 37.682889], [126.967717, 37.682814], [126.96794, 37.682746], [126.968206, 37.682719], [126.968395, 37.682726], [126.96861, 37.682733], [126.968816, 37.682739], [126.969176, 37.682692], [126.969356, 37.682705], [126.969477, 37.682787], [126.969605, 37.68278], [126.969683, 37.68276], [126.969829, 37.682705], [126.970017, 37.682685], [126.970172, 37.682638], [126.970343, 37.682556], [126.970472, 37.682604], [126.970618, 37.682773], [126.970747, 37.68293], [126.970927, 37.683106], [126.971125, 37.683242], [126.971262, 37.683364], [126.971554, 37.683561], [126.971768, 37.683616], [126.971906, 37.683588], [126.972043, 37.683616], [126.972172, 37.683731], [126.972386, 37.683819], [126.972618, 37.683989], [126.972669, 37.684105], [126.972867, 37.68422], [126.97309, 37.684336], [126.973408, 37.684417], [126.973759, 37.684546], [126.974077, 37.684567], [126.974343, 37.684614], [126.974515, 37.684689], [126.974687, 37.68477], [126.974824, 37.684784], [126.974996, 37.684825], [126.975064, 37.68492], [126.975133, 37.685124], [126.975133, 37.685361], [126.97527, 37.685538], [126.975408, 37.685674], [126.97551, 37.68581], [126.97545, 37.685959], [126.975442, 37.686095], [126.975565, 37.686266]], [[126.975565, 37.686266], [126.975631, 37.686306], [126.97571, 37.686338], [126.97587, 37.686311], [126.975964, 37.686341], [126.976058, 37.68633], [126.976211, 37.686357], [126.976369, 37.686353], [126.976467, 37.686377], [126.976518, 37.686352], [126.976678, 37.68634], [126.976922, 37.686341], [126.977006, 37.686357], [126.977114, 37.686389], [126.977246, 37.686421], [126.977434, 37.686394], [126.97754, 37.6864], [126.977675, 37.68638], [126.977882, 37.686357], [126.978092, 37.686331], [126.97813, 37.686309], [126.978201, 37.686283], [126.978304, 37.686292], [126.978446, 37.68627], [126.978505, 37.68627], [126.9786, 37.686256], [126.978689, 37.686256], [126.978739, 37.686237], [126.978801, 37.68623], [126.978827, 37.686194], [126.978878, 37.686165], [126.978936, 37.686134], [126.978952, 37.686088], [126.979057, 37.686073], [126.979128, 37.68603], [126.979273, 37.68595], [126.979345, 37.68594], [126.979404, 37.685886], [126.979521, 37.685847], [126.979591, 37.685821], [126.979596, 37.685793], [126.979665, 37.685759], [126.979681, 37.685727], [126.979726, 37.685741], [126.979762, 37.68569], [126.979848, 37.685691], [126.979887, 37.685675], [126.980018, 37.685665], [126.980067, 37.685654], [126.980129, 37.685613], [126.980205, 37.685614], [126.980257, 37.685623], [126.980361, 37.68564], [126.980394, 37.685634], [126.980423, 37.685617], [126.980481, 37.685557], [126.980574, 37.685558], [126.980719, 37.685621], [126.980843, 37.685628], [126.980832, 37.685694], [126.980866, 37.6858], [126.980951, 37.685811], [126.980977, 37.685859], [126.981017, 37.685863], [126.981087, 37.685875], [126.98114, 37.685874], [126.981205, 37.685857], [126.98123, 37.685833], [126.981347, 37.685708], [126.981544, 37.685599], [126.981539, 37.68551], [126.981694, 37.685497], [126.981742, 37.685457], [126.981905, 37.685266], [126.98211, 37.685173], [126.982259, 37.685085], [126.982295, 37.684993], [126.982342, 37.684918], [126.982429, 37.684884], [126.982494, 37.684883], [126.982559, 37.684831], [126.982666, 37.684835], [126.982826, 37.684772], [126.982904, 37.684785], [126.982997, 37.684748], [126.983044, 37.684679], [126.983256, 37.684598], [126.983356, 37.684493], [126.983414, 37.684446], [126.98351, 37.684431], [126.983812, 37.684336], [126.983947, 37.684241], [126.984052, 37.684208], [126.98409, 37.68417], [126.984194, 37.684147], [126.984262, 37.684124], [126.984314, 37.684081], [126.984403, 37.683973], [126.984446, 37.683942], [126.984445, 37.683873], [126.984587, 37.68376], [126.984638, 37.683714], [126.984669, 37.683622], [126.984694, 37.683516], [126.984791, 37.683534], [126.984846, 37.683536], [126.984831, 37.683496], [126.98482, 37.683415], [126.984846, 37.683378], [126.984978, 37.683351], [126.985107, 37.683318], [126.985156, 37.683283], [126.98533, 37.683232], [126.985522, 37.683186], [126.985623, 37.683223], [126.985739, 37.68327], [126.985879, 37.683256], [126.986231, 37.683181], [126.986471, 37.683079], [126.9869, 37.682943], [126.987252, 37.682807], [126.987604, 37.682705], [126.98775, 37.682699], [126.987842, 37.682714], [126.987931, 37.682661], [126.987896, 37.682604], [126.987945, 37.68253], [126.988, 37.682454], [126.988071, 37.682413], [126.988106, 37.682349], [126.988205, 37.682271], [126.988254, 37.682197], [126.98835, 37.682176], [126.988421, 37.682154], [126.988488, 37.682066], [126.988572, 37.681984], [126.988635, 37.681892], [126.988648, 37.681821], [126.988708, 37.681773], [126.988781, 37.681745], [126.988834, 37.681733], [126.988911, 37.681693], [126.989009, 37.681659], [126.989103, 37.681637], [126.989183, 37.681598], [126.989273, 37.681512], [126.989349, 37.681476], [126.989409, 37.681422], [126.989426, 37.681331], [126.989423, 37.681256], [126.989426, 37.6812], [126.989443, 37.68114], [126.9895, 37.681059], [126.989568, 37.68099], [126.989622, 37.680967], [126.989683, 37.680896], [126.989781, 37.68084], [126.989808, 37.680789], [126.989814, 37.680739], [126.989827, 37.680647], [126.989897, 37.680572], [126.989928, 37.680485]], [[126.989928, 37.680485], [126.989904, 37.680213], [126.989836, 37.6799], [126.989733, 37.679791], [126.989372, 37.67956], [126.989243, 37.679425], [126.989363, 37.679268], [126.989407, 37.679078], [126.989424, 37.678915], [126.989518, 37.678786], [126.98969, 37.678657], [126.98981, 37.678541], [126.989904, 37.678358], [126.990067, 37.678154], [126.990162, 37.678046], [126.990368, 37.677876], [126.990591, 37.677672], [126.990694, 37.677489], [126.990797, 37.677251], [126.990728, 37.677013], [126.990539, 37.67685], [126.990342, 37.676701], [126.990222, 37.676415], [126.990076, 37.676198], [126.990084, 37.675913], [126.989913, 37.67577], [126.989844, 37.67562], [126.98975, 37.67545], [126.989733, 37.675288], [126.989758, 37.675091], [126.989681, 37.674975], [126.989467, 37.674798], [126.989321, 37.674581], [126.989235, 37.67437], [126.989046, 37.674153], [126.988926, 37.674017], [126.98884, 37.673888], [126.988737, 37.673684], [126.988514, 37.673541], [126.988462, 37.67344], [126.988402, 37.673215], [126.988222, 37.673018], [126.988059, 37.672849], [126.98787, 37.672692], [126.987613, 37.67257], [126.987329, 37.672495], [126.987149, 37.672421], [126.987029, 37.672332], [126.986952, 37.672237], [126.986789, 37.672149], [126.986626, 37.672122], [126.986308, 37.672128], [126.986051, 37.672128], [126.985956, 37.672141], [126.985733, 37.672169], [126.985433, 37.67221], [126.985244, 37.672217], [126.984995, 37.672183], [126.984729, 37.672162], [126.984531, 37.672074], [126.984248, 37.671999], [126.984033, 37.672013], [126.983699, 37.671965], [126.98345, 37.671918], [126.98339, 37.671836], [126.983441, 37.671673], [126.983501, 37.671524], [126.983561, 37.671252], [126.983699, 37.671082], [126.983913, 37.670899], [126.984051, 37.670811], [126.984368, 37.670743], [126.984669, 37.670695], [126.985021, 37.670546], [126.985141, 37.670403], [126.985244, 37.670321], [126.985467, 37.670219], [126.985613, 37.670097], [126.985827, 37.669955], [126.986059, 37.669819], [126.986171, 37.669676], [126.986291, 37.669499], [126.986377, 37.669302], [126.986583, 37.669132], [126.986763, 37.668949], [126.986926, 37.668725], [126.986943, 37.668667], [126.986962, 37.668637], [126.986963, 37.668605]], [[126.965933, 37.693159], [126.966091, 37.693425], [126.966255, 37.693753], [126.966272, 37.693822], [126.966284, 37.693903], [126.96629, 37.693947], [126.966283, 37.694391], [126.966306, 37.694653], [126.96636, 37.694927], [126.966431, 37.695118], [126.966597, 37.695342], [126.966808, 37.695548], [126.967443, 37.696088], [126.967766, 37.696337], [126.967904, 37.696443], [126.968535, 37.696954], [126.968841, 37.697202], [126.969025, 37.697387], [126.969237, 37.697666], [126.969328, 37.697871], [126.969434, 37.698108], [126.969676, 37.698705], [126.969982, 37.699526], [126.970041, 37.699698], [126.970101, 37.699873], [126.970213, 37.700286]]]}}, {"type": "Feature", "properties": {"name": "북한산둘레길 14구간 산너미길", "difficulty": "초급", "distance_km": 2.79, "time_hr": 0.9, "kind": "둘레길", "surface": "둘레길", "desc": "북한산둘레길 · 2.79km", "segments": 3, "min_elev": 149, "max_elev": 340, "ascent": 204, "descent": 223, "profile": [170, 179, 193, 202, 208, 203, 193, 193, 198, 202, 208, 212, 220, 230, 241, 243, 251, 260, 262, 267, 278, 290, 305, 314, 324, 327, 322, 330, 340, 339, 338, 331, 320, 304, 285, 271, 257, 246, 230, 223, 222, 210, 192, 186, 188, 171, 158, 150]}, "geometry": {"type": "MultiLineString", "coordinates": [[[126.996746, 37.721749], [126.996679, 37.721831], [126.996718, 37.721891], [126.996979, 37.721967], [126.997082, 37.722004], [126.997187, 37.722002], [126.997297, 37.72207], [126.997436, 37.722103], [126.997535, 37.722188], [126.997591, 37.722255], [126.997696, 37.722325], [126.997832, 37.722368], [126.997988, 37.722502], [126.998109, 37.722532], [126.998231, 37.722589], [126.998278, 37.722691], [126.998375, 37.722744], [126.9985, 37.722751], [126.998566, 37.722835], [126.998567, 37.722953], [126.998683, 37.722969], [126.998799, 37.722951], [126.998919, 37.722951], [126.999031, 37.722974], [126.999132, 37.723021], [126.99922, 37.723083], [126.999286, 37.723178], [126.999266, 37.723276], [126.999301, 37.723502], [126.999328, 37.723598], [126.999319, 37.723706], [126.999423, 37.723755], [126.999467, 37.723854], [126.999577, 37.723918], [126.999719, 37.723956], [126.999817, 37.723996], [126.999942, 37.724028], [127.000101, 37.724092], [127.000284, 37.724157], [127.000433, 37.724186], [127.000573, 37.724228], [127.000673, 37.724266], [127.0008, 37.724286], [127.000882, 37.724345], [127.000956, 37.724411], [127.000985, 37.724456], [127.001082, 37.724531], [127.001188, 37.724599], [127.001346, 37.724772], [127.001582, 37.724851], [127.001641, 37.72494], [127.001752, 37.724983], [127.001971, 37.725101], [127.002118, 37.725118], [127.002208, 37.725191], [127.002317, 37.725246], [127.002542, 37.725237], [127.002674, 37.725279], [127.0028, 37.725277], [127.002902, 37.725332], [127.003024, 37.725375], [127.003109, 37.725455], [127.003194, 37.725562], [127.003237, 37.725616], [127.003329, 37.725693], [127.003454, 37.725761], [127.003557, 37.725804], [127.003785, 37.725923], [127.003966, 37.726072], [127.004067, 37.726141], [127.004168, 37.726197], [127.004283, 37.72624], [127.00442, 37.726274], [127.004528, 37.726309], [127.00463, 37.726323], [127.004759, 37.72632], [127.004979, 37.726398], [127.005159, 37.726494], [127.005302, 37.72659], [127.005434, 37.726636], [127.005585, 37.72672], [127.005671, 37.726775], [127.005784, 37.726833], [127.005875, 37.726896], [127.006006, 37.726923], [127.006151, 37.726934], [127.00628, 37.726971], [127.006417, 37.726985], [127.006556, 37.726969], [127.006666, 37.726969], [127.006792, 37.72695], [127.007004, 37.726841], [127.007127, 37.726827], [127.007219, 37.726763], [127.007341, 37.726748], [127.007486, 37.726801], [127.007571, 37.726854], [127.007595, 37.726867], [127.00768, 37.726949], [127.007936, 37.727003], [127.008194, 37.727018], [127.008435, 37.727079], [127.008471, 37.727092], [127.008607, 37.727144], [127.008723, 37.727149], [127.008806, 37.727229], [127.008938, 37.727259], [127.009138, 37.727374], [127.009265, 37.727378], [127.009396, 37.72741], [127.009494, 37.72748], [127.009567, 37.727561], [127.009661, 37.727624], [127.009784, 37.727648], [127.009911, 37.727696], [127.010107, 37.727668], [127.010209, 37.727712], [127.010328, 37.727755], [127.010519, 37.72774], [127.010631, 37.727721], [127.010815, 37.727751], [127.01106, 37.727727], [127.011207, 37.727737], [127.011471, 37.727782], [127.011555, 37.727863], [127.011605, 37.727905], [127.011688, 37.727934], [127.011759, 37.727956], [127.01192, 37.727981], [127.012063, 37.727989], [127.012168, 37.727995], [127.012222, 37.727993], [127.012253, 37.72808], [127.012271, 37.728152], [127.012265, 37.728246], [127.012264, 37.72836], [127.012261, 37.728468], [127.0123, 37.728597], [127.012324, 37.728677], [127.012377, 37.728785], [127.012419, 37.72885], [127.012451, 37.728919], [127.012463, 37.729], [127.012482, 37.729059], [127.012532, 37.729221], [127.012552, 37.729324], [127.012526, 37.729425], [127.012571, 37.729502], [127.012594, 37.729599], [127.012593, 37.729687], [127.012618, 37.72976], [127.012719, 37.729844], [127.012821, 37.729943], [127.012941, 37.729964], [127.013047, 37.73], [127.013089, 37.730041], [127.01314, 37.730088], [127.013251, 37.73016], [127.013345, 37.730231], [127.013392, 37.730298], [127.013525, 37.730378], [127.013625, 37.730419], [127.013687, 37.73046], [127.013768, 37.730521], [127.01384, 37.730606], [127.013934, 37.73064], [127.014004, 37.730674], [127.014121, 37.730728], [127.014189, 37.730788], [127.014253, 37.730854], [127.01427, 37.730904], [127.014289, 37.730954], [127.014424, 37.730989], [127.01457, 37.731028], [127.014819, 37.731046], [127.01492, 37.731226], [127.014931, 37.731321], [127.015007, 37.731384], [127.015063, 37.731471], [127.015228, 37.731579], [127.015352, 37.731667], [127.015453, 37.731716], [127.015529, 37.731803], [127.015837, 37.731905], [127.015989, 37.731943], [127.016122, 37.731955], [127.016233, 37.731995], [127.016327, 37.73217], [127.016316, 37.732284], [127.016339, 37.732385], [127.016424, 37.732451], [127.01655, 37.73247], [127.016649, 37.732529], [127.016764, 37.732538], [127.016877, 37.732578], [127.016987, 37.732608], [127.017067, 37.732673], [127.017081, 37.732767], [127.017189, 37.732818], [127.017284, 37.732892], [127.017394, 37.732935], [127.017514, 37.732956], [127.017626, 37.732997], [127.017723, 37.733067], [127.017842, 37.733117], [127.017957, 37.733163], [127.0181, 37.733176], [127.018348, 37.733173], [127.018437, 37.733174], [127.018482, 37.733174], [127.018624, 37.733156], [127.018742, 37.732976], [127.018856, 37.732829], [127.018905, 37.732735], [127.018877, 37.732638], [127.018951, 37.732497], [127.019047, 37.732386], [127.019109, 37.732282], [127.019155, 37.732175], [127.01924, 37.732108], [127.019357, 37.732066], [127.019447, 37.732007], [127.019454, 37.731913], [127.019468, 37.731818], [127.019517, 37.731739]], [[127.019517, 37.731739], [127.019566, 37.731645]], [[127.019566, 37.731645], [127.019585, 37.731606]]]}}, {"type": "Feature", "properties": {"name": "북한산둘레길 15구간 안골길", "difficulty": "초급", "distance_km": 5.9, "time_hr": 2.0, "kind": "둘레길", "surface": "둘레길", "desc": "북한산둘레길 · 5.9km", "segments": 21, "min_elev": 61, "max_elev": 152, "ascent": 280, "descent": 232, "profile": [62, 64, 72, 85, 80, 88, 89, 95, 103, 118, 121, 128, 127, 141, 103, 134, 149, 148, 150, 146, 125, 111, 103, 97, 76, 76, 83, 84, 63, 78, 76, 70, 65, 74, 84, 76, 67, 84, 81, 80, 72, 77, 87, 105, 100, 86, 84, 73]}, "geometry": {"type": "MultiLineString", "coordinates": [[[127.02807, 37.742866], [127.028067, 37.7428]], [[127.028067, 37.7428], [127.028066, 37.742788]], [[127.028066, 37.742788], [127.028053, 37.74259]], [[127.028053, 37.74259], [127.028107, 37.742201], [127.02816, 37.742044], [127.028233, 37.741919], [127.028305, 37.741785], [127.028323, 37.741644], [127.028283, 37.741433], [127.028201, 37.741218], [127.02812, 37.741019], [127.02802, 37.740794], [127.027931, 37.74062], [127.02784, 37.740466], [127.027779, 37.740334]], [[127.027779, 37.740334], [127.027745, 37.740212], [127.027725, 37.740045], [127.027683, 37.739837], [127.027624, 37.739523], [127.027659, 37.739392], [127.027821, 37.739154], [127.027887, 37.739071], [127.027936, 37.738956], [127.02795, 37.738895], [127.027958, 37.738836], [127.027962, 37.738803], [127.027961, 37.738672], [127.027919, 37.738492], [127.027882, 37.738366], [127.027842, 37.738289], [127.02764, 37.738071], [127.027568, 37.738016], [127.027467, 37.737949], [127.027391, 37.737885], [127.027314, 37.737827], [127.027244, 37.737773], [127.027187, 37.737718], [127.027137, 37.737668], [127.027089, 37.7376], [127.027018, 37.737488], [127.026962, 37.737394], [127.026918, 37.737324], [127.026862, 37.737198], [127.026841, 37.737141], [127.026806, 37.737068], [127.026719, 37.736907], [127.026606, 37.736765], [127.026397, 37.736556], [127.026199, 37.736359], [127.025873, 37.736049], [127.025782, 37.735858], [127.025743, 37.735728], [127.025707, 37.735393], [127.025661, 37.735157], [127.025637, 37.735091], [127.025539, 37.734955], [127.025354, 37.734755], [127.025148, 37.734602], [127.024712, 37.734347], [127.024486, 37.734158], [127.024287, 37.734044], [127.024171, 37.733948], [127.024085, 37.73369], [127.024068, 37.733545], [127.024015, 37.733066], [127.023985, 37.732922], [127.023932, 37.73281], [127.023771, 37.732648], [127.023517, 37.732528], [127.023223, 37.732421], [127.02291, 37.732391], [127.022709, 37.732377], [127.022571, 37.732335]], [[127.022571, 37.732335], [127.022505, 37.732227]], [[127.020324, 37.731709], [127.020007, 37.731668], [127.019714, 37.731627], [127.019585, 37.731606]], [[127.020589, 37.731748], [127.020324, 37.731709]], [[127.022505, 37.732227], [127.021916, 37.732044], [127.021649, 37.73196], [127.021414, 37.731896], [127.021183, 37.731847], [127.020894, 37.731811], [127.020589, 37.731748]], [[127.025637, 37.735091], [127.025737, 37.735087]], [[127.025737, 37.735087], [127.025915, 37.73505]], [[127.025915, 37.73505], [127.025949, 37.735037], [127.025714, 37.734862], [127.025636, 37.73477], [127.025561, 37.734682], [127.025566, 37.734581], [127.0256, 37.734489], [127.025566, 37.73437], [127.02559, 37.734263], [127.02578, 37.734117], [127.025921, 37.733956], [127.026017, 37.733894], [127.026124, 37.733695], [127.026209, 37.733608], [127.026264, 37.733526], [127.026394, 37.733362], [127.026466, 37.733264], [127.026626, 37.733076], [127.02669, 37.733026], [127.026827, 37.732962], [127.026907, 37.732923], [127.026975, 37.732892], [127.027062, 37.732854], [127.027203, 37.732858], [127.027328, 37.732958], [127.027233, 37.73305], [127.027116, 37.733231], [127.027229, 37.73347], [127.027324, 37.733651], [127.027425, 37.734013], [127.027624, 37.734389], [127.027641, 37.734476], [127.027702, 37.734579], [127.027829, 37.734672], [127.027919, 37.734748], [127.027969, 37.734856], [127.027981, 37.734971], [127.027904, 37.735172], [127.027985, 37.735474], [127.028186, 37.735613], [127.028353, 37.735773], [127.02847, 37.735812], [127.028775, 37.736019], [127.028784, 37.736117], [127.028824, 37.736322], [127.028882, 37.736415], [127.029036, 37.736537], [127.02911, 37.736725], [127.029217, 37.736926], [127.029408, 37.737177], [127.029454, 37.737277], [127.029472, 37.737437], [127.029535, 37.737602], [127.029543, 37.737614], [127.029614, 37.737727], [127.029794, 37.737847], [127.029878, 37.737949], [127.029959, 37.738068], [127.02999, 37.738208], [127.030016, 37.738262], [127.030094, 37.738314], [127.030209, 37.738445], [127.030252, 37.738578], [127.030293, 37.738687], [127.030304, 37.738718], [127.030285, 37.738789], [127.0302, 37.738883], [127.030102, 37.739142], [127.030075, 37.739191], [127.030059, 37.739356], [127.030074, 37.73964], [127.030111, 37.739738], [127.030228, 37.739923], [127.030445, 37.740103], [127.030483, 37.740138], [127.030577, 37.740309], [127.03066, 37.740374], [127.030688, 37.74039], [127.030801, 37.740413], [127.030867, 37.740479]], [[127.030867, 37.740479], [127.030991, 37.74049], [127.031152, 37.740542], [127.031598, 37.7407]], [[127.031598, 37.7407], [127.031589, 37.740576], [127.031543, 37.740417], [127.0312, 37.740148], [127.030993, 37.740007], [127.030947, 37.739934], [127.030916, 37.739891], [127.031004, 37.739698], [127.03112, 37.73956], [127.031156, 37.73943], [127.031336, 37.73931], [127.031498, 37.739242], [127.031628, 37.739214], [127.03174, 37.739173], [127.031816, 37.739117], [127.031835, 37.739103], [127.0319, 37.739012], [127.031879, 37.738922], [127.031818, 37.738835], [127.031776, 37.738746], [127.031758, 37.738647], [127.031814, 37.738535], [127.031669, 37.738422], [127.031702, 37.73831], [127.0318, 37.738253], [127.031925, 37.738231], [127.032046, 37.738247], [127.032194, 37.738244], [127.03233, 37.73821], [127.0326, 37.738215], [127.032708, 37.738187], [127.032797, 37.738126], [127.032842, 37.738021], [127.032789, 37.737947], [127.032647, 37.737898], [127.032523, 37.737749], [127.032509, 37.737657], [127.032379, 37.737615], [127.032118, 37.737597], [127.032098, 37.737517], [127.032144, 37.73742], [127.032226, 37.737354], [127.03234, 37.737341], [127.032677, 37.737211], [127.032798, 37.73719], [127.032895, 37.737141], [127.03288, 37.737032], [127.032787, 37.736965], [127.032691, 37.736928], [127.032542, 37.736895], [127.032419, 37.736858], [127.032355, 37.736763], [127.032364, 37.736653], [127.032466, 37.736467], [127.032495, 37.736415], [127.032506, 37.736384], [127.032549, 37.736278], [127.032698, 37.736197], [127.032799, 37.736102], [127.032815, 37.73601], [127.032732, 37.735948], [127.032624, 37.735908], [127.032608, 37.735874], [127.032635, 37.735812], [127.032711, 37.735776], [127.032688, 37.735724], [127.032582, 37.735624], [127.032655, 37.735507], [127.032771, 37.735431], [127.032825, 37.735382], [127.03289, 37.735294], [127.032925, 37.73521], [127.032936, 37.735151], [127.032895, 37.734954], [127.033074, 37.734396]], [[127.033074, 37.734396], [127.032792, 37.734367]], [[127.032792, 37.734367], [127.032482, 37.734305], [127.032165, 37.734239]], [[127.032165, 37.734239], [127.03177, 37.734164], [127.03134, 37.734068]], [[127.03134, 37.734068], [127.031223, 37.733997], [127.0312, 37.733905], [127.031243, 37.733717], [127.031368, 37.73346], [127.031409, 37.733421], [127.03151, 37.733329], [127.031758, 37.733042], [127.032126, 37.73276], [127.032258, 37.73263], [127.032408, 37.732473], [127.03253, 37.732371], [127.032652, 37.732278], [127.032871, 37.732017]], [[127.03381, 37.727629], [127.033768, 37.727669], [127.033748, 37.727702], [127.033742, 37.72782], [127.033744, 37.727895], [127.033727, 37.728237], [127.033665, 37.728394], [127.033555, 37.728562], [127.033394, 37.72874], [127.033059, 37.729084], [127.032742, 37.729369], [127.03248, 37.729568], [127.032065, 37.729784], [127.031925, 37.729895], [127.031841, 37.729968], [127.031808, 37.730036], [127.031792, 37.730066], [127.031777, 37.730153], [127.031847, 37.730492], [127.03193, 37.730692], [127.032134, 37.73089], [127.032787, 37.731334], [127.032854, 37.731394], [127.032906, 37.731446], [127.032941, 37.731501], [127.032955, 37.731568], [127.032913, 37.731805], [127.032871, 37.732017]], [[127.033956, 37.727512], [127.03381, 37.727629]], [[127.035905, 37.723151], [127.035528, 37.72319], [127.035059, 37.723108], [127.035071, 37.723205], [127.035092, 37.723297], [127.035057, 37.72339], [127.034969, 37.72347], [127.034902, 37.723552], [127.034897, 37.723636], [127.034831, 37.723849], [127.034723, 37.723885], [127.034652, 37.723991], [127.034629, 37.724085], [127.034533, 37.724283], [127.034431, 37.724333], [127.034303, 37.724325], [127.034035, 37.724401], [127.033926, 37.724473], [127.033881, 37.724555], [127.033834, 37.72461], [127.033808, 37.724651], [127.033614, 37.724758], [127.033593, 37.724853], [127.033708, 37.725013], [127.033782, 37.725094], [127.033923, 37.725132], [127.034129, 37.725009], [127.034259, 37.725044], [127.034463, 37.724954], [127.034478, 37.725034], [127.034481, 37.72506], [127.034469, 37.725087], [127.034423, 37.725187], [127.034375, 37.725352], [127.034365, 37.725466], [127.034332, 37.725558], [127.034307, 37.725652], [127.034267, 37.725737], [127.0342, 37.725822], [127.034162, 37.725933], [127.034109, 37.726204], [127.034104, 37.726324], [127.034147, 37.726415], [127.034124, 37.726519], [127.034072, 37.726603], [127.034081, 37.726703], [127.03406, 37.726801], [127.0341, 37.72689], [127.034074, 37.727008], [127.034037, 37.727083], [127.033971, 37.727184], [127.033939, 37.727278], [127.033865, 37.727368], [127.033767, 37.727423], [127.033697, 37.727564], [127.033698, 37.727601], [127.03381, 37.727629]]]}}, {"type": "Feature", "properties": {"name": "북한산둘레길 15구간 송추마을길", "difficulty": "초급", "distance_km": 4.97, "time_hr": 1.7, "kind": "둘레길", "surface": "둘레길", "desc": "북한산둘레길 · 4.97km", "segments": 15, "min_elev": 116, "max_elev": 208, "ascent": 169, "descent": 159, "profile": [126, 125, 125, 122, 121, 120, 118, 120, 117, 119, 126, 135, 152, 169, 180, 190, 205, 200, 189, 178, 176, 156, 144, 139, 123, 127, 127, 130, 131, 133, 125, 131, 140, 134, 144, 144, 145, 153, 149, 136, 134, 131, 127, 166, 162, 154, 153, 148]}, "geometry": {"type": "MultiLineString", "coordinates": [[[126.970213, 37.700286], [126.97024, 37.700402], [126.970293, 37.700657], [126.970386, 37.701273], [126.970461, 37.701944], [126.970524, 37.702463], [126.97055, 37.702725]], [[126.97055, 37.702725], [126.970645, 37.703402], [126.970709, 37.70405]], [[126.970709, 37.70405], [126.970773, 37.704697], [126.970851, 37.705328], [126.970918, 37.705842], [126.970988, 37.706274], [126.971093, 37.706807], [126.971217, 37.70732], [126.971357, 37.707838], [126.971357, 37.70784], [126.97139, 37.707971], [126.971452, 37.708264], [126.971464, 37.708572], [126.971486, 37.708607]], [[126.971486, 37.708607], [126.971562, 37.708635], [126.972088, 37.708763], [126.972221, 37.708807], [126.972272, 37.708852], [126.972438, 37.709012], [126.972544, 37.709132], [126.972575, 37.709182], [126.972608, 37.709268], [126.972621, 37.709344], [126.972632, 37.709417], [126.972649, 37.709565]], [[126.972649, 37.709565], [126.97274, 37.709588], [126.972835, 37.709615], [126.973062, 37.709707], [126.973206, 37.709762], [126.973259, 37.709788], [126.973306, 37.709825], [126.973373, 37.709919], [126.973478, 37.710051], [126.973596, 37.710138], [126.973619, 37.710149], [126.973668, 37.710152], [126.973821, 37.710205], [126.97386, 37.710245], [126.973943, 37.710257], [126.974092, 37.710179], [126.974121, 37.710186], [126.974198, 37.710157], [126.974251, 37.710098], [126.974418, 37.710076], [126.974448, 37.710105], [126.974468, 37.710144], [126.974498, 37.710162], [126.974583, 37.710158], [126.974677, 37.710233], [126.974663, 37.710283], [126.974689, 37.710318], [126.974691, 37.710356], [126.974743, 37.710383], [126.974827, 37.710498], [126.974827, 37.710579], [126.974862, 37.710621], [126.974883, 37.710569], [126.975081, 37.710498], [126.975148, 37.710441], [126.975177, 37.710432], [126.975235, 37.710478], [126.975402, 37.71048], [126.975448, 37.710497], [126.975536, 37.710481], [126.975567, 37.710501], [126.975741, 37.710511], [126.975918, 37.710587], [126.976027, 37.710716], [126.976185, 37.710817], [126.976227, 37.710882], [126.97626, 37.711034], [126.976292, 37.711093], [126.976317, 37.71121], [126.976403, 37.711375], [126.976488, 37.711545], [126.97653, 37.711545], [126.976649, 37.711416], [126.976662, 37.711362], [126.976715, 37.711337], [126.976732, 37.711292], [126.976796, 37.711268], [126.976876, 37.711147], [126.976988, 37.71112], [126.977033, 37.711126], [126.977176, 37.711125], [126.977237, 37.711135], [126.977383, 37.711248], [126.977436, 37.711258], [126.977489, 37.711222], [126.977506, 37.711184], [126.977589, 37.711146], [126.977639, 37.711078], [126.977806, 37.711042], [126.977838, 37.711044], [126.977903, 37.711033], [126.977939, 37.711007], [126.97801, 37.710996], [126.978139, 37.711038], [126.978264, 37.71101], [126.978365, 37.711051], [126.978513, 37.710959], [126.978564, 37.710898], [126.978609, 37.710887], [126.978667, 37.7109], [126.9787, 37.710888], [126.978731, 37.710852], [126.978792, 37.710831], [126.978857, 37.710846], [126.978906, 37.710878], [126.978944, 37.710921], [126.979023, 37.710995], [126.979046, 37.710988], [126.979087, 37.710902], [126.979142, 37.710873], [126.979179, 37.710878], [126.979212, 37.710934], [126.979252, 37.710952], [126.979258, 37.710947], [126.979332, 37.710935], [126.979497, 37.710883], [126.979595, 37.710825], [126.979657, 37.710775], [126.979691, 37.710703], [126.979865, 37.710579], [126.979897, 37.710518], [126.979914, 37.710454], [126.979977, 37.710388], [126.980049, 37.710413], [126.980089, 37.710405], [126.980191, 37.710437], [126.980219, 37.71042], [126.98029, 37.710426], [126.980392, 37.710387], [126.980452, 37.710417], [126.980488, 37.710493], [126.980477, 37.71064], [126.980498, 37.71072], [126.980502, 37.710825], [126.980566, 37.710888], [126.980844, 37.710993], [126.980929, 37.71111], [126.980908, 37.711168], [126.980948, 37.711235], [126.981084, 37.711356], [126.98118, 37.711428], [126.981241, 37.711481], [126.981326, 37.71155], [126.9814, 37.711593], [126.981423, 37.711624], [126.981469, 37.711687], [126.981543, 37.711748], [126.981584, 37.711797], [126.981734, 37.71194], [126.981762, 37.712003], [126.981829, 37.712118], [126.981864, 37.712173], [126.981978, 37.712313], [126.982027, 37.712349], [126.982007, 37.71256]], [[126.982007, 37.71256], [126.982119, 37.712564], [126.98226, 37.712564], [126.982337, 37.712592], [126.982396, 37.712629], [126.982462, 37.712695], [126.982509, 37.712764], [126.98253, 37.712806], [126.98254, 37.712875], [126.982543, 37.712957], [126.98253, 37.71316]], [[126.98253, 37.71316], [126.982799, 37.713179]], [[126.982799, 37.713179], [126.982969, 37.713178], [126.983048, 37.713161], [126.983154, 37.713124], [126.983183, 37.713139]], [[126.983183, 37.713139], [126.983246, 37.713173], [126.983431, 37.71327]], [[126.978935, 37.71669], [126.979621, 37.716452], [126.97972, 37.716383], [126.979801, 37.716328], [126.979892, 37.716229], [126.980059, 37.715939], [126.980124, 37.715811], [126.980177, 37.71566], [126.980279, 37.715452], [126.980421, 37.715265], [126.980547, 37.715087], [126.980686, 37.714914], [126.980855, 37.714779], [126.98112, 37.714557], [126.981351, 37.714445], [126.981634, 37.714321], [126.981944, 37.714214], [126.982081, 37.714185], [126.982177, 37.714168], [126.982375, 37.71413], [126.9824, 37.714123], [126.982493, 37.714086], [126.982567, 37.714057], [126.982653, 37.714019], [126.982737, 37.713969], [126.982877, 37.713864], [126.98289, 37.713849], [126.983065, 37.713653], [126.983273, 37.713433], [126.983431, 37.71327]], [[126.978935, 37.71669], [126.979675, 37.717263]], [[126.979675, 37.717263], [126.980154, 37.717616], [126.980644, 37.717375], [126.980773, 37.717343], [126.980992, 37.717314], [126.981192, 37.717309], [126.981455, 37.717306], [126.981546, 37.717317]], [[126.984823, 37.719846], [126.984827, 37.719792], [126.98482, 37.719753], [126.984807, 37.719705], [126.984779, 37.719653], [126.984733, 37.719545], [126.984702, 37.719507], [126.984637, 37.719443], [126.984548, 37.719404], [126.984478, 37.719372], [126.984428, 37.719363], [126.984348, 37.719353], [126.98428, 37.719359], [126.984239, 37.719364], [126.984169, 37.71934], [126.984073, 37.719313], [126.983946, 37.71927], [126.983892, 37.71926], [126.983825, 37.719256], [126.983774, 37.719259], [126.983719, 37.719263], [126.983698, 37.719259], [126.983676, 37.71926], [126.983662, 37.719263], [126.983651, 37.719263], [126.983626, 37.719251], [126.983553, 37.719194], [126.983175, 37.718895], [126.982896, 37.718676], [126.982643, 37.718477], [126.982456, 37.718334], [126.982336, 37.718248], [126.982293, 37.718206], [126.982261, 37.718167], [126.982197, 37.71813], [126.982151, 37.718117], [126.982094, 37.718082], [126.982063, 37.718068], [126.981966, 37.718044], [126.981904, 37.718029], [126.981868, 37.718016], [126.981835, 37.718011], [126.981811, 37.718005], [126.981823, 37.717974], [126.981811, 37.717943], [126.981811, 37.717932], [126.98176, 37.717843], [126.98176, 37.717826], [126.981772, 37.717815], [126.98178, 37.71781], [126.981801, 37.717804], [126.981865, 37.717785], [126.981854, 37.717754], [126.98183, 37.717726], [126.981755, 37.717658], [126.981664, 37.717586], [126.981616, 37.717535], [126.981597, 37.717471], [126.981546, 37.717317]], [[126.991519, 37.721939], [126.991365, 37.721951], [126.991215, 37.721944], [126.99106, 37.72192], [126.990928, 37.721897], [126.990771, 37.721868], [126.989773, 37.721626], [126.989726, 37.721614], [126.989213, 37.721491], [126.988894, 37.721384], [126.988675, 37.721301], [126.98844, 37.721203], [126.988122, 37.721076], [126.987959, 37.721025], [126.987306, 37.720801], [126.986934, 37.720634], [126.985985, 37.720296], [126.985794, 37.72023], [126.985645, 37.720198], [126.985398, 37.720126], [126.985189, 37.72003], [126.984901, 37.719911], [126.984848, 37.719867], [126.984823, 37.719846]], [[126.996746, 37.721749], [126.996647, 37.721716], [126.996526, 37.721647], [126.996177, 37.721498], [126.995922, 37.721374], [126.995714, 37.721329], [126.995389, 37.721264], [126.995071, 37.721218], [126.99489, 37.721202], [126.994556, 37.721302], [126.994213, 37.721371], [126.994031, 37.721439], [126.993938, 37.721466], [126.99381, 37.721435], [126.993708, 37.721405], [126.993617, 37.721402], [126.993374, 37.721474], [126.99325, 37.721454], [126.993201, 37.721451], [126.993076, 37.721443], [126.992915, 37.721437], [126.992628, 37.721458], [126.992535, 37.721488], [126.992416, 37.72153], [126.992282, 37.721604], [126.991969, 37.721778], [126.991681, 37.721897], [126.991519, 37.721939]]]}}, {"type": "Feature", "properties": {"name": "북한산둘레길 16구간 보루길", "difficulty": "초급", "distance_km": 2.92, "time_hr": 1.0, "kind": "둘레길", "surface": "둘레길", "desc": "북한산둘레길 · 2.92km", "segments": 9, "min_elev": 76, "max_elev": 219, "ascent": 236, "descent": 260, "profile": [100, 111, 124, 133, 142, 149, 152, 148, 136, 122, 109, 103, 99, 92, 86, 79, 88, 96, 109, 121, 131, 138, 126, 118, 120, 113, 120, 130, 133, 138, 153, 166, 182, 202, 219, 205, 187, 176, 175, 154, 129, 116, 102, 98, 88, 84, 84, 76]}, "geometry": {"type": "MultiLineString", "coordinates": [[[127.037507, 37.707227], [127.037409, 37.707271], [127.037302, 37.707326], [127.037192, 37.707349], [127.037085, 37.707392], [127.036929, 37.707508], [127.036823, 37.707624], [127.036682, 37.70764], [127.036569, 37.707657], [127.03646, 37.707702], [127.036336, 37.707786], [127.035797, 37.708062], [127.035741, 37.708149], [127.035663, 37.708228], [127.035585, 37.708521], [127.035523, 37.708601], [127.035513, 37.708792], [127.035569, 37.708898], [127.035515, 37.709096], [127.035175, 37.709232], [127.034925, 37.709293], [127.034952, 37.709404], [127.035011, 37.709493], [127.035143, 37.709544], [127.035548, 37.709781], [127.035698, 37.709828], [127.035837, 37.709832], [127.035945, 37.709872], [127.036014, 37.70997], [127.03613, 37.710019], [127.036409, 37.710019], [127.03654, 37.710065], [127.036596, 37.710161], [127.036615, 37.710246], [127.03669, 37.710352], [127.036647, 37.71045], [127.036663, 37.710596], [127.036717, 37.710766], [127.036747, 37.710859], [127.0368, 37.710963], [127.03684, 37.711054], [127.036838, 37.71115], [127.036816, 37.711239], [127.036749, 37.711343], [127.036704, 37.711424], [127.036673, 37.7115], [127.036599, 37.711603], [127.036536, 37.711659], [127.03636, 37.711704]], [[127.03636, 37.711704], [127.036407, 37.711746], [127.036535, 37.711878], [127.036591, 37.711999], [127.036642, 37.712071], [127.036771, 37.712211], [127.036832, 37.712277], [127.036889, 37.712385], [127.036937, 37.712499], [127.036981, 37.712648], [127.037015, 37.712777], [127.037063, 37.712868], [127.037136, 37.712931], [127.037268, 37.713041], [127.037426, 37.713178]], [[127.037426, 37.713178], [127.037295, 37.713246], [127.037194, 37.713278], [127.03713, 37.71334], [127.037001, 37.713395], [127.036894, 37.71346], [127.036779, 37.713478], [127.036687, 37.71356], [127.03661, 37.713662], [127.036532, 37.71373], [127.036403, 37.713758], [127.036291, 37.713764], [127.03617, 37.713819], [127.036087, 37.713872], [127.035979, 37.713906], [127.035867, 37.714042], [127.035786, 37.714152], [127.035711, 37.714218], [127.035655, 37.714314], [127.035639, 37.714449], [127.035625, 37.714536], [127.035521, 37.714579], [127.035427, 37.714644], [127.03532, 37.714579], [127.035185, 37.71456], [127.035038, 37.714555], [127.034931, 37.714528], [127.034799, 37.714526], [127.0347, 37.714456], [127.034628, 37.714366], [127.034515, 37.714331], [127.034464, 37.714411], [127.034429, 37.714615], [127.034485, 37.714687], [127.034719, 37.714793], [127.034727, 37.714889], [127.034807, 37.714963], [127.034909, 37.715018], [127.034984, 37.715105], [127.035094, 37.715164], [127.035089, 37.715264], [127.035167, 37.715444], [127.035129, 37.715548], [127.035059, 37.715616], [127.035, 37.715712], [127.035033, 37.715816], [127.035129, 37.715873], [127.035261, 37.71589], [127.035397, 37.715928], [127.03547, 37.715958], [127.035565, 37.715988], [127.03566, 37.715996]], [[127.03566, 37.715996], [127.035651, 37.716184], [127.035633, 37.716346], [127.035619, 37.71648], [127.035604, 37.716578], [127.035555, 37.716708], [127.035448, 37.716819], [127.035417, 37.716863], [127.035363, 37.716934], [127.035274, 37.717021], [127.035207, 37.717072], [127.035134, 37.717101], [127.034995, 37.717118], [127.034909, 37.717104], [127.034791, 37.717108], [127.034649, 37.717084], [127.034491, 37.717074], [127.034308, 37.71708], [127.034067, 37.717154], [127.033986, 37.717191], [127.033954, 37.717218], [127.033858, 37.71729]], [[127.033858, 37.71729], [127.033823, 37.717413], [127.033785, 37.7175], [127.033716, 37.717575], [127.033598, 37.717577], [127.03348, 37.717541], [127.033351, 37.717541], [127.033101, 37.717604], [127.033024, 37.717677], [127.033125, 37.717736], [127.033206, 37.717821], [127.033171, 37.717914], [127.033163, 37.718016], [127.033177, 37.718112], [127.033133, 37.718217], [127.03311, 37.7183], [127.033061, 37.7184], [127.033026, 37.71849], [127.032899, 37.718518], [127.03279, 37.718484], [127.03261, 37.718364], [127.03238, 37.718289], [127.032263, 37.718327], [127.032147, 37.718346], [127.032037, 37.718389], [127.031976, 37.718481], [127.03196, 37.718572], [127.032009, 37.718686], [127.031948, 37.718775], [127.031825, 37.718877], [127.03178, 37.718977], [127.031785, 37.719099], [127.031756, 37.719183], [127.031752, 37.719305], [127.031663, 37.719485], [127.03165, 37.719623], [127.031675, 37.719707], [127.031768, 37.71991], [127.03187, 37.71999], [127.032114, 37.72007], [127.032293, 37.720205], [127.032337, 37.720299], [127.032398, 37.720382], [127.032468, 37.720498], [127.032476, 37.720601], [127.032549, 37.720697], [127.032634, 37.72073], [127.032712, 37.720807], [127.032659, 37.720897], [127.03261, 37.720981], [127.032716, 37.721021], [127.032827, 37.721013], [127.0329, 37.721069], [127.033027, 37.721112], [127.033237, 37.721149], [127.033304, 37.721195], [127.033362, 37.72138], [127.033406, 37.721509], [127.033508, 37.721623], [127.033662, 37.721717], [127.033732, 37.721843], [127.033685, 37.721972], [127.033626, 37.722049], [127.033681, 37.722094], [127.033786, 37.722116], [127.034007, 37.722071], [127.034063, 37.722074], [127.034093, 37.722097], [127.034074, 37.722139], [127.033953, 37.722197], [127.033917, 37.722261], [127.033826, 37.722341], [127.033744, 37.722465]], [[127.033744, 37.722465], [127.033947, 37.722556], [127.034102, 37.722594]], [[127.034102, 37.722594], [127.03444, 37.722699], [127.03492, 37.722913], [127.035084, 37.722968], [127.035454, 37.723021]], [[127.035454, 37.723021], [127.035857, 37.723139]], [[127.035857, 37.723139], [127.035905, 37.723151]]]}}, {"type": "Feature", "properties": {"name": "북한산둘레길 17구간 다락원길", "difficulty": "초급", "distance_km": 3.29, "time_hr": 1.1, "kind": "둘레길", "surface": "둘레길", "desc": "북한산둘레길 · 3.29km", "segments": 19, "min_elev": 35, "max_elev": 100, "ascent": 71, "descent": 152, "profile": [100, 93, 84, 83, 75, 70, 63, 58, 53, 50, 47, 43, 45, 43, 50, 49, 40, 46, 48, 56, 53, 35, 38, 35, 35, 53, 59, 62, 53, 56, 64, 54, 49, 49, 46, 38, 49, 45, 44, 46, 47, 47, 67, 65, 59, 57, 46, 46]}, "geometry": {"type": "MultiLineString", "coordinates": [[[127.037507, 37.707227], [127.037686, 37.707259], [127.037963, 37.707285], [127.038084, 37.707307], [127.038261, 37.707316], [127.03839, 37.707332], [127.038563, 37.707352], [127.038687, 37.707361], [127.038944, 37.707381], [127.039087, 37.707374], [127.039371, 37.707462], [127.039756, 37.707539], [127.039941, 37.707538], [127.04017, 37.707497], [127.040362, 37.707462], [127.040492, 37.707452], [127.040652, 37.707476], [127.040956, 37.707525], [127.04126, 37.707549], [127.041376, 37.707547], [127.041445, 37.707539], [127.041514, 37.707502], [127.041592, 37.707431], [127.04166, 37.707326], [127.041721, 37.707277], [127.041862, 37.707233], [127.042062, 37.707178], [127.042243, 37.707146]], [[127.042243, 37.707146], [127.042632, 37.706997], [127.043273, 37.706801], [127.043387, 37.706801], [127.043894, 37.706858], [127.044294, 37.706966], [127.044516, 37.707065], [127.045333, 37.707589]], [[127.04528, 37.706359], [127.045289, 37.706483], [127.045318, 37.70715], [127.045333, 37.707492], [127.045333, 37.707589]], [[127.045278, 37.706003], [127.04528, 37.706359]], [[127.045221, 37.704571], [127.045228, 37.704652], [127.045253, 37.705367], [127.045257, 37.705486], [127.045271, 37.705771], [127.045278, 37.706003]], [[127.046304, 37.701905], [127.045536, 37.702097], [127.04544, 37.702158], [127.045368, 37.702224], [127.045319, 37.702302], [127.045302, 37.702378], [127.045286, 37.702536], [127.045258, 37.703062], [127.045204, 37.703533], [127.045202, 37.703868], [127.045208, 37.704203], [127.045221, 37.704571]], [[127.046194, 37.700678], [127.046216, 37.700772], [127.046231, 37.700809], [127.046238, 37.700847], [127.046249, 37.700971], [127.04629, 37.701144], [127.046309, 37.701284], [127.046312, 37.70139], [127.046325, 37.70159], [127.04634, 37.701693], [127.046334, 37.701735], [127.046322, 37.701775], [127.046296, 37.701833], [127.046304, 37.701905]], [[127.046194, 37.700678], [127.046096, 37.700622], [127.046033, 37.700603], [127.045967, 37.700588], [127.045914, 37.70058], [127.04579, 37.7006]], [[127.04579, 37.7006], [127.045784, 37.700563], [127.045777, 37.700533]], [[127.045777, 37.700533], [127.045693, 37.700485]], [[127.045693, 37.700485], [127.045606, 37.700482]], [[127.045606, 37.700482], [127.045441, 37.700414], [127.045365, 37.700422]], [[127.044765, 37.700438], [127.045278, 37.70041], [127.045365, 37.700422]], [[127.040818, 37.697459], [127.040761, 37.697533], [127.040658, 37.697591], [127.040535, 37.697632], [127.040432, 37.697732], [127.040373, 37.697794], [127.040333, 37.697855], [127.040326, 37.697916], [127.040325, 37.698089], [127.040363, 37.698179], [127.040308, 37.698285], [127.040262, 37.698413], [127.040227, 37.698629], [127.040265, 37.698711], [127.040299, 37.698736], [127.040376, 37.698739], [127.040521, 37.698698], [127.040649, 37.698592], [127.040736, 37.698488], [127.041024, 37.698213], [127.041115, 37.698233], [127.041206, 37.698251], [127.04128, 37.698235], [127.041352, 37.698181], [127.041484, 37.698165], [127.041576, 37.698188], [127.041678, 37.698248], [127.041733, 37.698329], [127.041847, 37.698487], [127.041915, 37.698565], [127.041905, 37.698695], [127.041917, 37.698793], [127.041964, 37.698839], [127.042055, 37.698904], [127.042135, 37.698939], [127.042208, 37.698963], [127.042272, 37.699112], [127.042329, 37.699222], [127.042345, 37.699339], [127.04238, 37.699441], [127.042413, 37.69954], [127.042463, 37.699619], [127.042529, 37.699673], [127.042705, 37.699833], [127.042783, 37.699936], [127.042863, 37.700039], [127.042909, 37.700153], [127.042957, 37.700253], [127.043176, 37.700304], [127.043308, 37.700304], [127.043458, 37.700352], [127.043582, 37.70042], [127.043673, 37.700419], [127.043747, 37.700432], [127.043811, 37.70047], [127.043917, 37.700486], [127.044043, 37.70044], [127.044213, 37.700328], [127.044254, 37.700304], [127.04434, 37.700298], [127.044396, 37.700295], [127.044431, 37.700308], [127.044491, 37.700371], [127.044555, 37.700474], [127.044634, 37.7005], [127.044683, 37.700484], [127.044695, 37.700467], [127.044765, 37.700438]], [[127.040818, 37.697459], [127.040832, 37.697425], [127.040876, 37.69734], [127.040931, 37.69725], [127.041102, 37.69699], [127.041199, 37.696871], [127.041339, 37.696735], [127.041396, 37.696691], [127.041514, 37.696633], [127.041693, 37.69655], [127.041948, 37.696483], [127.042063, 37.696467]], [[127.042063, 37.696467], [127.041978, 37.69642], [127.041886, 37.696362], [127.041808, 37.696311], [127.041723, 37.696259], [127.041611, 37.696192], [127.041533, 37.696153], [127.041465, 37.696124], [127.041272, 37.696058], [127.041209, 37.696034], [127.041105, 37.695961], [127.04104, 37.695892], [127.040944, 37.695797], [127.040857, 37.695714], [127.040802, 37.69567], [127.040738, 37.695626], [127.040653, 37.695582], [127.040569, 37.695545], [127.040452, 37.695504], [127.040329, 37.695462], [127.040081, 37.695388], [127.039585, 37.695266], [127.039288, 37.695195]], [[127.039447, 37.694063], [127.039573, 37.694093], [127.039652, 37.694128], [127.039742, 37.69418], [127.039974, 37.694411], [127.040133, 37.694523], [127.040325, 37.694717], [127.040376, 37.694761], [127.040488, 37.694835], [127.040581, 37.694873], [127.040682, 37.694913], [127.040992, 37.695006], [127.041268, 37.69519], [127.041455, 37.695301], [127.041534, 37.695364], [127.041656, 37.695397], [127.041786, 37.695482], [127.041814, 37.695641], [127.041744, 37.69576], [127.04174, 37.695881], [127.041712, 37.695964]], [[127.041712, 37.695964], [127.041585, 37.695941], [127.041422, 37.69592]], [[127.041422, 37.69592], [127.041272, 37.696058]]]}}, {"type": "Feature", "properties": {"name": "북한산둘레길 18구간 도봉옛길", "difficulty": "초급", "distance_km": 3.37, "time_hr": 1.1, "kind": "둘레길", "surface": "둘레길", "desc": "북한산둘레길 · 3.37km", "segments": 20, "min_elev": 44, "max_elev": 150, "ascent": 156, "descent": 183, "profile": [69, 83, 82, 85, 93, 105, 104, 106, 126, 148, 138, 119, 111, 106, 97, 90, 86, 81, 73, 71, 123, 113, 102, 96, 87, 77, 130, 132, 132, 122, 133, 99, 78, 82, 91, 98, 72, 70, 67, 64, 56, 53, 51, 50, 49, 45, 45, 45]}, "geometry": {"type": "MultiLineString", "coordinates": [[[127.039447, 37.694063], [127.039087, 37.694067], [127.038983, 37.694017], [127.03892, 37.693927], [127.038895, 37.693884], [127.038878, 37.693775], [127.038864, 37.693665], [127.038863, 37.693603], [127.038802, 37.693563], [127.03869, 37.693511], [127.038545, 37.693455], [127.038474, 37.693373], [127.038384, 37.69329], [127.038288, 37.693244], [127.038151, 37.693223], [127.038025, 37.69323], [127.03767, 37.693206], [127.037569, 37.693201], [127.037476, 37.693189], [127.037324, 37.693132], [127.037223, 37.693019], [127.037139, 37.692912], [127.037087, 37.692912], [127.037046, 37.692853], [127.037021, 37.692782], [127.03683, 37.692653], [127.03674, 37.69263], [127.036616, 37.692611], [127.036539, 37.692574], [127.036466, 37.692528], [127.036436, 37.692515], [127.036333, 37.692468], [127.036199, 37.692409], [127.036113, 37.692366], [127.036025, 37.692406], [127.035936, 37.692484], [127.035806, 37.692485], [127.035644, 37.69252], [127.035488, 37.692487], [127.03535, 37.692458], [127.035226, 37.692416], [127.035076, 37.692344], [127.035, 37.692304], [127.034871, 37.692254], [127.034718, 37.69223], [127.034603, 37.692231], [127.034419, 37.692211], [127.034343, 37.692192], [127.034227, 37.692129], [127.034109, 37.692064], [127.033978, 37.691998], [127.033874, 37.691966], [127.033762, 37.691943], [127.033616, 37.691914], [127.033462, 37.691885], [127.033332, 37.691868]], [[127.033332, 37.691868], [127.033345, 37.691823], [127.033365, 37.691763], [127.033391, 37.691727], [127.033431, 37.691683], [127.033499, 37.691612], [127.033544, 37.691571], [127.03363, 37.691521], [127.033723, 37.691477], [127.033766, 37.691454], [127.033824, 37.691398], [127.033885, 37.691321], [127.033975, 37.691249], [127.033993, 37.691197], [127.033997, 37.69115], [127.034013, 37.691092], [127.034077, 37.691016], [127.034113, 37.690973], [127.034082, 37.690947], [127.034118, 37.6909], [127.034137, 37.690845], [127.03415, 37.690798], [127.034148, 37.690759], [127.034125, 37.690725], [127.034152, 37.690671], [127.034148, 37.690626], [127.034151, 37.690595], [127.034169, 37.690572], [127.034192, 37.690549], [127.034243, 37.690484], [127.034244, 37.690449], [127.034253, 37.690419], [127.03428, 37.690395], [127.034321, 37.690374], [127.034375, 37.690354], [127.034432, 37.690272], [127.034447, 37.690219], [127.03446, 37.690156], [127.034461, 37.690054], [127.034438, 37.690005], [127.034439, 37.689964], [127.034456, 37.68994], [127.034504, 37.689908], [127.034552, 37.689867], [127.034578, 37.689853], [127.03456, 37.689788], [127.034541, 37.689735], [127.03454, 37.68971], [127.034563, 37.689685], [127.034574, 37.689671], [127.034576, 37.689651], [127.034577, 37.689625], [127.034603, 37.689543], [127.034612, 37.689465], [127.034667, 37.689407], [127.034736, 37.689351], [127.034744, 37.689341], [127.034742, 37.689328], [127.034714, 37.689312], [127.034704, 37.689304], [127.034703, 37.689286], [127.034706, 37.689253], [127.034751, 37.689219], [127.034782, 37.689174], [127.034872, 37.689028], [127.034886, 37.688915], [127.034899, 37.68881], [127.035029, 37.688478], [127.035088, 37.688248], [127.035123, 37.688129], [127.035134, 37.688064], [127.035128, 37.687993], [127.03512, 37.68794], [127.035098, 37.687887]], [[127.035098, 37.687887], [127.035076, 37.687744], [127.035095, 37.687616], [127.035172, 37.687514], [127.035216, 37.687456], [127.035263, 37.68734], [127.035286, 37.687209], [127.035316, 37.687075], [127.035342, 37.686951], [127.035361, 37.686848], [127.035404, 37.686767], [127.035444, 37.6867], [127.035537, 37.686572], [127.035602, 37.686533], [127.035695, 37.686468], [127.03572, 37.68645], [127.035807, 37.686338]], [[127.035807, 37.686338], [127.035505, 37.686178], [127.035315, 37.68614]], [[127.03059, 37.68514], [127.030732, 37.685096], [127.030916, 37.685089], [127.031021, 37.685087], [127.031156, 37.685101], [127.031338, 37.685107], [127.031478, 37.685122], [127.031652, 37.685153], [127.031836, 37.685167], [127.031981, 37.685172], [127.032114, 37.685174], [127.032453, 37.685215], [127.032724, 37.685303], [127.032858, 37.685375], [127.032926, 37.685424], [127.032996, 37.685476], [127.03308, 37.685579], [127.033152, 37.685652], [127.033216, 37.685703], [127.033386, 37.685754], [127.033507, 37.685798], [127.033674, 37.685902], [127.033895, 37.685994], [127.034081, 37.686036], [127.034376, 37.686088], [127.034784, 37.686127], [127.035121, 37.686128], [127.035315, 37.68614]], [[127.02995, 37.684916], [127.03007, 37.685033], [127.030141, 37.68511], [127.030206, 37.68515], [127.030312, 37.685167], [127.030449, 37.68516], [127.03059, 37.68514]], [[127.030263, 37.683984], [127.030249, 37.684011], [127.030223, 37.684048], [127.030214, 37.684073], [127.030239, 37.684151], [127.030263, 37.684213], [127.030249, 37.684243], [127.030207, 37.684283], [127.030152, 37.68433], [127.03013, 37.684373], [127.030159, 37.684414], [127.030197, 37.684459], [127.03021, 37.684511], [127.030177, 37.684558], [127.030119, 37.684592], [127.030068, 37.684637], [127.029994, 37.684683], [127.029956, 37.684733], [127.029933, 37.684776], [127.029944, 37.68482], [127.029946, 37.684854], [127.02995, 37.684916]], [[127.030284, 37.683926], [127.030263, 37.683984]], [[127.030347, 37.683764], [127.030313, 37.68385], [127.030284, 37.683926]], [[127.030265, 37.682811], [127.030274, 37.682846], [127.0303, 37.68291], [127.030312, 37.682956], [127.030307, 37.683031], [127.030275, 37.683108], [127.030252, 37.683219], [127.030299, 37.683334], [127.030315, 37.68353], [127.030339, 37.683657], [127.030347, 37.683764]], [[127.030184, 37.682603], [127.030198, 37.682649], [127.030233, 37.682738], [127.030249, 37.682775], [127.030265, 37.682811]], [[127.030107, 37.682374], [127.030122, 37.68241], [127.030161, 37.682467], [127.030183, 37.682494], [127.030191, 37.682521], [127.030188, 37.682564], [127.030184, 37.682603]], [[127.029856, 37.681922], [127.029923, 37.681994], [127.030006, 37.682094], [127.030063, 37.682144], [127.030077, 37.682173], [127.030077, 37.682207], [127.030081, 37.682255], [127.030075, 37.682319], [127.030107, 37.682374]], [[127.029812, 37.679822], [127.029747, 37.679932], [127.029666, 37.680087], [127.029619, 37.680187], [127.029557, 37.680304], [127.029516, 37.680425], [127.029496, 37.680514], [127.02949, 37.680543], [127.02948, 37.680594], [127.029476, 37.68069], [127.029495, 37.680834], [127.029493, 37.680985], [127.029506, 37.681151], [127.029522, 37.681243], [127.029542, 37.681341], [127.029562, 37.681447], [127.029566, 37.681505], [127.029563, 37.681562], [127.029587, 37.681604], [127.029596, 37.681629], [127.029628, 37.681673], [127.029723, 37.681763], [127.029806, 37.681865], [127.029828, 37.68189], [127.029856, 37.681922]], [[127.030069, 37.679457], [127.030054, 37.679471], [127.030039, 37.679486], [127.029969, 37.679554], [127.02992, 37.67964], [127.029878, 37.679719], [127.029812, 37.679822]], [[127.030095, 37.679432], [127.030069, 37.679457]], [[127.03012, 37.679409], [127.030109, 37.679419], [127.030095, 37.679432]], [[127.03012, 37.679409], [127.030197, 37.679358], [127.030233, 37.679325], [127.030259, 37.679288], [127.030276, 37.679238], [127.030294, 37.67918], [127.030309, 37.679135], [127.030326, 37.679097], [127.030349, 37.679056], [127.030383, 37.679014], [127.030422, 37.678967], [127.030509, 37.678886], [127.030569, 37.678834], [127.030818, 37.678703], [127.031008, 37.678607], [127.031112, 37.678551], [127.031169, 37.67851]], [[127.031169, 37.67851], [127.03113, 37.678468], [127.03108, 37.678424], [127.031017, 37.678368], [127.031002, 37.678349], [127.030989, 37.678329], [127.030984, 37.678306], [127.030986, 37.678273], [127.030993, 37.678236], [127.031005, 37.678192], [127.031083, 37.677994], [127.031125, 37.677903], [127.031165, 37.67783], [127.031202, 37.677784], [127.031246, 37.677743], [127.031296, 37.677706], [127.031338, 37.677678], [127.031371, 37.677656], [127.031394, 37.677636], [127.031408, 37.677619], [127.031416, 37.677601], [127.031422, 37.677561], [127.031421, 37.67752], [127.031408, 37.677479], [127.031389, 37.677436], [127.031365, 37.677388], [127.031343, 37.677352], [127.031329, 37.677323], [127.031323, 37.677307], [127.03132, 37.677289], [127.031319, 37.677271], [127.031321, 37.677252], [127.031326, 37.677235], [127.031331, 37.677218], [127.031341, 37.677202], [127.031352, 37.677187], [127.031379, 37.677159], [127.031411, 37.677129], [127.031478, 37.677072], [127.031531, 37.677019], [127.031579, 37.676972], [127.031618, 37.676941], [127.031661, 37.67691], [127.031763, 37.676846], [127.031828, 37.676805], [127.031892, 37.676762], [127.031935, 37.67673], [127.031979, 37.676693], [127.032016, 37.676652], [127.032056, 37.676609], [127.032164, 37.67647]], [[127.032164, 37.67647], [127.032211, 37.676429], [127.03225, 37.676398], [127.032276, 37.676384], [127.032302, 37.676373], [127.032328, 37.676364], [127.032356, 37.676358], [127.032382, 37.676354], [127.032411, 37.676352], [127.03244, 37.676351], [127.032469, 37.676352], [127.0325, 37.676356], [127.032551, 37.676364], [127.032582, 37.67637], [127.032624, 37.676382], [127.032676, 37.676398], [127.032757, 37.676425], [127.032913, 37.676489], [127.033012, 37.676531], [127.033075, 37.676562], [127.033124, 37.676587], [127.033167, 37.676609], [127.033211, 37.676634], [127.033259, 37.676666], [127.033312, 37.676708], [127.033363, 37.676755], [127.033421, 37.676809], [127.033517, 37.676905], [127.033624, 37.677015], [127.03376, 37.677176], [127.033884, 37.677328], [127.033908, 37.677355], [127.033931, 37.677377], [127.033953, 37.677394], [127.033978, 37.677411], [127.034008, 37.677426], [127.034221, 37.677499], [127.034469, 37.677572], [127.034809, 37.67767], [127.034933, 37.677702], [127.035477, 37.677864], [127.035683, 37.677925]]]}}, {"type": "Feature", "properties": {"name": "북한산둘레길 19구간 방학동길", "difficulty": "초급", "distance_km": 2.93, "time_hr": 1.0, "kind": "둘레길", "surface": "둘레길", "desc": "북한산둘레길 · 2.93km", "segments": 65, "min_elev": 51, "max_elev": 149, "ascent": 173, "descent": 176, "profile": [53, 62, 65, 73, 73, 81, 84, 92, 93, 98, 98, 106, 114, 116, 114, 118, 116, 135, 141, 146, 147, 134, 119, 109, 94, 88, 79, 81, 69, 65, 66, 70, 76, 78, 79, 78, 121, 81, 72, 68, 64, 58, 60, 69, 74, 65, 57, 51]}, "geometry": {"type": "MultiLineString", "coordinates": [[[127.031865, 37.676548], [127.031887, 37.676508]], [[127.031887, 37.676508], [127.03194, 37.676403], [127.031945, 37.676374], [127.031965, 37.67627], [127.032072, 37.676112], [127.032252, 37.675946], [127.03239, 37.675911], [127.032485, 37.675853], [127.032605, 37.675687], [127.032661, 37.675611], [127.032797, 37.675254], [127.032789, 37.675161], [127.032828, 37.675061], [127.032859, 37.674724], [127.032851, 37.674587], [127.032826, 37.674463], [127.032802, 37.674288], [127.032843, 37.674178], [127.032853, 37.674085], [127.032888, 37.673975], [127.032942, 37.673876], [127.032971, 37.673799]], [[127.032971, 37.673799], [127.032931, 37.673782], [127.032817, 37.673827], [127.032705, 37.673852], [127.032578, 37.673911]], [[127.032578, 37.673911], [127.032503, 37.673952], [127.032316, 37.674164], [127.032141, 37.674313]], [[127.032141, 37.674313], [127.03206, 37.674345], [127.031967, 37.674357], [127.031862, 37.674332], [127.031781, 37.674335], [127.031608, 37.674424]], [[127.031608, 37.674424], [127.031367, 37.674626], [127.03127, 37.674696], [127.031112, 37.674751], [127.03103, 37.674802], [127.030917, 37.674838], [127.030787, 37.674826], [127.030586, 37.674694], [127.030462, 37.674656], [127.030391, 37.674449], [127.030323, 37.674368], [127.030276, 37.674266], [127.030253, 37.674149], [127.030265, 37.674042], [127.030227, 37.673948], [127.030207, 37.67381], [127.030148, 37.673716], [127.030025, 37.673666], [127.029876, 37.673674], [127.02976, 37.673726], [127.029656, 37.673718], [127.029559, 37.673666], [127.029451, 37.673653], [127.029342, 37.673637], [127.029248, 37.673649], [127.02913, 37.673619], [127.02905, 37.67359], [127.028842, 37.673398], [127.028667, 37.673286], [127.028532, 37.673229], [127.028462, 37.673085], [127.028336, 37.673054], [127.028207, 37.673058], [127.028028, 37.673138], [127.027928, 37.673161], [127.027843, 37.67318], [127.027448, 37.673259], [127.02732, 37.673269]], [[127.02732, 37.673269], [127.027109, 37.673262]], [[127.027109, 37.673262], [127.026942, 37.673258]], [[127.026942, 37.673258], [127.02679, 37.673289]], [[127.02679, 37.673289], [127.026657, 37.673301], [127.02659, 37.673328]], [[127.02659, 37.673328], [127.026482, 37.673368], [127.026405, 37.673432]], [[127.026405, 37.673432], [127.026185, 37.673293], [127.02596, 37.673159], [127.025803, 37.673124]], [[127.025803, 37.673124], [127.025747, 37.673102], [127.025698, 37.673071], [127.025657, 37.673033]], [[127.025657, 37.673033], [127.025622, 37.672983], [127.025594, 37.672906], [127.025557, 37.672836], [127.025555, 37.672785], [127.02557, 37.672761]], [[127.02557, 37.672761], [127.025594, 37.672736], [127.025621, 37.672726], [127.025658, 37.672733], [127.025691, 37.672734], [127.025711, 37.672716]], [[127.025711, 37.672716], [127.025918, 37.6726]], [[127.025918, 37.6726], [127.025967, 37.67257]], [[127.025967, 37.67257], [127.026027, 37.672473], [127.026059, 37.672393], [127.026048, 37.67231], [127.026079, 37.672262]], [[127.026079, 37.672262], [127.026276, 37.672123], [127.026327, 37.672083]], [[127.026327, 37.672083], [127.026383, 37.672007]], [[127.026383, 37.672007], [127.026386, 37.671875]], [[127.026386, 37.671875], [127.026385, 37.671766]], [[127.026385, 37.671766], [127.026407, 37.671733], [127.02644, 37.67171], [127.026491, 37.671699], [127.02653, 37.671667], [127.026547, 37.671626], [127.026546, 37.671594], [127.026511, 37.671562]], [[127.026511, 37.671562], [127.02651, 37.67144]], [[127.02651, 37.67144], [127.026532, 37.671399], [127.026528, 37.671363], [127.026501, 37.671338], [127.026511, 37.671311], [127.026487, 37.671306], [127.026495, 37.671268]], [[127.026495, 37.671268], [127.026506, 37.671204]], [[127.026506, 37.671204], [127.026452, 37.671183]], [[127.026452, 37.671183], [127.026368, 37.671121], [127.026381, 37.67101], [127.026471, 37.670935], [127.026595, 37.670872], [127.02668, 37.670868], [127.026713, 37.670809], [127.026776, 37.670714]], [[127.026776, 37.670714], [127.026834, 37.670624], [127.026862, 37.670639], [127.026911, 37.670568]], [[127.026911, 37.670568], [127.026925, 37.670526], [127.026874, 37.670452], [127.026815, 37.670361], [127.026818, 37.670323]], [[127.026818, 37.670323], [127.026824, 37.670252]], [[127.026824, 37.670252], [127.026883, 37.67019], [127.026938, 37.670132], [127.026936, 37.670049], [127.026907, 37.669995]], [[127.026907, 37.669995], [127.02687, 37.669941], [127.02687, 37.669903]], [[127.02687, 37.669903], [127.02695, 37.669848], [127.026976, 37.669784], [127.026963, 37.66976], [127.026918, 37.669644], [127.026851, 37.669523]], [[127.026851, 37.669523], [127.026892, 37.669496], [127.026914, 37.669463], [127.026891, 37.669424], [127.026872, 37.6694], [127.026875, 37.669363]], [[127.026875, 37.669363], [127.026899, 37.669333], [127.026951, 37.669292], [127.027043, 37.669248], [127.027111, 37.669196], [127.027167, 37.669116], [127.027215, 37.668965], [127.02726, 37.668818], [127.027275, 37.668764], [127.027317, 37.668733], [127.027381, 37.668717], [127.027434, 37.66867], [127.027464, 37.668639]], [[127.027464, 37.668639], [127.027497, 37.668597]], [[127.027497, 37.668597], [127.027552, 37.668535]], [[127.027552, 37.668535], [127.027584, 37.668521], [127.027615, 37.668521], [127.027651, 37.668536]], [[127.027651, 37.668536], [127.027757, 37.668544], [127.027897, 37.66854], [127.028029, 37.668563], [127.028103, 37.668558], [127.028173, 37.66851]], [[127.028173, 37.66851], [127.028223, 37.668345]], [[127.028223, 37.668345], [127.028267, 37.668272], [127.028059, 37.668171], [127.027896, 37.668092], [127.027725, 37.668037], [127.027607, 37.667984], [127.027541, 37.667946], [127.027356, 37.667812], [127.027119, 37.667664], [127.027053, 37.667665], [127.027006, 37.667651], [127.026945, 37.667604], [127.026917, 37.667563], [127.026908, 37.667528], [127.026852, 37.667534], [127.026773, 37.667482], [127.02671, 37.667405], [127.026646, 37.667267]], [[127.026646, 37.667267], [127.026601, 37.667199], [127.026616, 37.667098]], [[127.026616, 37.667098], [127.026584, 37.667001], [127.026519, 37.666941], [127.026401, 37.666928]], [[127.026401, 37.666928], [127.026345, 37.66691]], [[127.026345, 37.66691], [127.026284, 37.666857], [127.026242, 37.666792]], [[127.026242, 37.666792], [127.026243, 37.666744]], [[127.026243, 37.666744], [127.026229, 37.666644], [127.02625, 37.666562]], [[127.02625, 37.666562], [127.026159, 37.666541]], [[127.026159, 37.666541], [127.025938, 37.666477]], [[127.031924, 37.676528], [127.031865, 37.676548]], [[127.032117, 37.67648], [127.031924, 37.676528]], [[127.032164, 37.67647], [127.032117, 37.67648]], [[127.029559, 37.673666], [127.0295, 37.673704], [127.029442, 37.67376], [127.029406, 37.673801], [127.029328, 37.673837], [127.02929, 37.673856], [127.029272, 37.673861]], [[127.029272, 37.673861], [127.029234, 37.67387]], [[127.029234, 37.67387], [127.029195, 37.673874], [127.029148, 37.673798]], [[127.029148, 37.673798], [127.029127, 37.673753], [127.029094, 37.673667]], [[127.029094, 37.673667], [127.02905, 37.67359]], [[127.025938, 37.666477], [127.025978, 37.666389], [127.02606, 37.666256], [127.026087, 37.666201], [127.026163, 37.666089], [127.026225, 37.665915], [127.026227, 37.665833], [127.026207, 37.66576], [127.026179, 37.665676], [127.026114, 37.665594], [127.026086, 37.665509], [127.0261, 37.665385], [127.026076, 37.665293], [127.026071, 37.665201], [127.026074, 37.665077], [127.026009, 37.664894], [127.026032, 37.664805]], [[127.026032, 37.664805], [127.025906, 37.664798]], [[127.025906, 37.664798], [127.025957, 37.664642], [127.025959, 37.664541], [127.025901, 37.66443], [127.025896, 37.664308], [127.025936, 37.664208], [127.026009, 37.664119], [127.026111, 37.664013], [127.026175, 37.663949]], [[127.026175, 37.663949], [127.026183, 37.663851], [127.026149, 37.663849], [127.026152, 37.663807], [127.026168, 37.663698]], [[127.026168, 37.663698], [127.026164, 37.663642], [127.026127, 37.663601], [127.02609, 37.663585], [127.025955, 37.663559], [127.025825, 37.6636], [127.025639, 37.663641], [127.025486, 37.663691], [127.025339, 37.663739], [127.025329, 37.663708], [127.025279, 37.663634], [127.025251, 37.663557], [127.025213, 37.663408], [127.025215, 37.663303], [127.025186, 37.663178], [127.025074, 37.663048], [127.02501, 37.662936], [127.024974, 37.662868]], [[127.024974, 37.662868], [127.024949, 37.662814], [127.024983, 37.662756], [127.024992, 37.662726], [127.024978, 37.662682]], [[127.024978, 37.662682], [127.024948, 37.662476], [127.024931, 37.66238], [127.024933, 37.662322], [127.0249, 37.662273], [127.024843, 37.662222], [127.024781, 37.662209], [127.024533, 37.662152]]]}}, {"type": "Feature", "properties": {"name": "북한산둘레길 21구간 우이령길", "difficulty": "초급", "distance_km": 6.65, "time_hr": 2.2, "kind": "둘레길", "surface": "둘레길", "desc": "북한산둘레길 · 6.65km", "segments": 15, "min_elev": 67, "max_elev": 344, "ascent": 447, "descent": 185, "profile": [67, 83, 84, 90, 105, 120, 123, 134, 140, 154, 162, 173, 178, 205, 218, 342, 327, 307, 298, 277, 260, 243, 333, 332, 267, 286, 302, 319, 240, 247, 261, 173, 175, 181, 193, 194, 205, 222, 226, 235, 147, 150, 158, 156, 162, 134, 138, 142]}, "geometry": {"type": "MultiLineString", "coordinates": [[[127.011705, 37.664297], [127.011622, 37.664305], [127.011538, 37.664335], [127.011278, 37.664456], [127.010959, 37.664561], [127.010769, 37.664636], [127.010481, 37.664776], [127.010361, 37.664833], [127.010186, 37.66492], [127.010111, 37.664968], [127.010054, 37.665012], [127.010021, 37.665048], [127.009984, 37.665097], [127.009952, 37.665154], [127.009925, 37.665212], [127.009894, 37.6653], [127.00987, 37.665396], [127.009859, 37.66546], [127.009855, 37.66552], [127.009856, 37.665557], [127.009859, 37.66561], [127.009866, 37.665669], [127.00987, 37.665719], [127.009861, 37.665779], [127.009846, 37.665835], [127.009808, 37.665945], [127.009767, 37.666087]], [[127.009767, 37.666087], [127.009733, 37.666184], [127.00956, 37.66646], [127.009067, 37.666948], [127.00884, 37.667199], [127.008543, 37.667449], [127.008456, 37.667523], [127.008397, 37.667562], [127.00833, 37.6676], [127.008277, 37.66762], [127.008179, 37.667636], [127.007975, 37.667664], [127.00782, 37.66769], [127.007542, 37.66778], [127.007437, 37.667833], [127.007379, 37.667875], [127.007296, 37.667945], [127.007221, 37.668026], [127.007045, 37.66851], [127.006953, 37.668735], [127.00692, 37.668965], [127.006893, 37.66912], [127.006834, 37.669258], [127.00664, 37.669589], [127.006589, 37.669724], [127.006535, 37.669858], [127.006474, 37.669982], [127.006386, 37.670136], [127.00633, 37.670214], [127.006287, 37.670264], [127.00624, 37.670301], [127.006193, 37.670331], [127.006143, 37.670361], [127.006069, 37.670389], [127.005591, 37.670574], [127.005481, 37.670603], [127.00531, 37.670633], [127.005245, 37.670655], [127.005184, 37.670682], [127.005133, 37.670711], [127.004994, 37.670822], [127.004906, 37.670902], [127.004878, 37.670933], [127.004845, 37.67097], [127.004807, 37.671036], [127.004781, 37.671099], [127.004731, 37.671274], [127.004715, 37.671344], [127.004706, 37.671414], [127.004705, 37.671511], [127.004691, 37.671813], [127.004673, 37.67193], [127.004653, 37.672012], [127.004613, 37.672142], [127.004571, 37.672265], [127.004531, 37.672365], [127.00438, 37.672573], [127.004268, 37.672739], [127.004205, 37.672872], [127.00416, 37.672988], [127.003812, 37.673678], [127.003675, 37.673926], [127.003604, 37.674008], [127.003483, 37.674101], [127.003395, 37.674178], [127.003253, 37.674358], [127.003168, 37.674452], [127.003063, 37.674625], [127.003009, 37.674742], [127.002945, 37.67493], [127.002878, 37.675179], [127.002854, 37.675409]], [[127.002854, 37.675409], [127.002883, 37.675437], [127.002892, 37.675458], [127.002881, 37.675509], [127.002871, 37.675538], [127.002875, 37.67556], [127.002892, 37.675583], [127.002925, 37.675602], [127.00297, 37.675623], [127.003016, 37.675639], [127.003058, 37.675649], [127.003095, 37.67565], [127.003125, 37.675655], [127.003145, 37.675665], [127.00316, 37.675678], [127.003175, 37.675731], [127.003185, 37.675751], [127.003201, 37.67577], [127.003216, 37.67578], [127.003252, 37.675791], [127.003288, 37.675799], [127.003315, 37.6758], [127.003345, 37.675784], [127.0034, 37.675742], [127.00343, 37.675729], [127.003475, 37.675731], [127.003505, 37.675742], [127.003596, 37.675791], [127.003687, 37.675808], [127.003806, 37.675856]], [[127.003806, 37.675856], [127.003492, 37.676266], [127.003382, 37.676493], [127.003337, 37.676639], [127.003315, 37.676694], [127.003298, 37.676747], [127.003296, 37.676803], [127.003302, 37.676887], [127.003316, 37.676969], [127.003337, 37.677039], [127.003368, 37.677077], [127.003384, 37.677126], [127.0034, 37.677225], [127.003397, 37.677326], [127.003402, 37.677435], [127.003382, 37.677529], [127.003356, 37.677615], [127.003355, 37.677755], [127.003357, 37.677775]], [[127.003357, 37.677775], [127.003401, 37.677918], [127.003419, 37.677988], [127.003419, 37.678064], [127.003413, 37.678119], [127.003399, 37.678148], [127.003359, 37.678178], [127.003324, 37.678187], [127.003243, 37.678186], [127.003108, 37.678173], [127.002959, 37.678139], [127.002879, 37.678129], [127.002803, 37.678134], [127.002748, 37.678143], [127.002694, 37.678164], [127.00264, 37.678196], [127.002592, 37.678267], [127.002564, 37.678316], [127.002548, 37.678395], [127.002508, 37.678712]], [[126.997296, 37.684135], [126.9974, 37.683936], [126.997456, 37.683803], [126.997493, 37.683716], [126.997559, 37.683617], [126.99761, 37.683537], [126.997659, 37.683475], [126.997689, 37.683447], [126.997843, 37.683332], [126.997912, 37.683285], [126.997966, 37.68324], [126.998039, 37.683161], [126.998153, 37.683039], [126.998258, 37.682935], [126.998317, 37.682879], [126.998633, 37.682663], [126.99869, 37.682621], [126.998741, 37.682596], [126.999004, 37.682509], [126.99913, 37.682466], [126.999176, 37.682447], [126.999221, 37.682423], [126.999251, 37.682392], [126.999265, 37.682361], [126.999269, 37.682332], [126.99926, 37.682297], [126.999228, 37.68226], [126.999181, 37.682229], [126.999106, 37.682204], [126.998924, 37.682161], [126.998745, 37.682091], [126.998683, 37.682041], [126.998654, 37.68199], [126.998627, 37.681926], [126.998609, 37.681868], [126.998596, 37.681745], [126.998605, 37.681663], [126.998619, 37.681594], [126.998629, 37.681531], [126.998628, 37.681463], [126.99862, 37.681432], [126.998602, 37.6814], [126.998563, 37.681358], [126.998546, 37.681329], [126.998536, 37.681302], [126.998528, 37.681246], [126.998529, 37.681197], [126.99854, 37.681152], [126.998559, 37.681104], [126.998582, 37.681049], [126.998595, 37.681003], [126.998617, 37.680956], [126.998636, 37.680928], [126.998666, 37.680897], [126.998704, 37.68087], [126.998754, 37.680843], [126.998846, 37.680787], [126.998911, 37.680751], [126.999, 37.680711], [126.999041, 37.680694], [126.999077, 37.680684], [126.999111, 37.680683], [126.999148, 37.680694], [126.999181, 37.680713], [126.999223, 37.680757], [126.999256, 37.680831], [126.999279, 37.680911], [126.999293, 37.680993], [126.999309, 37.681032], [126.999329, 37.681078], [126.999358, 37.681114], [126.999413, 37.681146], [126.99946, 37.681161], [126.999511, 37.681167], [126.999578, 37.681158], [126.999654, 37.681136], [126.999807, 37.681078], [127.000032, 37.680971], [127.000261, 37.680819], [127.00056, 37.680646], [127.00072, 37.680504], [127.000837, 37.680386], [127.00127, 37.680089], [127.001318, 37.68004], [127.001346, 37.679986], [127.001391, 37.679906], [127.001406, 37.679892], [127.001467, 37.679862], [127.001526, 37.679825], [127.001602, 37.679757], [127.001685, 37.679658], [127.001751, 37.679603], [127.001815, 37.67957], [127.001883, 37.679558], [127.00195, 37.679558], [127.002046, 37.679568], [127.002144, 37.679584], [127.002274, 37.679605], [127.002321, 37.679608], [127.002368, 37.679607], [127.002404, 37.679598], [127.002442, 37.679585], [127.002471, 37.679562], [127.002493, 37.679535], [127.002501, 37.679495], [127.002505, 37.679455], [127.002505, 37.679399], [127.002501, 37.679128], [127.002502, 37.678832], [127.002508, 37.678712]], [[126.99714, 37.684442], [126.99727, 37.684184], [126.997296, 37.684135]], [[126.996197, 37.685198], [126.996357, 37.68503], [126.9964, 37.684989], [126.996439, 37.684953], [126.996488, 37.684916], [126.996631, 37.684838], [126.996735, 37.684798], [126.996823, 37.684773], [126.996967, 37.684696], [126.997025, 37.684632], [126.997085, 37.684544], [126.997107, 37.684504], [126.99714, 37.684442]], [[126.99258, 37.688885], [126.992603, 37.688832], [126.992614, 37.688778], [126.99262, 37.688721], [126.992625, 37.688616], [126.992619, 37.688532], [126.992631, 37.688478], [126.992647, 37.688443], [126.992685, 37.688384], [126.992746, 37.688338], [126.992824, 37.6883], [126.992906, 37.688281], [126.993017, 37.688266], [126.993103, 37.688258], [126.993241, 37.688229], [126.993363, 37.688186], [126.993473, 37.688121], [126.993591, 37.688], [126.993743, 37.687865], [126.993796, 37.687813], [126.993846, 37.687762], [126.993933, 37.687648], [126.994017, 37.687554], [126.994081, 37.687504], [126.994153, 37.687447], [126.994225, 37.687405], [126.994433, 37.68729], [126.99453, 37.687225], [126.994582, 37.68719], [126.994664, 37.687116], [126.994759, 37.687021], [126.994897, 37.68687], [126.994943, 37.686815], [126.994978, 37.686768], [126.995006, 37.686723], [126.995022, 37.686686], [126.995041, 37.686642], [126.995053, 37.68659], [126.995057, 37.686544], [126.995054, 37.686461], [126.995051, 37.686373], [126.995054, 37.686305], [126.995063, 37.686254], [126.995079, 37.68619], [126.995089, 37.686092], [126.995104, 37.685886], [126.995105, 37.68578], [126.9951, 37.685668], [126.995049, 37.68533], [126.995037, 37.685207], [126.995044, 37.685158], [126.995058, 37.685121], [126.995077, 37.685095], [126.995105, 37.685074], [126.99515, 37.685064], [126.995199, 37.685065], [126.995241, 37.685076], [126.99531, 37.685114], [126.995388, 37.685173], [126.995418, 37.685198], [126.995513, 37.685309], [126.995575, 37.685387], [126.995608, 37.685427], [126.995652, 37.685473], [126.995679, 37.685497], [126.995709, 37.685516], [126.995744, 37.685528], [126.995774, 37.685536], [126.995802, 37.685537], [126.995835, 37.685529], [126.995879, 37.685508], [126.995913, 37.685488], [126.996075, 37.685328], [126.99617, 37.685227], [126.996197, 37.685198]], [[126.989713, 37.690252], [126.989959, 37.690182], [126.9902, 37.690139], [126.990413, 37.690135], [126.990701, 37.690146], [126.99084, 37.690154], [126.991008, 37.69019], [126.99123, 37.690208], [126.991384, 37.690194], [126.99157, 37.690161], [126.991735, 37.690105], [126.991938, 37.689974], [126.992046, 37.689887], [126.992183, 37.689731], [126.9922, 37.689616], [126.992212, 37.689575], [126.992272, 37.689454], [126.992329, 37.689366], [126.992397, 37.689224], [126.992424, 37.689136], [126.992446, 37.689068], [126.992473, 37.689012], [126.992559, 37.688921], [126.99258, 37.688885]], [[126.989713, 37.690252], [126.98972, 37.690344]], [[126.979294, 37.696098], [126.979354, 37.696007], [126.979469, 37.695871], [126.97956, 37.695762], [126.979911, 37.695474], [126.979983, 37.695406], [126.980022, 37.695363], [126.980066, 37.695261], [126.98009, 37.695139], [126.980136, 37.694996], [126.980203, 37.694853], [126.980259, 37.694757], [126.980323, 37.694679], [126.980432, 37.694592], [126.980525, 37.694536], [126.980627, 37.694483], [126.980749, 37.694459], [126.980888, 37.69445], [126.981063, 37.694464], [126.981206, 37.694494], [126.981331, 37.694535], [126.981511, 37.694608], [126.981654, 37.694705], [126.981781, 37.694768], [126.981898, 37.694816], [126.982242, 37.694893], [126.982539, 37.694923], [126.982836, 37.69495], [126.983178, 37.69495], [126.983479, 37.694939], [126.983674, 37.694899], [126.983876, 37.694842], [126.984011, 37.69477], [126.984167, 37.694647], [126.984372, 37.694434], [126.984714, 37.694069], [126.985029, 37.693695], [126.985105, 37.69362], [126.985501, 37.693349], [126.985741, 37.693191], [126.986109, 37.693006], [126.986218, 37.692945], [126.986301, 37.692882], [126.986372, 37.692813], [126.986428, 37.692723], [126.986485, 37.692603], [126.986611, 37.692431], [126.986772, 37.692268], [126.98695, 37.692076], [126.987063, 37.691971], [126.98746, 37.691688], [126.987726, 37.69154], [126.987963, 37.691384], [126.988564, 37.691034], [126.988731, 37.690909], [126.988903, 37.690729], [126.989055, 37.690604], [126.989323, 37.690454], [126.989624, 37.690293], [126.989713, 37.690252]], [[126.979268, 37.696174], [126.979294, 37.696098]], [[126.974474, 37.699072], [126.974743, 37.699089], [126.974977, 37.699116], [126.975119, 37.699146], [126.975299, 37.699188], [126.976367, 37.699471], [126.976497, 37.699498], [126.976611, 37.699515], [126.976697, 37.699525], [126.976772, 37.699528], [126.976849, 37.699517], [126.976934, 37.699496], [126.977001, 37.699469], [126.977043, 37.699448], [126.977082, 37.69942], [126.977117, 37.699391], [126.977152, 37.699358], [126.977173, 37.699325], [126.977203, 37.699268], [126.977236, 37.699191], [126.97725, 37.699132], [126.977261, 37.699052], [126.977267, 37.698994], [126.977261, 37.698933], [126.977245, 37.698881], [126.9772, 37.698792], [126.977145, 37.698721], [126.977097, 37.698662], [126.977055, 37.698567], [126.977057, 37.698534], [126.97707, 37.698438], [126.977094, 37.698374], [126.97713, 37.69829], [126.977191, 37.698187], [126.977252, 37.698109], [126.97732, 37.698042], [126.977394, 37.697988], [126.977561, 37.697907], [126.977719, 37.697834], [126.978061, 37.697711], [126.978356, 37.697571], [126.978515, 37.697488], [126.978682, 37.697369], [126.978819, 37.697249], [126.978925, 37.697142], [126.979011, 37.697031], [126.979061, 37.696915], [126.979153, 37.696635], [126.979268, 37.696174]], [[126.970119, 37.700304], [126.970213, 37.700286], [126.970459, 37.700139], [126.970692, 37.700008], [126.97102, 37.699865], [126.971245, 37.699776], [126.971455, 37.699704], [126.971692, 37.699636], [126.972122, 37.699517], [126.972416, 37.69945], [126.973187, 37.699267], [126.973587, 37.699179], [126.973973, 37.699108], [126.974172, 37.699087], [126.974327, 37.699074], [126.974474, 37.699072]]]}}]}