{"type": "FeatureCollection", "name": "bukhansan-contours", "properties": {"source": "SRTM 1-arcsec", "interval_m": 50, "bbox": [126.9, 37.58, 127.08, 37.76]}, "features": [{"type": "Feature", "properties": {"elev": 50, "idx": 0}, "geometry": {"type": "LineString", "coordinates": [[126.92185, 37.58028], [126.92278, 37.58071], [126.92297, 37.58111], [126.92283, 37.58139], [126.92194, 37.58222], [126.92176, 37.58306], [126.92225, 37.58361], [126.92306, 37.58519], [126.92361, 37.58539], [126.92417, 37.58526], [126.92472, 37.5846], [126.92556, 37.58439], [126.92583, 37.58421], [126.92626, 37.58361], [126.92709, 37.58306], [126.92778, 37.58222], [126.92803, 37.58139], [126.92826, 37.58111], [126.92845, 37.58056], [126.92875, 37.58028]]}}, {"type": "Feature", "properties": {"elev": 50, "idx": 0}, "geometry": {"type": "LineString", "coordinates": [[126.93238, 37.58028], [126.93306, 37.58095], [126.93444, 37.5816], [126.93561, 37.58278], [126.93568, 37.58306], [126.93542, 37.58389], [126.93538, 37.585], [126.93526, 37.58528], [126.93463, 37.58583], [126.93442, 37.58639], [126.93495, 37.58722], [126.93509, 37.58861], [126.93556, 37.58917], [126.9356, 37.58972], [126.93583, 37.58989], [126.93639, 37.58982], [126.93722, 37.58999], [126.93806, 37.58992], [126.93855, 37.58972], [126.93853, 37.58944], [126.93778, 37.589], [126.93742, 37.58861], [126.93727, 37.58833], [126.93729, 37.58778], [126.93763, 37.58722], [126.93861, 37.58665], [126.9388, 37.58639], [126.93891, 37.58583], [126.93961, 37.585], [126.93988, 37.58444], [126.93986, 37.58417], [126.93962, 37.58389], [126.93861, 37.58319], [126.93833, 37.58278], [126.93832, 37.5825], [126.93857, 37.58194], [126.93836, 37.58139], [126.93831, 37.58083], [126.93796, 37.58028]]}}, {"type": "Feature", "properties": {"elev": 50, "idx": 0}, "geometry": {"type": "LineString", "coordinates": [[126.96715, 37.58028], [126.96709, 37.58083], [126.96794, 37.58139], [126.96944, 37.58282], [126.97075, 37.58333], [126.97087, 37.58389], [126.97111, 37.58413], [126.97139, 37.58413], [126.97187, 37.58389], [126.9725, 37.58319], [126.97333, 37.58298], [126.97346, 37.58278], [126.97335, 37.58222], [126.97254, 37.58167], [126.97233, 37.58139], [126.9725, 37.58099], [126.97306, 37.58093], [126.97389, 37.58151], [126.97417, 37.58154], [126.97444, 37.58145], [126.97528, 37.58062], [126.97583, 37.58048], [126.97603, 37.58056], [126.97612, 37.58111], [126.97632, 37.58139], [126.97722, 37.58176], [126.97778, 37.5823], [126.97806, 37.58239], [126.97864, 37.58222], [126.97872, 37.58167], [126.97889, 37.58151], [126.97917, 37.58149], [126.98028, 37.58185], [126.98039, 37.58194], [126.98041, 37.5825], [126.98055, 37.58278], [126.98111, 37.58303], [126.98167, 37.58231], [126.98184, 37.58139], [126.98186, 37.58111], [126.98167, 37.58069], [126.98133, 37.58056], [126.98139, 37.58028], [126.98194, 37.58042], [126.98208, 37.58028]]}}, {"type": "Feature", "properties": {"elev": 50, "idx": 0}, "geometry": {"type": "LineString", "coordinates": [[126.96806, 37.58028], [126.96778, 37.58041], [126.96764, 37.58028]]}}, {"type": "Feature", "properties": {"elev": 50, "idx": 0}, "geometry": {"type": "LineString", "coordinates": [[126.97847, 37.58028], [126.97833, 37.58083], [126.97806, 37.58107], [126.97778, 37.58112], [126.9775, 37.58083], [126.97762, 37.58028]]}}, {"type": "Feature", "properties": {"elev": 50, "idx": 0}, "geometry": {"type": "LineString", "coordinates": [[126.98444, 37.58028], [126.98472, 37.58094], [126.985, 37.58108], [126.98556, 37.58071], [126.98583, 37.58071], [126.98623, 37.58111], [126.98667, 37.58131], [126.98722, 37.58118], [126.98806, 37.58028]]}}, {"type": "Feature", "properties": {"elev": 50, "idx": 0}, "geometry": {"type": "LineString", "coordinates": [[126.98917, 37.58028], [126.98944, 37.58051], [126.98972, 37.58055], [126.99028, 37.58043], [126.99044, 37.58028]]}}, {"type": "Feature", "properties": {"elev": 50, "idx": 0}, "geometry": {"type": "LineString", "coordinates": [[126.99181, 37.58028], [126.99194, 37.58044], [126.99228, 37.58028]]}}, {"type": "Feature", "properties": {"elev": 50, "idx": 0}, "geometry": {"type": "LineString", "coordinates": [[126.9941, 37.58028], [126.99427, 37.58111], [126.99419, 37.58139], [126.99295, 37.58222], [126.99275, 37.5825], [126.99277, 37.58278], [126.99333, 37.58356], [126.99389, 37.58376], [126.99556, 37.58304], [126.99609, 37.58306], [126.99614, 37.58333], [126.99536, 37.58444], [126.99525, 37.585], [126.99613, 37.58528], [126.99641, 37.58694], [126.99667, 37.58706], [126.99719, 37.58639], [126.9975, 37.58621], [126.99806, 37.58632], [126.99833, 37.58667], [126.99821, 37.58778], [126.9986, 37.58889], [126.9984, 37.58972], [126.99861, 37.59021], [126.99889, 37.59037], [126.99971, 37.59], [126.99982, 37.58944], [127.0, 37.5893], [127.00139, 37.58859], [127.00164, 37.58806], [127.00162, 37.5875], [127.00182, 37.58694], [127.00222, 37.58669], [127.00278, 37.58685], [127.00295, 37.58556], [127.00341, 37.585], [127.00483, 37.58389], [127.00509, 37.58306], [127.00477, 37.58222], [127.00519, 37.58167], [127.00519, 37.58028]]}}, {"type": "Feature", "properties": {"elev": 50, "idx": 0}, "geometry": {"type": "LineString", "coordinates": [[126.99844, 37.58028], [126.99806, 37.58056], [126.99744, 37.58028]]}}, {"type": "Feature", "properties": {"elev": 50, "idx": 0}, "geometry": {"type": "LineString", "coordinates": [[127.00569, 37.58028], [127.00597, 37.58028]]}}, {"type": "Feature", "properties": {"elev": 50, "idx": 0}, "geometry": {"type": "LineString", "coordinates": [[127.01441, 37.58028], [127.01528, 37.58062], [127.01558, 37.58056], [127.01587, 37.58028]]}}, {"type": "Feature", "properties": {"elev": 50, "idx": 0}, "geometry": {"type": "LineString", "coordinates": [[127.01828, 37.58028], [127.01832, 37.58111], [127.01754, 37.58333], [127.01722, 37.58362], [127.01611, 37.58407], [127.01584, 37.58444], [127.01608, 37.58583], [127.01667, 37.58639], [127.01672, 37.58667], [127.0165, 37.58694], [127.01583, 37.58714], [127.015, 37.58702], [127.01361, 37.58594], [127.0125, 37.58559], [127.01222, 37.58575], [127.01212, 37.58611], [127.0122, 37.58639], [127.01294, 37.58722], [127.01304, 37.58778], [127.0125, 37.58853], [127.01167, 37.58866], [127.01124, 37.58833], [127.01076, 37.5875], [127.01045, 37.58667], [127.01052, 37.58611], [127.01042, 37.58583], [127.01, 37.58572], [127.0092, 37.58611], [127.00968, 37.58667], [127.00971, 37.58694], [127.00944, 37.58739], [127.00917, 37.58758], [127.0075, 37.58739], [127.00719, 37.5875], [127.00667, 37.58829], [127.00583, 37.5879], [127.00472, 37.58806], [127.00392, 37.58917], [127.00429, 37.59111], [127.00472, 37.59101], [127.00556, 37.5894], [127.00583, 37.58919], [127.00694, 37.58893], [127.00771, 37.58972], [127.00806, 37.59028], [127.00917, 37.59074], [127.01, 37.59151], [127.01083, 37.59198], [127.01194, 37.59327], [127.01222, 37.59334], [127.01306, 37.59317], [127.01368, 37.59333], [127.01416, 37.59361], [127.01534, 37.59472], [127.01545, 37.595], [127.015, 37.59574], [127.01435, 37.59639], [127.0143, 37.59667], [127.01448, 37.5975], [127.01472, 37.59775], [127.015, 37.59757], [127.01535, 37.59694], [127.01611, 37.59629], [127.01734, 37.59583], [127.01751, 37.59528], [127.01778, 37.595], [127.01856, 37.595], [127.01917, 37.59537], [127.01944, 37.59537], [127.02083, 37.59469], [127.02105, 37.59417], [127.02092, 37.5925], [127.02118, 37.59139], [127.02167, 37.59051], [127.0225, 37.58988], [127.02297, 37.58917], [127.02438, 37.58778], [127.025, 37.58655], [127.02526, 37.58639], [127.02639, 37.58615], [127.02722, 37.58632], [127.02857, 37.5875], [127.02862, 37.58778], [127.02843, 37.58833], [127.02806, 37.58875], [127.02742, 37.58917], [127.02726, 37.58944], [127.02754, 37.58972], [127.02833, 37.58996], [127.02917, 37.59056], [127.02944, 37.59045], [127.02985, 37.59], [127.02987, 37.58944], [127.03023, 37.58889], [127.03028, 37.58822], [127.03056, 37.5879], [127.03083, 37.58787], [127.03157, 37.58833], [127.03182, 37.58917], [127.03231, 37.59], [127.03356, 37.59056], [127.03377, 37.59083], [127.03364, 37.59111], [127.03306, 37.59124], [127.03278, 37.59147], [127.03217, 37.5925], [127.03212, 37.59278], [127.03221, 37.59361], [127.0325, 37.59408], [127.03306, 37.5945], [127.03365, 37.59444], [127.03392, 37.59472], [127.03389, 37.59514], [127.03361, 37.59526], [127.03278, 37.59511], [127.0325, 37.59525], [127.03211, 37.59556], [127.03167, 37.59629], [127.03103, 37.59694], [127.02926, 37.59778], [127.02925, 37.59806], [127.02944, 37.59835], [127.03139, 37.59924], [127.03167, 37.59944], [127.03177, 37.59972], [127.03167, 37.6001], [127.03056, 37.60122], [127.03013, 37.60194], [127.02997, 37.6025], [127.02964, 37.60278], [127.02931, 37.60333], [127.02861, 37.60344], [127.02806, 37.60378], [127.02667, 37.604], [127.02639, 37.60389], [127.02618, 37.60306], [127.02534, 37.60194], [127.02417, 37.60108], [127.02389, 37.60094], [127.0225, 37.60146], [127.02222, 37.60131], [127.02139, 37.60041], [127.02028, 37.60049], [127.01917, 37.60022], [127.01881, 37.60028], [127.01806, 37.60097], [127.01694, 37.60158], [127.01589, 37.60167], [127.01461, 37.60222], [127.01418, 37.6025], [127.01389, 37.60289], [127.01278, 37.60287], [127.01194, 37.60262], [127.01167, 37.60278], [127.01118, 37.60361], [127.01127, 37.60389], [127.01167, 37.60426], [127.0125, 37.60473], [127.01333, 37.60489], [127.01361, 37.60487], [127.01444, 37.60438], [127.01528, 37.60411], [127.01611, 37.6035], [127.01669, 37.60333], [127.01722, 37.60295], [127.01757, 37.60306], [127.018, 37.60389], [127.01833, 37.60404], [127.01861, 37.60405], [127.01944, 37.60371], [127.02028, 37.60312], [127.02083, 37.60302], [127.02111, 37.60312], [127.02129, 37.60333], [127.02133, 37.60361], [127.02133, 37.60417], [127.02106, 37.60472], [127.02112, 37.60556], [127.02083, 37.60592], [127.02028, 37.60621], [127.0203, 37.60694], [127.02014, 37.6075], [127.02037, 37.60806], [127.02033, 37.60833], [127.01988, 37.60861], [127.01945, 37.60972], [127.01944, 37.61022], [127.01965, 37.61028], [127.02024, 37.61], [127.0204, 37.60944], [127.02111, 37.60899], [127.02234, 37.60722], [127.02304, 37.60667], [127.02386, 37.60528], [127.02433, 37.605], [127.02472, 37.605], [127.025, 37.60519], [127.02524, 37.60583], [127.02611, 37.60683], [127.02737, 37.60778], [127.02697, 37.60861], [127.02711, 37.60944], [127.02702, 37.61], [127.02568, 37.61056], [127.02546, 37.61083], [127.02546, 37.61194], [127.02606, 37.61278], [127.026, 37.61306], [127.02526, 37.61417], [127.02417, 37.61469], [127.02397, 37.615], [127.02389, 37.61615], [127.02417, 37.61642], [127.02472, 37.6165], [127.0249, 37.61694], [127.02461, 37.61722], [127.02377, 37.6175], [127.02222, 37.6192], [127.02167, 37.61897], [127.02139, 37.61927], [127.02134, 37.61972], [127.02167, 37.62056], [127.0225, 37.62074], [127.02306, 37.621], [127.02361, 37.6208], [127.02389, 37.62083], [127.02413, 37.62111], [127.02415, 37.62139], [127.02389, 37.62167], [127.02306, 37.6213], [127.02278, 37.62136], [127.02194, 37.62192], [127.02116, 37.62278], [127.02083, 37.62378], [127.02056, 37.62384], [127.01956, 37.62333], [127.01948, 37.62306], [127.01961, 37.62278], [127.01944, 37.62262], [127.01916, 37.62278], [127.01938, 37.62306], [127.01941, 37.62361], [127.01983, 37.62417], [127.02028, 37.62433], [127.02167, 37.6245], [127.0225, 37.62488], [127.02309, 37.62611], [127.02389, 37.6267], [127.02444, 37.6269], [127.02478, 37.62722], [127.02444, 37.62764], [127.02361, 37.62775], [127.02306, 37.62833], [127.02222, 37.62838], [127.02139, 37.62862], [127.02083, 37.62861], [127.02057, 37.62889], [127.02097, 37.62972], [127.02083, 37.62997], [127.02028, 37.62959], [127.01972, 37.62969], [127.01947, 37.63], [127.01972, 37.63063], [127.02053, 37.63111], [127.0193, 37.63194], [127.01911, 37.63222], [127.01913, 37.63306], [127.01893, 37.63333], [127.01833, 37.63388], [127.01806, 37.63396], [127.01722, 37.6341], [127.01667, 37.63357], [127.01639, 37.63363], [127.01619, 37.63389], [127.01622, 37.63472], [127.0156, 37.63556], [127.01558, 37.63583], [127.01577, 37.63639], [127.01567, 37.63722], [127.01619, 37.63833], [127.01609, 37.63917], [127.01589, 37.63944], [127.01528, 37.63967], [127.01417, 37.63969], [127.01278, 37.63991], [127.01208, 37.64028], [127.01202, 37.64056], [127.01217, 37.64083], [127.01278, 37.64131], [127.01444, 37.64193], [127.01528, 37.64181], [127.01553, 37.64194], [127.01563, 37.64278], [127.01548, 37.64306], [127.01393, 37.64417], [127.01386, 37.64444], [127.01396, 37.645], [127.01373, 37.64556], [127.01372, 37.64667], [127.01188, 37.64806], [127.01181, 37.64833], [127.01191, 37.64889], [127.01154, 37.64944], [127.01149, 37.64972], [127.01167, 37.65006], [127.01222, 37.65025], [127.01261, 37.65056], [127.0125, 37.65076], [127.01194, 37.65098], [127.01104, 37.65194], [127.01106, 37.65222], [127.01194, 37.65346], [127.01222, 37.65407], [127.0125, 37.65432], [127.01278, 37.65413], [127.01315, 37.65333], [127.01254, 37.65222], [127.01253, 37.65194], [127.01278, 37.65168], [127.01306, 37.65164], [127.01338, 37.65194], [127.01346, 37.65222], [127.01333, 37.65306], [127.01352, 37.65333], [127.01444, 37.6537], [127.015, 37.653], [127.01528, 37.65302], [127.01561, 37.65333], [127.01581, 37.65417], [127.01611, 37.65432], [127.01763, 37.65333], [127.01833, 37.6521], [127.02056, 37.65032], [127.02111, 37.65001], [127.02152, 37.65], [127.02194, 37.65041], [127.02222, 37.65051], [127.02333, 37.65062], [127.02472, 37.65103], [127.02528, 37.65101], [127.02587, 37.65139], [127.02639, 37.65142], [127.02667, 37.65123], [127.02691, 37.65083], [127.02705, 37.65056], [127.02694, 37.65], [127.0275, 37.64922], [127.02861, 37.64852], [127.03028, 37.64806], [127.03056, 37.64812], [127.03083, 37.64884], [127.03111, 37.64909], [127.03167, 37.64906], [127.0325, 37.64875], [127.03333, 37.64932], [127.0335, 37.64972], [127.03293, 37.65111], [127.03389, 37.65158], [127.03424, 37.65194], [127.03494, 37.65333], [127.03501, 37.65389], [127.03482, 37.65444], [127.03435, 37.655], [127.03389, 37.65583], [127.03361, 37.65598], [127.03306, 37.6553], [127.03278, 37.65534], [127.03228, 37.65667], [127.03213, 37.65778], [127.03194, 37.65813], [127.03167, 37.65839], [127.03111, 37.6586], [127.03056, 37.65845], [127.03012, 37.65806], [127.02944, 37.65771], [127.02889, 37.65775], [127.02833, 37.65809], [127.0275, 37.65794], [127.02722, 37.65803], [127.02691, 37.65833], [127.02687, 37.65944], [127.02639, 37.66014], [127.025, 37.66001], [127.02444, 37.65976], [127.02417, 37.65977], [127.02371, 37.66], [127.02333, 37.66039], [127.02278, 37.66052], [127.0225, 37.66035], [127.0221, 37.65972], [127.02137, 37.65944], [127.02126, 37.65972], [127.02139, 37.66028], [127.02108, 37.66111], [127.02111, 37.66139], [127.02167, 37.6616], [127.0225, 37.6614], [127.02268, 37.66194], [127.0225, 37.6623], [127.02183, 37.6625], [127.0216, 37.66278], [127.02164, 37.66306], [127.02333, 37.66239], [127.02417, 37.66235], [127.025, 37.6618], [127.02556, 37.66176], [127.02571, 37.66167], [127.0257, 37.66111], [127.0259, 37.66083], [127.02639, 37.6604], [127.02667, 37.66043], [127.02696, 37.66083], [127.0267, 37.66194], [127.02688, 37.66306], [127.02704, 37.66361], [127.02741, 37.66417], [127.02752, 37.665], [127.02778, 37.66516], [127.02861, 37.66516], [127.02877, 37.66583], [127.02917, 37.66637], [127.02944, 37.66643], [127.03, 37.66628], [127.03023, 37.66639], [127.02972, 37.66681], [127.02957, 37.66806], [127.02863, 37.66917], [127.02863, 37.66944], [127.02917, 37.66983], [127.03028, 37.66984], [127.03111, 37.67045], [127.03169, 37.67056], [127.03224, 37.67111], [127.03306, 37.67134], [127.03333, 37.67133], [127.0339, 37.67083], [127.03444, 37.66972], [127.03472, 37.6698], [127.03551, 37.67056], [127.03611, 37.67091], [127.03667, 37.67091], [127.0375, 37.67057], [127.03848, 37.67083], [127.03879, 37.67111], [127.03883, 37.67139], [127.03775, 37.67278], [127.03778, 37.67306], [127.03873, 37.67333], [127.03901, 37.67361], [127.03889, 37.67401], [127.03829, 37.67472], [127.03845, 37.675], [127.03917, 37.67556], [127.03944, 37.67562], [127.04056, 37.67538], [127.04167, 37.67586], [127.04194, 37.67604], [127.0421, 37.67639], [127.0421, 37.67694], [127.04192, 37.67722], [127.04028, 37.67797], [127.03889, 37.6778], [127.0375, 37.6772], [127.03667, 37.67703], [127.03611, 37.67697], [127.03528, 37.6772], [127.03444, 37.67716], [127.03306, 37.67668], [127.03278, 37.67676], [127.03267, 37.67694], [127.03285, 37.6775], [127.03314, 37.67778], [127.03444, 37.67787], [127.03528, 37.67833], [127.03583, 37.6797], [127.03611, 37.67991], [127.03694, 37.67994], [127.03778, 37.67981], [127.03833, 37.67992], [127.04083, 37.68078], [127.04169, 37.68139], [127.04188, 37.68167], [127.0419, 37.68222], [127.04227, 37.68306], [127.04222, 37.68361], [127.04167, 37.68429], [127.04111, 37.68446], [127.04073, 37.68472], [127.04056, 37.68515], [127.04046, 37.68611], [127.04056, 37.68633], [127.04083, 37.68642], [127.04194, 37.68611], [127.04222, 37.68631], [127.04258, 37.68667], [127.043, 37.6875], [127.04288, 37.68833], [127.04312, 37.68861], [127.04363, 37.68889], [127.04333, 37.68912], [127.04278, 37.68891], [127.04139, 37.68875], [127.03917, 37.68987], [127.03912, 37.69], [127.04, 37.6906], [127.04014, 37.69083], [127.04005, 37.69139], [127.04028, 37.69167], [127.04083, 37.69187], [127.04167, 37.69182], [127.04227, 37.69194], [127.04234, 37.69222], [127.04204, 37.69278], [127.04171, 37.69389], [127.04256, 37.695], [127.04235, 37.69528], [127.04139, 37.69567], [127.04111, 37.69567], [127.04028, 37.69526], [127.03991, 37.69528], [127.03956, 37.69556], [127.04, 37.69617], [127.04067, 37.69639], [127.04096, 37.69667], [127.04081, 37.6975], [127.04093, 37.69778], [127.04111, 37.69786], [127.04147, 37.69778], [127.04222, 37.6972], [127.0425, 37.69722], [127.04267, 37.6975], [127.04254, 37.69806], [127.04261, 37.69972], [127.04306, 37.70023], [127.04389, 37.70084], [127.04421, 37.70167], [127.04497, 37.7025], [127.04556, 37.70361], [127.04552, 37.70417], [127.04523, 37.705], [127.04527, 37.70556], [127.04514, 37.70583], [127.04435, 37.70639], [127.0442, 37.70667], [127.04426, 37.70694], [127.04472, 37.70734], [127.045, 37.70781], [127.04528, 37.70799], [127.04587, 37.70806], [127.04604, 37.70833], [127.04593, 37.70944], [127.045, 37.71056], [127.04417, 37.71058], [127.04361, 37.71018], [127.04333, 37.71017], [127.04293, 37.71028], [127.04266, 37.71056], [127.04283, 37.71111], [127.04319, 37.71167], [127.04322, 37.71194], [127.04212, 37.71278], [127.04194, 37.71306], [127.04222, 37.71336], [127.04403, 37.71361], [127.04452, 37.71389], [127.04444, 37.714], [127.04361, 37.71406], [127.04333, 37.7142], [127.04295, 37.71472], [127.04256, 37.71583], [127.04273, 37.71667], [127.04178, 37.71833], [127.04208, 37.71889], [127.0422, 37.71944], [127.04256, 37.72], [127.0425, 37.72028], [127.04166, 37.72083], [127.04141, 37.72194], [127.04167, 37.72214], [127.04306, 37.72247], [127.0435, 37.72278], [127.04358, 37.72306], [127.04346, 37.72361], [127.04308, 37.72472], [127.04276, 37.725], [127.04271, 37.72528], [127.04343, 37.72611], [127.04341, 37.72639], [127.0428, 37.72694], [127.0427, 37.7275], [127.04222, 37.72802], [127.04194, 37.72813], [127.04139, 37.72797], [127.04111, 37.72805], [127.04082, 37.72833], [127.04093, 37.72861], [127.04143, 37.72889], [127.04153, 37.72917], [127.04128, 37.72944], [127.04083, 37.72955], [127.04028, 37.72938], [127.0401, 37.72917], [127.04019, 37.72889], [127.04049, 37.72861], [127.04025, 37.72833], [127.03972, 37.72814], [127.03944, 37.7282], [127.03859, 37.72889], [127.03861, 37.72917], [127.03928, 37.72972], [127.03909, 37.73], [127.03806, 37.73072], [127.03719, 37.73083], [127.03726, 37.73111], [127.03793, 37.73167], [127.03794, 37.73222], [127.03778, 37.73235], [127.03654, 37.7325], [127.03694, 37.73269], [127.03717, 37.73306], [127.03718, 37.73472], [127.0375, 37.73484], [127.03806, 37.73442], [127.03836, 37.73472], [127.03802, 37.73556], [127.03781, 37.73583], [127.03722, 37.7362], [127.03698, 37.73667], [127.03778, 37.73705], [127.03833, 37.73705], [127.03892, 37.73722], [127.03904, 37.7375], [127.03861, 37.73861], [127.03889, 37.73885], [127.04, 37.73881], [127.04016, 37.73861], [127.04, 37.73797], [127.0393, 37.73722], [127.03952, 37.73694], [127.04, 37.73682], [127.04028, 37.73691], [127.04056, 37.73723], [127.04111, 37.73756], [127.0425, 37.73715], [127.04269, 37.73694], [127.04275, 37.73639], [127.04306, 37.73626], [127.04316, 37.73639], [127.043, 37.73694], [127.04346, 37.7375], [127.04333, 37.73809], [127.04175, 37.73889], [127.04139, 37.73933], [127.04083, 37.73933], [127.04074, 37.73944], [127.04078, 37.74083], [127.04111, 37.74111], [127.04173, 37.74111], [127.04164, 37.73972], [127.04194, 37.73959], [127.04278, 37.74013], [127.04361, 37.74011], [127.04387, 37.74028], [127.04394, 37.74056], [127.04306, 37.74164], [127.04222, 37.74174], [127.04167, 37.74196], [127.04139, 37.74199], [127.04056, 37.7413], [127.04028, 37.7413], [127.03986, 37.74194], [127.03985, 37.74222], [127.04028, 37.74278], [127.04021, 37.74306], [127.03991, 37.74333], [127.04028, 37.74346], [127.04083, 37.74319], [127.04194, 37.74403], [127.04306, 37.74424], [127.04389, 37.74375], [127.04444, 37.74363], [127.04507, 37.74444], [127.04518, 37.74472], [127.0451, 37.74528], [127.04528, 37.74542], [127.04583, 37.74526], [127.04639, 37.74478], [127.04694, 37.74473], [127.0475, 37.74488], [127.04833, 37.74537], [127.04889, 37.74458], [127.04932, 37.745], [127.04944, 37.74556], [127.04917, 37.74606], [127.04889, 37.74605], [127.04861, 37.74579], [127.04833, 37.74574], [127.04799, 37.74611], [127.04722, 37.7463], [127.04615, 37.74694], [127.04667, 37.74712], [127.0471, 37.7475], [127.04799, 37.74778], [127.04831, 37.74806], [127.04806, 37.74844], [127.04722, 37.74856], [127.04639, 37.74889], [127.04528, 37.74868], [127.04417, 37.74905], [127.04417, 37.74938], [127.045, 37.74924], [127.04583, 37.74943], [127.04617, 37.74972], [127.04616, 37.75], [127.04556, 37.75045], [127.04437, 37.75056], [127.04428, 37.75111], [127.04478, 37.75194], [127.04444, 37.75242], [127.04361, 37.7526], [127.04338, 37.75278], [127.04333, 37.75361], [127.04306, 37.75386], [127.04278, 37.75401], [127.0425, 37.75396], [127.04262, 37.75361], [127.04247, 37.75333], [127.04111, 37.75281], [127.04083, 37.75286], [127.04034, 37.75333], [127.0402, 37.75417], [127.04, 37.75444], [127.03917, 37.75458], [127.03895, 37.75472], [127.0388, 37.75528], [127.03941, 37.75611], [127.03941, 37.75694], [127.04008, 37.75833], [127.03894, 37.75944], [127.03833, 37.75967], [127.03792, 37.76]]}}, {"type": "Feature", "properties": {"elev": 50, "idx": 0}, "geometry": {"type": "LineString", "coordinates": [[127.06532, 37.58028], [127.06583, 37.58081], [127.06667, 37.5812], [127.06694, 37.58167], [127.06691, 37.58194], [127.06639, 37.58272], [127.06618, 37.58333], [127.06616, 37.58444], [127.06546, 37.58528], [127.06542, 37.58583], [127.06556, 37.58639], [127.06528, 37.58661], [127.065, 37.58654], [127.06417, 37.5858], [127.0625, 37.58577], [127.06181, 37.58556], [127.06179, 37.58528], [127.06216, 37.58472], [127.06234, 37.58417], [127.06236, 37.58361], [127.06211, 37.58278], [127.06241, 37.58222], [127.06226, 37.58167], [127.06167, 37.58083], [127.06167, 37.58028]]}}, {"type": "Feature", "properties": {"elev": 50, "idx": 0}, "geometry": {"type": "LineString", "coordinates": [[126.9692, 37.58111], [126.96944, 37.58091], [126.96972, 37.58091], [126.97009, 37.58111], [126.96989, 37.58139], [126.96944, 37.58149], [126.96921, 37.58139], [126.9692, 37.58111]]}}, {"type": "Feature", "properties": {"elev": 50, "idx": 0}, "geometry": {"type": "LineString", "coordinates": [[126.98944, 37.58179], [126.9889, 37.58306], [126.98917, 37.58332], [126.98944, 37.58321], [126.99023, 37.58222], [126.99, 37.58196], [126.98944, 37.58179]]}}, {"type": "Feature", "properties": {"elev": 50, "idx": 0}, "geometry": {"type": "LineString", "coordinates": [[127.0247, 37.58194], [127.02528, 37.5818], [127.02565, 37.58194], [127.02575, 37.58222], [127.02547, 37.58278], [127.02448, 37.58333], [127.02452, 37.58389], [127.02404, 37.58472], [127.02407, 37.585], [127.02459, 37.58583], [127.02444, 37.58608], [127.02417, 37.58608], [127.0236, 37.58583], [127.02315, 37.58528], [127.02313, 37.585], [127.02356, 37.58444], [127.02371, 37.58389], [127.02406, 37.58333], [127.02397, 37.58278], [127.02404, 37.5825], [127.0247, 37.58194]]}}, {"type": "Feature", "properties": {"elev": 50, "idx": 0}, "geometry": {"type": "LineString", "coordinates": [[126.91774, 37.58333], [126.91833, 37.58322], [126.91879, 37.58333], [126.91869, 37.58361], [126.91833, 37.58369], [126.91785, 37.58361], [126.91774, 37.58333]]}}, {"type": "Feature", "properties": {"elev": 50, "idx": 0}, "geometry": {"type": "LineString", "coordinates": [[127.05463, 37.58417], [127.055, 37.58412], [127.05516, 37.58444], [127.055, 37.58454], [127.05472, 37.58445], [127.05463, 37.58417]]}}, {"type": "Feature", "properties": {"elev": 50, "idx": 0}, "geometry": {"type": "LineString", "coordinates": [[126.94778, 37.58526], [126.94722, 37.58598], [126.94639, 37.58648], [126.94556, 37.5873], [126.945, 37.58762], [126.94444, 37.58748], [126.94389, 37.58699], [126.94361, 37.58694], [126.94333, 37.58707], [126.94302, 37.5875], [126.94289, 37.58833], [126.94242, 37.58889], [126.94159, 37.58944], [126.94155, 37.59], [126.94138, 37.59028], [126.94056, 37.5904], [126.93972, 37.59009], [126.93917, 37.59049], [126.93833, 37.59042], [126.93826, 37.59056], [126.93829, 37.59083], [126.93861, 37.59116], [126.93944, 37.59132], [126.94028, 37.59125], [126.94056, 37.59138], [126.9411, 37.59194], [126.94092, 37.59222], [126.94092, 37.5925], [126.94111, 37.59275], [126.94194, 37.59253], [126.94278, 37.59255], [126.94361, 37.59317], [126.94472, 37.59343], [126.94512, 37.59389], [126.94639, 37.59478], [126.94666, 37.59556], [126.9465, 37.59639], [126.94625, 37.59694], [126.94628, 37.5975], [126.94709, 37.59806], [126.94724, 37.59861], [126.94778, 37.59896], [126.94806, 37.59895], [126.94861, 37.59861], [126.94944, 37.59874], [126.94979, 37.59861], [126.95028, 37.59808], [126.95066, 37.59694], [126.95056, 37.59669], [126.95005, 37.59694], [126.95003, 37.5975], [126.9496, 37.59778], [126.94917, 37.59779], [126.94897, 37.5975], [126.94902, 37.59722], [126.94937, 37.59694], [126.94931, 37.59639], [126.94943, 37.59556], [126.94927, 37.595], [126.94941, 37.59444], [126.94889, 37.59405], [126.94786, 37.59278], [126.94791, 37.59139], [126.94778, 37.59102], [126.94667, 37.59028], [126.94646, 37.59], [126.94644, 37.58972], [126.94681, 37.58889], [126.94729, 37.58833], [126.9475, 37.58773], [126.94794, 37.58722], [126.94787, 37.58611], [126.94844, 37.58556], [126.94851, 37.58528], [126.94833, 37.58512], [126.94778, 37.58526]]}}, {"type": "Feature", "properties": {"elev": 50, "idx": 0}, "geometry": {"type": "LineString", "coordinates": [[126.9, 37.58606], [126.90032, 37.58611], [126.90057, 37.58583], [126.90053, 37.58556], [126.9, 37.58472], [126.90015, 37.58417], [126.90124, 37.58278], [126.90139, 37.58216], [126.90167, 37.58187], [126.90194, 37.5818], [126.90222, 37.58197], [126.90306, 37.58361], [126.90371, 37.58417], [126.90329, 37.58472], [126.90325, 37.585], [126.90361, 37.58585], [126.90417, 37.58619], [126.90556, 37.58618], [126.90667, 37.5873], [126.9075, 37.5876], [126.90822, 37.58889], [126.90821, 37.58917], [126.90799, 37.58944], [126.90697, 37.59], [126.90556, 37.59035], [126.90472, 37.59034], [126.90444, 37.59051], [126.90393, 37.59194], [126.9039, 37.59222], [126.90408, 37.5925], [126.90444, 37.59265], [126.90528, 37.59264], [126.90611, 37.5929], [126.9075, 37.59244], [126.90917, 37.59163], [126.91056, 37.59139], [126.91098, 37.59167], [126.91102, 37.59278], [126.91158, 37.59333], [126.91161, 37.59361], [126.91124, 37.59389], [126.90944, 37.59479], [126.90778, 37.59467], [126.9075, 37.59476], [126.90727, 37.595], [126.9069, 37.59556], [126.90621, 37.59722], [126.90639, 37.59751], [126.90667, 37.59764], [126.90722, 37.5976], [126.90769, 37.59778], [126.90725, 37.59806], [126.90694, 37.5981], [126.90639, 37.59904], [126.90556, 37.59946], [126.90478, 37.60083], [126.90541, 37.60139], [126.90682, 37.60194], [126.90692, 37.60306], [126.90723, 37.60389], [126.90696, 37.60417], [126.906, 37.60472], [126.90593, 37.605], [126.90611, 37.60524], [126.90667, 37.60548], [126.90833, 37.60542], [126.90917, 37.60598], [126.90936, 37.60639], [126.90918, 37.60694], [126.90861, 37.60763], [126.90806, 37.60786], [126.90722, 37.60792], [126.90655, 37.60833], [126.90624, 37.60889], [126.90623, 37.60972], [126.90667, 37.60988], [126.9075, 37.60961], [126.90889, 37.60959], [126.90944, 37.60994], [126.90964, 37.61056], [126.90949, 37.61111], [126.90917, 37.61162], [126.90841, 37.61194], [126.90778, 37.61262], [126.9068, 37.61278], [126.90656, 37.61306], [126.90628, 37.61444], [126.90667, 37.61528], [126.90639, 37.61552], [126.9055, 37.61583], [126.9053, 37.61611], [126.90574, 37.61694], [126.90563, 37.6175], [126.90573, 37.61778], [126.9062, 37.61806], [126.90722, 37.6182], [126.90786, 37.61778], [126.90889, 37.61646], [126.90972, 37.61624], [126.91015, 37.61639], [126.91056, 37.617], [126.91113, 37.61722], [126.91124, 37.6175], [126.91098, 37.61833], [126.91119, 37.61861], [126.91167, 37.61873], [126.91212, 37.61833], [126.91278, 37.61802], [126.91361, 37.61809], [126.91408, 37.61861], [126.91403, 37.61972], [126.9138, 37.62], [126.91267, 37.62056], [126.91199, 37.62167], [126.9121, 37.62194], [126.91262, 37.62194], [126.91417, 37.62135], [126.91559, 37.62167], [126.91589, 37.62194], [126.91611, 37.6225], [126.91621, 37.625], [126.91778, 37.62613], [126.91833, 37.62621], [126.91917, 37.62656], [126.91972, 37.6264], [126.92011, 37.62611], [126.92028, 37.62581], [126.92052, 37.62306], [126.92108, 37.62222], [126.92114, 37.62139], [126.92139, 37.62133], [126.92181, 37.62139], [126.92209, 37.62167], [126.92155, 37.62222], [126.9215, 37.6225], [126.92176, 37.62278], [126.92361, 37.62335], [126.92389, 37.62338], [126.92472, 37.62312], [126.92528, 37.62325], [126.92611, 37.62413], [126.92722, 37.62457], [126.92756, 37.625], [126.92778, 37.62599], [126.92806, 37.62626], [126.92861, 37.62644], [126.92859, 37.62611], [126.92904, 37.62472], [126.92898, 37.62417], [126.92871, 37.62361], [126.92889, 37.62335], [126.92917, 37.6234], [126.92972, 37.62383], [126.93, 37.62386], [126.93028, 37.62376], [126.93083, 37.62321], [126.93306, 37.6228], [126.93389, 37.62311], [126.93419, 37.62278], [126.93389, 37.62249], [126.933, 37.62222], [126.93194, 37.62213], [126.93, 37.62154], [126.92861, 37.62072], [126.92698, 37.62], [126.92634, 37.61917], [126.92647, 37.61861], [126.92608, 37.61806], [126.92609, 37.61722], [126.92556, 37.61667], [126.92558, 37.61583], [126.92583, 37.61543], [126.92639, 37.61499], [126.9275, 37.61485], [126.92806, 37.6146], [126.92889, 37.61459], [126.92917, 37.61444], [126.92972, 37.61384], [126.93, 37.61399], [126.93041, 37.615], [126.93032, 37.61611], [126.9313, 37.61778], [126.93167, 37.61869], [126.93222, 37.61947], [126.9325, 37.61969], [126.93278, 37.61965], [126.93368, 37.61861], [126.93417, 37.61748], [126.93417, 37.61667], [126.93333, 37.6152], [126.93278, 37.61472], [126.9327, 37.61444], [126.93321, 37.61389], [126.93335, 37.61333], [126.93419, 37.6125], [126.93415, 37.61222], [126.93362, 37.61111], [126.93337, 37.61083], [126.93334, 37.61056], [126.93389, 37.61033], [126.93444, 37.61044], [126.93528, 37.61039], [126.93722, 37.61011], [126.93734, 37.61], [126.93672, 37.60944], [126.93571, 37.60917], [126.93508, 37.60778], [126.93538, 37.60694], [126.93503, 37.60611], [126.93492, 37.60472], [126.93531, 37.60417], [126.93534, 37.60306], [126.93608, 37.60222], [126.93597, 37.60167], [126.9364, 37.60028], [126.93611, 37.60015], [126.93472, 37.6004], [126.93417, 37.60038], [126.934, 37.60028], [126.93409, 37.59944], [126.93361, 37.59896], [126.93333, 37.59893], [126.93222, 37.59911], [126.93111, 37.59903], [126.93028, 37.59923], [126.92972, 37.59921], [126.92861, 37.59961], [126.92817, 37.59889], [126.92758, 37.59833], [126.92585, 37.59778], [126.92528, 37.59771], [126.92443, 37.59722], [126.92342, 37.59611], [126.92303, 37.59528], [126.92285, 37.59472], [126.92269, 37.59306], [126.9224, 37.59222], [126.92252, 37.59139], [126.92245, 37.59056], [126.92272, 37.58944], [126.92246, 37.58861], [126.92275, 37.58806], [126.9224, 37.5875], [126.92239, 37.58722], [126.92287, 37.58639], [126.92293, 37.58583], [126.92278, 37.58568], [126.92221, 37.58556], [126.92121, 37.58472], [126.92106, 37.58389], [126.92022, 37.58333], [126.92, 37.58306], [126.91997, 37.58278], [126.92034, 37.58222], [126.92035, 37.58194], [126.92007, 37.58167], [126.91917, 37.5814], [126.91833, 37.5807], [126.9175, 37.58058], [126.91715, 37.58028]]}}, {"type": "Feature", "properties": {"elev": 50, "idx": 0}, "geometry": {"type": "LineString", "coordinates": [[127.04721, 37.58722], [127.04861, 37.58727], [127.04944, 37.58705], [127.04988, 37.58722], [127.05003, 37.58861], [127.04987, 37.58944], [127.04972, 37.58959], [127.04889, 37.58977], [127.04833, 37.59007], [127.04694, 37.58985], [127.04639, 37.59022], [127.04611, 37.59025], [127.04472, 37.59003], [127.04471, 37.58972], [127.04525, 37.58917], [127.04583, 37.58811], [127.04674, 37.58778], [127.04721, 37.58722]]}}, {"type": "Feature", "properties": {"elev": 50, "idx": 0}, "geometry": {"type": "LineString", "coordinates": [[127.04716, 37.59139], [127.0475, 37.59122], [127.04913, 37.59194], [127.04942, 37.59306], [127.04927, 37.59444], [127.04972, 37.5955], [127.05, 37.59561], [127.05028, 37.5954], [127.05056, 37.59494], [127.05083, 37.59473], [127.05111, 37.59473], [127.0517, 37.595], [127.05222, 37.59565], [127.05306, 37.59556], [127.05361, 37.59584], [127.05389, 37.59585], [127.05428, 37.59528], [127.05423, 37.595], [127.05361, 37.59456], [127.05346, 37.59417], [127.05389, 37.59365], [127.05444, 37.59335], [127.05472, 37.59334], [127.05508, 37.59361], [127.05584, 37.59556], [127.0559, 37.59583], [127.05565, 37.59667], [127.05595, 37.59722], [127.05567, 37.59778], [127.05514, 37.59833], [127.05503, 37.59861], [127.05533, 37.59944], [127.05454, 37.60056], [127.05552, 37.60222], [127.0554, 37.60306], [127.05554, 37.60361], [127.05487, 37.60417], [127.05472, 37.60444], [127.05464, 37.60583], [127.05444, 37.606], [127.05333, 37.60604], [127.05278, 37.60561], [127.05167, 37.60543], [127.05056, 37.60469], [127.04944, 37.60433], [127.04861, 37.60479], [127.04806, 37.6049], [127.04778, 37.60483], [127.04755, 37.60417], [127.04723, 37.60389], [127.04639, 37.60348], [127.04583, 37.60356], [127.0455, 37.60333], [127.04506, 37.60222], [127.04511, 37.60194], [127.04615, 37.60194], [127.04652, 37.60222], [127.04667, 37.60283], [127.04705, 37.60222], [127.04698, 37.60083], [127.04665, 37.60028], [127.04657, 37.59944], [127.04629, 37.59889], [127.04609, 37.59806], [127.04556, 37.5974], [127.04417, 37.59664], [127.04341, 37.59667], [127.04342, 37.59639], [127.04377, 37.59556], [127.04367, 37.59472], [127.04472, 37.59489], [127.045, 37.59469], [127.04541, 37.59417], [127.04556, 37.59276], [127.04667, 37.59207], [127.04716, 37.59139]]}}, {"type": "Feature", "properties": {"elev": 50, "idx": 0}, "geometry": {"type": "LineString", "coordinates": [[126.94579, 37.59306], [126.94611, 37.59296], [126.94667, 37.5931], [126.94703, 37.59361], [126.94696, 37.59389], [126.94667, 37.59409], [126.94639, 37.59403], [126.94579, 37.59333], [126.94579, 37.59306]]}}, {"type": "Feature", "properties": {"elev": 50, "idx": 0}, "geometry": {"type": "LineString", "coordinates": [[127.05167, 37.59691], [127.05179, 37.59722], [127.05204, 37.59722], [127.05194, 37.59684], [127.05167, 37.59691]]}}, {"type": "Feature", "properties": {"elev": 50, "idx": 0}, "geometry": {"type": "LineString", "coordinates": [[127.02229, 37.60194], [127.0225, 37.6019], [127.02281, 37.60222], [127.02371, 37.6025], [127.02419, 37.60306], [127.02421, 37.60333], [127.02271, 37.60278], [127.02215, 37.60222], [127.02229, 37.60194]]}}, {"type": "Feature", "properties": {"elev": 50, "idx": 0}, "geometry": {"type": "LineString", "coordinates": [[126.93229, 37.60278], [126.93389, 37.60253], [126.93444, 37.60264], [126.9349, 37.60306], [126.93493, 37.60361], [126.93472, 37.60391], [126.93389, 37.60416], [126.93333, 37.60465], [126.93167, 37.60546], [126.93139, 37.60551], [126.93013, 37.60472], [126.93005, 37.60444], [126.93028, 37.60421], [126.9315, 37.60361], [126.93229, 37.60278]]}}, {"type": "Feature", "properties": {"elev": 50, "idx": 0}, "geometry": {"type": "LineString", "coordinates": [[127.01083, 37.60495], [127.01067, 37.605], [127.01056, 37.60528], [127.01083, 37.60528], [127.01092, 37.605], [127.01083, 37.60495]]}}, {"type": "Feature", "properties": {"elev": 50, "idx": 0}, "geometry": {"type": "LineString", "coordinates": [[127.03784, 37.60639], [127.03917, 37.60616], [127.03947, 37.60639], [127.04, 37.60733], [127.04028, 37.60749], [127.04083, 37.60727], [127.04139, 37.60636], [127.04222, 37.60616], [127.04278, 37.60624], [127.04417, 37.60722], [127.04444, 37.60725], [127.04556, 37.6069], [127.04611, 37.60695], [127.04694, 37.60679], [127.04745, 37.60694], [127.04761, 37.60833], [127.04738, 37.60944], [127.04753, 37.61056], [127.04778, 37.61098], [127.04889, 37.61194], [127.04914, 37.61306], [127.04889, 37.61341], [127.04722, 37.61374], [127.04639, 37.61405], [127.04583, 37.6139], [127.045, 37.614], [127.04469, 37.61417], [127.04448, 37.61472], [127.04534, 37.61611], [127.04497, 37.6175], [127.04472, 37.6178], [127.04389, 37.61784], [127.04333, 37.6177], [127.04254, 37.61722], [127.04184, 37.61722], [127.04177, 37.6175], [127.0427, 37.61833], [127.04273, 37.61889], [127.0425, 37.61963], [127.04124, 37.62111], [127.04137, 37.62139], [127.04167, 37.62154], [127.04222, 37.62155], [127.04278, 37.62148], [127.04333, 37.6212], [127.04365, 37.62222], [127.04389, 37.62247], [127.04497, 37.62278], [127.04519, 37.62306], [127.045, 37.62432], [127.04395, 37.625], [127.04375, 37.62528], [127.04361, 37.62583], [127.04333, 37.62589], [127.04278, 37.62551], [127.0425, 37.62555], [127.04194, 37.62592], [127.03861, 37.6257], [127.03806, 37.62641], [127.03722, 37.62635], [127.03702, 37.62667], [127.03701, 37.62694], [127.03711, 37.62722], [127.0376, 37.62778], [127.03775, 37.62833], [127.0375, 37.62879], [127.03688, 37.62917], [127.0367, 37.62944], [127.03678, 37.63], [127.03639, 37.63055], [127.03556, 37.6304], [127.035, 37.63047], [127.03453, 37.63083], [127.03423, 37.63139], [127.03306, 37.63216], [127.03139, 37.63236], [127.03083, 37.633], [127.03028, 37.6333], [127.02972, 37.63379], [127.02889, 37.63384], [127.02852, 37.63361], [127.02806, 37.63247], [127.02733, 37.63167], [127.02696, 37.63056], [127.02702, 37.63], [127.02639, 37.62889], [127.02611, 37.62871], [127.02583, 37.62877], [127.02567, 37.62889], [127.02544, 37.62972], [127.02528, 37.62984], [127.02488, 37.62972], [127.02481, 37.62944], [127.02517, 37.62889], [127.02556, 37.62743], [127.02583, 37.62741], [127.02611, 37.62758], [127.02667, 37.62823], [127.02695, 37.62806], [127.02765, 37.62667], [127.0275, 37.6262], [127.02667, 37.62615], [127.02613, 37.62583], [127.02596, 37.62556], [127.02603, 37.62528], [127.02667, 37.62496], [127.02725, 37.62528], [127.0275, 37.62574], [127.02806, 37.62575], [127.02833, 37.62558], [127.02841, 37.62528], [127.02796, 37.62444], [127.02807, 37.62417], [127.02833, 37.62396], [127.02889, 37.62402], [127.03, 37.62358], [127.03062, 37.62306], [127.03083, 37.62278], [127.03087, 37.62194], [127.03133, 37.62083], [127.03148, 37.61972], [127.03194, 37.61911], [127.03248, 37.6175], [127.03306, 37.61674], [127.03389, 37.61636], [127.03417, 37.61642], [127.03556, 37.61721], [127.03611, 37.61726], [127.03639, 37.6171], [127.03638, 37.61639], [127.03566, 37.615], [127.03611, 37.61348], [127.03639, 37.61329], [127.03722, 37.61344], [127.0375, 37.61335], [127.03774, 37.61306], [127.03776, 37.61278], [127.03694, 37.61167], [127.0369, 37.61139], [127.037, 37.61], [127.03789, 37.60917], [127.03791, 37.60889], [127.03741, 37.60833], [127.03746, 37.60778], [127.03729, 37.60694], [127.0375, 37.60654], [127.03784, 37.60639]]}}, {"type": "Feature", "properties": {"elev": 50, "idx": 0}, "geometry": {"type": "LineString", "coordinates": [[127.0279, 37.61], [127.02828, 37.61], [127.0279, 37.61]]}}, {"type": "Feature", "properties": {"elev": 50, "idx": 0}, "geometry": {"type": "LineString", "coordinates": [[126.93806, 37.61027], [126.93796, 37.61028], [126.93806, 37.61039], [126.93815, 37.61028], [126.93806, 37.61027]]}}, {"type": "Feature", "properties": {"elev": 50, "idx": 0}, "geometry": {"type": "LineString", "coordinates": [[127.06814, 37.61694], [127.06861, 37.61682], [127.06917, 37.61737], [127.06972, 37.6175], [127.07025, 37.61806], [127.07023, 37.61833], [127.06972, 37.61902], [127.06889, 37.61925], [127.0685, 37.61917], [127.06809, 37.61889], [127.06765, 37.61778], [127.06778, 37.61732], [127.06814, 37.61694]]}}, {"type": "Feature", "properties": {"elev": 50, "idx": 0}, "geometry": {"type": "LineString", "coordinates": [[126.90278, 37.61995], [126.9025, 37.62001], [126.90229, 37.62028], [126.90222, 37.62063], [126.9027, 37.62056], [126.90297, 37.62028], [126.90296, 37.62], [126.90278, 37.61995]]}}, {"type": "Feature", "properties": {"elev": 50, "idx": 0}, "geometry": {"type": "LineString", "coordinates": [[127.05583, 37.62194], [127.05611, 37.62187], [127.05639, 37.62197], [127.05722, 37.62306], [127.05816, 37.62389], [127.05899, 37.62611], [127.05897, 37.62639], [127.05872, 37.62667], [127.05806, 37.62683], [127.05722, 37.62728], [127.05568, 37.62722], [127.05472, 37.62628], [127.05412, 37.62611], [127.05393, 37.62556], [127.05315, 37.625], [127.05304, 37.62472], [127.05309, 37.62444], [127.05333, 37.62423], [127.05417, 37.62397], [127.05511, 37.62333], [127.05549, 37.62222], [127.05583, 37.62194]]}}, {"type": "Feature", "properties": {"elev": 50, "idx": 0}, "geometry": {"type": "LineString", "coordinates": [[127.07691, 37.6275], [127.07694, 37.62759], [127.07691, 37.6275]]}}, {"type": "Feature", "properties": {"elev": 50, "idx": 0}, "geometry": {"type": "LineString", "coordinates": [[127.05319, 37.62833], [127.05389, 37.62807], [127.054, 37.62833], [127.05389, 37.6286], [127.05319, 37.62833]]}}, {"type": "Feature", "properties": {"elev": 50, "idx": 0}, "geometry": {"type": "LineString", "coordinates": [[127.05215, 37.62861], [127.0525, 37.62847], [127.05288, 37.62861], [127.05292, 37.62917], [127.05278, 37.62945], [127.0525, 37.62958], [127.05194, 37.62932], [127.05187, 37.62889], [127.05215, 37.62861]]}}, {"type": "Feature", "properties": {"elev": 50, "idx": 0}, "geometry": {"type": "LineString", "coordinates": [[126.9, 37.62861], [126.90083, 37.62783], [126.90194, 37.62758], [126.90221, 37.62722], [126.90156, 37.62639], [126.9008, 37.62583], [126.90111, 37.62474], [126.90155, 37.62417], [126.90171, 37.6225], [126.90212, 37.62194], [126.90202, 37.62111], [126.90194, 37.62098], [126.90139, 37.62112], [126.90056, 37.62187], [126.9, 37.62208]]}}, {"type": "Feature", "properties": {"elev": 50, "idx": 0}, "geometry": {"type": "LineString", "coordinates": [[127.04694, 37.63028], [127.0475, 37.63008], [127.04778, 37.63023], [127.04833, 37.63134], [127.04907, 37.63167], [127.04964, 37.63222], [127.0502, 37.6325], [127.05043, 37.63361], [127.05035, 37.63444], [127.05111, 37.63535], [127.05139, 37.63549], [127.05167, 37.63537], [127.05178, 37.63472], [127.05222, 37.63417], [127.05189, 37.63278], [127.05278, 37.63234], [127.05306, 37.63205], [127.05333, 37.63199], [127.05611, 37.6337], [127.05694, 37.63404], [127.0575, 37.63471], [127.05771, 37.63528], [127.05762, 37.63667], [127.05742, 37.63722], [127.05724, 37.6375], [127.05682, 37.63778], [127.05528, 37.63802], [127.0549, 37.63861], [127.05444, 37.63899], [127.05222, 37.63933], [127.05207, 37.63944], [127.05195, 37.64028], [127.05167, 37.64085], [127.05056, 37.64136], [127.04944, 37.64102], [127.049, 37.64139], [127.04861, 37.64199], [127.04778, 37.64235], [127.04694, 37.64304], [127.04583, 37.64352], [127.04528, 37.6446], [127.04417, 37.64465], [127.04333, 37.64532], [127.04194, 37.64591], [127.04083, 37.6459], [127.04027, 37.64611], [127.03967, 37.64639], [127.03958, 37.64667], [127.03972, 37.64687], [127.03972, 37.64715], [127.03944, 37.64711], [127.03861, 37.64606], [127.03857, 37.64556], [127.03928, 37.64472], [127.03944, 37.64407], [127.03993, 37.64389], [127.04056, 37.64396], [127.04111, 37.6436], [127.04233, 37.64333], [127.0421, 37.64222], [127.0415, 37.64167], [127.04138, 37.64083], [127.04167, 37.64042], [127.04239, 37.64], [127.04233, 37.63944], [127.04252, 37.63917], [127.0434, 37.63861], [127.04347, 37.63833], [127.04301, 37.63639], [127.0436, 37.63472], [127.04389, 37.63452], [127.04417, 37.63451], [127.045, 37.63481], [127.04515, 37.63472], [127.04526, 37.63389], [127.04501, 37.63278], [127.04539, 37.63222], [127.04542, 37.63167], [127.046, 37.63083], [127.04694, 37.63028]]}}, {"type": "Feature", "properties": {"elev": 50, "idx": 0}, "geometry": {"type": "LineString", "coordinates": [[127.07972, 37.63361], [127.0796, 37.63306], [127.07972, 37.63287]]}}, {"type": "Feature", "properties": {"elev": 50, "idx": 0}, "geometry": {"type": "LineString", "coordinates": [[127.07972, 37.63417], [127.07956, 37.63389], [127.07972, 37.63361]]}}, {"type": "Feature", "properties": {"elev": 50, "idx": 0}, "geometry": {"type": "LineString", "coordinates": [[127.07661, 37.63556], [127.07667, 37.63539], [127.07694, 37.63539], [127.0772, 37.63556], [127.07661, 37.63556]]}}, {"type": "Feature", "properties": {"elev": 50, "idx": 0}, "geometry": {"type": "LineString", "coordinates": [[127.07972, 37.63583], [127.07955, 37.63556], [127.07972, 37.63514]]}}, {"type": "Feature", "properties": {"elev": 50, "idx": 0}, "geometry": {"type": "LineString", "coordinates": [[127.07972, 37.63625], [127.07953, 37.63611], [127.07972, 37.63583]]}}, {"type": "Feature", "properties": {"elev": 50, "idx": 0}, "geometry": {"type": "LineString", "coordinates": [[127.01734, 37.6375], [127.01778, 37.63729], [127.01806, 37.63733], [127.01842, 37.6375], [127.0186, 37.63778], [127.01807, 37.63861], [127.01807, 37.63889], [127.01833, 37.63944], [127.01806, 37.63975], [127.01778, 37.63973], [127.01733, 37.63944], [127.01719, 37.63917], [127.017, 37.63833], [127.01734, 37.6375]]}}, {"type": "Feature", "properties": {"elev": 50, "idx": 0}, "geometry": {"type": "LineString", "coordinates": [[127.07972, 37.64005], [127.07917, 37.64028], [127.07928, 37.64056], [127.07972, 37.64083]]}}, {"type": "Feature", "properties": {"elev": 50, "idx": 0}, "geometry": {"type": "LineString", "coordinates": [[127.05101, 37.64194], [127.0513, 37.64194], [127.05101, 37.64194]]}}, {"type": "Feature", "properties": {"elev": 50, "idx": 0}, "geometry": {"type": "LineString", "coordinates": [[127.07545, 37.64222], [127.07556, 37.64206], [127.07583, 37.64206], [127.07596, 37.64222], [127.07556, 37.64239], [127.07545, 37.64222]]}}, {"type": "Feature", "properties": {"elev": 50, "idx": 0}, "geometry": {"type": "LineString", "coordinates": [[127.01848, 37.6425], [127.01861, 37.64237], [127.01917, 37.64239], [127.01944, 37.64267], [127.01941, 37.64306], [127.01917, 37.64328], [127.01889, 37.64334], [127.01833, 37.64319], [127.01831, 37.64278], [127.01848, 37.6425]]}}, {"type": "Feature", "properties": {"elev": 50, "idx": 0}, "geometry": {"type": "LineString", "coordinates": [[127.01683, 37.64389], [127.01722, 37.64385], [127.01762, 37.64444], [127.01835, 37.645], [127.01778, 37.6452], [127.0175, 37.64515], [127.01678, 37.64444], [127.01665, 37.64417], [127.01683, 37.64389]]}}, {"type": "Feature", "properties": {"elev": 50, "idx": 0}, "geometry": {"type": "LineString", "coordinates": [[127.03441, 37.64611], [127.03506, 37.64611], [127.03532, 37.64639], [127.03528, 37.6465], [127.03425, 37.6475], [127.03361, 37.6476], [127.03348, 37.6475], [127.03434, 37.64667], [127.03441, 37.64611]]}}, {"type": "Feature", "properties": {"elev": 50, "idx": 0}, "geometry": {"type": "LineString", "coordinates": [[127.07972, 37.6462], [127.07861, 37.64637], [127.07806, 37.64629], [127.07679, 37.64444], [127.07704, 37.64333], [127.07672, 37.64278], [127.07686, 37.6425], [127.0775, 37.6421], [127.07774, 37.64167], [127.07721, 37.64083], [127.07846, 37.64056], [127.07884, 37.64028], [127.07764, 37.63889], [127.07791, 37.63778], [127.07833, 37.63768], [127.07917, 37.638], [127.07972, 37.63771]]}}, {"type": "Feature", "properties": {"elev": 50, "idx": 0}, "geometry": {"type": "LineString", "coordinates": [[127.01595, 37.65111], [127.01639, 37.65091], [127.01722, 37.65107], [127.01773, 37.65139], [127.01773, 37.65167], [127.0175, 37.65203], [127.01694, 37.65229], [127.0159, 37.65167], [127.01579, 37.65139], [127.01595, 37.65111]]}}, {"type": "Feature", "properties": {"elev": 50, "idx": 0}, "geometry": {"type": "LineString", "coordinates": [[126.93537, 37.65278], [126.93583, 37.65255], [126.93619, 37.65278], [126.93616, 37.65306], [126.93583, 37.65354], [126.93528, 37.6538], [126.93484, 37.65361], [126.93482, 37.65333], [126.93537, 37.65278]]}}, {"type": "Feature", "properties": {"elev": 50, "idx": 0}, "geometry": {"type": "LineString", "coordinates": [[126.93301, 37.65361], [126.93333, 37.65346], [126.93361, 37.65349], [126.93417, 37.65388], [126.93439, 37.65444], [126.93417, 37.65511], [126.93361, 37.65521], [126.93315, 37.655], [126.93291, 37.65417], [126.93301, 37.65361]]}}, {"type": "Feature", "properties": {"elev": 50, "idx": 0}, "geometry": {"type": "LineString", "coordinates": [[127.01417, 37.65443], [127.01315, 37.655], [127.01321, 37.65528], [127.0135, 37.65556], [127.01417, 37.65594], [127.01444, 37.65572], [127.01487, 37.65472], [127.01472, 37.65426], [127.01444, 37.65424], [127.01417, 37.65443]]}}, {"type": "Feature", "properties": {"elev": 50, "idx": 0}, "geometry": {"type": "LineString", "coordinates": [[127.07972, 37.65449], [127.07889, 37.6547], [127.07866, 37.65417], [127.07947, 37.65278], [127.07941, 37.6525], [127.07972, 37.65231]]}}, {"type": "Feature", "properties": {"elev": 50, "idx": 0}, "geometry": {"type": "LineString", "coordinates": [[126.9, 37.65528], [126.90111, 37.65531], [126.90222, 37.6551], [126.90444, 37.65512], [126.90477, 37.655], [126.90564, 37.65417], [126.90722, 37.65361], [126.90806, 37.65354], [126.90833, 37.65362], [126.90861, 37.65439], [126.90889, 37.65456], [126.90972, 37.65434], [126.91028, 37.65435], [126.91194, 37.65487], [126.91361, 37.65428], [126.915, 37.65491], [126.91778, 37.65528], [126.91917, 37.65561], [126.91993, 37.65611], [126.92007, 37.65667], [126.9198, 37.6575], [126.92, 37.6577], [126.92028, 37.65753], [126.92083, 37.65683], [126.92232, 37.65667], [126.92242, 37.65333], [126.9225, 37.65304], [126.92318, 37.6525], [126.92333, 37.65222], [126.92308, 37.65139], [126.92333, 37.65083], [126.92332, 37.65056], [126.92282, 37.64972], [126.92271, 37.64917], [126.92306, 37.64862], [126.92333, 37.64863], [126.92361, 37.64931], [126.92362, 37.65028], [126.92391, 37.65056], [126.92472, 37.65124], [126.92556, 37.65121], [126.92583, 37.65133], [126.9271, 37.65278], [126.9275, 37.65347], [126.92861, 37.65331], [126.92917, 37.65354], [126.93078, 37.65556], [126.93178, 37.65611], [126.93222, 37.65663], [126.93361, 37.65667], [126.93444, 37.65654], [126.93639, 37.65674], [126.9375, 37.65625], [126.93806, 37.65622], [126.93948, 37.65694], [126.94139, 37.65883], [126.94222, 37.65839], [126.94278, 37.65827], [126.94444, 37.65848], [126.94722, 37.65948], [126.94806, 37.65961], [126.94861, 37.66033], [126.94891, 37.66], [126.94833, 37.65944], [126.94778, 37.65844], [126.94694, 37.65844], [126.94639, 37.65823], [126.94528, 37.65812], [126.9448, 37.65778], [126.94419, 37.65694], [126.94417, 37.65611], [126.94389, 37.65589], [126.94306, 37.65624], [126.94222, 37.65598], [126.94098, 37.65472], [126.94062, 37.65389], [126.94073, 37.65361], [126.94216, 37.65306], [126.94212, 37.65278], [126.94083, 37.6528], [126.94028, 37.65261], [126.93944, 37.65205], [126.93825, 37.65056], [126.93823, 37.65028], [126.9387, 37.64917], [126.93877, 37.64833], [126.93957, 37.64722], [126.93944, 37.64677], [126.93902, 37.64611], [126.93833, 37.64598], [126.93778, 37.64627], [126.93744, 37.64694], [126.93658, 37.64778], [126.93648, 37.64806], [126.93655, 37.64917], [126.93611, 37.6497], [126.93528, 37.65018], [126.93417, 37.65012], [126.93389, 37.64998], [126.93313, 37.64917], [126.93193, 37.64833], [126.93096, 37.64722], [126.93032, 37.64611], [126.93024, 37.64556], [126.93056, 37.64503], [126.93111, 37.64456], [126.93194, 37.64412], [126.93231, 37.64361], [126.93221, 37.64306], [126.93167, 37.64237], [126.93139, 37.64218], [126.93028, 37.64195], [126.92985, 37.64222], [126.92889, 37.64348], [126.92861, 37.64367], [126.92694, 37.64353], [126.92528, 37.64286], [126.92417, 37.64184], [126.92243, 37.64083], [126.9212, 37.63944], [126.92003, 37.63889], [126.91983, 37.63861], [126.91953, 37.63722], [126.9196, 37.63667], [126.92083, 37.63591], [126.92167, 37.63492], [126.9225, 37.63462], [126.92306, 37.63457], [126.925, 37.63521], [126.92556, 37.6349], [126.92639, 37.63466], [126.92722, 37.63403], [126.92972, 37.6331], [126.92981, 37.63278], [126.92943, 37.63194], [126.92956, 37.63139], [126.93001, 37.63056], [126.92972, 37.63022], [126.92917, 37.63034], [126.92833, 37.63094], [126.92778, 37.63108], [126.92667, 37.63172], [126.925, 37.63188], [126.92472, 37.63184], [126.92417, 37.63147], [126.92333, 37.6316], [126.92222, 37.6315], [126.92028, 37.63057], [126.92, 37.63059], [126.91945, 37.63139], [126.91902, 37.6325], [126.91833, 37.63323], [126.9175, 37.6336], [126.91639, 37.63358], [126.91562, 37.63389], [126.91572, 37.63417], [126.91682, 37.635], [126.91701, 37.63528], [126.91586, 37.63583], [126.91577, 37.63611], [126.91652, 37.63722], [126.91662, 37.63778], [126.91611, 37.63856], [126.91512, 37.63889], [126.915, 37.63905], [126.91502, 37.64028], [126.91518, 37.64111], [126.91472, 37.6425], [126.91444, 37.64287], [126.91389, 37.6432], [126.91194, 37.64358], [126.91107, 37.64417], [126.91, 37.64466], [126.90861, 37.6448], [126.9075, 37.6443], [126.90696, 37.64472], [126.90667, 37.64556], [126.90639, 37.64594], [126.90611, 37.64619], [126.90583, 37.64623], [126.9055, 37.64611], [126.90472, 37.64529], [126.90417, 37.64534], [126.90333, 37.64565], [126.90299, 37.64556], [126.90305, 37.645], [126.90374, 37.64417], [126.90412, 37.64278], [126.90506, 37.64194], [126.9051, 37.64139], [126.90482, 37.64083], [126.905, 37.6405], [126.90556, 37.6404], [126.90565, 37.64028], [126.90556, 37.63987], [126.90528, 37.63958], [126.905, 37.63963], [126.90444, 37.64013], [126.90278, 37.6412], [126.90204, 37.64222], [126.90167, 37.64251], [126.9, 37.64259]]}}, {"type": "Feature", "properties": {"elev": 50, "idx": 0}, "geometry": {"type": "LineString", "coordinates": [[127.03538, 37.65833], [127.0356, 37.65833], [127.03551, 37.65861], [127.03528, 37.65878], [127.03501, 37.65861], [127.03538, 37.65833]]}}, {"type": "Feature", "properties": {"elev": 50, "idx": 0}, "geometry": {"type": "LineString", "coordinates": [[127.07972, 37.65815], [127.07937, 37.65778], [127.07931, 37.6575], [127.07937, 37.65722], [127.07972, 37.65685]]}}, {"type": "Feature", "properties": {"elev": 50, "idx": 0}, "geometry": {"type": "LineString", "coordinates": [[126.9, 37.65972], [126.9, 37.65972]]}}, {"type": "Feature", "properties": {"elev": 50, "idx": 0}, "geometry": {"type": "LineString", "coordinates": [[127.04621, 37.66111], [127.04639, 37.66097], [127.04669, 37.66111], [127.04639, 37.66129], [127.04621, 37.66111]]}}, {"type": "Feature", "properties": {"elev": 50, "idx": 0}, "geometry": {"type": "LineString", "coordinates": [[126.9, 37.66167], [126.901, 37.66083], [126.90104, 37.66056], [126.90098, 37.66028], [126.90056, 37.6601], [126.9, 37.66056]]}}, {"type": "Feature", "properties": {"elev": 50, "idx": 0}, "geometry": {"type": "LineString", "coordinates": [[127.07972, 37.66944], [127.07957, 37.67], [127.07972, 37.67014]]}}, {"type": "Feature", "properties": {"elev": 50, "idx": 0}, "geometry": {"type": "LineString", "coordinates": [[126.909, 37.67528], [126.90917, 37.6752], [126.90917, 37.67558], [126.909, 37.67528]]}}, {"type": "Feature", "properties": {"elev": 50, "idx": 0}, "geometry": {"type": "LineString", "coordinates": [[126.9, 37.68046], [126.90056, 37.68024], [126.90083, 37.68032], [126.90121, 37.68083], [126.90167, 37.68121], [126.90222, 37.68138], [126.90361, 37.68145], [126.90453, 37.68194], [126.90611, 37.68183], [126.90669, 37.68139], [126.90722, 37.68012], [126.90806, 37.67983], [126.90833, 37.67932], [126.9093, 37.67889], [126.90958, 37.67833], [126.91028, 37.67812], [126.91111, 37.67724], [126.91167, 37.67702], [126.91194, 37.67708], [126.91278, 37.67765], [126.91324, 37.67833], [126.91328, 37.67917], [126.91289, 37.67972], [126.91288, 37.68], [126.91306, 37.68017], [126.91333, 37.68021], [126.91389, 37.67991], [126.91429, 37.68], [126.91374, 37.68056], [126.91403, 37.68139], [126.91409, 37.68194], [126.915, 37.68318], [126.91528, 37.68317], [126.91544, 37.6825], [126.91465, 37.68167], [126.91459, 37.68111], [126.915, 37.68035], [126.91528, 37.68035], [126.91611, 37.68076], [126.9163, 37.68056], [126.91627, 37.68028], [126.91563, 37.67972], [126.91556, 37.67944], [126.91619, 37.67833], [126.91627, 37.67694], [126.91588, 37.67583], [126.91611, 37.67556], [126.91642, 37.67556], [126.91653, 37.67444], [126.91639, 37.67427], [126.91528, 37.6747], [126.91417, 37.67442], [126.91287, 37.67333], [126.91274, 37.67222], [126.9125, 37.67209], [126.91194, 37.67225], [126.91111, 37.67219], [126.90944, 37.67248], [126.90806, 37.6732], [126.90716, 37.67333], [126.90707, 37.67361], [126.90724, 37.67444], [126.90716, 37.675], [126.90639, 37.67548], [126.90583, 37.67553], [126.90556, 37.67543], [126.905, 37.6749], [126.90389, 37.67469], [126.90306, 37.67395], [126.90298, 37.67361], [126.90333, 37.673], [126.90428, 37.6725], [126.90436, 37.67222], [126.9031, 37.67083], [126.90291, 37.67], [126.90316, 37.66889], [126.90279, 37.66806], [126.9025, 37.66771], [126.90167, 37.66745], [126.90094, 37.66694], [126.9, 37.66653]]}}, {"type": "Feature", "properties": {"elev": 50, "idx": 0}, "geometry": {"type": "LineString", "coordinates": [[126.90583, 37.6825], [126.90583, 37.6825]]}}, {"type": "Feature", "properties": {"elev": 50, "idx": 0}, "geometry": {"type": "LineString", "coordinates": [[127.04715, 37.68583], [127.0475, 37.68571], [127.04806, 37.68609], [127.04817, 37.68639], [127.04807, 37.68667], [127.04778, 37.68693], [127.04722, 37.68725], [127.04694, 37.68724], [127.04665, 37.68667], [127.0467, 37.68639], [127.04715, 37.68583]]}}, {"type": "Feature", "properties": {"elev": 50, "idx": 0}, "geometry": {"type": "LineString", "coordinates": [[126.91639, 37.68823], [126.91639, 37.68835], [126.91675, 37.68833], [126.91639, 37.68823]]}}, {"type": "Feature", "properties": {"elev": 50, "idx": 0}, "geometry": {"type": "LineString", "coordinates": [[126.9, 37.69611], [126.90056, 37.69693], [126.90083, 37.69688], [126.90144, 37.69639], [126.90152, 37.69611], [126.9011, 37.695], [126.9015, 37.69444], [126.90152, 37.69361], [126.90142, 37.69306], [126.90086, 37.69194], [126.90067, 37.69056], [126.90064, 37.68917], [126.90092, 37.68833], [126.90072, 37.68694], [126.90053, 37.68639], [126.9, 37.68583]]}}, {"type": "Feature", "properties": {"elev": 50, "idx": 0}, "geometry": {"type": "LineString", "coordinates": [[126.9, 37.69889], [126.9, 37.69889]]}}, {"type": "Feature", "properties": {"elev": 50, "idx": 0}, "geometry": {"type": "LineString", "coordinates": [[127.05833, 37.70908], [127.05806, 37.70928], [127.05803, 37.70944], [127.05833, 37.70962], [127.05833, 37.70908]]}}, {"type": "Feature", "properties": {"elev": 50, "idx": 0}, "geometry": {"type": "LineString", "coordinates": [[127.04741, 37.71667], [127.0475, 37.7165], [127.04782, 37.71667], [127.04797, 37.71778], [127.04778, 37.71815], [127.0475, 37.71815], [127.04732, 37.71778], [127.04741, 37.71667]]}}, {"type": "Feature", "properties": {"elev": 50, "idx": 0}, "geometry": {"type": "LineString", "coordinates": [[127.04873, 37.72389], [127.04889, 37.72372], [127.04917, 37.72379], [127.04946, 37.72417], [127.04945, 37.72444], [127.04889, 37.72508], [127.04861, 37.725], [127.04856, 37.72472], [127.04873, 37.72389]]}}, {"type": "Feature", "properties": {"elev": 50, "idx": 0}, "geometry": {"type": "LineString", "coordinates": [[127.05126, 37.72528], [127.05194, 37.7251], [127.05218, 37.72528], [127.05199, 37.72556], [127.05167, 37.72562], [127.05126, 37.72528]]}}, {"type": "Feature", "properties": {"elev": 50, "idx": 0}, "geometry": {"type": "LineString", "coordinates": [[127.04483, 37.72611], [127.045, 37.72599], [127.04639, 37.72643], [127.04646, 37.72694], [127.04611, 37.72759], [127.04583, 37.72772], [127.045, 37.72776], [127.04444, 37.72765], [127.04425, 37.72722], [127.04436, 37.72667], [127.04483, 37.72611]]}}, {"type": "Feature", "properties": {"elev": 50, "idx": 0}, "geometry": {"type": "LineString", "coordinates": [[127.04934, 37.72694], [127.04972, 37.72703], [127.0499, 37.72722], [127.04991, 37.7275], [127.04972, 37.72766], [127.04944, 37.72769], [127.04906, 37.7275], [127.04901, 37.72722], [127.04934, 37.72694]]}}, {"type": "Feature", "properties": {"elev": 50, "idx": 0}, "geometry": {"type": "LineString", "coordinates": [[127.05944, 37.72712], [127.05917, 37.72738], [127.05885, 37.72806], [127.05889, 37.72861], [127.05872, 37.72889], [127.05869, 37.72917], [127.05917, 37.72963], [127.06, 37.72919], [127.06056, 37.72912], [127.06085, 37.72889], [127.06028, 37.72876], [127.06012, 37.72861], [127.05987, 37.72722], [127.05972, 37.72707], [127.05944, 37.72712]]}}, {"type": "Feature", "properties": {"elev": 50, "idx": 0}, "geometry": {"type": "LineString", "coordinates": [[127.04185, 37.73], [127.04222, 37.72988], [127.04252, 37.73], [127.04271, 37.73028], [127.04255, 37.73056], [127.04167, 37.73112], [127.04111, 37.73121], [127.04088, 37.73111], [127.04167, 37.73056], [127.04185, 37.73]]}}, {"type": "Feature", "properties": {"elev": 50, "idx": 0}, "geometry": {"type": "LineString", "coordinates": [[127.04776, 37.73194], [127.04823, 37.73194], [127.04806, 37.73206], [127.04776, 37.73194]]}}, {"type": "Feature", "properties": {"elev": 50, "idx": 0}, "geometry": {"type": "LineString", "coordinates": [[127.03556, 37.73262], [127.03531, 37.73278], [127.03545, 37.73306], [127.03583, 37.73326], [127.03611, 37.73319], [127.03625, 37.73278], [127.03556, 37.73262]]}}, {"type": "Feature", "properties": {"elev": 50, "idx": 0}, "geometry": {"type": "LineString", "coordinates": [[127.03611, 37.73385], [127.0358, 37.73417], [127.03583, 37.73467], [127.03597, 37.73472], [127.03583, 37.73532], [127.03611, 37.73531], [127.03624, 37.735], [127.03613, 37.73472], [127.03624, 37.73417], [127.03611, 37.73385]]}}, {"type": "Feature", "properties": {"elev": 50, "idx": 0}, "geometry": {"type": "LineString", "coordinates": [[127.04483, 37.73528], [127.04556, 37.73507], [127.04583, 37.73522], [127.04597, 37.73556], [127.04599, 37.73611], [127.04587, 37.73639], [127.04528, 37.73686], [127.045, 37.73694], [127.04472, 37.73692], [127.0444, 37.73639], [127.04456, 37.73556], [127.04483, 37.73528]]}}, {"type": "Feature", "properties": {"elev": 50, "idx": 0}, "geometry": {"type": "LineString", "coordinates": [[127.04778, 37.7375], [127.04806, 37.73738], [127.04865, 37.7375], [127.04903, 37.73778], [127.04917, 37.73841], [127.04944, 37.73883], [127.0495, 37.73861], [127.05, 37.73836], [127.05028, 37.7384], [127.05046, 37.73861], [127.05041, 37.73889], [127.05, 37.73904], [127.04944, 37.73891], [127.04889, 37.73896], [127.04806, 37.73858], [127.0476, 37.73806], [127.04757, 37.73778], [127.04778, 37.7375]]}}, {"type": "Feature", "properties": {"elev": 50, "idx": 0}, "geometry": {"type": "LineString", "coordinates": [[127.03583, 37.73777], [127.03528, 37.73799], [127.03494, 37.73861], [127.03495, 37.73889], [127.03556, 37.73941], [127.03583, 37.73946], [127.03611, 37.73934], [127.03639, 37.73871], [127.03667, 37.73847], [127.0375, 37.73879], [127.03778, 37.73879], [127.03809, 37.73861], [127.03792, 37.73806], [127.0375, 37.73774], [127.03694, 37.73771], [127.03639, 37.73793], [127.03583, 37.73777]]}}, {"type": "Feature", "properties": {"elev": 50, "idx": 0}, "geometry": {"type": "LineString", "coordinates": [[127.04343, 37.73861], [127.04361, 37.73856], [127.04383, 37.73889], [127.04361, 37.73902], [127.04343, 37.73861]]}}, {"type": "Feature", "properties": {"elev": 50, "idx": 0}, "geometry": {"type": "LineString", "coordinates": [[127.04486, 37.73861], [127.04533, 37.73861], [127.04556, 37.73889], [127.04547, 37.73917], [127.045, 37.73949], [127.04472, 37.73955], [127.04435, 37.73944], [127.04418, 37.73917], [127.04486, 37.73861]]}}, {"type": "Feature", "properties": {"elev": 50, "idx": 0}, "geometry": {"type": "LineString", "coordinates": [[127.04028, 37.73889], [127.04028, 37.73889]]}}, {"type": "Feature", "properties": {"elev": 50, "idx": 0}, "geometry": {"type": "LineString", "coordinates": [[127.04056, 37.73917], [127.04056, 37.73917]]}}, {"type": "Feature", "properties": {"elev": 50, "idx": 0}, "geometry": {"type": "LineString", "coordinates": [[127.03917, 37.74049], [127.03917, 37.74059], [127.03952, 37.74056], [127.03917, 37.74049]]}}, {"type": "Feature", "properties": {"elev": 50, "idx": 0}, "geometry": {"type": "LineString", "coordinates": [[127.04813, 37.74056], [127.04861, 37.74032], [127.04918, 37.74056], [127.04925, 37.74083], [127.04885, 37.74139], [127.04917, 37.74222], [127.04889, 37.74271], [127.04861, 37.74272], [127.04833, 37.7425], [127.04801, 37.74111], [127.04813, 37.74056]]}}, {"type": "Feature", "properties": {"elev": 50, "idx": 0}, "geometry": {"type": "LineString", "coordinates": [[127.05488, 37.74056], [127.055, 37.74038], [127.0552, 37.74056], [127.05488, 37.74056]]}}, {"type": "Feature", "properties": {"elev": 50, "idx": 0}, "geometry": {"type": "LineString", "coordinates": [[127.04343, 37.74222], [127.04361, 37.74205], [127.04369, 37.74222], [127.04343, 37.74222]]}}, {"type": "Feature", "properties": {"elev": 50, "idx": 0}, "geometry": {"type": "LineString", "coordinates": [[127.04427, 37.74306], [127.04444, 37.74296], [127.04464, 37.74306], [127.04444, 37.7435], [127.04427, 37.74306]]}}, {"type": "Feature", "properties": {"elev": 50, "idx": 0}, "geometry": {"type": "LineString", "coordinates": [[127.05135, 37.74361], [127.05194, 37.74351], [127.05208, 37.74361], [127.05194, 37.74418], [127.05167, 37.7443], [127.05139, 37.74422], [127.05127, 37.74389], [127.05135, 37.74361]]}}, {"type": "Feature", "properties": {"elev": 50, "idx": 0}, "geometry": {"type": "LineString", "coordinates": [[127.05778, 37.74356], [127.05747, 37.74389], [127.05806, 37.74403], [127.05827, 37.74389], [127.05806, 37.74352], [127.05778, 37.74356]]}}, {"type": "Feature", "properties": {"elev": 50, "idx": 0}, "geometry": {"type": "LineString", "coordinates": [[127.04803, 37.74417], [127.04833, 37.74389], [127.04843, 37.74417], [127.04803, 37.74417]]}}, {"type": "Feature", "properties": {"elev": 50, "idx": 0}, "geometry": {"type": "LineString", "coordinates": [[127.06111, 37.74499], [127.06104, 37.74528], [127.06131, 37.74556], [127.06139, 37.74589], [127.06162, 37.74583], [127.06145, 37.745], [127.06111, 37.74499]]}}, {"type": "Feature", "properties": {"elev": 50, "idx": 0}, "geometry": {"type": "LineString", "coordinates": [[127.04306, 37.74512], [127.04296, 37.74528], [127.04306, 37.74542], [127.04333, 37.74528], [127.04306, 37.74512]]}}, {"type": "Feature", "properties": {"elev": 50, "idx": 0}, "geometry": {"type": "LineString", "coordinates": [[127.045, 37.74602], [127.04465, 37.74639], [127.04472, 37.74671], [127.045, 37.74678], [127.04518, 37.74667], [127.04524, 37.74639], [127.045, 37.74602]]}}, {"type": "Feature", "properties": {"elev": 50, "idx": 0}, "geometry": {"type": "LineString", "coordinates": [[127.04884, 37.74667], [127.04917, 37.74644], [127.04972, 37.74649], [127.05005, 37.74667], [127.05003, 37.74722], [127.04972, 37.74761], [127.04917, 37.74763], [127.04883, 37.74722], [127.04884, 37.74667]]}}, {"type": "Feature", "properties": {"elev": 50, "idx": 0}, "geometry": {"type": "LineString", "coordinates": [[127.04929, 37.74861], [127.04944, 37.7484], [127.04972, 37.74837], [127.0499, 37.74861], [127.04972, 37.74896], [127.04944, 37.74898], [127.04929, 37.74861]]}}, {"type": "Feature", "properties": {"elev": 50, "idx": 0}, "geometry": {"type": "LineString", "coordinates": [[127.06575, 37.74889], [127.06611, 37.74874], [127.06639, 37.74883], [127.06705, 37.74917], [127.06728, 37.74944], [127.06694, 37.74968], [127.06611, 37.74954], [127.06559, 37.74917], [127.06575, 37.74889]]}}, {"type": "Feature", "properties": {"elev": 50, "idx": 0}, "geometry": {"type": "LineString", "coordinates": [[127.04771, 37.74944], [127.04778, 37.74929], [127.04806, 37.74929], [127.04816, 37.74944], [127.04806, 37.7496], [127.04771, 37.74944]]}}, {"type": "Feature", "properties": {"elev": 50, "idx": 0}, "geometry": {"type": "LineString", "coordinates": [[127.04278, 37.74995], [127.04269, 37.75028], [127.04284, 37.75056], [127.04306, 37.75064], [127.04389, 37.75028], [127.044, 37.75], [127.04389, 37.7499], [127.04278, 37.74995]]}}, {"type": "Feature", "properties": {"elev": 50, "idx": 0}, "geometry": {"type": "LineString", "coordinates": [[127.06461, 37.75028], [127.06528, 37.75035], [127.06548, 37.75056], [127.06537, 37.75083], [127.065, 37.75097], [127.06417, 37.75095], [127.06406, 37.75083], [127.06416, 37.75056], [127.06461, 37.75028]]}}, {"type": "Feature", "properties": {"elev": 50, "idx": 0}, "geometry": {"type": "LineString", "coordinates": [[127.07357, 37.7525], [127.07389, 37.75241], [127.07447, 37.75278], [127.075, 37.75333], [127.07518, 37.75417], [127.075, 37.7543], [127.07411, 37.75417], [127.07387, 37.75389], [127.07386, 37.75361], [127.07353, 37.75306], [127.07357, 37.7525]]}}, {"type": "Feature", "properties": {"elev": 50, "idx": 0}, "geometry": {"type": "LineString", "coordinates": [[127.07972, 37.75333], [127.07944, 37.75354], [127.07889, 37.75347], [127.07806, 37.7538], [127.07667, 37.75369], [127.07611, 37.75278], [127.07528, 37.75251], [127.07448, 37.75167], [127.0727, 37.75083], [127.07194, 37.75002], [127.07167, 37.75005], [127.07083, 37.75062], [127.07075, 37.75056], [127.07056, 37.75034], [127.07, 37.74856], [127.06944, 37.74864], [127.06861, 37.74852], [127.06806, 37.74886], [127.06778, 37.74889], [127.06728, 37.74861], [127.06667, 37.74789], [127.06611, 37.74806], [127.06528, 37.74773], [127.065, 37.74779], [127.06484, 37.74806], [127.06484, 37.74833], [127.06514, 37.74889], [127.06498, 37.74917], [127.06444, 37.74959], [127.06417, 37.74967], [127.06361, 37.7496], [127.06329, 37.74944], [127.06361, 37.74778], [127.06333, 37.7471], [127.06139, 37.74639], [127.06056, 37.74629], [127.06, 37.74655], [127.05972, 37.74655], [127.05833, 37.74634], [127.05787, 37.74611], [127.05772, 37.74583], [127.05703, 37.74528], [127.05692, 37.74472], [127.05715, 37.74417], [127.05679, 37.74361], [127.0567, 37.74306], [127.05592, 37.74222], [127.05606, 37.74167], [127.05544, 37.74111], [127.05556, 37.74094], [127.05639, 37.74102], [127.05722, 37.74092], [127.05778, 37.7405], [127.05806, 37.74053], [127.05823, 37.74083], [127.05861, 37.74105], [127.05917, 37.74104], [127.05972, 37.74088], [127.06004, 37.74056], [127.05998, 37.74028], [127.05972, 37.74015], [127.05889, 37.74007], [127.05861, 37.7399], [127.0575, 37.73893], [127.05745, 37.7375], [127.05812, 37.73667], [127.05818, 37.73611], [127.05917, 37.73562], [127.05964, 37.73583], [127.06, 37.73583], [127.06051, 37.73556], [127.0607, 37.73528], [127.05944, 37.73498], [127.05889, 37.73426], [127.05816, 37.73389], [127.05818, 37.73306], [127.05901, 37.73111], [127.0589, 37.73083], [127.05833, 37.73055], [127.0579, 37.73], [127.05806, 37.72917], [127.05778, 37.72906], [127.0575, 37.72913], [127.05715, 37.72972], [127.05639, 37.73028], [127.05611, 37.73035], [127.05565, 37.73], [127.05552, 37.72917], [127.05534, 37.72889], [127.055, 37.72875], [127.055, 37.72917], [127.05472, 37.72953], [127.05444, 37.72917], [127.05444, 37.72878], [127.05486, 37.72861], [127.05482, 37.72833], [127.05454, 37.72806], [127.05444, 37.72776], [127.05556, 37.72715], [127.05583, 37.72725], [127.05611, 37.72785], [127.05639, 37.72792], [127.05649, 37.72778], [127.05654, 37.7275], [127.05639, 37.72726], [127.05583, 37.72704], [127.05574, 37.72639], [127.05611, 37.72594], [127.05721, 37.72528], [127.05736, 37.72472], [127.05811, 37.72361], [127.05821, 37.72278], [127.05806, 37.7227], [127.05667, 37.7228], [127.05528, 37.72335], [127.05486, 37.72389], [127.05539, 37.725], [127.0553, 37.72556], [127.055, 37.72579], [127.05333, 37.72603], [127.05236, 37.725], [127.05252, 37.72444], [127.05278, 37.72414], [127.05306, 37.72403], [127.05389, 37.7245], [127.05417, 37.72452], [127.05434, 37.72444], [127.05453, 37.72389], [127.05386, 37.7225], [127.05389, 37.72164], [127.05315, 37.72028], [127.05338, 37.71889], [127.05288, 37.71833], [127.05254, 37.71722], [127.05212, 37.71639], [127.05208, 37.71583], [127.05251, 37.715], [127.05248, 37.71444], [127.05194, 37.71269], [127.0513, 37.71194], [127.05112, 37.71139], [127.05237, 37.71028], [127.05306, 37.70947], [127.05389, 37.70892], [127.05439, 37.70806], [127.05472, 37.70687], [127.05513, 37.70639], [127.05611, 37.70608], [127.05667, 37.70615], [127.0574, 37.70694], [127.05749, 37.70806], [127.05806, 37.70856], [127.05925, 37.70694], [127.05861, 37.70617], [127.05851, 37.70583], [127.05914, 37.70528], [127.05861, 37.7046], [127.05803, 37.70417], [127.05768, 37.70333], [127.05753, 37.70111], [127.05725, 37.70056], [127.05738, 37.69972], [127.05722, 37.69941], [127.05611, 37.69908], [127.056, 37.69889], [127.0562, 37.6975], [127.05612, 37.69722], [127.05548, 37.69639], [127.05557, 37.69583], [127.05654, 37.69389], [127.05658, 37.69361], [127.0563, 37.69278], [127.05665, 37.69167], [127.05663, 37.69083], [127.05739, 37.68972], [127.05744, 37.68944], [127.05653, 37.68778], [127.05647, 37.68667], [127.05613, 37.68528], [127.05639, 37.68477], [127.05722, 37.68379], [127.05861, 37.68341], [127.05963, 37.68278], [127.05956, 37.6825], [127.05917, 37.68228], [127.0575, 37.68172], [127.0569, 37.68111], [127.05763, 37.67944], [127.05716, 37.67722], [127.05722, 37.67694], [127.05833, 37.67668], [127.05858, 37.67639], [127.05889, 37.6756], [127.05917, 37.67535], [127.05944, 37.67521], [127.06056, 37.67513], [127.06088, 37.675], [127.06108, 37.67472], [127.06056, 37.6742], [127.05983, 37.67389], [127.05978, 37.67333], [127.05952, 37.67278], [127.05861, 37.67255], [127.05837, 37.67222], [127.05838, 37.67194], [127.05861, 37.67169], [127.05889, 37.67174], [127.05944, 37.6723], [127.05972, 37.6723], [127.06028, 37.67204], [127.06055, 37.67167], [127.06047, 37.67083], [127.06139, 37.66958], [127.06241, 37.66917], [127.06263, 37.66861], [127.06361, 37.66772], [127.06451, 37.66778], [127.06463, 37.6675], [127.06454, 37.66639], [127.06472, 37.66574], [127.065, 37.66557], [127.06583, 37.66564], [127.06667, 37.6659], [127.06722, 37.66578], [127.06775, 37.66556], [127.06776, 37.665], [127.06806, 37.66466], [127.06833, 37.66464], [127.06894, 37.665], [127.06945, 37.66583], [127.07083, 37.66736], [127.07167, 37.66622], [127.07361, 37.66567], [127.07417, 37.66564], [127.07472, 37.66578], [127.075, 37.66596], [127.07556, 37.66695], [127.07611, 37.6675], [127.07607, 37.66778], [127.07569, 37.66833], [127.07583, 37.66853], [127.07639, 37.66874], [127.0775, 37.66956], [127.07833, 37.66939], [127.07889, 37.66954], [127.07931, 37.66944], [127.07944, 37.66931], [127.07943, 37.66889], [127.07889, 37.6684], [127.07833, 37.66838], [127.07806, 37.66823], [127.07784, 37.66778], [127.07806, 37.66725], [127.07889, 37.66747], [127.07906, 37.66722], [127.07878, 37.66639], [127.07877, 37.66583], [127.07849, 37.66528], [127.07844, 37.66472], [127.0765, 37.66333], [127.07667, 37.66181], [127.07639, 37.66156], [127.0757, 37.66139], [127.07571, 37.66111], [127.07667, 37.66092], [127.07833, 37.6602], [127.07865, 37.65972], [127.07861, 37.65913], [127.07889, 37.65906], [127.07972, 37.65944]]}}, {"type": "Feature", "properties": {"elev": 50, "idx": 0}, "geometry": {"type": "LineString", "coordinates": [[127.06826, 37.75444], [127.06861, 37.75433], [127.06867, 37.75444], [127.06833, 37.75458], [127.06826, 37.75444]]}}, {"type": "Feature", "properties": {"elev": 50, "idx": 0}, "geometry": {"type": "LineString", "coordinates": [[127.04262, 37.75472], [127.04278, 37.75456], [127.04306, 37.7547], [127.04314, 37.755], [127.04278, 37.7551], [127.04262, 37.75472]]}}, {"type": "Feature", "properties": {"elev": 50, "idx": 0}, "geometry": {"type": "LineString", "coordinates": [[127.07972, 37.755], [127.07889, 37.75558], [127.07861, 37.75564], [127.07833, 37.75556], [127.07801, 37.755], [127.07833, 37.75459], [127.07861, 37.75456], [127.07944, 37.75487], [127.07972, 37.75458]]}}, {"type": "Feature", "properties": {"elev": 50, "idx": 0}, "geometry": {"type": "LineString", "coordinates": [[127.04597, 37.76], [127.04549, 37.75889], [127.04541, 37.75806], [127.04583, 37.75749], [127.04603, 37.75694], [127.04607, 37.75667], [127.04589, 37.75611], [127.04599, 37.75556], [127.04732, 37.75278], [127.04833, 37.75241], [127.04917, 37.75175], [127.04972, 37.7517], [127.05, 37.7517], [127.05028, 37.7519], [127.05057, 37.7525], [127.05111, 37.75272], [127.05278, 37.7521], [127.05361, 37.75086], [127.05472, 37.75058], [127.05535, 37.75083], [127.05556, 37.75128], [127.056, 37.75167], [127.05611, 37.75255], [127.0563, 37.7525], [127.05639, 37.75222], [127.05623, 37.75194], [127.05639, 37.7516], [127.05812, 37.75111], [127.05889, 37.75067], [127.05944, 37.75068], [127.05959, 37.75083], [127.06028, 37.753], [127.06056, 37.75328], [127.06139, 37.75349], [127.0625, 37.75335], [127.06301, 37.75361], [127.06369, 37.75444], [127.06389, 37.7545], [127.06457, 37.75444], [127.065, 37.75407], [127.06667, 37.75402], [127.06778, 37.75493], [127.06833, 37.75502], [127.06917, 37.75571], [127.07028, 37.75623], [127.07064, 37.75611], [127.07111, 37.75517], [127.07139, 37.75498], [127.07167, 37.75499], [127.07204, 37.75528], [127.07199, 37.75583], [127.07222, 37.75611], [127.07306, 37.75611], [127.07361, 37.75641], [127.07417, 37.75633], [127.07528, 37.75562], [127.07583, 37.75607], [127.07611, 37.75606], [127.07694, 37.75525], [127.07722, 37.75532], [127.07744, 37.75556], [127.07806, 37.75671], [127.07861, 37.75682], [127.07972, 37.75667]]}}, {"type": "Feature", "properties": {"elev": 100, "idx": 1}, "geometry": {"type": "LineString", "coordinates": [[126.95, 37.58028], [126.94944, 37.58043], [126.94861, 37.58108], [126.94806, 37.58129], [126.94796, 37.58167], [126.94803, 37.58222], [126.94789, 37.5825], [126.94667, 37.58359], [126.94639, 37.58368], [126.94583, 37.58353], [126.94421, 37.5825], [126.94361, 37.58232], [126.94278, 37.58241], [126.94222, 37.58283], [126.9418, 37.58278], [126.94039, 37.58139], [126.94041, 37.58083], [126.94086, 37.58028]]}}, {"type": "Feature", "properties": {"elev": 100, "idx": 1}, "geometry": {"type": "LineString", "coordinates": [[126.9634, 37.58028], [126.96321, 37.58139], [126.96237, 37.58222], [126.96226, 37.5825], [126.9625, 37.58266], [126.96333, 37.58275], [126.96446, 37.58333], [126.96475, 37.58361], [126.965, 37.58425], [126.96584, 37.585], [126.96609, 37.58556], [126.96606, 37.58583], [126.96551, 37.58667], [126.96556, 37.58714], [126.96583, 37.5876], [126.96673, 37.58833], [126.9669, 37.58861], [126.9669, 37.58889], [126.96662, 37.58944], [126.96665, 37.58972], [126.96756, 37.59083], [126.96778, 37.59128], [126.96803, 37.59139], [126.96917, 37.59116], [126.97056, 37.59032], [126.97167, 37.58992], [126.9725, 37.58926], [126.97306, 37.58907], [126.97389, 37.58847], [126.97472, 37.58762], [126.97639, 37.58706], [126.97722, 37.58716], [126.97889, 37.58697], [126.97917, 37.58697], [126.97944, 37.58722], [126.9796, 37.58806], [126.9795, 37.58861], [126.97891, 37.59], [126.97897, 37.59028], [126.97972, 37.59045], [126.98083, 37.59047], [126.98111, 37.59063], [126.98189, 37.59167], [126.9825, 37.59169], [126.98333, 37.59134], [126.98401, 37.59028], [126.98444, 37.59018], [126.985, 37.59025], [126.98553, 37.59], [126.98572, 37.58972], [126.98567, 37.58889], [126.98583, 37.5883], [126.98611, 37.58816], [126.98667, 37.58814], [126.9875, 37.58776], [126.98833, 37.58771], [126.98944, 37.58739], [126.99, 37.58744], [126.99028, 37.58751], [126.99148, 37.58833], [126.99161, 37.58861], [126.99167, 37.58943], [126.99204, 37.58972], [126.9925, 37.59078], [126.99278, 37.59103], [126.99362, 37.59139], [126.99379, 37.59167], [126.99357, 37.5925], [126.99393, 37.59333], [126.9939, 37.59361], [126.99361, 37.59377], [126.9925, 37.59389], [126.99028, 37.59466], [126.99, 37.59507], [126.99028, 37.59528], [126.99222, 37.59529], [126.99258, 37.59556], [126.99271, 37.59667], [126.99306, 37.59683], [126.99417, 37.59643], [126.99472, 37.5966], [126.99469, 37.59694], [126.99431, 37.5975], [126.99447, 37.59806], [126.99472, 37.59825], [126.99722, 37.59849], [126.99769, 37.59833], [126.99833, 37.59755], [126.99917, 37.59786], [126.99972, 37.59777], [127.00091, 37.59639], [127.00306, 37.59497], [127.00417, 37.5945], [127.00583, 37.59302], [127.00722, 37.59278], [127.00732, 37.59222], [127.0075, 37.59193], [127.00833, 37.59188], [127.00925, 37.59222], [127.01038, 37.59306], [127.01177, 37.595], [127.01216, 37.59583], [127.01213, 37.59667], [127.01194, 37.59697], [127.01139, 37.59723], [127.00945, 37.5975], [127.00843, 37.59833], [127.00842, 37.59917], [127.0075, 37.59953], [127.00674, 37.60028], [127.00631, 37.60139], [127.00629, 37.60222], [127.0056, 37.60306], [127.00554, 37.60333], [127.00583, 37.60359], [127.00639, 37.60362], [127.00685, 37.60389], [127.00729, 37.60444], [127.00722, 37.60472], [127.00694, 37.60492], [127.00611, 37.60514], [127.005, 37.60613], [127.00472, 37.60613], [127.00417, 37.60582], [127.00278, 37.60587], [127.0, 37.60524], [126.99833, 37.60528], [126.99796, 37.60556], [126.99739, 37.60694], [126.99637, 37.60722], [126.99618, 37.60833], [126.99583, 37.60884], [126.99528, 37.6091], [126.99458, 37.60917], [126.99444, 37.60944], [126.9944, 37.61028], [126.995, 37.61057], [126.99667, 37.61008], [126.99833, 37.61005], [126.99944, 37.61101], [127.00028, 37.61077], [127.00083, 37.6109], [127.00194, 37.61198], [127.0027, 37.6125], [127.00281, 37.61333], [127.00299, 37.61361], [127.00333, 37.61359], [127.00417, 37.61321], [127.00472, 37.61337], [127.00514, 37.61417], [127.005, 37.61467], [127.00427, 37.61528], [127.00389, 37.61535], [127.00306, 37.61524], [127.00278, 37.61541], [127.00202, 37.61667], [127.00205, 37.61694], [127.0025, 37.61728], [127.00556, 37.61662], [127.00611, 37.61607], [127.00678, 37.61472], [127.0075, 37.61429], [127.00806, 37.61428], [127.00917, 37.61516], [127.01139, 37.61465], [127.01192, 37.61417], [127.01246, 37.61306], [127.0126, 37.61222], [127.01238, 37.61083], [127.0125, 37.61063], [127.01333, 37.61052], [127.01464, 37.61], [127.01528, 37.60962], [127.01583, 37.60889], [127.01611, 37.60884], [127.01635, 37.60917], [127.01633, 37.60944], [127.01583, 37.61028], [127.01573, 37.61111], [127.01611, 37.61194], [127.01616, 37.61278], [127.01656, 37.61333], [127.01694, 37.61362], [127.0175, 37.6137], [127.01861, 37.61321], [127.01972, 37.61293], [127.02, 37.6129], [127.02006, 37.61306], [127.01937, 37.61389], [127.01861, 37.61411], [127.01833, 37.61432], [127.0175, 37.61545], [127.01611, 37.61595], [127.01556, 37.61676], [127.01444, 37.61713], [127.01333, 37.61733], [127.01265, 37.61806], [127.01222, 37.61877], [127.01139, 37.61908], [127.01072, 37.61972], [127.0109, 37.62028], [127.01167, 37.62116], [127.01194, 37.62135], [127.01278, 37.62147], [127.01417, 37.62256], [127.01462, 37.62361], [127.01461, 37.62417], [127.01433, 37.62444], [127.01332, 37.625], [127.01316, 37.62528], [127.01337, 37.62611], [127.01336, 37.62639], [127.01316, 37.62667], [127.01256, 37.62694], [127.01167, 37.62695], [127.00976, 37.6275], [127.00971, 37.62778], [127.01056, 37.62787], [127.01194, 37.62876], [127.01225, 37.62917], [127.0122, 37.62944], [127.01139, 37.63038], [127.01056, 37.63072], [127.00972, 37.63152], [127.00889, 37.6314], [127.00833, 37.6315], [127.00813, 37.63167], [127.00806, 37.63223], [127.00756, 37.63278], [127.00778, 37.63337], [127.00806, 37.63374], [127.00846, 37.63389], [127.00855, 37.63417], [127.00778, 37.63429], [127.00733, 37.63472], [127.00701, 37.63556], [127.00677, 37.63583], [127.00611, 37.63639], [127.00528, 37.63655], [127.00478, 37.63722], [127.00472, 37.63818], [127.00447, 37.63889], [127.005, 37.63973], [127.00578, 37.64056], [127.00577, 37.64083], [127.00528, 37.64112], [127.00444, 37.64094], [127.00389, 37.64126], [127.00381, 37.64167], [127.00403, 37.64222], [127.00398, 37.64278], [127.00333, 37.64367], [127.00298, 37.64444], [127.00297, 37.645], [127.00377, 37.64639], [127.00399, 37.6475], [127.00444, 37.64777], [127.005, 37.64787], [127.00528, 37.64831], [127.00537, 37.64944], [127.00488, 37.65056], [127.00515, 37.65111], [127.00503, 37.65222], [127.00556, 37.65389], [127.00573, 37.65417], [127.00647, 37.65472], [127.00751, 37.65639], [127.00761, 37.65667], [127.00722, 37.6575], [127.00772, 37.65861], [127.00894, 37.65972], [127.00889, 37.66025], [127.00861, 37.66046], [127.0075, 37.66076], [127.00667, 37.66056], [127.00639, 37.66063], [127.00634, 37.66083], [127.0065, 37.66222], [127.00805, 37.66444], [127.00806, 37.66518], [127.00868, 37.66639], [127.00871, 37.66667], [127.008, 37.66806], [127.00806, 37.66966], [127.00942, 37.66889], [127.00998, 37.66806], [127.01028, 37.66786], [127.01083, 37.66773], [127.01167, 37.66777], [127.01187, 37.66694], [127.01222, 37.66653], [127.0125, 37.66644], [127.01361, 37.66681], [127.01387, 37.66667], [127.01315, 37.66528], [127.01332, 37.66444], [127.015, 37.66305], [127.01611, 37.66264], [127.01642, 37.66278], [127.01762, 37.66444], [127.01749, 37.66556], [127.0176, 37.66583], [127.01793, 37.66611], [127.01889, 37.6664], [127.02, 37.66613], [127.02111, 37.66662], [127.0225, 37.66628], [127.02361, 37.66677], [127.02417, 37.6676], [127.02558, 37.66778], [127.02571, 37.66806], [127.02559, 37.66917], [127.02619, 37.66972], [127.02659, 37.67083], [127.02778, 37.67205], [127.02889, 37.67242], [127.02944, 37.67302], [127.03028, 37.67342], [127.03059, 37.67389], [127.03058, 37.67417], [127.03026, 37.67472], [127.02972, 37.67498], [127.02917, 37.67491], [127.02833, 37.67411], [127.02806, 37.67411], [127.0275, 37.6746], [127.02722, 37.67469], [127.02583, 37.6746], [127.02525, 37.67472], [127.02425, 37.67528], [127.02413, 37.67556], [127.02483, 37.67611], [127.02494, 37.67639], [127.02472, 37.67694], [127.02583, 37.67789], [127.02638, 37.67889], [127.02684, 37.67944], [127.02694, 37.68007], [127.02716, 37.68028], [127.02798, 37.68056], [127.0284, 37.68139], [127.02944, 37.6819], [127.02972, 37.68194], [127.03, 37.68181], [127.03083, 37.68053], [127.03111, 37.6803], [127.03139, 37.68029], [127.03278, 37.68073], [127.03331, 37.68111], [127.03389, 37.68246], [127.03444, 37.68309], [127.035, 37.6831], [127.03583, 37.68273], [127.03667, 37.68272], [127.0375, 37.6824], [127.0378, 37.6825], [127.03805, 37.68278], [127.03778, 37.68437], [127.0375, 37.68466], [127.03694, 37.68475], [127.03611, 37.68444], [127.03528, 37.68491], [127.03361, 37.68546], [127.03278, 37.68548], [127.0325, 37.68611], [127.03303, 37.68694], [127.0327, 37.68778], [127.03278, 37.68799], [127.03361, 37.68801], [127.03411, 37.68833], [127.03472, 37.68937], [127.03531, 37.68972], [127.03516, 37.69056], [127.03543, 37.69139], [127.03583, 37.69171], [127.03661, 37.69194], [127.03678, 37.69222], [127.0367, 37.6925], [127.03639, 37.69268], [127.03528, 37.6928], [127.03472, 37.69401], [127.03465, 37.69472], [127.03502, 37.69528], [127.03494, 37.69583], [127.03528, 37.69631], [127.03538, 37.69667], [127.03532, 37.6975], [127.03661, 37.69806], [127.03722, 37.69937], [127.03833, 37.69974], [127.03917, 37.70095], [127.03972, 37.70111], [127.04, 37.70106], [127.04056, 37.70065], [127.04083, 37.70063], [127.04099, 37.70083], [127.0413, 37.70222], [127.04116, 37.70306], [127.04126, 37.70389], [127.04101, 37.70417], [127.04056, 37.70437], [127.04028, 37.7047], [127.04018, 37.70528], [127.03972, 37.70549], [127.03861, 37.70513], [127.03833, 37.70514], [127.03738, 37.70611], [127.03726, 37.70639], [127.03737, 37.70694], [127.03785, 37.7075], [127.03813, 37.70833], [127.03853, 37.70889], [127.03856, 37.70917], [127.03822, 37.71], [127.03866, 37.71083], [127.03865, 37.71111], [127.03806, 37.71164], [127.03667, 37.7115], [127.03596, 37.71222], [127.03522, 37.7125], [127.03517, 37.71278], [127.03533, 37.71306], [127.03611, 37.71375], [127.03758, 37.71444], [127.03772, 37.71472], [127.03766, 37.715], [127.03717, 37.71583], [127.0374, 37.71611], [127.03759, 37.71694], [127.03833, 37.71725], [127.03854, 37.7175], [127.03855, 37.71778], [127.03806, 37.71868], [127.03728, 37.71917], [127.03706, 37.71944], [127.03741, 37.72], [127.03722, 37.72097], [127.03611, 37.72135], [127.03472, 37.72219], [127.03306, 37.72205], [127.03249, 37.72222], [127.03255, 37.7225], [127.03339, 37.72333], [127.03358, 37.72417], [127.03417, 37.72409], [127.03448, 37.72444], [127.03417, 37.72496], [127.03333, 37.72547], [127.03281, 37.72611], [127.0329, 37.72667], [127.03228, 37.7275], [127.03265, 37.72833], [127.03189, 37.72944], [127.03129, 37.73], [127.03116, 37.73028], [127.03114, 37.73139], [127.03076, 37.73222], [127.02999, 37.73306], [127.02995, 37.73333], [127.03023, 37.73444], [127.03059, 37.735], [127.03013, 37.73667], [127.03028, 37.73714], [127.03081, 37.73778], [127.03058, 37.73861], [127.03028, 37.73894], [127.03, 37.73918], [127.02976, 37.73889], [127.02944, 37.73876], [127.02904, 37.73833], [127.02863, 37.7375], [127.0275, 37.73689], [127.02639, 37.73554], [127.02583, 37.73513], [127.02556, 37.73527], [127.0255, 37.73583], [127.02607, 37.73667], [127.02682, 37.73833], [127.02633, 37.73944], [127.02667, 37.73985], [127.02667, 37.74021], [127.02639, 37.74088], [127.02611, 37.74098], [127.02588, 37.74083], [127.02594, 37.74], [127.02583, 37.73986], [127.02556, 37.73978], [127.02472, 37.74017], [127.02444, 37.74016], [127.02389, 37.73975], [127.02333, 37.73899], [127.02083, 37.73762], [127.02056, 37.73752], [127.02028, 37.73776], [127.02014, 37.73833], [127.01944, 37.73844], [127.01889, 37.73816], [127.01778, 37.73692], [127.01639, 37.73644], [127.01556, 37.73651], [127.01472, 37.73637], [127.01361, 37.7357], [127.01194, 37.73624], [127.01056, 37.73641], [127.00972, 37.73671], [127.00861, 37.73659], [127.00795, 37.73694], [127.00806, 37.73722], [127.00889, 37.73756], [127.00959, 37.73806], [127.01, 37.73817], [127.01083, 37.7379], [127.01194, 37.73786], [127.01278, 37.73763], [127.01472, 37.73815], [127.01505, 37.73861], [127.01491, 37.73944], [127.015, 37.73965], [127.01556, 37.74006], [127.01589, 37.74056], [127.01694, 37.74116], [127.01778, 37.74114], [127.0183, 37.74139], [127.01809, 37.74222], [127.01831, 37.7425], [127.01917, 37.74299], [127.01977, 37.74389], [127.02213, 37.74472], [127.02269, 37.74583], [127.02444, 37.74662], [127.02472, 37.74697], [127.02556, 37.74759], [127.02606, 37.74833], [127.02606, 37.74861], [127.02585, 37.74889], [127.025, 37.74904], [127.02417, 37.74936], [127.02139, 37.75146], [127.02, 37.75212], [127.01944, 37.75255], [127.01776, 37.75278], [127.01728, 37.75306], [127.0175, 37.75421], [127.01833, 37.75442], [127.01872, 37.75472], [127.01874, 37.755], [127.0185, 37.75556], [127.01882, 37.75639], [127.01823, 37.75694], [127.01818, 37.75778], [127.01791, 37.75861], [127.01806, 37.75932], [127.01869, 37.76]]}}, {"type": "Feature", "properties": {"elev": 100, "idx": 1}, "geometry": {"type": "LineString", "coordinates": [[127.01254, 37.58028], [127.01222, 37.58083], [127.01111, 37.58148], [127.01083, 37.58146], [127.01048, 37.58111], [127.01, 37.58094], [127.00889, 37.58104], [127.00861, 37.58114], [127.00806, 37.58181], [127.00722, 37.58228], [127.007, 37.58194], [127.0072, 37.58139], [127.0077, 37.58083], [127.0078, 37.58056], [127.00771, 37.58028]]}}, {"type": "Feature", "properties": {"elev": 100, "idx": 1}, "geometry": {"type": "LineString", "coordinates": [[127.0636, 37.58111], [127.06389, 37.58104], [127.06398, 37.58139], [127.06389, 37.58147], [127.0636, 37.58111]]}}, {"type": "Feature", "properties": {"elev": 100, "idx": 1}, "geometry": {"type": "LineString", "coordinates": [[126.92969, 37.5825], [126.93056, 37.58272], [126.93194, 37.58254], [126.93306, 37.58262], [126.93349, 37.58278], [126.93374, 37.58306], [126.93374, 37.58333], [126.93336, 37.58417], [126.93312, 37.58556], [126.93237, 37.58667], [126.93219, 37.58722], [126.93253, 37.58806], [126.93264, 37.58917], [126.93217, 37.59028], [126.93255, 37.59194], [126.93252, 37.5925], [126.93272, 37.59306], [126.93361, 37.59458], [126.93389, 37.59468], [126.93417, 37.59455], [126.93494, 37.59361], [126.93528, 37.59342], [126.93583, 37.59352], [126.93611, 37.59341], [126.93658, 37.59278], [126.93662, 37.59194], [126.93694, 37.59162], [126.93722, 37.59163], [126.93861, 37.59231], [126.93893, 37.5925], [126.93908, 37.59278], [126.93925, 37.59361], [126.93909, 37.59417], [126.93808, 37.59556], [126.93662, 37.59667], [126.93624, 37.5975], [126.93583, 37.59786], [126.93528, 37.59789], [126.93389, 37.59723], [126.93306, 37.59718], [126.93139, 37.59659], [126.93, 37.59662], [126.92889, 37.59641], [126.92806, 37.59665], [126.92667, 37.59648], [126.92611, 37.5962], [126.9259, 37.59583], [126.92552, 37.5925], [126.92533, 37.59194], [126.92492, 37.59139], [126.92481, 37.59], [126.92489, 37.58917], [126.92528, 37.58854], [126.92549, 37.58778], [126.92583, 37.58713], [126.92694, 37.58639], [126.92778, 37.5852], [126.92848, 37.58472], [126.92954, 37.58361], [126.92969, 37.5825]]}}, {"type": "Feature", "properties": {"elev": 100, "idx": 1}, "geometry": {"type": "LineString", "coordinates": [[126.93967, 37.58806], [126.93972, 37.58794], [126.93997, 37.58806], [126.93972, 37.58814], [126.93967, 37.58806]]}}, {"type": "Feature", "properties": {"elev": 100, "idx": 1}, "geometry": {"type": "LineString", "coordinates": [[126.9, 37.58833], [126.90194, 37.58851], [126.9025, 37.58843], [126.90278, 37.58823], [126.90306, 37.58749], [126.90333, 37.58735], [126.90396, 37.5875], [126.90445, 37.58833], [126.90445, 37.58861], [126.90417, 37.58882], [126.90306, 37.58876], [126.90278, 37.58892], [126.90231, 37.59], [126.90165, 37.59083], [126.90111, 37.59116], [126.90034, 37.5925], [126.90045, 37.59306], [126.90083, 37.59354], [126.90111, 37.59364], [126.90222, 37.59346], [126.90306, 37.59385], [126.90435, 37.59389], [126.90457, 37.59417], [126.90444, 37.59509], [126.90361, 37.59572], [126.90261, 37.59694], [126.90263, 37.5975], [126.90292, 37.59833], [126.90297, 37.59917], [126.90223, 37.60083], [126.9021, 37.60194], [126.9025, 37.60271], [126.90385, 37.60333], [126.90384, 37.60361], [126.9032, 37.60444], [126.90309, 37.605], [126.90361, 37.60621], [126.90459, 37.60694], [126.90475, 37.6075], [126.90417, 37.6086], [126.9036, 37.61028], [126.90418, 37.61194], [126.90388, 37.61333], [126.9039, 37.61472], [126.90345, 37.61528], [126.90302, 37.61611], [126.9025, 37.61664], [126.90194, 37.61667], [126.90083, 37.6162], [126.9, 37.61633]]}}, {"type": "Feature", "properties": {"elev": 100, "idx": 1}, "geometry": {"type": "LineString", "coordinates": [[127.0232, 37.59222], [127.02361, 37.59198], [127.02389, 37.5921], [127.02407, 37.5925], [127.02401, 37.59278], [127.02389, 37.59287], [127.02325, 37.59278], [127.02298, 37.5925], [127.0232, 37.59222]]}}, {"type": "Feature", "properties": {"elev": 100, "idx": 1}, "geometry": {"type": "LineString", "coordinates": [[127.02898, 37.59278], [127.03, 37.59251], [127.03028, 37.59256], [127.03056, 37.59299], [127.03119, 37.59472], [127.03083, 37.59518], [127.03, 37.59583], [127.02917, 37.5957], [127.02854, 37.59583], [127.02823, 37.59611], [127.02787, 37.59694], [127.02712, 37.5975], [127.02672, 37.59833], [127.0268, 37.59944], [127.02694, 37.59972], [127.02778, 37.6002], [127.02791, 37.60056], [127.02771, 37.60083], [127.02722, 37.6011], [127.02639, 37.60118], [127.02606, 37.60083], [127.02567, 37.6], [127.02595, 37.59944], [127.02592, 37.59861], [127.02556, 37.5985], [127.025, 37.59867], [127.02444, 37.59814], [127.02361, 37.59818], [127.02291, 37.5975], [127.0228, 37.59722], [127.02324, 37.59667], [127.02341, 37.59611], [127.02411, 37.59556], [127.02408, 37.59472], [127.02433, 37.59333], [127.02556, 37.59319], [127.02611, 37.59359], [127.02639, 37.59364], [127.02722, 37.59308], [127.02898, 37.59278]]}}, {"type": "Feature", "properties": {"elev": 100, "idx": 1}, "geometry": {"type": "LineString", "coordinates": [[126.9, 37.59565], [126.9, 37.59549]]}}, {"type": "Feature", "properties": {"elev": 100, "idx": 1}, "geometry": {"type": "LineString", "coordinates": [[126.9, 37.59694], [126.9, 37.59653]]}}, {"type": "Feature", "properties": {"elev": 100, "idx": 1}, "geometry": {"type": "LineString", "coordinates": [[127.04887, 37.59833], [127.04917, 37.59828], [127.05056, 37.59879], [127.05107, 37.59917], [127.05139, 37.59959], [127.05216, 37.6], [127.05227, 37.60111], [127.0525, 37.60154], [127.05378, 37.6025], [127.0536, 37.60306], [127.05278, 37.60379], [127.05222, 37.60371], [127.05083, 37.60266], [127.05, 37.6025], [127.04972, 37.60232], [127.04935, 37.60167], [127.0486, 37.60083], [127.04847, 37.60056], [127.04849, 37.59972], [127.04887, 37.59833]]}}, {"type": "Feature", "properties": {"elev": 100, "idx": 1}, "geometry": {"type": "LineString", "coordinates": [[127.01688, 37.59889], [127.01709, 37.59889], [127.01694, 37.59897], [127.01688, 37.59889]]}}, {"type": "Feature", "properties": {"elev": 100, "idx": 1}, "geometry": {"type": "LineString", "coordinates": [[127.04027, 37.60944], [127.04056, 37.60938], [127.04111, 37.61], [127.04111, 37.61059], [127.04083, 37.61082], [127.04056, 37.61063], [127.04029, 37.61], [127.04027, 37.60944]]}}, {"type": "Feature", "properties": {"elev": 100, "idx": 1}, "geometry": {"type": "LineString", "coordinates": [[127.04299, 37.60972], [127.04361, 37.60958], [127.04389, 37.60979], [127.04452, 37.61111], [127.04447, 37.61139], [127.04417, 37.61152], [127.04361, 37.61149], [127.04278, 37.61096], [127.04265, 37.61056], [127.04299, 37.60972]]}}, {"type": "Feature", "properties": {"elev": 100, "idx": 1}, "geometry": {"type": "LineString", "coordinates": [[126.9, 37.61023], [126.90015, 37.61], [126.90006, 37.60917], [126.9005, 37.60778], [126.9001, 37.60611], [126.90058, 37.605], [126.90038, 37.60444], [126.9, 37.60415]]}}, {"type": "Feature", "properties": {"elev": 100, "idx": 1}, "geometry": {"type": "LineString", "coordinates": [[127.03834, 37.6175], [127.03861, 37.61741], [127.03944, 37.61759], [127.04012, 37.61833], [127.04027, 37.61889], [127.04, 37.61962], [127.03972, 37.61997], [127.03917, 37.62014], [127.03833, 37.6201], [127.03778, 37.6193], [127.03762, 37.61889], [127.03765, 37.61833], [127.03834, 37.6175]]}}, {"type": "Feature", "properties": {"elev": 100, "idx": 1}, "geometry": {"type": "LineString", "coordinates": [[127.0344, 37.62028], [127.03472, 37.6202], [127.035, 37.6203], [127.03547, 37.62083], [127.03472, 37.62189], [127.03417, 37.62211], [127.03389, 37.62198], [127.03372, 37.62167], [127.0337, 37.62111], [127.03389, 37.62062], [127.0344, 37.62028]]}}, {"type": "Feature", "properties": {"elev": 100, "idx": 1}, "geometry": {"type": "LineString", "coordinates": [[127.03268, 37.62556], [127.03306, 37.62555], [127.03343, 37.62583], [127.03414, 37.62694], [127.03419, 37.62722], [127.03408, 37.6275], [127.03359, 37.62806], [127.03278, 37.62838], [127.03253, 37.62861], [127.0323, 37.62944], [127.0321, 37.62972], [127.03098, 37.63056], [127.03028, 37.63066], [127.02984, 37.63028], [127.02947, 37.62917], [127.02952, 37.62861], [127.02972, 37.62812], [127.03, 37.62774], [127.03139, 37.62691], [127.03222, 37.62588], [127.03268, 37.62556]]}}, {"type": "Feature", "properties": {"elev": 100, "idx": 1}, "geometry": {"type": "LineString", "coordinates": [[126.93165, 37.62667], [126.93194, 37.62655], [126.93222, 37.62667], [126.93231, 37.62694], [126.93223, 37.62722], [126.93194, 37.62735], [126.93167, 37.62726], [126.93152, 37.62694], [126.93165, 37.62667]]}}, {"type": "Feature", "properties": {"elev": 100, "idx": 1}, "geometry": {"type": "LineString", "coordinates": [[126.9227, 37.62806], [126.92333, 37.62816], [126.92426, 37.62861], [126.92456, 37.62889], [126.92465, 37.62917], [126.92452, 37.62944], [126.92416, 37.62972], [126.92361, 37.62984], [126.9225, 37.62977], [126.92222, 37.62964], [126.922, 37.62917], [126.9221, 37.62833], [126.9227, 37.62806]]}}, {"type": "Feature", "properties": {"elev": 100, "idx": 1}, "geometry": {"type": "LineString", "coordinates": [[126.9, 37.6313], [126.9025, 37.62974], [126.90361, 37.62953], [126.90472, 37.62895], [126.90578, 37.62778], [126.9059, 37.62722], [126.90577, 37.62667], [126.90528, 37.62587], [126.90477, 37.62556], [126.90467, 37.62528], [126.90473, 37.62444], [126.9042, 37.62361], [126.90428, 37.62306], [126.90495, 37.62222], [126.90483, 37.62139], [126.90527, 37.62083], [126.90556, 37.6207], [126.90722, 37.6203], [126.90806, 37.61985], [126.90889, 37.61963], [126.90924, 37.61972], [126.90959, 37.62], [126.90978, 37.62056], [126.90964, 37.62111], [126.90915, 37.62194], [126.90925, 37.62278], [126.90903, 37.62361], [126.90921, 37.62389], [126.90972, 37.62417], [126.91083, 37.62435], [126.91154, 37.62472], [126.9117, 37.625], [126.91138, 37.62667], [126.91154, 37.62694], [126.9125, 37.62732], [126.91315, 37.62778], [126.91354, 37.62833], [126.91392, 37.62944], [126.91556, 37.62992], [126.91639, 37.62971], [126.91667, 37.62977], [126.91733, 37.63028], [126.91757, 37.63083], [126.91739, 37.63167], [126.91694, 37.632], [126.91611, 37.6321], [126.91472, 37.63252], [126.91417, 37.63192], [126.91389, 37.63178], [126.91335, 37.63194], [126.91278, 37.63232], [126.91167, 37.63207], [126.91083, 37.63296], [126.90962, 37.63333], [126.9097, 37.63361], [126.91028, 37.63407], [126.91222, 37.63511], [126.91297, 37.63528], [126.91274, 37.63639], [126.91201, 37.63694], [126.91186, 37.63722], [126.91196, 37.63778], [126.91173, 37.63861], [126.91193, 37.63917], [126.91246, 37.63972], [126.91253, 37.64028], [126.91337, 37.64167], [126.91344, 37.64194], [126.91333, 37.64224], [126.91278, 37.64236], [126.91194, 37.6422], [126.91139, 37.64226], [126.91099, 37.6425], [126.91028, 37.64329], [126.91, 37.64333], [126.90921, 37.64306], [126.90861, 37.64238], [126.90778, 37.64216], [126.9076, 37.64194], [126.9076, 37.64167], [126.90841, 37.64], [126.90778, 37.6395], [126.90755, 37.63917], [126.90741, 37.63833], [126.90778, 37.63782], [126.90911, 37.63667], [126.90905, 37.63639], [126.90771, 37.63528], [126.90694, 37.63493], [126.90639, 37.63483], [126.90603, 37.635], [126.9058, 37.63556], [126.90556, 37.63578], [126.90417, 37.63542], [126.90333, 37.63562], [126.90314, 37.63583], [126.90295, 37.63667], [126.90306, 37.63697], [126.90379, 37.6375], [126.90389, 37.63778], [126.90379, 37.63806], [126.90306, 37.6386], [126.90215, 37.63889], [126.90191, 37.63917], [126.90193, 37.63972], [126.90139, 37.64019], [126.90083, 37.641], [126.90056, 37.64122], [126.9, 37.6412]]}}, {"type": "Feature", "properties": {"elev": 100, "idx": 1}, "geometry": {"type": "LineString", "coordinates": [[126.9, 37.63339], [126.90046, 37.63306], [126.90062, 37.63278], [126.90039, 37.6325], [126.9, 37.63235]]}}, {"type": "Feature", "properties": {"elev": 100, "idx": 1}, "geometry": {"type": "LineString", "coordinates": [[127.04743, 37.63417], [127.04778, 37.634], [127.04806, 37.63411], [127.0486, 37.63444], [127.04873, 37.63472], [127.04861, 37.63504], [127.04807, 37.63556], [127.04752, 37.63639], [127.04753, 37.63667], [127.04762, 37.63694], [127.04849, 37.63778], [127.04875, 37.63833], [127.04922, 37.63889], [127.04889, 37.63917], [127.04778, 37.63956], [127.04667, 37.64038], [127.04552, 37.64028], [127.04534, 37.64], [127.04506, 37.63778], [127.04528, 37.63759], [127.04583, 37.63745], [127.04667, 37.63761], [127.04707, 37.6375], [127.04746, 37.63667], [127.04749, 37.63639], [127.04729, 37.63583], [127.04801, 37.63528], [127.04743, 37.63444], [127.04743, 37.63417]]}}, {"type": "Feature", "properties": {"elev": 100, "idx": 1}, "geometry": {"type": "LineString", "coordinates": [[126.9, 37.63583], [126.90012, 37.635], [126.9, 37.63483]]}}, {"type": "Feature", "properties": {"elev": 100, "idx": 1}, "geometry": {"type": "LineString", "coordinates": [[126.92272, 37.63667], [126.92316, 37.63667], [126.92389, 37.63739], [126.92444, 37.63754], [126.9275, 37.63704], [126.92889, 37.63729], [126.92972, 37.63682], [126.93, 37.63681], [126.93194, 37.63825], [126.93333, 37.6385], [126.93364, 37.63889], [126.93386, 37.63944], [126.93421, 37.63972], [126.93561, 37.64], [126.93586, 37.64028], [126.93598, 37.64083], [126.93583, 37.64175], [126.93649, 37.64278], [126.9366, 37.64417], [126.9364, 37.645], [126.935, 37.6458], [126.93488, 37.64611], [126.935, 37.64874], [126.93444, 37.64856], [126.93352, 37.64778], [126.93255, 37.64722], [126.93214, 37.64639], [126.93215, 37.64611], [126.9325, 37.64587], [126.93417, 37.64527], [126.9345, 37.645], [126.93477, 37.64444], [126.93477, 37.64389], [126.93452, 37.64306], [126.93306, 37.64048], [126.9325, 37.64016], [126.93028, 37.64013], [126.9275, 37.63962], [126.92699, 37.64], [126.92693, 37.64194], [126.92667, 37.64209], [126.92611, 37.64208], [126.9256, 37.64167], [126.925, 37.64081], [126.92371, 37.64], [126.92333, 37.63956], [126.92314, 37.63917], [126.92316, 37.63833], [126.92306, 37.63806], [126.92254, 37.6375], [126.92246, 37.63722], [126.92272, 37.63667]]}}, {"type": "Feature", "properties": {"elev": 100, "idx": 1}, "geometry": {"type": "LineString", "coordinates": [[126.9, 37.63976], [126.90042, 37.63917], [126.90032, 37.63861], [126.9, 37.63794]]}}, {"type": "Feature", "properties": {"elev": 100, "idx": 1}, "geometry": {"type": "LineString", "coordinates": [[126.90994, 37.65639], [126.91056, 37.6562], [126.91139, 37.65631], [126.91212, 37.65667], [126.9125, 37.65705], [126.91306, 37.65727], [126.91389, 37.6571], [126.91472, 37.65741], [126.91694, 37.65731], [126.91722, 37.65757], [126.91738, 37.65806], [126.91712, 37.65861], [126.91705, 37.65917], [126.91656, 37.66], [126.91653, 37.66028], [126.91696, 37.66167], [126.91639, 37.66174], [126.91583, 37.66137], [126.91506, 37.66056], [126.91495, 37.66028], [126.915, 37.65972], [126.91417, 37.65895], [126.91306, 37.65861], [126.91194, 37.65856], [126.91167, 37.65842], [126.91119, 37.65778], [126.91083, 37.65759], [126.90944, 37.65733], [126.90833, 37.65733], [126.90793, 37.65722], [126.90811, 37.65694], [126.90994, 37.65639]]}}, {"type": "Feature", "properties": {"elev": 100, "idx": 1}, "geometry": {"type": "LineString", "coordinates": [[126.90172, 37.66333], [126.9025, 37.66306], [126.90278, 37.66308], [126.90317, 37.66333], [126.90342, 37.66389], [126.90333, 37.665], [126.90278, 37.66533], [126.9025, 37.66534], [126.90116, 37.66472], [126.90093, 37.66444], [126.90111, 37.66377], [126.90172, 37.66333]]}}, {"type": "Feature", "properties": {"elev": 100, "idx": 1}, "geometry": {"type": "LineString", "coordinates": [[127.02399, 37.665], [127.02444, 37.66493], [127.02531, 37.66556], [127.0254, 37.66583], [127.025, 37.66639], [127.02444, 37.66656], [127.02409, 37.66639], [127.02382, 37.66556], [127.02399, 37.665]]}}, {"type": "Feature", "properties": {"elev": 100, "idx": 1}, "geometry": {"type": "LineString", "coordinates": [[127.0394, 37.68194], [127.03972, 37.6821], [127.03983, 37.6825], [127.03944, 37.68271], [127.03889, 37.68267], [127.03878, 37.6825], [127.03893, 37.68222], [127.0394, 37.68194]]}}, {"type": "Feature", "properties": {"elev": 100, "idx": 1}, "geometry": {"type": "LineString", "coordinates": [[126.90713, 37.68389], [126.9075, 37.6837], [126.90861, 37.68388], [126.90944, 37.6838], [126.90989, 37.68417], [126.90996, 37.68444], [126.9097, 37.68472], [126.90885, 37.685], [126.90778, 37.6851], [126.90703, 37.68444], [126.90699, 37.68417], [126.90713, 37.68389]]}}, {"type": "Feature", "properties": {"elev": 100, "idx": 1}, "geometry": {"type": "LineString", "coordinates": [[126.90414, 37.68417], [126.90444, 37.68413], [126.9046, 37.68444], [126.9045, 37.68472], [126.90417, 37.68493], [126.90398, 37.68472], [126.90414, 37.68417]]}}, {"type": "Feature", "properties": {"elev": 100, "idx": 1}, "geometry": {"type": "LineString", "coordinates": [[126.90357, 37.68583], [126.90361, 37.68565], [126.90389, 37.68583], [126.90463, 37.68722], [126.90531, 37.68778], [126.90543, 37.68806], [126.90529, 37.68833], [126.90472, 37.68811], [126.90389, 37.68722], [126.90357, 37.68583]]}}, {"type": "Feature", "properties": {"elev": 100, "idx": 1}, "geometry": {"type": "LineString", "coordinates": [[127.03606, 37.68861], [127.0362, 37.68889], [127.03611, 37.6891], [127.03587, 37.68889], [127.03606, 37.68861]]}}, {"type": "Feature", "properties": {"elev": 100, "idx": 1}, "geometry": {"type": "LineString", "coordinates": [[126.93826, 37.70167], [126.93857, 37.70194], [126.93833, 37.70204], [126.93823, 37.70194], [126.93826, 37.70167]]}}, {"type": "Feature", "properties": {"elev": 100, "idx": 1}, "geometry": {"type": "LineString", "coordinates": [[126.94719, 37.7025], [126.9475, 37.70251], [126.94801, 37.70306], [126.94797, 37.70361], [126.9471, 37.70444], [126.94667, 37.7046], [126.94639, 37.70454], [126.9463, 37.70444], [126.94639, 37.70397], [126.9469, 37.70278], [126.94719, 37.7025]]}}, {"type": "Feature", "properties": {"elev": 100, "idx": 1}, "geometry": {"type": "LineString", "coordinates": [[126.94833, 37.71522], [126.94802, 37.71556], [126.94738, 37.71722], [126.9475, 37.71761], [126.94776, 37.71778], [126.94861, 37.71799], [126.94917, 37.71756], [126.94927, 37.71722], [126.94838, 37.71639], [126.94841, 37.71583], [126.94864, 37.71528], [126.94833, 37.71522]]}}, {"type": "Feature", "properties": {"elev": 100, "idx": 1}, "geometry": {"type": "LineString", "coordinates": [[127.0382, 37.71556], [127.03861, 37.71533], [127.03877, 37.71556], [127.03861, 37.71578], [127.03833, 37.71581], [127.0382, 37.71556]]}}, {"type": "Feature", "properties": {"elev": 100, "idx": 1}, "geometry": {"type": "LineString", "coordinates": [[126.9, 37.71972], [126.90056, 37.71967], [126.90167, 37.72034], [126.90208, 37.72083], [126.90241, 37.72194], [126.90288, 37.7225], [126.90333, 37.72281], [126.90444, 37.72313], [126.90503, 37.72417], [126.90639, 37.72516], [126.90881, 37.72778], [126.90917, 37.72869], [126.90944, 37.72889], [126.91, 37.72857], [126.91017, 37.72806], [126.91013, 37.72778], [126.90979, 37.72667], [126.90972, 37.7257], [126.90945, 37.725], [126.90854, 37.72389], [126.90811, 37.72278], [126.90738, 37.72167], [126.90609, 37.72028], [126.90574, 37.71944], [126.90472, 37.71909], [126.90445, 37.71889], [126.90432, 37.71861], [126.9042, 37.71694], [126.9036, 37.71583], [126.90392, 37.715], [126.90406, 37.71389], [126.9046, 37.71278], [126.90472, 37.71269], [126.90514, 37.71278], [126.90623, 37.71417], [126.90713, 37.71472], [126.90822, 37.71611], [126.90861, 37.71641], [126.90944, 37.71636], [126.90972, 37.71647], [126.91031, 37.71722], [126.91077, 37.71833], [126.91194, 37.7189], [126.9125, 37.71942], [126.91278, 37.71952], [126.91333, 37.71943], [126.91404, 37.71889], [126.9142, 37.71778], [126.91455, 37.71722], [126.91445, 37.71694], [126.91361, 37.7164], [126.91194, 37.71598], [126.91116, 37.71556], [126.91097, 37.71528], [126.91096, 37.715], [126.91183, 37.71417], [126.91194, 37.71384], [126.91167, 37.71369], [126.91, 37.71409], [126.90944, 37.71384], [126.90919, 37.71333], [126.909, 37.71222], [126.90814, 37.71083], [126.90815, 37.71028], [126.90848, 37.70944], [126.90819, 37.70917], [126.90695, 37.70861], [126.90679, 37.70833], [126.9068, 37.70806], [126.90705, 37.70778], [126.90861, 37.70744], [126.90906, 37.70722], [126.90917, 37.70694], [126.90868, 37.70639], [126.90861, 37.70532], [126.90787, 37.70472], [126.9077, 37.70417], [126.90715, 37.70333], [126.90752, 37.7025], [126.90683, 37.70083], [126.90695, 37.7], [126.90681, 37.69917], [126.90607, 37.69861], [126.90596, 37.69778], [126.90472, 37.69688], [126.90383, 37.69583], [126.90361, 37.69528], [126.90367, 37.69472], [126.90352, 37.69361], [126.90258, 37.69222], [126.90244, 37.69139], [126.90259, 37.69083], [126.90361, 37.69017], [126.905, 37.68982], [126.90583, 37.68922], [126.90611, 37.68919], [126.90667, 37.68949], [126.90722, 37.69], [126.9073, 37.69028], [126.9072, 37.69056], [126.90687, 37.69083], [126.90566, 37.69111], [126.9052, 37.69139], [126.90514, 37.69167], [126.90551, 37.6925], [126.90565, 37.69278], [126.90639, 37.69317], [126.90722, 37.69313], [126.90833, 37.69269], [126.90889, 37.69296], [126.90923, 37.69333], [126.90934, 37.69361], [126.9091, 37.69389], [126.90806, 37.69427], [126.90788, 37.69444], [126.90784, 37.69528], [126.90812, 37.69583], [126.90889, 37.6964], [126.90923, 37.69639], [126.91, 37.69573], [126.91083, 37.69555], [126.91094, 37.69583], [126.91043, 37.69667], [126.9107, 37.69722], [126.91111, 37.69741], [126.91222, 37.69738], [126.91294, 37.69806], [126.91296, 37.69833], [126.91163, 37.7], [126.9117, 37.70028], [126.91222, 37.70043], [126.91309, 37.69972], [126.91361, 37.69953], [126.91444, 37.69972], [126.91556, 37.70146], [126.91694, 37.7032], [126.91833, 37.70374], [126.91848, 37.70306], [126.9175, 37.70249], [126.91671, 37.70111], [126.91694, 37.7008], [126.91746, 37.70056], [126.91766, 37.70028], [126.91724, 37.69972], [126.91719, 37.69833], [126.91686, 37.6975], [126.91683, 37.69694], [126.9156, 37.69583], [126.91562, 37.69528], [126.91646, 37.69417], [126.91642, 37.69389], [126.91583, 37.69334], [126.91528, 37.69327], [126.91417, 37.69347], [126.9138, 37.69333], [126.91357, 37.69306], [126.91361, 37.69266], [126.91431, 37.69194], [126.91442, 37.69167], [126.91393, 37.69028], [126.91386, 37.68972], [126.91409, 37.68861], [126.91444, 37.68852], [126.91611, 37.68962], [126.91722, 37.69012], [126.91889, 37.69035], [126.92028, 37.69004], [126.9225, 37.68981], [126.92333, 37.68996], [126.92365, 37.69028], [126.92363, 37.69056], [126.92341, 37.69083], [126.9225, 37.69125], [126.9213, 37.6925], [126.92178, 37.69361], [126.92194, 37.69373], [126.92222, 37.69378], [126.92361, 37.69343], [126.92374, 37.69361], [126.92407, 37.69528], [126.92398, 37.69611], [126.92373, 37.69667], [126.92377, 37.69694], [126.92439, 37.69778], [126.92452, 37.69833], [126.92528, 37.69911], [126.92549, 37.69972], [126.92535, 37.70056], [126.92471, 37.70167], [126.92477, 37.70306], [126.92574, 37.70389], [126.92606, 37.70444], [126.92639, 37.70472], [126.92861, 37.70575], [126.93016, 37.70667], [126.93048, 37.70722], [126.93036, 37.7075], [126.92999, 37.70778], [126.9298, 37.70833], [126.93, 37.70864], [126.93111, 37.70917], [126.93143, 37.70944], [126.93125, 37.71028], [126.93141, 37.71111], [126.93135, 37.71194], [126.93055, 37.71278], [126.93061, 37.71306], [126.93122, 37.71389], [126.93116, 37.71444], [126.93088, 37.71472], [126.93028, 37.715], [126.92886, 37.71722], [126.92889, 37.71758], [126.92972, 37.71806], [126.92986, 37.71833], [126.92968, 37.71917], [126.92987, 37.71944], [126.93, 37.71954], [126.93056, 37.71949], [126.93111, 37.71905], [126.93167, 37.71801], [126.93183, 37.71722], [126.93232, 37.71667], [126.93333, 37.71608], [126.93444, 37.71597], [126.93472, 37.71604], [126.93528, 37.71652], [126.93611, 37.71652], [126.93669, 37.71667], [126.93693, 37.71694], [126.93661, 37.7175], [126.93667, 37.71789], [126.93806, 37.71882], [126.93882, 37.71917], [126.93972, 37.72002], [126.94, 37.72016], [126.94361, 37.72069], [126.94386, 37.72083], [126.94417, 37.72133], [126.945, 37.72155], [126.94583, 37.72214], [126.94667, 37.72241], [126.9475, 37.72242], [126.94917, 37.72341], [126.94944, 37.72347], [126.94958, 37.72333], [126.949, 37.72278], [126.94778, 37.72219], [126.94667, 37.72098], [126.94603, 37.72056], [126.94397, 37.71833], [126.943, 37.71667], [126.94216, 37.71472], [126.94036, 37.71333], [126.94014, 37.71278], [126.94007, 37.71194], [126.93928, 37.71111], [126.93918, 37.71083], [126.93933, 37.71028], [126.93916, 37.70972], [126.93861, 37.7092], [126.93745, 37.70889], [126.93702, 37.70861], [126.93695, 37.70833], [126.93722, 37.7081], [126.93806, 37.70798], [126.93849, 37.70778], [126.93867, 37.7075], [126.93848, 37.70694], [126.93794, 37.70639], [126.93786, 37.70611], [126.93786, 37.705], [126.93808, 37.70417], [126.93791, 37.70361], [126.93806, 37.7033], [126.93833, 37.70315], [126.93944, 37.70369], [126.94056, 37.70363], [126.94139, 37.70403], [126.94278, 37.70516], [126.94431, 37.70556], [126.94453, 37.70583], [126.94472, 37.70661], [126.945, 37.7071], [126.9466, 37.70917], [126.94694, 37.71008], [126.94778, 37.71051], [126.94889, 37.71056], [126.94958, 37.71028], [126.94972, 37.70944], [126.95031, 37.70833], [126.95071, 37.70722], [126.95096, 37.70611], [126.9509, 37.70583], [126.95139, 37.70576], [126.95222, 37.70625], [126.95278, 37.70762], [126.95323, 37.70833], [126.95333, 37.70889], [126.95321, 37.70917], [126.95235, 37.71], [126.95202, 37.71056], [126.95139, 37.71065], [126.95111, 37.71082], [126.95066, 37.71194], [126.95053, 37.71278], [126.94961, 37.71361], [126.94918, 37.71417], [126.94896, 37.71472], [126.94917, 37.71488], [126.94944, 37.71482], [126.95167, 37.71338], [126.95208, 37.7125], [126.95392, 37.71056], [126.95417, 37.71002], [126.95439, 37.70889], [126.95422, 37.70806], [126.95353, 37.70694], [126.95298, 37.70639], [126.95246, 37.70528], [126.95217, 37.705], [126.95167, 37.70494], [126.95099, 37.705], [126.95071, 37.70528], [126.95069, 37.70556], [126.95, 37.70572], [126.94972, 37.70597], [126.94892, 37.70778], [126.94861, 37.70811], [126.94806, 37.70838], [126.94778, 37.70832], [126.94722, 37.70783], [126.94662, 37.70694], [126.94606, 37.70639], [126.94639, 37.70611], [126.94694, 37.7061], [126.9475, 37.70626], [126.94778, 37.7062], [126.94932, 37.705], [126.94976, 37.70194], [126.94975, 37.70167], [126.94938, 37.70111], [126.94861, 37.70024], [126.94806, 37.69984], [126.94722, 37.69961], [126.94583, 37.69965], [126.94556, 37.69974], [126.945, 37.70028], [126.94482, 37.70056], [126.94455, 37.70167], [126.94417, 37.70217], [126.94361, 37.70224], [126.94278, 37.70186], [126.94232, 37.70139], [126.94222, 37.70111], [126.94271, 37.70028], [126.94239, 37.69972], [126.94242, 37.69944], [126.94333, 37.69919], [126.94477, 37.69806], [126.94518, 37.69722], [126.9452, 37.69694], [126.94502, 37.69667], [126.94472, 37.69678], [126.94439, 37.6975], [126.94389, 37.69769], [126.94334, 37.6975], [126.94318, 37.69667], [126.9425, 37.69588], [126.94222, 37.69574], [126.94111, 37.69622], [126.93861, 37.69619], [126.93778, 37.6964], [126.93722, 37.69623], [126.93667, 37.69541], [126.93573, 37.695], [126.93557, 37.69472], [126.93594, 37.69389], [126.93499, 37.69306], [126.93474, 37.69222], [126.93372, 37.69083], [126.93309, 37.68917], [126.93241, 37.68806], [126.93224, 37.68694], [126.93237, 37.68667], [126.93294, 37.68611], [126.93052, 37.68444], [126.93035, 37.68417], [126.93073, 37.68278], [126.93028, 37.68259], [126.92972, 37.6827], [126.92833, 37.68369], [126.92724, 37.68361], [126.92694, 37.68336], [126.92667, 37.68195], [126.92568, 37.68111], [126.92567, 37.68083], [126.92611, 37.68057], [126.92667, 37.68048], [126.92722, 37.68014], [126.92806, 37.68052], [126.92861, 37.6805], [126.9289, 37.68], [126.92902, 37.67917], [126.9296, 37.67833], [126.92972, 37.67778], [126.93147, 37.67639], [126.93105, 37.67611], [126.93056, 37.67598], [126.92972, 37.67643], [126.92833, 37.67635], [126.92799, 37.67611], [126.92778, 37.67528], [126.92722, 37.67459], [126.92694, 37.67441], [126.92611, 37.6744], [126.92556, 37.67419], [126.92476, 37.67361], [126.92442, 37.67306], [126.92408, 37.67278], [126.92333, 37.67262], [126.92111, 37.67322], [126.92056, 37.67317], [126.91972, 37.67268], [126.91927, 37.67222], [126.9189, 37.67139], [126.91874, 37.67056], [126.91861, 37.67045], [126.91722, 37.67059], [126.91639, 37.67099], [126.91583, 37.67105], [126.91544, 37.67083], [126.91504, 37.67028], [126.91389, 37.66928], [126.91361, 37.66918], [126.91199, 37.66972], [126.91183, 37.67], [126.91177, 37.67056], [126.91139, 37.67087], [126.91, 37.67104], [126.90917, 37.67092], [126.90833, 37.67102], [126.90756, 37.67083], [126.90727, 37.67056], [126.90718, 37.67028], [126.90778, 37.66889], [126.90694, 37.66821], [126.90662, 37.66778], [126.90686, 37.66611], [126.90651, 37.665], [126.9071, 37.6625], [126.90778, 37.66231], [126.90831, 37.6625], [126.90854, 37.66278], [126.90853, 37.66333], [126.90869, 37.66361], [126.90944, 37.66383], [126.91083, 37.66374], [126.91132, 37.66389], [126.91165, 37.66417], [126.91225, 37.66528], [126.91226, 37.66556], [126.91155, 37.66667], [126.91149, 37.66694], [126.91183, 37.66722], [126.91284, 37.6675], [126.9132, 37.66833], [126.91361, 37.66876], [126.91389, 37.6688], [126.91408, 37.66861], [126.91436, 37.66778], [126.91485, 37.66694], [126.91495, 37.66611], [126.91524, 37.66528], [126.9152, 37.66472], [126.91556, 37.66442], [126.91583, 37.66447], [126.91667, 37.66508], [126.91833, 37.66476], [126.91861, 37.66486], [126.91975, 37.66639], [126.91992, 37.66694], [126.91999, 37.66806], [126.92028, 37.66823], [126.92111, 37.66845], [126.92167, 37.66884], [126.92361, 37.66802], [126.9241, 37.66778], [126.9242, 37.6675], [126.92269, 37.66667], [126.92219, 37.66556], [126.92221, 37.66528], [126.92244, 37.665], [126.92321, 37.66444], [126.92318, 37.66417], [126.92194, 37.66403], [126.92074, 37.66333], [126.92044, 37.66306], [126.92037, 37.66278], [126.92097, 37.66139], [126.92195, 37.66083], [126.92216, 37.66056], [126.92201, 37.65972], [126.92209, 37.65944], [126.92222, 37.65934], [126.92306, 37.6594], [126.92389, 37.65865], [126.92505, 37.65833], [126.92526, 37.65778], [126.92493, 37.65667], [126.92556, 37.65598], [126.92611, 37.65647], [126.92668, 37.6575], [126.92722, 37.65801], [126.92778, 37.65801], [126.92861, 37.65762], [126.92889, 37.65763], [126.92944, 37.65793], [126.93, 37.6585], [126.93068, 37.65972], [126.93045, 37.66056], [126.92997, 37.66139], [126.92975, 37.66278], [126.93, 37.66317], [126.93111, 37.66369], [126.93167, 37.66339], [126.93283, 37.66222], [126.93362, 37.66111], [126.93667, 37.66016], [126.9369, 37.66], [126.9375, 37.65896], [126.93806, 37.65865], [126.93861, 37.6588], [126.93944, 37.65942], [126.93967, 37.65972], [126.93974, 37.66], [126.9392, 37.66222], [126.93915, 37.66306], [126.93944, 37.66377], [126.94, 37.66406], [126.94056, 37.66414], [126.94126, 37.66389], [126.94147, 37.66361], [126.94173, 37.66278], [126.9425, 37.66228], [126.94299, 37.66167], [126.94333, 37.66043], [126.94361, 37.6604], [126.94444, 37.66068], [126.94556, 37.66036], [126.94639, 37.66058], [126.94696, 37.66111], [126.94715, 37.66306], [126.94694, 37.66328], [126.946, 37.66333], [126.94578, 37.66361], [126.94568, 37.66417], [126.94455, 37.665], [126.9445, 37.66556], [126.94472, 37.66585], [126.94611, 37.66567], [126.94731, 37.66611], [126.94758, 37.66639], [126.94833, 37.66795], [126.94912, 37.66861], [126.94932, 37.66972], [126.94944, 37.66986], [126.95139, 37.67054], [126.95194, 37.67095], [126.95246, 37.67194], [126.9526, 37.67306], [126.95301, 37.67389], [126.95317, 37.67472], [126.95365, 37.67556], [126.95447, 37.67639], [126.95472, 37.67745], [126.95556, 37.67769], [126.95583, 37.67798], [126.95642, 37.67917], [126.95722, 37.68], [126.95743, 37.68056], [126.9575, 37.68125], [126.95861, 37.68116], [126.95944, 37.68173], [126.96045, 37.68333], [126.96083, 37.68454], [126.96146, 37.685], [126.96151, 37.68222], [126.9611, 37.68139], [126.96093, 37.68056], [126.96111, 37.68023], [126.9625, 37.67911], [126.96333, 37.67815], [126.96399, 37.67778], [126.96467, 37.67694], [126.96417, 37.67697], [126.96306, 37.67771], [126.9625, 37.67787], [126.96139, 37.67874], [126.96056, 37.67884], [126.95936, 37.67833], [126.95887, 37.67778], [126.95856, 37.67694], [126.95817, 37.67639], [126.95806, 37.67583], [126.95861, 37.67528], [126.95754, 37.67417], [126.95744, 37.67389], [126.95814, 37.67333], [126.95842, 37.6725], [126.95891, 37.67167], [126.95849, 37.67111], [126.95807, 37.66861], [126.9575, 37.6676], [126.95722, 37.6674], [126.95667, 37.66718], [126.95556, 37.66717], [126.95447, 37.66556], [126.95412, 37.66417], [126.95448, 37.66333], [126.95452, 37.6625], [126.95389, 37.66194], [126.95365, 37.66139], [126.95403, 37.66056], [126.9537, 37.65972], [126.95307, 37.65917], [126.95213, 37.65778], [126.95211, 37.6575], [126.95239, 37.65694], [126.95221, 37.65611], [126.9524, 37.65583], [126.95306, 37.65554], [126.95459, 37.65556], [126.95463, 37.65528], [126.95416, 37.65472], [126.95269, 37.65417], [126.95167, 37.65329], [126.94917, 37.65234], [126.94898, 37.65194], [126.94945, 37.65139], [126.94951, 37.65111], [126.94905, 37.65056], [126.94873, 37.64944], [126.94778, 37.6487], [126.94646, 37.64833], [126.9458, 37.6475], [126.94571, 37.64722], [126.94579, 37.64667], [126.9465, 37.64583], [126.94652, 37.64556], [126.94556, 37.64466], [126.94532, 37.64417], [126.94583, 37.64358], [126.94667, 37.64325], [126.94739, 37.64278], [126.94746, 37.6425], [126.94718, 37.64222], [126.94667, 37.64206], [126.94528, 37.64223], [126.94472, 37.64218], [126.94441, 37.64194], [126.94434, 37.64167], [126.94444, 37.64134], [126.94555, 37.64028], [126.94607, 37.63861], [126.94626, 37.63833], [126.94611, 37.63809], [126.94528, 37.63834], [126.94491, 37.63861], [126.94436, 37.63944], [126.94389, 37.63963], [126.94361, 37.63957], [126.9425, 37.6386], [126.94167, 37.63878], [126.9411, 37.63861], [126.94077, 37.63806], [126.94079, 37.63667], [126.94056, 37.63632], [126.94028, 37.63618], [126.93972, 37.63633], [126.93917, 37.63688], [126.93861, 37.63698], [126.93806, 37.63669], [126.93749, 37.63611], [126.93694, 37.63576], [126.93583, 37.63596], [126.93528, 37.63579], [126.9348, 37.63528], [126.93469, 37.635], [126.93471, 37.63417], [126.93377, 37.63278], [126.9332, 37.63111], [126.93333, 37.63075], [126.93457, 37.63028], [126.935, 37.62972], [126.93583, 37.62915], [126.93639, 37.62906], [126.93694, 37.62916], [126.93806, 37.62982], [126.93842, 37.62972], [126.93855, 37.62944], [126.9386, 37.62889], [126.93836, 37.62806], [126.93764, 37.62694], [126.93722, 37.62666], [126.93639, 37.62664], [126.93559, 37.62639], [126.93584, 37.62611], [126.93694, 37.62586], [126.93707, 37.62528], [126.93758, 37.62444], [126.93735, 37.62389], [126.9374, 37.62306], [126.93699, 37.6225], [126.93684, 37.62139], [126.93667, 37.62117], [126.93593, 37.62083], [126.93577, 37.62056], [126.93584, 37.62], [126.93611, 37.61946], [126.93681, 37.61889], [126.93692, 37.61806], [126.93677, 37.6175], [126.93614, 37.61667], [126.93556, 37.61618], [126.93538, 37.61583], [126.93538, 37.615], [126.93578, 37.61417], [126.93601, 37.61389], [126.93639, 37.61372], [126.93778, 37.6136], [126.93861, 37.61325], [126.93972, 37.61307], [126.94056, 37.61271], [126.94194, 37.61294], [126.94222, 37.6128], [126.94278, 37.61201], [126.94361, 37.6114], [126.94417, 37.61141], [126.94528, 37.61195], [126.94681, 37.61056], [126.94659, 37.61028], [126.94557, 37.61], [126.94472, 37.60929], [126.94389, 37.60888], [126.94306, 37.60886], [126.94222, 37.60866], [126.94139, 37.60932], [126.94111, 37.60931], [126.94, 37.60814], [126.93944, 37.60796], [126.93861, 37.60823], [126.93833, 37.60815], [126.93815, 37.60778], [126.938, 37.60611], [126.93845, 37.605], [126.93792, 37.60417], [126.93842, 37.60306], [126.93837, 37.60167], [126.93861, 37.60111], [126.93939, 37.60028], [126.9395, 37.6], [126.93919, 37.59917], [126.93933, 37.59806], [126.93943, 37.59778], [126.93977, 37.5975], [126.94111, 37.59697], [126.94194, 37.59583], [126.94222, 37.59566], [126.94266, 37.59583], [126.94306, 37.59676], [126.9437, 37.5975], [126.94369, 37.59778], [126.94326, 37.59833], [126.94286, 37.59944], [126.94333, 37.60044], [126.94444, 37.60119], [126.94611, 37.60184], [126.94661, 37.60278], [126.94712, 37.60333], [126.94889, 37.60421], [126.94972, 37.60506], [126.95, 37.60494], [126.95031, 37.60389], [126.95101, 37.60333], [126.95095, 37.60278], [126.95157, 37.60167], [126.95148, 37.60056], [126.95186, 37.59972], [126.95202, 37.59833], [126.95222, 37.59785], [126.95278, 37.5977], [126.955, 37.59778], [126.95512, 37.59806], [126.95513, 37.59889], [126.95565, 37.60083], [126.95585, 37.60111], [126.95694, 37.60176], [126.95806, 37.60153], [126.95944, 37.6019], [126.95982, 37.60222], [126.96008, 37.60278], [126.96025, 37.60389], [126.9597, 37.60528], [126.95944, 37.60573], [126.95857, 37.60611], [126.95806, 37.60651], [126.95777, 37.60722], [126.95723, 37.60806], [126.95722, 37.60841], [126.9575, 37.60852], [126.96, 37.60755], [126.96111, 37.60646], [126.96182, 37.605], [126.9625, 37.60453], [126.96306, 37.60439], [126.96361, 37.60441], [126.96464, 37.60528], [126.96583, 37.60582], [126.96606, 37.60611], [126.96616, 37.60667], [126.96639, 37.60691], [126.9675, 37.60666], [126.97006, 37.60694], [126.97028, 37.60689], [126.97039, 37.60667], [126.97, 37.60633], [126.96861, 37.60592], [126.9675, 37.60538], [126.96712, 37.605], [126.96694, 37.60433], [126.96667, 37.60406], [126.96611, 37.60388], [126.96389, 37.60376], [126.96333, 37.60343], [126.96305, 37.60306], [126.96285, 37.6025], [126.96289, 37.60222], [126.96393, 37.60139], [126.9641, 37.60083], [126.96393, 37.59972], [126.96351, 37.59889], [126.96354, 37.59861], [126.96422, 37.5975], [126.96463, 37.59639], [126.96451, 37.595], [126.96462, 37.59444], [126.96389, 37.59369], [126.96333, 37.59378], [126.96306, 37.59408], [126.96309, 37.59528], [126.96325, 37.59583], [126.96293, 37.59639], [126.96135, 37.5975], [126.96028, 37.59807], [126.95833, 37.59867], [126.95775, 37.59833], [126.9574, 37.59639], [126.95722, 37.59601], [126.95673, 37.59556], [126.95528, 37.59501], [126.95417, 37.59532], [126.95361, 37.59535], [126.95306, 37.59494], [126.95245, 37.59333], [126.95277, 37.59194], [126.95278, 37.59135], [126.95255, 37.59111], [126.95083, 37.59109], [126.9503, 37.59083], [126.95005, 37.59056], [126.95034, 37.58944], [126.95028, 37.58905], [126.95, 37.58861], [126.9502, 37.58778], [126.95111, 37.58741], [126.95218, 37.58667], [126.95231, 37.58639], [126.95236, 37.58417], [126.95272, 37.58333], [126.95263, 37.5825], [126.95318, 37.58167], [126.95286, 37.58083], [126.95303, 37.58028]]}}, {"type": "Feature", "properties": {"elev": 100, "idx": 1}, "geometry": {"type": "LineString", "coordinates": [[127.07972, 37.72417], [127.07917, 37.72463], [127.07778, 37.72512], [127.07667, 37.7248], [127.075, 37.72512], [127.07476, 37.72528], [127.07463, 37.72583], [127.07444, 37.72598], [127.0738, 37.72556], [127.0725, 37.72563], [127.07124, 37.725], [127.07028, 37.72476], [127.06889, 37.725], [127.06778, 37.72556], [127.0675, 37.72555], [127.06694, 37.72489], [127.06611, 37.72471], [127.06444, 37.72385], [127.06353, 37.72333], [127.06305, 37.72278], [127.06283, 37.72222], [127.06285, 37.72194], [127.06349, 37.72028], [127.06389, 37.71976], [127.06446, 37.71944], [127.06469, 37.71917], [127.06444, 37.71883], [127.06333, 37.71882], [127.0628, 37.71861], [127.06231, 37.71722], [127.06181, 37.71639], [127.06111, 37.71558], [127.06053, 37.71639], [127.06031, 37.7175], [127.05972, 37.71847], [127.05861, 37.7197], [127.05722, 37.72055], [127.05614, 37.72028], [127.05579, 37.72], [127.05576, 37.71972], [127.05626, 37.71889], [127.05628, 37.71833], [127.05583, 37.71791], [127.05472, 37.71758], [127.05461, 37.71667], [127.055, 37.71548], [127.05528, 37.71514], [127.05556, 37.71502], [127.05639, 37.7152], [127.05694, 37.71518], [127.05861, 37.7142], [127.05944, 37.71424], [127.06028, 37.7145], [127.06172, 37.71389], [127.0618, 37.71361], [127.06133, 37.71306], [127.06118, 37.71278], [127.0612, 37.7125], [127.06151, 37.71222], [127.06213, 37.71194], [127.0622, 37.71167], [127.06211, 37.71111], [127.06227, 37.71056], [127.06333, 37.70991], [127.06428, 37.70889], [127.06462, 37.70806], [127.06471, 37.70722], [127.0651, 37.70667], [127.06356, 37.70528], [127.06269, 37.70389], [127.06149, 37.70111], [127.06154, 37.70083], [127.06194, 37.70056], [127.06306, 37.7004], [127.06406, 37.7], [127.06399, 37.69972], [127.0625, 37.69909], [127.06167, 37.69828], [127.06028, 37.69785], [127.0597, 37.69722], [127.05924, 37.69583], [127.0588, 37.695], [127.05909, 37.69333], [127.05852, 37.69194], [127.05863, 37.69139], [127.05944, 37.69056], [127.06028, 37.69015], [127.06083, 37.6897], [127.06209, 37.68917], [127.06207, 37.68889], [127.06167, 37.6885], [127.05944, 37.68776], [127.05913, 37.68722], [127.05917, 37.68684], [127.06, 37.68691], [127.06061, 37.6875], [127.06139, 37.68769], [127.0617, 37.6875], [127.06156, 37.68694], [127.0617, 37.68639], [127.06222, 37.68578], [127.06306, 37.68532], [127.06472, 37.68502], [127.06583, 37.68547], [127.06639, 37.68531], [127.06754, 37.68528], [127.06746, 37.685], [127.06667, 37.68455], [127.06648, 37.68361], [127.06611, 37.68323], [127.06528, 37.68289], [127.06417, 37.68191], [127.0625, 37.68176], [127.06194, 37.68151], [127.06139, 37.68063], [127.06001, 37.67972], [127.05984, 37.67944], [127.06005, 37.67806], [127.06022, 37.67778], [127.06111, 37.67768], [127.06194, 37.67681], [127.06278, 37.67705], [127.06361, 37.67773], [127.06435, 37.67806], [127.065, 37.67863], [127.06556, 37.67863], [127.06632, 37.67806], [127.06628, 37.67778], [127.06476, 37.67583], [127.06421, 37.67444], [127.06377, 37.67278], [127.06316, 37.67222], [127.06306, 37.67198], [127.06353, 37.67028], [127.06389, 37.66995], [127.06528, 37.66927], [127.06667, 37.66913], [127.0675, 37.66935], [127.06833, 37.67047], [127.06972, 37.6705], [127.07056, 37.67094], [127.07194, 37.67071], [127.07417, 37.67094], [127.07451, 37.67083], [127.07472, 37.6706], [127.075, 37.67057], [127.07577, 37.67167], [127.07593, 37.6725], [127.07611, 37.67271], [127.07722, 37.67282], [127.07806, 37.67364], [127.07917, 37.67368], [127.07938, 37.67417], [127.07914, 37.67528], [127.07935, 37.67556], [127.07972, 37.67563]]}}, {"type": "Feature", "properties": {"elev": 100, "idx": 1}, "geometry": {"type": "LineString", "coordinates": [[127.06764, 37.73028], [127.06833, 37.73025], [127.06867, 37.73056], [127.06862, 37.73083], [127.06807, 37.73167], [127.06806, 37.73196], [127.06833, 37.73233], [127.06889, 37.73244], [127.07, 37.73228], [127.07111, 37.73169], [127.07194, 37.7322], [127.07272, 37.73306], [127.07263, 37.73361], [127.07222, 37.73439], [127.07167, 37.73459], [127.07056, 37.73423], [127.07018, 37.73444], [127.06972, 37.73501], [127.06929, 37.73444], [127.06833, 37.73377], [127.06611, 37.73288], [127.06495, 37.73194], [127.06491, 37.73111], [127.06528, 37.73072], [127.06667, 37.7307], [127.06764, 37.73028]]}}, {"type": "Feature", "properties": {"elev": 100, "idx": 1}, "geometry": {"type": "LineString", "coordinates": [[127.06816, 37.73972], [127.06847, 37.73972], [127.06867, 37.74], [127.06757, 37.74083], [127.0671, 37.74083], [127.06718, 37.74056], [127.06816, 37.73972]]}}, {"type": "Feature", "properties": {"elev": 100, "idx": 1}, "geometry": {"type": "LineString", "coordinates": [[127.07972, 37.74044], [127.07833, 37.74024], [127.07798, 37.74028], [127.07758, 37.74056], [127.07782, 37.74111], [127.0781, 37.74306], [127.07806, 37.74361], [127.07778, 37.74394], [127.07694, 37.74411], [127.07693, 37.74444], [127.07778, 37.74451], [127.07889, 37.74523], [127.07912, 37.74556], [127.07931, 37.74667], [127.07852, 37.74806], [127.07806, 37.74839], [127.07722, 37.7487], [127.07611, 37.74885], [127.07544, 37.74861], [127.07497, 37.7475], [127.07545, 37.74639], [127.0753, 37.74611], [127.07389, 37.74604], [127.0725, 37.74554], [127.07083, 37.74551], [127.07037, 37.74528], [127.07, 37.74441], [127.06972, 37.74428], [127.06861, 37.7443], [127.06829, 37.74417], [127.06824, 37.74361], [127.06854, 37.74306], [127.06889, 37.74274], [127.07, 37.74219], [127.07039, 37.74167], [127.07041, 37.74139], [127.06968, 37.74056], [127.06957, 37.74028], [127.06965, 37.74], [127.07083, 37.7391], [127.07194, 37.7391], [127.0722, 37.73889], [127.07194, 37.73852], [127.07194, 37.73823], [127.07266, 37.73778], [127.07333, 37.73713], [127.07389, 37.73708], [127.07444, 37.73742], [127.07528, 37.7376], [127.07667, 37.73875], [127.07694, 37.73884], [127.0775, 37.73883], [127.07861, 37.73854], [127.07917, 37.73864], [127.07949, 37.73889], [127.07972, 37.73933]]}}, {"type": "Feature", "properties": {"elev": 100, "idx": 1}, "geometry": {"type": "LineString", "coordinates": [[127.0225, 37.74444], [127.02281, 37.74444], [127.0225, 37.74444]]}}, {"type": "Feature", "properties": {"elev": 100, "idx": 1}, "geometry": {"type": "LineString", "coordinates": [[126.90514, 37.76], [126.905, 37.75991], [126.90472, 37.76]]}}, {"type": "Feature", "properties": {"elev": 100, "idx": 1}, "geometry": {"type": "LineString", "coordinates": [[127.04806, 37.76], [127.0482, 37.75944], [127.04798, 37.75861], [127.04807, 37.75806], [127.04797, 37.7575], [127.0483, 37.75722], [127.04917, 37.75699], [127.05028, 37.75721], [127.05111, 37.75716], [127.0516, 37.75694], [127.0525, 37.75603], [127.05389, 37.75601], [127.05417, 37.75574], [127.05444, 37.75516], [127.05472, 37.75497], [127.05556, 37.75524], [127.05722, 37.75658], [127.05861, 37.75725], [127.06028, 37.75726], [127.06111, 37.75711], [127.06167, 37.75731], [127.06222, 37.75804], [127.0625, 37.75808], [127.06361, 37.75784], [127.06583, 37.75766], [127.06712, 37.75806], [127.06761, 37.75861], [127.06889, 37.75951], [127.06944, 37.75957], [127.07083, 37.75926], [127.07112, 37.75944], [127.07114, 37.76]]}}, {"type": "Feature", "properties": {"elev": 150, "idx": 0}, "geometry": {"type": "LineString", "coordinates": [[126.94553, 37.58028], [126.94583, 37.58042], [126.9459, 37.58028]]}}, {"type": "Feature", "properties": {"elev": 150, "idx": 0}, "geometry": {"type": "LineString", "coordinates": [[126.94667, 37.58028], [126.94639, 37.58081], [126.94611, 37.58101], [126.94556, 37.58113], [126.94472, 37.58109], [126.94278, 37.58065], [126.9425, 37.58055], [126.94231, 37.58028]]}}, {"type": "Feature", "properties": {"elev": 150, "idx": 0}, "geometry": {"type": "LineString", "coordinates": [[126.96102, 37.58028], [126.96123, 37.58056], [126.96124, 37.58083], [126.96028, 37.58181], [126.9601, 37.58222], [126.96014, 37.5825], [126.96167, 37.58435], [126.96222, 37.58451], [126.96306, 37.58421], [126.96333, 37.58424], [126.96352, 37.58472], [126.96434, 37.58583], [126.96437, 37.58611], [126.96402, 37.58667], [126.96399, 37.58694], [126.96455, 37.58833], [126.96461, 37.58889], [126.96444, 37.58931], [126.96361, 37.58999], [126.96306, 37.58999], [126.96222, 37.58978], [126.96163, 37.59], [126.96152, 37.59028], [126.9617, 37.59083], [126.96167, 37.59126], [126.96139, 37.59178], [126.96094, 37.59222], [126.96068, 37.59306], [126.9605, 37.59444], [126.96065, 37.59528], [126.96054, 37.59556], [126.95998, 37.59611], [126.95972, 37.59686], [126.95944, 37.59706], [126.95917, 37.59707], [126.95806, 37.59634], [126.95793, 37.59583], [126.95802, 37.59528], [126.95683, 37.59472], [126.95583, 37.59374], [126.95556, 37.59363], [126.95528, 37.5937], [126.95479, 37.59417], [126.95444, 37.59431], [126.95417, 37.59435], [126.95376, 37.59417], [126.95353, 37.59333], [126.95353, 37.59278], [126.95399, 37.59194], [126.95407, 37.59139], [126.95452, 37.59083], [126.95466, 37.59028], [126.95444, 37.5897], [126.95333, 37.58922], [126.95278, 37.58935], [126.95222, 37.58973], [126.95177, 37.58972], [126.95184, 37.58889], [126.95238, 37.58778], [126.95361, 37.58734], [126.95462, 37.58722], [126.95502, 37.58694], [126.955, 37.5866], [126.95444, 37.58602], [126.95423, 37.58556], [126.95427, 37.58444], [126.95407, 37.58361], [126.95437, 37.58278], [126.95509, 37.58167], [126.95516, 37.58056], [126.95531, 37.58028]]}}, {"type": "Feature", "properties": {"elev": 150, "idx": 0}, "geometry": {"type": "LineString", "coordinates": [[126.93125, 37.58444], [126.93167, 37.58426], [126.93194, 37.58433], [126.93205, 37.585], [126.93194, 37.58533], [126.9307, 37.58611], [126.93027, 37.58694], [126.93023, 37.5875], [126.93068, 37.58833], [126.93041, 37.58944], [126.93048, 37.59], [126.92995, 37.59056], [126.92995, 37.59083], [126.93086, 37.5925], [126.93109, 37.59333], [126.93155, 37.59417], [126.93166, 37.595], [126.93149, 37.59528], [126.93083, 37.59538], [126.93028, 37.59534], [126.92917, 37.59501], [126.9275, 37.59513], [126.92723, 37.595], [126.92712, 37.59472], [126.92712, 37.59389], [126.9268, 37.5925], [126.92598, 37.59083], [126.92618, 37.59], [126.92624, 37.58833], [126.92641, 37.58806], [126.92787, 37.58722], [126.92882, 37.58583], [126.93023, 37.58472], [126.93125, 37.58444]]}}, {"type": "Feature", "properties": {"elev": 150, "idx": 0}, "geometry": {"type": "LineString", "coordinates": [[126.9, 37.58952], [126.90028, 37.58972], [126.90027, 37.59], [126.9, 37.59034]]}}, {"type": "Feature", "properties": {"elev": 150, "idx": 0}, "geometry": {"type": "LineString", "coordinates": [[126.9, 37.60185], [126.90056, 37.60209], [126.90083, 37.60245], [126.90089, 37.60306], [126.90056, 37.60306], [126.9, 37.6025]]}}, {"type": "Feature", "properties": {"elev": 150, "idx": 0}, "geometry": {"type": "LineString", "coordinates": [[126.9, 37.61191], [126.90068, 37.61083], [126.9017, 37.61], [126.90184, 37.60972], [126.90139, 37.60898], [126.90134, 37.60861], [126.90167, 37.6072], [126.90194, 37.60688], [126.90222, 37.60689], [126.90306, 37.6075], [126.90315, 37.60778], [126.90287, 37.60861], [126.90215, 37.61], [126.90211, 37.61111], [126.90256, 37.6125], [126.90241, 37.61417], [126.90197, 37.615], [126.90183, 37.615], [126.90139, 37.61477], [126.90083, 37.61417], [126.9, 37.61367]]}}, {"type": "Feature", "properties": {"elev": 150, "idx": 0}, "geometry": {"type": "LineString", "coordinates": [[126.9, 37.61306], [126.9, 37.61278]]}}, {"type": "Feature", "properties": {"elev": 150, "idx": 0}, "geometry": {"type": "LineString", "coordinates": [[127.01404, 37.61361], [127.01444, 37.61351], [127.01453, 37.61361], [127.01493, 37.615], [127.01333, 37.6157], [127.01306, 37.61573], [127.01265, 37.61556], [127.01258, 37.61528], [127.01278, 37.61476], [127.01404, 37.61361]]}}, {"type": "Feature", "properties": {"elev": 150, "idx": 0}, "geometry": {"type": "LineString", "coordinates": [[126.90727, 37.62139], [126.90778, 37.62138], [126.90806, 37.62162], [126.90806, 37.62236], [126.90769, 37.62333], [126.90694, 37.62448], [126.90667, 37.62455], [126.90601, 37.62417], [126.90583, 37.62389], [126.90585, 37.62361], [126.90674, 37.62167], [126.90727, 37.62139]]}}, {"type": "Feature", "properties": {"elev": 150, "idx": 0}, "geometry": {"type": "LineString", "coordinates": [[126.90718, 37.625], [126.9075, 37.62484], [126.90861, 37.62491], [126.91, 37.62561], [126.91018, 37.62583], [126.91014, 37.62694], [126.91028, 37.62758], [126.91203, 37.62917], [126.91242, 37.63], [126.91285, 37.63056], [126.91268, 37.63083], [126.9125, 37.63088], [126.91111, 37.63029], [126.91083, 37.6304], [126.91047, 37.63139], [126.91, 37.63184], [126.90889, 37.63152], [126.90833, 37.63161], [126.90782, 37.63222], [126.90777, 37.6325], [126.90798, 37.63333], [126.90795, 37.63361], [126.90778, 37.63372], [126.90667, 37.6334], [126.90472, 37.63362], [126.90528, 37.63284], [126.90542, 37.63222], [126.90518, 37.63056], [126.90583, 37.63036], [126.90627, 37.63], [126.90695, 37.62833], [126.90746, 37.6275], [126.90748, 37.62694], [126.907, 37.62611], [126.90718, 37.625]]}}, {"type": "Feature", "properties": {"elev": 150, "idx": 0}, "geometry": {"type": "LineString", "coordinates": [[126.91029, 37.64056], [126.91056, 37.64037], [126.91083, 37.64039], [126.91106, 37.64083], [126.91101, 37.64111], [126.91056, 37.64139], [126.91027, 37.64139], [126.90994, 37.64111], [126.91001, 37.64083], [126.91029, 37.64056]]}}, {"type": "Feature", "properties": {"elev": 150, "idx": 0}, "geometry": {"type": "LineString", "coordinates": [[126.92799, 37.65944], [126.92868, 37.65944], [126.92902, 37.65972], [126.92906, 37.66], [126.9285, 37.66139], [126.92839, 37.6625], [126.92806, 37.66281], [126.92778, 37.66289], [126.92628, 37.66222], [126.92612, 37.66194], [126.92613, 37.66111], [126.92583, 37.66082], [126.92523, 37.66056], [126.92498, 37.66028], [126.92496, 37.66], [126.92518, 37.65972], [126.92556, 37.65961], [126.92694, 37.65983], [126.92799, 37.65944]]}}, {"type": "Feature", "properties": {"elev": 150, "idx": 0}, "geometry": {"type": "LineString", "coordinates": [[126.92304, 37.66167], [126.92417, 37.66144], [126.9245, 37.66167], [126.92446, 37.66194], [126.92421, 37.66222], [126.92359, 37.6625], [126.92278, 37.66265], [126.92224, 37.6625], [126.92222, 37.66222], [126.92247, 37.66194], [126.92304, 37.66167]]}}, {"type": "Feature", "properties": {"elev": 150, "idx": 0}, "geometry": {"type": "LineString", "coordinates": [[126.9364, 37.66167], [126.93694, 37.66145], [126.93722, 37.66146], [126.93748, 37.66167], [126.93751, 37.66194], [126.93726, 37.6625], [126.93712, 37.66444], [126.93722, 37.66476], [126.93778, 37.66527], [126.9386, 37.66556], [126.94028, 37.6657], [126.94167, 37.66542], [126.94222, 37.66548], [126.94253, 37.66583], [126.94265, 37.6675], [126.94306, 37.6679], [126.94361, 37.66794], [126.94472, 37.66752], [126.94611, 37.66744], [126.94639, 37.66755], [126.94672, 37.66833], [126.94679, 37.66944], [126.94733, 37.67056], [126.94758, 37.67139], [126.94806, 37.67159], [126.95056, 37.67192], [126.95111, 37.67213], [126.95128, 37.6725], [126.95131, 37.67333], [126.95177, 37.67417], [126.95163, 37.67528], [126.95179, 37.67556], [126.95278, 37.67626], [126.95311, 37.67694], [126.95284, 37.6775], [126.95195, 37.67833], [126.95205, 37.67861], [126.95333, 37.6794], [126.95447, 37.67917], [126.95579, 37.68028], [126.95613, 37.68083], [126.956, 37.68306], [126.95824, 37.68472], [126.95913, 37.68583], [126.95932, 37.68639], [126.95929, 37.6875], [126.95942, 37.68778], [126.96083, 37.68832], [126.96139, 37.68949], [126.96455, 37.69194], [126.96504, 37.6925], [126.9652, 37.69333], [126.96422, 37.69472], [126.96374, 37.69583], [126.96366, 37.69639], [126.96389, 37.69677], [126.9651, 37.6975], [126.96686, 37.70028], [126.96694, 37.70056], [126.96671, 37.70194], [126.96733, 37.7025], [126.96789, 37.70389], [126.96804, 37.705], [126.96842, 37.70611], [126.96824, 37.70722], [126.968, 37.70778], [126.9675, 37.70797], [126.96583, 37.70803], [126.9655, 37.70833], [126.96543, 37.70861], [126.96555, 37.70889], [126.96641, 37.71], [126.96651, 37.71056], [126.96639, 37.71065], [126.96278, 37.71069], [126.95889, 37.71159], [126.95611, 37.7115], [126.95583, 37.71135], [126.95556, 37.71087], [126.95552, 37.71056], [126.9559, 37.70806], [126.95578, 37.70778], [126.95455, 37.70667], [126.95408, 37.70556], [126.95448, 37.70389], [126.95444, 37.70346], [126.95417, 37.7034], [126.95333, 37.70379], [126.9525, 37.70399], [126.95111, 37.70409], [126.95056, 37.70396], [126.95038, 37.70361], [126.95036, 37.70306], [126.95078, 37.70167], [126.94949, 37.7], [126.94938, 37.69917], [126.94889, 37.69892], [126.94739, 37.69861], [126.94738, 37.69833], [126.94766, 37.69778], [126.9475, 37.69639], [126.94836, 37.69417], [126.94836, 37.69389], [126.94811, 37.69361], [126.94778, 37.69346], [126.94722, 37.6935], [126.94583, 37.69432], [126.94472, 37.69465], [126.94417, 37.69465], [126.94389, 37.69453], [126.94331, 37.69389], [126.9429, 37.69306], [126.9425, 37.69284], [126.93972, 37.69462], [126.93917, 37.69482], [126.93861, 37.69482], [126.93827, 37.69444], [126.93833, 37.693], [126.93808, 37.69278], [126.93729, 37.6925], [126.93661, 37.69167], [126.93569, 37.69111], [126.93518, 37.69056], [126.9348, 37.68972], [126.93445, 37.68806], [126.93468, 37.68778], [126.9356, 37.68722], [126.93568, 37.68694], [126.93559, 37.68667], [126.93539, 37.68639], [126.93289, 37.68472], [126.93266, 37.68389], [126.9329, 37.68361], [126.93417, 37.68291], [126.93471, 37.68222], [126.93474, 37.68194], [126.93167, 37.68179], [126.93104, 37.68139], [126.93089, 37.68083], [126.93149, 37.67917], [126.93251, 37.6775], [126.93306, 37.67722], [126.93444, 37.67693], [126.93583, 37.67722], [126.93698, 37.67583], [126.93761, 37.67528], [126.93768, 37.675], [126.93694, 37.67444], [126.93333, 37.6736], [126.93278, 37.67368], [126.93139, 37.67435], [126.92944, 37.67426], [126.92875, 37.67389], [126.9277, 37.6725], [126.92694, 37.6722], [126.92444, 37.67179], [126.92417, 37.67162], [126.92404, 37.67111], [126.92449, 37.67], [126.92639, 37.66887], [126.92722, 37.66904], [126.92861, 37.66907], [126.92937, 37.66972], [126.93083, 37.67015], [126.93194, 37.66991], [126.93222, 37.66974], [126.93215, 37.66917], [126.93259, 37.66806], [126.93244, 37.66778], [126.93111, 37.66763], [126.92972, 37.66649], [126.92833, 37.66656], [126.92612, 37.66583], [126.92597, 37.66556], [126.92667, 37.66484], [126.92833, 37.66471], [126.93028, 37.66565], [126.93167, 37.66595], [126.9325, 37.66551], [126.93306, 37.66504], [126.93336, 37.66444], [126.93385, 37.66389], [126.93389, 37.66333], [126.93486, 37.66222], [126.9364, 37.66167]]}}, {"type": "Feature", "properties": {"elev": 150, "idx": 0}, "geometry": {"type": "LineString", "coordinates": [[126.91886, 37.69472], [126.91917, 37.69463], [126.91972, 37.69482], [126.92083, 37.69556], [126.92147, 37.69583], [126.92162, 37.69611], [126.92155, 37.69667], [126.92175, 37.6975], [126.92322, 37.7], [126.92322, 37.70139], [126.92301, 37.70194], [126.9225, 37.70238], [126.92222, 37.70243], [126.92144, 37.70222], [126.92088, 37.70167], [126.92077, 37.70139], [126.92103, 37.70028], [126.92092, 37.7], [126.91989, 37.69889], [126.91957, 37.69806], [126.91841, 37.69611], [126.91837, 37.69556], [126.9186, 37.695], [126.91886, 37.69472]]}}, {"type": "Feature", "properties": {"elev": 150, "idx": 0}, "geometry": {"type": "LineString", "coordinates": [[126.90942, 37.70194], [126.90954, 37.70194], [126.90942, 37.70194]]}}, {"type": "Feature", "properties": {"elev": 150, "idx": 0}, "geometry": {"type": "LineString", "coordinates": [[126.90969, 37.70222], [126.90972, 37.70212], [126.91028, 37.70239], [126.91075, 37.70306], [126.91111, 37.70319], [126.91194, 37.70314], [126.91361, 37.70246], [126.91376, 37.7025], [126.91376, 37.70306], [126.9135, 37.70417], [126.91264, 37.70472], [126.91222, 37.70528], [126.91139, 37.70557], [126.91111, 37.70536], [126.91039, 37.70417], [126.90946, 37.70361], [126.90925, 37.70333], [126.90923, 37.70306], [126.90969, 37.70222]]}}, {"type": "Feature", "properties": {"elev": 150, "idx": 0}, "geometry": {"type": "LineString", "coordinates": [[126.9726, 37.70444], [126.97278, 37.70426], [126.97306, 37.70435], [126.97333, 37.7047], [126.97333, 37.70565], [126.97298, 37.70556], [126.97261, 37.70472], [126.9726, 37.70444]]}}, {"type": "Feature", "properties": {"elev": 150, "idx": 0}, "geometry": {"type": "LineString", "coordinates": [[126.92248, 37.70472], [126.9225, 37.70444], [126.92306, 37.70457], [126.92323, 37.70472], [126.92317, 37.70528], [126.92472, 37.70636], [126.92528, 37.70646], [126.92694, 37.70633], [126.92727, 37.70639], [126.92759, 37.70667], [126.9277, 37.70861], [126.92833, 37.70997], [126.92913, 37.71056], [126.92917, 37.71083], [126.92803, 37.71139], [126.92765, 37.71194], [126.92734, 37.71278], [126.92737, 37.71333], [126.92806, 37.71403], [126.92826, 37.71444], [126.92825, 37.71528], [126.92791, 37.71583], [126.92694, 37.71607], [126.92583, 37.71616], [126.92417, 37.7155], [126.92398, 37.71583], [126.92375, 37.71722], [126.92361, 37.71746], [126.92333, 37.71746], [126.9225, 37.7174], [126.92194, 37.71694], [126.92167, 37.71692], [126.92111, 37.71713], [126.92056, 37.71701], [126.91958, 37.71639], [126.91889, 37.71561], [126.91778, 37.71505], [126.91694, 37.71518], [126.91611, 37.71582], [126.91583, 37.71589], [126.91556, 37.71556], [126.91548, 37.715], [126.91481, 37.71444], [126.91472, 37.71424], [126.91467, 37.71278], [126.91404, 37.71139], [126.91333, 37.71136], [126.91231, 37.71194], [126.91139, 37.71212], [126.91083, 37.71202], [126.91025, 37.71139], [126.91018, 37.71111], [126.91052, 37.71056], [126.91062, 37.70972], [126.91136, 37.70861], [126.91143, 37.70778], [126.91167, 37.70752], [126.91222, 37.70743], [126.91333, 37.70762], [126.91472, 37.70713], [126.915, 37.70721], [126.91556, 37.70786], [126.91615, 37.70806], [126.91694, 37.70886], [126.91806, 37.70933], [126.91889, 37.70985], [126.91986, 37.71083], [126.92056, 37.71116], [126.92111, 37.71104], [126.92178, 37.71056], [126.92205, 37.71], [126.92174, 37.70889], [126.92188, 37.70806], [126.9218, 37.70778], [126.92075, 37.70694], [126.92111, 37.70666], [126.92222, 37.70683], [126.92256, 37.70667], [126.92263, 37.70583], [126.92293, 37.70528], [126.92248, 37.70472]]}}, {"type": "Feature", "properties": {"elev": 150, "idx": 0}, "geometry": {"type": "LineString", "coordinates": [[126.94127, 37.70583], [126.94139, 37.70566], [126.94167, 37.70568], [126.94222, 37.70596], [126.94333, 37.70624], [126.94361, 37.70658], [126.94413, 37.70806], [126.94534, 37.70917], [126.94605, 37.71083], [126.94667, 37.71128], [126.94789, 37.71167], [126.94836, 37.71194], [126.94841, 37.71306], [126.94827, 37.71361], [126.94769, 37.71417], [126.94712, 37.715], [126.94585, 37.71611], [126.94568, 37.71639], [126.94557, 37.71722], [126.94586, 37.71778], [126.94583, 37.7182], [126.94555, 37.71806], [126.9455, 37.71722], [126.94472, 37.71698], [126.94411, 37.71639], [126.94402, 37.71583], [126.94415, 37.715], [126.94389, 37.71439], [126.94309, 37.71361], [126.94222, 37.71314], [126.94195, 37.71278], [126.94195, 37.71167], [126.94182, 37.71111], [126.94217, 37.71028], [126.94225, 37.70972], [126.94214, 37.70944], [126.94122, 37.70889], [126.94108, 37.70861], [126.94134, 37.70778], [126.94121, 37.70667], [126.94127, 37.70583]]}}, {"type": "Feature", "properties": {"elev": 150, "idx": 0}, "geometry": {"type": "LineString", "coordinates": [[127.07972, 37.72201], [127.07833, 37.72273], [127.07722, 37.72257], [127.07694, 37.72267], [127.07611, 37.72321], [127.07417, 37.72321], [127.07194, 37.72361], [127.06917, 37.72319], [127.06694, 37.72361], [127.06556, 37.72303], [127.065, 37.72262], [127.06486, 37.72222], [127.06485, 37.72111], [127.065, 37.72067], [127.06528, 37.72053], [127.06583, 37.72049], [127.06722, 37.72094], [127.06778, 37.72093], [127.06829, 37.72056], [127.06847, 37.72], [127.06833, 37.71964], [127.06722, 37.71929], [127.06639, 37.71869], [127.06611, 37.7172], [127.065, 37.71715], [127.06468, 37.71694], [127.06427, 37.71556], [127.06439, 37.71472], [127.06405, 37.71389], [127.0641, 37.71222], [127.06472, 37.71142], [127.06549, 37.71111], [127.06578, 37.71083], [127.06593, 37.71], [127.06637, 37.70917], [127.06641, 37.70833], [127.06696, 37.70722], [127.06778, 37.70654], [127.06916, 37.70583], [127.06551, 37.70528], [127.06424, 37.70389], [127.06357, 37.70194], [127.06373, 37.70167], [127.06444, 37.70147], [127.06722, 37.70197], [127.06836, 37.70167], [127.06846, 37.70139], [127.06772, 37.70083], [127.06722, 37.69957], [127.06611, 37.69961], [127.06556, 37.69945], [127.0634, 37.69806], [127.06321, 37.69722], [127.06306, 37.69702], [127.06278, 37.6969], [127.06167, 37.69684], [127.06127, 37.69667], [127.06046, 37.695], [127.06034, 37.69444], [127.06077, 37.69306], [127.06041, 37.69222], [127.06052, 37.69194], [127.06083, 37.69169], [127.06194, 37.69143], [127.06389, 37.6921], [127.06409, 37.69194], [127.06407, 37.69028], [127.06426, 37.68972], [127.06432, 37.68889], [127.06476, 37.68833], [127.06396, 37.68722], [127.06417, 37.68705], [127.06528, 37.68687], [127.06667, 37.68716], [127.06694, 37.68713], [127.0675, 37.68679], [127.06806, 37.68676], [127.06917, 37.68706], [127.07028, 37.68764], [127.07145, 37.6875], [127.07113, 37.68639], [127.07028, 37.68597], [127.06943, 37.68528], [127.06912, 37.68417], [127.06846, 37.68333], [127.06819, 37.6825], [127.06759, 37.68167], [127.06751, 37.68111], [127.06778, 37.68046], [127.06806, 37.68032], [127.06944, 37.68014], [127.06975, 37.68], [127.06975, 37.67972], [127.06944, 37.67861], [127.06861, 37.67758], [127.06849, 37.67667], [127.06829, 37.67639], [127.06778, 37.67613], [127.06722, 37.67605], [127.06667, 37.67554], [127.06576, 37.675], [127.06563, 37.67472], [127.06558, 37.67333], [127.06472, 37.67198], [127.06464, 37.67167], [127.06469, 37.67139], [127.06528, 37.67058], [127.06583, 37.67036], [127.0665, 37.67056], [127.06704, 37.67222], [127.06722, 37.67245], [127.06744, 37.6725], [127.06889, 37.67208], [127.07028, 37.67238], [127.07194, 37.67244], [127.07306, 37.67221], [127.07389, 37.67238], [127.07444, 37.67273], [127.07556, 37.67394], [127.07639, 37.67426], [127.07782, 37.67556], [127.07824, 37.6775], [127.07797, 37.67861], [127.07828, 37.67917], [127.07861, 37.67916], [127.07972, 37.67843]]}}, {"type": "Feature", "properties": {"elev": 150, "idx": 0}, "geometry": {"type": "LineString", "coordinates": [[126.9, 37.72377], [126.90222, 37.72526], [126.90417, 37.7261], [126.90556, 37.7265], [126.90656, 37.72722], [126.90682, 37.72778], [126.90694, 37.72889], [126.9067, 37.73], [126.90706, 37.73056], [126.90823, 37.73139], [126.90833, 37.73222], [126.90847, 37.7325], [126.90936, 37.73306], [126.90928, 37.73389], [126.90941, 37.73444], [126.90929, 37.73472], [126.90856, 37.73528], [126.90846, 37.73556], [126.90872, 37.73611], [126.90889, 37.73687], [126.90977, 37.73722], [126.91021, 37.73806], [126.91111, 37.73855], [126.91154, 37.74], [126.91207, 37.74083], [126.91278, 37.74126], [126.91306, 37.7411], [126.91317, 37.74083], [126.91358, 37.73917], [126.91438, 37.73833], [126.91583, 37.738], [126.91694, 37.73815], [126.91727, 37.73806], [126.91738, 37.73778], [126.91714, 37.7375], [126.91667, 37.73728], [126.91583, 37.73716], [126.915, 37.7368], [126.91454, 37.73639], [126.91377, 37.73528], [126.91361, 37.73444], [126.91376, 37.73278], [126.91417, 37.73174], [126.91433, 37.73], [126.91452, 37.72944], [126.91445, 37.72889], [126.91306, 37.7273], [126.91194, 37.72696], [126.91117, 37.72611], [126.9108, 37.72444], [126.91015, 37.72361], [126.91019, 37.72278], [126.90993, 37.7225], [126.90899, 37.72194], [126.90854, 37.72111], [126.90778, 37.72046], [126.90778, 37.71999], [126.90861, 37.71932], [126.90891, 37.71944], [126.90873, 37.72028], [126.90891, 37.72056], [126.91083, 37.72156], [126.91139, 37.7221], [126.91361, 37.72293], [126.91472, 37.72253], [126.91556, 37.72187], [126.91667, 37.72213], [126.91694, 37.72209], [126.91806, 37.72136], [126.91889, 37.72178], [126.92, 37.72133], [126.92083, 37.72139], [126.92194, 37.72125], [126.92228, 37.72111], [126.92245, 37.72083], [126.92253, 37.71972], [126.92343, 37.71944], [126.92417, 37.71884], [126.92583, 37.7191], [126.9263, 37.71972], [126.92629, 37.72111], [126.92652, 37.72167], [126.92722, 37.72205], [126.92861, 37.72216], [126.92942, 37.7225], [126.92874, 37.72333], [126.9288, 37.72361], [126.93033, 37.72417], [126.93074, 37.72611], [126.93052, 37.72694], [126.93069, 37.72778], [126.93139, 37.72849], [126.93194, 37.72866], [126.93222, 37.72843], [126.93267, 37.7275], [126.93346, 37.72694], [126.93425, 37.725], [126.93388, 37.72333], [126.93311, 37.72194], [126.93272, 37.72056], [126.9328, 37.72], [126.9331, 37.71944], [126.93361, 37.71899], [126.93417, 37.71898], [126.935, 37.71921], [126.93611, 37.71991], [126.93793, 37.72139], [126.93797, 37.72194], [126.93768, 37.72278], [126.93824, 37.72444], [126.93817, 37.725], [126.93861, 37.72505], [126.93944, 37.72476], [126.94, 37.72397], [126.94083, 37.72326], [126.94139, 37.72298], [126.94194, 37.72298], [126.94333, 37.72362], [126.94425, 37.72389], [126.94449, 37.72417], [126.94422, 37.725], [126.94444, 37.72535], [126.945, 37.72558], [126.94639, 37.72572], [126.94722, 37.72662], [126.94861, 37.72719], [126.94914, 37.72778], [126.94914, 37.72833], [126.94769, 37.73], [126.94724, 37.73111], [126.94694, 37.73149], [126.94444, 37.73321], [126.94195, 37.73361], [126.94127, 37.73389], [126.94106, 37.73417], [126.94111, 37.73429], [126.94139, 37.73447], [126.9425, 37.7345], [126.94306, 37.73425], [126.945, 37.73418], [126.94556, 37.73399], [126.94694, 37.73318], [126.9475, 37.73305], [126.94806, 37.73311], [126.94948, 37.73417], [126.94993, 37.73472], [126.95001, 37.73722], [126.95056, 37.73794], [126.95327, 37.73889], [126.95444, 37.73914], [126.95481, 37.73944], [126.95503, 37.74], [126.95611, 37.74032], [126.95639, 37.74033], [126.95693, 37.74], [126.95696, 37.73972], [126.95648, 37.73889], [126.95591, 37.73861], [126.95472, 37.7384], [126.95417, 37.73813], [126.95307, 37.73722], [126.95235, 37.73611], [126.9525, 37.73574], [126.95374, 37.735], [126.9538, 37.73472], [126.95327, 37.73389], [126.95306, 37.73315], [126.95111, 37.73222], [126.95077, 37.73167], [126.95083, 37.73135], [126.95157, 37.73056], [126.95194, 37.72983], [126.95284, 37.72917], [126.95306, 37.72865], [126.95308, 37.72778], [126.95278, 37.72692], [126.9524, 37.72472], [126.95178, 37.72389], [126.95093, 37.72306], [126.9497, 37.72222], [126.94855, 37.72111], [126.94801, 37.72056], [126.94806, 37.72032], [126.94833, 37.72023], [126.94944, 37.72034], [126.95278, 37.72121], [126.95528, 37.72095], [126.95778, 37.72137], [126.95889, 37.72177], [126.95944, 37.72183], [126.96, 37.72169], [126.96027, 37.72139], [126.96032, 37.72111], [126.96019, 37.72083], [126.9588, 37.71944], [126.95773, 37.71861], [126.95761, 37.71778], [126.95772, 37.71556], [126.95794, 37.71528], [126.95972, 37.71482], [126.96111, 37.71418], [126.96361, 37.7142], [126.96444, 37.71435], [126.9656, 37.715], [126.96715, 37.71639], [126.96839, 37.71694], [126.96873, 37.7175], [126.96926, 37.71889], [126.96879, 37.71972], [126.96879, 37.72056], [126.96854, 37.72139], [126.96944, 37.7231], [126.96972, 37.72324], [126.97, 37.72315], [126.97098, 37.7225], [126.97139, 37.72205], [126.97194, 37.72182], [126.97222, 37.72192], [126.97254, 37.7225], [126.97394, 37.72361], [126.97405, 37.72556], [126.97494, 37.72611], [126.97551, 37.72694], [126.97557, 37.72722], [126.97537, 37.7275], [126.975, 37.72765], [126.97361, 37.72777], [126.97297, 37.72833], [126.97361, 37.72913], [126.97389, 37.72927], [126.975, 37.72925], [126.97583, 37.72872], [126.97639, 37.72873], [126.97691, 37.72917], [126.9772, 37.73], [126.97694, 37.73022], [126.97639, 37.73038], [126.97608, 37.73083], [126.9757, 37.73111], [126.97444, 37.73161], [126.9739, 37.7325], [126.97391, 37.73278], [126.97417, 37.73314], [126.97444, 37.73323], [126.97583, 37.733], [126.97644, 37.73333], [126.9765, 37.73389], [126.97627, 37.73444], [126.97585, 37.735], [126.97575, 37.73611], [126.97613, 37.73778], [126.97667, 37.7387], [126.97722, 37.73881], [126.97779, 37.73861], [126.97815, 37.73833], [126.97804, 37.7375], [126.97846, 37.73611], [126.97889, 37.73551], [126.97944, 37.73546], [126.98056, 37.73572], [126.98083, 37.73573], [126.98102, 37.73556], [126.98073, 37.73278], [126.98092, 37.73222], [126.98161, 37.73139], [126.98179, 37.73083], [126.9818, 37.73028], [126.98126, 37.72889], [126.98066, 37.72833], [126.98059, 37.72806], [126.98073, 37.7275], [126.98056, 37.72722], [126.97982, 37.72694], [126.97977, 37.72667], [126.98, 37.72638], [126.98194, 37.72532], [126.9825, 37.72483], [126.98276, 37.72417], [126.98264, 37.72333], [126.98273, 37.72306], [126.98333, 37.72256], [126.98417, 37.72241], [126.98556, 37.72255], [126.9875, 37.7235], [126.98832, 37.72417], [126.98848, 37.72444], [126.98848, 37.725], [126.9881, 37.72639], [126.9883, 37.72694], [126.98859, 37.72722], [126.98944, 37.72735], [126.99028, 37.72851], [126.99111, 37.72901], [126.99194, 37.72934], [126.9927, 37.73028], [126.99333, 37.73031], [126.99389, 37.73009], [126.99472, 37.73027], [126.995, 37.73005], [126.99494, 37.72972], [126.9942, 37.72861], [126.99189, 37.72611], [126.99183, 37.72583], [126.99222, 37.72549], [126.9925, 37.72544], [126.99306, 37.72569], [126.99343, 37.72556], [126.99318, 37.72528], [126.99278, 37.72519], [126.99221, 37.72472], [126.9913, 37.72444], [126.99096, 37.72417], [126.99102, 37.72389], [126.99208, 37.72222], [126.99213, 37.72194], [126.99028, 37.72201], [126.98995, 37.72194], [126.98969, 37.72167], [126.98992, 37.72139], [126.99081, 37.72083], [126.99098, 37.72056], [126.99091, 37.72], [126.99056, 37.71956], [126.99028, 37.71943], [126.98889, 37.71954], [126.98833, 37.71972], [126.98796, 37.72], [126.9875, 37.72001], [126.98611, 37.71849], [126.985, 37.71775], [126.98417, 37.71755], [126.98333, 37.71776], [126.98293, 37.7175], [126.98276, 37.71694], [126.98284, 37.71667], [126.98333, 37.71611], [126.98338, 37.715], [126.98355, 37.71444], [126.98461, 37.71306], [126.98592, 37.71194], [126.98594, 37.71167], [126.98528, 37.71187], [126.98444, 37.71194], [126.98333, 37.71241], [126.98278, 37.71225], [126.98222, 37.71187], [126.98167, 37.71195], [126.98056, 37.71268], [126.98017, 37.71361], [126.97917, 37.71475], [126.97836, 37.715], [126.97778, 37.71547], [126.9775, 37.71551], [126.97639, 37.71529], [126.976, 37.715], [126.97616, 37.71361], [126.97532, 37.71278], [126.97491, 37.71167], [126.97415, 37.71083], [126.9741, 37.71028], [126.97434, 37.70944], [126.97522, 37.70889], [126.97583, 37.70821], [126.97839, 37.70889], [126.97859, 37.70861], [126.97866, 37.70778], [126.97893, 37.70722], [126.97944, 37.70698], [126.98056, 37.70701], [126.98139, 37.70688], [126.98167, 37.70678], [126.98179, 37.70639], [126.98028, 37.70525], [126.97889, 37.705], [126.97806, 37.7047], [126.97738, 37.70389], [126.97723, 37.70278], [126.97708, 37.7025], [126.97564, 37.70139], [126.97566, 37.70111], [126.97611, 37.70082], [126.9775, 37.70098], [126.97782, 37.70083], [126.97811, 37.69944], [126.97812, 37.69861], [126.9782, 37.69833], [126.9785, 37.69806], [126.97833, 37.69797], [126.9775, 37.69834], [126.97722, 37.69917], [126.97694, 37.69941], [126.97667, 37.69945], [126.97528, 37.69891], [126.97472, 37.69856], [126.97389, 37.69854], [126.97278, 37.69881], [126.9725, 37.69881], [126.97211, 37.69861], [126.97185, 37.69833], [126.97178, 37.69806], [126.97216, 37.69722], [126.97214, 37.69694], [126.97056, 37.6963], [126.96939, 37.69528], [126.96917, 37.695], [126.96911, 37.69417], [126.9685, 37.69333], [126.96833, 37.69249], [126.96778, 37.6922], [126.96583, 37.6921], [126.96451, 37.69056], [126.96422, 37.68944], [126.96444, 37.68931], [126.96472, 37.68938], [126.96556, 37.68983], [126.96583, 37.68966], [126.96578, 37.68889], [126.96547, 37.68806], [126.9657, 37.68722], [126.96487, 37.68639], [126.96478, 37.68611], [126.96507, 37.685], [126.96383, 37.68472], [126.9635, 37.68444], [126.96341, 37.68417], [126.96352, 37.68361], [126.96423, 37.68306], [126.96348, 37.68194], [126.96337, 37.68056], [126.96353, 37.68028], [126.96444, 37.67959], [126.96636, 37.67861], [126.96674, 37.67778], [126.96702, 37.6775], [126.96778, 37.6772], [126.96861, 37.6771], [126.96972, 37.67722], [126.97083, 37.67688], [126.97194, 37.67708], [126.97278, 37.6766], [126.97411, 37.67611], [126.97431, 37.67583], [126.97278, 37.67554], [126.97194, 37.67494], [126.97028, 37.6748], [126.96951, 37.67444], [126.96861, 37.67434], [126.96806, 37.67402], [126.96694, 37.67398], [126.96611, 37.67374], [126.96528, 37.6742], [126.96417, 37.67446], [126.96372, 37.67444], [126.96345, 37.67417], [126.96359, 37.67361], [126.96347, 37.67333], [126.96278, 37.67328], [126.96194, 37.67351], [126.96124, 37.67333], [126.96109, 37.67306], [126.96112, 37.67056], [126.95974, 37.66722], [126.95986, 37.66639], [126.95945, 37.66611], [126.95833, 37.66572], [126.95694, 37.66556], [126.95611, 37.6656], [126.95555, 37.66528], [126.95556, 37.665], [126.95579, 37.66472], [126.95672, 37.66389], [126.95657, 37.66306], [126.95748, 37.66222], [126.95737, 37.66194], [126.95626, 37.66111], [126.95606, 37.66083], [126.95624, 37.66], [126.95532, 37.65889], [126.95502, 37.6575], [126.95525, 37.65722], [126.95722, 37.65664], [126.95819, 37.65611], [126.95866, 37.65556], [126.95876, 37.65528], [126.95868, 37.655], [126.95667, 37.6549], [126.9557, 37.65389], [126.95548, 37.65306], [126.95431, 37.65194], [126.95322, 37.65167], [126.95148, 37.65083], [126.95163, 37.65028], [126.95234, 37.64917], [126.95222, 37.64895], [126.95139, 37.64872], [126.95056, 37.6481], [126.94946, 37.6475], [126.9492, 37.64722], [126.94886, 37.64556], [126.94855, 37.64472], [126.94862, 37.64444], [126.94917, 37.64406], [126.95028, 37.64414], [126.95056, 37.64404], [126.95271, 37.6425], [126.95263, 37.64222], [126.95167, 37.64198], [126.95, 37.6421], [126.94917, 37.64172], [126.94806, 37.64142], [126.94773, 37.64111], [126.94766, 37.64056], [126.94826, 37.63944], [126.94818, 37.63861], [126.94933, 37.63667], [126.94861, 37.63631], [126.94778, 37.63658], [126.9475, 37.63655], [126.94669, 37.63583], [126.94611, 37.63503], [126.945, 37.63569], [126.94333, 37.63569], [126.94228, 37.63472], [126.94207, 37.63389], [126.94183, 37.63361], [126.94083, 37.63298], [126.94028, 37.63306], [126.94001, 37.63333], [126.93972, 37.63401], [126.93917, 37.63461], [126.93889, 37.63463], [126.93862, 37.63444], [126.93857, 37.63333], [126.93842, 37.63278], [126.93806, 37.63239], [126.93742, 37.63222], [126.93731, 37.63194], [126.93806, 37.6319], [126.93917, 37.63207], [126.93972, 37.63189], [126.93998, 37.63167], [126.94024, 37.63111], [126.94029, 37.62889], [126.93988, 37.6275], [126.93917, 37.62699], [126.93861, 37.62626], [126.93833, 37.62572], [126.9383, 37.62528], [126.93861, 37.62492], [126.93972, 37.62441], [126.94024, 37.62389], [126.9405, 37.62333], [126.94017, 37.62278], [126.94015, 37.62194], [126.94, 37.62181], [126.93889, 37.62213], [126.93833, 37.62197], [126.93815, 37.62167], [126.93786, 37.62], [126.9381, 37.61833], [126.93798, 37.61694], [126.93659, 37.61528], [126.93664, 37.615], [126.93694, 37.61472], [126.93833, 37.61422], [126.93861, 37.6142], [126.93972, 37.61464], [126.94083, 37.61425], [126.94222, 37.61448], [126.94333, 37.61402], [126.94417, 37.61387], [126.945, 37.61456], [126.94556, 37.61459], [126.94583, 37.61443], [126.94643, 37.61361], [126.94692, 37.61222], [126.94722, 37.61203], [126.94778, 37.61233], [126.94792, 37.6125], [126.94811, 37.61333], [126.94889, 37.61394], [126.94917, 37.61395], [126.94944, 37.61378], [126.94973, 37.61333], [126.94988, 37.61222], [126.94947, 37.61139], [126.94942, 37.60972], [126.94917, 37.60928], [126.94889, 37.60909], [126.94833, 37.60901], [126.94722, 37.6092], [126.94673, 37.60917], [126.94598, 37.60806], [126.94472, 37.6071], [126.94361, 37.60708], [126.94222, 37.60656], [126.94194, 37.60656], [126.94111, 37.60692], [126.94058, 37.60667], [126.94, 37.60616], [126.93993, 37.60583], [126.94013, 37.60444], [126.94033, 37.60389], [126.94014, 37.60361], [126.93966, 37.60333], [126.9396, 37.60194], [126.93972, 37.60161], [126.94, 37.60136], [126.94111, 37.60069], [126.94141, 37.60083], [126.94133, 37.60139], [126.94143, 37.60167], [126.94278, 37.60239], [126.94361, 37.6026], [126.94556, 37.60357], [126.94611, 37.60401], [126.94667, 37.60473], [126.94754, 37.60528], [126.94806, 37.60614], [126.95, 37.60711], [126.95083, 37.60704], [126.95188, 37.60611], [126.9523, 37.605], [126.95279, 37.60444], [126.95312, 37.60333], [126.95333, 37.60301], [126.95389, 37.60305], [126.95444, 37.60331], [126.95583, 37.60331], [126.95644, 37.60361], [126.95656, 37.60389], [126.95598, 37.60444], [126.95577, 37.605], [126.95455, 37.60667], [126.95435, 37.6075], [126.95331, 37.60889], [126.95334, 37.60944], [126.95382, 37.61056], [126.95388, 37.61111], [126.95478, 37.61194], [126.9546, 37.61278], [126.95401, 37.61389], [126.95444, 37.61595], [126.95667, 37.61479], [126.95711, 37.61417], [126.95729, 37.61333], [126.95778, 37.61296], [126.95833, 37.61319], [126.95972, 37.61445], [126.96028, 37.61464], [126.96, 37.61306], [126.95929, 37.61222], [126.95862, 37.61083], [126.95864, 37.61056], [126.95944, 37.6096], [126.96074, 37.60917], [126.96176, 37.60806], [126.96222, 37.60782], [126.96278, 37.60786], [126.96444, 37.609], [126.96465, 37.60944], [126.96469, 37.61056], [126.9648, 37.61083], [126.96583, 37.61154], [126.96667, 37.61255], [126.96694, 37.6127], [126.96722, 37.61264], [126.96757, 37.61222], [126.96763, 37.61194], [126.96742, 37.61111], [126.968, 37.60917], [126.96833, 37.60898], [126.96944, 37.60914], [126.97028, 37.60871], [126.97083, 37.60877], [126.97147, 37.60917], [126.97176, 37.61], [126.9726, 37.61139], [126.97361, 37.61144], [126.97444, 37.61183], [126.97528, 37.61114], [126.97583, 37.61096], [126.97778, 37.61152], [126.97784, 37.61139], [126.97861, 37.61109], [126.97872, 37.61], [126.97925, 37.60917], [126.9792, 37.60889], [126.97833, 37.60861], [126.97787, 37.60833], [126.97779, 37.60806], [126.9779, 37.60722], [126.97778, 37.60701], [126.97747, 37.60694], [126.97639, 37.6076], [126.97556, 37.60764], [126.97528, 37.60746], [126.97484, 37.60639], [126.97444, 37.6059], [126.97333, 37.60575], [126.97167, 37.6049], [126.97144, 37.60472], [126.97139, 37.60413], [126.97056, 37.60389], [126.96917, 37.60414], [126.96889, 37.60402], [126.96877, 37.60361], [126.96924, 37.6025], [126.96925, 37.60222], [126.96904, 37.60194], [126.96861, 37.60184], [126.96722, 37.60185], [126.96692, 37.60167], [126.9668, 37.60139], [126.96749, 37.6], [126.96736, 37.59944], [126.96694, 37.59909], [126.96639, 37.5991], [126.96556, 37.59936], [126.96524, 37.59917], [126.96528, 37.59861], [126.96549, 37.59833], [126.96644, 37.59778], [126.96664, 37.5975], [126.96612, 37.59667], [126.96617, 37.59583], [126.96667, 37.5953], [126.9675, 37.59502], [126.96806, 37.59494], [126.96889, 37.5951], [126.9691, 37.595], [126.9692, 37.59472], [126.96903, 37.59444], [126.96789, 37.59361], [126.96786, 37.59333], [126.96834, 37.59278], [126.96889, 37.59258], [126.96972, 37.59269], [126.97028, 37.59258], [126.97147, 37.59111], [126.97222, 37.59054], [126.97528, 37.58936], [126.97583, 37.58944], [126.97623, 37.58972], [126.9765, 37.59028], [126.97705, 37.59083], [126.97727, 37.59194], [126.97778, 37.59222], [126.97889, 37.59216], [126.97899, 37.59222], [126.97893, 37.59306], [126.98, 37.59341], [126.98083, 37.59384], [126.98222, 37.59375], [126.98444, 37.59292], [126.98611, 37.59166], [126.9875, 37.59101], [126.98833, 37.5895], [126.98889, 37.58929], [126.98944, 37.58929], [126.98976, 37.58944], [126.99007, 37.59028], [126.99072, 37.59111], [126.99087, 37.59139], [126.9908, 37.59167], [126.98986, 37.59222], [126.98972, 37.59285], [126.9879, 37.59389], [126.98761, 37.59444], [126.98456, 37.59556], [126.98366, 37.59611], [126.98358, 37.59639], [126.98444, 37.59691], [126.98556, 37.59688], [126.98639, 37.5974], [126.98708, 37.5975], [126.98778, 37.59792], [126.98944, 37.59797], [126.99083, 37.59821], [126.99116, 37.59861], [126.99117, 37.59944], [126.99137, 37.6], [126.99132, 37.60083], [126.99167, 37.60107], [126.9925, 37.60061], [126.99361, 37.6009], [126.99528, 37.60064], [126.99667, 37.60093], [126.99722, 37.60082], [126.99806, 37.60043], [126.99917, 37.60043], [126.99947, 37.60028], [127.0, 37.59952], [127.00111, 37.59909], [127.00191, 37.59806], [127.0026, 37.5975], [127.00389, 37.59679], [127.00511, 37.59639], [127.00545, 37.59583], [127.00582, 37.59556], [127.00616, 37.59556], [127.00649, 37.59611], [127.00649, 37.59639], [127.00592, 37.59694], [127.00515, 37.59833], [127.00391, 37.59972], [127.00375, 37.60028], [127.00378, 37.60083], [127.00167, 37.60266], [127.00111, 37.60296], [127.0, 37.60328], [126.99972, 37.60317], [126.99946, 37.6025], [126.99917, 37.60235], [126.99778, 37.60263], [126.9975, 37.60285], [126.99722, 37.60354], [126.99654, 37.60389], [126.99583, 37.60449], [126.99528, 37.60472], [126.99444, 37.60465], [126.99417, 37.60474], [126.99306, 37.60516], [126.99269, 37.60556], [126.99275, 37.60611], [126.99246, 37.60667], [126.99239, 37.60722], [126.99184, 37.60806], [126.99161, 37.60889], [126.99109, 37.60972], [126.99087, 37.61083], [126.99013, 37.61139], [126.99002, 37.61167], [126.99083, 37.61302], [126.99207, 37.61361], [126.99247, 37.61444], [126.99278, 37.61456], [126.99392, 37.61417], [126.99611, 37.61295], [126.99667, 37.61308], [126.99742, 37.61361], [126.99736, 37.61583], [126.99694, 37.6172], [126.99611, 37.61793], [126.99568, 37.61889], [126.99548, 37.61972], [126.99507, 37.62028], [126.99556, 37.62044], [126.99583, 37.62037], [126.99667, 37.61972], [126.99722, 37.61956], [126.99861, 37.61996], [126.99944, 37.62002], [127.00083, 37.62076], [127.00194, 37.622], [127.00222, 37.62209], [127.00265, 37.62167], [127.00333, 37.62002], [127.00417, 37.61918], [127.005, 37.61894], [127.00583, 37.61841], [127.00611, 37.61843], [127.00694, 37.61916], [127.0075, 37.61907], [127.00791, 37.61917], [127.0081, 37.61944], [127.00833, 37.62062], [127.00936, 37.62167], [127.00992, 37.6225], [127.01111, 37.62299], [127.01125, 37.62333], [127.01106, 37.62389], [127.01055, 37.62444], [127.01015, 37.62528], [127.00972, 37.62569], [127.00917, 37.62589], [127.00806, 37.62591], [127.00722, 37.62623], [127.00558, 37.62639], [127.00475, 37.62694], [127.00466, 37.6275], [127.005, 37.62811], [127.00528, 37.62819], [127.00644, 37.62806], [127.00778, 37.62868], [127.00795, 37.62889], [127.00785, 37.62917], [127.00549, 37.63111], [127.00561, 37.63278], [127.005, 37.63445], [127.00472, 37.63467], [127.00444, 37.63467], [127.00333, 37.63437], [127.00259, 37.63472], [127.00255, 37.63528], [127.00213, 37.63583], [127.00205, 37.63639], [127.00222, 37.63673], [127.00306, 37.63698], [127.00322, 37.6375], [127.00306, 37.63806], [127.00256, 37.63861], [127.00221, 37.63944], [127.00194, 37.63973], [127.00056, 37.64025], [127.00012, 37.64056], [126.99936, 37.64194], [126.99993, 37.64361], [127.00048, 37.64417], [127.00045, 37.64444], [126.99987, 37.645], [126.99984, 37.64556], [127.0, 37.64571], [127.00094, 37.64583], [127.00115, 37.64611], [127.00138, 37.64694], [127.00189, 37.6475], [127.00234, 37.64917], [127.00217, 37.65], [127.00222, 37.65039], [127.00289, 37.65167], [127.0035, 37.6525], [127.00391, 37.65444], [127.00394, 37.65556], [127.00453, 37.65611], [127.00465, 37.65639], [127.00466, 37.65722], [127.00444, 37.65785], [127.00389, 37.65785], [127.0028, 37.6575], [127.00139, 37.65681], [127.0012, 37.65694], [127.00114, 37.65722], [127.0015, 37.65806], [127.00159, 37.65889], [127.00212, 37.65972], [127.00276, 37.66028], [127.00284, 37.66111], [127.00361, 37.66133], [127.00388, 37.66167], [127.0038, 37.66278], [127.00394, 37.66389], [127.0037, 37.66472], [127.00422, 37.66611], [127.00496, 37.66667], [127.00514, 37.66694], [127.0051, 37.66778], [127.00561, 37.66889], [127.00546, 37.66944], [127.00513, 37.67], [127.00406, 37.67056], [127.00389, 37.67083], [127.00392, 37.67194], [127.0043, 37.67278], [127.00406, 37.67389], [127.00411, 37.67417], [127.00444, 37.67441], [127.00528, 37.67431], [127.00667, 37.67353], [127.00778, 37.67257], [127.00861, 37.67136], [127.00972, 37.67049], [127.01, 37.67057], [127.01057, 37.67139], [127.01111, 37.67175], [127.01139, 37.67163], [127.01188, 37.67028], [127.01222, 37.67], [127.01417, 37.67009], [127.01521, 37.67028], [127.01538, 37.67], [127.01511, 37.66917], [127.01521, 37.66889], [127.01639, 37.66869], [127.01696, 37.66806], [127.0175, 37.66782], [127.01889, 37.66789], [127.02028, 37.66871], [127.02167, 37.66889], [127.02258, 37.66972], [127.02375, 37.67028], [127.02531, 37.67194], [127.02556, 37.67253], [127.02333, 37.67351], [127.0225, 37.67331], [127.02111, 37.67326], [127.02024, 37.67361], [127.01934, 37.67472], [127.0193, 37.675], [127.01975, 37.67611], [127.0195, 37.67667], [127.01964, 37.67694], [127.02096, 37.67778], [127.02138, 37.67833], [127.02221, 37.67889], [127.02278, 37.67954], [127.02359, 37.68], [127.02389, 37.68102], [127.02489, 37.68139], [127.02543, 37.68222], [127.02583, 37.68319], [127.02778, 37.68376], [127.02868, 37.68389], [127.02907, 37.68417], [127.02909, 37.68472], [127.02886, 37.68556], [127.02909, 37.68611], [127.02828, 37.68722], [127.02674, 37.68778], [127.02691, 37.68861], [127.02722, 37.6888], [127.02806, 37.68895], [127.02917, 37.6896], [127.03, 37.68966], [127.03028, 37.68981], [127.03111, 37.69206], [127.03139, 37.69208], [127.0325, 37.69096], [127.03278, 37.69085], [127.03306, 37.691], [127.03336, 37.69167], [127.03337, 37.69278], [127.03306, 37.6931], [127.03194, 37.6932], [127.03175, 37.69361], [127.03179, 37.69389], [127.03215, 37.69444], [127.03225, 37.695], [127.03185, 37.69583], [127.03194, 37.69684], [127.03311, 37.69861], [127.0352, 37.7], [127.03537, 37.70083], [127.03556, 37.70102], [127.03694, 37.70103], [127.0375, 37.70124], [127.03778, 37.70167], [127.03796, 37.7025], [127.03798, 37.70278], [127.03778, 37.70298], [127.03722, 37.7032], [127.0352, 37.705], [127.0339, 37.70583], [127.03389, 37.70625], [127.03406, 37.70667], [127.03472, 37.70706], [127.035, 37.70748], [127.03497, 37.70833], [127.03531, 37.70917], [127.03529, 37.70944], [127.03472, 37.70971], [127.03423, 37.71028], [127.03333, 37.7108], [127.03324, 37.71111], [127.03329, 37.71167], [127.0331, 37.7125], [127.03355, 37.71361], [127.03354, 37.71389], [127.03318, 37.71444], [127.03318, 37.71472], [127.03347, 37.71528], [127.03322, 37.71639], [127.03338, 37.71722], [127.03432, 37.71833], [127.034, 37.71917], [127.03414, 37.72], [127.03389, 37.72034], [127.0325, 37.7209], [127.03217, 37.72083], [127.03079, 37.71972], [127.03028, 37.71947], [127.02927, 37.71972], [127.029, 37.72], [127.02912, 37.72056], [127.02881, 37.72111], [127.02944, 37.72223], [127.03083, 37.72309], [127.03101, 37.72361], [127.03097, 37.72472], [127.03083, 37.72516], [127.03028, 37.72585], [127.0289, 37.72667], [127.02891, 37.72694], [127.0295, 37.7275], [127.02971, 37.72806], [127.02895, 37.72889], [127.0289, 37.73], [127.02857, 37.73056], [127.02858, 37.73139], [127.02811, 37.73278], [127.0275, 37.73304], [127.02556, 37.7324], [127.02501, 37.73194], [127.02458, 37.73111], [127.02389, 37.73053], [127.02333, 37.73029], [127.023, 37.73056], [127.02276, 37.73139], [127.0225, 37.73153], [127.02139, 37.73154], [127.02056, 37.73099], [127.02028, 37.7311], [127.01979, 37.73167], [127.01991, 37.73194], [127.02028, 37.73219], [127.02222, 37.73293], [127.02268, 37.73333], [127.02332, 37.73472], [127.02331, 37.73583], [127.02362, 37.73667], [127.02361, 37.73698], [127.02333, 37.73698], [127.02291, 37.73639], [127.02139, 37.73544], [127.02083, 37.73548], [127.02, 37.73591], [127.01861, 37.73547], [127.01791, 37.735], [127.01755, 37.73417], [127.01722, 37.73397], [127.01639, 37.73407], [127.01556, 37.73451], [127.01528, 37.73453], [127.01306, 37.734], [127.01194, 37.73401], [127.01073, 37.73444], [127.01061, 37.735], [127.01028, 37.7352], [127.00983, 37.735], [127.00946, 37.73444], [127.00917, 37.73428], [127.00806, 37.73414], [127.00738, 37.73444], [127.0066, 37.73556], [127.00611, 37.73572], [127.00556, 37.73567], [127.00466, 37.73528], [127.00444, 37.735], [127.00417, 37.73425], [127.00389, 37.73407], [127.00306, 37.73414], [127.0025, 37.73398], [127.00111, 37.73295], [126.99889, 37.7321], [126.99833, 37.7317], [126.99803, 37.73167], [126.99787, 37.73194], [126.99833, 37.733], [126.99944, 37.73347], [127.00044, 37.73444], [127.00101, 37.73528], [127.00194, 37.73601], [127.00306, 37.73661], [127.00334, 37.73694], [127.00319, 37.73806], [127.00269, 37.73889], [127.00236, 37.74], [127.00194, 37.74058], [127.00194, 37.74091], [127.0025, 37.74143], [127.00278, 37.74158], [127.00294, 37.74083], [127.00345, 37.73972], [127.0041, 37.73889], [127.00556, 37.73827], [127.00655, 37.73833], [127.00806, 37.7391], [127.00944, 37.73959], [127.01145, 37.74], [127.01277, 37.74139], [127.014, 37.74194], [127.01472, 37.74286], [127.017, 37.74417], [127.01806, 37.74523], [127.01861, 37.74554], [127.01972, 37.74556], [127.02, 37.74571], [127.02083, 37.7464], [127.02145, 37.7475], [127.02291, 37.74806], [127.02305, 37.74833], [127.02278, 37.74875], [127.02167, 37.74935], [127.02028, 37.75062], [127.01972, 37.75092], [127.01889, 37.75084], [127.01778, 37.75106], [127.01645, 37.75083], [127.01583, 37.75018], [127.01528, 37.74997], [127.01389, 37.75034], [127.01368, 37.75056], [127.01359, 37.75111], [127.01323, 37.75194], [127.0133, 37.75222], [127.01357, 37.7525], [127.01421, 37.75278], [127.01409, 37.75306], [127.0125, 37.75394], [127.01056, 37.75414], [127.00972, 37.755], [127.00965, 37.75528], [127.01112, 37.75583], [127.01274, 37.75694], [127.01306, 37.75742], [127.01333, 37.7576], [127.01444, 37.75795], [127.01583, 37.75743], [127.01634, 37.7575], [127.0165, 37.75806], [127.01609, 37.76]]}}, {"type": "Feature", "properties": {"elev": 150, "idx": 0}, "geometry": {"type": "LineString", "coordinates": [[127.02801, 37.735], [127.02806, 37.73493], [127.02806, 37.73507], [127.02801, 37.735]]}}, {"type": "Feature", "properties": {"elev": 150, "idx": 0}, "geometry": {"type": "LineString", "coordinates": [[127.07358, 37.74083], [127.07417, 37.74065], [127.07472, 37.74065], [127.0755, 37.74111], [127.07565, 37.74139], [127.07547, 37.74222], [127.07528, 37.7424], [127.075, 37.74252], [127.07389, 37.74252], [127.07333, 37.74321], [127.07306, 37.74329], [127.07238, 37.74194], [127.07243, 37.74167], [127.07358, 37.74083]]}}, {"type": "Feature", "properties": {"elev": 150, "idx": 0}, "geometry": {"type": "LineString", "coordinates": [[126.91037, 37.76], [126.91103, 37.75944], [126.91117, 37.75917], [126.91104, 37.75889], [126.91043, 37.75833], [126.91037, 37.75806], [126.91048, 37.75778], [126.91104, 37.75722], [126.91103, 37.75694], [126.91042, 37.75583], [126.90997, 37.75528], [126.90986, 37.755], [126.90994, 37.75472], [126.91111, 37.75376], [126.91194, 37.75338], [126.91278, 37.75326], [126.91317, 37.75306], [126.91194, 37.75228], [126.91145, 37.75167], [126.91111, 37.75098], [126.91083, 37.75082], [126.91028, 37.75092], [126.90917, 37.75194], [126.90806, 37.75248], [126.90694, 37.75248], [126.90639, 37.7527], [126.90583, 37.75327], [126.90556, 37.75408], [126.90528, 37.75442], [126.90333, 37.75601], [126.90167, 37.7567], [126.90083, 37.75639], [126.9, 37.75647]]}}, {"type": "Feature", "properties": {"elev": 150, "idx": 0}, "geometry": {"type": "LineString", "coordinates": [[127.04978, 37.76], [127.05, 37.75919], [127.05028, 37.75908], [127.05111, 37.75914], [127.05155, 37.75861], [127.05194, 37.75837], [127.05278, 37.75833], [127.05361, 37.75879], [127.05444, 37.75892], [127.05497, 37.75861], [127.05583, 37.75762], [127.05611, 37.75762], [127.05639, 37.7578], [127.05701, 37.75917], [127.0575, 37.75953], [127.05889, 37.75958], [127.06083, 37.75995], [127.06167, 37.75984], [127.062, 37.76]]}}, {"type": "Feature", "properties": {"elev": 150, "idx": 0}, "geometry": {"type": "LineString", "coordinates": [[127.06306, 37.76], [127.06361, 37.75985], [127.06398, 37.76]]}}, {"type": "Feature", "properties": {"elev": 150, "idx": 0}, "geometry": {"type": "LineString", "coordinates": [[127.06531, 37.76], [127.06583, 37.75957], [127.06611, 37.7595], [127.06691, 37.76]]}}, {"type": "Feature", "properties": {"elev": 200, "idx": 1}, "geometry": {"type": "LineString", "coordinates": [[126.95948, 37.58028], [126.95877, 37.58167], [126.95877, 37.5825], [126.96111, 37.58541], [126.96167, 37.58576], [126.9625, 37.58596], [126.96289, 37.58722], [126.96271, 37.58778], [126.9625, 37.58791], [126.96167, 37.58797], [126.96028, 37.58891], [126.95977, 37.58944], [126.95961, 37.58972], [126.95958, 37.59111], [126.95858, 37.59278], [126.9588, 37.59361], [126.95861, 37.59417], [126.95722, 37.59385], [126.95694, 37.59296], [126.95662, 37.5925], [126.95646, 37.59167], [126.95683, 37.59083], [126.95683, 37.59056], [126.95639, 37.59007], [126.95556, 37.58957], [126.95524, 37.58889], [126.95553, 37.58806], [126.95616, 37.5875], [126.95653, 37.58694], [126.95637, 37.58639], [126.95495, 37.58528], [126.95533, 37.58472], [126.95521, 37.58361], [126.95528, 37.58318], [126.95637, 37.58222], [126.95653, 37.58194], [126.95653, 37.58111], [126.95619, 37.58056], [126.95619, 37.58028]]}}, {"type": "Feature", "properties": {"elev": 200, "idx": 1}, "geometry": {"type": "LineString", "coordinates": [[126.92786, 37.58833], [126.92828, 37.58833], [126.92845, 37.58861], [126.92848, 37.59056], [126.92866, 37.59139], [126.9291, 37.5925], [126.9291, 37.59278], [126.92889, 37.59299], [126.92861, 37.593], [126.92729, 37.59194], [126.92679, 37.59111], [126.92682, 37.59056], [126.92716, 37.59], [126.9275, 37.58879], [126.92786, 37.58833]]}}, {"type": "Feature", "properties": {"elev": 200, "idx": 1}, "geometry": {"type": "LineString", "coordinates": [[126.97426, 37.59056], [126.975, 37.59049], [126.97578, 37.59111], [126.9762, 37.5925], [126.97725, 37.59389], [126.97749, 37.59528], [126.97767, 37.59556], [126.98, 37.59525], [126.98144, 37.59528], [126.98158, 37.59556], [126.98112, 37.59639], [126.98141, 37.59722], [126.98122, 37.59806], [126.98136, 37.59833], [126.98278, 37.5991], [126.98389, 37.5991], [126.985, 37.59968], [126.98667, 37.59919], [126.98845, 37.59972], [126.98894, 37.60028], [126.98904, 37.60139], [126.98944, 37.60215], [126.99012, 37.60278], [126.99139, 37.60324], [126.99176, 37.60361], [126.99153, 37.60417], [126.99066, 37.605], [126.99054, 37.60556], [126.98989, 37.60639], [126.98978, 37.60722], [126.99027, 37.60806], [126.9901, 37.60861], [126.98972, 37.60904], [126.98889, 37.60956], [126.98803, 37.61111], [126.98819, 37.61194], [126.98818, 37.61278], [126.98885, 37.61333], [126.98894, 37.61361], [126.98881, 37.61444], [126.98839, 37.615], [126.98833, 37.61528], [126.98859, 37.61556], [126.98917, 37.61575], [126.98972, 37.61612], [126.99083, 37.61631], [126.99139, 37.61631], [126.99306, 37.616], [126.99361, 37.61575], [126.99444, 37.61511], [126.995, 37.61518], [126.99528, 37.61546], [126.99539, 37.61583], [126.99518, 37.61667], [126.99443, 37.61722], [126.99342, 37.61917], [126.99283, 37.61972], [126.99222, 37.62005], [126.99146, 37.62083], [126.99067, 37.62194], [126.99044, 37.6225], [126.99056, 37.62296], [126.99139, 37.62332], [126.99167, 37.62372], [126.99194, 37.62381], [126.99306, 37.62371], [126.99333, 37.62353], [126.9938, 37.62278], [126.99417, 37.62247], [126.99667, 37.62101], [126.99722, 37.62099], [126.99833, 37.62144], [126.99935, 37.62167], [127.00054, 37.62361], [127.00194, 37.624], [127.00292, 37.625], [127.00289, 37.62556], [127.00211, 37.62694], [127.00274, 37.62806], [127.00222, 37.62876], [127.00212, 37.62917], [127.00268, 37.63028], [127.00293, 37.63111], [127.00383, 37.63194], [127.0038, 37.6325], [127.00355, 37.63278], [127.00306, 37.63297], [127.00139, 37.63263], [127.00059, 37.63278], [127.00028, 37.633], [126.99984, 37.63389], [126.99966, 37.63472], [126.99902, 37.63556], [126.99917, 37.63605], [126.99972, 37.63663], [127.00005, 37.63833], [126.99972, 37.63858], [126.99722, 37.63869], [126.99694, 37.63888], [126.99741, 37.63972], [126.99748, 37.64056], [126.99687, 37.64139], [126.99714, 37.6425], [126.99778, 37.64288], [126.99809, 37.64333], [126.99822, 37.64472], [126.99848, 37.64583], [126.99808, 37.64667], [126.99862, 37.6475], [127.00006, 37.64806], [127.0001, 37.64917], [127.00069, 37.65139], [127.001, 37.65194], [127.00167, 37.65237], [127.00194, 37.65269], [127.00223, 37.65333], [127.00212, 37.65472], [127.00167, 37.65517], [127.00139, 37.65523], [126.99917, 37.65437], [126.99778, 37.65398], [126.9975, 37.65391], [126.99724, 37.65417], [126.99781, 37.655], [126.99768, 37.65583], [126.99799, 37.65611], [126.99912, 37.65667], [126.99938, 37.65722], [126.99917, 37.65762], [126.99776, 37.65806], [126.99788, 37.65833], [126.99913, 37.65944], [126.99944, 37.66028], [126.99999, 37.66083], [127.00025, 37.66139], [127.00096, 37.66194], [127.00138, 37.6625], [127.00176, 37.66361], [127.00139, 37.66472], [127.00146, 37.66667], [127.00167, 37.66695], [127.00272, 37.6675], [127.00289, 37.66778], [127.00281, 37.66889], [127.0023, 37.66972], [127.00222, 37.67056], [127.00194, 37.67097], [127.00117, 37.67139], [127.00096, 37.67167], [127.00196, 37.67306], [127.00213, 37.67361], [127.00209, 37.67444], [127.00162, 37.675], [127.00176, 37.67556], [127.00167, 37.67639], [127.00222, 37.67727], [127.0025, 37.67737], [127.00306, 37.67725], [127.00389, 37.67647], [127.00611, 37.67575], [127.00694, 37.67517], [127.00778, 37.67519], [127.00806, 37.67505], [127.00851, 37.67417], [127.00917, 37.67368], [127.00944, 37.67322], [127.00972, 37.67306], [127.01028, 37.67333], [127.01139, 37.67439], [127.01194, 37.67454], [127.01222, 37.67419], [127.01267, 37.67278], [127.0127, 37.67167], [127.01299, 37.67139], [127.01333, 37.67133], [127.01389, 37.67158], [127.01472, 37.67248], [127.015, 37.67258], [127.01556, 37.67227], [127.01667, 37.6713], [127.01806, 37.66965], [127.01861, 37.66941], [127.01889, 37.66954], [127.01952, 37.67028], [127.02056, 37.67083], [127.02071, 37.67111], [127.0207, 37.67139], [127.02, 37.67184], [127.01862, 37.67222], [127.01833, 37.67321], [127.01738, 37.67389], [127.01683, 37.67528], [127.01627, 37.67611], [127.01621, 37.67778], [127.01639, 37.67793], [127.0175, 37.67793], [127.01803, 37.67833], [127.01833, 37.67899], [127.01861, 37.67929], [127.01944, 37.67929], [127.01985, 37.67944], [127.02076, 37.68028], [127.02099, 37.68111], [127.02092, 37.68167], [127.02139, 37.6824], [127.02194, 37.68265], [127.02389, 37.68306], [127.02399, 37.68333], [127.02394, 37.68417], [127.02417, 37.68444], [127.02528, 37.68499], [127.02611, 37.68568], [127.02611, 37.68613], [127.02569, 37.68639], [127.0246, 37.68667], [127.0242, 37.68694], [127.02404, 37.68722], [127.02375, 37.68806], [127.02385, 37.68833], [127.02423, 37.68861], [127.02431, 37.68889], [127.02432, 37.69028], [127.02444, 37.69045], [127.02528, 37.69011], [127.02583, 37.69017], [127.02694, 37.69116], [127.02918, 37.69194], [127.02939, 37.69222], [127.02936, 37.69278], [127.02966, 37.69361], [127.02956, 37.69444], [127.02969, 37.695], [127.03086, 37.6975], [127.03119, 37.69861], [127.03141, 37.69889], [127.03389, 37.70072], [127.03408, 37.70111], [127.03423, 37.70278], [127.03389, 37.70373], [127.03361, 37.70401], [127.03222, 37.70404], [127.03179, 37.70417], [127.03233, 37.70528], [127.03239, 37.70611], [127.03198, 37.70667], [127.03122, 37.70722], [127.03115, 37.7075], [127.03129, 37.70778], [127.03241, 37.70861], [127.03249, 37.70889], [127.0324, 37.70944], [127.03194, 37.70979], [127.03111, 37.70972], [127.03083, 37.7099], [127.03074, 37.71056], [127.03129, 37.71167], [127.03091, 37.7125], [127.03101, 37.71278], [127.03151, 37.71333], [127.0315, 37.71361], [127.03097, 37.71417], [127.03096, 37.71444], [127.03162, 37.71528], [127.03126, 37.71611], [127.03129, 37.71639], [127.0325, 37.71806], [127.03261, 37.71861], [127.03254, 37.71889], [127.03222, 37.71919], [127.03194, 37.7192], [127.03111, 37.71863], [127.03028, 37.71846], [127.02806, 37.71891], [127.02667, 37.71887], [127.025, 37.71858], [127.02466, 37.71861], [127.02451, 37.71889], [127.02479, 37.71944], [127.02583, 37.72053], [127.02667, 37.72091], [127.02795, 37.72194], [127.02817, 37.72306], [127.02959, 37.72389], [127.02951, 37.72444], [127.0287, 37.72528], [127.02778, 37.72576], [127.02673, 37.72667], [127.02681, 37.72694], [127.02764, 37.72778], [127.0274, 37.72917], [127.02722, 37.72941], [127.02556, 37.72998], [127.02472, 37.72958], [127.02333, 37.72847], [127.02056, 37.72793], [127.01972, 37.72854], [127.01889, 37.72862], [127.01861, 37.72881], [127.01874, 37.72944], [127.01806, 37.73044], [127.01694, 37.73089], [127.01678, 37.73111], [127.01687, 37.73139], [127.0176, 37.7325], [127.01742, 37.73278], [127.01656, 37.73306], [127.01417, 37.73305], [127.01333, 37.73282], [127.0125, 37.73232], [127.01111, 37.73247], [127.01, 37.7316], [127.00944, 37.73173], [127.00861, 37.73223], [127.00806, 37.73229], [127.00791, 37.73167], [127.00722, 37.73141], [127.00667, 37.7316], [127.00611, 37.73211], [127.00528, 37.73212], [127.00444, 37.73248], [127.00361, 37.73253], [127.00222, 37.73172], [127.00089, 37.73139], [126.99972, 37.73069], [126.99889, 37.73042], [126.9968, 37.72833], [126.99672, 37.72806], [126.99697, 37.72778], [126.99806, 37.72759], [126.99854, 37.72722], [126.99827, 37.72639], [126.99873, 37.72556], [126.99877, 37.725], [126.99917, 37.72447], [127.00024, 37.72417], [127.00012, 37.72389], [126.99944, 37.72333], [126.99889, 37.72331], [126.99833, 37.72349], [126.99694, 37.72442], [126.99639, 37.72448], [126.99539, 37.72389], [126.99479, 37.72306], [126.99482, 37.72278], [126.995, 37.72268], [126.99639, 37.72312], [126.99722, 37.72299], [126.99833, 37.72253], [126.99917, 37.72247], [126.99944, 37.7223], [126.99963, 37.72194], [126.99967, 37.72167], [126.99951, 37.72139], [126.99806, 37.7212], [126.99667, 37.72035], [126.99556, 37.72004], [126.99528, 37.71982], [126.99468, 37.71889], [126.99427, 37.71889], [126.99361, 37.71929], [126.99306, 37.71917], [126.99287, 37.71889], [126.99285, 37.71861], [126.99309, 37.7175], [126.99278, 37.71725], [126.99167, 37.71708], [126.98889, 37.71743], [126.98722, 37.71677], [126.98611, 37.71611], [126.98588, 37.71583], [126.98571, 37.71528], [126.98611, 37.71472], [126.98608, 37.71361], [126.9875, 37.71246], [126.98778, 37.71232], [126.98944, 37.71218], [126.99056, 37.71235], [126.99139, 37.71165], [126.9925, 37.71131], [126.99306, 37.71137], [126.99389, 37.71175], [126.99472, 37.71177], [126.9951, 37.71167], [126.99549, 37.71111], [126.99417, 37.71087], [126.99167, 37.70955], [126.99028, 37.70924], [126.98833, 37.7095], [126.9875, 37.70906], [126.98694, 37.70903], [126.98583, 37.70956], [126.98507, 37.71028], [126.98472, 37.71025], [126.98424, 37.70944], [126.98363, 37.70889], [126.98421, 37.70833], [126.98431, 37.70806], [126.98418, 37.70722], [126.98474, 37.70667], [126.98475, 37.70639], [126.98428, 37.70583], [126.98426, 37.70556], [126.98488, 37.705], [126.98462, 37.70361], [126.98444, 37.70344], [126.98361, 37.70352], [126.98194, 37.70437], [126.98167, 37.70438], [126.98111, 37.70413], [126.98014, 37.70306], [126.98023, 37.70278], [126.98057, 37.7025], [126.98167, 37.70191], [126.98278, 37.70182], [126.98472, 37.70201], [126.98528, 37.7017], [126.98557, 37.70139], [126.98584, 37.70083], [126.98583, 37.70048], [126.98528, 37.70059], [126.98444, 37.70098], [126.98389, 37.70104], [126.98306, 37.7009], [126.98222, 37.70054], [126.98028, 37.70053], [126.97994, 37.70028], [126.97963, 37.69944], [126.98021, 37.69861], [126.98106, 37.69611], [126.98129, 37.69583], [126.98167, 37.69575], [126.9825, 37.6959], [126.98395, 37.69556], [126.985, 37.6948], [126.98588, 37.69361], [126.98556, 37.69347], [126.985, 37.69349], [126.98479, 37.69361], [126.98426, 37.69444], [126.98361, 37.69472], [126.9825, 37.69459], [126.98139, 37.69392], [126.98028, 37.69406], [126.97944, 37.69455], [126.97861, 37.69442], [126.97806, 37.69478], [126.97792, 37.695], [126.97781, 37.69583], [126.9775, 37.69596], [126.97667, 37.69573], [126.975, 37.69589], [126.97444, 37.69573], [126.97389, 37.69524], [126.97258, 37.69444], [126.97242, 37.69389], [126.97247, 37.69333], [126.97222, 37.69306], [126.97139, 37.69295], [126.97105, 37.69278], [126.97078, 37.6925], [126.97028, 37.69139], [126.96977, 37.69083], [126.96833, 37.68949], [126.96755, 37.68917], [126.96724, 37.68889], [126.96717, 37.68833], [126.96778, 37.6875], [126.96774, 37.68694], [126.96793, 37.68611], [126.96757, 37.68444], [126.96741, 37.68417], [126.96635, 37.68333], [126.96609, 37.68278], [126.96513, 37.68222], [126.96493, 37.68194], [126.96502, 37.68111], [126.96561, 37.68028], [126.96611, 37.67987], [126.96717, 37.67944], [126.96847, 37.67833], [126.96889, 37.67835], [126.96972, 37.67883], [126.97083, 37.67878], [126.97194, 37.6793], [126.97278, 37.67934], [126.97361, 37.67962], [126.97441, 37.67917], [126.97462, 37.67806], [126.97476, 37.67778], [126.97514, 37.6775], [126.97694, 37.67681], [126.9775, 37.6769], [126.97806, 37.67717], [126.97861, 37.6772], [126.98, 37.67559], [126.98051, 37.67444], [126.98042, 37.67417], [126.97861, 37.67459], [126.97694, 37.67462], [126.97556, 37.67403], [126.97441, 37.67389], [126.97371, 37.67306], [126.97333, 37.67207], [126.97306, 37.6719], [126.97222, 37.67192], [126.97167, 37.67254], [126.97111, 37.67275], [126.97019, 37.6725], [126.96917, 37.67187], [126.96833, 37.67193], [126.96722, 37.67232], [126.96667, 37.67203], [126.96583, 37.6719], [126.96472, 37.67061], [126.96444, 37.67055], [126.96417, 37.67072], [126.96388, 37.67139], [126.96361, 37.67165], [126.96306, 37.67166], [126.96278, 37.67149], [126.96177, 37.66944], [126.96165, 37.66833], [126.96197, 37.66722], [126.96278, 37.66667], [126.96325, 37.66611], [126.96333, 37.6654], [126.96306, 37.66519], [126.9625, 37.66506], [126.96083, 37.66511], [126.95901, 37.66444], [126.95842, 37.66389], [126.95833, 37.6635], [126.95917, 37.66278], [126.95917, 37.6625], [126.95791, 37.66083], [126.9575, 37.65966], [126.957, 37.65889], [126.95678, 37.65806], [126.95685, 37.65778], [126.9572, 37.6575], [126.95833, 37.65743], [126.95919, 37.65694], [126.96012, 37.65556], [126.96111, 37.65489], [126.9625, 37.65361], [126.96281, 37.6525], [126.96222, 37.65243], [126.96139, 37.65278], [126.96028, 37.65289], [126.95917, 37.65329], [126.95778, 37.6531], [126.9575, 37.65289], [126.95717, 37.65222], [126.95583, 37.65161], [126.95528, 37.6508], [126.95417, 37.6505], [126.95376, 37.65028], [126.9536, 37.65], [126.95364, 37.64972], [126.95451, 37.64833], [126.95438, 37.64806], [126.95389, 37.64779], [126.9525, 37.64774], [126.95217, 37.6475], [126.95194, 37.6469], [126.95139, 37.64673], [126.95056, 37.6467], [126.95023, 37.64639], [126.95012, 37.64583], [126.95028, 37.64548], [126.95222, 37.64418], [126.95306, 37.64339], [126.95492, 37.64222], [126.95556, 37.64153], [126.95576, 37.64083], [126.95572, 37.64056], [126.95528, 37.64044], [126.95444, 37.64054], [126.95278, 37.64101], [126.95194, 37.64065], [126.95056, 37.64083], [126.94901, 37.64056], [126.94906, 37.64028], [126.94945, 37.63972], [126.94953, 37.63861], [126.95014, 37.6375], [126.95083, 37.63675], [126.95194, 37.63622], [126.95222, 37.63591], [126.95234, 37.63472], [126.95222, 37.63441], [126.95194, 37.63438], [126.95056, 37.6353], [126.94972, 37.63529], [126.94806, 37.63488], [126.94769, 37.63444], [126.94694, 37.63278], [126.94639, 37.63236], [126.9459, 37.6325], [126.94561, 37.63278], [126.945, 37.63404], [126.94472, 37.63416], [126.94417, 37.63412], [126.94387, 37.63389], [126.94337, 37.63306], [126.94163, 37.63139], [126.94128, 37.63083], [126.94118, 37.63], [126.94136, 37.62889], [126.94122, 37.6275], [126.94028, 37.62628], [126.94013, 37.62556], [126.94056, 37.62485], [126.94194, 37.62381], [126.94229, 37.62333], [126.94175, 37.62222], [126.94139, 37.62071], [126.94, 37.62028], [126.93917, 37.62047], [126.93887, 37.62028], [126.93871, 37.61917], [126.93908, 37.61694], [126.93816, 37.61556], [126.93823, 37.61528], [126.93861, 37.61519], [126.93972, 37.61559], [126.94111, 37.61512], [126.94222, 37.61548], [126.94333, 37.61526], [126.94361, 37.61535], [126.94444, 37.61604], [126.945, 37.6161], [126.94611, 37.61592], [126.94639, 37.616], [126.94694, 37.61683], [126.94778, 37.61677], [126.94861, 37.61734], [126.94889, 37.61737], [126.9493, 37.61694], [126.95, 37.61578], [126.95096, 37.61333], [126.95156, 37.61278], [126.95167, 37.6125], [126.95054, 37.61028], [126.95056, 37.60974], [126.95083, 37.60937], [126.95111, 37.6094], [126.95139, 37.60982], [126.95161, 37.61028], [126.95168, 37.61083], [126.95199, 37.61111], [126.95228, 37.61167], [126.95231, 37.61333], [126.95216, 37.61417], [126.95274, 37.61556], [126.95233, 37.61694], [126.95228, 37.6175], [126.95278, 37.61812], [126.95333, 37.61849], [126.95361, 37.61849], [126.95417, 37.61811], [126.955, 37.61779], [126.95667, 37.61638], [126.95722, 37.61633], [126.95806, 37.61662], [126.95833, 37.61658], [126.95889, 37.61596], [126.95917, 37.61593], [126.96006, 37.61639], [126.96023, 37.61667], [126.9604, 37.6175], [126.96083, 37.61799], [126.96171, 37.61833], [126.96178, 37.61722], [126.96251, 37.61639], [126.9628, 37.61583], [126.96277, 37.61556], [126.96219, 37.61472], [126.96194, 37.61406], [126.96149, 37.61333], [126.96137, 37.61278], [126.96111, 37.61243], [126.96036, 37.61194], [126.96028, 37.61147], [126.96056, 37.61099], [126.96111, 37.61083], [126.96194, 37.61015], [126.9625, 37.6099], [126.96298, 37.61028], [126.96293, 37.61111], [126.96306, 37.61145], [126.96489, 37.61306], [126.96522, 37.61389], [126.96611, 37.61442], [126.96778, 37.61514], [126.96806, 37.61504], [126.96833, 37.61472], [126.96889, 37.61334], [126.96944, 37.61278], [126.96972, 37.61266], [126.97056, 37.61275], [126.97111, 37.61296], [126.97222, 37.61392], [126.97389, 37.6143], [126.975, 37.6144], [126.97583, 37.61426], [126.97722, 37.61501], [126.97861, 37.61467], [126.97893, 37.61361], [126.97917, 37.61319], [126.97944, 37.613], [126.98, 37.61295], [126.98111, 37.61311], [126.98165, 37.61278], [126.98177, 37.6125], [126.9817, 37.61222], [126.98065, 37.61028], [126.98063, 37.61], [126.98077, 37.60972], [126.98111, 37.60951], [126.98212, 37.60944], [126.98244, 37.60917], [126.98186, 37.60806], [126.98192, 37.60694], [126.98162, 37.60667], [126.98111, 37.60646], [126.97972, 37.60683], [126.97944, 37.6067], [126.97916, 37.60528], [126.97914, 37.60444], [126.97889, 37.60409], [126.97861, 37.60399], [126.97833, 37.60408], [126.97778, 37.60456], [126.97722, 37.60477], [126.97694, 37.60466], [126.97651, 37.60417], [126.97556, 37.60367], [126.97444, 37.60406], [126.97389, 37.60389], [126.97377, 37.60333], [126.97388, 37.60222], [126.97364, 37.60167], [126.97333, 37.60137], [126.97306, 37.60129], [126.97278, 37.60138], [126.97194, 37.60239], [126.97167, 37.60253], [126.97111, 37.60236], [126.97077, 37.60167], [126.97053, 37.60083], [126.97056, 37.60031], [126.97124, 37.6], [126.9727, 37.59806], [126.9727, 37.59778], [126.97222, 37.59725], [126.97088, 37.59667], [126.97082, 37.59639], [126.97139, 37.59598], [126.97178, 37.59528], [126.97163, 37.595], [126.97083, 37.59433], [126.97077, 37.59389], [126.97158, 37.59306], [126.97198, 37.59194], [126.97264, 37.59111], [126.97426, 37.59056]]}}, {"type": "Feature", "properties": {"elev": 200, "idx": 1}, "geometry": {"type": "LineString", "coordinates": [[126.9428, 37.60444], [126.94333, 37.60419], [126.94389, 37.60422], [126.94444, 37.60439], [126.94474, 37.60472], [126.94465, 37.605], [126.94426, 37.60528], [126.94361, 37.60538], [126.94262, 37.60472], [126.9428, 37.60444]]}}, {"type": "Feature", "properties": {"elev": 200, "idx": 1}, "geometry": {"type": "LineString", "coordinates": [[127.00474, 37.62194], [127.005, 37.62176], [127.00559, 37.62194], [127.00577, 37.62222], [127.00579, 37.62278], [127.00611, 37.62308], [127.00667, 37.62311], [127.0075, 37.62256], [127.00806, 37.62264], [127.00833, 37.62291], [127.0087, 37.62361], [127.00865, 37.62417], [127.00819, 37.62444], [127.0075, 37.62454], [127.00583, 37.62433], [127.00444, 37.62454], [127.004, 37.62444], [127.00385, 37.62389], [127.00411, 37.62278], [127.00474, 37.62194]]}}, {"type": "Feature", "properties": {"elev": 200, "idx": 1}, "geometry": {"type": "LineString", "coordinates": [[126.90847, 37.62861], [126.90889, 37.62839], [126.90923, 37.62861], [126.90948, 37.62944], [126.90944, 37.63028], [126.90917, 37.63058], [126.90806, 37.63043], [126.90743, 37.63056], [126.90753, 37.62972], [126.90847, 37.62861]]}}, {"type": "Feature", "properties": {"elev": 200, "idx": 1}, "geometry": {"type": "LineString", "coordinates": [[126.93467, 37.665], [126.935, 37.66502], [126.93611, 37.66594], [126.93756, 37.66667], [126.93861, 37.66691], [126.94083, 37.66695], [126.94116, 37.66722], [126.94132, 37.66833], [126.94222, 37.66916], [126.9425, 37.66926], [126.94333, 37.66915], [126.94444, 37.66878], [126.945, 37.66874], [126.94528, 37.66898], [126.94577, 37.67056], [126.9458, 37.67167], [126.94616, 37.67222], [126.94694, 37.67267], [126.94861, 37.67267], [126.94917, 37.6728], [126.94954, 37.67306], [126.94986, 37.67361], [126.95044, 37.67417], [126.9505, 37.67444], [126.95023, 37.67556], [126.95035, 37.67583], [126.95136, 37.67694], [126.95131, 37.67722], [126.95, 37.6782], [126.94976, 37.67861], [126.94978, 37.67889], [126.95004, 37.67917], [126.95139, 37.67986], [126.95267, 37.68083], [126.95361, 37.68106], [126.95444, 37.68101], [126.9548, 37.68111], [126.95495, 37.68167], [126.95479, 37.68222], [126.95383, 37.68361], [126.9536, 37.68417], [126.95394, 37.68444], [126.955, 37.68474], [126.95583, 37.68547], [126.95694, 37.68543], [126.9575, 37.68579], [126.95779, 37.68667], [126.95737, 37.68861], [126.95743, 37.68917], [126.95778, 37.6894], [126.95889, 37.68939], [126.95917, 37.6895], [126.95989, 37.69028], [126.96077, 37.69194], [126.96077, 37.69222], [126.9603, 37.69306], [126.96038, 37.69417], [126.96015, 37.69444], [126.95833, 37.69559], [126.95803, 37.69611], [126.95813, 37.69639], [126.95944, 37.69704], [126.96056, 37.69676], [126.96108, 37.69694], [126.96194, 37.69773], [126.96412, 37.69917], [126.96477, 37.70028], [126.96486, 37.70056], [126.96452, 37.70139], [126.9649, 37.70278], [126.96482, 37.70389], [126.96578, 37.70472], [126.96579, 37.705], [126.96547, 37.70583], [126.96389, 37.70617], [126.96351, 37.70639], [126.96344, 37.70778], [126.96374, 37.70944], [126.96361, 37.70957], [126.96328, 37.70972], [126.95861, 37.71042], [126.9575, 37.71027], [126.957, 37.71], [126.95679, 37.70889], [126.95717, 37.70778], [126.95716, 37.7075], [126.95667, 37.70698], [126.95539, 37.70611], [126.95524, 37.70583], [126.95521, 37.70528], [126.95541, 37.70444], [126.95583, 37.70359], [126.95611, 37.70334], [126.95694, 37.70328], [126.95733, 37.70306], [126.95703, 37.7025], [126.95592, 37.70167], [126.95576, 37.70139], [126.95588, 37.70028], [126.95556, 37.69984], [126.955, 37.69969], [126.95444, 37.69978], [126.95306, 37.70044], [126.95285, 37.70083], [126.95324, 37.70167], [126.95315, 37.70278], [126.95285, 37.70306], [126.95222, 37.70325], [126.95167, 37.70327], [126.95139, 37.70313], [126.95136, 37.70278], [126.95175, 37.70194], [126.95176, 37.70167], [126.95112, 37.70056], [126.95185, 37.7], [126.95195, 37.69972], [126.951, 37.69833], [126.94944, 37.69736], [126.94908, 37.69694], [126.94893, 37.69611], [126.94916, 37.69528], [126.94944, 37.69488], [126.95, 37.69444], [126.95028, 37.69389], [126.95017, 37.69333], [126.94979, 37.6925], [126.94922, 37.69194], [126.94861, 37.69164], [126.94778, 37.69164], [126.94635, 37.69194], [126.94528, 37.69257], [126.945, 37.69251], [126.94417, 37.69147], [126.94306, 37.69132], [126.94194, 37.69097], [126.94167, 37.6911], [126.94111, 37.6917], [126.94028, 37.69212], [126.93722, 37.69063], [126.9363, 37.69], [126.93586, 37.68889], [126.93611, 37.68856], [126.93722, 37.68812], [126.9375, 37.68789], [126.93776, 37.68694], [126.9371, 37.68639], [126.93652, 37.68556], [126.935, 37.68485], [126.93471, 37.68444], [126.93494, 37.68417], [126.93639, 37.68359], [126.93667, 37.68335], [126.93781, 37.68194], [126.93798, 37.68167], [126.93797, 37.68139], [126.93722, 37.68111], [126.93333, 37.68075], [126.9325, 37.68042], [126.9323, 37.68], [126.93233, 37.67972], [126.93278, 37.67896], [126.93361, 37.67851], [126.93472, 37.67843], [126.93583, 37.67882], [126.93694, 37.67879], [126.93983, 37.67556], [126.94009, 37.675], [126.94, 37.6747], [126.93889, 37.67392], [126.93861, 37.67331], [126.93833, 37.67305], [126.93611, 37.67257], [126.935, 37.67246], [126.93434, 37.67222], [126.93401, 37.67194], [126.93429, 37.67167], [126.935, 37.67141], [126.93515, 37.67111], [126.93478, 37.67], [126.93413, 37.66917], [126.9341, 37.66889], [126.93487, 37.66806], [126.93497, 37.66778], [126.93489, 37.66722], [126.93472, 37.66689], [126.93381, 37.66639], [126.93391, 37.66583], [126.93467, 37.665]]}}, {"type": "Feature", "properties": {"elev": 200, "idx": 1}, "geometry": {"type": "LineString", "coordinates": [[126.92692, 37.67056], [126.92778, 37.67045], [126.92833, 37.67075], [126.92944, 37.67099], [126.93109, 37.67194], [126.93129, 37.67222], [126.93126, 37.6725], [126.93056, 37.67306], [126.93, 37.673], [126.92944, 37.67247], [126.92861, 37.67194], [126.92806, 37.67119], [126.92683, 37.67083], [126.92692, 37.67056]]}}, {"type": "Feature", "properties": {"elev": 200, "idx": 1}, "geometry": {"type": "LineString", "coordinates": [[126.92559, 37.70833], [126.92611, 37.70827], [126.92628, 37.70861], [126.92599, 37.70944], [126.92638, 37.71111], [126.9258, 37.71222], [126.92527, 37.71278], [126.92521, 37.71306], [126.92547, 37.71361], [126.92616, 37.71444], [126.92611, 37.71475], [126.92528, 37.71446], [126.92444, 37.71354], [126.92389, 37.71337], [126.92222, 37.71369], [126.92154, 37.71472], [126.92083, 37.71496], [126.91861, 37.71375], [126.91667, 37.71357], [126.91639, 37.7134], [126.91618, 37.71306], [126.9159, 37.71111], [126.91558, 37.71028], [126.91566, 37.71], [126.91583, 37.7099], [126.91639, 37.70992], [126.91778, 37.71055], [126.91833, 37.71101], [126.91904, 37.71194], [126.92, 37.71265], [126.92056, 37.71276], [126.92139, 37.71266], [126.9225, 37.71233], [126.92369, 37.71111], [126.92397, 37.71056], [126.92366, 37.70944], [126.92366, 37.70917], [126.92389, 37.70872], [126.92444, 37.70845], [126.92559, 37.70833]]}}, {"type": "Feature", "properties": {"elev": 200, "idx": 1}, "geometry": {"type": "LineString", "coordinates": [[126.94408, 37.70972], [126.94444, 37.70981], [126.94485, 37.71111], [126.94504, 37.71139], [126.94583, 37.71207], [126.94667, 37.71252], [126.94697, 37.71278], [126.94708, 37.71306], [126.94611, 37.715], [126.94583, 37.71529], [126.94556, 37.71531], [126.94528, 37.71512], [126.94488, 37.71389], [126.94444, 37.71328], [126.94388, 37.71278], [126.94379, 37.7125], [126.94407, 37.71167], [126.9437, 37.71056], [126.94373, 37.71028], [126.94408, 37.70972]]}}, {"type": "Feature", "properties": {"elev": 200, "idx": 1}, "geometry": {"type": "LineString", "coordinates": [[126.97722, 37.71056], [126.97778, 37.71068], [126.97826, 37.71111], [126.97825, 37.71167], [126.97806, 37.71208], [126.9775, 37.71199], [126.97709, 37.71167], [126.97694, 37.71083], [126.97722, 37.71056]]}}, {"type": "Feature", "properties": {"elev": 200, "idx": 1}, "geometry": {"type": "LineString", "coordinates": [[127.07972, 37.7202], [127.07905, 37.72056], [127.07861, 37.72106], [127.07778, 37.72058], [127.07583, 37.72062], [127.07563, 37.72083], [127.07556, 37.72148], [127.07417, 37.72217], [127.07361, 37.72218], [127.07278, 37.72163], [127.0725, 37.72157], [127.07194, 37.72179], [127.07163, 37.72222], [127.07118, 37.7225], [127.07041, 37.7225], [127.06948, 37.72222], [127.06936, 37.72194], [127.07005, 37.72139], [127.06969, 37.72056], [127.06972, 37.72024], [127.07, 37.7199], [127.0709, 37.71944], [127.07085, 37.71917], [127.07022, 37.71833], [127.0701, 37.71722], [127.06972, 37.71679], [127.06944, 37.71679], [127.06861, 37.71752], [127.06806, 37.71765], [127.06783, 37.7175], [127.06771, 37.71722], [127.06762, 37.71556], [127.0675, 37.7154], [127.06639, 37.71512], [127.06613, 37.71417], [127.06564, 37.71333], [127.06557, 37.71278], [127.06583, 37.71241], [127.06694, 37.71203], [127.06722, 37.71173], [127.06763, 37.71083], [127.0676, 37.71028], [127.06776, 37.70944], [127.0677, 37.70861], [127.06806, 37.70796], [127.06861, 37.70757], [127.07028, 37.7081], [127.07083, 37.70797], [127.07144, 37.70722], [127.07151, 37.70611], [127.07137, 37.70583], [127.07034, 37.705], [127.06944, 37.70464], [127.06861, 37.70445], [127.06639, 37.70434], [127.06583, 37.70418], [127.06555, 37.70389], [127.06546, 37.70333], [127.06551, 37.70306], [127.06583, 37.70284], [127.06722, 37.70315], [127.06833, 37.70277], [127.06972, 37.70267], [127.07004, 37.7025], [127.07056, 37.70186], [127.07153, 37.70139], [127.07138, 37.70111], [127.06972, 37.70047], [127.06904, 37.7], [127.06871, 37.69944], [127.06858, 37.69806], [127.06833, 37.69766], [127.06778, 37.69756], [127.06667, 37.69809], [127.06594, 37.69806], [127.06512, 37.6975], [127.06533, 37.69667], [127.06528, 37.69639], [127.065, 37.69618], [127.06389, 37.69589], [127.0625, 37.69577], [127.06215, 37.69556], [127.06198, 37.69528], [127.0619, 37.69472], [127.06205, 37.69417], [127.06229, 37.69389], [127.06333, 37.69365], [127.06444, 37.6938], [127.065, 37.69358], [127.06566, 37.69278], [127.06569, 37.6925], [127.06542, 37.69167], [127.06565, 37.69083], [127.06627, 37.69028], [127.06744, 37.68972], [127.06725, 37.68889], [127.06755, 37.68861], [127.06833, 37.68825], [127.06861, 37.68828], [127.06944, 37.68875], [127.07111, 37.68857], [127.07241, 37.68917], [127.07333, 37.68944], [127.07417, 37.6896], [127.07453, 37.68944], [127.07274, 37.68694], [127.0726, 37.68639], [127.07268, 37.68583], [127.0725, 37.68535], [127.07222, 37.68508], [127.07111, 37.68486], [127.07081, 37.68389], [127.07001, 37.68278], [127.07, 37.68201], [127.07028, 37.68178], [127.07194, 37.68179], [127.07234, 37.68167], [127.07251, 37.68139], [127.07233, 37.68083], [127.07154, 37.67944], [127.07138, 37.67778], [127.07094, 37.67722], [127.07057, 37.67639], [127.07009, 37.67583], [127.06833, 37.67474], [127.06747, 37.67444], [127.06726, 37.67417], [127.06743, 37.67389], [127.06889, 37.67329], [127.07, 37.67333], [127.07111, 37.6732], [127.0725, 37.67367], [127.07389, 37.67362], [127.07425, 37.67389], [127.07434, 37.67417], [127.07421, 37.675], [127.07453, 37.67556], [127.075, 37.67581], [127.07611, 37.67585], [127.07645, 37.67611], [127.07683, 37.67667], [127.0768, 37.67722], [127.07599, 37.67861], [127.0761, 37.67889], [127.07668, 37.67944], [127.07713, 37.68028], [127.07806, 37.68125], [127.07972, 37.68206]]}}, {"type": "Feature", "properties": {"elev": 200, "idx": 1}, "geometry": {"type": "LineString", "coordinates": [[126.93437, 37.72056], [126.93472, 37.72037], [126.93551, 37.72083], [126.93613, 37.72167], [126.93621, 37.72194], [126.93611, 37.72217], [126.93583, 37.72236], [126.93556, 37.72234], [126.935, 37.72206], [126.93443, 37.72139], [126.9343, 37.72083], [126.93437, 37.72056]]}}, {"type": "Feature", "properties": {"elev": 200, "idx": 1}, "geometry": {"type": "LineString", "coordinates": [[126.98511, 37.72417], [126.98543, 37.72417], [126.98597, 37.72444], [126.98556, 37.72489], [126.98528, 37.72496], [126.98501, 37.72472], [126.98493, 37.72444], [126.98511, 37.72417]]}}, {"type": "Feature", "properties": {"elev": 200, "idx": 1}, "geometry": {"type": "LineString", "coordinates": [[126.9, 37.725], [126.90056, 37.72525], [126.90139, 37.72596], [126.90528, 37.72768], [126.90556, 37.7279], [126.9057, 37.72833], [126.90564, 37.72889], [126.90502, 37.72972], [126.90497, 37.73], [126.90576, 37.73167], [126.90728, 37.73361], [126.90726, 37.73389], [126.90704, 37.73417], [126.90611, 37.73461], [126.90575, 37.735], [126.90582, 37.73528], [126.90615, 37.73556], [126.90625, 37.73583], [126.90624, 37.73667], [126.90667, 37.73792], [126.907, 37.73833], [126.90827, 37.73861], [126.90917, 37.73966], [126.90931, 37.74028], [126.91013, 37.74139], [126.91056, 37.74276], [126.91162, 37.74444], [126.91194, 37.74559], [126.91222, 37.74578], [126.91306, 37.74532], [126.91389, 37.74522], [126.91413, 37.745], [126.91419, 37.74361], [126.91442, 37.7425], [126.91433, 37.74194], [126.91451, 37.74083], [126.91472, 37.74021], [126.91528, 37.7395], [126.91583, 37.73933], [126.91694, 37.7398], [126.91778, 37.73945], [126.92, 37.73911], [126.92083, 37.73949], [126.92139, 37.73959], [126.92196, 37.73944], [126.92217, 37.73917], [126.9205, 37.73778], [126.92008, 37.73722], [126.91997, 37.73667], [126.91972, 37.73651], [126.91833, 37.73667], [126.91694, 37.73596], [126.91583, 37.73584], [126.91544, 37.73556], [126.91511, 37.73417], [126.91523, 37.73361], [126.91556, 37.73341], [126.91639, 37.73332], [126.91667, 37.73278], [126.91661, 37.7325], [126.91604, 37.73167], [126.91604, 37.73139], [126.91673, 37.73083], [126.91686, 37.73056], [126.9164, 37.72944], [126.91664, 37.72861], [126.91632, 37.72833], [126.91495, 37.72778], [126.91473, 37.7275], [126.91503, 37.72667], [126.91496, 37.72639], [126.91361, 37.7255], [126.91328, 37.725], [126.91328, 37.72472], [126.91639, 37.72343], [126.91861, 37.72372], [126.92, 37.72429], [126.92028, 37.72428], [126.92058, 37.72333], [126.92101, 37.72278], [126.92139, 37.72266], [126.9225, 37.72287], [126.923, 37.72278], [126.92389, 37.72154], [126.92444, 37.72121], [126.92472, 37.72154], [126.92505, 37.7225], [126.92583, 37.72297], [126.92607, 37.72333], [126.92612, 37.72361], [126.92589, 37.72444], [126.92602, 37.725], [126.92622, 37.72528], [126.92667, 37.72543], [126.92833, 37.72533], [126.92893, 37.72556], [126.92899, 37.72583], [126.92856, 37.72694], [126.92853, 37.72917], [126.92866, 37.72944], [126.92889, 37.72957], [126.93006, 37.72972], [126.93028, 37.73045], [126.93056, 37.73063], [126.93194, 37.7308], [126.93333, 37.73045], [126.93361, 37.73016], [126.93366, 37.72917], [126.93389, 37.72866], [126.93583, 37.72755], [126.93667, 37.72802], [126.93861, 37.72791], [126.94, 37.72725], [126.94111, 37.72732], [126.94194, 37.72649], [126.94333, 37.72684], [126.94472, 37.7268], [126.94528, 37.72709], [126.94651, 37.72806], [126.94685, 37.72861], [126.94683, 37.72917], [126.94639, 37.73043], [126.94611, 37.73075], [126.94444, 37.73184], [126.94333, 37.73227], [126.94194, 37.73246], [126.94083, 37.73242], [126.94, 37.73276], [126.93917, 37.73283], [126.93858, 37.73306], [126.93837, 37.73333], [126.93837, 37.73361], [126.93874, 37.73417], [126.93873, 37.73444], [126.93765, 37.73556], [126.93748, 37.73611], [126.93776, 37.73639], [126.94, 37.73642], [126.94139, 37.73675], [126.9425, 37.73649], [126.94361, 37.73644], [126.94389, 37.73631], [126.94417, 37.73534], [126.94444, 37.73513], [126.94556, 37.73494], [126.94722, 37.73412], [126.94778, 37.73418], [126.94815, 37.73444], [126.9486, 37.735], [126.94865, 37.73528], [126.94855, 37.73583], [126.94792, 37.73694], [126.94801, 37.7375], [126.94833, 37.73783], [126.94889, 37.73809], [126.94952, 37.73889], [126.95056, 37.73936], [126.9514, 37.73944], [126.95178, 37.73972], [126.95186, 37.74], [126.9516, 37.74111], [126.95177, 37.74222], [126.95144, 37.74306], [126.95028, 37.74388], [126.94917, 37.74404], [126.94854, 37.74472], [126.9484, 37.74528], [126.94865, 37.74611], [126.94889, 37.74648], [126.94944, 37.74638], [126.95056, 37.74657], [126.95245, 37.74472], [126.95333, 37.74435], [126.95417, 37.74367], [126.95472, 37.74349], [126.95528, 37.74374], [126.95639, 37.74471], [126.95778, 37.74492], [126.95884, 37.74583], [126.95916, 37.74639], [126.95923, 37.74694], [126.95897, 37.7475], [126.95833, 37.74807], [126.9575, 37.74846], [126.9568, 37.74944], [126.95728, 37.75028], [126.9575, 37.75113], [126.95825, 37.75056], [126.95851, 37.74944], [126.95944, 37.74858], [126.96056, 37.74801], [126.96222, 37.74796], [126.96306, 37.74815], [126.96472, 37.7488], [126.96583, 37.74957], [126.96694, 37.75009], [126.96889, 37.75142], [126.96903, 37.75139], [126.96892, 37.75083], [126.96778, 37.74935], [126.96694, 37.749], [126.96611, 37.74831], [126.96444, 37.74751], [126.96361, 37.74694], [126.96194, 37.74661], [126.9615, 37.74611], [126.96131, 37.745], [126.96056, 37.74401], [126.95924, 37.74306], [126.95798, 37.74278], [126.95735, 37.7425], [126.95704, 37.74222], [126.95722, 37.74176], [126.95766, 37.74139], [126.95861, 37.74108], [126.95972, 37.74092], [126.96075, 37.74056], [126.96126, 37.74028], [126.96128, 37.74], [126.96056, 37.73933], [126.95917, 37.7385], [126.95806, 37.73844], [126.95722, 37.73811], [126.95556, 37.73785], [126.95474, 37.7375], [126.95444, 37.73694], [126.95457, 37.73667], [126.95548, 37.73611], [126.95587, 37.73528], [126.95577, 37.73472], [126.95521, 37.73389], [126.95501, 37.73333], [126.95504, 37.73306], [126.95548, 37.7325], [126.95549, 37.73222], [126.95472, 37.73207], [126.95306, 37.73214], [126.9527, 37.73194], [126.95258, 37.73167], [126.95272, 37.73111], [126.95306, 37.73062], [126.9547, 37.72944], [126.95491, 37.72917], [126.95423, 37.72694], [126.95372, 37.72611], [126.95361, 37.72472], [126.95306, 37.72386], [126.95212, 37.72306], [126.95193, 37.7225], [126.95222, 37.72238], [126.95306, 37.72249], [126.95583, 37.72232], [126.95624, 37.7225], [126.95671, 37.72306], [126.95714, 37.72333], [126.95889, 37.72384], [126.96, 37.72381], [126.96111, 37.72345], [126.96222, 37.72328], [126.96255, 37.72306], [126.96306, 37.72235], [126.9632, 37.72194], [126.96316, 37.72167], [126.96222, 37.72001], [126.96047, 37.71861], [126.95972, 37.71786], [126.95954, 37.7175], [126.95955, 37.71694], [126.95985, 37.71639], [126.96131, 37.71528], [126.96194, 37.71521], [126.96361, 37.71533], [126.96466, 37.71583], [126.96498, 37.71611], [126.96547, 37.71694], [126.96679, 37.71778], [126.96689, 37.71806], [126.96696, 37.71972], [126.96619, 37.72139], [126.96731, 37.72306], [126.96748, 37.72361], [126.96728, 37.72444], [126.96611, 37.7252], [126.96609, 37.72556], [126.96726, 37.72639], [126.96778, 37.72708], [126.96838, 37.7275], [126.96858, 37.72778], [126.96816, 37.72833], [126.96819, 37.72861], [126.9684, 37.72889], [126.96972, 37.72972], [126.97003, 37.73028], [126.96993, 37.73056], [126.9696, 37.73083], [126.96806, 37.73154], [126.96782, 37.73194], [126.96789, 37.73222], [126.96861, 37.73305], [126.97, 37.73417], [126.97056, 37.73483], [126.97083, 37.73501], [126.97187, 37.73528], [126.97228, 37.73556], [126.97238, 37.73583], [126.97215, 37.73639], [126.9725, 37.73694], [126.97295, 37.73722], [126.97389, 37.73747], [126.97417, 37.73771], [126.9743, 37.73806], [126.9733, 37.74222], [126.97293, 37.74278], [126.97195, 37.74361], [126.97129, 37.74472], [126.97109, 37.74583], [126.97119, 37.74611], [126.97202, 37.74694], [126.9721, 37.74778], [126.97222, 37.74793], [126.9725, 37.74809], [126.97306, 37.74796], [126.97444, 37.74627], [126.97621, 37.745], [126.9775, 37.74453], [126.97889, 37.7454], [126.98, 37.74737], [126.98028, 37.74752], [126.98083, 37.7471], [126.98139, 37.74693], [126.98194, 37.74696], [126.98278, 37.74728], [126.98306, 37.74708], [126.98337, 37.74611], [126.98322, 37.74556], [126.98278, 37.74505], [126.98167, 37.74419], [126.98108, 37.74333], [126.98113, 37.74278], [126.98194, 37.74229], [126.98263, 37.74167], [126.98231, 37.74111], [126.98136, 37.74028], [126.98218, 37.73944], [126.98244, 37.73833], [126.98306, 37.73797], [126.98361, 37.73744], [126.98417, 37.73726], [126.98528, 37.73723], [126.98778, 37.73684], [126.98833, 37.73655], [126.98852, 37.73611], [126.98845, 37.73528], [126.98806, 37.73459], [126.9875, 37.73452], [126.98611, 37.73482], [126.985, 37.73468], [126.98444, 37.73437], [126.98328, 37.73278], [126.98321, 37.73222], [126.98333, 37.73188], [126.98361, 37.7316], [126.98472, 37.73111], [126.98477, 37.73083], [126.98361, 37.72973], [126.98351, 37.72944], [126.98361, 37.72919], [126.985, 37.72881], [126.98556, 37.72882], [126.98639, 37.72943], [126.98722, 37.72951], [126.9876, 37.72972], [126.98776, 37.73028], [126.98787, 37.73167], [126.98833, 37.73206], [126.99028, 37.7325], [126.99361, 37.73363], [126.99472, 37.73418], [126.99611, 37.73512], [126.99667, 37.73511], [126.9975, 37.73479], [126.99812, 37.735], [126.99823, 37.73528], [126.99802, 37.73583], [126.99804, 37.73639], [126.99833, 37.73661], [126.99917, 37.73678], [126.99978, 37.73806], [127.0, 37.73827], [127.00115, 37.73861], [127.00121, 37.73944], [127.00107, 37.73972], [126.99989, 37.74], [126.99962, 37.74028], [126.99965, 37.74056], [127.0, 37.74098], [127.00137, 37.74167], [127.00194, 37.74258], [127.00239, 37.74361], [127.00194, 37.74422], [127.00182, 37.74472], [127.00222, 37.74583], [127.0025, 37.74616], [127.00278, 37.74631], [127.00283, 37.74556], [127.00315, 37.745], [127.00444, 37.74477], [127.00472, 37.7446], [127.00554, 37.74333], [127.00563, 37.74194], [127.00477, 37.74], [127.005, 37.73963], [127.00556, 37.73949], [127.00611, 37.73968], [127.00667, 37.74028], [127.00712, 37.74056], [127.00806, 37.74077], [127.00889, 37.74113], [127.01056, 37.74142], [127.0115, 37.7425], [127.01278, 37.74314], [127.0134, 37.74389], [127.01462, 37.74444], [127.01602, 37.74583], [127.01694, 37.74623], [127.01778, 37.74696], [127.01889, 37.74733], [127.01975, 37.74861], [127.01968, 37.74889], [127.01917, 37.74941], [127.01861, 37.74962], [127.0175, 37.74961], [127.01639, 37.74865], [127.01222, 37.74781], [127.01139, 37.74789], [127.01133, 37.74861], [127.01189, 37.75], [127.01191, 37.75056], [127.01083, 37.75167], [127.01083, 37.75226], [127.01056, 37.7524], [127.00944, 37.75243], [127.00889, 37.75264], [127.00806, 37.75323], [127.00726, 37.75361], [127.00686, 37.75417], [127.00628, 37.75556], [127.00639, 37.75611], [127.00694, 37.75692], [127.00722, 37.75713], [127.00806, 37.75689], [127.00917, 37.75719], [127.01, 37.75716], [127.01028, 37.75726], [127.01058, 37.7575], [127.01097, 37.75833], [127.01167, 37.75879], [127.01282, 37.76]]}}, {"type": "Feature", "properties": {"elev": 200, "idx": 1}, "geometry": {"type": "LineString", "coordinates": [[126.98459, 37.72667], [126.985, 37.72642], [126.98528, 37.72642], [126.98542, 37.72667], [126.9854, 37.72694], [126.98472, 37.72762], [126.98417, 37.72773], [126.98361, 37.72721], [126.98378, 37.72694], [126.98459, 37.72667]]}}, {"type": "Feature", "properties": {"elev": 200, "idx": 1}, "geometry": {"type": "LineString", "coordinates": [[126.9, 37.74533], [126.90033, 37.745], [126.9004, 37.74472], [126.9, 37.74429]]}}, {"type": "Feature", "properties": {"elev": 200, "idx": 1}, "geometry": {"type": "LineString", "coordinates": [[126.94806, 37.74717], [126.94739, 37.7475], [126.94698, 37.74806], [126.94778, 37.74819], [126.94833, 37.74798], [126.94865, 37.7475], [126.94862, 37.74722], [126.94806, 37.74717]]}}, {"type": "Feature", "properties": {"elev": 200, "idx": 1}, "geometry": {"type": "LineString", "coordinates": [[126.91325, 37.76], [126.91343, 37.75944], [126.91334, 37.75917], [126.91282, 37.75861], [126.91273, 37.75833], [126.91289, 37.75806], [126.91363, 37.7575], [126.91286, 37.75611], [126.91181, 37.75528], [126.9117, 37.755], [126.91184, 37.75472], [126.9125, 37.75457], [126.91361, 37.75474], [126.91528, 37.75467], [126.91639, 37.7558], [126.91667, 37.75591], [126.91694, 37.7558], [126.91712, 37.75556], [126.91727, 37.75389], [126.91735, 37.75361], [126.91785, 37.75306], [126.91792, 37.75278], [126.91611, 37.75156], [126.91528, 37.7515], [126.91417, 37.75169], [126.91361, 37.75155], [126.91266, 37.75028], [126.91265, 37.74889], [126.91245, 37.74861], [126.91139, 37.74847], [126.91028, 37.74905], [126.90889, 37.74901], [126.90809, 37.75], [126.90722, 37.75074], [126.90694, 37.75085], [126.90583, 37.75069], [126.90546, 37.75083], [126.90489, 37.75139], [126.90361, 37.75353], [126.90294, 37.75417], [126.90207, 37.75472], [126.90167, 37.75475], [126.90111, 37.75448], [126.9, 37.75348]]}}, {"type": "Feature", "properties": {"elev": 200, "idx": 1}, "geometry": {"type": "LineString", "coordinates": [[127.01375, 37.76], [127.01417, 37.75987], [127.01456, 37.76]]}}, {"type": "Feature", "properties": {"elev": 250, "idx": 0}, "geometry": {"type": "LineString", "coordinates": [[126.95685, 37.58028], [126.95661, 37.58028]]}}, {"type": "Feature", "properties": {"elev": 250, "idx": 0}, "geometry": {"type": "LineString", "coordinates": [[126.95758, 37.58306], [126.95806, 37.58303], [126.95861, 37.58336], [126.95913, 37.58417], [126.9594, 37.585], [126.9605, 37.58583], [126.96074, 37.58639], [126.96024, 37.5875], [126.95806, 37.58967], [126.95722, 37.58961], [126.95691, 37.58944], [126.95673, 37.58917], [126.95674, 37.58861], [126.95716, 37.58806], [126.95783, 37.5875], [126.958, 37.58722], [126.95799, 37.58694], [126.95722, 37.58603], [126.95663, 37.58556], [126.95639, 37.58528], [126.95634, 37.585], [126.95657, 37.58389], [126.95722, 37.58325], [126.95758, 37.58306]]}}, {"type": "Feature", "properties": {"elev": 250, "idx": 0}, "geometry": {"type": "LineString", "coordinates": [[126.97365, 37.59139], [126.97444, 37.59133], [126.97472, 37.59139], [126.97503, 37.59167], [126.97519, 37.59278], [126.97556, 37.59388], [126.97611, 37.59444], [126.97623, 37.59472], [126.9762, 37.59583], [126.97647, 37.59639], [126.9775, 37.59703], [126.97778, 37.59704], [126.97861, 37.5967], [126.979, 37.59694], [126.9792, 37.5975], [126.97861, 37.59833], [126.97889, 37.59876], [126.98, 37.59929], [126.98056, 37.59983], [126.98139, 37.60003], [126.98229, 37.60056], [126.98361, 37.6006], [126.98472, 37.60124], [126.98611, 37.60084], [126.98667, 37.60101], [126.98717, 37.60139], [126.98764, 37.6025], [126.98861, 37.60319], [126.98912, 37.60389], [126.98911, 37.60417], [126.98847, 37.60556], [126.98751, 37.60694], [126.98754, 37.60806], [126.98742, 37.60833], [126.98639, 37.60966], [126.98617, 37.61028], [126.9862, 37.61083], [126.98667, 37.61157], [126.98673, 37.61194], [126.98647, 37.61306], [126.98671, 37.61389], [126.9865, 37.61639], [126.98667, 37.61674], [126.98778, 37.61686], [126.98861, 37.61729], [126.99083, 37.61754], [126.9925, 37.61743], [126.99259, 37.61778], [126.99221, 37.61833], [126.99099, 37.61889], [126.99049, 37.61944], [126.98952, 37.61972], [126.98921, 37.62], [126.98905, 37.62111], [126.98833, 37.62185], [126.9881, 37.6225], [126.98783, 37.62278], [126.98712, 37.62306], [126.98677, 37.62333], [126.98654, 37.62389], [126.98662, 37.62417], [126.98778, 37.62459], [126.98861, 37.62443], [126.98889, 37.6245], [126.99056, 37.62662], [126.99083, 37.62675], [126.99139, 37.62633], [126.99213, 37.625], [126.9925, 37.62488], [126.99417, 37.62482], [126.99444, 37.62458], [126.99474, 37.62389], [126.99565, 37.62278], [126.99639, 37.62235], [126.99722, 37.62226], [126.99778, 37.62253], [126.99833, 37.62317], [126.99888, 37.62417], [126.99917, 37.62439], [127.0, 37.6248], [127.00087, 37.625], [127.00113, 37.62528], [127.00113, 37.62556], [127.00066, 37.62667], [127.00071, 37.6275], [127.00026, 37.62944], [127.00032, 37.62972], [127.00083, 37.6303], [127.00096, 37.63083], [127.0, 37.63118], [126.99914, 37.63167], [126.99879, 37.6325], [126.99797, 37.63333], [126.99803, 37.63444], [126.99766, 37.635], [126.99762, 37.63528], [126.99779, 37.63611], [126.99772, 37.63667], [126.99722, 37.63725], [126.99556, 37.63761], [126.9953, 37.63889], [126.99598, 37.64], [126.99586, 37.64028], [126.99491, 37.64083], [126.99492, 37.64111], [126.99536, 37.64194], [126.99536, 37.64278], [126.99549, 37.64306], [126.99667, 37.64413], [126.99698, 37.64472], [126.99694, 37.64538], [126.99605, 37.64583], [126.99584, 37.64611], [126.99586, 37.64639], [126.99722, 37.64769], [126.99796, 37.64889], [126.99861, 37.64916], [126.99885, 37.64944], [126.99903, 37.65], [126.99906, 37.65083], [126.99942, 37.65167], [126.99957, 37.65278], [126.99944, 37.65306], [126.99917, 37.65308], [126.9978, 37.65278], [126.99611, 37.65124], [126.99528, 37.65076], [126.99509, 37.65083], [126.99505, 37.65111], [126.99537, 37.6525], [126.99517, 37.65278], [126.99465, 37.65306], [126.99454, 37.65333], [126.99462, 37.65417], [126.99416, 37.65528], [126.99418, 37.65556], [126.99562, 37.65639], [126.99608, 37.65694], [126.99592, 37.6575], [126.99474, 37.65833], [126.99474, 37.65861], [126.99528, 37.65892], [126.99639, 37.65912], [126.99688, 37.65944], [126.99748, 37.66028], [126.99833, 37.66185], [126.99944, 37.66261], [126.99982, 37.66333], [126.99973, 37.66444], [126.99945, 37.66556], [127.0, 37.66778], [127.00083, 37.66855], [127.00099, 37.66889], [127.00088, 37.66972], [127.00069, 37.67028], [127.0003, 37.67056], [126.99836, 37.67083], [126.99817, 37.67111], [126.99841, 37.67139], [126.9998, 37.67222], [127.00067, 37.67361], [127.00056, 37.67391], [126.99939, 37.67444], [126.99937, 37.67472], [126.99995, 37.67556], [126.99995, 37.67583], [126.99908, 37.67639], [126.99892, 37.67667], [126.99944, 37.67741], [127.00028, 37.67792], [127.00056, 37.67825], [127.00073, 37.67889], [127.00056, 37.6798], [127.00083, 37.68002], [127.00167, 37.67978], [127.0025, 37.67981], [127.00306, 37.67935], [127.00389, 37.67922], [127.00472, 37.67801], [127.00556, 37.67762], [127.00667, 37.67668], [127.00722, 37.67663], [127.00806, 37.67685], [127.00869, 37.67667], [127.00899, 37.67639], [127.00921, 37.67556], [127.00944, 37.67525], [127.01, 37.67525], [127.01056, 37.67552], [127.01167, 37.67684], [127.01222, 37.67695], [127.01283, 37.67639], [127.01361, 37.67495], [127.01389, 37.67474], [127.01426, 37.67472], [127.01453, 37.675], [127.01473, 37.67667], [127.01421, 37.67917], [127.0142, 37.67944], [127.01444, 37.67996], [127.01472, 37.68027], [127.01583, 37.67977], [127.01639, 37.67973], [127.01682, 37.68], [127.01719, 37.68083], [127.0175, 37.68121], [127.01806, 37.68135], [127.01889, 37.68125], [127.01909, 37.68139], [127.01889, 37.6825], [127.01972, 37.6829], [127.02028, 37.68363], [127.02126, 37.68417], [127.02199, 37.685], [127.02301, 37.68583], [127.02304, 37.68611], [127.02262, 37.68694], [127.02204, 37.6875], [127.02171, 37.68806], [127.02074, 37.68861], [127.0207, 37.68889], [127.02139, 37.68958], [127.0225, 37.68996], [127.02278, 37.69023], [127.0231, 37.69278], [127.02333, 37.69292], [127.02427, 37.69222], [127.025, 37.69188], [127.02528, 37.69191], [127.02583, 37.6924], [127.02694, 37.69255], [127.02749, 37.69278], [127.02798, 37.69528], [127.02854, 37.69611], [127.02886, 37.69694], [127.02996, 37.69806], [127.03035, 37.69944], [127.03083, 37.69998], [127.0326, 37.70111], [127.033, 37.70167], [127.03298, 37.7025], [127.03278, 37.70282], [127.0325, 37.70296], [127.03, 37.70309], [127.02952, 37.70333], [127.02956, 37.70361], [127.03076, 37.70472], [127.03095, 37.70528], [127.03066, 37.70611], [127.02979, 37.70667], [127.02935, 37.70722], [127.02939, 37.71111], [127.02892, 37.71222], [127.02836, 37.71278], [127.02836, 37.71306], [127.02869, 37.71361], [127.02879, 37.71444], [127.02962, 37.71611], [127.02958, 37.71667], [127.02937, 37.71722], [127.02806, 37.7179], [127.025, 37.71751], [127.02389, 37.71749], [127.02333, 37.71724], [127.02278, 37.71663], [127.02125, 37.71722], [127.02149, 37.71806], [127.02214, 37.71917], [127.02285, 37.71972], [127.02389, 37.72082], [127.02444, 37.72176], [127.025, 37.72195], [127.02611, 37.7219], [127.02655, 37.72222], [127.0269, 37.72333], [127.02742, 37.72444], [127.02718, 37.72528], [127.02667, 37.72559], [127.02528, 37.72556], [127.02487, 37.72583], [127.02476, 37.72639], [127.02498, 37.72722], [127.02472, 37.72754], [127.02306, 37.72707], [127.02194, 37.72642], [127.02083, 37.72642], [127.01972, 37.72556], [127.01944, 37.72556], [127.01918, 37.72667], [127.01874, 37.72722], [127.01833, 37.72742], [127.01667, 37.72771], [127.01612, 37.72806], [127.01603, 37.72833], [127.01627, 37.72917], [127.01613, 37.72972], [127.015, 37.73053], [127.015, 37.73117], [127.01472, 37.73149], [127.01389, 37.7315], [127.01306, 37.7313], [127.01194, 37.73137], [127.01145, 37.73111], [127.01083, 37.73045], [127.00861, 37.72982], [127.00694, 37.72989], [127.005, 37.73043], [127.00361, 37.73114], [127.0025, 37.73062], [127.00167, 37.73065], [127.00147, 37.73056], [126.99976, 37.72861], [126.99982, 37.72833], [127.00092, 37.72806], [127.00124, 37.72778], [127.00134, 37.7275], [127.00111, 37.72699], [127.0006, 37.72639], [127.00056, 37.7261], [127.00083, 37.72579], [127.00139, 37.72571], [127.00389, 37.72633], [127.00417, 37.72635], [127.00453, 37.72611], [127.00412, 37.72556], [127.00377, 37.72472], [127.00194, 37.72343], [127.00147, 37.72194], [127.00159, 37.72139], [127.00185, 37.72111], [127.00316, 37.72056], [127.00342, 37.72028], [127.0034, 37.72], [127.00278, 37.71979], [127.00139, 37.71969], [126.99944, 37.72006], [126.99778, 37.71961], [126.99698, 37.71917], [126.9968, 37.71889], [126.99701, 37.71806], [126.99694, 37.71745], [126.99667, 37.71735], [126.99556, 37.71763], [126.99505, 37.7175], [126.99361, 37.71594], [126.99278, 37.71543], [126.99222, 37.71532], [126.99167, 37.71536], [126.98944, 37.71591], [126.98806, 37.71563], [126.98753, 37.71528], [126.9874, 37.71472], [126.98763, 37.71389], [126.98861, 37.71317], [126.98917, 37.71308], [126.98944, 37.71316], [126.99056, 37.71379], [126.99167, 37.71356], [126.99202, 37.71333], [126.9925, 37.71265], [126.99306, 37.71269], [126.99444, 37.7132], [126.995, 37.71323], [126.99611, 37.7128], [126.99687, 37.71167], [126.99722, 37.71136], [126.99806, 37.71135], [126.99944, 37.71171], [126.99963, 37.71167], [126.9998, 37.71139], [126.99934, 37.71083], [126.99833, 37.71026], [126.9975, 37.70953], [126.99694, 37.70957], [126.99656, 37.70944], [126.99583, 37.70836], [126.99556, 37.70824], [126.99511, 37.70861], [126.99472, 37.70956], [126.99444, 37.70966], [126.99306, 37.7089], [126.99246, 37.70806], [126.99139, 37.70775], [126.9908, 37.70722], [126.99028, 37.70699], [126.9875, 37.70792], [126.98639, 37.70772], [126.98627, 37.7075], [126.98631, 37.70722], [126.98673, 37.70611], [126.98695, 37.70417], [126.98761, 37.70361], [126.98775, 37.70333], [126.98765, 37.70278], [126.98799, 37.70111], [126.98861, 37.69972], [126.98988, 37.69861], [126.98999, 37.69833], [126.98995, 37.69722], [126.99011, 37.69583], [126.99, 37.69559], [126.98966, 37.69556], [126.98861, 37.69613], [126.98778, 37.69708], [126.98639, 37.6981], [126.98556, 37.69896], [126.985, 37.6993], [126.98361, 37.69965], [126.98194, 37.69954], [126.98167, 37.69943], [126.98149, 37.69917], [126.98141, 37.69806], [126.98222, 37.69695], [126.98417, 37.69636], [126.98555, 37.69556], [126.98667, 37.69462], [126.98833, 37.69289], [126.99028, 37.69113], [126.99083, 37.69088], [126.99194, 37.69074], [126.99223, 37.69028], [126.99208, 37.69], [126.99083, 37.69005], [126.98972, 37.68992], [126.98861, 37.69], [126.98802, 37.69083], [126.98611, 37.69163], [126.98556, 37.69198], [126.98472, 37.69212], [126.98333, 37.69214], [126.9825, 37.6928], [126.98056, 37.69269], [126.9803, 37.6925], [126.98, 37.69197], [126.97944, 37.6919], [126.97806, 37.69276], [126.97725, 37.69361], [126.97667, 37.69398], [126.97639, 37.69405], [126.97472, 37.6937], [126.97463, 37.69333], [126.97503, 37.69194], [126.97489, 37.69139], [126.97444, 37.69122], [126.97361, 37.69162], [126.97222, 37.69073], [126.97111, 37.69053], [126.96907, 37.68861], [126.96972, 37.68724], [126.97056, 37.68677], [126.97097, 37.68611], [126.971, 37.68583], [126.97078, 37.68556], [126.96944, 37.68503], [126.96917, 37.6848], [126.96868, 37.68361], [126.96784, 37.68306], [126.96722, 37.68226], [126.96639, 37.68176], [126.9662, 37.68139], [126.96628, 37.68111], [126.96667, 37.68076], [126.96778, 37.68049], [126.96824, 37.67972], [126.96861, 37.67953], [126.97056, 37.67995], [126.97139, 37.68032], [126.9725, 37.6806], [126.97361, 37.68151], [126.97389, 37.68153], [126.97472, 37.68106], [126.975, 37.68106], [126.97583, 37.68166], [126.97611, 37.68166], [126.97638, 37.68139], [126.97642, 37.67972], [126.97667, 37.67939], [126.97722, 37.67923], [126.98, 37.67916], [126.98158, 37.67861], [126.98161, 37.67833], [126.98123, 37.67778], [126.9812, 37.6775], [126.98202, 37.67694], [126.98207, 37.67667], [126.98147, 37.67556], [126.98167, 37.67524], [126.98278, 37.67513], [126.98292, 37.675], [126.9828, 37.67417], [126.98289, 37.67389], [126.98421, 37.6725], [126.98416, 37.67222], [126.98306, 37.67194], [126.98284, 37.67167], [126.98254, 37.67083], [126.98222, 37.67069], [126.98083, 37.67163], [126.9796, 37.67194], [126.9775, 37.67274], [126.97694, 37.6728], [126.97528, 37.67218], [126.97518, 37.67194], [126.97538, 37.67111], [126.97526, 37.67083], [126.9725, 37.66987], [126.97167, 37.67], [126.97056, 37.67071], [126.96944, 37.67058], [126.96806, 37.67066], [126.96639, 37.67014], [126.96631, 37.67], [126.96673, 37.66944], [126.96684, 37.66889], [126.96666, 37.66778], [126.96639, 37.66746], [126.96556, 37.66771], [126.96439, 37.66833], [126.96333, 37.66982], [126.96306, 37.66977], [126.96268, 37.66917], [126.96282, 37.66861], [126.96417, 37.66722], [126.96553, 37.66639], [126.96558, 37.66611], [126.96512, 37.66528], [126.9651, 37.665], [126.96554, 37.66361], [126.96528, 37.66338], [126.96306, 37.66397], [126.96139, 37.66371], [126.96104, 37.66333], [126.96116, 37.66222], [126.96108, 37.66194], [126.9608, 37.66167], [126.95972, 37.66135], [126.95917, 37.66099], [126.95842, 37.65972], [126.95817, 37.65889], [126.95833, 37.65859], [126.96056, 37.65703], [126.96111, 37.65606], [126.96258, 37.65472], [126.96333, 37.65439], [126.96444, 37.65432], [126.96485, 37.65417], [126.96489, 37.65389], [126.96433, 37.65306], [126.96436, 37.65278], [126.96583, 37.6513], [126.96723, 37.65028], [126.96738, 37.65], [126.96711, 37.64972], [126.96639, 37.64973], [126.96444, 37.65027], [126.96278, 37.65113], [126.96194, 37.65121], [126.96083, 37.65166], [126.96056, 37.65167], [126.95833, 37.65155], [126.95667, 37.65089], [126.95612, 37.65028], [126.9551, 37.64972], [126.95502, 37.64944], [126.95514, 37.64917], [126.95609, 37.64778], [126.95599, 37.64722], [126.95472, 37.64694], [126.95409, 37.64667], [126.95333, 37.64584], [126.95306, 37.6457], [126.95222, 37.64569], [126.95196, 37.64556], [126.95209, 37.64528], [126.95361, 37.64388], [126.95528, 37.64313], [126.95639, 37.64296], [126.95678, 37.64278], [126.9569, 37.6425], [126.95675, 37.64167], [126.95682, 37.64139], [126.95737, 37.64083], [126.95814, 37.63972], [126.9584, 37.63861], [126.95833, 37.63849], [126.95778, 37.63842], [126.95611, 37.63865], [126.95556, 37.63892], [126.955, 37.63943], [126.95417, 37.63966], [126.9525, 37.63949], [126.95139, 37.63987], [126.95083, 37.6398], [126.95052, 37.63944], [126.95046, 37.63889], [126.9511, 37.6375], [126.95167, 37.63719], [126.95306, 37.63693], [126.95339, 37.63667], [126.95363, 37.63611], [126.95379, 37.63528], [126.95365, 37.63417], [126.9539, 37.63361], [126.95389, 37.63333], [126.95313, 37.63194], [126.95278, 37.63182], [126.9525, 37.63189], [126.95137, 37.6325], [126.95108, 37.63278], [126.95088, 37.63361], [126.95068, 37.63389], [126.95028, 37.63416], [126.95, 37.63417], [126.94917, 37.63393], [126.94861, 37.63357], [126.94821, 37.63306], [126.9475, 37.63168], [126.94667, 37.63079], [126.94611, 37.63065], [126.94546, 37.63083], [126.94491, 37.63111], [126.94444, 37.63175], [126.94389, 37.63179], [126.94313, 37.63139], [126.94222, 37.63014], [126.94218, 37.62972], [126.94264, 37.62889], [126.94312, 37.62722], [126.94306, 37.62692], [126.94194, 37.62643], [126.94168, 37.62611], [126.94149, 37.62556], [126.94161, 37.625], [126.94194, 37.62455], [126.94306, 37.6238], [126.94476, 37.62333], [126.94472, 37.62306], [126.94444, 37.62282], [126.94329, 37.62222], [126.94269, 37.62111], [126.94278, 37.62009], [126.9425, 37.61974], [126.94069, 37.61944], [126.94004, 37.61917], [126.93984, 37.61889], [126.94005, 37.61667], [126.94083, 37.61596], [126.94111, 37.61591], [126.94222, 37.61624], [126.94306, 37.61625], [126.94417, 37.61704], [126.94528, 37.61718], [126.94556, 37.61741], [126.94611, 37.61832], [126.94667, 37.61872], [126.9475, 37.61892], [126.94777, 37.61917], [126.94806, 37.61981], [126.94833, 37.61994], [126.94917, 37.61966], [126.95, 37.61852], [126.95028, 37.61834], [126.95056, 37.61833], [126.95111, 37.61853], [126.95154, 37.61889], [126.95194, 37.61981], [126.95234, 37.62], [126.95361, 37.62027], [126.95444, 37.61984], [126.955, 37.61922], [126.95667, 37.61781], [126.95722, 37.6176], [126.95833, 37.61806], [126.95917, 37.6179], [126.95944, 37.61804], [126.96013, 37.61889], [126.96165, 37.61972], [126.96333, 37.61985], [126.96378, 37.62], [126.96444, 37.62049], [126.96472, 37.62033], [126.96491, 37.62], [126.96459, 37.61889], [126.9644, 37.61861], [126.96333, 37.6182], [126.96307, 37.61778], [126.9631, 37.61722], [126.96381, 37.61639], [126.96387, 37.61611], [126.96345, 37.615], [126.9634, 37.61472], [126.96361, 37.61452], [126.965, 37.61488], [126.96583, 37.61555], [126.96667, 37.61588], [126.9675, 37.61654], [126.96778, 37.61661], [126.96972, 37.61493], [126.97056, 37.61489], [126.97167, 37.61521], [126.9725, 37.61531], [126.97472, 37.61661], [126.97722, 37.61757], [126.97758, 37.6175], [126.97834, 37.61667], [126.97984, 37.61611], [126.98022, 37.61556], [126.98028, 37.61499], [126.98167, 37.61435], [126.98348, 37.61278], [126.98354, 37.6125], [126.98283, 37.61139], [126.98293, 37.61111], [126.98389, 37.61033], [126.9842, 37.60972], [126.9843, 37.60861], [126.98387, 37.60778], [126.98418, 37.60639], [126.9841, 37.60611], [126.98278, 37.60574], [126.98203, 37.605], [126.98139, 37.60412], [126.98111, 37.60386], [126.98051, 37.60361], [126.97972, 37.60271], [126.97889, 37.60258], [126.97778, 37.60284], [126.97705, 37.60278], [126.97639, 37.602], [126.97543, 37.60139], [126.97532, 37.60028], [126.97506, 37.6], [126.97444, 37.59993], [126.97389, 37.60003], [126.97361, 37.59992], [126.97353, 37.59972], [126.97361, 37.5996], [126.97499, 37.59833], [126.97523, 37.59722], [126.975, 37.59673], [126.97417, 37.59626], [126.97361, 37.5956], [126.97324, 37.59472], [126.97264, 37.59417], [126.97243, 37.59361], [126.97232, 37.59306], [126.97267, 37.59222], [126.97306, 37.59171], [126.97365, 37.59139]]}}, {"type": "Feature", "properties": {"elev": 250, "idx": 0}, "geometry": {"type": "LineString", "coordinates": [[126.93655, 37.66833], [126.93667, 37.66816], [126.93694, 37.66807], [126.93833, 37.66826], [126.93972, 37.66814], [126.94002, 37.66833], [126.94038, 37.66917], [126.94111, 37.66964], [126.94167, 37.67028], [126.94222, 37.6705], [126.94306, 37.67034], [126.94389, 37.66995], [126.94417, 37.66996], [126.94444, 37.67025], [126.94451, 37.67056], [126.94443, 37.67139], [126.94452, 37.67167], [126.9452, 37.67278], [126.94583, 37.67347], [126.94611, 37.67367], [126.94667, 37.6738], [126.94806, 37.67374], [126.94897, 37.67444], [126.94909, 37.67472], [126.94881, 37.67556], [126.94884, 37.67583], [126.94957, 37.67694], [126.94885, 37.67806], [126.94831, 37.67861], [126.94824, 37.67889], [126.94901, 37.68], [126.95045, 37.68056], [126.95137, 37.68167], [126.95241, 37.6825], [126.95229, 37.68361], [126.95161, 37.68472], [126.95164, 37.685], [126.95294, 37.68583], [126.95393, 37.68694], [126.95444, 37.68716], [126.95556, 37.68728], [126.95593, 37.6875], [126.95591, 37.68889], [126.95531, 37.69], [126.95532, 37.69028], [126.95553, 37.69056], [126.95611, 37.69072], [126.9575, 37.69058], [126.95833, 37.69075], [126.95871, 37.69111], [126.95908, 37.69194], [126.9591, 37.69333], [126.95889, 37.69386], [126.95606, 37.69556], [126.95565, 37.69639], [126.95556, 37.69737], [126.95417, 37.69748], [126.95361, 37.69839], [126.95333, 37.69855], [126.95291, 37.69833], [126.95194, 37.6973], [126.95028, 37.69653], [126.95016, 37.69611], [126.95027, 37.69583], [126.95083, 37.69519], [126.95167, 37.69458], [126.95182, 37.69417], [126.95067, 37.69139], [126.95, 37.69064], [126.94944, 37.69031], [126.94861, 37.69025], [126.9475, 37.69043], [126.94667, 37.69078], [126.94583, 37.69083], [126.94556, 37.69073], [126.94472, 37.69003], [126.94278, 37.68996], [126.94139, 37.68924], [126.94111, 37.68923], [126.94056, 37.68946], [126.94028, 37.69046], [126.93972, 37.69064], [126.93917, 37.69056], [126.93806, 37.69014], [126.93758, 37.68972], [126.93752, 37.68944], [126.9377, 37.68917], [126.93851, 37.68861], [126.93944, 37.68667], [126.93917, 37.68631], [126.93821, 37.68583], [126.93772, 37.68444], [126.93806, 37.68376], [126.93888, 37.68306], [126.9393, 37.68222], [126.94004, 37.68139], [126.94, 37.68111], [126.93961, 37.68056], [126.93806, 37.68003], [126.93799, 37.67972], [126.93841, 37.67889], [126.94, 37.67746], [126.94067, 37.67667], [126.94111, 37.67636], [126.94127, 37.67611], [126.94155, 37.67444], [126.94126, 37.67389], [126.94005, 37.67333], [126.93973, 37.6725], [126.93945, 37.67222], [126.93806, 37.67186], [126.93774, 37.67167], [126.93768, 37.67083], [126.93641, 37.66944], [126.93629, 37.66917], [126.93655, 37.66833]]}}, {"type": "Feature", "properties": {"elev": 250, "idx": 0}, "geometry": {"type": "LineString", "coordinates": [[127.07024, 37.67417], [127.07111, 37.674], [127.07167, 37.67422], [127.07294, 37.67583], [127.07278, 37.6761], [127.07222, 37.67591], [127.07062, 37.675], [127.07013, 37.67444], [127.07024, 37.67417]]}}, {"type": "Feature", "properties": {"elev": 250, "idx": 0}, "geometry": {"type": "LineString", "coordinates": [[126.95662, 37.69806], [126.9575, 37.69805], [126.95806, 37.69836], [126.95889, 37.69857], [126.96, 37.69826], [126.96056, 37.69827], [126.96167, 37.69889], [126.96278, 37.7], [126.96289, 37.70028], [126.9626, 37.70111], [126.96292, 37.70278], [126.96278, 37.70313], [126.96149, 37.70472], [126.96147, 37.705], [126.96175, 37.70583], [126.96219, 37.70667], [126.96216, 37.70806], [126.96194, 37.70867], [126.96167, 37.70887], [126.95889, 37.70934], [126.95833, 37.7092], [126.95815, 37.70889], [126.95845, 37.7075], [126.95833, 37.70722], [126.95778, 37.70679], [126.95722, 37.70606], [126.95653, 37.70556], [126.95646, 37.70528], [126.95667, 37.70498], [126.95944, 37.70443], [126.95992, 37.70417], [126.96011, 37.70389], [126.96003, 37.70361], [126.95913, 37.70278], [126.95861, 37.70202], [126.95783, 37.70167], [126.95764, 37.70139], [126.95801, 37.70056], [126.95798, 37.70028], [126.95694, 37.69874], [126.95653, 37.69833], [126.95662, 37.69806]]}}, {"type": "Feature", "properties": {"elev": 250, "idx": 0}, "geometry": {"type": "LineString", "coordinates": [[126.96201, 37.71667], [126.96222, 37.71646], [126.96278, 37.71654], [126.96333, 37.71735], [126.96547, 37.71861], [126.96561, 37.71889], [126.96564, 37.71944], [126.96528, 37.72007], [126.96472, 37.7204], [126.96444, 37.72044], [126.96417, 37.72032], [126.96278, 37.71818], [126.96194, 37.71765], [126.96186, 37.7175], [126.96201, 37.71667]]}}, {"type": "Feature", "properties": {"elev": 250, "idx": 0}, "geometry": {"type": "LineString", "coordinates": [[127.07972, 37.71927], [127.0775, 37.71895], [127.07667, 37.71944], [127.07556, 37.71912], [127.07528, 37.71915], [127.07466, 37.71972], [127.07417, 37.72076], [127.07361, 37.72076], [127.07278, 37.72045], [127.07245, 37.72028], [127.07238, 37.72], [127.07247, 37.71944], [127.07142, 37.71806], [127.07136, 37.71778], [127.07159, 37.71667], [127.07135, 37.71639], [127.07056, 37.71602], [127.07, 37.71539], [127.06917, 37.71499], [127.06861, 37.71408], [127.06833, 37.71383], [127.06779, 37.71361], [127.06759, 37.71333], [127.06819, 37.71167], [127.06897, 37.71083], [127.06917, 37.70946], [127.07, 37.7095], [127.07083, 37.70924], [127.07167, 37.70926], [127.07194, 37.709], [127.07222, 37.70833], [127.0725, 37.70821], [127.07333, 37.70829], [127.07361, 37.70813], [127.07359, 37.70694], [127.074, 37.70611], [127.07385, 37.70583], [127.07278, 37.70496], [127.07089, 37.70389], [127.07081, 37.70361], [127.07167, 37.70275], [127.0725, 37.70298], [127.07333, 37.70302], [127.07398, 37.70278], [127.07405, 37.7025], [127.07356, 37.70194], [127.07331, 37.70139], [127.07334, 37.70111], [127.07382, 37.70028], [127.07194, 37.70001], [127.07008, 37.69944], [127.06985, 37.69889], [127.07021, 37.69778], [127.06944, 37.69638], [127.06889, 37.696], [127.06778, 37.69648], [127.06722, 37.69647], [127.06656, 37.69556], [127.06635, 37.69472], [127.06651, 37.69417], [127.06728, 37.69306], [127.06705, 37.69222], [127.06717, 37.69194], [127.06778, 37.69169], [127.06889, 37.69176], [127.06944, 37.69146], [127.06962, 37.69111], [127.06922, 37.69028], [127.06926, 37.69], [127.07028, 37.68956], [127.07083, 37.68945], [127.07111, 37.68952], [127.07194, 37.68997], [127.075, 37.69079], [127.07583, 37.69159], [127.07611, 37.69167], [127.07727, 37.69083], [127.07725, 37.69056], [127.07667, 37.68993], [127.07611, 37.689], [127.07497, 37.68833], [127.07412, 37.68722], [127.07333, 37.68415], [127.07306, 37.68375], [127.0724, 37.68333], [127.07236, 37.68306], [127.0725, 37.683], [127.07417, 37.68279], [127.0744, 37.6825], [127.07437, 37.68194], [127.07404, 37.68111], [127.07276, 37.67944], [127.07288, 37.67889], [127.07283, 37.67806], [127.07334, 37.67667], [127.07361, 37.67657], [127.07452, 37.67722], [127.07464, 37.6775], [127.07449, 37.67806], [127.0746, 37.67861], [127.07551, 37.68056], [127.07639, 37.68165], [127.0766, 37.6825], [127.07693, 37.68306], [127.07722, 37.68325], [127.07833, 37.68297], [127.07917, 37.68309], [127.0796, 37.68333], [127.07972, 37.68406]]}}, {"type": "Feature", "properties": {"elev": 250, "idx": 0}, "geometry": {"type": "LineString", "coordinates": [[126.96453, 37.72306], [126.96472, 37.72287], [126.965, 37.72295], [126.96502, 37.72333], [126.96472, 37.72346], [126.96448, 37.72333], [126.96453, 37.72306]]}}, {"type": "Feature", "properties": {"elev": 250, "idx": 0}, "geometry": {"type": "LineString", "coordinates": [[126.9, 37.72609], [126.90083, 37.72657], [126.90266, 37.72722], [126.90423, 37.72833], [126.9044, 37.72861], [126.90435, 37.72889], [126.90367, 37.72972], [126.90364, 37.73028], [126.90418, 37.73111], [126.90449, 37.73222], [126.90544, 37.73333], [126.90541, 37.73361], [126.90497, 37.73417], [126.90377, 37.735], [126.90365, 37.73556], [126.90389, 37.73591], [126.90475, 37.73639], [126.90451, 37.73694], [126.90454, 37.73722], [126.90521, 37.73806], [126.90553, 37.73917], [126.90611, 37.73956], [126.9075, 37.73985], [126.90796, 37.74028], [126.90997, 37.74389], [126.91044, 37.745], [126.91035, 37.74556], [126.91, 37.74622], [126.90927, 37.74694], [126.90889, 37.74704], [126.90795, 37.74694], [126.90781, 37.74722], [126.90771, 37.74833], [126.9075, 37.74867], [126.90667, 37.74911], [126.90556, 37.74895], [126.905, 37.74929], [126.90389, 37.75081], [126.90306, 37.75161], [126.90262, 37.7525], [126.90222, 37.75298], [126.90194, 37.75305], [126.90167, 37.75294], [126.90089, 37.75222], [126.9006, 37.75083], [126.90059, 37.74944], [126.9, 37.74854]]}}, {"type": "Feature", "properties": {"elev": 250, "idx": 0}, "geometry": {"type": "LineString", "coordinates": [[126.9, 37.7288], [126.9, 37.7285]]}}, {"type": "Feature", "properties": {"elev": 250, "idx": 0}, "geometry": {"type": "LineString", "coordinates": [[126.98566, 37.73278], [126.98613, 37.73278], [126.98639, 37.73306], [126.98634, 37.73333], [126.98611, 37.73343], [126.9858, 37.73333], [126.98559, 37.73306], [126.98566, 37.73278]]}}, {"type": "Feature", "properties": {"elev": 250, "idx": 0}, "geometry": {"type": "LineString", "coordinates": [[126.9, 37.73367], [126.90012, 37.73333], [126.9, 37.73287]]}}, {"type": "Feature", "properties": {"elev": 250, "idx": 0}, "geometry": {"type": "LineString", "coordinates": [[126.9, 37.74148], [126.9, 37.74132]]}}, {"type": "Feature", "properties": {"elev": 250, "idx": 0}, "geometry": {"type": "LineString", "coordinates": [[126.9, 37.74641], [126.90056, 37.74604], [126.90175, 37.74556], [126.90245, 37.74444], [126.90232, 37.74417], [126.90027, 37.74333], [126.9, 37.74294]]}}, {"type": "Feature", "properties": {"elev": 250, "idx": 0}, "geometry": {"type": "LineString", "coordinates": [[126.91485, 37.76], [126.91515, 37.75889], [126.91583, 37.75791], [126.91611, 37.75779], [126.91639, 37.75785], [126.9175, 37.75827], [126.91816, 37.75806], [126.91837, 37.75778], [126.91839, 37.7575], [126.9182, 37.75694], [126.91819, 37.75639], [126.91861, 37.75528], [126.91917, 37.75474], [126.92028, 37.75458], [126.92111, 37.75417], [126.92175, 37.7525], [126.92167, 37.75217], [126.92056, 37.75168], [126.91917, 37.75154], [126.91812, 37.75111], [126.91789, 37.75083], [126.91775, 37.75028], [126.9175, 37.75008], [126.91694, 37.75007], [126.91556, 37.75035], [126.91435, 37.75], [126.91415, 37.74806], [126.91395, 37.7475], [126.91417, 37.74733], [126.91551, 37.74694], [126.91586, 37.74667], [126.91588, 37.74639], [126.91546, 37.74556], [126.91523, 37.74417], [126.91533, 37.74389], [126.91593, 37.74333], [126.91603, 37.74306], [126.91568, 37.74222], [126.91574, 37.74111], [126.91611, 37.74099], [126.9175, 37.74118], [126.91944, 37.74047], [126.92111, 37.74062], [126.92222, 37.74057], [126.92333, 37.74002], [126.92389, 37.7399], [126.92444, 37.74001], [126.92528, 37.74057], [126.92556, 37.7405], [126.92576, 37.74028], [126.92595, 37.73972], [126.92472, 37.73874], [126.92393, 37.73833], [126.92361, 37.73784], [126.92333, 37.73777], [126.92222, 37.73794], [126.92167, 37.73765], [126.92147, 37.73722], [126.92157, 37.73694], [126.92221, 37.73611], [126.92221, 37.73583], [126.92194, 37.73563], [126.92092, 37.73528], [126.92028, 37.7348], [126.91972, 37.7348], [126.91861, 37.73529], [126.91833, 37.73524], [126.91807, 37.735], [126.91797, 37.73472], [126.91857, 37.73389], [126.91859, 37.73361], [126.91826, 37.73306], [126.91846, 37.7325], [126.91837, 37.73167], [126.91853, 37.73083], [126.91806, 37.72944], [126.91833, 37.72858], [126.9179, 37.72778], [126.91712, 37.72722], [126.91644, 37.72611], [126.91541, 37.72528], [126.91547, 37.725], [126.91578, 37.72472], [126.91667, 37.72444], [126.91861, 37.72471], [126.92083, 37.72591], [126.92139, 37.72591], [126.92176, 37.72583], [126.92208, 37.72556], [126.92205, 37.72472], [126.92222, 37.72421], [126.92278, 37.72406], [126.92361, 37.72416], [126.92389, 37.72431], [126.92413, 37.72472], [126.9242, 37.72556], [126.925, 37.7265], [126.92611, 37.72669], [126.9266, 37.72694], [126.92703, 37.72806], [126.92702, 37.72972], [126.92726, 37.73], [126.92854, 37.73056], [126.92895, 37.73139], [126.93, 37.73152], [126.93111, 37.73193], [126.9325, 37.73164], [126.93361, 37.73171], [126.93444, 37.73159], [126.93491, 37.73111], [126.93528, 37.72965], [126.93556, 37.72933], [126.93722, 37.72934], [126.93861, 37.72919], [126.94, 37.72891], [126.94056, 37.72867], [126.94167, 37.7286], [126.94278, 37.72827], [126.94417, 37.72821], [126.945, 37.72866], [126.94541, 37.72917], [126.94539, 37.72944], [126.94487, 37.73056], [126.94444, 37.73095], [126.94222, 37.73148], [126.94028, 37.73132], [126.93917, 37.73171], [126.93722, 37.73202], [126.93652, 37.7325], [126.93619, 37.73306], [126.93614, 37.73361], [126.93666, 37.73444], [126.93662, 37.73472], [126.93641, 37.73556], [126.93555, 37.73639], [126.93547, 37.73667], [126.93553, 37.73722], [126.9354, 37.73833], [126.93551, 37.73861], [126.93694, 37.73809], [126.93752, 37.73806], [126.93833, 37.73747], [126.93944, 37.73773], [126.94056, 37.73833], [126.94194, 37.73827], [126.94306, 37.73776], [126.94333, 37.73774], [126.94444, 37.73816], [126.945, 37.73814], [126.94534, 37.73778], [126.94542, 37.7375], [126.94523, 37.73611], [126.94556, 37.73599], [126.94588, 37.73611], [126.94599, 37.73694], [126.94624, 37.7375], [126.94694, 37.73798], [126.9474, 37.73861], [126.94861, 37.73966], [126.94972, 37.74], [126.95008, 37.74028], [126.95018, 37.74056], [126.95018, 37.74139], [126.95042, 37.74222], [126.95031, 37.7425], [126.95, 37.74265], [126.94806, 37.74258], [126.94722, 37.74299], [126.947, 37.74333], [126.94702, 37.74417], [126.94667, 37.7455], [126.94583, 37.74561], [126.945, 37.74593], [126.94439, 37.74667], [126.94333, 37.7469], [126.94361, 37.74833], [126.94348, 37.74889], [126.94222, 37.74968], [126.94111, 37.74981], [126.94054, 37.75], [126.94045, 37.75028], [126.94059, 37.75056], [126.94222, 37.75133], [126.94306, 37.75149], [126.94331, 37.75167], [126.94361, 37.7525], [126.94389, 37.75267], [126.94444, 37.75237], [126.94528, 37.75154], [126.94611, 37.75092], [126.94639, 37.75077], [126.94778, 37.75052], [126.94872, 37.74972], [126.94979, 37.74917], [126.95056, 37.74807], [126.95143, 37.74778], [126.95164, 37.7475], [126.9519, 37.74667], [126.9525, 37.7462], [126.955, 37.74529], [126.95611, 37.74585], [126.95722, 37.74607], [126.95751, 37.74639], [126.95747, 37.74694], [126.95722, 37.74716], [126.95639, 37.74745], [126.955, 37.7482], [126.95449, 37.75], [126.95472, 37.75053], [126.95546, 37.75111], [126.95554, 37.75194], [126.95657, 37.75306], [126.95694, 37.75404], [126.95722, 37.75435], [126.9575, 37.75451], [126.95778, 37.75439], [126.95903, 37.75333], [126.95916, 37.75278], [126.95976, 37.75167], [126.95983, 37.75083], [126.95963, 37.75], [126.95972, 37.74972], [126.96028, 37.74919], [126.96111, 37.74893], [126.9625, 37.74897], [126.96361, 37.74931], [126.96472, 37.7499], [126.96539, 37.75056], [126.96593, 37.75139], [126.96718, 37.7525], [126.96782, 37.75333], [126.96795, 37.75361], [126.96785, 37.75444], [126.968, 37.75528], [126.96786, 37.75694], [126.96667, 37.7588], [126.9659, 37.75972], [126.96583, 37.76]]}}, {"type": "Feature", "properties": {"elev": 250, "idx": 0}, "geometry": {"type": "LineString", "coordinates": [[126.96896, 37.76], [126.96964, 37.75917], [126.97001, 37.75833], [126.97056, 37.75605], [126.9715, 37.75472], [126.9715, 37.75417], [126.97192, 37.75306], [126.97157, 37.75167], [126.97058, 37.75083], [126.96861, 37.74848], [126.96622, 37.74722], [126.965, 37.74632], [126.96326, 37.74528], [126.963, 37.745], [126.96264, 37.74417], [126.9619, 37.74333], [126.96083, 37.74275], [126.96031, 37.74222], [126.96031, 37.74194], [126.96083, 37.74156], [126.96194, 37.7413], [126.96306, 37.74135], [126.96333, 37.74111], [126.96345, 37.74056], [126.96332, 37.73944], [126.96306, 37.7391], [126.96194, 37.73899], [126.96166, 37.73806], [126.96074, 37.73778], [126.96, 37.73691], [126.95861, 37.73704], [126.95763, 37.73667], [126.95732, 37.73639], [126.9575, 37.73491], [126.95699, 37.73389], [126.95712, 37.73361], [126.958, 37.73306], [126.95778, 37.73178], [126.9575, 37.73153], [126.95639, 37.73113], [126.95528, 37.73108], [126.955, 37.73102], [126.95483, 37.73083], [126.95498, 37.73056], [126.95594, 37.72972], [126.95629, 37.72917], [126.95626, 37.72889], [126.95568, 37.72833], [126.95575, 37.72722], [126.95548, 37.72667], [126.95543, 37.72611], [126.95512, 37.72556], [126.9551, 37.72528], [126.95556, 37.7248], [126.95611, 37.7247], [126.95722, 37.72499], [126.95861, 37.72513], [126.95944, 37.72489], [126.96056, 37.72485], [126.96167, 37.7243], [126.96306, 37.72439], [126.96341, 37.72472], [126.96359, 37.72556], [126.96417, 37.7267], [126.96459, 37.72722], [126.96567, 37.72806], [126.96639, 37.72972], [126.96634, 37.73], [126.96587, 37.73056], [126.96581, 37.73083], [126.96587, 37.73139], [126.96632, 37.73222], [126.96652, 37.73306], [126.9675, 37.73412], [126.96864, 37.73472], [126.9689, 37.73556], [126.96914, 37.73583], [126.97056, 37.73648], [126.97089, 37.73722], [126.97079, 37.73806], [126.97165, 37.73861], [126.97207, 37.74], [126.9722, 37.74139], [126.97194, 37.74176], [126.97028, 37.74315], [126.9693, 37.74361], [126.96922, 37.74472], [126.96889, 37.74556], [126.96893, 37.74583], [126.96976, 37.74667], [126.9699, 37.74694], [126.97099, 37.75], [126.97194, 37.75102], [126.97222, 37.75114], [126.97278, 37.75092], [126.9735, 37.75028], [126.97423, 37.74917], [126.97497, 37.74833], [126.97533, 37.74722], [126.97611, 37.74669], [126.97722, 37.7463], [126.97806, 37.74662], [126.97852, 37.74722], [126.97847, 37.7475], [126.97759, 37.74833], [126.9775, 37.74861], [126.97759, 37.74917], [126.97778, 37.74952], [126.97917, 37.75055], [126.98, 37.75046], [126.98083, 37.75104], [126.98222, 37.75102], [126.98278, 37.75116], [126.98417, 37.75075], [126.98441, 37.75056], [126.98428, 37.75], [126.98438, 37.74972], [126.98522, 37.74889], [126.98541, 37.74778], [126.98616, 37.74667], [126.98596, 37.74611], [126.98528, 37.74555], [126.98384, 37.74361], [126.98417, 37.74335], [126.98472, 37.7433], [126.98528, 37.74304], [126.98626, 37.74222], [126.98645, 37.74167], [126.9863, 37.74111], [126.98556, 37.74024], [126.98461, 37.73944], [126.9846, 37.73889], [126.985, 37.73858], [126.98667, 37.73867], [126.98833, 37.73828], [126.99028, 37.73819], [126.99083, 37.73795], [126.99103, 37.7375], [126.99049, 37.73639], [126.99057, 37.73528], [126.99042, 37.73444], [126.99068, 37.73417], [126.99111, 37.73411], [126.99194, 37.73441], [126.99415, 37.73583], [126.995, 37.73673], [126.99528, 37.73688], [126.99611, 37.73692], [126.99639, 37.73705], [126.99749, 37.73806], [126.99767, 37.73833], [126.99771, 37.73889], [126.99729, 37.73972], [126.99728, 37.74], [126.99802, 37.74083], [126.99759, 37.74167], [127.00028, 37.74254], [127.00074, 37.74306], [127.00075, 37.74361], [127.00045, 37.74472], [127.00038, 37.74639], [127.00056, 37.74694], [127.00119, 37.74722], [127.00146, 37.7475], [127.00166, 37.74972], [127.00083, 37.75061], [127.0001, 37.75167], [126.9991, 37.75222], [126.99896, 37.75306], [126.99762, 37.75361], [126.99796, 37.75417], [126.99799, 37.75444], [126.99709, 37.75528], [126.99701, 37.75639], [126.99667, 37.7569], [126.995, 37.75749], [126.99361, 37.75826], [126.9925, 37.75869], [126.99063, 37.75917], [126.99056, 37.75944], [126.99083, 37.76]]}}, {"type": "Feature", "properties": {"elev": 250, "idx": 0}, "geometry": {"type": "LineString", "coordinates": [[126.9925, 37.76], [126.99333, 37.75964], [126.99361, 37.75885], [126.99389, 37.75845], [126.99528, 37.75852], [126.99611, 37.75877], [126.99639, 37.75874], [126.99694, 37.75829], [126.99806, 37.7581], [126.99917, 37.75722], [127.00028, 37.75587], [127.0007, 37.755], [127.00167, 37.75379], [127.00306, 37.75237], [127.00442, 37.75139], [127.00444, 37.75111], [127.00414, 37.75028], [127.00421, 37.74611], [127.00444, 37.74593], [127.00528, 37.74573], [127.00555, 37.74556], [127.00611, 37.74477], [127.00706, 37.74444], [127.00713, 37.74417], [127.00696, 37.74306], [127.00722, 37.74279], [127.00806, 37.74287], [127.00917, 37.74266], [127.01056, 37.74327], [127.01145, 37.74389], [127.01222, 37.74463], [127.01333, 37.74524], [127.0139, 37.74611], [127.01393, 37.74667], [127.01361, 37.74682], [127.01306, 37.7468], [127.01, 37.74617], [127.00944, 37.74635], [127.00929, 37.7475], [127.00976, 37.74861], [127.00982, 37.74944], [127.01026, 37.75028], [127.01011, 37.75056], [127.00944, 37.751], [127.00611, 37.75229], [127.00479, 37.75417], [127.00458, 37.75583], [127.00541, 37.75694], [127.00548, 37.75833], [127.0056, 37.75861], [127.00611, 37.7587], [127.00722, 37.75845], [127.00833, 37.75839], [127.00889, 37.75857], [127.00917, 37.7588], [127.00944, 37.75949], [127.01103, 37.76]]}}, {"type": "Feature", "properties": {"elev": 300, "idx": 1}, "geometry": {"type": "LineString", "coordinates": [[126.95736, 37.58444], [126.95778, 37.58421], [126.95817, 37.58444], [126.9583, 37.58472], [126.95836, 37.58556], [126.95867, 37.58583], [126.95871, 37.58611], [126.95818, 37.58611], [126.95805, 37.58556], [126.95727, 37.585], [126.95722, 37.58472], [126.95736, 37.58444]]}}, {"type": "Feature", "properties": {"elev": 300, "idx": 1}, "geometry": {"type": "LineString", "coordinates": [[126.97356, 37.59222], [126.97396, 37.59222], [126.97432, 37.59306], [126.97417, 37.59396], [126.97389, 37.59414], [126.97306, 37.59357], [126.9728, 37.59306], [126.97356, 37.59222]]}}, {"type": "Feature", "properties": {"elev": 300, "idx": 1}, "geometry": {"type": "LineString", "coordinates": [[126.97712, 37.6], [126.97722, 37.59987], [126.97761, 37.6], [126.97796, 37.60056], [126.97778, 37.60073], [126.97725, 37.60056], [126.97707, 37.60028], [126.97712, 37.6]]}}, {"type": "Feature", "properties": {"elev": 300, "idx": 1}, "geometry": {"type": "LineString", "coordinates": [[126.98285, 37.6025], [126.98361, 37.60235], [126.98472, 37.60236], [126.98583, 37.60265], [126.98694, 37.60356], [126.9871, 37.60389], [126.98687, 37.605], [126.98639, 37.60578], [126.98611, 37.60597], [126.98583, 37.60578], [126.98556, 37.60472], [126.98528, 37.60442], [126.98444, 37.60432], [126.98361, 37.60461], [126.98306, 37.60436], [126.98268, 37.60389], [126.98261, 37.60361], [126.98285, 37.6025]]}}, {"type": "Feature", "properties": {"elev": 300, "idx": 1}, "geometry": {"type": "LineString", "coordinates": [[126.98305, 37.61444], [126.98361, 37.61424], [126.98417, 37.61424], [126.98471, 37.61444], [126.98496, 37.61472], [126.98507, 37.61583], [126.98537, 37.61667], [126.98513, 37.61778], [126.98522, 37.61806], [126.98583, 37.61847], [126.98704, 37.61889], [126.9871, 37.61944], [126.9868, 37.62139], [126.98662, 37.62167], [126.98556, 37.62197], [126.98488, 37.6225], [126.98437, 37.62333], [126.98431, 37.62389], [126.98479, 37.62556], [126.98528, 37.62571], [126.98639, 37.62559], [126.98685, 37.62583], [126.98722, 37.62622], [126.98833, 37.62644], [126.98864, 37.62667], [126.9887, 37.62694], [126.98792, 37.62861], [126.98795, 37.62889], [126.98861, 37.62927], [126.98944, 37.62919], [126.99056, 37.62827], [126.99191, 37.62778], [126.99246, 37.62667], [126.99306, 37.62621], [126.99361, 37.62614], [126.99444, 37.62656], [126.99472, 37.62663], [126.995, 37.62654], [126.99566, 37.62528], [126.99583, 37.62425], [126.99639, 37.62392], [126.99694, 37.62396], [126.9975, 37.6242], [126.99917, 37.62661], [126.99944, 37.62722], [126.99946, 37.62861], [126.99908, 37.62972], [126.999, 37.63056], [126.99806, 37.63092], [126.9975, 37.63151], [126.99662, 37.63194], [126.9967, 37.63333], [126.99638, 37.63417], [126.99648, 37.63528], [126.9964, 37.63583], [126.99583, 37.63629], [126.99444, 37.6362], [126.99417, 37.63632], [126.99385, 37.63722], [126.9938, 37.63806], [126.99324, 37.63917], [126.99366, 37.63972], [126.99373, 37.64], [126.99319, 37.64139], [126.99361, 37.64222], [126.99371, 37.64306], [126.99462, 37.64444], [126.99424, 37.64528], [126.99449, 37.64639], [126.99502, 37.64722], [126.99654, 37.64861], [126.99674, 37.64917], [126.99678, 37.65], [126.99667, 37.65008], [126.99611, 37.64992], [126.99444, 37.64856], [126.99389, 37.64836], [126.99325, 37.64833], [126.99321, 37.64861], [126.99369, 37.65083], [126.99361, 37.65111], [126.99298, 37.65167], [126.99294, 37.65194], [126.9931, 37.65306], [126.99341, 37.65389], [126.99337, 37.65417], [126.99278, 37.6549], [126.99145, 37.65583], [126.99196, 37.65694], [126.9919, 37.65778], [126.99333, 37.6572], [126.99357, 37.65722], [126.99345, 37.6575], [126.99268, 37.65806], [126.99239, 37.65917], [126.9925, 37.65944], [126.99389, 37.65964], [126.99611, 37.66046], [126.99659, 37.66111], [126.99671, 37.6625], [126.99795, 37.66306], [126.99826, 37.66361], [126.99814, 37.66472], [126.9982, 37.66556], [126.99867, 37.66694], [126.99863, 37.66806], [126.99879, 37.66833], [126.99972, 37.66909], [126.99987, 37.66944], [126.99972, 37.66979], [126.99917, 37.66999], [126.9975, 37.66971], [126.99722, 37.6698], [126.99638, 37.67056], [126.9962, 37.67111], [126.99639, 37.67153], [126.99861, 37.67267], [126.99882, 37.67306], [126.99868, 37.67361], [126.9978, 37.67444], [126.99811, 37.67556], [126.99707, 37.67611], [126.99685, 37.67639], [126.99684, 37.67667], [126.99787, 37.67778], [126.99833, 37.67859], [126.99919, 37.67917], [126.9991, 37.67972], [126.99846, 37.68028], [126.99841, 37.68056], [126.99871, 37.68167], [126.99917, 37.68192], [126.99944, 37.68186], [127.00167, 37.68091], [127.00222, 37.68099], [127.00306, 37.6815], [127.00333, 37.68158], [127.00361, 37.6815], [127.00392, 37.68083], [127.00417, 37.68062], [127.00528, 37.68042], [127.0055, 37.68028], [127.00575, 37.67972], [127.00591, 37.67861], [127.00639, 37.678], [127.00694, 37.67773], [127.00806, 37.67787], [127.00944, 37.67769], [127.01139, 37.67839], [127.01222, 37.67834], [127.0125, 37.6785], [127.01255, 37.67917], [127.0122, 37.68], [127.01246, 37.68056], [127.01246, 37.68139], [127.01306, 37.6824], [127.01361, 37.68233], [127.01444, 37.68176], [127.01528, 37.6814], [127.01583, 37.68139], [127.01619, 37.68167], [127.01694, 37.68276], [127.0175, 37.68392], [127.01778, 37.68403], [127.01861, 37.68386], [127.01903, 37.68389], [127.01973, 37.68472], [127.02077, 37.68556], [127.02093, 37.68583], [127.02028, 37.68719], [127.01972, 37.6874], [127.01861, 37.68742], [127.01806, 37.68808], [127.01687, 37.68889], [127.01692, 37.68917], [127.0175, 37.6896], [127.01833, 37.68976], [127.01917, 37.69012], [127.02, 37.69018], [127.0212, 37.69083], [127.02171, 37.6925], [127.02166, 37.69389], [127.02194, 37.69493], [127.02222, 37.69493], [127.02472, 37.69325], [127.02528, 37.69332], [127.02636, 37.69389], [127.0269, 37.69528], [127.02697, 37.69639], [127.02712, 37.69667], [127.02778, 37.6976], [127.02854, 37.69833], [127.02918, 37.69917], [127.02979, 37.70028], [127.03083, 37.70126], [127.03144, 37.70167], [127.0315, 37.70194], [127.03091, 37.70222], [127.03035, 37.70222], [127.02944, 37.702], [127.02833, 37.70225], [127.02694, 37.7031], [127.02674, 37.70333], [127.02684, 37.70417], [127.02722, 37.70464], [127.02778, 37.70479], [127.02889, 37.70478], [127.02929, 37.705], [127.02938, 37.70528], [127.02889, 37.70617], [127.02806, 37.70677], [127.02778, 37.70722], [127.02811, 37.70833], [127.02756, 37.70889], [127.02753, 37.70917], [127.02808, 37.71028], [127.028, 37.71111], [127.02772, 37.71139], [127.02691, 37.71167], [127.02667, 37.71194], [127.02661, 37.71222], [127.02666, 37.71361], [127.02767, 37.715], [127.02787, 37.71556], [127.02778, 37.71611], [127.02694, 37.71666], [127.02556, 37.71625], [127.02444, 37.71616], [127.02333, 37.71494], [127.02306, 37.71471], [127.02278, 37.71466], [127.02175, 37.715], [127.02139, 37.71568], [127.02111, 37.71592], [127.01972, 37.71574], [127.01905, 37.71583], [127.01869, 37.71611], [127.01956, 37.71722], [127.01958, 37.7175], [127.01921, 37.71806], [127.01926, 37.71833], [127.01972, 37.71909], [127.02056, 37.71959], [127.02111, 37.72016], [127.02222, 37.72066], [127.02324, 37.72167], [127.02417, 37.72282], [127.02583, 37.7234], [127.02643, 37.72417], [127.02646, 37.72472], [127.02611, 37.72489], [127.025, 37.72475], [127.02417, 37.72508], [127.02361, 37.72554], [127.02333, 37.72562], [127.02139, 37.72519], [127.02, 37.72437], [127.01778, 37.72364], [127.01717, 37.72361], [127.01696, 37.72389], [127.01704, 37.72444], [127.01741, 37.72528], [127.01801, 37.72611], [127.01793, 37.72639], [127.0175, 37.72656], [127.01667, 37.72651], [127.01556, 37.72667], [127.01453, 37.72722], [127.01405, 37.72778], [127.01389, 37.72831], [127.01435, 37.72917], [127.01434, 37.72944], [127.01306, 37.73035], [127.01222, 37.73024], [127.0114, 37.72972], [127.01056, 37.72897], [127.00944, 37.72897], [127.00806, 37.72874], [127.00694, 37.72886], [127.00611, 37.72879], [127.00556, 37.72884], [127.00417, 37.72926], [127.00357, 37.72889], [127.00328, 37.72833], [127.00335, 37.7275], [127.00389, 37.72739], [127.00444, 37.72743], [127.00611, 37.72784], [127.00774, 37.72722], [127.0081, 37.72694], [127.00823, 37.72667], [127.00811, 37.72639], [127.00694, 37.72585], [127.00621, 37.72528], [127.00606, 37.72444], [127.00583, 37.72409], [127.00472, 37.72348], [127.00412, 37.72278], [127.00333, 37.72253], [127.00297, 37.72222], [127.00292, 37.72194], [127.00315, 37.72167], [127.00424, 37.72111], [127.00572, 37.71972], [127.00584, 37.71944], [127.00556, 37.71882], [127.00528, 37.71857], [127.005, 37.71854], [127.00417, 37.71869], [127.00361, 37.71802], [127.00333, 37.71782], [127.00306, 37.7178], [127.00139, 37.71818], [126.99972, 37.7189], [126.99889, 37.71886], [126.99847, 37.71861], [126.99829, 37.71806], [126.99861, 37.71723], [126.9994, 37.71639], [126.9994, 37.71611], [126.99917, 37.71588], [126.99778, 37.7157], [126.99583, 37.716], [126.99528, 37.71577], [126.99493, 37.71528], [126.99487, 37.715], [126.99499, 37.71472], [126.99556, 37.71419], [126.9973, 37.71361], [126.99756, 37.71278], [126.99778, 37.7125], [126.99833, 37.71241], [126.99944, 37.71267], [127.00083, 37.7125], [127.00194, 37.71208], [127.00389, 37.71103], [127.00495, 37.71083], [127.00516, 37.71056], [127.00469, 37.71028], [127.00333, 37.71008], [127.0025, 37.70964], [127.00194, 37.70986], [127.00111, 37.71055], [127.00056, 37.71055], [126.99953, 37.70972], [126.99935, 37.70944], [126.99957, 37.70861], [126.99944, 37.70808], [126.99917, 37.70795], [126.99806, 37.70794], [126.99778, 37.70781], [126.99759, 37.70722], [126.9973, 37.70694], [126.99611, 37.70679], [126.99528, 37.70642], [126.99472, 37.70632], [126.99399, 37.70639], [126.99333, 37.70678], [126.99306, 37.70681], [126.9925, 37.70667], [126.99139, 37.70607], [126.98972, 37.70588], [126.98833, 37.70622], [126.98806, 37.70607], [126.98779, 37.70556], [126.98781, 37.705], [126.98806, 37.70465], [126.98958, 37.70444], [126.98967, 37.70417], [126.98921, 37.70306], [126.98928, 37.70167], [126.98932, 37.70139], [126.99, 37.70024], [126.99028, 37.70005], [126.99167, 37.69988], [126.9921, 37.69972], [126.99233, 37.69944], [126.99149, 37.69806], [126.99132, 37.69722], [126.99194, 37.69556], [126.99239, 37.695], [126.99246, 37.69417], [126.99417, 37.69262], [126.99429, 37.69167], [126.99444, 37.69139], [126.99479, 37.69111], [126.99562, 37.69083], [126.99579, 37.69056], [126.9955, 37.68944], [126.99611, 37.68817], [126.99694, 37.68759], [126.99792, 37.68722], [126.99818, 37.68694], [126.99801, 37.68667], [126.99611, 37.68599], [126.99556, 37.68596], [126.99444, 37.68672], [126.99306, 37.68703], [126.99204, 37.68778], [126.99111, 37.68783], [126.99028, 37.68842], [126.98889, 37.68857], [126.98694, 37.68835], [126.98661, 37.68861], [126.98664, 37.68917], [126.98633, 37.69], [126.98616, 37.69028], [126.98583, 37.69043], [126.98361, 37.69065], [126.98194, 37.6915], [126.98151, 37.69139], [126.98056, 37.69064], [126.97917, 37.69022], [126.97861, 37.69039], [126.97778, 37.69128], [126.97722, 37.69134], [126.97701, 37.69111], [126.97686, 37.69056], [126.97639, 37.69028], [126.975, 37.69002], [126.97389, 37.69012], [126.97361, 37.69], [126.97342, 37.68917], [126.97298, 37.68861], [126.9725, 37.68828], [126.97167, 37.68807], [126.97235, 37.68556], [126.97239, 37.68528], [126.97227, 37.685], [126.97167, 37.68448], [126.97056, 37.68436], [126.97028, 37.68423], [126.96902, 37.6825], [126.96873, 37.68167], [126.96879, 37.68111], [126.96917, 37.68063], [126.96972, 37.68055], [126.97056, 37.68073], [126.97209, 37.68139], [126.97237, 37.68167], [126.97254, 37.68278], [126.97306, 37.68317], [126.97389, 37.6831], [126.97472, 37.68262], [126.97583, 37.68319], [126.97667, 37.68323], [126.97694, 37.68312], [126.9775, 37.68256], [126.9786, 37.68194], [126.97864, 37.68167], [126.9778, 37.68083], [126.97778, 37.68053], [126.97833, 37.68034], [126.98056, 37.68028], [126.98194, 37.67958], [126.98389, 37.6792], [126.98396, 37.67889], [126.98332, 37.67806], [126.98337, 37.67778], [126.984, 37.67722], [126.98391, 37.67667], [126.9841, 37.67639], [126.98495, 37.67583], [126.98454, 37.675], [126.98449, 37.67444], [126.98474, 37.67417], [126.98583, 37.67359], [126.98667, 37.67296], [126.98778, 37.6727], [126.988, 37.6725], [126.98833, 37.67111], [126.98778, 37.67088], [126.98556, 37.67133], [126.98444, 37.67106], [126.98416, 37.67083], [126.98412, 37.67056], [126.98425, 37.67], [126.98456, 37.66944], [126.98455, 37.66917], [126.98389, 37.66831], [126.98361, 37.66829], [126.98278, 37.66871], [126.98167, 37.66855], [126.98139, 37.66888], [126.98085, 37.67], [126.98056, 37.67026], [126.97972, 37.67073], [126.97833, 37.67118], [126.9775, 37.67107], [126.97703, 37.67083], [126.97672, 37.67056], [126.97621, 37.66972], [126.97583, 37.66947], [126.97472, 37.66919], [126.97361, 37.66861], [126.9725, 37.66833], [126.97111, 37.66862], [126.96944, 37.66959], [126.96889, 37.6696], [126.96854, 37.66944], [126.96833, 37.66894], [126.96829, 37.66806], [126.96896, 37.66694], [126.96898, 37.66583], [126.96778, 37.66557], [126.96654, 37.665], [126.96651, 37.66472], [126.96683, 37.66389], [126.96698, 37.66306], [126.96693, 37.6625], [126.96667, 37.66202], [126.96639, 37.66183], [126.96528, 37.66169], [126.96417, 37.66238], [126.96333, 37.66256], [126.96278, 37.66247], [126.96248, 37.66222], [126.96197, 37.66111], [126.96167, 37.66086], [126.96, 37.66047], [126.95944, 37.66007], [126.95921, 37.65972], [126.95916, 37.65917], [126.95935, 37.65889], [126.96083, 37.65775], [126.96195, 37.65639], [126.96333, 37.65531], [126.96417, 37.65509], [126.96694, 37.65494], [126.96735, 37.65472], [126.96736, 37.65444], [126.96647, 37.65361], [126.96607, 37.65306], [126.96598, 37.65278], [126.96607, 37.6525], [126.9675, 37.65104], [126.96917, 37.64984], [126.97083, 37.64889], [126.97106, 37.64861], [126.96944, 37.64834], [126.96833, 37.64859], [126.9675, 37.64862], [126.96694, 37.64839], [126.96639, 37.64796], [126.96556, 37.64836], [126.96472, 37.64852], [126.96389, 37.64953], [126.96278, 37.65006], [126.95889, 37.65068], [126.95806, 37.65057], [126.9577, 37.65028], [126.95641, 37.64972], [126.95619, 37.64944], [126.95623, 37.64917], [126.95751, 37.64722], [126.95762, 37.64694], [126.95755, 37.64667], [126.95702, 37.64639], [126.955, 37.64601], [126.95449, 37.64556], [126.95413, 37.645], [126.95412, 37.64472], [126.95465, 37.64417], [126.95528, 37.64387], [126.95755, 37.64361], [126.95778, 37.64336], [126.95794, 37.64278], [126.95833, 37.64213], [126.96028, 37.64068], [126.96035, 37.64028], [126.96005, 37.63944], [126.96011, 37.63917], [126.96188, 37.63833], [126.96203, 37.63806], [126.96189, 37.63778], [126.96093, 37.63722], [126.96063, 37.63639], [126.96028, 37.63624], [126.95972, 37.63644], [126.95917, 37.63686], [126.9575, 37.63728], [126.95694, 37.63722], [126.95611, 37.63672], [126.95583, 37.63677], [126.95528, 37.63731], [126.95444, 37.63772], [126.95449, 37.63833], [126.95439, 37.63861], [126.95417, 37.63875], [126.95389, 37.63879], [126.95278, 37.63852], [126.95167, 37.63886], [126.95141, 37.63861], [126.95182, 37.63806], [126.95306, 37.63784], [126.95388, 37.6375], [126.95417, 37.63733], [126.95457, 37.63667], [126.95505, 37.63389], [126.955, 37.63333], [126.95452, 37.6325], [126.95456, 37.63194], [126.9548, 37.63139], [126.95474, 37.63111], [126.95361, 37.63056], [126.95222, 37.63062], [126.95155, 37.63083], [126.94944, 37.63216], [126.94917, 37.63222], [126.94852, 37.63167], [126.9475, 37.63014], [126.94667, 37.62939], [126.94639, 37.62932], [126.94556, 37.62981], [126.94417, 37.63016], [126.94361, 37.63007], [126.94328, 37.62972], [126.94332, 37.62944], [126.9445, 37.6275], [126.94445, 37.62556], [126.9447, 37.62528], [126.94528, 37.62498], [126.94583, 37.6249], [126.94639, 37.625], [126.9469, 37.62472], [126.94704, 37.62444], [126.94693, 37.62361], [126.94707, 37.62306], [126.94694, 37.62273], [126.94583, 37.62245], [126.945, 37.6217], [126.94417, 37.62179], [126.94384, 37.62167], [126.94354, 37.62111], [126.94353, 37.62083], [126.94412, 37.61944], [126.94386, 37.61917], [126.94306, 37.6187], [126.94167, 37.61851], [126.94139, 37.61829], [126.94106, 37.6175], [126.94111, 37.61712], [126.94133, 37.61694], [126.9425, 37.61702], [126.94306, 37.61722], [126.94389, 37.61799], [126.94472, 37.61852], [126.94525, 37.61917], [126.94665, 37.62028], [126.94711, 37.62111], [126.9475, 37.62133], [126.94806, 37.6214], [126.95028, 37.62044], [126.95111, 37.62093], [126.95223, 37.62111], [126.95306, 37.62172], [126.95361, 37.6218], [126.95389, 37.6217], [126.95522, 37.62056], [126.95583, 37.6196], [126.95722, 37.61869], [126.95778, 37.61885], [126.95822, 37.61917], [126.95836, 37.61944], [126.95839, 37.62028], [126.95861, 37.62051], [126.96, 37.62083], [126.96056, 37.62058], [126.96083, 37.62058], [126.96278, 37.62089], [126.96294, 37.62111], [126.96306, 37.62253], [126.96333, 37.62284], [126.96389, 37.6229], [126.96472, 37.62234], [126.96556, 37.62234], [126.9657, 37.62222], [126.96546, 37.62167], [126.96546, 37.62139], [126.96598, 37.62], [126.96605, 37.61944], [126.96572, 37.61889], [126.96564, 37.61806], [126.96455, 37.6175], [126.96528, 37.61663], [126.96607, 37.61667], [126.96644, 37.61694], [126.9666, 37.6175], [126.96654, 37.61833], [126.96685, 37.61889], [126.9675, 37.61913], [126.96806, 37.6191], [126.96861, 37.61886], [126.96917, 37.61777], [126.96941, 37.61694], [126.97, 37.61611], [126.97056, 37.61577], [126.97139, 37.61585], [126.97222, 37.61621], [126.97306, 37.61702], [126.97417, 37.61783], [126.97542, 37.61833], [126.97667, 37.61935], [126.9775, 37.62023], [126.97778, 37.62026], [126.97902, 37.61861], [126.97925, 37.61778], [126.98062, 37.61694], [126.98139, 37.61542], [126.98305, 37.61444]]}}, {"type": "Feature", "properties": {"elev": 300, "idx": 1}, "geometry": {"type": "LineString", "coordinates": [[126.94278, 37.62472], [126.94361, 37.6246], [126.94382, 37.62472], [126.94396, 37.625], [126.94389, 37.62528], [126.94278, 37.62555], [126.94249, 37.62528], [126.94253, 37.625], [126.94278, 37.62472]]}}, {"type": "Feature", "properties": {"elev": 300, "idx": 1}, "geometry": {"type": "LineString", "coordinates": [[126.99719, 37.65056], [126.9975, 37.65046], [126.9976, 37.65056], [126.99778, 37.65083], [126.99778, 37.65122], [126.99719, 37.65056]]}}, {"type": "Feature", "properties": {"elev": 300, "idx": 1}, "geometry": {"type": "LineString", "coordinates": [[126.93877, 37.66972], [126.93917, 37.66969], [126.94167, 37.67137], [126.94306, 37.6715], [126.94333, 37.67177], [126.94432, 37.67361], [126.94512, 37.67444], [126.94583, 37.67477], [126.94694, 37.67496], [126.94722, 37.67524], [126.9475, 37.67611], [126.94789, 37.67667], [126.94797, 37.67722], [126.94763, 37.67778], [126.94646, 37.67889], [126.94632, 37.67917], [126.94636, 37.67944], [126.94713, 37.68], [126.94767, 37.68083], [126.94944, 37.68144], [126.95053, 37.6825], [126.95083, 37.68296], [126.95095, 37.68361], [126.94977, 37.68472], [126.94963, 37.685], [126.9497, 37.68528], [126.95246, 37.68694], [126.95333, 37.68825], [126.95392, 37.68861], [126.95412, 37.68889], [126.95381, 37.69028], [126.9539, 37.69056], [126.95466, 37.69139], [126.95556, 37.6919], [126.95667, 37.69176], [126.9575, 37.6918], [126.95778, 37.69199], [126.95793, 37.6925], [126.95791, 37.69306], [126.95778, 37.69321], [126.95667, 37.69361], [126.95528, 37.69435], [126.95482, 37.69472], [126.95441, 37.69528], [126.95361, 37.69574], [126.95333, 37.69587], [126.95283, 37.69583], [126.95263, 37.69556], [126.95306, 37.69472], [126.95309, 37.69417], [126.95218, 37.69278], [126.95181, 37.69111], [126.95088, 37.68972], [126.95056, 37.68951], [126.94944, 37.68922], [126.94861, 37.68916], [126.94722, 37.68954], [126.94639, 37.68956], [126.94528, 37.68882], [126.94417, 37.68902], [126.94333, 37.689], [126.94306, 37.68888], [126.94237, 37.68806], [126.94194, 37.68789], [126.94139, 37.68794], [126.94043, 37.68833], [126.94021, 37.68833], [126.94, 37.6881], [126.94006, 37.68778], [126.94085, 37.68667], [126.94093, 37.68639], [126.9408, 37.68611], [126.9394, 37.685], [126.93931, 37.68444], [126.94, 37.6835], [126.94045, 37.6825], [126.94083, 37.68225], [126.94167, 37.682], [126.94181, 37.68167], [126.94174, 37.68139], [126.94083, 37.6801], [126.93984, 37.67944], [126.93979, 37.67917], [126.94048, 37.67833], [126.94174, 37.6775], [126.94224, 37.67694], [126.94246, 37.67639], [126.94241, 37.67583], [126.94263, 37.67472], [126.94244, 37.67389], [126.94195, 37.67306], [126.9408, 37.67194], [126.93924, 37.67083], [126.93877, 37.66972]]}}, {"type": "Feature", "properties": {"elev": 300, "idx": 1}, "geometry": {"type": "LineString", "coordinates": [[127.07972, 37.69076], [127.07749, 37.68917], [127.07639, 37.68758], [127.07521, 37.68667], [127.07483, 37.68556], [127.07483, 37.68444], [127.07556, 37.68373], [127.07583, 37.68369], [127.07612, 37.68389], [127.07667, 37.68476], [127.07722, 37.68505], [127.07778, 37.68488], [127.07833, 37.68433], [127.07861, 37.68427], [127.07889, 37.68457], [127.07939, 37.68611], [127.07972, 37.68655]]}}, {"type": "Feature", "properties": {"elev": 300, "idx": 1}, "geometry": {"type": "LineString", "coordinates": [[126.9905, 37.69306], [126.99076, 37.69306], [126.99056, 37.69326], [126.9905, 37.69306]]}}, {"type": "Feature", "properties": {"elev": 300, "idx": 1}, "geometry": {"type": "LineString", "coordinates": [[126.98541, 37.69667], [126.98583, 37.69658], [126.98597, 37.69667], [126.98592, 37.69694], [126.98472, 37.69827], [126.98333, 37.6987], [126.9828, 37.69861], [126.98253, 37.69833], [126.98256, 37.69806], [126.983, 37.6975], [126.98472, 37.69699], [126.98541, 37.69667]]}}, {"type": "Feature", "properties": {"elev": 300, "idx": 1}, "geometry": {"type": "LineString", "coordinates": [[126.96003, 37.69972], [126.96056, 37.69952], [126.9608, 37.69972], [126.96083, 37.70009], [126.96056, 37.70053], [126.96028, 37.70059], [126.96, 37.70028], [126.96003, 37.69972]]}}, {"type": "Feature", "properties": {"elev": 300, "idx": 1}, "geometry": {"type": "LineString", "coordinates": [[126.9597, 37.70556], [126.96028, 37.70563], [126.96057, 37.70611], [126.96068, 37.70722], [126.96028, 37.70759], [126.96, 37.70758], [126.95971, 37.70694], [126.95889, 37.70639], [126.95869, 37.70611], [126.95889, 37.70576], [126.9597, 37.70556]]}}, {"type": "Feature", "properties": {"elev": 300, "idx": 1}, "geometry": {"type": "LineString", "coordinates": [[127.07972, 37.71842], [127.0775, 37.71762], [127.07667, 37.71812], [127.07528, 37.71803], [127.07452, 37.71833], [127.07389, 37.71881], [127.07333, 37.71869], [127.07291, 37.71833], [127.07265, 37.71778], [127.07278, 37.71744], [127.07353, 37.71667], [127.07358, 37.71639], [127.07344, 37.71611], [127.07278, 37.7155], [127.07167, 37.71544], [127.07139, 37.71531], [127.07056, 37.71402], [127.06972, 37.71371], [127.0692, 37.71306], [127.06905, 37.7125], [127.06917, 37.71222], [127.07022, 37.71139], [127.07049, 37.71083], [127.07083, 37.71055], [127.07139, 37.71032], [127.0725, 37.71057], [127.07278, 37.71035], [127.07306, 37.70972], [127.07333, 37.70957], [127.07472, 37.70994], [127.075, 37.70981], [127.07529, 37.70889], [127.07525, 37.70861], [127.07483, 37.70806], [127.07472, 37.7075], [127.07486, 37.70722], [127.07566, 37.70667], [127.07572, 37.70639], [127.07396, 37.70472], [127.07376, 37.70444], [127.07376, 37.70417], [127.07472, 37.70367], [127.07611, 37.70374], [127.07643, 37.70361], [127.07647, 37.70333], [127.07614, 37.70278], [127.07533, 37.70194], [127.07526, 37.70167], [127.07589, 37.70111], [127.075, 37.69885], [127.07472, 37.69875], [127.07361, 37.69918], [127.07306, 37.69927], [127.07167, 37.69886], [127.07136, 37.69861], [127.07153, 37.69778], [127.07147, 37.69722], [127.07066, 37.69611], [127.07028, 37.69536], [127.06972, 37.69495], [127.06861, 37.6947], [127.06824, 37.69444], [127.06816, 37.69417], [127.06833, 37.69367], [127.06861, 37.69335], [127.06944, 37.69313], [127.07083, 37.6924], [127.07101, 37.69194], [127.07096, 37.69111], [127.07113, 37.69083], [127.07278, 37.69096], [127.07417, 37.69147], [127.07472, 37.69191], [127.07551, 37.69306], [127.07694, 37.69361], [127.07722, 37.69335], [127.07731, 37.6925], [127.0775, 37.69232], [127.07861, 37.69217], [127.07889, 37.69201], [127.07933, 37.69111], [127.07972, 37.69088]]}}, {"type": "Feature", "properties": {"elev": 300, "idx": 1}, "geometry": {"type": "LineString", "coordinates": [[126.95765, 37.72583], [126.95889, 37.72608], [126.95972, 37.72574], [126.96056, 37.72579], [126.96194, 37.72564], [126.9625, 37.726], [126.96292, 37.72667], [126.96341, 37.72806], [126.96407, 37.72889], [126.96431, 37.72944], [126.96461, 37.73056], [126.96457, 37.73167], [126.96519, 37.73278], [126.96503, 37.73333], [126.96511, 37.73361], [126.96639, 37.73437], [126.96767, 37.73556], [126.96819, 37.73667], [126.96889, 37.73758], [126.96896, 37.73806], [126.96887, 37.73917], [126.96898, 37.73944], [126.97, 37.73992], [126.97029, 37.74028], [126.97036, 37.74083], [126.96977, 37.74194], [126.96922, 37.74222], [126.96812, 37.7425], [126.9678, 37.74278], [126.96797, 37.74389], [126.96752, 37.74472], [126.96747, 37.74639], [126.96722, 37.74657], [126.96667, 37.7463], [126.9656, 37.74528], [126.96482, 37.74472], [126.96318, 37.74306], [126.96321, 37.74278], [126.96417, 37.74216], [126.96513, 37.74111], [126.96517, 37.74083], [126.96477, 37.74], [126.96479, 37.73917], [126.96444, 37.73855], [126.96417, 37.73832], [126.96333, 37.73801], [126.96276, 37.73722], [126.96141, 37.73667], [126.96083, 37.73583], [126.96, 37.73576], [126.95917, 37.736], [126.95889, 37.73595], [126.95861, 37.73568], [126.95863, 37.735], [126.95965, 37.73306], [126.95965, 37.73278], [126.95917, 37.73222], [126.9591, 37.73194], [126.95932, 37.73111], [126.95922, 37.73083], [126.95806, 37.73058], [126.95724, 37.73], [126.95741, 37.72917], [126.95738, 37.72861], [126.95678, 37.72778], [126.95662, 37.72667], [126.95694, 37.72613], [126.95765, 37.72583]]}}, {"type": "Feature", "properties": {"elev": 300, "idx": 1}, "geometry": {"type": "LineString", "coordinates": [[126.94267, 37.72944], [126.94389, 37.72933], [126.94417, 37.72958], [126.94419, 37.73], [126.94389, 37.73033], [126.94167, 37.73065], [126.93948, 37.73028], [126.94167, 37.72983], [126.94267, 37.72944]]}}, {"type": "Feature", "properties": {"elev": 300, "idx": 1}, "geometry": {"type": "LineString", "coordinates": [[126.93819, 37.73056], [126.93917, 37.73028], [126.93944, 37.7304], [126.93947, 37.73056], [126.93861, 37.73077], [126.93819, 37.73056]]}}, {"type": "Feature", "properties": {"elev": 300, "idx": 1}, "geometry": {"type": "LineString", "coordinates": [[126.93642, 37.73083], [126.93667, 37.73069], [126.93701, 37.73083], [126.93642, 37.73083]]}}, {"type": "Feature", "properties": {"elev": 300, "idx": 1}, "geometry": {"type": "LineString", "coordinates": [[126.9, 37.73619], [126.90111, 37.73473], [126.90177, 37.73417], [126.90224, 37.73333], [126.90206, 37.7325], [126.90093, 37.73167], [126.90078, 37.73139], [126.90095, 37.73056], [126.90154, 37.72972], [126.90159, 37.72917], [126.90072, 37.72778], [126.90083, 37.7276], [126.90111, 37.72752], [126.90167, 37.72754], [126.90229, 37.72778], [126.9029, 37.72861], [126.9026, 37.72944], [126.90253, 37.73056], [126.90389, 37.73333], [126.90382, 37.73361], [126.90256, 37.73444], [126.90237, 37.73472], [126.90226, 37.73583], [126.90243, 37.73639], [126.90293, 37.73722], [126.90398, 37.73833], [126.90417, 37.73944], [126.90556, 37.74068], [126.90667, 37.74067], [126.90722, 37.74104], [126.90768, 37.74167], [126.90792, 37.7425], [126.90895, 37.74389], [126.90922, 37.74472], [126.90915, 37.745], [126.90878, 37.74528], [126.90678, 37.74583], [126.90653, 37.74611], [126.90677, 37.74694], [126.90667, 37.74755], [126.90639, 37.74771], [126.90528, 37.7476], [126.90444, 37.74787], [126.90417, 37.74818], [126.90337, 37.74972], [126.90278, 37.75027], [126.90222, 37.75049], [126.9018, 37.75028], [126.90159, 37.74889], [126.90048, 37.7475], [126.90048, 37.74722], [126.90064, 37.74694], [126.90105, 37.74667], [126.90288, 37.74611], [126.90389, 37.7451], [126.90451, 37.74417], [126.9045, 37.74389], [126.90422, 37.74361], [126.90361, 37.74334], [126.90222, 37.74315], [126.90125, 37.7425], [126.90109, 37.74222], [126.90129, 37.74111], [126.90111, 37.74077], [126.90034, 37.74028], [126.9, 37.73963]]}}, {"type": "Feature", "properties": {"elev": 300, "idx": 1}, "geometry": {"type": "LineString", "coordinates": [[127.00577, 37.74722], [127.00722, 37.74711], [127.00757, 37.74722], [127.00765, 37.74778], [127.00804, 37.74861], [127.00815, 37.74917], [127.00811, 37.74972], [127.0079, 37.75], [127.00639, 37.75064], [127.00583, 37.7506], [127.00556, 37.75029], [127.00516, 37.74833], [127.00528, 37.74786], [127.00577, 37.74722]]}}, {"type": "Feature", "properties": {"elev": 300, "idx": 1}, "geometry": {"type": "LineString", "coordinates": [[126.91595, 37.76], [126.91611, 37.75957], [126.91639, 37.75934], [126.91667, 37.7593], [126.91778, 37.75966], [126.91861, 37.75963], [126.91891, 37.75944], [126.92035, 37.75778], [126.92039, 37.7575], [126.92011, 37.75694], [126.9201, 37.75667], [126.9208, 37.75611], [126.92194, 37.75556], [126.92222, 37.75529], [126.92243, 37.75444], [126.92298, 37.75389], [126.92315, 37.75306], [126.92333, 37.75278], [126.92403, 37.75222], [126.92413, 37.75194], [126.92389, 37.75164], [126.9225, 37.75124], [126.92167, 37.75067], [126.92, 37.75018], [126.91972, 37.74997], [126.91917, 37.74912], [126.91668, 37.74889], [126.91634, 37.74861], [126.91616, 37.74833], [126.91615, 37.74806], [126.9179, 37.74667], [126.91791, 37.74639], [126.91718, 37.74583], [126.91645, 37.74472], [126.91648, 37.74444], [126.91723, 37.74361], [126.91726, 37.74222], [126.91778, 37.74195], [126.91889, 37.74176], [126.92, 37.74132], [126.9225, 37.74155], [126.92361, 37.74098], [126.92389, 37.74097], [126.92417, 37.7411], [126.92583, 37.74285], [126.92611, 37.74298], [126.92639, 37.74287], [126.92657, 37.7425], [126.92667, 37.74111], [126.92738, 37.74028], [126.92753, 37.73917], [126.92745, 37.73889], [126.92722, 37.73869], [126.92611, 37.73823], [126.9257, 37.7375], [126.9254, 37.73722], [126.92361, 37.73632], [126.92351, 37.73583], [126.92372, 37.735], [126.92351, 37.73472], [126.92222, 37.7346], [126.92199, 37.73444], [126.92167, 37.73379], [126.92049, 37.73333], [126.91989, 37.73167], [126.91939, 37.72944], [126.91953, 37.72833], [126.91862, 37.72722], [126.91815, 37.72611], [126.91788, 37.72583], [126.91806, 37.72575], [126.9186, 37.72583], [126.91917, 37.7261], [126.92028, 37.72704], [126.92056, 37.72715], [126.92139, 37.72712], [126.9225, 37.72754], [126.92361, 37.727], [126.92444, 37.72752], [126.92583, 37.72779], [126.92611, 37.72806], [126.92618, 37.72861], [126.92583, 37.72914], [126.92511, 37.72972], [126.92507, 37.73], [126.92588, 37.73056], [126.92629, 37.73111], [126.9275, 37.73146], [126.92788, 37.7325], [126.92806, 37.73267], [126.92833, 37.73268], [126.92944, 37.73224], [126.92972, 37.73229], [126.93028, 37.73285], [126.93056, 37.73296], [126.93278, 37.73249], [126.93389, 37.73252], [126.93455, 37.73278], [126.93476, 37.73333], [126.93467, 37.73389], [126.93481, 37.73417], [126.93542, 37.73472], [126.93552, 37.735], [126.93523, 37.73556], [126.93402, 37.73639], [126.93396, 37.73667], [126.93453, 37.7375], [126.9345, 37.73806], [126.93432, 37.73833], [126.93321, 37.73917], [126.93302, 37.73972], [126.9331, 37.74], [126.93333, 37.74018], [126.93389, 37.74018], [126.93667, 37.73926], [126.93722, 37.73926], [126.93778, 37.73942], [126.93889, 37.73867], [126.94, 37.73921], [126.94167, 37.73935], [126.94278, 37.7392], [126.94444, 37.73976], [126.945, 37.73964], [126.94611, 37.73913], [126.94705, 37.73972], [126.94778, 37.74043], [126.94862, 37.74083], [126.94872, 37.74111], [126.94861, 37.74129], [126.94694, 37.74159], [126.94545, 37.7425], [126.94534, 37.74278], [126.9458, 37.74361], [126.94581, 37.74389], [126.94556, 37.74423], [126.945, 37.74443], [126.94306, 37.74458], [126.94222, 37.74526], [126.94124, 37.74556], [126.94086, 37.74583], [126.94111, 37.74667], [126.94213, 37.74778], [126.94213, 37.74806], [126.9419, 37.74833], [126.9413, 37.74861], [126.94056, 37.74875], [126.93917, 37.74886], [126.93778, 37.74878], [126.93743, 37.74889], [126.93714, 37.74917], [126.93903, 37.75083], [126.93906, 37.75111], [126.93887, 37.75167], [126.93932, 37.7525], [126.93944, 37.75259], [126.94056, 37.7522], [126.94111, 37.75224], [126.94236, 37.75333], [126.94223, 37.75444], [126.94258, 37.75472], [126.94306, 37.75482], [126.94472, 37.75402], [126.94543, 37.75306], [126.94667, 37.75201], [126.94722, 37.75181], [126.94806, 37.75185], [126.94889, 37.75127], [126.94972, 37.75095], [126.95011, 37.75028], [126.95167, 37.74952], [126.95306, 37.75041], [126.95314, 37.75083], [126.95293, 37.75139], [126.95306, 37.75158], [126.95378, 37.75222], [126.95417, 37.75318], [126.955, 37.75368], [126.95611, 37.755], [126.95659, 37.75611], [126.95639, 37.75652], [126.95561, 37.75722], [126.95564, 37.7575], [126.95611, 37.75763], [126.95778, 37.757], [126.95842, 37.75611], [126.95923, 37.75556], [126.9593, 37.755], [126.95944, 37.75482], [126.96028, 37.75449], [126.96085, 37.75389], [126.96092, 37.75361], [126.96067, 37.75278], [126.96087, 37.75222], [126.96099, 37.75028], [126.96167, 37.75002], [126.96306, 37.75013], [126.96361, 37.75035], [126.96429, 37.75083], [126.96452, 37.75139], [126.96454, 37.75222], [126.96584, 37.75306], [126.9661, 37.75333], [126.96625, 37.75389], [126.96586, 37.755], [126.96612, 37.75667], [126.96599, 37.75694], [126.96531, 37.75806], [126.96472, 37.7585], [126.96444, 37.75868], [126.96333, 37.75879], [126.96273, 37.75917], [126.96253, 37.75944], [126.96294, 37.76]]}}, {"type": "Feature", "properties": {"elev": 300, "idx": 1}, "geometry": {"type": "LineString", "coordinates": [[126.97194, 37.76], [126.97139, 37.75944], [126.97126, 37.75889], [126.97186, 37.7575], [126.97223, 37.75694], [126.97271, 37.75556], [126.97309, 37.755], [126.97345, 37.75389], [126.97353, 37.75333], [126.97314, 37.7525], [126.97327, 37.75222], [126.97361, 37.75194], [126.97486, 37.75139], [126.97556, 37.75061], [126.97599, 37.75111], [126.97667, 37.75123], [126.97723, 37.75167], [126.97861, 37.75234], [126.97944, 37.75289], [126.98, 37.75305], [126.98139, 37.7531], [126.98306, 37.75292], [126.98389, 37.75259], [126.98472, 37.7527], [126.985, 37.75261], [126.98556, 37.75199], [126.98611, 37.75174], [126.98685, 37.75111], [126.98701, 37.75083], [126.98682, 37.75], [126.98732, 37.74917], [126.98739, 37.74778], [126.98785, 37.74639], [126.98759, 37.74583], [126.9865, 37.74444], [126.98636, 37.74389], [126.98644, 37.74361], [126.98694, 37.74313], [126.98805, 37.74278], [126.98839, 37.7425], [126.98792, 37.74056], [126.98804, 37.74028], [126.98834, 37.74], [126.98889, 37.73978], [126.99028, 37.73981], [126.99111, 37.7397], [126.99265, 37.73889], [126.99328, 37.73833], [126.99329, 37.73806], [126.99278, 37.73752], [126.99267, 37.73722], [126.99278, 37.73708], [126.99306, 37.73708], [126.99389, 37.73771], [126.99547, 37.73806], [126.99594, 37.73833], [126.99602, 37.73861], [126.99537, 37.73944], [126.99553, 37.74083], [126.99502, 37.74222], [126.99488, 37.74333], [126.99499, 37.74361], [126.99528, 37.74374], [126.99667, 37.74359], [126.99833, 37.74371], [126.9987, 37.74389], [126.99883, 37.74444], [126.9986, 37.74556], [126.99872, 37.74722], [126.99942, 37.74889], [126.99917, 37.74932], [126.99833, 37.74988], [126.99781, 37.75056], [126.99639, 37.75043], [126.99614, 37.75056], [126.99621, 37.75139], [126.99611, 37.75155], [126.99472, 37.75197], [126.9946, 37.75222], [126.99516, 37.75306], [126.9952, 37.75333], [126.99483, 37.75417], [126.99464, 37.75611], [126.99417, 37.75657], [126.99306, 37.75672], [126.99222, 37.75716], [126.99083, 37.7572], [126.98972, 37.75671], [126.98806, 37.75621], [126.98667, 37.75525], [126.98493, 37.75556], [126.98499, 37.75694], [126.98552, 37.75778], [126.98534, 37.75861], [126.98616, 37.75944], [126.98618, 37.76]]}}, {"type": "Feature", "properties": {"elev": 300, "idx": 1}, "geometry": {"type": "LineString", "coordinates": [[126.99865, 37.76], [126.99867, 37.75944], [126.99944, 37.75884], [127.00023, 37.7575], [127.00133, 37.75639], [127.00169, 37.75556], [127.00222, 37.75513], [127.00278, 37.75492], [127.00316, 37.75528], [127.00321, 37.75611], [127.00381, 37.75722], [127.00319, 37.75889], [127.0034, 37.75944], [127.00393, 37.76]]}}, {"type": "Feature", "properties": {"elev": 300, "idx": 1}, "geometry": {"type": "LineString", "coordinates": [[127.00456, 37.76], [127.00528, 37.75973], [127.00611, 37.75974], [127.00694, 37.75957], [127.0075, 37.75968], [127.00767, 37.76]]}}, {"type": "Feature", "properties": {"elev": 350, "idx": 0}, "geometry": {"type": "LineString", "coordinates": [[126.98278, 37.61556], [126.98333, 37.61563], [126.98383, 37.61639], [126.98381, 37.61861], [126.98558, 37.62], [126.98556, 37.62032], [126.98394, 37.62167], [126.98274, 37.62222], [126.98265, 37.62278], [126.98297, 37.62361], [126.98301, 37.62417], [126.98257, 37.625], [126.98288, 37.62583], [126.98444, 37.62711], [126.98472, 37.62722], [126.98556, 37.6272], [126.98615, 37.6275], [126.98626, 37.62778], [126.9862, 37.62806], [126.98488, 37.63], [126.98547, 37.63083], [126.98583, 37.63087], [126.98667, 37.63041], [126.98722, 37.63027], [126.98833, 37.63087], [126.98944, 37.63061], [126.99125, 37.62972], [126.99194, 37.62889], [126.99308, 37.62861], [126.99389, 37.62769], [126.99444, 37.62771], [126.99556, 37.62799], [126.99694, 37.6274], [126.99722, 37.62744], [126.99778, 37.62789], [126.99828, 37.62861], [126.99832, 37.62889], [126.99824, 37.62972], [126.9981, 37.63], [126.99667, 37.63037], [126.99578, 37.63083], [126.99556, 37.63111], [126.9952, 37.63333], [126.99515, 37.63528], [126.99472, 37.63544], [126.99306, 37.63502], [126.9925, 37.63499], [126.99222, 37.63511], [126.9921, 37.63556], [126.99257, 37.63639], [126.99264, 37.63694], [126.99167, 37.63783], [126.99067, 37.63833], [126.99076, 37.63889], [126.99199, 37.64], [126.99204, 37.64056], [126.9917, 37.64167], [126.9925, 37.64302], [126.9924, 37.64444], [126.99289, 37.64583], [126.99278, 37.64607], [126.99167, 37.64597], [126.99138, 37.64611], [126.99164, 37.6475], [126.99103, 37.64833], [126.99217, 37.64972], [126.9924, 37.65028], [126.99226, 37.65056], [126.99167, 37.65089], [126.99115, 37.65139], [126.99109, 37.65167], [126.99128, 37.6525], [126.99116, 37.65417], [126.9909, 37.65444], [126.99056, 37.65452], [126.98944, 37.65435], [126.98917, 37.65441], [126.98897, 37.65472], [126.98888, 37.65528], [126.98894, 37.65556], [126.98936, 37.65611], [126.99038, 37.65694], [126.99002, 37.65778], [126.98987, 37.65889], [126.9902, 37.65917], [126.99111, 37.65951], [126.99194, 37.66083], [126.99222, 37.66108], [126.99278, 37.66117], [126.99333, 37.66072], [126.99361, 37.66072], [126.99472, 37.66111], [126.995, 37.66138], [126.99548, 37.66278], [126.99682, 37.66472], [126.99702, 37.66528], [126.99706, 37.66583], [126.99767, 37.66694], [126.99724, 37.66833], [126.99632, 37.66861], [126.99606, 37.66972], [126.99503, 37.67083], [126.99504, 37.67111], [126.99556, 37.67225], [126.99681, 37.67278], [126.99739, 37.67333], [126.99677, 37.67417], [126.99654, 37.675], [126.99569, 37.67611], [126.99538, 37.67694], [126.99556, 37.67744], [126.99611, 37.67789], [126.99676, 37.67889], [126.99685, 37.67917], [126.99653, 37.68], [126.99722, 37.68136], [126.99754, 37.6825], [126.99752, 37.68306], [126.99722, 37.68351], [126.99611, 37.68403], [126.99528, 37.68375], [126.99471, 37.68389], [126.99446, 37.68417], [126.99416, 37.685], [126.99366, 37.68556], [126.99333, 37.68571], [126.99222, 37.6858], [126.99056, 37.68639], [126.98917, 37.68632], [126.98889, 37.68649], [126.98861, 37.6871], [126.98833, 37.6873], [126.98639, 37.68711], [126.985, 37.68748], [126.98488, 37.68778], [126.9851, 37.68861], [126.98506, 37.68889], [126.98483, 37.68917], [126.98222, 37.68993], [126.98139, 37.68964], [126.98028, 37.68904], [126.97964, 37.68889], [126.97861, 37.68883], [126.9775, 37.68934], [126.97667, 37.68941], [126.97444, 37.68849], [126.97389, 37.68803], [126.973, 37.68694], [126.97306, 37.68625], [126.97375, 37.68528], [126.97347, 37.68444], [126.97374, 37.68417], [126.97472, 37.6839], [126.97528, 37.68399], [126.97667, 37.6845], [126.97778, 37.68441], [126.97825, 37.68417], [126.97918, 37.68306], [126.98046, 37.68278], [126.98089, 37.6825], [126.98105, 37.68139], [126.98194, 37.68047], [126.98557, 37.67972], [126.98574, 37.67944], [126.98522, 37.67861], [126.98527, 37.67833], [126.98556, 37.67801], [126.98583, 37.67699], [126.98657, 37.67639], [126.98682, 37.67583], [126.98635, 37.67472], [126.98722, 37.67384], [126.98778, 37.67381], [126.98917, 37.67424], [126.98957, 37.67417], [126.98959, 37.67361], [126.98931, 37.6725], [126.98939, 37.67222], [126.99083, 37.67172], [126.99111, 37.6715], [126.99134, 37.67083], [126.99123, 37.67], [126.99083, 37.66968], [126.98833, 37.66936], [126.98667, 37.66932], [126.98648, 37.66917], [126.98611, 37.66838], [126.98555, 37.66806], [126.985, 37.66675], [126.98472, 37.66636], [126.98444, 37.66625], [126.98417, 37.66639], [126.98371, 37.66694], [126.98278, 37.66758], [126.98028, 37.66741], [126.97985, 37.6675], [126.97971, 37.66778], [126.97969, 37.66833], [126.97918, 37.66917], [126.97917, 37.66972], [126.97861, 37.67021], [126.97806, 37.67026], [126.97763, 37.67], [126.97723, 37.66889], [126.97694, 37.66866], [126.97559, 37.66833], [126.97389, 37.66766], [126.9725, 37.66731], [126.97167, 37.66726], [126.97083, 37.66662], [126.97063, 37.66639], [126.97064, 37.66611], [126.97125, 37.66472], [126.97104, 37.66444], [126.97, 37.66425], [126.96889, 37.66433], [126.9681, 37.66389], [126.96796, 37.66361], [126.9678, 37.6625], [126.96778, 37.66111], [126.9675, 37.66057], [126.96722, 37.66035], [126.96611, 37.66003], [126.96556, 37.66003], [126.96361, 37.66118], [126.96333, 37.66119], [126.96289, 37.66056], [126.96251, 37.66028], [126.96046, 37.65972], [126.96025, 37.65944], [126.96079, 37.65861], [126.96361, 37.6559], [126.96417, 37.65575], [126.96556, 37.65572], [126.96778, 37.65583], [126.96972, 37.6555], [126.97013, 37.65528], [126.97019, 37.655], [126.96993, 37.65472], [126.96861, 37.65407], [126.9673, 37.65306], [126.96722, 37.65261], [126.96778, 37.65187], [126.96917, 37.65081], [126.97083, 37.65025], [126.97222, 37.65032], [126.9738, 37.64889], [126.97402, 37.64861], [126.97401, 37.64833], [126.97363, 37.6475], [126.97357, 37.64667], [126.97333, 37.64586], [126.97306, 37.64554], [126.9725, 37.64638], [126.97222, 37.64722], [126.97167, 37.64751], [126.97, 37.64758], [126.96806, 37.64744], [126.9676, 37.64722], [126.96705, 37.64667], [126.96667, 37.64655], [126.96639, 37.64659], [126.96528, 37.64721], [126.96389, 37.64727], [126.96345, 37.64889], [126.96325, 37.64917], [126.96278, 37.64938], [126.95944, 37.64986], [126.95833, 37.64988], [126.95722, 37.64969], [126.95693, 37.64944], [126.95698, 37.64917], [126.95833, 37.64763], [126.95895, 37.64667], [126.95907, 37.64611], [126.95888, 37.64583], [126.95861, 37.64573], [126.95583, 37.64556], [126.95528, 37.645], [126.95534, 37.64472], [126.95583, 37.64447], [126.95778, 37.64436], [126.95826, 37.64417], [126.95849, 37.64389], [126.95875, 37.64306], [126.96137, 37.64139], [126.96155, 37.64111], [126.96163, 37.64056], [126.96186, 37.64028], [126.96306, 37.63947], [126.96363, 37.63889], [126.96411, 37.63778], [126.96404, 37.63722], [126.96361, 37.63681], [126.9625, 37.63622], [126.96232, 37.63583], [126.96229, 37.635], [126.96194, 37.63468], [126.96, 37.63482], [126.95917, 37.63434], [126.95861, 37.6346], [126.95778, 37.6354], [126.9575, 37.63552], [126.95639, 37.63542], [126.95611, 37.63529], [126.95587, 37.63444], [126.95604, 37.63361], [126.95586, 37.6325], [126.95605, 37.63083], [126.95556, 37.63028], [126.95472, 37.62987], [126.95417, 37.62971], [126.9525, 37.62983], [126.95139, 37.62958], [126.95101, 37.62972], [126.95028, 37.63063], [126.94944, 37.63094], [126.94889, 37.63066], [126.94722, 37.62866], [126.94667, 37.62822], [126.94639, 37.62821], [126.945, 37.62894], [126.94472, 37.62881], [126.94467, 37.62861], [126.94512, 37.62778], [126.94556, 37.6265], [126.94583, 37.6263], [126.94667, 37.62621], [126.94722, 37.62599], [126.94854, 37.62472], [126.9485, 37.62306], [126.94871, 37.6225], [126.94922, 37.62194], [126.94972, 37.62172], [126.95028, 37.62166], [126.95194, 37.62215], [126.95333, 37.62283], [126.95438, 37.62278], [126.95467, 37.6225], [126.955, 37.62183], [126.95584, 37.62111], [126.95667, 37.62004], [126.95694, 37.62004], [126.95715, 37.62028], [126.9575, 37.62189], [126.95778, 37.62212], [126.95889, 37.62192], [126.96, 37.62252], [126.96028, 37.62255], [126.96111, 37.62204], [126.96139, 37.622], [126.96162, 37.62222], [126.96169, 37.6225], [126.9617, 37.62417], [126.9618, 37.62444], [126.96222, 37.62472], [126.96333, 37.62443], [126.96361, 37.62447], [126.96472, 37.62509], [126.96528, 37.62514], [126.9655, 37.625], [126.96527, 37.62389], [126.96556, 37.62367], [126.96611, 37.62377], [126.96694, 37.6242], [126.9675, 37.62417], [126.96778, 37.62362], [126.96774, 37.62306], [126.9682, 37.62222], [126.96806, 37.62188], [126.96694, 37.62133], [126.9668, 37.62111], [126.9669, 37.62056], [126.96722, 37.62025], [126.96778, 37.62009], [126.96833, 37.62013], [126.96944, 37.62049], [126.97, 37.62028], [126.97044, 37.61889], [126.97019, 37.61833], [126.97025, 37.61778], [126.97056, 37.61691], [126.97083, 37.61659], [126.97111, 37.61652], [126.97139, 37.6166], [126.97178, 37.61694], [126.97301, 37.61861], [126.97361, 37.61886], [126.97444, 37.61898], [126.97466, 37.61917], [126.97486, 37.61972], [126.97584, 37.62056], [126.97598, 37.62083], [126.97602, 37.62167], [126.97667, 37.62212], [126.97694, 37.62256], [126.97722, 37.62272], [126.9775, 37.62264], [126.97833, 37.62171], [126.97917, 37.62141], [126.97944, 37.62114], [126.97973, 37.62], [126.98053, 37.61917], [126.98074, 37.61833], [126.98167, 37.61621], [126.98201, 37.61583], [126.98278, 37.61556]]}}, {"type": "Feature", "properties": {"elev": 350, "idx": 0}, "geometry": {"type": "LineString", "coordinates": [[126.9436, 37.67556], [126.94389, 37.6753], [126.94444, 37.67538], [126.94583, 37.67618], [126.94633, 37.67667], [126.94648, 37.67722], [126.94526, 37.67861], [126.94497, 37.67972], [126.94506, 37.68], [126.94611, 37.68061], [126.94694, 37.6818], [126.9475, 37.68198], [126.94833, 37.68191], [126.94876, 37.68222], [126.94933, 37.68333], [126.94935, 37.68361], [126.94878, 37.68444], [126.94786, 37.68528], [126.94785, 37.68556], [126.94833, 37.68598], [126.95, 37.68665], [126.95081, 37.68722], [126.95138, 37.68778], [126.95146, 37.68806], [126.95111, 37.68833], [126.95028, 37.6884], [126.94833, 37.68827], [126.94694, 37.68846], [126.94556, 37.68779], [126.94417, 37.68789], [126.94389, 37.6878], [126.94306, 37.68687], [126.94222, 37.6866], [126.94167, 37.68556], [126.94076, 37.68472], [126.94069, 37.68417], [126.94111, 37.68328], [126.94139, 37.68311], [126.9425, 37.68299], [126.94282, 37.68278], [126.94294, 37.6825], [126.94273, 37.68139], [126.94184, 37.67972], [126.94126, 37.67917], [126.94123, 37.67889], [126.94247, 37.67806], [126.94315, 37.67722], [126.94341, 37.67667], [126.94345, 37.67583], [126.9436, 37.67556]]}}, {"type": "Feature", "properties": {"elev": 350, "idx": 0}, "geometry": {"type": "LineString", "coordinates": [[127.00728, 37.67861], [127.00972, 37.67871], [127.01025, 37.67889], [127.01055, 37.67917], [127.01071, 37.67944], [127.01072, 37.68028], [127.01111, 37.68094], [127.01128, 37.68194], [127.01188, 37.68278], [127.01222, 37.68352], [127.0125, 37.68362], [127.01389, 37.68341], [127.01472, 37.68267], [127.01528, 37.68268], [127.01582, 37.68333], [127.01632, 37.68472], [127.01655, 37.685], [127.0175, 37.68531], [127.01859, 37.68528], [127.01889, 37.68554], [127.01894, 37.68583], [127.01778, 37.68639], [127.01639, 37.68767], [127.01583, 37.68782], [127.01472, 37.68785], [127.01444, 37.68797], [127.01393, 37.68889], [127.01393, 37.68917], [127.01472, 37.69014], [127.01583, 37.69021], [127.01639, 37.69051], [127.01667, 37.69121], [127.01694, 37.69144], [127.01806, 37.69129], [127.01889, 37.69186], [127.01972, 37.69182], [127.0201, 37.69194], [127.02029, 37.69222], [127.02037, 37.69278], [127.01999, 37.69389], [127.02004, 37.69417], [127.02064, 37.69472], [127.02108, 37.69611], [127.02131, 37.69639], [127.02167, 37.69636], [127.0225, 37.69598], [127.02444, 37.69448], [127.025, 37.69439], [127.02556, 37.6947], [127.02576, 37.69528], [127.02562, 37.69639], [127.02581, 37.69694], [127.02625, 37.6975], [127.02694, 37.69806], [127.0275, 37.69899], [127.02861, 37.70026], [127.02906, 37.70111], [127.02667, 37.70199], [127.02528, 37.70215], [127.02496, 37.7025], [127.02574, 37.70444], [127.02583, 37.70544], [127.02654, 37.70583], [127.02674, 37.70611], [127.02653, 37.70694], [127.0266, 37.70778], [127.02593, 37.70833], [127.02587, 37.70861], [127.02666, 37.70972], [127.02676, 37.71028], [127.02668, 37.71056], [127.02573, 37.71167], [127.02577, 37.71278], [127.02559, 37.71361], [127.02583, 37.71444], [127.02556, 37.71473], [127.02528, 37.71461], [127.02417, 37.714], [127.02361, 37.71332], [127.02306, 37.71305], [127.01944, 37.71481], [127.01833, 37.71502], [127.01722, 37.71475], [127.01666, 37.715], [127.01653, 37.71528], [127.01797, 37.71722], [127.01763, 37.71861], [127.01784, 37.71917], [127.01861, 37.71997], [127.01979, 37.72028], [127.02059, 37.72111], [127.02194, 37.7215], [127.02222, 37.7217], [127.02291, 37.72306], [127.0236, 37.72361], [127.02373, 37.72389], [127.02361, 37.72407], [127.02306, 37.72429], [127.02198, 37.72417], [127.02111, 37.72358], [127.02028, 37.7235], [127.01844, 37.72278], [127.01583, 37.72221], [127.01556, 37.72239], [127.01543, 37.72278], [127.0155, 37.72333], [127.01607, 37.725], [127.01587, 37.72556], [127.01444, 37.72597], [127.01306, 37.72719], [127.01222, 37.72751], [127.01167, 37.72738], [127.01056, 37.7267], [127.01053, 37.72611], [127.01028, 37.72575], [127.00944, 37.72542], [127.00806, 37.72522], [127.00752, 37.725], [127.00729, 37.72472], [127.00713, 37.72389], [127.00694, 37.72364], [127.0052, 37.72194], [127.00511, 37.72167], [127.00528, 37.72139], [127.00611, 37.72067], [127.00884, 37.71972], [127.00876, 37.71944], [127.00806, 37.71914], [127.00694, 37.71829], [127.00639, 37.7176], [127.00501, 37.71722], [127.00389, 37.71642], [127.00139, 37.71691], [127.00083, 37.71682], [127.00071, 37.71639], [127.00105, 37.71556], [127.00097, 37.715], [127.00056, 37.7147], [126.99889, 37.71438], [126.99865, 37.71417], [126.99889, 37.71361], [126.99917, 37.71349], [127.00278, 37.71286], [127.00361, 37.71244], [127.00528, 37.71193], [127.00611, 37.71199], [127.0075, 37.71237], [127.00861, 37.71242], [127.0093, 37.71222], [127.00947, 37.71194], [127.00944, 37.71164], [127.00806, 37.71125], [127.00581, 37.70972], [127.00448, 37.70917], [127.00432, 37.70889], [127.00437, 37.70861], [127.0047, 37.70778], [127.00444, 37.7075], [127.00333, 37.70737], [127.00167, 37.70802], [127.00139, 37.708], [127.0, 37.70684], [126.99889, 37.70664], [126.99806, 37.70574], [126.99722, 37.70565], [126.99639, 37.70527], [126.99389, 37.70528], [126.99167, 37.70475], [126.99056, 37.7036], [126.99029, 37.70306], [126.99056, 37.70163], [126.99092, 37.70111], [126.99194, 37.70059], [126.994, 37.7], [126.99445, 37.69972], [126.99448, 37.69944], [126.99433, 37.69917], [126.99333, 37.69854], [126.99266, 37.6975], [126.99266, 37.69722], [126.99332, 37.69611], [126.99434, 37.695], [126.995, 37.69368], [126.99597, 37.69306], [126.99617, 37.69222], [126.99652, 37.69194], [126.99807, 37.69139], [126.99818, 37.69111], [126.99803, 37.69083], [126.99737, 37.69028], [126.99701, 37.68972], [126.99702, 37.68917], [126.99715, 37.68889], [126.99778, 37.68847], [126.99944, 37.68808], [127.00139, 37.68842], [127.00203, 37.68833], [127.00221, 37.6875], [127.00212, 37.68722], [127.00167, 37.68691], [127.0, 37.68633], [126.99808, 37.685], [126.99792, 37.68444], [126.99801, 37.68389], [126.9982, 37.68361], [126.99889, 37.68321], [127.0, 37.68294], [127.00066, 37.68222], [127.00167, 37.68183], [127.00222, 37.68205], [127.00389, 37.68319], [127.00444, 37.6832], [127.00469, 37.68278], [127.00474, 37.68222], [127.005, 37.68172], [127.00668, 37.68083], [127.00682, 37.68056], [127.00683, 37.67889], [127.00728, 37.67861]]}}, {"type": "Feature", "properties": {"elev": 350, "idx": 0}, "geometry": {"type": "LineString", "coordinates": [[126.97027, 37.68167], [126.97088, 37.68194], [126.97131, 37.68306], [126.97126, 37.68333], [126.97083, 37.68337], [126.97024, 37.68278], [126.9701, 37.68222], [126.97027, 37.68167]]}}, {"type": "Feature", "properties": {"elev": 350, "idx": 0}, "geometry": {"type": "LineString", "coordinates": [[127.07972, 37.68917], [127.07917, 37.68908], [127.07829, 37.68833], [127.07772, 37.68722], [127.07773, 37.68667], [127.07806, 37.68657], [127.07833, 37.68664], [127.07972, 37.68775]]}}, {"type": "Feature", "properties": {"elev": 350, "idx": 0}, "geometry": {"type": "LineString", "coordinates": [[126.95374, 37.69278], [126.95389, 37.6926], [126.95417, 37.6927], [126.9543, 37.69278], [126.95428, 37.69306], [126.95389, 37.69308], [126.95374, 37.69278]]}}, {"type": "Feature", "properties": {"elev": 350, "idx": 0}, "geometry": {"type": "LineString", "coordinates": [[127.07972, 37.7138], [127.07917, 37.71417], [127.07906, 37.71444], [127.07934, 37.71528], [127.07859, 37.71667], [127.07833, 37.71684], [127.07528, 37.71712], [127.07506, 37.71694], [127.07489, 37.71611], [127.0744, 37.71556], [127.07404, 37.71472], [127.07361, 37.71451], [127.0725, 37.71446], [127.07194, 37.71423], [127.07081, 37.7125], [127.07167, 37.71174], [127.07306, 37.7118], [127.07389, 37.71079], [127.07528, 37.71094], [127.07583, 37.71075], [127.076, 37.71056], [127.07641, 37.70861], [127.07615, 37.70778], [127.07711, 37.70694], [127.0771, 37.70667], [127.07564, 37.705], [127.07611, 37.70481], [127.07833, 37.70481], [127.07864, 37.70472], [127.07876, 37.70444], [127.07795, 37.70361], [127.07752, 37.7025], [127.07708, 37.70194], [127.07761, 37.70139], [127.07758, 37.70111], [127.07654, 37.7], [127.07629, 37.69944], [127.07625, 37.69833], [127.07583, 37.69768], [127.07556, 37.6974], [127.07528, 37.69733], [127.07472, 37.69745], [127.07361, 37.69797], [127.07295, 37.69806], [127.07278, 37.69788], [127.0725, 37.69694], [127.07157, 37.69583], [127.07121, 37.695], [127.07051, 37.69417], [127.07066, 37.69389], [127.07167, 37.69337], [127.07222, 37.69288], [127.07244, 37.6925], [127.07247, 37.69194], [127.07278, 37.69187], [127.07333, 37.69223], [127.07444, 37.69365], [127.07667, 37.69487], [127.07722, 37.69478], [127.07837, 37.69417], [127.07865, 37.69389], [127.07889, 37.69333], [127.07972, 37.69269]]}}, {"type": "Feature", "properties": {"elev": 350, "idx": 0}, "geometry": {"type": "LineString", "coordinates": [[126.95966, 37.72667], [126.96028, 37.72658], [126.96111, 37.72667], [126.96184, 37.72722], [126.96221, 37.72833], [126.96296, 37.72917], [126.96319, 37.72972], [126.96341, 37.73083], [126.96338, 37.73167], [126.96373, 37.73278], [126.96334, 37.73389], [126.9637, 37.73417], [126.96556, 37.73483], [126.96609, 37.73528], [126.96674, 37.73611], [126.96666, 37.73722], [126.96737, 37.73861], [126.96726, 37.73944], [126.96763, 37.74083], [126.96758, 37.74111], [126.96722, 37.74137], [126.96667, 37.7415], [126.96638, 37.74139], [126.96575, 37.73972], [126.96572, 37.73889], [126.96543, 37.73778], [126.96438, 37.73722], [126.96361, 37.73626], [126.9625, 37.73608], [126.96228, 37.73583], [126.96218, 37.735], [126.96194, 37.73486], [126.96056, 37.73483], [126.96029, 37.73472], [126.96077, 37.73278], [126.96033, 37.73056], [126.96, 37.73019], [126.95861, 37.72979], [126.95833, 37.7295], [126.95824, 37.72889], [126.95836, 37.72806], [126.95787, 37.72722], [126.95792, 37.72694], [126.95806, 37.72688], [126.95889, 37.72692], [126.95966, 37.72667]]}}, {"type": "Feature", "properties": {"elev": 350, "idx": 0}, "geometry": {"type": "LineString", "coordinates": [[126.90083, 37.73694], [126.90111, 37.73691], [126.90158, 37.7375], [126.90266, 37.73833], [126.90309, 37.73944], [126.90428, 37.74056], [126.90472, 37.74123], [126.90528, 37.7416], [126.90639, 37.74197], [126.90768, 37.74389], [126.9077, 37.74417], [126.90743, 37.74444], [126.90611, 37.74522], [126.90573, 37.74528], [126.90556, 37.74519], [126.90551, 37.745], [126.9059, 37.74389], [126.9056, 37.74333], [126.90444, 37.74269], [126.90306, 37.74252], [126.90233, 37.74222], [126.90214, 37.74194], [126.90235, 37.74083], [126.90194, 37.73989], [126.90106, 37.73889], [126.90119, 37.73778], [126.90078, 37.73722], [126.90083, 37.73694]]}}, {"type": "Feature", "properties": {"elev": 350, "idx": 0}, "geometry": {"type": "LineString", "coordinates": [[126.99243, 37.74056], [126.99306, 37.74033], [126.99333, 37.74038], [126.99361, 37.74059], [126.99385, 37.74111], [126.99367, 37.74222], [126.99279, 37.74361], [126.99313, 37.74472], [126.99344, 37.745], [126.99389, 37.74514], [126.99668, 37.74556], [126.99706, 37.74611], [126.99722, 37.74806], [126.9971, 37.74833], [126.99667, 37.74861], [126.99473, 37.74917], [126.99383, 37.74972], [126.99376, 37.75], [126.99407, 37.75056], [126.99389, 37.75076], [126.99361, 37.75082], [126.99222, 37.75043], [126.99167, 37.75054], [126.99083, 37.75097], [126.99075, 37.75139], [126.99099, 37.75167], [126.9925, 37.75229], [126.99308, 37.75278], [126.99313, 37.75306], [126.99286, 37.75361], [126.99288, 37.75389], [126.99332, 37.75472], [126.9932, 37.75528], [126.99278, 37.75566], [126.99167, 37.75588], [126.98967, 37.75528], [126.98833, 37.75462], [126.98722, 37.75364], [126.98639, 37.7537], [126.98617, 37.75361], [126.98616, 37.75333], [126.98633, 37.75306], [126.98806, 37.75167], [126.98823, 37.75139], [126.98841, 37.75056], [126.98832, 37.74917], [126.98851, 37.74778], [126.98922, 37.74694], [126.98932, 37.74667], [126.98922, 37.74583], [126.98889, 37.74498], [126.98851, 37.74444], [126.9886, 37.74417], [126.98944, 37.74364], [126.9898, 37.74306], [126.98987, 37.7425], [126.98961, 37.74194], [126.98959, 37.74139], [126.99, 37.74102], [126.99167, 37.74095], [126.99243, 37.74056]]}}, {"type": "Feature", "properties": {"elev": 350, "idx": 0}, "geometry": {"type": "LineString", "coordinates": [[126.96522, 37.74222], [126.96583, 37.74197], [126.96611, 37.74211], [126.96639, 37.74253], [126.96683, 37.74361], [126.96667, 37.74407], [126.96639, 37.7443], [126.96583, 37.74421], [126.96518, 37.74333], [126.96501, 37.74278], [126.96522, 37.74222]]}}, {"type": "Feature", "properties": {"elev": 350, "idx": 0}, "geometry": {"type": "LineString", "coordinates": [[126.903, 37.74722], [126.90312, 37.7475], [126.90278, 37.74819], [126.9021, 37.7475], [126.903, 37.74722]]}}, {"type": "Feature", "properties": {"elev": 350, "idx": 0}, "geometry": {"type": "LineString", "coordinates": [[126.91972, 37.76], [126.92111, 37.75872], [126.92207, 37.75694], [126.92332, 37.75611], [126.92376, 37.75528], [126.92424, 37.75472], [126.92473, 37.75333], [126.9256, 37.75222], [126.92543, 37.75167], [126.92465, 37.75083], [126.92417, 37.75055], [126.92333, 37.75032], [126.92167, 37.74934], [126.92083, 37.74846], [126.91835, 37.74778], [126.91848, 37.7475], [126.91954, 37.74639], [126.91947, 37.74611], [126.91782, 37.745], [126.91778, 37.74464], [126.91836, 37.74389], [126.9184, 37.74306], [126.91861, 37.74275], [126.92056, 37.74219], [126.92139, 37.74231], [126.9225, 37.74282], [126.92417, 37.74272], [126.9246, 37.74306], [126.925, 37.74375], [126.92555, 37.74417], [126.92694, 37.74493], [126.9275, 37.74481], [126.92766, 37.74472], [126.92768, 37.74444], [126.92736, 37.74278], [126.92741, 37.74194], [126.92757, 37.74167], [126.92806, 37.74141], [126.92833, 37.74111], [126.92854, 37.74056], [126.92867, 37.73944], [126.92898, 37.73861], [126.92825, 37.73806], [126.9279, 37.7375], [126.92666, 37.73667], [126.92583, 37.7363], [126.92525, 37.73583], [126.92502, 37.73556], [126.925, 37.73472], [126.92472, 37.73427], [126.92311, 37.73361], [126.92256, 37.73306], [126.92167, 37.73258], [126.9213, 37.73222], [126.92096, 37.73111], [126.92048, 37.73028], [126.92052, 37.72944], [126.92083, 37.72881], [126.92111, 37.72859], [126.92167, 37.72846], [126.92361, 37.72861], [126.92373, 37.72889], [126.92341, 37.72944], [126.92337, 37.73], [126.92389, 37.73107], [126.92528, 37.73209], [126.92652, 37.7325], [126.92694, 37.73342], [126.92778, 37.73423], [126.92833, 37.7343], [126.92889, 37.73361], [126.92917, 37.73351], [126.93028, 37.73414], [126.93056, 37.73416], [126.93139, 37.73359], [126.93194, 37.73343], [126.93278, 37.73332], [126.9332, 37.73361], [126.93339, 37.73444], [126.93389, 37.735], [126.93396, 37.73528], [126.93278, 37.73603], [126.93251, 37.73639], [126.93253, 37.73667], [126.93332, 37.7375], [126.93342, 37.73778], [126.93333, 37.73806], [126.93222, 37.73889], [126.93186, 37.73944], [126.93183, 37.74083], [126.93204, 37.74111], [126.93306, 37.74127], [126.93389, 37.74157], [126.93472, 37.7407], [126.93611, 37.74024], [126.93694, 37.74016], [126.93806, 37.74074], [126.93833, 37.74069], [126.93889, 37.74019], [126.93917, 37.7401], [126.94056, 37.74001], [126.94139, 37.74015], [126.9425, 37.74013], [126.94389, 37.7407], [126.94484, 37.74083], [126.94495, 37.74111], [126.94478, 37.74139], [126.94398, 37.74222], [126.9439, 37.7425], [126.94397, 37.74306], [126.94381, 37.74333], [126.94333, 37.74343], [126.94222, 37.74338], [126.94167, 37.74351], [126.94111, 37.74396], [126.94008, 37.74417], [126.93934, 37.745], [126.93922, 37.74528], [126.9393, 37.74583], [126.94007, 37.7475], [126.93989, 37.74778], [126.93889, 37.74791], [126.9375, 37.74763], [126.93667, 37.74823], [126.935, 37.74863], [126.93464, 37.74889], [126.93474, 37.74917], [126.93611, 37.7501], [126.93707, 37.75056], [126.93741, 37.75167], [126.93751, 37.7525], [126.93777, 37.75306], [126.93789, 37.75389], [126.93833, 37.75399], [126.94028, 37.75379], [126.94048, 37.75389], [126.94004, 37.75528], [126.94008, 37.75556], [126.94028, 37.75564], [126.94111, 37.75552], [126.94167, 37.75558], [126.9419, 37.75583], [126.94215, 37.75667], [126.9425, 37.75689], [126.94278, 37.75687], [126.94361, 37.75645], [126.94414, 37.75583], [126.94472, 37.75563], [126.94522, 37.755], [126.94611, 37.7545], [126.94627, 37.75361], [126.94694, 37.753], [126.9475, 37.7528], [126.94889, 37.75277], [126.94944, 37.75217], [126.95056, 37.75186], [126.95139, 37.75127], [126.95232, 37.7525], [126.95316, 37.75417], [126.95417, 37.75498], [126.95489, 37.75611], [126.95482, 37.75639], [126.95361, 37.7575], [126.95278, 37.75778], [126.95205, 37.75833], [126.95196, 37.75861], [126.95222, 37.7593], [126.9525, 37.75947], [126.95333, 37.75959], [126.95358, 37.76]]}}, {"type": "Feature", "properties": {"elev": 350, "idx": 0}, "geometry": {"type": "LineString", "coordinates": [[126.95425, 37.76], [126.95456, 37.75944], [126.955, 37.75912], [126.95611, 37.75927], [126.95694, 37.7585], [126.95806, 37.75849], [126.95833, 37.75839], [126.95861, 37.75815], [126.95917, 37.75717], [126.95944, 37.75694], [126.96042, 37.75667], [126.96083, 37.75639], [126.96129, 37.75528], [126.96216, 37.75417], [126.96276, 37.75306], [126.96235, 37.75194], [126.9625, 37.7516], [126.96278, 37.75164], [126.96306, 37.75221], [126.96306, 37.75259], [126.96292, 37.75278], [126.96309, 37.75306], [126.96422, 37.75361], [126.96438, 37.75389], [126.96437, 37.75444], [126.96465, 37.75556], [126.96462, 37.75611], [126.96428, 37.75667], [126.96333, 37.75749], [126.96107, 37.75806], [126.96081, 37.75833], [126.9608, 37.75917], [126.96019, 37.76]]}}, {"type": "Feature", "properties": {"elev": 350, "idx": 0}, "geometry": {"type": "LineString", "coordinates": [[126.97389, 37.76], [126.97308, 37.75917], [126.97293, 37.75861], [126.97306, 37.75828], [126.97355, 37.75778], [126.97381, 37.75556], [126.97432, 37.75444], [126.97451, 37.75361], [126.97472, 37.75323], [126.97528, 37.75293], [126.97722, 37.75334], [126.97819, 37.75389], [126.97917, 37.75408], [126.98083, 37.75467], [126.98194, 37.75469], [126.98222, 37.75485], [126.98251, 37.75583], [126.98228, 37.75694], [126.98232, 37.75722], [126.9827, 37.75778], [126.98274, 37.75806], [126.98241, 37.75889], [126.9826, 37.75944], [126.98255, 37.75972], [126.98222, 37.76]]}}, {"type": "Feature", "properties": {"elev": 350, "idx": 0}, "geometry": {"type": "LineString", "coordinates": [[127.0004, 37.76], [127.00056, 37.75917], [127.00111, 37.75863], [127.00139, 37.75851], [127.00167, 37.75862], [127.00227, 37.76]]}}, {"type": "Feature", "properties": {"elev": 400, "idx": 1}, "geometry": {"type": "LineString", "coordinates": [[126.98192, 37.61722], [126.98222, 37.61711], [126.9825, 37.61736], [126.98267, 37.61778], [126.98275, 37.61861], [126.98352, 37.61972], [126.98357, 37.62028], [126.98333, 37.62064], [126.98139, 37.62161], [126.98113, 37.62139], [126.98127, 37.62], [126.98149, 37.61944], [126.98134, 37.61861], [126.98164, 37.6175], [126.98192, 37.61722]]}}, {"type": "Feature", "properties": {"elev": 400, "idx": 1}, "geometry": {"type": "LineString", "coordinates": [[126.9721, 37.61972], [126.9725, 37.61963], [126.97278, 37.61972], [126.97298, 37.62], [126.9732, 37.62056], [126.97371, 37.62111], [126.9741, 37.6225], [126.97444, 37.62308], [126.975, 37.62346], [126.97556, 37.62364], [126.97694, 37.62466], [126.97778, 37.62386], [126.97902, 37.62333], [126.97952, 37.62278], [126.98083, 37.62242], [126.98111, 37.62277], [126.98121, 37.62333], [126.98069, 37.62444], [126.98103, 37.62583], [126.98194, 37.62695], [126.9825, 37.62732], [126.98333, 37.62761], [126.98382, 37.62806], [126.98391, 37.62833], [126.98376, 37.62861], [126.98222, 37.62944], [126.98219, 37.62972], [126.98337, 37.63056], [126.98362, 37.63083], [126.9837, 37.63167], [126.98472, 37.63234], [126.98528, 37.63244], [126.98583, 37.63235], [126.98667, 37.63176], [126.98694, 37.63171], [126.98778, 37.63202], [126.99, 37.63156], [126.99111, 37.63077], [126.9925, 37.63021], [126.99417, 37.62917], [126.99472, 37.62935], [126.99499, 37.62972], [126.99446, 37.63083], [126.99451, 37.63194], [126.99414, 37.63306], [126.9943, 37.63417], [126.99417, 37.63443], [126.99343, 37.63444], [126.99253, 37.63389], [126.99194, 37.63371], [126.99111, 37.63372], [126.99071, 37.63389], [126.99057, 37.63417], [126.99089, 37.635], [126.99079, 37.63583], [126.99028, 37.63674], [126.9888, 37.63778], [126.98859, 37.63806], [126.98863, 37.63833], [126.98919, 37.63889], [126.98944, 37.63968], [126.99028, 37.64005], [126.99067, 37.64056], [126.99031, 37.64167], [126.99043, 37.64222], [126.99094, 37.64306], [126.99109, 37.64361], [126.99083, 37.64417], [126.98972, 37.6443], [126.98932, 37.64472], [126.9893, 37.645], [126.98967, 37.64611], [126.98951, 37.64667], [126.98952, 37.64722], [126.98892, 37.64778], [126.98895, 37.64806], [126.98929, 37.64861], [126.99045, 37.64972], [126.99056, 37.65], [126.99049, 37.65028], [126.98966, 37.65111], [126.98988, 37.6525], [126.98972, 37.65297], [126.98917, 37.65292], [126.98833, 37.65232], [126.98806, 37.6525], [126.98778, 37.65298], [126.98722, 37.65334], [126.98696, 37.65444], [126.987, 37.65472], [126.9876, 37.65583], [126.98834, 37.65639], [126.98874, 37.65694], [126.98877, 37.65722], [126.98853, 37.65806], [126.98783, 37.65889], [126.98793, 37.65917], [126.9886, 37.66], [126.98889, 37.66014], [126.99042, 37.66028], [126.99072, 37.66056], [126.99139, 37.66184], [126.99222, 37.66212], [126.99306, 37.66266], [126.99333, 37.66267], [126.99389, 37.6624], [126.99417, 37.66248], [126.99524, 37.66444], [126.99611, 37.66528], [126.99612, 37.66611], [126.99655, 37.66694], [126.99652, 37.66722], [126.99539, 37.66806], [126.99524, 37.66833], [126.99531, 37.66944], [126.99444, 37.67015], [126.99361, 37.67025], [126.99278, 37.66983], [126.99247, 37.66944], [126.99201, 37.66806], [126.99167, 37.66775], [126.99056, 37.6683], [126.98972, 37.66847], [126.98833, 37.66829], [126.9875, 37.66804], [126.98622, 37.66694], [126.98581, 37.66528], [126.98361, 37.66441], [126.98306, 37.66459], [126.98278, 37.665], [126.98284, 37.66611], [126.98272, 37.66639], [126.98194, 37.66659], [126.98083, 37.66641], [126.97972, 37.66606], [126.97918, 37.66611], [126.97889, 37.66648], [126.9784, 37.66806], [126.97806, 37.66818], [126.97528, 37.66725], [126.97306, 37.66675], [126.97225, 37.66639], [126.97189, 37.66583], [126.97208, 37.66528], [126.97298, 37.66444], [126.97313, 37.66417], [126.97311, 37.66389], [126.97257, 37.66361], [126.97139, 37.6634], [126.97056, 37.66287], [126.96944, 37.66294], [126.96899, 37.66278], [126.96869, 37.66194], [126.96859, 37.66056], [126.96825, 37.65972], [126.96778, 37.65916], [126.96694, 37.6589], [126.96611, 37.65886], [126.96361, 37.65949], [126.96164, 37.65917], [126.96163, 37.65889], [126.96215, 37.65806], [126.96333, 37.65694], [126.96417, 37.65647], [126.96611, 37.65634], [126.9675, 37.65669], [126.96944, 37.65677], [126.97222, 37.65563], [126.97228, 37.65528], [126.97216, 37.655], [126.97167, 37.65432], [126.97111, 37.654], [126.96972, 37.65374], [126.96889, 37.6534], [126.96848, 37.65306], [126.9684, 37.65278], [126.96851, 37.6525], [126.96959, 37.65167], [126.97028, 37.65138], [126.97111, 37.65136], [126.9725, 37.65177], [126.97305, 37.65167], [126.97465, 37.65056], [126.97486, 37.65028], [126.97502, 37.64972], [126.97583, 37.64919], [126.97594, 37.64889], [126.97556, 37.64792], [126.9746, 37.64694], [126.97452, 37.64639], [126.97462, 37.64611], [126.97528, 37.64567], [126.97667, 37.64573], [126.97698, 37.64556], [126.97714, 37.645], [126.97694, 37.64481], [126.97583, 37.6446], [126.97472, 37.64418], [126.97333, 37.64413], [126.97222, 37.6437], [126.97139, 37.6436], [126.97125, 37.64389], [126.97157, 37.64472], [126.97163, 37.64528], [126.97083, 37.64639], [126.96861, 37.64672], [126.96833, 37.64663], [126.96722, 37.6457], [126.96611, 37.64547], [126.9658, 37.64556], [126.96528, 37.64626], [126.965, 37.64643], [126.96361, 37.64611], [126.96306, 37.64612], [126.96233, 37.64639], [126.96208, 37.64667], [126.96205, 37.64694], [126.96262, 37.64806], [126.96255, 37.64833], [126.96224, 37.64861], [126.96167, 37.64887], [126.95972, 37.64936], [126.95889, 37.64945], [126.95833, 37.64937], [126.95807, 37.64917], [126.95815, 37.64889], [126.95963, 37.64722], [126.95995, 37.64667], [126.9602, 37.64583], [126.9602, 37.64556], [126.96001, 37.64528], [126.95936, 37.645], [126.95924, 37.64472], [126.95952, 37.64417], [126.95942, 37.64361], [126.9595, 37.64333], [126.96229, 37.64167], [126.96278, 37.64079], [126.96423, 37.63972], [126.96534, 37.63861], [126.96566, 37.63806], [126.96528, 37.63648], [126.965, 37.63621], [126.96389, 37.63577], [126.96338, 37.63528], [126.96328, 37.63472], [126.96366, 37.63389], [126.96331, 37.63306], [126.96306, 37.63276], [126.9625, 37.63286], [126.96139, 37.63381], [126.96111, 37.63388], [126.96083, 37.6338], [126.96, 37.63295], [126.95972, 37.63293], [126.95806, 37.63372], [126.95722, 37.63395], [126.95701, 37.63361], [126.95672, 37.63194], [126.95701, 37.63056], [126.95695, 37.63], [126.95649, 37.62944], [126.95611, 37.6292], [126.95528, 37.62906], [126.95444, 37.62848], [126.95306, 37.62891], [126.95167, 37.62824], [126.95139, 37.62822], [126.95034, 37.62889], [126.94992, 37.62944], [126.94944, 37.62971], [126.94889, 37.62949], [126.94814, 37.62889], [126.94722, 37.6275], [126.94722, 37.62715], [126.94818, 37.62667], [126.94879, 37.62583], [126.94946, 37.62528], [126.9496, 37.625], [126.9494, 37.62278], [126.94956, 37.6225], [126.95, 37.6223], [126.95111, 37.62266], [126.95188, 37.62306], [126.95278, 37.62376], [126.95333, 37.62389], [126.955, 37.6237], [126.95537, 37.62333], [126.95575, 37.6225], [126.95611, 37.62243], [126.9575, 37.62328], [126.95861, 37.62316], [126.95965, 37.62361], [126.9601, 37.62417], [126.96029, 37.625], [126.96048, 37.62528], [126.96139, 37.62583], [126.9625, 37.62601], [126.96333, 37.62563], [126.96361, 37.62563], [126.96472, 37.6263], [126.96639, 37.62653], [126.9675, 37.62689], [126.96775, 37.62667], [126.96764, 37.62583], [126.96778, 37.62561], [126.96889, 37.62554], [126.96938, 37.625], [126.96903, 37.62417], [126.96902, 37.62389], [126.96907, 37.62278], [126.96936, 37.62167], [126.97075, 37.62111], [126.97167, 37.61998], [126.9721, 37.61972]]}}, {"type": "Feature", "properties": {"elev": 400, "idx": 1}, "geometry": {"type": "LineString", "coordinates": [[126.99347, 37.67139], [126.99389, 37.67141], [126.99444, 37.67181], [126.99575, 37.67389], [126.99562, 37.67444], [126.99533, 37.675], [126.99436, 37.67611], [126.99417, 37.67667], [126.99548, 37.68056], [126.99628, 37.68194], [126.99629, 37.68222], [126.99611, 37.68239], [126.99444, 37.68225], [126.99361, 37.68268], [126.99278, 37.68292], [126.99261, 37.68306], [126.99256, 37.68333], [126.9928, 37.68444], [126.99251, 37.68472], [126.99139, 37.68516], [126.99056, 37.68534], [126.98889, 37.6851], [126.98806, 37.68513], [126.98765, 37.68528], [126.98722, 37.68605], [126.98611, 37.68612], [126.9841, 37.68667], [126.98384, 37.68694], [126.98346, 37.68833], [126.98278, 37.68874], [126.98222, 37.68866], [126.98028, 37.68778], [126.97833, 37.68791], [126.97722, 37.68835], [126.97667, 37.68842], [126.97477, 37.6875], [126.97443, 37.68694], [126.97433, 37.68639], [126.975, 37.68521], [126.97528, 37.68513], [126.97667, 37.68529], [126.97778, 37.68518], [126.97861, 37.68494], [126.97944, 37.6845], [126.98011, 37.68389], [126.98139, 37.68345], [126.98222, 37.6829], [126.98245, 37.6825], [126.9824, 37.68167], [126.9825, 37.68137], [126.98278, 37.68117], [126.98389, 37.68105], [126.985, 37.68058], [126.98694, 37.6805], [126.98713, 37.68028], [126.98713, 37.68], [126.98679, 37.67917], [126.98693, 37.67833], [126.98682, 37.6775], [126.98786, 37.67667], [126.98806, 37.67525], [126.98833, 37.67522], [126.98861, 37.6754], [126.98972, 37.67651], [126.99028, 37.67663], [126.99081, 37.67639], [126.9915, 37.67472], [126.991, 37.67361], [126.99107, 37.67306], [126.99201, 37.6725], [126.99284, 37.67167], [126.99347, 37.67139]]}}, {"type": "Feature", "properties": {"elev": 400, "idx": 1}, "geometry": {"type": "LineString", "coordinates": [[126.94443, 37.6775], [126.94443, 37.6775]]}}, {"type": "Feature", "properties": {"elev": 400, "idx": 1}, "geometry": {"type": "LineString", "coordinates": [[126.94396, 37.67778], [126.94417, 37.67763], [126.94434, 37.67778], [126.9438, 37.67944], [126.94333, 37.68011], [126.94306, 37.68006], [126.94278, 37.67958], [126.94278, 37.67904], [126.94396, 37.67778]]}}, {"type": "Feature", "properties": {"elev": 400, "idx": 1}, "geometry": {"type": "LineString", "coordinates": [[127.00782, 37.67972], [127.00833, 37.67954], [127.00918, 37.67972], [127.00945, 37.68056], [127.01011, 37.68139], [127.01091, 37.68361], [127.01139, 37.6844], [127.01194, 37.68454], [127.01333, 37.68428], [127.01472, 37.68451], [127.01571, 37.68611], [127.01567, 37.68639], [127.01528, 37.68664], [127.01417, 37.68658], [127.01306, 37.68673], [127.01256, 37.68694], [127.01239, 37.68722], [127.01245, 37.68806], [127.01194, 37.68883], [127.01161, 37.68972], [127.01162, 37.69], [127.01288, 37.69056], [127.01319, 37.69111], [127.01355, 37.69139], [127.015, 37.69147], [127.01528, 37.69162], [127.01611, 37.69329], [127.01667, 37.6933], [127.01778, 37.69293], [127.01834, 37.69306], [127.0186, 37.69333], [127.01875, 37.69444], [127.01977, 37.69583], [127.02004, 37.69722], [127.02028, 37.69778], [127.02056, 37.69791], [127.02111, 37.6978], [127.02222, 37.69702], [127.02306, 37.69681], [127.02389, 37.69638], [127.02417, 37.69641], [127.02481, 37.6975], [127.02612, 37.69861], [127.0272, 37.7], [127.02749, 37.70056], [127.02743, 37.70083], [127.02684, 37.70111], [127.02611, 37.7011], [127.02528, 37.70084], [127.025, 37.70092], [127.02417, 37.70165], [127.02333, 37.70205], [127.02287, 37.7025], [127.02278, 37.70278], [127.02299, 37.70306], [127.02417, 37.70355], [127.02482, 37.70444], [127.02486, 37.705], [127.02466, 37.70611], [127.02508, 37.70694], [127.02513, 37.7075], [127.02459, 37.70833], [127.02557, 37.71028], [127.02554, 37.71056], [127.02482, 37.71139], [127.02469, 37.71222], [127.02444, 37.71247], [127.02306, 37.71201], [127.02167, 37.71236], [127.02083, 37.71241], [127.01889, 37.71382], [127.01833, 37.71389], [127.01722, 37.71365], [127.01667, 37.71368], [127.01597, 37.71417], [127.01515, 37.71444], [127.01483, 37.71472], [127.01479, 37.715], [127.015, 37.71562], [127.01611, 37.7166], [127.01654, 37.71722], [127.01654, 37.71778], [127.01611, 37.71889], [127.01622, 37.71944], [127.01722, 37.72008], [127.01806, 37.72085], [127.01917, 37.72111], [127.01994, 37.72194], [127.01972, 37.72218], [127.0175, 37.72171], [127.01583, 37.72106], [127.01528, 37.721], [127.01485, 37.72111], [127.01452, 37.72139], [127.01428, 37.72222], [127.01432, 37.72389], [127.01456, 37.72472], [127.01417, 37.725], [127.01361, 37.72517], [127.01278, 37.72599], [127.0125, 37.72609], [127.0118, 37.725], [127.01139, 37.72472], [127.01, 37.72456], [127.00861, 37.72414], [127.00699, 37.72194], [127.00697, 37.72167], [127.0075, 37.72121], [127.00944, 37.72077], [127.01037, 37.72028], [127.01104, 37.71944], [127.01102, 37.71917], [127.01028, 37.71827], [127.01, 37.71805], [127.00917, 37.71795], [127.00889, 37.7178], [127.0075, 37.71676], [127.00611, 37.71654], [127.00444, 37.71542], [127.00278, 37.71517], [127.00195, 37.71444], [127.00179, 37.71417], [127.00186, 37.71389], [127.00222, 37.71373], [127.00417, 37.71334], [127.00528, 37.71297], [127.00556, 37.71296], [127.00667, 37.71339], [127.00908, 37.71333], [127.01056, 37.71388], [127.01139, 37.71378], [127.01165, 37.71361], [127.0117, 37.71333], [127.01163, 37.71278], [127.01182, 37.71222], [127.01149, 37.71139], [127.01204, 37.71028], [127.01211, 37.71], [127.01194, 37.70976], [127.01083, 37.70976], [127.00972, 37.70955], [127.00889, 37.71008], [127.00833, 37.71014], [127.00722, 37.70937], [127.00611, 37.70881], [127.00595, 37.70861], [127.00598, 37.70833], [127.00694, 37.70736], [127.00716, 37.70694], [127.00732, 37.705], [127.00722, 37.70469], [127.00694, 37.70463], [127.00667, 37.70476], [127.00583, 37.70556], [127.005, 37.70612], [127.00194, 37.70678], [127.00153, 37.70667], [127.00083, 37.70623], [126.99951, 37.70583], [126.99861, 37.70466], [126.99783, 37.70417], [126.99722, 37.70407], [126.99583, 37.7043], [126.99444, 37.70437], [126.99278, 37.70398], [126.99222, 37.70377], [126.99162, 37.70333], [126.99138, 37.70306], [126.99122, 37.7025], [126.99139, 37.70183], [126.99222, 37.70123], [126.99583, 37.70041], [126.99645, 37.7], [126.99655, 37.69944], [126.99639, 37.69917], [126.99422, 37.69806], [126.99394, 37.69778], [126.99389, 37.6975], [126.99432, 37.69667], [126.996, 37.69444], [126.99726, 37.69361], [126.9975, 37.69272], [126.99806, 37.69251], [126.99917, 37.69258], [126.99944, 37.69247], [126.99984, 37.69139], [126.99969, 37.69111], [126.99851, 37.69], [126.99836, 37.68972], [126.99839, 37.68944], [126.99972, 37.68913], [127.00083, 37.68948], [127.0025, 37.68955], [127.00389, 37.68981], [127.00437, 37.68972], [127.00409, 37.68833], [127.005, 37.68765], [127.00523, 37.68722], [127.00517, 37.68694], [127.00329, 37.68611], [127.0025, 37.6855], [127.00111, 37.68555], [127.00056, 37.68542], [127.00009, 37.685], [126.99962, 37.68417], [127.00083, 37.68366], [127.00139, 37.68304], [127.00167, 37.68297], [127.00222, 37.6832], [127.00333, 37.68411], [127.00389, 37.68438], [127.00417, 37.68439], [127.00528, 37.684], [127.00555, 37.68361], [127.00553, 37.68278], [127.00574, 37.68222], [127.00747, 37.68139], [127.00758, 37.68028], [127.00782, 37.67972]]}}, {"type": "Feature", "properties": {"elev": 400, "idx": 1}, "geometry": {"type": "LineString", "coordinates": [[126.94381, 37.68111], [126.94417, 37.68097], [126.94502, 37.68111], [126.94539, 37.68139], [126.9463, 37.6825], [126.9477, 37.68333], [126.94776, 37.68361], [126.94755, 37.68417], [126.94667, 37.68496], [126.94655, 37.68528], [126.94684, 37.68583], [126.94779, 37.68694], [126.94771, 37.68722], [126.94722, 37.68733], [126.94583, 37.68696], [126.94444, 37.68682], [126.94389, 37.68631], [126.94278, 37.68561], [126.94161, 37.68444], [126.94161, 37.68417], [126.94194, 37.68383], [126.94333, 37.68374], [126.94363, 37.68361], [126.94385, 37.68306], [126.94381, 37.68111]]}}, {"type": "Feature", "properties": {"elev": 400, "idx": 1}, "geometry": {"type": "LineString", "coordinates": [[127.07972, 37.70344], [127.07917, 37.70338], [127.07876, 37.70306], [127.07866, 37.7025], [127.07897, 37.70167], [127.07892, 37.70139], [127.07833, 37.70059], [127.0775, 37.70008], [127.07721, 37.69972], [127.07714, 37.69917], [127.07735, 37.69833], [127.07611, 37.69618], [127.07583, 37.69607], [127.07472, 37.69646], [127.07389, 37.69655], [127.07361, 37.6964], [127.07285, 37.69556], [127.07236, 37.69444], [127.07246, 37.69417], [127.07278, 37.69396], [127.07333, 37.69398], [127.07528, 37.69516], [127.07611, 37.69601], [127.07806, 37.69512], [127.07972, 37.69454]]}}, {"type": "Feature", "properties": {"elev": 400, "idx": 1}, "geometry": {"type": "LineString", "coordinates": [[127.07972, 37.71307], [127.07917, 37.7132], [127.07845, 37.71361], [127.078, 37.71444], [127.07772, 37.71556], [127.07722, 37.71595], [127.07667, 37.71606], [127.076, 37.71583], [127.07527, 37.71472], [127.07488, 37.71361], [127.07389, 37.71332], [127.07278, 37.71345], [127.07256, 37.71333], [127.07241, 37.71306], [127.07278, 37.71279], [127.07361, 37.71263], [127.07472, 37.71178], [127.07611, 37.71153], [127.07694, 37.71114], [127.07716, 37.71056], [127.07717, 37.70944], [127.07749, 37.70861], [127.07745, 37.70806], [127.07818, 37.70722], [127.07786, 37.70611], [127.07808, 37.70583], [127.07972, 37.70565]]}}, {"type": "Feature", "properties": {"elev": 400, "idx": 1}, "geometry": {"type": "LineString", "coordinates": [[126.95978, 37.7275], [126.96028, 37.72735], [126.96056, 37.72744], [126.96156, 37.72889], [126.96201, 37.73], [126.96223, 37.73139], [126.96222, 37.73246], [126.96194, 37.73243], [126.96129, 37.73], [126.96083, 37.72964], [126.95972, 37.72947], [126.95923, 37.72917], [126.95916, 37.72889], [126.95944, 37.72801], [126.95978, 37.7275]]}}, {"type": "Feature", "properties": {"elev": 400, "idx": 1}, "geometry": {"type": "LineString", "coordinates": [[126.9218, 37.73], [126.92194, 37.72989], [126.92222, 37.73011], [126.92269, 37.73139], [126.92315, 37.73222], [126.92278, 37.73223], [126.92236, 37.73194], [126.92205, 37.73111], [126.92167, 37.73056], [126.92163, 37.73028], [126.9218, 37.73]]}}, {"type": "Feature", "properties": {"elev": 400, "idx": 1}, "geometry": {"type": "LineString", "coordinates": [[126.93138, 37.73472], [126.93194, 37.73453], [126.93222, 37.73497], [126.93219, 37.73528], [126.93161, 37.73611], [126.93149, 37.73667], [126.93155, 37.73694], [126.93207, 37.73778], [126.93139, 37.73849], [126.93083, 37.73869], [126.93056, 37.73859], [126.93015, 37.73778], [126.92917, 37.7367], [126.92806, 37.73627], [126.92749, 37.73556], [126.92778, 37.73546], [126.92889, 37.73558], [126.92972, 37.7352], [126.93056, 37.73514], [126.93138, 37.73472]]}}, {"type": "Feature", "properties": {"elev": 400, "idx": 1}, "geometry": {"type": "LineString", "coordinates": [[126.92653, 37.735], [126.92667, 37.73492], [126.92685, 37.735], [126.92699, 37.73528], [126.92667, 37.73526], [126.92653, 37.735]]}}, {"type": "Feature", "properties": {"elev": 400, "idx": 1}, "geometry": {"type": "LineString", "coordinates": [[126.99137, 37.7425], [126.99167, 37.74223], [126.99185, 37.7425], [126.99167, 37.74269], [126.99137, 37.7425]]}}, {"type": "Feature", "properties": {"elev": 400, "idx": 1}, "geometry": {"type": "LineString", "coordinates": [[126.9909, 37.74389], [126.99111, 37.74369], [126.99129, 37.74417], [126.99111, 37.74463], [126.99083, 37.74479], [126.99067, 37.74444], [126.9909, 37.74389]]}}, {"type": "Feature", "properties": {"elev": 400, "idx": 1}, "geometry": {"type": "LineString", "coordinates": [[126.99066, 37.74611], [126.99083, 37.74588], [126.99111, 37.74588], [126.99194, 37.74685], [126.9925, 37.74715], [126.99278, 37.74713], [126.99361, 37.74665], [126.99472, 37.74636], [126.99514, 37.74639], [126.99544, 37.74667], [126.99583, 37.7475], [126.99581, 37.74778], [126.99528, 37.74793], [126.99389, 37.7478], [126.99278, 37.74818], [126.99194, 37.74872], [126.99083, 37.74892], [126.98972, 37.74962], [126.98944, 37.74954], [126.98933, 37.74917], [126.98944, 37.74879], [126.99072, 37.74694], [126.99066, 37.74611]]}}, {"type": "Feature", "properties": {"elev": 400, "idx": 1}, "geometry": {"type": "LineString", "coordinates": [[126.98867, 37.7525], [126.98917, 37.75231], [126.98944, 37.75238], [126.99078, 37.75306], [126.99104, 37.75333], [126.99118, 37.75444], [126.99083, 37.75452], [126.99056, 37.75443], [126.98874, 37.75333], [126.98847, 37.75278], [126.98867, 37.7525]]}}, {"type": "Feature", "properties": {"elev": 400, "idx": 1}, "geometry": {"type": "LineString", "coordinates": [[126.96285, 37.755], [126.96333, 37.75499], [126.96365, 37.75556], [126.96362, 37.75583], [126.96337, 37.75611], [126.96278, 37.75637], [126.9625, 37.75628], [126.9624, 37.75556], [126.96285, 37.755]]}}, {"type": "Feature", "properties": {"elev": 400, "idx": 1}, "geometry": {"type": "LineString", "coordinates": [[126.9225, 37.76], [126.9218, 37.75972], [126.92178, 37.75944], [126.92214, 37.75861], [126.92295, 37.7575], [126.92389, 37.75697], [126.9245, 37.75639], [126.92509, 37.75556], [126.92594, 37.75361], [126.92708, 37.75278], [126.92712, 37.75194], [126.92687, 37.75111], [126.92583, 37.7505], [126.92528, 37.74993], [126.92361, 37.74936], [126.92102, 37.7475], [126.92087, 37.74722], [126.92095, 37.74639], [126.91963, 37.74444], [126.91958, 37.74361], [126.91976, 37.74333], [126.92024, 37.74306], [126.92083, 37.74313], [126.92117, 37.74333], [126.92194, 37.7442], [126.9225, 37.74446], [126.92363, 37.74472], [126.92528, 37.74589], [126.92611, 37.74593], [126.92694, 37.74634], [126.92722, 37.74641], [126.92806, 37.74605], [126.92889, 37.74596], [126.92933, 37.74556], [126.92949, 37.745], [126.92922, 37.74417], [126.9287, 37.74361], [126.92856, 37.74278], [126.92879, 37.74222], [126.92977, 37.74083], [126.92994, 37.73972], [126.93028, 37.73952], [126.93064, 37.73972], [126.93076, 37.74139], [126.93111, 37.74204], [126.93167, 37.74238], [126.93278, 37.74243], [126.93333, 37.74268], [126.93472, 37.74271], [126.935, 37.74253], [126.93528, 37.74136], [126.93556, 37.74107], [126.93611, 37.7409], [126.93694, 37.74095], [126.93802, 37.74167], [126.93833, 37.74175], [126.93889, 37.74163], [126.93965, 37.74111], [126.94056, 37.74074], [126.94222, 37.74082], [126.94284, 37.74111], [126.94302, 37.74139], [126.94222, 37.74228], [126.94194, 37.74234], [126.94139, 37.74221], [126.94083, 37.7423], [126.94046, 37.7425], [126.94016, 37.74306], [126.93917, 37.74337], [126.93833, 37.74403], [126.93812, 37.74444], [126.93808, 37.745], [126.93816, 37.74556], [126.93861, 37.7467], [126.93833, 37.74692], [126.93806, 37.74693], [126.93639, 37.74668], [126.93591, 37.7475], [126.93556, 37.7477], [126.93322, 37.74806], [126.93292, 37.74833], [126.93301, 37.74889], [126.93361, 37.74977], [126.93472, 37.75036], [126.93596, 37.75139], [126.93615, 37.75194], [126.93584, 37.75278], [126.9364, 37.75361], [126.93654, 37.75444], [126.93694, 37.75475], [126.93806, 37.75489], [126.93861, 37.75508], [126.9388, 37.75556], [126.93865, 37.75667], [126.93898, 37.75694], [126.94, 37.75706], [126.94194, 37.75808], [126.94333, 37.75809], [126.94451, 37.7575], [126.945, 37.75688], [126.94569, 37.75639], [126.94608, 37.75556], [126.94711, 37.75528], [126.94739, 37.755], [126.9474, 37.75472], [126.94714, 37.75417], [126.94718, 37.75389], [126.9475, 37.75369], [126.94917, 37.75383], [126.94958, 37.75361], [126.95003, 37.75306], [126.95056, 37.7529], [126.95111, 37.75294], [126.95164, 37.75361], [126.95194, 37.75445], [126.95276, 37.75528], [126.95306, 37.75611], [126.95278, 37.75653], [126.95056, 37.75771], [126.95, 37.75792], [126.94888, 37.75806], [126.94861, 37.75826], [126.94872, 37.75861], [126.94908, 37.75889], [126.95028, 37.75925], [126.95055, 37.75944], [126.95056, 37.76]]}}, {"type": "Feature", "properties": {"elev": 400, "idx": 1}, "geometry": {"type": "LineString", "coordinates": [[126.93472, 37.76], [126.93417, 37.75945], [126.93361, 37.75928], [126.93289, 37.76]]}}, {"type": "Feature", "properties": {"elev": 400, "idx": 1}, "geometry": {"type": "LineString", "coordinates": [[126.97506, 37.76], [126.97463, 37.75861], [126.97473, 37.75806], [126.97449, 37.75722], [126.97486, 37.75639], [126.97485, 37.75556], [126.97528, 37.75436], [126.97556, 37.75406], [126.97583, 37.75404], [126.97667, 37.75426], [126.97778, 37.75481], [126.97861, 37.75484], [126.97913, 37.755], [126.98028, 37.75551], [126.98072, 37.75611], [126.98044, 37.75778], [126.98048, 37.75861], [126.98011, 37.75944], [126.97972, 37.75971], [126.97917, 37.75981], [126.97833, 37.75969], [126.97781, 37.76]]}}, {"type": "Feature", "properties": {"elev": 450, "idx": 0}, "geometry": {"type": "LineString", "coordinates": [[126.97101, 37.62194], [126.97167, 37.62169], [126.97194, 37.62173], [126.97361, 37.62398], [126.97429, 37.62444], [126.97556, 37.62492], [126.97722, 37.62585], [126.97806, 37.62609], [126.97833, 37.62611], [126.97861, 37.62595], [126.97873, 37.62583], [126.97841, 37.625], [126.97861, 37.62473], [126.97897, 37.62472], [126.9792, 37.625], [126.97925, 37.62583], [126.98117, 37.62806], [126.98128, 37.62833], [126.98083, 37.62889], [126.97986, 37.62944], [126.97975, 37.62972], [126.97986, 37.63], [126.98028, 37.63034], [126.98139, 37.63063], [126.98278, 37.63263], [126.98389, 37.63355], [126.985, 37.63373], [126.98639, 37.63306], [126.98722, 37.63308], [126.98861, 37.6329], [126.98944, 37.63306], [126.98947, 37.63333], [126.98898, 37.63444], [126.98921, 37.63528], [126.9891, 37.63583], [126.98811, 37.63694], [126.9875, 37.63737], [126.98718, 37.63833], [126.98734, 37.63889], [126.98896, 37.64083], [126.98924, 37.64167], [126.98917, 37.64235], [126.9885, 37.64278], [126.98823, 37.64361], [126.9875, 37.64397], [126.98734, 37.64417], [126.98732, 37.64444], [126.98744, 37.64472], [126.98833, 37.64553], [126.98849, 37.64583], [126.98845, 37.64611], [126.9878, 37.64722], [126.98733, 37.64778], [126.98737, 37.64806], [126.98801, 37.64861], [126.98894, 37.64972], [126.98902, 37.65], [126.98861, 37.65085], [126.98833, 37.6509], [126.9875, 37.65069], [126.98694, 37.65099], [126.98678, 37.65139], [126.98695, 37.65194], [126.98686, 37.65222], [126.98556, 37.65246], [126.98528, 37.65262], [126.98515, 37.65306], [126.9855, 37.65389], [126.9852, 37.655], [126.98531, 37.65528], [126.98638, 37.65639], [126.98748, 37.65694], [126.98766, 37.65722], [126.98742, 37.65778], [126.98667, 37.65848], [126.98662, 37.65889], [126.98753, 37.66028], [126.98806, 37.66135], [126.98861, 37.66152], [126.98972, 37.66124], [126.99056, 37.66231], [126.99194, 37.66301], [126.99278, 37.66382], [126.99361, 37.66422], [126.99417, 37.66513], [126.99491, 37.66583], [126.9951, 37.66639], [126.99503, 37.66694], [126.99389, 37.66865], [126.99361, 37.66859], [126.99333, 37.66826], [126.99277, 37.66667], [126.99222, 37.66631], [126.99111, 37.66623], [126.99083, 37.66642], [126.99028, 37.66732], [126.98972, 37.6676], [126.98861, 37.6675], [126.98806, 37.66727], [126.98691, 37.66611], [126.98681, 37.665], [126.98655, 37.66444], [126.98611, 37.66411], [126.98498, 37.66389], [126.9848, 37.66361], [126.98481, 37.66278], [126.98444, 37.66248], [126.98389, 37.66256], [126.982, 37.66361], [126.98155, 37.66417], [126.98139, 37.665], [126.98116, 37.66528], [126.97972, 37.66508], [126.97861, 37.66464], [126.97806, 37.66473], [126.97782, 37.66528], [126.97802, 37.66667], [126.97778, 37.66708], [126.9775, 37.66723], [126.97694, 37.66723], [126.97296, 37.66611], [126.9728, 37.66583], [126.97293, 37.66556], [126.97427, 37.66444], [126.97455, 37.66389], [126.97465, 37.66333], [126.97444, 37.66302], [126.97222, 37.66259], [126.97111, 37.66177], [126.96972, 37.66161], [126.96946, 37.66111], [126.96932, 37.66028], [126.96887, 37.65889], [126.96851, 37.65833], [126.96853, 37.65806], [126.97139, 37.65672], [126.97306, 37.65652], [126.97396, 37.65583], [126.97412, 37.65556], [126.97298, 37.65417], [126.97206, 37.65333], [126.97195, 37.65306], [126.97227, 37.65278], [126.97404, 37.65222], [126.97528, 37.65134], [126.97638, 37.65028], [126.97694, 37.64991], [126.97728, 37.64917], [126.97729, 37.64861], [126.97703, 37.64778], [126.97722, 37.64753], [126.97833, 37.64765], [126.97861, 37.6475], [126.97913, 37.64667], [126.97885, 37.64583], [126.9789, 37.645], [126.97972, 37.64394], [126.97983, 37.64361], [126.98006, 37.64139], [126.98, 37.64098], [126.97944, 37.6411], [126.9789, 37.64139], [126.97819, 37.6425], [126.97694, 37.64346], [126.97639, 37.64357], [126.97472, 37.64307], [126.97309, 37.64278], [126.97184, 37.64167], [126.97139, 37.64098], [126.97111, 37.64098], [126.96956, 37.64167], [126.96917, 37.64278], [126.97017, 37.64444], [126.97009, 37.64472], [126.96926, 37.64556], [126.96889, 37.64575], [126.96861, 37.64571], [126.96778, 37.64485], [126.96583, 37.64443], [126.96528, 37.64454], [126.96444, 37.64493], [126.96333, 37.64501], [126.96222, 37.64543], [126.96139, 37.6455], [126.96029, 37.64417], [126.96026, 37.64389], [126.96047, 37.64333], [126.96083, 37.64304], [126.96278, 37.64231], [126.96333, 37.64197], [126.96344, 37.64139], [126.9638, 37.64083], [126.96619, 37.63944], [126.96668, 37.63889], [126.96668, 37.63778], [126.96621, 37.63611], [126.96544, 37.63528], [126.96537, 37.635], [126.96565, 37.63444], [126.96566, 37.63417], [126.96524, 37.63333], [126.9655, 37.63222], [126.96417, 37.63139], [126.96361, 37.6313], [126.96167, 37.63237], [126.96139, 37.63239], [126.96056, 37.63114], [126.96, 37.63093], [126.95944, 37.63121], [126.95866, 37.6325], [126.95806, 37.63264], [126.9575, 37.63225], [126.95735, 37.63194], [126.95764, 37.63028], [126.9575, 37.6291], [126.95724, 37.62833], [126.95694, 37.62803], [126.95639, 37.62775], [126.95528, 37.62754], [126.95417, 37.62705], [126.95361, 37.62714], [126.95306, 37.62763], [126.95278, 37.62762], [126.95194, 37.62708], [126.95139, 37.62705], [126.95028, 37.62756], [126.94944, 37.6277], [126.94889, 37.62803], [126.94884, 37.62778], [126.94903, 37.6275], [126.94927, 37.62667], [126.95041, 37.62528], [126.95014, 37.62361], [126.95028, 37.62322], [126.95056, 37.62313], [126.95102, 37.62333], [126.95249, 37.62444], [126.95306, 37.62464], [126.95472, 37.62465], [126.95639, 37.62397], [126.9575, 37.62445], [126.95833, 37.62423], [126.95861, 37.6243], [126.95897, 37.62472], [126.9591, 37.62556], [126.95927, 37.62583], [126.96083, 37.62678], [126.96417, 37.62733], [126.96528, 37.62718], [126.96583, 37.62724], [126.96642, 37.6275], [126.96722, 37.62839], [126.9675, 37.62852], [126.96917, 37.62821], [126.96955, 37.62806], [126.96967, 37.62778], [126.96936, 37.62694], [126.96941, 37.62667], [126.96983, 37.62611], [126.97035, 37.625], [126.97039, 37.62472], [126.97003, 37.62389], [126.97, 37.62315], [126.97056, 37.62231], [126.97101, 37.62194]]}}, {"type": "Feature", "properties": {"elev": 450, "idx": 0}, "geometry": {"type": "LineString", "coordinates": [[126.99166, 37.63139], [126.99222, 37.63119], [126.99306, 37.63142], [126.99332, 37.63194], [126.99306, 37.63264], [126.99278, 37.63278], [126.99167, 37.63286], [126.99104, 37.63278], [126.99063, 37.6325], [126.99166, 37.63139]]}}, {"type": "Feature", "properties": {"elev": 450, "idx": 0}, "geometry": {"type": "LineString", "coordinates": [[126.96052, 37.6475], [126.96083, 37.64731], [126.96111, 37.64749], [126.96145, 37.64806], [126.96131, 37.64833], [126.96, 37.64878], [126.95944, 37.64879], [126.95924, 37.64861], [126.95971, 37.64806], [126.96052, 37.6475]]}}, {"type": "Feature", "properties": {"elev": 450, "idx": 0}, "geometry": {"type": "LineString", "coordinates": [[126.96999, 37.6525], [126.97056, 37.65226], [126.97083, 37.65229], [126.9712, 37.6525], [126.9713, 37.65278], [126.97028, 37.65303], [126.96974, 37.65278], [126.96999, 37.6525]]}}, {"type": "Feature", "properties": {"elev": 450, "idx": 0}, "geometry": {"type": "LineString", "coordinates": [[126.96515, 37.65694], [126.96639, 37.65713], [126.96672, 37.6575], [126.96673, 37.65778], [126.96621, 37.65806], [126.96389, 37.65869], [126.96306, 37.6588], [126.96267, 37.65861], [126.96267, 37.65833], [126.96287, 37.65806], [126.96389, 37.65724], [126.96515, 37.65694]]}}, {"type": "Feature", "properties": {"elev": 450, "idx": 0}, "geometry": {"type": "LineString", "coordinates": [[126.99329, 37.67306], [126.99361, 37.67282], [126.99389, 37.67282], [126.99455, 37.67389], [126.99461, 37.67417], [126.99449, 37.67472], [126.99417, 37.6752], [126.99306, 37.6758], [126.99278, 37.67573], [126.99282, 37.675], [126.99222, 37.67389], [126.99233, 37.67361], [126.99329, 37.67306]]}}, {"type": "Feature", "properties": {"elev": 450, "idx": 0}, "geometry": {"type": "LineString", "coordinates": [[126.9926, 37.67694], [126.99278, 37.67682], [126.99306, 37.67683], [126.99352, 37.6775], [126.99364, 37.67861], [126.99352, 37.67944], [126.99399, 37.68056], [126.9927, 37.68139], [126.99194, 37.68167], [126.99127, 37.68222], [126.99105, 37.68278], [126.99134, 37.68417], [126.99109, 37.68444], [126.99, 37.68453], [126.98778, 37.68426], [126.98671, 37.68444], [126.9861, 37.68472], [126.98556, 37.68525], [126.98417, 37.68545], [126.98281, 37.68611], [126.98222, 37.68693], [126.98194, 37.68713], [126.98056, 37.68696], [126.97778, 37.6872], [126.97694, 37.68738], [126.97611, 37.68703], [126.97578, 37.68667], [126.97578, 37.68639], [126.97611, 37.68608], [126.97694, 37.68586], [126.97806, 37.68581], [126.97944, 37.68533], [126.98017, 37.685], [126.98083, 37.68444], [126.98222, 37.68389], [126.98311, 37.68333], [126.98358, 37.68222], [126.98523, 37.68139], [126.98583, 37.68136], [126.98667, 37.68165], [126.9875, 37.68136], [126.98806, 37.68098], [126.98836, 37.68056], [126.98836, 37.68028], [126.98786, 37.67944], [126.98784, 37.67917], [126.98833, 37.67802], [126.98944, 37.6779], [126.99028, 37.67814], [126.99083, 37.6781], [126.99215, 37.6775], [126.9926, 37.67694]]}}, {"type": "Feature", "properties": {"elev": 450, "idx": 0}, "geometry": {"type": "LineString", "coordinates": [[127.00835, 37.68167], [127.00861, 37.68148], [127.00889, 37.68152], [127.00944, 37.68201], [127.0097, 37.6825], [127.01001, 37.68417], [127.01027, 37.68472], [127.01083, 37.68537], [127.01147, 37.68556], [127.01167, 37.68583], [127.01079, 37.68639], [127.01073, 37.68694], [127.01099, 37.68778], [127.01056, 37.68904], [127.01, 37.68962], [127.0098, 37.69], [127.00978, 37.69028], [127.00993, 37.69056], [127.01056, 37.69104], [127.01167, 37.6915], [127.01247, 37.6925], [127.01278, 37.69269], [127.01389, 37.69258], [127.01444, 37.69274], [127.01458, 37.69306], [127.01466, 37.69417], [127.01489, 37.69444], [127.01611, 37.69462], [127.01722, 37.6943], [127.0175, 37.69441], [127.01851, 37.69583], [127.01923, 37.69806], [127.01972, 37.69898], [127.02, 37.69905], [127.02056, 37.6989], [127.02222, 37.69793], [127.02278, 37.69784], [127.02336, 37.69806], [127.02389, 37.69878], [127.02498, 37.69917], [127.0252, 37.69944], [127.02507, 37.69972], [127.02222, 37.70155], [127.02083, 37.70278], [127.02092, 37.70306], [127.02222, 37.70398], [127.02361, 37.70427], [127.02401, 37.70472], [127.0239, 37.70528], [127.02336, 37.70611], [127.02362, 37.70722], [127.0236, 37.70833], [127.02423, 37.71028], [127.02417, 37.71058], [127.02389, 37.7109], [127.02167, 37.71155], [127.01972, 37.71161], [127.01917, 37.71189], [127.01872, 37.7125], [127.01833, 37.71278], [127.01639, 37.7128], [127.01497, 37.71361], [127.01389, 37.71389], [127.01347, 37.71361], [127.01328, 37.71306], [127.0138, 37.71222], [127.01375, 37.71194], [127.01306, 37.71125], [127.013, 37.71083], [127.01333, 37.71035], [127.01406, 37.71], [127.01434, 37.70972], [127.01444, 37.70944], [127.01434, 37.70917], [127.01385, 37.70889], [127.01333, 37.70834], [127.01306, 37.70826], [127.01167, 37.70842], [127.01056, 37.70774], [127.01, 37.70774], [127.00889, 37.70807], [127.00861, 37.70799], [127.00847, 37.70778], [127.00837, 37.70611], [127.00849, 37.70583], [127.00916, 37.70528], [127.00904, 37.70444], [127.00945, 37.70333], [127.00941, 37.70306], [127.00917, 37.70277], [127.00861, 37.70284], [127.0075, 37.70337], [127.00722, 37.70335], [127.00621, 37.7025], [127.00556, 37.70234], [127.00515, 37.70278], [127.00513, 37.70306], [127.00546, 37.70417], [127.00531, 37.70472], [127.00472, 37.70499], [127.00389, 37.70508], [127.00306, 37.7056], [127.0025, 37.7057], [127.00028, 37.7052], [126.99988, 37.70472], [126.99949, 37.70361], [126.99861, 37.70273], [126.99833, 37.70268], [126.9975, 37.70317], [126.99583, 37.70359], [126.99444, 37.70345], [126.99306, 37.7031], [126.99239, 37.70278], [126.99212, 37.7025], [126.99222, 37.70214], [126.99306, 37.70162], [126.99444, 37.70133], [126.99611, 37.70137], [126.99694, 37.70098], [126.99739, 37.70056], [126.99809, 37.69944], [126.99817, 37.69889], [126.99803, 37.69861], [126.9975, 37.69826], [126.99556, 37.69772], [126.99517, 37.6975], [126.99503, 37.69722], [126.99603, 37.69583], [126.99694, 37.69482], [126.99806, 37.69441], [126.99869, 37.69361], [126.99972, 37.6936], [127.00022, 37.69333], [127.00122, 37.69222], [127.00131, 37.69194], [127.00089, 37.69083], [127.00102, 37.69056], [127.00167, 37.69037], [127.0025, 37.6904], [127.00427, 37.69111], [127.00528, 37.69207], [127.00564, 37.69194], [127.00631, 37.69028], [127.00615, 37.68972], [127.0057, 37.68917], [127.00567, 37.68861], [127.00611, 37.68806], [127.00686, 37.6875], [127.00727, 37.68667], [127.00694, 37.68623], [127.00528, 37.6858], [127.00503, 37.68556], [127.00499, 37.68528], [127.00528, 37.68487], [127.00621, 37.68444], [127.00636, 37.68417], [127.00627, 37.68333], [127.00648, 37.68278], [127.00678, 37.6825], [127.00778, 37.68213], [127.00835, 37.68167]]}}, {"type": "Feature", "properties": {"elev": 450, "idx": 0}, "geometry": {"type": "LineString", "coordinates": [[126.94495, 37.68306], [126.945, 37.68294], [126.94528, 37.6829], [126.94556, 37.68304], [126.94619, 37.68361], [126.94624, 37.68389], [126.94564, 37.68472], [126.94528, 37.68583], [126.945, 37.68587], [126.94386, 37.68528], [126.94353, 37.685], [126.94346, 37.68472], [126.94453, 37.68389], [126.94495, 37.68306]]}}, {"type": "Feature", "properties": {"elev": 450, "idx": 0}, "geometry": {"type": "LineString", "coordinates": [[127.07972, 37.7012], [127.07895, 37.70028], [127.07846, 37.69944], [127.0784, 37.69917], [127.07856, 37.69833], [127.07848, 37.69806], [127.07777, 37.69722], [127.07759, 37.69667], [127.07762, 37.69639], [127.0779, 37.69611], [127.07889, 37.69553], [127.07972, 37.69531]]}}, {"type": "Feature", "properties": {"elev": 450, "idx": 0}, "geometry": {"type": "LineString", "coordinates": [[127.07972, 37.71248], [127.07832, 37.71278], [127.07694, 37.71418], [127.07667, 37.71421], [127.07611, 37.71392], [127.07578, 37.71361], [127.07553, 37.71306], [127.07556, 37.71265], [127.07583, 37.71236], [127.07722, 37.71214], [127.07778, 37.71178], [127.07817, 37.71083], [127.07804, 37.70972], [127.07835, 37.70833], [127.07914, 37.7075], [127.07919, 37.70694], [127.07944, 37.7067], [127.07972, 37.70664]]}}, {"type": "Feature", "properties": {"elev": 450, "idx": 0}, "geometry": {"type": "LineString", "coordinates": [[127.00712, 37.71444], [127.00778, 37.71426], [127.00861, 37.71431], [127.01, 37.71496], [127.01194, 37.71532], [127.01306, 37.71457], [127.01333, 37.71454], [127.01361, 37.71481], [127.01402, 37.71611], [127.01511, 37.71722], [127.01525, 37.71778], [127.0148, 37.71944], [127.01389, 37.72011], [127.01343, 37.72083], [127.01315, 37.72167], [127.01322, 37.72306], [127.01306, 37.72354], [127.01278, 37.72384], [127.0125, 37.72394], [127.01, 37.7237], [127.00944, 37.72352], [127.00891, 37.72306], [127.00858, 37.72222], [127.00872, 37.72194], [127.01138, 37.72083], [127.0118, 37.72028], [127.01286, 37.71944], [127.01317, 37.71889], [127.01297, 37.71861], [127.01222, 37.71828], [127.01166, 37.7175], [127.01111, 37.71702], [127.01028, 37.7167], [127.00917, 37.71654], [127.00778, 37.71588], [127.00667, 37.71569], [127.00635, 37.71556], [127.0058, 37.715], [127.00583, 37.71485], [127.00712, 37.71444]]}}, {"type": "Feature", "properties": {"elev": 450, "idx": 0}, "geometry": {"type": "LineString", "coordinates": [[126.97634, 37.75528], [126.97694, 37.75528], [126.97833, 37.75573], [126.979, 37.75611], [126.97923, 37.75639], [126.9793, 37.75722], [126.97861, 37.7584], [126.97833, 37.75861], [126.9775, 37.75873], [126.97639, 37.75963], [126.97611, 37.75958], [126.97585, 37.75917], [126.97587, 37.75806], [126.97562, 37.75722], [126.97592, 37.75583], [126.97634, 37.75528]]}}, {"type": "Feature", "properties": {"elev": 450, "idx": 0}, "geometry": {"type": "LineString", "coordinates": [[126.92808, 37.76], [126.92778, 37.75979], [126.92694, 37.75953], [126.92583, 37.75962], [126.92389, 37.75931], [126.92344, 37.75917], [126.92316, 37.75889], [126.92316, 37.75861], [126.92351, 37.75806], [126.92556, 37.75673], [126.92611, 37.75618], [126.9263, 37.75528], [126.92722, 37.7543], [126.92806, 37.75378], [126.92861, 37.75359], [126.92882, 37.75333], [126.92845, 37.7525], [126.92836, 37.75139], [126.92816, 37.75083], [126.92667, 37.74985], [126.92583, 37.74907], [126.92295, 37.74778], [126.9226, 37.7475], [126.92252, 37.74722], [126.92389, 37.74696], [126.92528, 37.74747], [126.92722, 37.74784], [126.9275, 37.7478], [126.92833, 37.74731], [126.92988, 37.74667], [126.93085, 37.74556], [126.93091, 37.74528], [126.93052, 37.74444], [126.93048, 37.74389], [126.9301, 37.74333], [126.93004, 37.74306], [126.93056, 37.74294], [126.93167, 37.74334], [126.9325, 37.74347], [126.93306, 37.74378], [126.93361, 37.7438], [126.93542, 37.74333], [126.93594, 37.74278], [126.93611, 37.7421], [126.93639, 37.7419], [126.93694, 37.74199], [126.93799, 37.74278], [126.93788, 37.74306], [126.93722, 37.74362], [126.93714, 37.74444], [126.93722, 37.74556], [126.93694, 37.7458], [126.93556, 37.7457], [126.93517, 37.74611], [126.93495, 37.74694], [126.93444, 37.7472], [126.93361, 37.74728], [126.9325, 37.74708], [126.93196, 37.74722], [126.93175, 37.7475], [126.93161, 37.74833], [126.9317, 37.74889], [126.93251, 37.74972], [126.93305, 37.75056], [126.93417, 37.75103], [126.93476, 37.75167], [126.93483, 37.75194], [126.93441, 37.75278], [126.93486, 37.75361], [126.93484, 37.75444], [126.93503, 37.755], [126.93528, 37.75532], [126.93694, 37.75592], [126.93712, 37.75611], [126.93712, 37.75694], [126.93806, 37.75774], [126.93972, 37.75812], [126.94306, 37.75931], [126.94361, 37.75916], [126.94444, 37.75844], [126.94587, 37.75778], [126.94615, 37.7575], [126.94667, 37.75633], [126.94778, 37.75575], [126.94861, 37.75479], [126.95056, 37.75434], [126.95083, 37.75458], [126.95141, 37.75556], [126.95135, 37.75583], [126.95111, 37.7561], [126.94944, 37.75707], [126.94778, 37.75727], [126.9473, 37.7575], [126.9471, 37.75778], [126.9472, 37.75833], [126.9475, 37.7588], [126.94904, 37.76]]}}, {"type": "Feature", "properties": {"elev": 450, "idx": 0}, "geometry": {"type": "LineString", "coordinates": [[126.93611, 37.76], [126.93444, 37.75829], [126.9325, 37.75796], [126.93222, 37.75801], [126.93206, 37.75833], [126.93179, 37.75944], [126.93179, 37.76]]}}, {"type": "Feature", "properties": {"elev": 450, "idx": 0}, "geometry": {"type": "LineString", "coordinates": [[126.94454, 37.76], [126.94435, 37.76]]}}, {"type": "Feature", "properties": {"elev": 500, "idx": 1}, "geometry": {"type": "LineString", "coordinates": [[126.97131, 37.62361], [126.97167, 37.62345], [126.97194, 37.62357], [126.97326, 37.62472], [126.97778, 37.62711], [126.97925, 37.6275], [126.97957, 37.62806], [126.97951, 37.62833], [126.97889, 37.62882], [126.97873, 37.62917], [126.97869, 37.63], [126.97886, 37.63056], [126.97972, 37.63174], [126.98096, 37.63222], [126.98121, 37.6325], [126.98143, 37.63306], [126.98278, 37.63386], [126.98361, 37.63475], [126.98417, 37.63496], [126.98472, 37.6349], [126.98611, 37.63409], [126.98667, 37.63392], [126.98778, 37.63386], [126.98799, 37.63417], [126.98804, 37.63528], [126.98794, 37.63556], [126.98722, 37.6362], [126.98639, 37.63661], [126.98625, 37.63694], [126.98635, 37.63833], [126.98655, 37.63917], [126.98745, 37.64056], [126.98763, 37.64111], [126.98694, 37.64275], [126.98603, 37.64306], [126.98571, 37.64333], [126.9858, 37.64389], [126.98639, 37.64518], [126.98722, 37.6459], [126.98735, 37.64611], [126.9873, 37.64639], [126.98694, 37.64684], [126.98604, 37.6475], [126.98574, 37.64806], [126.98569, 37.64833], [126.98583, 37.6487], [126.98656, 37.64917], [126.98528, 37.651], [126.98445, 37.65167], [126.98427, 37.65194], [126.9841, 37.65278], [126.98426, 37.65389], [126.98387, 37.655], [126.98414, 37.65556], [126.98528, 37.65645], [126.98596, 37.6575], [126.98564, 37.65833], [126.98566, 37.65861], [126.98674, 37.66083], [126.98674, 37.66139], [126.98667, 37.66151], [126.98639, 37.66154], [126.98528, 37.66073], [126.98472, 37.66065], [126.9843, 37.66083], [126.98361, 37.66149], [126.98111, 37.66313], [126.98028, 37.66404], [126.97944, 37.66404], [126.97833, 37.66363], [126.97699, 37.66417], [126.97666, 37.66444], [126.97661, 37.665], [126.9771, 37.66611], [126.97706, 37.66639], [126.97667, 37.66658], [126.97591, 37.66639], [126.97434, 37.66556], [126.9753, 37.66417], [126.97519, 37.6625], [126.975, 37.6623], [126.97472, 37.66222], [126.97361, 37.66219], [126.97286, 37.66194], [126.97194, 37.66102], [126.97028, 37.66041], [126.97001, 37.66], [126.96965, 37.65861], [126.97, 37.65817], [126.97167, 37.6573], [126.97306, 37.65743], [126.97333, 37.65736], [126.97417, 37.65664], [126.97525, 37.65611], [126.97556, 37.65583], [126.97556, 37.65551], [126.97445, 37.65444], [126.97383, 37.65361], [126.97386, 37.65333], [126.97996, 37.64889], [126.98015, 37.64861], [126.98017, 37.64778], [126.98138, 37.64667], [126.9814, 37.64639], [126.98117, 37.64611], [126.98028, 37.6456], [126.9802, 37.64528], [126.98083, 37.64445], [126.98116, 37.64361], [126.98102, 37.6425], [126.98111, 37.64195], [126.9817, 37.64139], [126.98208, 37.64], [126.98273, 37.63917], [126.98139, 37.63808], [126.97972, 37.63731], [126.97944, 37.63734], [126.97928, 37.63778], [126.97929, 37.63889], [126.979, 37.63944], [126.97833, 37.63995], [126.9775, 37.6402], [126.97704, 37.64056], [126.97694, 37.64174], [126.97663, 37.64194], [126.97556, 37.64212], [126.97389, 37.64183], [126.97333, 37.64159], [126.97282, 37.64111], [126.97222, 37.63982], [126.97139, 37.63914], [126.97056, 37.63983], [126.96861, 37.64018], [126.968, 37.64056], [126.96786, 37.64083], [126.96782, 37.64167], [126.96744, 37.64222], [126.9677, 37.64333], [126.96744, 37.64361], [126.96694, 37.6437], [126.96611, 37.64362], [126.96444, 37.64395], [126.96361, 37.64397], [126.96222, 37.6445], [126.96139, 37.64445], [126.96098, 37.64417], [126.96087, 37.64389], [126.96104, 37.64361], [126.96344, 37.64278], [126.96404, 37.64222], [126.96421, 37.64139], [126.96444, 37.64117], [126.96528, 37.64087], [126.96667, 37.64013], [126.96761, 37.63944], [126.9677, 37.63889], [126.96755, 37.63806], [126.96718, 37.63639], [126.96673, 37.63528], [126.96701, 37.63472], [126.96696, 37.63444], [126.96649, 37.63389], [126.96625, 37.63333], [126.96639, 37.63296], [126.96727, 37.63194], [126.96721, 37.63167], [126.96576, 37.63111], [126.965, 37.63053], [126.96389, 37.63021], [126.96326, 37.63028], [126.96194, 37.63104], [126.96139, 37.63079], [126.96083, 37.6299], [126.96056, 37.62969], [126.95972, 37.62975], [126.95856, 37.63028], [126.95833, 37.63016], [126.9582, 37.62972], [126.95834, 37.62833], [126.95733, 37.62694], [126.95611, 37.62601], [126.95492, 37.62583], [126.95583, 37.62505], [126.95639, 37.62496], [126.95778, 37.62583], [126.95853, 37.62667], [126.96028, 37.62777], [126.96083, 37.62794], [126.96194, 37.62785], [126.96333, 37.62813], [126.96556, 37.62816], [126.96611, 37.62856], [126.96658, 37.62944], [126.96694, 37.62962], [126.9675, 37.62965], [126.96917, 37.62922], [126.97, 37.62882], [126.9712, 37.62861], [126.97057, 37.62694], [126.97083, 37.62603], [126.97152, 37.625], [126.97154, 37.62472], [126.97122, 37.62389], [126.97131, 37.62361]]}}, {"type": "Feature", "properties": {"elev": 500, "idx": 1}, "geometry": {"type": "LineString", "coordinates": [[126.95181, 37.62528], [126.95222, 37.62514], [126.9525, 37.62521], [126.95358, 37.62556], [126.95372, 37.62583], [126.95278, 37.62598], [126.95222, 37.62591], [126.95178, 37.62556], [126.95181, 37.62528]]}}, {"type": "Feature", "properties": {"elev": 500, "idx": 1}, "geometry": {"type": "LineString", "coordinates": [[126.98725, 37.6625], [126.98833, 37.66234], [126.98917, 37.66239], [126.99167, 37.66417], [126.99191, 37.66444], [126.99193, 37.66472], [126.99139, 37.66499], [126.99056, 37.66489], [126.99, 37.66505], [126.9897, 37.66528], [126.98917, 37.66638], [126.98833, 37.66617], [126.98796, 37.66583], [126.987, 37.66361], [126.98696, 37.66278], [126.98725, 37.6625]]}}, {"type": "Feature", "properties": {"elev": 500, "idx": 1}, "geometry": {"type": "LineString", "coordinates": [[126.99058, 37.67917], [126.99194, 37.67889], [126.99237, 37.67917], [126.99241, 37.67972], [126.99139, 37.68075], [126.99056, 37.68132], [126.98917, 37.68178], [126.9889, 37.68167], [126.98914, 37.68111], [126.98937, 37.67972], [126.98968, 37.67944], [126.99058, 37.67917]]}}, {"type": "Feature", "properties": {"elev": 500, "idx": 1}, "geometry": {"type": "LineString", "coordinates": [[126.98835, 37.68194], [126.98889, 37.68168], [126.98896, 37.68194], [126.9888, 37.6825], [126.98889, 37.68271], [126.98975, 37.68333], [126.98979, 37.68361], [126.98917, 37.68377], [126.98722, 37.68339], [126.985, 37.68418], [126.984, 37.68417], [126.98425, 37.68306], [126.98451, 37.68278], [126.98556, 37.68232], [126.98694, 37.68254], [126.98835, 37.68194]]}}, {"type": "Feature", "properties": {"elev": 500, "idx": 1}, "geometry": {"type": "LineString", "coordinates": [[127.00795, 37.68306], [127.00833, 37.68295], [127.00861, 37.68304], [127.00891, 37.68333], [127.00901, 37.68444], [127.00931, 37.68528], [127.00917, 37.68574], [127.00889, 37.6858], [127.00861, 37.68568], [127.00768, 37.685], [127.00744, 37.68361], [127.00756, 37.68333], [127.00795, 37.68306]]}}, {"type": "Feature", "properties": {"elev": 500, "idx": 1}, "geometry": {"type": "LineString", "coordinates": [[126.9829, 37.68444], [126.98333, 37.68433], [126.98364, 37.68444], [126.98291, 37.68528], [126.98194, 37.68561], [126.98122, 37.68611], [126.98028, 37.68619], [126.97972, 37.6864], [126.97945, 37.68611], [126.98167, 37.68517], [126.9829, 37.68444]]}}, {"type": "Feature", "properties": {"elev": 500, "idx": 1}, "geometry": {"type": "LineString", "coordinates": [[127.00873, 37.68722], [127.00917, 37.68714], [127.00944, 37.68733], [127.00959, 37.68778], [127.00954, 37.68806], [127.00917, 37.68876], [127.00813, 37.69], [127.00972, 37.69168], [127.01083, 37.69221], [127.01111, 37.69247], [127.01148, 37.69333], [127.01278, 37.69392], [127.01377, 37.69528], [127.01416, 37.69556], [127.015, 37.69554], [127.01583, 37.69569], [127.01667, 37.69563], [127.0175, 37.69602], [127.01773, 37.69639], [127.01778, 37.69756], [127.01806, 37.69806], [127.01862, 37.69861], [127.01871, 37.69944], [127.01889, 37.69983], [127.01917, 37.69999], [127.01972, 37.69994], [127.02194, 37.69921], [127.02222, 37.69919], [127.02239, 37.69944], [127.02243, 37.69972], [127.02211, 37.70028], [127.02137, 37.70083], [127.02035, 37.70194], [127.01922, 37.7025], [127.01915, 37.70278], [127.01955, 37.70333], [127.02073, 37.70417], [127.02108, 37.70472], [127.02188, 37.70556], [127.02192, 37.70611], [127.02271, 37.70833], [127.02283, 37.70917], [127.02273, 37.71], [127.02252, 37.71028], [127.02194, 37.71064], [127.02111, 37.71085], [127.01972, 37.71064], [127.01778, 37.71178], [127.01583, 37.71218], [127.01556, 37.71211], [127.01478, 37.71139], [127.01466, 37.71111], [127.01556, 37.71017], [127.01613, 37.70889], [127.01611, 37.70855], [127.01583, 37.70826], [127.015, 37.70787], [127.01444, 37.70689], [127.01389, 37.70651], [127.01333, 37.7066], [127.01222, 37.70717], [127.01111, 37.70699], [127.01047, 37.70667], [127.01031, 37.70639], [127.01051, 37.70556], [127.01047, 37.70472], [127.01096, 37.70361], [127.01121, 37.70222], [127.01078, 37.70167], [127.00861, 37.70033], [127.00833, 37.70043], [127.00778, 37.70126], [127.00722, 37.70153], [127.00639, 37.70144], [127.005, 37.70086], [127.00472, 37.70081], [127.00444, 37.70092], [127.00417, 37.70167], [127.00361, 37.70207], [127.00336, 37.7025], [127.00336, 37.70306], [127.00382, 37.70361], [127.00379, 37.70389], [127.00278, 37.70419], [127.0022, 37.70472], [127.00167, 37.70482], [127.00111, 37.7047], [127.00079, 37.70444], [127.00033, 37.70361], [127.00019, 37.70306], [127.00023, 37.70222], [126.99999, 37.70167], [126.99978, 37.70139], [126.99873, 37.70083], [126.99871, 37.70056], [126.99927, 37.69889], [126.99928, 37.69833], [126.99917, 37.69807], [126.99778, 37.69733], [126.99667, 37.69728], [126.99626, 37.69694], [126.99628, 37.69667], [126.99661, 37.69611], [126.99763, 37.69528], [126.99944, 37.69463], [127.00028, 37.6945], [127.00056, 37.69433], [127.00124, 37.69333], [127.00222, 37.6925], [127.00247, 37.69167], [127.00278, 37.69152], [127.00333, 37.69162], [127.00369, 37.69194], [127.00376, 37.69306], [127.00444, 37.69382], [127.00528, 37.69398], [127.00611, 37.69353], [127.00667, 37.69292], [127.00721, 37.69139], [127.00802, 37.69028], [127.00802, 37.69], [127.00714, 37.68889], [127.00787, 37.68833], [127.00833, 37.68751], [127.00873, 37.68722]]}}, {"type": "Feature", "properties": {"elev": 500, "idx": 1}, "geometry": {"type": "LineString", "coordinates": [[127.07972, 37.70013], [127.07938, 37.69944], [127.0795, 37.69806], [127.07889, 37.69746], [127.07862, 37.69694], [127.07867, 37.69667], [127.07893, 37.69639], [127.07972, 37.69601]]}}, {"type": "Feature", "properties": {"elev": 500, "idx": 1}, "geometry": {"type": "LineString", "coordinates": [[127.07917, 37.71083], [127.07944, 37.71069], [127.07962, 37.71083], [127.07966, 37.71167], [127.07944, 37.71181], [127.07889, 37.71185], [127.07875, 37.71167], [127.0788, 37.71139], [127.07917, 37.71083]]}}, {"type": "Feature", "properties": {"elev": 500, "idx": 1}, "geometry": {"type": "LineString", "coordinates": [[127.01044, 37.72194], [127.01174, 37.72194], [127.01198, 37.72222], [127.01203, 37.72278], [127.01167, 37.72297], [127.01083, 37.7231], [127.01, 37.72297], [127.00977, 37.7225], [127.00994, 37.72222], [127.01044, 37.72194]]}}, {"type": "Feature", "properties": {"elev": 500, "idx": 1}, "geometry": {"type": "LineString", "coordinates": [[126.93442, 37.74444], [126.93583, 37.74422], [126.93611, 37.74434], [126.93617, 37.74472], [126.93444, 37.74523], [126.93414, 37.74556], [126.93389, 37.74631], [126.93361, 37.74644], [126.93256, 37.74611], [126.9322, 37.74583], [126.93212, 37.74528], [126.93224, 37.74472], [126.9325, 37.74461], [126.93361, 37.74468], [126.93442, 37.74444]]}}, {"type": "Feature", "properties": {"elev": 500, "idx": 1}, "geometry": {"type": "LineString", "coordinates": [[126.94914, 37.75556], [126.94944, 37.75533], [126.94972, 37.75536], [126.94989, 37.75556], [126.94944, 37.75576], [126.94917, 37.75569], [126.94914, 37.75556]]}}, {"type": "Feature", "properties": {"elev": 500, "idx": 1}, "geometry": {"type": "LineString", "coordinates": [[126.97687, 37.75667], [126.97722, 37.75649], [126.9775, 37.75655], [126.9777, 37.75667], [126.97776, 37.75694], [126.9775, 37.75729], [126.97694, 37.75743], [126.97676, 37.75722], [126.97687, 37.75667]]}}, {"type": "Feature", "properties": {"elev": 500, "idx": 1}, "geometry": {"type": "LineString", "coordinates": [[126.92921, 37.76], [126.92839, 37.75917], [126.92794, 37.75889], [126.92559, 37.75861], [126.92521, 37.75833], [126.92519, 37.75806], [126.92538, 37.75778], [126.92625, 37.75722], [126.92719, 37.75639], [126.92748, 37.75556], [126.92833, 37.75482], [126.92861, 37.75468], [126.92972, 37.75465], [126.93001, 37.75444], [126.93013, 37.75333], [126.92962, 37.75194], [126.92944, 37.75035], [126.92889, 37.75], [126.92778, 37.7496], [126.92755, 37.74944], [126.92753, 37.74917], [126.92806, 37.74885], [126.92861, 37.74828], [126.93028, 37.74757], [126.93055, 37.74778], [126.93052, 37.74861], [126.93077, 37.74917], [126.93169, 37.75], [126.9325, 37.75113], [126.93354, 37.75167], [126.9337, 37.75194], [126.93326, 37.75278], [126.93372, 37.75389], [126.93347, 37.75528], [126.93315, 37.75583], [126.93346, 37.75667], [126.93306, 37.75684], [126.93167, 37.75663], [126.93128, 37.75694], [126.93095, 37.75778], [126.9308, 37.75861], [126.93083, 37.75917], [126.93109, 37.76]]}}, {"type": "Feature", "properties": {"elev": 500, "idx": 1}, "geometry": {"type": "LineString", "coordinates": [[126.93849, 37.76], [126.93665, 37.75944], [126.93605, 37.75889], [126.93528, 37.75785], [126.93408, 37.75694], [126.93528, 37.75677], [126.93583, 37.75686], [126.9375, 37.75818], [126.9402, 37.75917], [126.94076, 37.75972], [126.94072, 37.76]]}}, {"type": "Feature", "properties": {"elev": 500, "idx": 1}, "geometry": {"type": "LineString", "coordinates": [[126.94634, 37.76], [126.9456, 37.75944], [126.94545, 37.75917], [126.94556, 37.75906], [126.94611, 37.75892], [126.94731, 37.76]]}}, {"type": "Feature", "properties": {"elev": 550, "idx": 0}, "geometry": {"type": "LineString", "coordinates": [[126.97217, 37.62556], [126.9725, 37.62534], [126.97278, 37.62535], [126.97361, 37.62564], [126.97528, 37.62691], [126.97583, 37.62709], [126.97758, 37.62806], [126.97778, 37.62848], [126.97782, 37.62917], [126.97735, 37.62972], [126.97723, 37.63], [126.97728, 37.63028], [126.97822, 37.63139], [126.97861, 37.63247], [126.97905, 37.63278], [126.98, 37.63312], [126.98083, 37.6337], [126.98222, 37.63431], [126.98333, 37.63578], [126.985, 37.63586], [126.98528, 37.63576], [126.98585, 37.635], [126.98639, 37.63475], [126.98694, 37.63474], [126.98705, 37.635], [126.98694, 37.63532], [126.98667, 37.63559], [126.98556, 37.63605], [126.98538, 37.63639], [126.98542, 37.63833], [126.98528, 37.6389], [126.98408, 37.63778], [126.98306, 37.63727], [126.98248, 37.63667], [126.98111, 37.63645], [126.98028, 37.63594], [126.97917, 37.63561], [126.97722, 37.63549], [126.97686, 37.63556], [126.97683, 37.63583], [126.97767, 37.63722], [126.97769, 37.63778], [126.97753, 37.63833], [126.97722, 37.63865], [126.97611, 37.63903], [126.97551, 37.63972], [126.975, 37.64062], [126.97472, 37.64079], [126.97417, 37.64076], [126.97389, 37.64059], [126.97358, 37.63944], [126.97194, 37.63799], [126.97111, 37.63743], [126.97083, 37.63747], [126.97044, 37.63778], [126.96972, 37.63896], [126.96917, 37.63908], [126.96889, 37.63902], [126.96861, 37.63877], [126.9681, 37.63778], [126.96775, 37.63583], [126.96773, 37.63556], [126.96805, 37.635], [126.96804, 37.63472], [126.96742, 37.63333], [126.96759, 37.63306], [126.96887, 37.63222], [126.96893, 37.63194], [126.96831, 37.63083], [126.96838, 37.63056], [126.97028, 37.62947], [126.97083, 37.62943], [126.97194, 37.6297], [126.97233, 37.62944], [126.97194, 37.6277], [126.97143, 37.62667], [126.97164, 37.62611], [126.97217, 37.62556]]}}, {"type": "Feature", "properties": {"elev": 550, "idx": 0}, "geometry": {"type": "LineString", "coordinates": [[126.98333, 37.64056], [126.98389, 37.64045], [126.98472, 37.6407], [126.98556, 37.64074], [126.98583, 37.64101], [126.98614, 37.64194], [126.98583, 37.64211], [126.985, 37.64223], [126.98472, 37.64245], [126.98457, 37.64278], [126.98448, 37.64333], [126.98458, 37.64389], [126.98593, 37.64583], [126.98609, 37.64611], [126.98605, 37.64639], [126.98516, 37.64694], [126.9848, 37.6475], [126.98465, 37.64833], [126.98488, 37.64944], [126.98483, 37.64972], [126.98449, 37.65028], [126.98344, 37.65111], [126.98332, 37.65194], [126.98284, 37.65278], [126.98312, 37.65389], [126.98264, 37.65472], [126.9826, 37.655], [126.98265, 37.65528], [126.98306, 37.65585], [126.98361, 37.65629], [126.98444, 37.65668], [126.98488, 37.65722], [126.98455, 37.65889], [126.98389, 37.65991], [126.98284, 37.66111], [126.98056, 37.66248], [126.97972, 37.66319], [126.97944, 37.66321], [126.97861, 37.66279], [126.97806, 37.66271], [126.9775, 37.66291], [126.97694, 37.66337], [126.97611, 37.66357], [126.97583, 37.66349], [126.97567, 37.66306], [126.97601, 37.66194], [126.97583, 37.66163], [126.97528, 37.66147], [126.97417, 37.66163], [126.97361, 37.66146], [126.97278, 37.66036], [126.97083, 37.65958], [126.97042, 37.65917], [126.97037, 37.65889], [126.97083, 37.65845], [126.97167, 37.65814], [126.97361, 37.65804], [126.97406, 37.65778], [126.97472, 37.6571], [126.97624, 37.65667], [126.97664, 37.65611], [126.97666, 37.65556], [126.97619, 37.655], [126.97512, 37.65417], [126.97506, 37.65361], [126.97722, 37.65168], [126.97861, 37.65115], [126.97972, 37.65109], [126.98056, 37.64989], [126.98144, 37.64972], [126.98167, 37.64948], [126.98167, 37.64861], [126.9825, 37.64741], [126.98278, 37.6472], [126.98361, 37.64701], [126.98389, 37.64677], [126.98403, 37.64639], [126.98384, 37.64583], [126.98343, 37.64556], [126.9825, 37.64522], [126.98222, 37.64499], [126.98204, 37.64444], [126.98228, 37.64306], [126.9834, 37.64167], [126.98333, 37.64056]]}}, {"type": "Feature", "properties": {"elev": 550, "idx": 0}, "geometry": {"type": "LineString", "coordinates": [[126.9652, 37.64194], [126.96556, 37.64185], [126.96583, 37.64195], [126.966, 37.64222], [126.96587, 37.64278], [126.96528, 37.64296], [126.965, 37.64279], [126.96499, 37.64222], [126.9652, 37.64194]]}}, {"type": "Feature", "properties": {"elev": 550, "idx": 0}, "geometry": {"type": "LineString", "coordinates": [[126.98793, 37.66333], [126.98833, 37.66308], [126.98889, 37.66323], [126.98944, 37.66386], [126.98939, 37.66417], [126.98889, 37.66457], [126.98861, 37.6646], [126.98818, 37.66417], [126.98792, 37.66361], [126.98793, 37.66333]]}}, {"type": "Feature", "properties": {"elev": 550, "idx": 0}, "geometry": {"type": "LineString", "coordinates": [[127.00793, 37.69222], [127.00833, 37.69197], [127.00917, 37.69232], [127.01, 37.69307], [127.01069, 37.69417], [127.01215, 37.69472], [127.01306, 37.69599], [127.01361, 37.69635], [127.01417, 37.69641], [127.01528, 37.69625], [127.01611, 37.69644], [127.01667, 37.69633], [127.01694, 37.69638], [127.01722, 37.69665], [127.01785, 37.69861], [127.01783, 37.69972], [127.01833, 37.70053], [127.0192, 37.70111], [127.01931, 37.70139], [127.01811, 37.70222], [127.01786, 37.70278], [127.01846, 37.70389], [127.01944, 37.70452], [127.0199, 37.705], [127.02051, 37.70639], [127.0215, 37.70806], [127.02173, 37.70917], [127.02169, 37.70944], [127.02139, 37.70971], [127.01944, 37.7098], [127.01694, 37.71111], [127.01651, 37.71111], [127.01631, 37.71083], [127.01641, 37.71028], [127.01728, 37.70889], [127.01722, 37.70762], [127.01611, 37.70683], [127.01524, 37.70583], [127.01444, 37.70532], [127.01333, 37.70547], [127.01222, 37.70588], [127.01193, 37.70583], [127.0116, 37.70528], [127.0116, 37.70444], [127.01291, 37.7025], [127.01284, 37.70222], [127.0123, 37.70167], [127.01193, 37.70083], [127.01167, 37.70057], [127.01028, 37.70026], [127.00973, 37.69972], [127.00921, 37.69889], [127.00861, 37.69847], [127.00806, 37.6984], [127.0075, 37.6987], [127.00688, 37.69972], [127.00639, 37.70009], [127.00444, 37.69975], [127.00361, 37.6998], [127.00333, 37.7], [127.003, 37.70083], [127.0025, 37.70155], [127.00194, 37.70204], [127.00167, 37.70201], [127.00135, 37.70139], [127.00127, 37.70028], [127.00111, 37.70008], [127.00083, 37.70001], [127.0001, 37.7], [127.00002, 37.69972], [127.00017, 37.69806], [126.99994, 37.6975], [126.99774, 37.69639], [126.99778, 37.69611], [126.99801, 37.69583], [126.99847, 37.69556], [127.00083, 37.69528], [127.00167, 37.69418], [127.00222, 37.6938], [127.0025, 37.69378], [127.00278, 37.69393], [127.00333, 37.69496], [127.00361, 37.69517], [127.00667, 37.69512], [127.00704, 37.69472], [127.0072, 37.69389], [127.00766, 37.69306], [127.00793, 37.69222]]}}, {"type": "Feature", "properties": {"elev": 550, "idx": 0}, "geometry": {"type": "LineString", "coordinates": [[127.07972, 37.69722], [127.0795, 37.69694], [127.07972, 37.69662]]}}, {"type": "Feature", "properties": {"elev": 550, "idx": 0}, "geometry": {"type": "LineString", "coordinates": [[126.93054, 37.75056], [126.93083, 37.75038], [126.93121, 37.75056], [126.93226, 37.75222], [126.9327, 37.75389], [126.93255, 37.75417], [126.93194, 37.7547], [126.93167, 37.75477], [126.93139, 37.75465], [126.93113, 37.75417], [126.93054, 37.75056]]}}, {"type": "Feature", "properties": {"elev": 550, "idx": 0}, "geometry": {"type": "LineString", "coordinates": [[126.92881, 37.75583], [126.92988, 37.75583], [126.93014, 37.75611], [126.93001, 37.75778], [126.92944, 37.75882], [126.92722, 37.75811], [126.92703, 37.75778], [126.92833, 37.75614], [126.92881, 37.75583]]}}, {"type": "Feature", "properties": {"elev": 600, "idx": 1}, "geometry": {"type": "LineString", "coordinates": [[126.97273, 37.62667], [126.97306, 37.62649], [126.97333, 37.62657], [126.975, 37.62768], [126.97612, 37.62806], [126.97637, 37.62833], [126.97658, 37.62889], [126.97625, 37.62972], [126.9763, 37.63056], [126.97736, 37.63194], [126.97786, 37.63306], [126.9794, 37.63389], [126.97956, 37.63417], [126.97917, 37.63438], [126.97861, 37.63443], [126.97778, 37.63426], [126.97667, 37.63377], [126.97583, 37.63377], [126.97528, 37.63394], [126.97474, 37.63472], [126.97477, 37.635], [126.97527, 37.63583], [126.97557, 37.63778], [126.97528, 37.63825], [126.97472, 37.63854], [126.97417, 37.63856], [126.97333, 37.63819], [126.97225, 37.63722], [126.97167, 37.63646], [126.97111, 37.63606], [126.97059, 37.63611], [126.9701, 37.63639], [126.96956, 37.63722], [126.96917, 37.63754], [126.96889, 37.63758], [126.96866, 37.63722], [126.96864, 37.63667], [126.96906, 37.63528], [126.96848, 37.63389], [126.96847, 37.63361], [126.96867, 37.63333], [126.96944, 37.63299], [126.96985, 37.6325], [126.96992, 37.63222], [126.96952, 37.63139], [126.96961, 37.63083], [126.97, 37.63043], [126.97056, 37.63013], [126.97278, 37.63058], [126.97333, 37.63051], [126.97353, 37.63028], [126.97344, 37.62972], [126.97275, 37.62833], [126.97293, 37.62722], [126.97273, 37.62667]]}}, {"type": "Feature", "properties": {"elev": 600, "idx": 1}, "geometry": {"type": "LineString", "coordinates": [[126.98131, 37.65111], [126.98194, 37.65115], [126.98222, 37.65146], [126.98199, 37.6525], [126.98202, 37.65361], [126.98177, 37.65472], [126.98194, 37.65548], [126.9825, 37.6565], [126.98344, 37.65722], [126.98369, 37.65778], [126.98361, 37.65824], [126.98301, 37.65861], [126.98284, 37.65889], [126.9828, 37.65944], [126.98266, 37.65972], [126.98167, 37.66107], [126.98056, 37.66145], [126.97944, 37.66218], [126.97889, 37.66217], [126.97833, 37.66199], [126.97778, 37.66157], [126.97631, 37.66111], [126.97556, 37.66094], [126.97444, 37.66104], [126.97417, 37.66095], [126.97361, 37.65997], [126.97333, 37.65971], [126.97222, 37.65944], [126.97171, 37.65917], [126.97168, 37.65889], [126.97222, 37.65864], [126.97361, 37.65872], [126.97444, 37.65845], [126.97528, 37.65768], [126.97639, 37.65745], [126.97729, 37.65639], [126.97748, 37.65583], [126.9775, 37.65509], [126.97722, 37.65472], [126.97639, 37.65434], [126.97576, 37.65389], [126.97571, 37.65361], [126.97611, 37.65312], [126.97722, 37.65234], [126.97778, 37.65217], [126.97861, 37.65202], [126.97944, 37.65236], [126.98, 37.65225], [126.98056, 37.65189], [126.98111, 37.65119], [126.98131, 37.65111]]}}, {"type": "Feature", "properties": {"elev": 600, "idx": 1}, "geometry": {"type": "LineString", "coordinates": [[127.0085, 37.69361], [127.00889, 37.6934], [127.00917, 37.69353], [127.00993, 37.69472], [127.01139, 37.69537], [127.01194, 37.69611], [127.01225, 37.69694], [127.0125, 37.69716], [127.01361, 37.69719], [127.015, 37.69689], [127.01583, 37.69706], [127.01667, 37.69687], [127.01678, 37.69694], [127.0174, 37.69833], [127.01737, 37.69861], [127.01692, 37.69917], [127.01694, 37.69965], [127.0179, 37.70111], [127.0179, 37.70139], [127.01703, 37.7025], [127.0168, 37.70306], [127.01778, 37.70447], [127.01917, 37.70545], [127.01942, 37.70583], [127.01964, 37.70667], [127.0202, 37.70778], [127.02023, 37.70833], [127.02, 37.70873], [127.01944, 37.70893], [127.01861, 37.70897], [127.01839, 37.70861], [127.01868, 37.70722], [127.01853, 37.70667], [127.01833, 37.70647], [127.01733, 37.70611], [127.01507, 37.70444], [127.01388, 37.70417], [127.01342, 37.70389], [127.01357, 37.70333], [127.0142, 37.7025], [127.01417, 37.70191], [127.01327, 37.70111], [127.01278, 37.69983], [127.0125, 37.69967], [127.01111, 37.69954], [127.01056, 37.69861], [127.00944, 37.69774], [127.00833, 37.69725], [127.00722, 37.69704], [127.00694, 37.69719], [127.00611, 37.69831], [127.00528, 37.69873], [127.00472, 37.6988], [127.00361, 37.69852], [127.0025, 37.69861], [126.99959, 37.69639], [126.99957, 37.69611], [126.99972, 37.69605], [127.00111, 37.69594], [127.00194, 37.69558], [127.00222, 37.6956], [127.0025, 37.69582], [127.00281, 37.69639], [127.00306, 37.69657], [127.00361, 37.69651], [127.00472, 37.69604], [127.00694, 37.69637], [127.0075, 37.69597], [127.00801, 37.69528], [127.00816, 37.695], [127.00816, 37.69417], [127.0085, 37.69361]]}}, {"type": "Feature", "properties": {"elev": 600, "idx": 1}, "geometry": {"type": "LineString", "coordinates": [[126.92855, 37.7575], [126.92861, 37.75741], [126.92872, 37.7575], [126.92855, 37.7575]]}}, {"type": "Feature", "properties": {"elev": 650, "idx": 0}, "geometry": {"type": "LineString", "coordinates": [[126.97379, 37.62778], [126.97417, 37.62778], [126.97551, 37.62861], [126.9757, 37.63083], [126.9764, 37.63194], [126.9764, 37.63222], [126.97611, 37.63241], [126.97444, 37.63229], [126.97417, 37.63247], [126.97389, 37.63308], [126.97298, 37.63361], [126.97275, 37.63389], [126.97295, 37.63472], [126.97408, 37.63639], [126.97425, 37.63722], [126.97417, 37.63742], [126.97389, 37.63744], [126.9735, 37.63722], [126.97306, 37.63665], [126.97222, 37.63598], [126.97139, 37.63507], [126.97083, 37.63472], [126.96972, 37.63454], [126.96945, 37.63417], [126.96955, 37.63389], [126.97028, 37.63337], [126.9707, 37.63278], [126.97077, 37.63222], [126.97038, 37.63139], [126.97056, 37.63108], [126.97139, 37.63109], [126.97278, 37.63137], [126.97389, 37.63175], [126.97438, 37.63139], [126.97449, 37.63111], [126.97441, 37.63], [126.97386, 37.62917], [126.97355, 37.62833], [126.97352, 37.62806], [126.97379, 37.62778]]}}, {"type": "Feature", "properties": {"elev": 650, "idx": 0}, "geometry": {"type": "LineString", "coordinates": [[126.97686, 37.65306], [126.9775, 37.65281], [126.97778, 37.65285], [126.97863, 37.65333], [126.97917, 37.65347], [126.98056, 37.65319], [126.98095, 37.65333], [126.9811, 37.65361], [126.98097, 37.655], [126.98171, 37.65639], [126.98213, 37.6575], [126.98137, 37.65833], [126.98172, 37.65917], [126.98171, 37.65972], [126.98111, 37.66044], [126.97944, 37.66146], [126.97889, 37.6615], [126.97806, 37.66088], [126.97722, 37.6606], [126.975, 37.66059], [126.97472, 37.66055], [126.97445, 37.66028], [126.97455, 37.65972], [126.97528, 37.65869], [126.97572, 37.65833], [126.97684, 37.65778], [126.97722, 37.6572], [126.97808, 37.65667], [126.97821, 37.655], [126.97806, 37.65432], [126.97778, 37.65408], [126.97667, 37.65388], [126.9762, 37.65361], [126.97635, 37.65333], [126.97686, 37.65306]]}}, {"type": "Feature", "properties": {"elev": 650, "idx": 0}, "geometry": {"type": "LineString", "coordinates": [[127.00927, 37.69583], [127.01, 37.69569], [127.01059, 37.69583], [127.01101, 37.69639], [127.01151, 37.69778], [127.01139, 37.69785], [127.01083, 37.69767], [127.01, 37.69714], [127.00914, 37.69639], [127.00899, 37.69611], [127.00927, 37.69583]]}}, {"type": "Feature", "properties": {"elev": 650, "idx": 0}, "geometry": {"type": "LineString", "coordinates": [[127.0142, 37.69778], [127.015, 37.69769], [127.01611, 37.69787], [127.01643, 37.69806], [127.01656, 37.69833], [127.01622, 37.69944], [127.01639, 37.70012], [127.01695, 37.70083], [127.01698, 37.70111], [127.01667, 37.70159], [127.01583, 37.7024], [127.01556, 37.70245], [127.015, 37.70129], [127.01413, 37.70056], [127.01361, 37.69921], [127.01281, 37.69861], [127.0128, 37.69833], [127.01322, 37.69806], [127.0142, 37.69778]]}}, {"type": "Feature", "properties": {"elev": 650, "idx": 0}, "geometry": {"type": "LineString", "coordinates": [[127.01162, 37.69806], [127.01167, 37.69797], [127.01194, 37.69805], [127.01236, 37.69833], [127.01194, 37.69851], [127.01162, 37.69806]]}}, {"type": "Feature", "properties": {"elev": 700, "idx": 1}, "geometry": {"type": "LineString", "coordinates": [[126.97932, 37.65417], [126.98, 37.65407], [126.98028, 37.65427], [126.98041, 37.65528], [126.98101, 37.65667], [126.98089, 37.65722], [126.98015, 37.65778], [126.98008, 37.65806], [126.98024, 37.65889], [126.98068, 37.65972], [126.98046, 37.66028], [126.98, 37.66064], [126.97944, 37.66082], [126.97861, 37.6604], [126.97778, 37.66018], [126.97639, 37.66021], [126.97552, 37.66], [126.97556, 37.65941], [126.97639, 37.65851], [126.9775, 37.65793], [126.97806, 37.65748], [126.97889, 37.65742], [126.97909, 37.65722], [126.97876, 37.65639], [126.97868, 37.65556], [126.97904, 37.65444], [126.97932, 37.65417]]}}, {"type": "Feature", "properties": {"elev": 700, "idx": 1}, "geometry": {"type": "LineString", "coordinates": [[127.01482, 37.69861], [127.01528, 37.6985], [127.01543, 37.69861], [127.01537, 37.69889], [127.015, 37.69902], [127.01482, 37.69861]]}}, {"type": "Feature", "properties": {"elev": 750, "idx": 0}, "geometry": {"type": "LineString", "coordinates": [[126.97951, 37.65611], [126.97972, 37.65588], [126.97998, 37.65611], [126.98, 37.65646], [126.97972, 37.65654], [126.97951, 37.65611]]}}, {"type": "Feature", "properties": {"elev": 750, "idx": 0}, "geometry": {"type": "LineString", "coordinates": [[126.97817, 37.65806], [126.97861, 37.65795], [126.979, 37.65833], [126.97897, 37.65917], [126.97877, 37.65944], [126.97667, 37.65981], [126.97637, 37.65972], [126.9767, 37.65889], [126.97693, 37.65861], [126.97817, 37.65806]]}}, {"type": "Feature", "properties": {"elev": 750, "idx": 0}, "geometry": {"type": "LineString", "coordinates": [[126.97959, 37.66], [126.97972, 37.65989], [126.9798, 37.66], [126.97959, 37.66]]}}, {"type": "Feature", "properties": {"elev": 800, "idx": 1}, "geometry": {"type": "LineString", "coordinates": [[126.97764, 37.65889], [126.97786, 37.65889], [126.97764, 37.65889]]}}]}