{"type":"FeatureCollection","features":[{"type":"Feature","geometry":{"type":"MultiLineString","coordinates":[[[127.02956,37.37306],[127.02956,37.37306],[127.02954,37.37303],[127.02953,37.37302],[127.02952,37.373],[127.02951,37.37299],[127.0295,37.37297],[127.02949,37.37296],[127.02948,37.37295],[127.02947,37.37295],[127.02945,37.37295],[127.02944,37.37295],[127.02942,37.37295],[127.02941,37.37295],[127.02939,37.37295],[127.02938,37.37296],[127.02936,37.37296],[127.02933,37.37297],[127.02909,37.37304],[127.02906,37.37304],[127.02903,37.37305],[127.029,37.37306],[127.02898,37.37306],[127.02896,37.37307],[127.02895,37.37307],[127.02893,37.37307],[127.02892,37.37307],[127.0289,37.37307],[127.02889,37.37307],[127.02887,37.37306],[127.02884,37.37306],[127.02879,37.37305],[127.02867,37.37302],[127.02858,37.373],[127.02817,37.37292],[127.02797,37.37288],[127.02794,37.37288],[127.02792,37.37287],[127.0279,37.37287],[127.02789,37.37287],[127.02787,37.37287],[127.02786,37.37287],[127.02784,37.37286],[127.02783,37.37286],[127.02781,37.37287],[127.0278,37.37287],[127.02778,37.37287],[127.02777,37.37287],[127.02776,37.37288],[127.02774,37.37288],[127.02773,37.37289],[127.02772,37.3729],[127.02771,37.37291],[127.0277,37.37292],[127.02769,37.37293],[127.02769,37.37294],[127.02768,37.37295],[127.02768,37.37296],[127.02768,37.37298],[127.02768,37.37299],[127.02768,37.373],[127.02768,37.37302],[127.02769,37.37303],[127.02769,37.37304],[127.02769,37.37305],[127.0277,37.37306],[127.0277,37.37308],[127.02771,37.37309],[127.02772,37.3731],[127.02773,37.37311],[127.02774,37.37312],[127.02776,37.37314],[127.02783,37.37319],[127.02785,37.37321],[127.02786,37.37322],[127.02787,37.37323],[127.02788,37.37324],[127.02789,37.37325],[127.02789,37.37326],[127.0279,37.37327],[127.02791,37.37329],[127.02791,37.3733],[127.02792,37.37331],[127.02793,37.37333],[127.02794,37.37336],[127.02795,37.37338],[127.02795,37.37339],[127.02795,37.37341],[127.02795,37.37342],[127.02796,37.37343],[127.02796,37.37344],[127.02796,37.37348],[127.02797,37.37359],[127.02797,37.37363],[127.02797,37.37364],[127.02797,37.37365],[127.02797,37.37366],[127.02797,37.37368],[127.02796,37.37369],[127.02796,37.3737],[127.02795,37.37371],[127.02795,37.37371],[127.02793,37.37372],[127.02792,37.37373],[127.02791,37.37373],[127.0279,37.37374],[127.02785,37.37375],[127.02784,37.37375],[127.02783,37.37376],[127.02781,37.37376],[127.02781,37.37377],[127.0278,37.37378],[127.02779,37.37378],[127.02779,37.37379],[127.02779,37.3738],[127.0278,37.37382],[127.0278,37.37383],[127.02781,37.37384],[127.02781,37.37385],[127.02782,37.37387],[127.02785,37.37394],[127.02786,37.37396],[127.02787,37.37399],[127.02788,37.374],[127.02788,37.37401],[127.02789,37.37402],[127.02789,37.37404],[127.02789,37.37405],[127.02789,37.37406],[127.02788,37.37407],[127.02788,37.37408],[127.02787,37.3741],[127.02787,37.37411],[127.02786,37.37412],[127.02785,37.37414],[127.02779,37.37425],[127.02777,37.37429],[127.02776,37.37431],[127.02775,37.37432],[127.02774,37.37433],[127.02773,37.37434],[127.02772,37.37436],[127.02771,37.37437],[127.0277,37.37438],[127.02769,37.37439],[127.02767,37.37441],[127.02761,37.37447],[127.02759,37.37449],[127.02758,37.3745],[127.02757,37.37451],[127.02756,37.37452],[127.02755,37.37453],[127.02755,37.37454],[127.02754,37.37456],[127.02754,37.37457],[127.02753,37.37458],[127.02753,37.3746],[127.02752,37.37462],[127.02751,37.37466],[127.02749,37.3748],[127.02746,37.37492],[127.02745,37.37494],[127.02745,37.37496],[127.02745,37.37497],[127.02744,37.37498],[127.02744,37.37499],[127.02743,37.37501],[127.02743,37.37502],[127.02742,37.37503],[127.02741,37.37504],[127.0274,37.37504],[127.02739,37.37505],[127.02737,37.37506],[127.02736,37.37506],[127.02733,37.37508],[127.0273,37.37509],[127.02724,37.37511],[127.02721,37.37512],[127.0272,37.37513],[127.02718,37.37514],[127.02717,37.37514],[127.02715,37.37515],[127.02714,37.37516],[127.02713,37.37517],[127.02712,37.37518],[127.02711,37.37519],[127.02711,37.3752],[127.0271,37.37521],[127.0271,37.37522],[127.02709,37.37524],[127.02708,37.37525],[127.02707,37.37527],[127.02706,37.3753],[127.02706,37.37531],[127.02706,37.37532],[127.02706,37.37533],[127.02705,37.37535],[127.02705,37.37536],[127.02706,37.37537],[127.02706,37.37538],[127.02706,37.37539],[127.02707,37.3754],[127.02708,37.37541],[127.02708,37.37542],[127.02709,37.37544],[127.02709,37.37545],[127.0271,37.37546],[127.02711,37.37548],[127.02712,37.37552],[127.02713,37.37556],[127.02719,37.37577],[127.0272,37.37579],[127.0272,37.3758],[127.02721,37.37582],[127.02721,37.37583],[127.02722,37.37584],[127.02722,37.37586],[127.02723,37.37587],[127.02724,37.37589],[127.02726,37.37593],[127.02733,37.37602],[127.02734,37.37604],[127.02735,37.37606],[127.02736,37.37607],[127.02736,37.37608],[127.02737,37.37609],[127.02737,37.37611],[127.02738,37.37612],[127.02738,37.37613],[127.02738,37.37614],[127.02739,37.37617],[127.02739,37.3762],[127.0274,37.37626],[127.02741,37.3763],[127.02741,37.37632],[127.02742,37.37634],[127.02742,37.37635],[127.02742,37.37636],[127.02742,37.37638],[127.02742,37.37639],[127.02742,37.3764],[127.02741,37.37642],[127.02741,37.37644],[127.0274,37.37648],[127.02737,37.3766],[127.02733,37.37673],[127.02732,37.37677],[127.02732,37.3768],[127.02731,37.37681],[127.02731,37.37682],[127.0273,37.37684],[127.02729,37.37685],[127.02729,37.37686],[127.02728,37.37687],[127.02727,37.3769],[127.02721,37.37698],[127.02719,37.37702],[127.02717,37.37704],[127.02717,37.37705],[127.02716,37.37707],[127.02716,37.37708],[127.02715,37.37709],[127.02715,37.3771],[127.02715,37.37712],[127.02714,37.37714],[127.02714,37.37717],[127.02713,37.37721],[127.02713,37.37725],[127.02712,37.37727],[127.02712,37.3773],[127.02712,37.37731],[127.02712,37.37732],[127.02712,37.37735],[127.02712,37.37738],[127.02714,37.37768],[127.02715,37.37772],[127.02715,37.37774],[127.02715,37.37776],[127.02715,37.37777],[127.02716,37.37778],[127.02716,37.37781],[127.02718,37.37785],[127.02721,37.37796],[127.02722,37.37799],[127.02723,37.378],[127.02723,37.37801],[127.02723,37.37803],[127.02724,37.37804],[127.02724,37.37805],[127.02724,37.37807],[127.02724,37.37808],[127.02724,37.37809],[127.02724,37.3781],[127.02723,37.37811],[127.02722,37.37815],[127.02722,37.37816],[127.02722,37.37817],[127.02722,37.37819],[127.02722,37.3782],[127.02722,37.37821],[127.02722,37.37823],[127.02723,37.37824],[127.02723,37.37825],[127.02723,37.37826],[127.02724,37.37828],[127.02725,37.3783],[127.0273,37.37844],[127.0274,37.37869],[127.02742,37.37874],[127.02742,37.37877],[127.02743,37.37878],[127.02743,37.37879],[127.02743,37.37881],[127.02744,37.37882],[127.02744,37.37883],[127.02744,37.37884],[127.02744,37.37888],[127.02744,37.3789],[127.02744,37.37891],[127.02744,37.37892],[127.02744,37.37893],[127.02745,37.37895],[127.02745,37.37896],[127.02746,37.37897],[127.02746,37.37898],[127.02747,37.37899],[127.02748,37.379],[127.02749,37.37901],[127.0275,37.37902],[127.02751,37.37904],[127.02751,37.37905],[127.02752,37.37906],[127.02754,37.37906],[127.02755,37.37907],[127.02756,37.37908],[127.02757,37.37909],[127.02759,37.37909],[127.0276,37.3791],[127.02762,37.3791],[127.02764,37.37911],[127.02767,37.37911],[127.0278,37.37915],[127.02791,37.37917],[127.02836,37.37929],[127.02841,37.3793],[127.02844,37.37931],[127.02846,37.37931],[127.02847,37.37931],[127.0285,37.37932],[127.02855,37.37933],[127.02882,37.37936],[127.02905,37.37939],[127.02908,37.3794],[127.0291,37.3794],[127.02911,37.3794],[127.02913,37.3794],[127.02915,37.3794],[127.02916,37.3794],[127.02918,37.3794],[127.0292,37.3794],[127.02921,37.3794],[127.02923,37.3794],[127.02926,37.37939],[127.02931,37.37939],[127.02953,37.37935],[127.03022,37.37924],[127.03029,37.37922],[127.03032,37.37922],[127.03034,37.37922],[127.03035,37.37922],[127.03037,37.37922],[127.0304,37.37921],[127.03047,37.37921],[127.03057,37.37921],[127.0306,37.3792],[127.03063,37.3792],[127.03065,37.3792],[127.03067,37.37921],[127.03068,37.37921],[127.0307,37.37921],[127.03071,37.37921],[127.03073,37.37921],[127.03076,37.37922],[127.03081,37.37922],[127.03086,37.37923],[127.03087,37.37924],[127.03089,37.37924],[127.0309,37.37924],[127.03092,37.37925],[127.03093,37.37925],[127.03095,37.37926],[127.03096,37.37927],[127.03097,37.37927],[127.03099,37.37928],[127.03101,37.3793],[127.03105,37.37933],[127.03121,37.37944],[127.03121,37.37944],[127.03122,37.37947],[127.03123,37.37951],[127.03124,37.37953],[127.03124,37.37954],[127.03124,37.37956],[127.03125,37.37957],[127.03125,37.37958],[127.03124,37.3796],[127.03124,37.37961],[127.03124,37.37962],[127.03123,37.37963],[127.03123,37.37965],[127.03122,37.37966],[127.03119,37.37972],[127.03118,37.37974],[127.03117,37.37975],[127.03117,37.37977],[127.03116,37.37978],[127.03116,37.37979],[127.03115,37.3798],[127.03115,37.37982],[127.03115,37.37983],[127.03115,37.37985],[127.03115,37.37988],[127.03115,37.3799],[127.03115,37.37991],[127.03115,37.37992],[127.03115,37.37992],[127.03116,37.37993],[127.03116,37.37993],[127.03117,37.37994],[127.03117,37.37994],[127.03118,37.37995],[127.03118,37.37996],[127.03119,37.37997],[127.0312,37.37999],[127.03123,37.38005],[127.03128,37.38017],[127.03129,37.3802],[127.0313,37.38023],[127.03131,37.38024],[127.03131,37.38025],[127.03132,37.38028],[127.03133,37.38032],[127.03137,37.38048],[127.0314,37.3806],[127.03141,37.38062],[127.03141,37.38065],[127.03142,37.38066],[127.03142,37.38067],[127.03142,37.38069],[127.03142,37.3807],[127.03142,37.38071],[127.03141,37.38073],[127.03141,37.38074],[127.03141,37.38075],[127.0314,37.38076],[127.03139,37.38077],[127.03137,37.38081],[127.03137,37.38082],[127.03136,37.38083],[127.03136,37.38085],[127.03135,37.38086],[127.03135,37.38087],[127.03135,37.38088],[127.03135,37.38089],[127.03135,37.3809],[127.03136,37.38092],[127.03136,37.38093],[127.03136,37.38094],[127.03138,37.38098],[127.03142,37.38108],[127.03143,37.3811],[127.03144,37.38113],[127.03144,37.38114],[127.03144,37.38115],[127.03144,37.38117],[127.03145,37.38118],[127.03145,37.38119],[127.03145,37.38121],[127.03145,37.38122],[127.03144,37.38124],[127.03144,37.38128],[127.03142,37.38141],[127.03142,37.38144],[127.03142,37.38147],[127.03141,37.38148],[127.03141,37.38149],[127.03141,37.3815],[127.0314,37.38152],[127.0314,37.38153],[127.03139,37.38154],[127.03138,37.38157],[127.03136,37.3816],[127.03129,37.38171],[127.03128,37.38173],[127.03127,37.38174],[127.03127,37.38175],[127.03126,37.38177],[127.03126,37.38178],[127.03125,37.38179],[127.03125,37.3818],[127.03125,37.38181],[127.03125,37.38183],[127.03125,37.38184],[127.03126,37.38185],[127.03126,37.38186],[127.03127,37.38188],[127.03128,37.3819],[127.03131,37.38198],[127.03132,37.38202],[127.03133,37.38204],[127.03134,37.38206],[127.03135,37.38207],[127.03135,37.38208],[127.03136,37.38209],[127.03137,37.3821],[127.03138,37.38211],[127.0314,37.38212],[127.03141,37.38213],[127.03142,37.38214],[127.03145,37.38215],[127.03154,37.38221],[127.03158,37.38224],[127.03159,37.38225],[127.0316,37.38226],[127.03162,37.38227],[127.03163,37.38227],[127.03164,37.38229],[127.03165,37.3823],[127.03166,37.38231],[127.03166,37.38232],[127.03167,37.38233],[127.03168,37.38234],[127.0317,37.38238],[127.03177,37.3825],[127.0318,37.38255],[127.03181,37.38257],[127.03182,37.38258],[127.03183,37.38259],[127.03184,37.3826],[127.03184,37.38262],[127.03185,37.38263],[127.03186,37.38264],[127.03188,37.38266],[127.0319,37.38268],[127.03237,37.38314],[127.03239,37.38316],[127.0324,37.38317],[127.03241,37.38318],[127.03242,37.3832],[127.03243,37.38321],[127.03244,37.38322],[127.03244,37.38323],[127.03245,37.38324],[127.03246,37.38325],[127.03247,37.38328],[127.03249,37.38332],[127.03257,37.3835],[127.03277,37.38396],[127.03286,37.38415],[127.03287,37.38417],[127.03287,37.38419],[127.03288,37.3842],[127.03289,37.38421],[127.03289,37.38422],[127.0329,37.38423],[127.03291,37.38424],[127.03292,37.38425],[127.03293,37.38426],[127.03295,37.38427],[127.03296,37.38428],[127.03297,37.38429],[127.03303,37.38432],[127.03304,37.38432],[127.03306,37.38433],[127.03307,37.38434],[127.03308,37.38435],[127.03309,37.38435],[127.03309,37.38436],[127.0331,37.38437],[127.03309,37.38439],[127.03309,37.3844],[127.03309,37.38441],[127.03308,37.38442],[127.03308,37.38443],[127.03307,37.38445],[127.03305,37.38449],[127.03304,37.38451],[127.03303,37.38453],[127.03303,37.38454],[127.03302,37.38455],[127.03302,37.38456],[127.03302,37.38458],[127.03302,37.38459],[127.03302,37.3846],[127.03302,37.38461],[127.03303,37.38464],[127.03303,37.38467],[127.03304,37.38471],[127.03305,37.38475],[127.03306,37.38477],[127.03306,37.38478],[127.03306,37.3848],[127.03307,37.38481],[127.03307,37.38482],[127.03308,37.38483],[127.03309,37.38484],[127.03309,37.38486],[127.0331,37.38487],[127.03313,37.3849],[127.03313,37.38491],[127.03314,37.38492],[127.03315,37.38493],[127.03315,37.38494],[127.03316,37.38495],[127.03316,37.38496],[127.03316,37.38497],[127.03316,37.38499],[127.03316,37.385],[127.03315,37.38501],[127.03315,37.38502],[127.03315,37.38503],[127.03312,37.38508],[127.03312,37.38509],[127.03312,37.38511],[127.03311,37.38512],[127.03311,37.38513],[127.03311,37.38514],[127.03311,37.38515],[127.03311,37.38517],[127.03311,37.38518],[127.03311,37.38519],[127.03311,37.38521],[127.03311,37.38523],[127.03316,37.38545],[127.03316,37.38548],[127.03317,37.38551],[127.03318,37.38553],[127.03318,37.38554],[127.03319,37.38556],[127.0332,37.38558],[127.03321,37.38562],[127.03327,37.38576],[127.03328,37.38578],[127.03329,37.38581],[127.03329,37.38582],[127.0333,37.38583],[127.03331,37.38584],[127.03332,37.38585],[127.03333,37.38586],[127.03334,37.38587],[127.03335,37.38587],[127.03337,37.38587],[127.03338,37.38588],[127.0334,37.38588],[127.03342,37.38589],[127.03345,37.38589],[127.03361,37.38591],[127.03365,37.38592],[127.03368,37.38592],[127.0337,37.38593],[127.03372,37.38593],[127.03373,37.38593],[127.03375,37.38593],[127.03378,37.38593],[127.03381,37.38592],[127.03388,37.38592],[127.03391,37.38591],[127.03393,37.38591],[127.03395,37.38591],[127.03396,37.38591],[127.03398,37.38592],[127.03399,37.38592],[127.03401,37.38592],[127.03403,37.38592],[127.03406,37.38593],[127.03409,37.38594],[127.03414,37.38595],[127.03417,37.38596],[127.03418,37.38596],[127.0342,37.38597],[127.03421,37.38598],[127.03423,37.38598],[127.03424,37.38599],[127.03425,37.386],[127.03426,37.386],[127.03427,37.38602],[127.03428,37.38602],[127.0343,37.38605],[127.03433,37.38608],[127.03435,37.3861],[127.03436,37.38612],[127.03438,37.38614],[127.03439,37.38616],[127.0344,37.38617],[127.0344,37.38618],[127.03441,37.38619],[127.03441,37.3862],[127.03442,37.38621],[127.03442,37.38623],[127.03442,37.38624],[127.03442,37.38625],[127.03443,37.38628],[127.03444,37.38645],[127.03446,37.38664],[127.03446,37.38666],[127.03446,37.38668],[127.03446,37.38669],[127.03446,37.3867],[127.03446,37.38672],[127.03446,37.38673],[127.03446,37.38674],[127.03446,37.38676],[127.03445,37.38678],[127.03444,37.38682],[127.03441,37.38695],[127.0344,37.38699],[127.03439,37.38702],[127.03439,37.38703],[127.03438,37.38704],[127.03438,37.38705],[127.03437,37.38708],[127.03434,37.38713],[127.03431,37.3872],[127.03429,37.38724],[127.03428,37.38726],[127.03427,37.38727],[127.03427,37.38728],[127.03426,37.38729],[127.03425,37.38731],[127.03423,37.38733],[127.03421,37.38736],[127.03404,37.38758],[127.03395,37.38769],[127.03392,37.38772],[127.03391,37.38773],[127.0339,37.38775],[127.0339,37.38776],[127.03389,37.38777],[127.03388,37.38778],[127.03388,37.38779],[127.03388,37.38781],[127.03387,37.38782],[127.03387,37.38783],[127.03387,37.38784],[127.03387,37.38786],[127.03387,37.38787],[127.03387,37.38788],[127.03387,37.38789],[127.03387,37.3879],[127.03387,37.38792],[127.03387,37.38793],[127.03388,37.38794],[127.03388,37.38795],[127.03389,37.38796],[127.0339,37.38797],[127.03391,37.38798],[127.03392,37.38799],[127.03395,37.38803],[127.03395,37.38804],[127.03396,37.38805],[127.03397,37.38806],[127.03398,37.38807],[127.03398,37.38808],[127.03399,37.38809],[127.03399,37.38811],[127.034,37.38812],[127.034,37.38813],[127.034,37.38815],[127.034,37.38816],[127.034,37.38817],[127.034,37.3882],[127.034,37.38822],[127.034,37.38826],[127.034,37.38832],[127.03399,37.38836],[127.03399,37.38838],[127.03399,37.3884],[127.03399,37.38841],[127.03399,37.38842],[127.03398,37.38845],[127.03397,37.38849],[127.03387,37.38883],[127.03407,37.38878],[127.0343,37.38873],[127.03434,37.38872],[127.03437,37.38871],[127.03439,37.38871],[127.03441,37.38871],[127.03442,37.3887],[127.03444,37.3887],[127.03447,37.3887],[127.03452,37.3887],[127.03465,37.3887],[127.03468,37.3887],[127.0347,37.3887],[127.03472,37.3887],[127.03473,37.3887],[127.03475,37.3887],[127.03476,37.38869],[127.03478,37.38869],[127.03479,37.38869],[127.0348,37.38868],[127.03482,37.38867],[127.03483,37.38867],[127.03484,37.38866],[127.03487,37.38864],[127.03492,37.38861],[127.03493,37.3886],[127.03494,37.38859],[127.03496,37.38858],[127.03497,37.38858],[127.03498,37.38857],[127.035,37.38856],[127.03501,37.38856],[127.03502,37.38856],[127.03504,37.38856],[127.03505,37.38857],[127.03507,37.38857],[127.03508,37.38857],[127.0351,37.38858],[127.03513,37.38859],[127.03522,37.38862],[127.03526,37.38864],[127.03529,37.38865],[127.03531,37.38865],[127.03532,37.38866],[127.03534,37.38866],[127.03535,37.38866],[127.03537,37.38867],[127.03539,37.38867],[127.03542,37.38867],[127.03549,37.38868],[127.03552,37.38869],[127.03554,37.38869],[127.03555,37.38869],[127.03557,37.3887],[127.03558,37.3887],[127.03559,37.38871],[127.03561,37.38871],[127.03562,37.38872],[127.03563,37.38873],[127.03563,37.38874],[127.03564,37.38876],[127.03565,37.38877],[127.03567,37.38879],[127.03574,37.38891],[127.03576,37.38893],[127.03577,37.38896],[127.03579,37.38898],[127.0358,37.38899],[127.03581,37.389],[127.03582,37.38902],[127.03583,37.38902],[127.03584,37.38903],[127.03585,37.38904],[127.03586,37.38905],[127.03589,37.38907],[127.03592,37.38909],[127.03593,37.3891],[127.03594,37.38911],[127.03596,37.38911],[127.03597,37.38912],[127.03598,37.38913],[127.036,37.38913],[127.03601,37.38914],[127.03603,37.38914],[127.03604,37.38914],[127.03606,37.38914],[127.03608,37.38914],[127.03611,37.38915],[127.03617,37.38916],[127.03622,37.38916],[127.03625,37.38917],[127.03627,37.38917],[127.03629,37.38917],[127.0363,37.38917],[127.03632,37.38917],[127.03633,37.38917],[127.03635,37.38917],[127.03636,37.38916],[127.03638,37.38916],[127.03639,37.38916],[127.03641,37.38914],[127.03643,37.38914],[127.03644,37.38914],[127.03645,37.38914],[127.03647,37.38914],[127.03648,37.38914],[127.0365,37.38915],[127.03651,37.38915],[127.03652,37.38916],[127.03654,37.38916],[127.03657,37.38917],[127.03667,37.38922],[127.03672,37.38924],[127.03675,37.38925],[127.03676,37.38925],[127.03678,37.38926],[127.03679,37.38927],[127.03681,37.38927],[127.03682,37.38927],[127.03684,37.38928],[127.03686,37.38928],[127.03689,37.38928],[127.03695,37.38929],[127.03698,37.3893],[127.03701,37.38931],[127.03703,37.38931],[127.03705,37.38931],[127.03706,37.38932],[127.03707,37.38932],[127.03709,37.38933],[127.0371,37.38934],[127.03711,37.38934],[127.03713,37.38935],[127.03715,37.38937],[127.03717,37.38939],[127.03728,37.38948],[127.03737,37.38956],[127.03751,37.38967],[127.03766,37.38979],[127.03769,37.38982],[127.0377,37.38983],[127.03771,37.38984],[127.03772,37.38985],[127.03773,37.38986],[127.03774,37.38987],[127.03775,37.38988],[127.03776,37.38989],[127.03776,37.3899],[127.03777,37.38992],[127.03779,37.38996],[127.0378,37.38997],[127.0378,37.38998],[127.03781,37.38999],[127.03782,37.39001],[127.03782,37.39001],[127.03783,37.39002],[127.03785,37.39003],[127.03786,37.39004],[127.03787,37.39004],[127.03788,37.39005],[127.03791,37.39006],[127.03793,37.39007],[127.03794,37.39007],[127.03795,37.39008],[127.03796,37.39009],[127.03798,37.3901],[127.03798,37.3901],[127.03799,37.39012],[127.038,37.39013],[127.03801,37.39014],[127.03803,37.39019],[127.03804,37.3902],[127.03805,37.39021],[127.03806,37.39022],[127.03807,37.39023],[127.03808,37.39024],[127.03809,37.39025],[127.0381,37.39026],[127.03811,37.39027],[127.03812,37.39027],[127.03813,37.39028],[127.03815,37.39029],[127.03816,37.39029],[127.03818,37.3903],[127.03819,37.3903],[127.03821,37.39031],[127.03822,37.39031],[127.03826,37.39032],[127.03834,37.39034],[127.03837,37.39035],[127.03838,37.39036],[127.0384,37.39036],[127.03841,37.39037],[127.03843,37.39037],[127.03844,37.39038],[127.03845,37.39039],[127.03846,37.3904],[127.03847,37.39041],[127.03848,37.39042],[127.03848,37.39043],[127.03849,37.39044],[127.0385,37.39047],[127.03856,37.39057],[127.03862,37.39067],[127.03863,37.3907],[127.03864,37.39071],[127.03865,37.39072],[127.03865,37.39073],[127.03866,37.39075],[127.03866,37.39076],[127.03866,37.39077],[127.03867,37.39078],[127.03867,37.3908],[127.03867,37.39081],[127.03867,37.39084],[127.03867,37.39086],[127.03868,37.39098],[127.03868,37.39102],[127.03868,37.39105],[127.03868,37.39106],[127.03868,37.39108],[127.03868,37.39109],[127.03867,37.3911],[127.03867,37.39111],[127.03866,37.39113],[127.03866,37.39114],[127.03865,37.39115],[127.03864,37.39116],[127.03861,37.39121],[127.03859,37.39123],[127.03859,37.39124],[127.03858,37.39126],[127.03857,37.39127],[127.03857,37.39128],[127.03857,37.39129],[127.03856,37.3913],[127.03856,37.39132],[127.03856,37.39133],[127.03856,37.39134],[127.03856,37.39135],[127.03857,37.39136],[127.03857,37.39138],[127.03858,37.39139],[127.03858,37.3914],[127.03859,37.39141],[127.0386,37.39144],[127.03863,37.39149],[127.03866,37.39155],[127.03868,37.39157],[127.03869,37.39158],[127.03869,37.39159],[127.0387,37.3916],[127.03871,37.39161],[127.03872,37.39162],[127.03873,37.39163],[127.03874,37.39164],[127.03875,37.39165],[127.03878,37.39166],[127.03879,37.39167],[127.0388,37.39168],[127.0388,37.39169],[127.0388,37.3917],[127.0388,37.3917],[127.0388,37.39171],[127.0388,37.39172],[127.03879,37.39173],[127.03879,37.39174],[127.03878,37.39175],[127.03876,37.39176],[127.03875,37.39176],[127.03874,37.39177],[127.03871,37.39179],[127.03852,37.39191],[127.03848,37.39193],[127.03846,37.39195],[127.03844,37.39196],[127.03843,37.39197],[127.03842,37.39198],[127.03841,37.39199],[127.0384,37.392],[127.0384,37.39201],[127.0384,37.39202],[127.03839,37.39203],[127.03839,37.39205],[127.03839,37.39206],[127.03839,37.39207],[127.03839,37.3921],[127.03839,37.39213],[127.03839,37.39214],[127.03839,37.39215],[127.03839,37.39216],[127.0384,37.39218],[127.0384,37.39219],[127.03841,37.3922],[127.03841,37.39222],[127.03842,37.39223],[127.03842,37.39224],[127.03844,37.39227],[127.03848,37.39234],[127.0385,37.39238],[127.03851,37.3924],[127.03852,37.39241],[127.03853,37.39242],[127.03853,37.39244],[127.03853,37.39245],[127.03854,37.39246],[127.03854,37.39247],[127.03854,37.39249],[127.03855,37.3925],[127.03855,37.39251],[127.03856,37.39253],[127.03856,37.39254],[127.03857,37.39255],[127.03858,37.39256],[127.03859,37.39257],[127.0386,37.39258],[127.03862,37.3926],[127.03864,37.39262],[127.03865,37.39263],[127.03866,37.39264],[127.03867,37.39265],[127.03868,37.39265],[127.03869,37.39266],[127.0387,37.39267],[127.03872,37.39268],[127.03873,37.39268],[127.03875,37.39269],[127.03876,37.39269],[127.03878,37.39269],[127.03879,37.3927],[127.03881,37.3927],[127.03884,37.3927],[127.03898,37.39272],[127.03903,37.39272],[127.03906,37.39273],[127.03907,37.39273],[127.03909,37.39273],[127.03911,37.39274],[127.03912,37.39274],[127.03913,37.39274],[127.03915,37.39275],[127.03916,37.39276],[127.03917,37.39277],[127.0392,37.39279],[127.03921,37.39279],[127.03922,37.3928],[127.03923,37.39281],[127.03925,37.39281],[127.03926,37.39282],[127.03928,37.39282],[127.03929,37.39282],[127.03931,37.39283],[127.03934,37.39283],[127.03944,37.39284],[127.03947,37.39284],[127.03949,37.39284],[127.0395,37.39284],[127.03952,37.39285],[127.03953,37.39285],[127.03955,37.39285],[127.03956,37.39286],[127.03958,37.39286],[127.03959,37.39287],[127.04002,37.39293],[127.0398,37.39299],[127.0394,37.39307],[127.03938,37.39307],[127.03936,37.39307],[127.03935,37.39307],[127.03933,37.39307],[127.03932,37.39308],[127.0393,37.39308],[127.03892,37.39311],[127.03824,37.39319],[127.03818,37.39319],[127.03815,37.39318],[127.03813,37.39318],[127.03812,37.39318],[127.0381,37.39318],[127.03809,37.39318],[127.03807,37.39318],[127.03805,37.39317],[127.03802,37.39317],[127.03794,37.39316],[127.03791,37.39315],[127.0379,37.39315],[127.03788,37.39314],[127.03787,37.39314],[127.03785,37.39314],[127.03784,37.39314],[127.03782,37.39314],[127.03781,37.39314],[127.03779,37.39315],[127.03777,37.39315],[127.0376,37.39325],[127.03854,37.39377],[127.03857,37.39378],[127.03858,37.39379],[127.0386,37.39379],[127.03861,37.3938],[127.03863,37.39381],[127.03864,37.39382],[127.03865,37.39382],[127.03866,37.39383],[127.03867,37.39384],[127.03869,37.39385],[127.0387,37.39386],[127.03872,37.39388],[127.03897,37.39398],[127.03932,37.39436],[127.03936,37.39444],[127.0394,37.39444],[127.03942,37.39444],[127.03943,37.39445],[127.03945,37.39445],[127.03946,37.39445],[127.03947,37.39446],[127.03949,37.39446],[127.0395,37.39447],[127.03951,37.39447],[127.03951,37.39448],[127.03952,37.39449],[127.03952,37.3945],[127.03953,37.39451],[127.03953,37.39453],[127.03953,37.39454],[127.03953,37.39457],[127.03954,37.39467],[127.03954,37.39474],[127.03956,37.39498],[127.03956,37.39502],[127.03956,37.39505],[127.03956,37.39506],[127.03956,37.39507],[127.03956,37.39509],[127.0396,37.3951],[127.03959,37.39514],[127.03958,37.3952],[127.03957,37.39533],[127.03956,37.39536],[127.03956,37.39537],[127.03956,37.39538],[127.03956,37.3954],[127.03956,37.39541],[127.03957,37.39542],[127.03957,37.39543],[127.03958,37.39544],[127.03959,37.39544],[127.03961,37.39545],[127.03962,37.39545],[127.03964,37.39545],[127.03965,37.39546],[127.03967,37.39546],[127.0397,37.39547],[127.03982,37.39549],[127.0399,37.3955],[127.04017,37.39555],[127.04035,37.39558],[127.04038,37.39559],[127.0404,37.39559],[127.04042,37.3956],[127.04043,37.3956],[127.04045,37.39561],[127.04046,37.39561],[127.04048,37.39562],[127.04049,37.39562],[127.0405,37.39563],[127.04051,37.39564],[127.04053,37.39564],[127.04055,37.39566],[127.04056,37.39567],[127.04058,37.39568],[127.04059,37.39569],[127.0406,37.39569],[127.04061,37.3957],[127.04062,37.39571],[127.04062,37.39572],[127.04063,37.39574],[127.04064,37.39575],[127.04064,37.39576],[127.04065,37.39577],[127.04065,37.39579],[127.04066,37.39581],[127.04071,37.39594],[127.04079,37.3961],[127.0408,37.39613],[127.04081,37.39616],[127.04081,37.39617],[127.04082,37.39618],[127.04083,37.39619],[127.04084,37.3962],[127.04084,37.39622],[127.04085,37.39623],[127.04086,37.39624],[127.04088,37.39626],[127.0409,37.39628],[127.04099,37.39639],[127.04103,37.39644],[127.04105,37.39646],[127.04106,37.39647],[127.04106,37.39648],[127.04107,37.3965],[127.04108,37.39651],[127.04108,37.39652],[127.04118,37.39694],[127.04119,37.39696],[127.0412,37.39697],[127.0412,37.39699],[127.04121,37.397],[127.04122,37.39701],[127.04122,37.39702],[127.04123,37.39702],[127.04124,37.39703],[127.04125,37.39703],[127.04125,37.39703],[127.04126,37.39702],[127.04127,37.39702],[127.04127,37.39701],[127.04128,37.397],[127.04129,37.39697],[127.0413,37.39696],[127.0413,37.39695],[127.04131,37.39694],[127.04131,37.39694],[127.04132,37.39694],[127.04132,37.39695],[127.04133,37.39695],[127.04133,37.39696],[127.04134,37.39697],[127.04134,37.39698],[127.04135,37.39701],[127.04136,37.39703],[127.04137,37.39705],[127.04137,37.39706],[127.04137,37.39707],[127.04138,37.39708],[127.04138,37.3971],[127.04138,37.39711],[127.04138,37.39712],[127.04138,37.39713],[127.04137,37.39714],[127.04136,37.39716],[127.04136,37.39717],[127.04135,37.39718],[127.04134,37.39719],[127.04132,37.39721],[127.04122,37.39734],[127.04111,37.39747],[127.03962,37.39929],[127.03951,37.39943],[127.03942,37.39954],[127.03939,37.39957],[127.03937,37.3996],[127.03936,37.39961],[127.03935,37.39962],[127.03934,37.39963],[127.03933,37.39964],[127.03932,37.39965],[127.0393,37.39966],[127.03929,37.39966],[127.03927,37.39968],[127.03922,37.39971],[127.0392,37.39972],[127.03919,37.39973],[127.03918,37.39974],[127.03917,37.39975],[127.03916,37.39975],[127.03915,37.39976],[127.03914,37.39977],[127.03914,37.39978],[127.03913,37.3998],[127.03913,37.39981],[127.03913,37.39982],[127.03913,37.39984],[127.03913,37.39985],[127.03913,37.39988],[127.03914,37.4],[127.03915,37.40002],[127.03915,37.40004],[127.03915,37.40005],[127.03915,37.40006],[127.03914,37.40007],[127.03914,37.40009],[127.03913,37.4001],[127.03913,37.40011],[127.03912,37.40011],[127.03911,37.40012],[127.0391,37.40013],[127.03907,37.40014],[127.03906,37.40015],[127.03905,37.40016],[127.03904,37.40017],[127.03903,37.40018],[127.03901,37.4002],[127.03898,37.40023],[127.03895,37.40026],[127.03892,37.40029],[127.0389,37.40031],[127.03889,37.40032],[127.03888,37.40033],[127.03888,37.40034],[127.03887,37.40036],[127.03885,37.40038],[127.03882,37.40044],[127.0388,37.40046],[127.03879,37.40048],[127.03879,37.40049],[127.03878,37.4005],[127.03877,37.40051],[127.03876,37.40052],[127.03875,37.40053],[127.03874,37.40053],[127.03872,37.40054],[127.03868,37.40055],[127.03867,37.40056],[127.03866,37.40057],[127.03865,37.40057],[127.03864,37.40058],[127.03864,37.40059],[127.03863,37.4006],[127.03863,37.40062],[127.03863,37.40063],[127.03863,37.40064],[127.03862,37.40066],[127.03862,37.40068],[127.03862,37.40079],[127.03861,37.40086],[127.03859,37.40109],[127.03859,37.40111],[127.03859,37.40113],[127.03859,37.40114],[127.03859,37.40115],[127.03859,37.40117],[127.0386,37.40118],[127.0386,37.40119],[127.0386,37.4012],[127.03861,37.40122],[127.03861,37.40124],[127.03862,37.40127],[127.03866,37.40138],[127.03867,37.40141],[127.03868,37.40143],[127.03869,37.40145],[127.03869,37.40146],[127.03869,37.40147],[127.03869,37.40148],[127.03869,37.40149],[127.03869,37.40151],[127.03868,37.40152],[127.03868,37.40153],[127.03867,37.40154],[127.03866,37.40155],[127.03865,37.40156],[127.03865,37.40157],[127.03864,37.40158],[127.03863,37.40159],[127.03862,37.4016],[127.03861,37.40161],[127.0386,37.40162],[127.03859,37.40163],[127.03857,37.40164],[127.03856,37.40164],[127.03855,37.40165],[127.03853,37.40165],[127.03849,37.40167],[127.03848,37.40168],[127.03846,37.40169],[127.03845,37.40169],[127.03844,37.4017],[127.03844,37.40171],[127.03843,37.40172],[127.03842,37.40175],[127.03841,37.40176],[127.0384,37.40177],[127.03839,37.40178],[127.03838,37.40179],[127.03837,37.4018],[127.03837,37.4018],[127.03836,37.4018],[127.03837,37.4018],[127.0384,37.40181],[127.03844,37.40181],[127.03846,37.40181],[127.03848,37.4018],[127.0385,37.4018],[127.03852,37.4018],[127.03853,37.4018],[127.03855,37.40179],[127.03856,37.40179],[127.03857,37.40178],[127.03859,37.40178],[127.0386,37.40177],[127.03864,37.40175],[127.03873,37.4017],[127.03875,37.40169],[127.03877,37.40168],[127.03878,37.40167],[127.0388,37.40167],[127.03881,37.40166],[127.03882,37.40166],[127.03884,37.40165],[127.03885,37.40165],[127.03887,37.40165],[127.03888,37.40165],[127.03889,37.40166],[127.0389,37.40166],[127.03892,37.40167],[127.03893,37.40167],[127.03894,37.40168],[127.03895,37.40169],[127.03896,37.4017],[127.03897,37.40171],[127.03898,37.40172],[127.03899,37.40173],[127.03901,37.40175],[127.03904,37.40178],[127.0391,37.40188],[127.03912,37.4019],[127.03914,37.40192],[127.03915,37.40193],[127.03916,37.40194],[127.03917,37.40195],[127.03918,37.40196],[127.03919,37.40197],[127.0392,37.40198],[127.03922,37.40198],[127.03923,37.40199],[127.03926,37.402],[127.03929,37.40201],[127.03938,37.40204],[127.03947,37.40208],[127.0395,37.40209],[127.03952,37.40209],[127.03953,37.4021],[127.03955,37.4021],[127.03956,37.40211],[127.03958,37.40211],[127.03959,37.40211],[127.03961,37.40211],[127.03963,37.40211],[127.03964,37.40211],[127.03966,37.40211],[127.03967,37.40211],[127.03969,37.40211],[127.0397,37.4021],[127.03972,37.4021],[127.03973,37.4021],[127.03975,37.40209],[127.03976,37.40209],[127.03977,37.40208],[127.03978,37.40208],[127.0398,37.40207],[127.03981,37.40206],[127.03982,37.40205],[127.03986,37.40201],[127.03986,37.402],[127.03987,37.40199],[127.03988,37.40199],[127.0399,37.40198],[127.03991,37.40197],[127.03992,37.40197],[127.03994,37.40197],[127.03995,37.40197],[127.03997,37.40197],[127.03998,37.40197],[127.04001,37.40197],[127.04003,37.40197],[127.04004,37.40197],[127.04005,37.40197],[127.04006,37.40197],[127.04007,37.40197],[127.04007,37.40196],[127.04008,37.40196],[127.04008,37.40195],[127.04008,37.40194],[127.04007,37.40192],[127.04007,37.4019],[127.04007,37.40189],[127.04007,37.40188],[127.04008,37.40187],[127.04008,37.40186],[127.04008,37.40185],[127.04009,37.40183],[127.04009,37.40182],[127.0401,37.40181],[127.0401,37.4018],[127.04011,37.4018],[127.04012,37.40179],[127.04012,37.40179],[127.04013,37.40179],[127.04014,37.40179],[127.04015,37.4018],[127.04015,37.40181],[127.04016,37.40182],[127.04018,37.40184],[127.04023,37.4019],[127.04025,37.40193],[127.04026,37.40194],[127.04027,37.40195],[127.04028,37.40196],[127.04029,37.40197],[127.0403,37.40198],[127.04031,37.40199],[127.04032,37.402],[127.04036,37.40202],[127.04055,37.40215],[127.04058,37.40217],[127.0406,37.40219],[127.04063,37.4022],[127.04064,37.40221],[127.04066,37.40222],[127.04067,37.40222],[127.04069,37.40223],[127.04072,37.40224],[127.04075,37.40225],[127.04078,37.40226],[127.04098,37.40233],[127.04103,37.40235],[127.04107,37.40236],[127.04108,37.40237],[127.04109,37.40237],[127.04111,37.40238],[127.04112,37.40239],[127.04114,37.4024],[127.04115,37.4024],[127.04116,37.40241],[127.04119,37.40243],[127.04125,37.40246],[127.04148,37.4026],[127.04152,37.40263],[127.04155,37.40264],[127.04157,37.40265],[127.04158,37.40266],[127.04159,37.40266],[127.04161,37.40267],[127.04162,37.40268],[127.04164,37.40268],[127.04165,37.40268],[127.04167,37.40269],[127.04173,37.4027],[127.04175,37.4027],[127.04176,37.40271],[127.04178,37.40271],[127.04179,37.40272],[127.04181,37.40272],[127.04182,37.40273],[127.04183,37.40274],[127.04184,37.40275],[127.04185,37.40276],[127.04187,37.40277],[127.04188,37.40278],[127.0419,37.40281],[127.04201,37.40293],[127.04206,37.40298],[127.04208,37.403],[127.0421,37.40302],[127.04211,37.40302],[127.04212,37.40304],[127.04213,37.40304],[127.04214,37.40305],[127.04215,37.40306],[127.04218,37.40308],[127.04221,37.4031],[127.04227,37.40314],[127.0423,37.40316],[127.04233,37.40318],[127.04236,37.40319],[127.0424,37.40322],[127.04243,37.40323],[127.04244,37.40324],[127.04246,37.40324],[127.04247,37.40325],[127.04249,37.40326],[127.0425,37.40326],[127.04252,37.40327],[127.04253,37.40327],[127.04255,37.40327],[127.04257,37.40328],[127.04258,37.40328],[127.04265,37.40329],[127.04266,37.40329],[127.04268,37.40329],[127.04269,37.4033],[127.04271,37.4033],[127.04272,37.40331],[127.04274,37.40331],[127.04275,37.40332],[127.04276,37.40333],[127.04278,37.40333],[127.0428,37.40335],[127.04284,37.40338],[127.04306,37.40352],[127.04308,37.40354],[127.04311,37.40356],[127.04312,37.40357],[127.04314,37.40357],[127.04315,37.40358],[127.04316,37.40359],[127.04318,37.40359],[127.04319,37.4036],[127.04321,37.4036],[127.04322,37.4036],[127.04324,37.40361],[127.04325,37.40361],[127.04327,37.40361],[127.04328,37.40362],[127.0433,37.40362],[127.04331,37.40362],[127.04332,37.40362],[127.04333,37.40361],[127.04334,37.40361],[127.04335,37.40361],[127.04337,37.4036],[127.04338,37.40359],[127.0434,37.40359],[127.04341,37.40358],[127.04343,37.40358],[127.04344,37.40357],[127.04346,37.40357],[127.04347,37.40357],[127.04349,37.40357],[127.0435,37.40357],[127.04352,37.40357],[127.04353,37.40357],[127.04355,37.40357],[127.04356,37.40358],[127.04358,37.40358],[127.04359,37.40359],[127.0436,37.4036],[127.04361,37.40361],[127.04361,37.40362],[127.04362,37.40363],[127.04362,37.40364],[127.04362,37.40366],[127.04363,37.40367],[127.04363,37.40369],[127.04366,37.40385],[127.04367,37.40389],[127.04367,37.40392],[127.04368,37.40394],[127.04368,37.40396],[127.04368,37.40397],[127.04369,37.40398],[127.04369,37.40399],[127.0437,37.404],[127.04371,37.40401],[127.04371,37.40402],[127.04372,37.40404],[127.04373,37.40405],[127.04376,37.40407],[127.04378,37.4041],[127.04382,37.40413],[127.04382,37.40414],[127.04372,37.40424],[127.04372,37.40424],[127.04373,37.40427],[127.04373,37.40429],[127.04374,37.4043],[127.04374,37.40432],[127.04374,37.40434],[127.04374,37.40435],[127.04374,37.40436],[127.04374,37.40438],[127.04373,37.40439],[127.04372,37.4044],[127.04372,37.40441],[127.0437,37.40443],[127.04367,37.40446],[127.0436,37.40455],[127.04357,37.40458],[127.04355,37.4046],[127.04354,37.40461],[127.04353,37.40462],[127.04352,37.40463],[127.04351,37.40464],[127.04349,37.40465],[127.04347,37.40467],[127.04344,37.40468],[127.04342,37.4047],[127.04326,37.40481],[127.04305,37.40494],[127.04304,37.40496],[127.04303,37.40497],[127.04302,37.40498],[127.04301,37.40499],[127.043,37.40501],[127.04299,37.40502],[127.04299,37.40504],[127.04298,37.40505],[127.04298,37.40507],[127.04298,37.40508],[127.04298,37.40509],[127.04297,37.40513],[127.04297,37.40528],[127.04296,37.40544],[127.04296,37.40548],[127.04296,37.4055],[127.04296,37.40552],[127.04296,37.40553],[127.04296,37.40554],[127.04296,37.40556],[127.04296,37.40557],[127.04297,37.40558],[127.04299,37.40565],[127.04299,37.40566],[127.04299,37.40567],[127.04299,37.40568],[127.04299,37.40569],[127.04299,37.4057],[127.04299,37.40571],[127.04298,37.40571],[127.04297,37.40571],[127.04296,37.40571],[127.04294,37.40571],[127.04291,37.40571],[127.0429,37.40571],[127.04288,37.40571],[127.04286,37.40571],[127.04285,37.40571],[127.04284,37.40572],[127.04283,37.40572],[127.04282,37.40573],[127.0428,37.40574],[127.04279,37.40575],[127.04278,37.40576],[127.04278,37.40577],[127.04277,37.40578],[127.04276,37.40579],[127.04276,37.4058],[127.04275,37.40581],[127.04275,37.40583],[127.04274,37.40584],[127.04274,37.40587],[127.04273,37.40589],[127.04272,37.40599],[127.04271,37.40603],[127.0427,37.40605],[127.0427,37.40607],[127.0427,37.40608],[127.04269,37.40609],[127.04269,37.4061],[127.04268,37.40611],[127.04267,37.40612],[127.04265,37.40614],[127.04264,37.40615],[127.04264,37.40616],[127.04263,37.40617],[127.04263,37.40618],[127.04262,37.40619],[127.04262,37.40621],[127.04262,37.40622],[127.04262,37.40624],[127.04261,37.40628],[127.04261,37.40639],[127.04261,37.40642],[127.04261,37.40643],[127.0426,37.40644],[127.0426,37.40646],[127.0426,37.40647],[127.0426,37.40648],[127.04259,37.40649],[127.04259,37.4065],[127.04258,37.40652],[127.04257,37.40653],[127.04256,37.40654],[127.04255,37.40656],[127.04249,37.40663],[127.04248,37.40665],[127.04247,37.40666],[127.04246,37.40667],[127.04246,37.40668],[127.04245,37.40669],[127.04245,37.40671],[127.04244,37.40672],[127.04244,37.40673],[127.04244,37.40675],[127.04244,37.40676],[127.04244,37.40677],[127.04244,37.4068],[127.04245,37.40693],[127.04245,37.40698],[127.04245,37.40701],[127.04245,37.40702],[127.04245,37.40704],[127.04245,37.40705],[127.04244,37.40707],[127.04244,37.40708],[127.04244,37.40709],[127.04243,37.4071],[127.04243,37.40713],[127.04242,37.40717],[127.04238,37.40727],[127.04234,37.40741],[127.04233,37.40744],[127.04233,37.40745],[127.04232,37.40747],[127.04232,37.40748],[127.04232,37.40749],[127.04232,37.4075],[127.04232,37.40751],[127.04232,37.40753],[127.04233,37.40754],[127.04233,37.40755],[127.04234,37.40756],[127.04235,37.40757],[127.04236,37.40758],[127.04237,37.40759],[127.04238,37.4076],[127.0424,37.40762],[127.04248,37.40769],[127.04259,37.40778],[127.04261,37.4078],[127.04263,37.40781],[127.04264,37.40782],[127.04265,37.40783],[127.04266,37.40784],[127.04267,37.40784],[127.04268,37.40785],[127.04269,37.40785],[127.0427,37.40785],[127.04271,37.40784],[127.04271,37.40784],[127.04272,37.40783],[127.04272,37.40783],[127.04272,37.40784],[127.04271,37.40785],[127.04268,37.40792],[127.04266,37.40794],[127.04265,37.40796],[127.04265,37.40798],[127.04264,37.40799],[127.04264,37.408],[127.04264,37.40801],[127.04264,37.40803],[127.04264,37.40804],[127.04264,37.40805],[127.04264,37.40806],[127.04265,37.40807],[127.04266,37.40808],[127.04266,37.4081],[127.04268,37.40812],[127.0427,37.40815],[127.04272,37.40818],[127.04273,37.4082],[127.04274,37.40821],[127.04275,37.40822],[127.04276,37.40823],[127.04277,37.40824],[127.04278,37.40825],[127.04279,37.40826],[127.04282,37.40828],[127.04284,37.40829],[127.04289,37.40833],[127.04293,37.40835],[127.04296,37.40837],[127.04297,37.40837],[127.04298,37.40838],[127.043,37.40839],[127.04301,37.40839],[127.04302,37.4084],[127.04304,37.4084],[127.04305,37.4084],[127.04307,37.40841],[127.0431,37.40841],[127.04312,37.40841],[127.04313,37.40841],[127.04315,37.40842],[127.04316,37.40842],[127.04318,37.40843],[127.04319,37.40843],[127.0432,37.40844],[127.04321,37.40845],[127.04323,37.40846],[127.04325,37.40848],[127.04327,37.40849],[127.04331,37.40852],[127.04333,37.40854],[127.04334,37.40855],[127.04335,37.40856],[127.04336,37.40857],[127.04337,37.40858],[127.04338,37.40859],[127.0434,37.40861],[127.04342,37.40863],[127.04346,37.40869],[127.04348,37.40871],[127.04349,37.40872],[127.0435,37.40873],[127.04351,37.40874],[127.04352,37.40875],[127.04353,37.40876],[127.04354,37.40877],[127.04356,37.40877],[127.04357,37.40878],[127.04358,37.40879],[127.04364,37.40882],[127.04365,37.40883],[127.04367,37.40884],[127.04368,37.40884],[127.04369,37.40885],[127.0437,37.40886],[127.04371,37.40887],[127.04372,37.40888],[127.04373,37.4089],[127.04374,37.40891],[127.04375,37.40891],[127.04376,37.40892],[127.04377,37.40893],[127.04379,37.40894],[127.0438,37.40894],[127.04381,37.40895],[127.04383,37.40896],[127.04384,37.40896],[127.04387,37.40897],[127.04408,37.40904],[127.04434,37.40913],[127.0444,37.40915],[127.04443,37.40916],[127.04445,37.40916],[127.04446,37.40917],[127.04448,37.40917],[127.04449,37.40917],[127.04451,37.40917],[127.04453,37.40918],[127.04457,37.40918],[127.04459,37.40919],[127.0446,37.40919],[127.04462,37.40919],[127.04463,37.4092],[127.04465,37.4092],[127.04466,37.40921],[127.04467,37.40922],[127.04468,37.40922],[127.04469,37.40923],[127.04472,37.40925],[127.04475,37.40928],[127.04477,37.4093],[127.04479,37.40932],[127.04481,37.40933],[127.04481,37.40933],[127.04482,37.40935],[127.04483,37.40936],[127.04484,37.40937],[127.04485,37.40938],[127.04485,37.40939],[127.04486,37.4094],[127.04487,37.40943],[127.04492,37.40952],[127.04493,37.40955],[127.04495,37.40958],[127.04496,37.40959],[127.04496,37.4096],[127.04497,37.40962],[127.04498,37.40963],[127.04499,37.40964],[127.045,37.40965],[127.04502,37.40967],[127.04512,37.40979],[127.04515,37.40983],[127.04518,37.40985],[127.04519,37.40986],[127.0452,37.40987],[127.04521,37.40988],[127.04522,37.40989],[127.04523,37.4099],[127.04524,37.40991],[127.04526,37.40991],[127.04527,37.40992],[127.0453,37.40994],[127.04535,37.40996],[127.04556,37.41007],[127.04559,37.41009],[127.04562,37.4101],[127.04565,37.41012],[127.04566,37.41013],[127.04567,37.41013],[127.04568,37.41014],[127.04569,37.41015],[127.0457,37.41016],[127.04571,37.41017],[127.04573,37.41019],[127.04576,37.41023],[127.04586,37.41035],[127.04587,37.41037],[127.04588,37.41038],[127.04589,37.41039],[127.0459,37.4104],[127.04591,37.41041],[127.04592,37.41042],[127.04593,37.41043],[127.04595,37.41043],[127.04596,37.41044],[127.04597,37.41044],[127.04599,37.41044],[127.046,37.41045],[127.04602,37.41045],[127.04604,37.41045],[127.04612,37.41044],[127.04614,37.41044],[127.04615,37.41044],[127.04617,37.41044],[127.04618,37.41045],[127.0462,37.41045],[127.04621,37.41045],[127.04623,37.41046],[127.04624,37.41046],[127.04625,37.41047],[127.04626,37.41048],[127.04627,37.41049],[127.04629,37.4105],[127.04631,37.41052],[127.04635,37.41055],[127.04637,37.41057],[127.04638,37.41058],[127.04639,37.41058],[127.0464,37.41059],[127.04642,37.4106],[127.04643,37.41061],[127.04644,37.41061],[127.04646,37.41062],[127.04647,37.41063],[127.0465,37.41064],[127.04657,37.41067],[127.0466,37.41068],[127.04661,37.41069],[127.04663,37.4107],[127.04664,37.4107],[127.04665,37.41071],[127.04666,37.41072],[127.04667,37.41073],[127.04668,37.41074],[127.04669,37.41075],[127.0467,37.41076],[127.04671,37.41078],[127.04675,37.41084],[127.04677,37.41086],[127.04679,37.41089],[127.0468,37.4109],[127.04681,37.41091],[127.04681,37.41092],[127.04682,37.41093],[127.04684,37.41093],[127.04685,37.41095],[127.04686,37.41096],[127.04687,37.41096],[127.04688,37.41097],[127.04689,37.41098],[127.04689,37.41099],[127.0469,37.41101],[127.0469,37.41102],[127.0469,37.41103],[127.04691,37.41106],[127.04691,37.41108],[127.04692,37.41122],[127.04694,37.41134],[127.04694,37.41136],[127.04694,37.41139],[127.04694,37.4114],[127.04694,37.41141],[127.04694,37.41143],[127.04694,37.41144],[127.04694,37.41145],[127.04693,37.41147],[127.04693,37.41148],[127.04692,37.41149],[127.04691,37.41152],[127.0469,37.41154],[127.04684,37.4117],[127.04683,37.41174],[127.04682,37.41176],[127.04681,37.41177],[127.04681,37.41179],[127.04681,37.4118],[127.04681,37.41181],[127.0468,37.41183],[127.0468,37.41184],[127.04681,37.41185],[127.04681,37.41186],[127.04681,37.41188],[127.04681,37.4119],[127.04683,37.41199],[127.04683,37.41203],[127.04684,37.41206],[127.04684,37.41207],[127.04684,37.41208],[127.04684,37.41209],[127.04684,37.41211],[127.04683,37.41212],[127.04683,37.41213],[127.04683,37.41215],[127.04682,37.41218],[127.0468,37.41226],[127.0468,37.41228],[127.04679,37.4123],[127.04679,37.41231],[127.04679,37.41232],[127.04679,37.41233],[127.04679,37.41235],[127.04679,37.41236],[127.0468,37.41237],[127.0468,37.41238],[127.04681,37.4124],[127.04682,37.41242],[127.04686,37.41248],[127.04687,37.41251],[127.04688,37.41252],[127.04688,37.41253],[127.04689,37.41254],[127.04689,37.41256],[127.04689,37.41257],[127.04689,37.41258],[127.04689,37.41259],[127.04689,37.41261],[127.04689,37.41262],[127.04689,37.41264],[127.0469,37.41265],[127.0469,37.41266],[127.0469,37.41267],[127.04691,37.41268],[127.04692,37.41269],[127.04693,37.41271],[127.04694,37.41273],[127.04699,37.4128],[127.04701,37.41282],[127.04701,37.41284],[127.04702,37.41285],[127.04703,37.41286],[127.04703,37.41287],[127.04704,37.41288],[127.04704,37.4129],[127.04704,37.41291],[127.04704,37.41292],[127.04705,37.41293],[127.04705,37.41295],[127.04705,37.41296],[127.04705,37.41297],[127.04705,37.41299],[127.04705,37.413],[127.04705,37.41301],[127.04704,37.41302],[127.04704,37.41304],[127.04704,37.41305],[127.04703,37.41306],[127.04702,37.41309],[127.04701,37.41311],[127.04695,37.41324],[127.04692,37.4133],[127.04691,37.41334],[127.0469,37.41337],[127.04689,37.41338],[127.04689,37.41339],[127.04689,37.4134],[127.04689,37.41342],[127.04688,37.41343],[127.04688,37.41348],[127.04687,37.41349],[127.04687,37.41351],[127.04687,37.41352],[127.04687,37.41353],[127.04686,37.41354],[127.04685,37.41355],[127.04685,37.41356],[127.04684,37.41357],[127.04683,37.41358],[127.04681,37.41359],[127.0468,37.4136],[127.04679,37.41361],[127.04678,37.41362],[127.04678,37.41363],[127.04678,37.41365],[127.04678,37.41366],[127.04678,37.41368],[127.04679,37.41369],[127.04679,37.4137],[127.04679,37.41371],[127.04665,37.41371],[127.0466,37.41371],[127.04655,37.41371],[127.04653,37.41371],[127.04652,37.41372],[127.0465,37.41372],[127.04648,37.41372],[127.04647,37.41372],[127.04645,37.41372],[127.04644,37.41373],[127.0464,37.41374],[127.04639,37.41374],[127.04638,37.41374],[127.04637,37.41375],[127.04636,37.41374],[127.04636,37.41374],[127.04636,37.41373],[127.04636,37.41372],[127.04636,37.41371],[127.04635,37.41371],[127.04635,37.4137],[127.04634,37.4137],[127.04633,37.4137],[127.04632,37.4137],[127.04631,37.4137],[127.04629,37.4137],[127.04628,37.4137],[127.04626,37.41371],[127.04624,37.41371],[127.04621,37.41372],[127.04602,37.41376],[127.0458,37.41381],[127.04575,37.41382],[127.04572,37.41383],[127.0457,37.41383],[127.04567,37.41384],[127.04564,37.41385],[127.04561,37.41386],[127.04556,37.41388],[127.04555,37.41388],[127.04553,37.41389],[127.04551,37.41389],[127.0455,37.4139],[127.04549,37.41391],[127.04547,37.41392],[127.04546,37.41392],[127.04545,37.41393],[127.04544,37.41394],[127.04541,37.41396],[127.04537,37.414],[127.04522,37.41413],[127.0452,37.41415],[127.04517,37.41417],[127.04516,37.41418],[127.04515,37.41419],[127.04514,37.41419],[127.04512,37.4142],[127.04511,37.41421],[127.0451,37.41421],[127.04508,37.41421],[127.04506,37.41422],[127.04505,37.41422],[127.04503,37.41422],[127.04502,37.41422],[127.04497,37.41422],[127.0447,37.41423],[127.04467,37.41423],[127.04463,37.41423],[127.04462,37.41424],[127.0446,37.41424],[127.04459,37.41424],[127.04457,37.41424],[127.04456,37.41425],[127.04454,37.41425],[127.04453,37.41426],[127.04451,37.41427],[127.0445,37.41427],[127.04447,37.41429],[127.04443,37.41431],[127.0444,37.41432],[127.04439,37.41433],[127.04437,37.41434],[127.04436,37.41435],[127.04435,37.41436],[127.04432,37.41437],[127.04429,37.4144],[127.04396,37.41467],[127.04393,37.4147],[127.0439,37.41472],[127.04389,37.41473],[127.04388,37.41474],[127.04386,37.41475],[127.04385,37.41475],[127.04384,37.41476],[127.04382,37.41477],[127.04381,37.41478],[127.04378,37.41479],[127.04373,37.41482],[127.0436,37.41488],[127.04355,37.4149],[127.04354,37.41491],[127.04353,37.41492],[127.04351,37.41492],[127.0435,37.41493],[127.04349,37.41494],[127.04348,37.41495],[127.04347,37.41496],[127.04346,37.41497],[127.04345,37.41498],[127.04344,37.41499],[127.04343,37.41501],[127.04342,37.41503],[127.04336,37.41511],[127.04335,37.41513],[127.04333,37.41516],[127.04332,37.41517],[127.04331,37.41518],[127.0433,37.41519],[127.04329,37.4152],[127.04328,37.41521],[127.04327,37.41522],[127.04326,37.41523],[127.04324,37.41524],[127.04323,37.41524],[127.04322,37.41525],[127.04321,37.41526],[127.04319,37.41526],[127.04318,37.41527],[127.04317,37.41527],[127.04313,37.41528],[127.04312,37.41528],[127.04311,37.41528],[127.0431,37.41529],[127.04309,37.4153],[127.04308,37.41531],[127.04308,37.41532],[127.04307,37.41533],[127.04306,37.41534],[127.04304,37.41539],[127.04304,37.41541],[127.04303,37.41542],[127.04303,37.41543],[127.04302,37.41544],[127.04301,37.41545],[127.043,37.41546],[127.04299,37.41547],[127.04298,37.41548],[127.04296,37.41549],[127.04295,37.4155],[127.04294,37.4155],[127.04292,37.41551],[127.04291,37.41551],[127.04289,37.41551],[127.04288,37.41551],[127.04286,37.41551],[127.04285,37.41551],[127.04283,37.41551],[127.04282,37.4155],[127.0428,37.4155],[127.04273,37.41548],[127.0427,37.41547],[127.04268,37.41546],[127.04267,37.41546],[127.04265,37.41546],[127.04264,37.41546],[127.04262,37.41546],[127.0426,37.41545],[127.04259,37.41545],[127.04255,37.41545],[127.04251,37.41546],[127.04247,37.41546],[127.04246,37.41546],[127.04244,37.41546],[127.04243,37.41546],[127.04241,37.41546],[127.0424,37.41547],[127.04238,37.41547],[127.04237,37.41547],[127.04235,37.41548],[127.04232,37.41549],[127.04227,37.4155],[127.04207,37.41557],[127.04172,37.41569],[127.0418,37.41577],[127.04183,37.41581],[127.04185,37.41583],[127.04186,37.41584],[127.04187,37.41586],[127.04187,37.41587],[127.04188,37.41588],[127.04189,37.41589],[127.04189,37.4159],[127.0419,37.41592],[127.04191,37.41594],[127.04192,37.41598],[127.04193,37.416],[127.04193,37.41602],[127.04193,37.41603],[127.04194,37.41604],[127.04194,37.41605],[127.04194,37.41606],[127.04193,37.41608],[127.04193,37.41609],[127.04193,37.4161],[127.04192,37.41611],[127.04191,37.41612],[127.04191,37.41613],[127.04188,37.41618],[127.04187,37.4162],[127.04186,37.41621],[127.04186,37.41622],[127.04185,37.41623],[127.04185,37.41624],[127.04184,37.41626],[127.04184,37.41627],[127.04184,37.41628],[127.04184,37.41629],[127.04184,37.41633],[127.04184,37.41635],[127.04183,37.41636],[127.04183,37.41637],[127.04183,37.41638],[127.04182,37.4164],[127.04182,37.41641],[127.04181,37.41642],[127.04181,37.41643],[127.04179,37.41646],[127.04177,37.41649],[127.04171,37.41658],[127.0417,37.41661],[127.04169,37.41662],[127.04169,37.41663],[127.04168,37.41664],[127.04168,37.41666],[127.04167,37.41667],[127.04167,37.41668],[127.04167,37.41669],[127.04167,37.4167],[127.04167,37.41672],[127.04168,37.41673],[127.04168,37.41674],[127.04169,37.41675],[127.04169,37.41676],[127.0417,37.41677],[127.0417,37.41678],[127.04171,37.41679],[127.04171,37.4168],[127.04172,37.41681],[127.04173,37.41681],[127.04175,37.41682],[127.04176,37.41682],[127.04177,37.41683],[127.04177,37.41684],[127.04178,37.41685],[127.04178,37.41686],[127.04178,37.41687],[127.04177,37.41689],[127.04177,37.4169],[127.04176,37.41691],[127.04176,37.41691],[127.04175,37.41691],[127.04176,37.41692],[127.04176,37.41692],[127.04177,37.41693],[127.04177,37.41693],[127.04178,37.41694],[127.04179,37.41696],[127.04179,37.41698],[127.0418,37.41699],[127.0418,37.41701],[127.0418,37.41703],[127.0418,37.41704],[127.0418,37.41709],[127.04181,37.41715],[127.04181,37.41717],[127.04181,37.41719],[127.04181,37.4172],[127.04181,37.41721],[127.0418,37.41723],[127.0418,37.41724],[127.0418,37.41725],[127.04179,37.41727],[127.04179,37.41728],[127.04178,37.41732],[127.04177,37.41733],[127.04177,37.41734],[127.04177,37.41735],[127.04176,37.41736],[127.04177,37.41738],[127.04177,37.41739],[127.04178,37.41739],[127.04179,37.4174],[127.0418,37.41741],[127.04181,37.41742],[127.04182,37.41743],[127.04185,37.41745],[127.04187,37.41746],[127.04194,37.4175],[127.04196,37.41752],[127.04199,37.41754],[127.042,37.41755],[127.04201,37.41755],[127.04202,37.41756],[127.04203,37.41757],[127.04203,37.41758],[127.04203,37.41759],[127.04203,37.4176],[127.04203,37.41761],[127.04201,37.41763],[127.04201,37.41764],[127.042,37.41766],[127.042,37.41767],[127.042,37.41768],[127.042,37.41769],[127.042,37.4177],[127.04201,37.41773],[127.04201,37.41776],[127.04202,37.41782],[127.04203,37.41785],[127.04203,37.41786],[127.04203,37.41787],[127.04203,37.41788],[127.04203,37.4179],[127.04203,37.41791],[127.04203,37.41792],[127.04203,37.41794],[127.04202,37.41795],[127.04202,37.41796],[127.04201,37.41799],[127.042,37.41803],[127.04195,37.41822],[127.04193,37.41828],[127.04193,37.4183],[127.04192,37.41831],[127.04192,37.41833],[127.04192,37.41834],[127.04192,37.41835],[127.04192,37.41837],[127.04192,37.41838],[127.04192,37.41841],[127.04193,37.41845],[127.04193,37.41849],[127.04194,37.41851],[127.04194,37.41853],[127.04195,37.41854],[127.04195,37.41855],[127.04195,37.41856],[127.04196,37.41857],[127.04197,37.41859],[127.04198,37.4186],[127.04198,37.4186],[127.042,37.41861],[127.04202,37.41864],[127.04203,37.41865],[127.04205,37.41866],[127.04205,37.41867],[127.04206,37.41868],[127.04207,37.41869],[127.04208,37.41871],[127.04208,37.41872],[127.04209,37.41873],[127.0421,37.41875],[127.04213,37.4188],[127.04219,37.41894],[127.0422,37.41897],[127.04221,37.41898],[127.04222,37.41899],[127.04222,37.419],[127.04223,37.41902],[127.04224,37.41903],[127.04225,37.41904],[127.04226,37.41905],[127.04227,37.41906],[127.04228,37.41907],[127.04229,37.41908],[127.04232,37.41909],[127.04234,37.41911],[127.04237,37.41913],[127.04251,37.41922],[127.04254,37.41923],[127.04256,37.41925],[127.04257,37.41926],[127.04258,37.41927],[127.0426,37.41928],[127.0426,37.41929],[127.04261,37.4193],[127.04261,37.41931],[127.04262,37.41932],[127.04262,37.41933],[127.04262,37.41934],[127.04262,37.41936],[127.04262,37.41937],[127.04262,37.4194],[127.04262,37.41944],[127.04261,37.41946],[127.04261,37.41947],[127.04261,37.41949],[127.04261,37.4195],[127.04262,37.41951],[127.04262,37.41952],[127.04263,37.41954],[127.04263,37.41955],[127.04264,37.41956],[127.04266,37.41959],[127.04267,37.4196],[127.04268,37.41962],[127.04268,37.41963],[127.04269,37.41965],[127.04269,37.41967],[127.04268,37.41968],[127.04268,37.41969],[127.04268,37.4197],[127.04268,37.41971],[127.04268,37.41971],[127.04263,37.41971],[127.04261,37.41971],[127.0426,37.41971],[127.04259,37.41972],[127.04259,37.41972],[127.04258,37.41972],[127.04257,37.41972],[127.04257,37.41973],[127.04256,37.41973],[127.04256,37.41973],[127.04255,37.41974],[127.04241,37.41986],[127.04241,37.41987],[127.04241,37.41987],[127.04241,37.41989],[127.04241,37.4199],[127.0424,37.41992],[127.0424,37.41994],[127.04239,37.41995],[127.04239,37.41996],[127.04238,37.41998],[127.04237,37.41999],[127.04236,37.42],[127.04233,37.42003],[127.04231,37.42005],[127.0423,37.42006],[127.04229,37.42007],[127.04229,37.42008],[127.04228,37.4201],[127.04227,37.42011],[127.04227,37.42012],[127.04227,37.42013],[127.04226,37.42014],[127.04225,37.42017],[127.04225,37.42021],[127.04223,37.42032],[127.04222,37.42037],[127.04221,37.42038],[127.04221,37.42039],[127.04221,37.42041],[127.0422,37.42043],[127.04219,37.42044],[127.04219,37.42046],[127.04218,37.42047],[127.04217,37.42048],[127.04216,37.42049],[127.04215,37.4205],[127.04215,37.4205],[127.04215,37.4205],[127.04215,37.4205],[127.04213,37.42052],[127.04212,37.42052],[127.04211,37.42054],[127.04209,37.42055],[127.04208,37.42056],[127.04207,37.42057],[127.04206,37.42059],[127.04205,37.4206],[127.04205,37.42061],[127.04204,37.42063],[127.04204,37.42064],[127.04204,37.42065],[127.04204,37.42066],[127.04204,37.42068],[127.04204,37.42069],[127.04204,37.4207],[127.04204,37.42071],[127.04205,37.42072],[127.04205,37.42074],[127.04206,37.42074],[127.04207,37.42075],[127.04208,37.42077],[127.04209,37.42077],[127.04211,37.42079],[127.04214,37.42081],[127.0422,37.42086],[127.04222,37.42088],[127.04223,37.42089],[127.04224,37.4209],[127.04225,37.42091],[127.04226,37.42092],[127.04227,37.42093],[127.04227,37.42094],[127.04228,37.42095],[127.04228,37.42096],[127.04228,37.42097],[127.04227,37.42098],[127.04227,37.42099],[127.04227,37.421],[127.04226,37.42101],[127.04226,37.42103],[127.04225,37.42104],[127.04224,37.42105],[127.04224,37.42106],[127.04222,37.42106],[127.04221,37.42107],[127.0422,37.42108],[127.04218,37.4211],[127.04216,37.4211],[127.04215,37.42111],[127.04214,37.42112],[127.04214,37.42113],[127.04213,37.42114],[127.04213,37.42115],[127.04213,37.42116],[127.04213,37.42117],[127.04214,37.42118],[127.04215,37.4212],[127.04215,37.42121],[127.04215,37.42122],[127.04215,37.42123],[127.04215,37.42124],[127.04215,37.42125],[127.04214,37.42126],[127.04213,37.42127],[127.04212,37.42128],[127.04211,37.42129],[127.04211,37.4213],[127.04208,37.42133],[127.04202,37.42138],[127.042,37.42141],[127.04198,37.42144],[127.04196,37.42146],[127.04195,37.42147],[127.04194,37.42148],[127.04193,37.42149],[127.04193,37.4215],[127.04192,37.42151],[127.04191,37.42152],[127.0419,37.42153],[127.0419,37.42153],[127.04189,37.42154],[127.04188,37.42154],[127.04186,37.42154],[127.04185,37.42155],[127.04184,37.42155],[127.04183,37.42156],[127.04182,37.42157],[127.04182,37.42158],[127.04181,37.42159],[127.04181,37.4216],[127.04181,37.42161],[127.0418,37.42162],[127.0418,37.42165],[127.04174,37.42189],[127.04172,37.42199],[127.04171,37.42203],[127.0417,37.42204],[127.0417,37.42206],[127.0417,37.42207],[127.04169,37.42208],[127.04169,37.42209],[127.04168,37.4221],[127.04167,37.42211],[127.04166,37.42212],[127.04165,37.42213],[127.04164,37.42214],[127.04163,37.42215],[127.04161,37.42216],[127.0416,37.42216],[127.04159,37.42217],[127.04157,37.42217],[127.04156,37.42217],[127.04152,37.42218],[127.0415,37.42218],[127.04149,37.42218],[127.04148,37.42218],[127.04147,37.42219],[127.04145,37.4222],[127.04144,37.4222],[127.04144,37.42221],[127.04143,37.42222],[127.0414,37.42225],[127.04139,37.42226],[127.04139,37.42227],[127.04138,37.42228],[127.04137,37.42228],[127.04135,37.42229],[127.04134,37.42229],[127.04133,37.42229],[127.04131,37.42229],[127.0413,37.42229],[127.04129,37.42229],[127.04128,37.42229],[127.04127,37.4223],[127.04126,37.42231],[127.04125,37.42232],[127.04125,37.42233],[127.04124,37.42234],[127.04124,37.42235],[127.04122,37.42238],[127.04121,37.4224],[127.04117,37.42253],[127.04115,37.42258],[127.04114,37.4226],[127.04113,37.42262],[127.04112,37.42263],[127.04112,37.42264],[127.04111,37.42265],[127.0411,37.42266],[127.04109,37.42267],[127.04108,37.42267],[127.04107,37.42267],[127.04106,37.42268],[127.04105,37.42268],[127.04103,37.42269],[127.04102,37.42269],[127.04101,37.4227],[127.041,37.42271],[127.04099,37.42271],[127.04098,37.42272],[127.04097,37.42273],[127.04097,37.42274],[127.04096,37.42275],[127.04096,37.42276],[127.04096,37.42277],[127.04097,37.42278],[127.04097,37.42278],[127.04098,37.42279],[127.04099,37.4228],[127.04101,37.42281],[127.04102,37.42281],[127.04103,37.42282],[127.04106,37.42283],[127.04109,37.42285],[127.04112,37.42286],[127.04114,37.42286],[127.04116,37.42287],[127.04117,37.42287],[127.04119,37.42288],[127.0412,37.42288],[127.04122,37.42288],[127.04123,37.42288],[127.04125,37.42288],[127.04126,37.42288],[127.04127,37.42288],[127.04129,37.42287],[127.0413,37.42287],[127.04132,37.42287],[127.04133,37.42286],[127.04134,37.42285],[127.04135,37.42284],[127.04137,37.42283],[127.04138,37.42282],[127.0414,37.4228],[127.04141,37.42279],[127.04142,37.42278],[127.04144,37.42275],[127.04145,37.42275],[127.04187,37.42304]]]},"properties":{"name":"석운동 코스","difficulty":"고급","distance_km":8.38,"time_hr":2.5,"kind":"산림청 등산로(코스 추출)","desc":"들머리 → 청계산 정상","profile":[234,254,287,332,348,393,414,427,385,351,331,319,313,336,364,347,347,352,291,218,244,221,213,202,233,233,325,374,431,468,503,531,491,450,454,451,461,503,531,530,526,514,484,506,563,576,576,604],"min_elev":202,"max_elev":604,"ascent":808,"descent":438}},{"type":"Feature","geometry":{"type":"MultiLineString","coordinates":[[[127.00384,37.39558],[127.00421,37.39539],[127.00441,37.39529],[127.00445,37.39527],[127.00448,37.39525],[127.00449,37.39525],[127.00451,37.39524],[127.00452,37.39523],[127.00454,37.39523],[127.00455,37.39523],[127.00457,37.39522],[127.00458,37.39522],[127.0046,37.39521],[127.00463,37.39521],[127.00489,37.39515],[127.00492,37.39515],[127.00495,37.39514],[127.00496,37.39514],[127.00498,37.39514],[127.005,37.39513],[127.00501,37.39513],[127.00503,37.39513],[127.00505,37.39513],[127.00506,37.39513],[127.0051,37.39513],[127.00515,37.39513],[127.0052,37.39513],[127.00523,37.39514],[127.00526,37.39514],[127.00528,37.39514],[127.0053,37.39514],[127.00531,37.39514],[127.00533,37.39515],[127.00535,37.39515],[127.00536,37.39515],[127.00538,37.39516],[127.00539,37.39516],[127.00542,37.39517],[127.00566,37.39525],[127.0059,37.39533],[127.00595,37.39534],[127.00598,37.39536],[127.00599,37.39536],[127.00601,37.39537],[127.00602,37.39537],[127.00604,37.39538],[127.00605,37.39539],[127.00608,37.3954],[127.00612,37.39543],[127.00622,37.39548],[127.00634,37.39555],[127.00637,37.39557],[127.00638,37.39558],[127.00639,37.39558],[127.00641,37.39559],[127.00642,37.3956],[127.00644,37.3956],[127.00645,37.39561],[127.00647,37.39561],[127.00648,37.39561],[127.00649,37.39561],[127.00651,37.39561],[127.00652,37.39561],[127.00654,37.3956],[127.00657,37.3956],[127.00663,37.39558],[127.00665,37.39558],[127.00666,37.39558],[127.00668,37.39558],[127.0067,37.39558],[127.00671,37.39558],[127.00673,37.39558],[127.00674,37.39558],[127.00676,37.39558],[127.00677,37.39558],[127.00679,37.39559],[127.0068,37.39559],[127.00682,37.3956],[127.00683,37.3956],[127.00685,37.39561],[127.00686,37.39561],[127.00688,37.39562],[127.00689,37.39563],[127.0069,37.39563],[127.00691,37.39564],[127.00692,37.39565],[127.00694,37.39566],[127.00695,37.39567],[127.00697,37.39569],[127.00699,37.39572],[127.00701,37.39574],[127.00702,37.39576],[127.00703,37.39577],[127.00704,37.39578],[127.00705,37.39579],[127.00706,37.39581],[127.00706,37.39582],[127.00708,37.39584],[127.00709,37.39587],[127.00716,37.396],[127.00723,37.39614],[127.00725,37.39616],[127.00726,37.39619],[127.00727,37.39621],[127.00728,37.39622],[127.00728,37.39624],[127.00729,37.39625],[127.00729,37.39626],[127.0073,37.39628],[127.00731,37.39634],[127.00732,37.39636],[127.00732,37.39637],[127.00732,37.39638],[127.00733,37.3964],[127.00733,37.39641],[127.00734,37.39642],[127.00734,37.39643],[127.00735,37.39644],[127.00736,37.39645],[127.00737,37.39646],[127.00739,37.39646],[127.0074,37.39647],[127.00741,37.39648],[127.00745,37.3965],[127.00768,37.39662],[127.00772,37.39664],[127.00774,37.39666],[127.00776,37.39666],[127.00777,37.39667],[127.00778,37.39668],[127.00779,37.39669],[127.00781,37.3967],[127.00782,37.39671],[127.00783,37.39672],[127.00785,37.39674],[127.00786,37.39676],[127.00788,37.39678],[127.0079,37.39681],[127.00791,37.39682],[127.00792,37.39683],[127.00793,37.39684],[127.00793,37.39685],[127.00794,37.39686],[127.00795,37.39688],[127.00795,37.39689],[127.00795,37.3969],[127.00796,37.39693],[127.00797,37.39699],[127.00797,37.397],[127.00798,37.39701],[127.00798,37.39702],[127.00799,37.39704],[127.00799,37.39705],[127.008,37.39706],[127.00801,37.39707],[127.00802,37.39708],[127.00803,37.39708],[127.00804,37.39709],[127.00805,37.3971],[127.00807,37.39711],[127.00811,37.39713],[127.00823,37.3972],[127.0083,37.39724],[127.00834,37.39726],[127.00837,37.39728],[127.00838,37.39728],[127.00839,37.39729],[127.0084,37.3973],[127.00841,37.39731],[127.00844,37.39733],[127.00848,37.39736],[127.00859,37.39745],[127.00864,37.39749],[127.00866,37.39751],[127.00868,37.39753],[127.0087,37.39754],[127.00871,37.39755],[127.00872,37.39756],[127.00873,37.39757],[127.00875,37.39759],[127.00877,37.39762],[127.00885,37.39771],[127.00888,37.39774],[127.00889,37.39776],[127.00891,37.39779],[127.00892,37.3978],[127.00893,37.39781],[127.00893,37.39782],[127.00894,37.39783],[127.00894,37.39784],[127.00895,37.39786],[127.00896,37.39788],[127.00899,37.39797],[127.009,37.39799],[127.00901,37.398],[127.00902,37.39802],[127.00902,37.39803],[127.00903,37.39804],[127.00904,37.39805],[127.00905,37.39805],[127.00906,37.39806],[127.00908,37.39807],[127.00909,37.39807],[127.00911,37.39808],[127.00912,37.39809],[127.00917,37.3981],[127.00933,37.39815],[127.00944,37.39818],[127.00948,37.3982],[127.00951,37.39821],[127.00953,37.39821],[127.00955,37.39822],[127.00956,37.39822],[127.00957,37.39823],[127.00959,37.39824],[127.0096,37.39825],[127.00961,37.39826],[127.00962,37.39827],[127.00964,37.39827],[127.00966,37.39829],[127.00968,37.39831],[127.00978,37.39841],[127.0098,37.39843],[127.00982,37.39845],[127.00983,37.39846],[127.00984,37.39847],[127.00985,37.39847],[127.00987,37.39848],[127.00988,37.39849],[127.00989,37.39849],[127.00991,37.39849],[127.00992,37.39849],[127.00994,37.3985],[127.00996,37.3985],[127.00999,37.3985],[127.01002,37.39849],[127.01014,37.39849],[127.01018,37.39849],[127.01019,37.39849],[127.01021,37.39849],[127.01023,37.39848],[127.01024,37.39848],[127.01026,37.39848],[127.01027,37.39847],[127.01028,37.39846],[127.01029,37.39846],[127.0103,37.39845],[127.01032,37.39844],[127.01033,37.39843],[127.01035,37.39841],[127.01041,37.39835],[127.01045,37.39832],[127.01047,37.39831],[127.01048,37.3983],[127.01049,37.39829],[127.01051,37.39828],[127.01052,37.39827],[127.01053,37.39827],[127.01055,37.39826],[127.01056,37.39826],[127.01058,37.39825],[127.01059,37.39825],[127.01063,37.39824],[127.01066,37.39824],[127.01076,37.39822],[127.01081,37.39821],[127.01082,37.39821],[127.01084,37.3982],[127.01085,37.3982],[127.01087,37.39819],[127.01088,37.39819],[127.0109,37.39818],[127.01091,37.39817],[127.01092,37.39817],[127.01093,37.39816],[127.01094,37.39815],[127.01095,37.39814],[127.01096,37.39813],[127.01102,37.39807],[127.01103,37.39806],[127.01104,37.39805],[127.01105,37.39804],[127.01106,37.39803],[127.01108,37.39802],[127.01109,37.39802],[127.0111,37.39801],[127.01112,37.39801],[127.01113,37.398],[127.01115,37.398],[127.01116,37.398],[127.01119,37.398],[127.01124,37.398],[127.01127,37.398],[127.01131,37.398],[127.01132,37.398],[127.01134,37.398],[127.01135,37.398],[127.01137,37.398],[127.01138,37.398],[127.0114,37.39801],[127.01141,37.39802],[127.01143,37.39802],[127.01148,37.39805],[127.01149,37.39805],[127.01151,37.39806],[127.01152,37.39806],[127.01154,37.39807],[127.01155,37.39807],[127.01157,37.39807],[127.01159,37.39807],[127.0116,37.39808],[127.01162,37.39808],[127.01163,37.39808],[127.01165,37.39808],[127.01166,37.39808],[127.01167,37.39808],[127.01168,37.39808],[127.01169,37.39808],[127.0117,37.39808],[127.0117,37.39807],[127.0117,37.39807],[127.0117,37.39807],[127.0117,37.39807],[127.0117,37.39806],[127.01171,37.39806],[127.01171,37.39806],[127.01172,37.39806],[127.01173,37.39806],[127.01175,37.39806],[127.01176,37.39806],[127.01177,37.39807],[127.01179,37.39807],[127.0118,37.39807],[127.01181,37.39808],[127.01183,37.39808],[127.01184,37.39809],[127.01186,37.39809],[127.01187,37.3981],[127.01188,37.39811],[127.0119,37.39811],[127.01191,37.39812],[127.01192,37.39813],[127.01193,37.39814],[127.01194,37.39815],[127.01194,37.39816],[127.01195,37.39818],[127.01196,37.39819],[127.01197,37.39821],[127.01205,37.39836],[127.01207,37.39838],[127.01208,37.39841],[127.01209,37.39842],[127.0121,37.39843],[127.0121,37.39844],[127.01211,37.39845],[127.01212,37.39846],[127.01213,37.39847],[127.01215,37.39848],[127.01216,37.39849],[127.01217,37.39849],[127.01219,37.3985],[127.01221,37.39851],[127.01242,37.39861],[127.01271,37.39874],[127.01285,37.39881],[127.01291,37.39884],[127.01294,37.39885],[127.01295,37.39886],[127.01296,37.39887],[127.01298,37.39887],[127.013,37.39889],[127.01302,37.39891],[127.01307,37.39894],[127.01311,37.39897],[127.01313,37.39899],[127.01314,37.399],[127.01315,37.39901],[127.01316,37.39901],[127.01317,37.39903],[127.01318,37.39904],[127.01319,37.39905],[127.01319,37.39906],[127.0132,37.39907],[127.0132,37.39908],[127.01321,37.39911],[127.01323,37.39918],[127.01324,37.39921],[127.01324,37.39922],[127.01325,37.39923],[127.01325,37.39924],[127.01326,37.39925],[127.01327,37.39926],[127.01327,37.39928],[127.01328,37.39929],[127.01329,37.39931],[127.01335,37.39939],[127.01339,37.39945],[127.0134,37.39947],[127.01341,37.39948],[127.01342,37.3995],[127.01343,37.39951],[127.01344,37.39952],[127.01346,37.39954],[127.01349,37.39957],[127.01362,37.39971],[127.01364,37.39973],[127.01365,37.39974],[127.01366,37.39975],[127.01367,37.39976],[127.01368,37.39977],[127.01369,37.39977],[127.01371,37.39978],[127.01372,37.39979],[127.01373,37.39979],[127.01375,37.3998],[127.01378,37.39981],[127.01382,37.39983],[127.01406,37.3999],[127.0142,37.39995],[127.01423,37.39996],[127.01425,37.39996],[127.01426,37.39997],[127.01427,37.39997],[127.01429,37.39998],[127.0143,37.39999],[127.01431,37.4],[127.01432,37.4],[127.01432,37.40001],[127.01433,37.40002],[127.01433,37.40004],[127.01433,37.40005],[127.01433,37.40006],[127.01433,37.40007],[127.01433,37.40008],[127.01433,37.40011],[127.01432,37.40018],[127.01431,37.4002],[127.01431,37.40022],[127.01431,37.40023],[127.01431,37.40024],[127.01431,37.40025],[127.01431,37.40027],[127.01432,37.40028],[127.01432,37.40029],[127.01432,37.4003],[127.01433,37.40032],[127.01434,37.40033],[127.01435,37.40035],[127.01437,37.40039],[127.01439,37.40043],[127.01441,37.40045],[127.01442,37.40046],[127.01443,37.40047],[127.01444,37.40048],[127.01445,37.40049],[127.01446,37.4005],[127.01447,37.40051],[127.01448,37.40052],[127.01451,37.40055],[127.01462,37.40064],[127.01467,37.40067],[127.01469,37.40069],[127.01471,37.4007],[127.01472,37.40071],[127.01474,37.40073],[127.01476,37.40075],[127.01479,37.40079],[127.01503,37.40104],[127.01512,37.40113],[127.01521,37.40122],[127.01523,37.40124],[127.01524,37.40125],[127.01525,37.40126],[127.01526,37.40127],[127.01527,37.40128],[127.01528,37.40129],[127.0153,37.4013],[127.01531,37.4013],[127.01533,37.40131],[127.01534,37.40131],[127.01536,37.40131],[127.01537,37.40131],[127.01539,37.40131],[127.01541,37.40131],[127.01542,37.40131],[127.01544,37.40131],[127.01546,37.40131],[127.01547,37.40131],[127.01549,37.40131],[127.01551,37.40131],[127.01554,37.4013],[127.01574,37.40127],[127.01615,37.4012],[127.01638,37.40117],[127.01641,37.40116],[127.01643,37.40116],[127.01645,37.40116],[127.01646,37.40116],[127.01648,37.40116],[127.0165,37.40116],[127.01651,37.40116],[127.01653,37.40116],[127.01654,37.40116],[127.01657,37.40117],[127.01662,37.40118],[127.01665,37.40119],[127.01667,37.40119],[127.01668,37.40119],[127.0167,37.40119],[127.01671,37.4012],[127.01673,37.4012],[127.01674,37.4012],[127.01678,37.4012],[127.01684,37.40119],[127.01686,37.40119],[127.01687,37.40119],[127.01689,37.40119],[127.0169,37.4012],[127.01692,37.4012],[127.01694,37.4012],[127.01695,37.4012],[127.01697,37.40121],[127.017,37.40121],[127.01703,37.40122],[127.01716,37.40125],[127.01731,37.4013],[127.01735,37.4013],[127.01736,37.40131],[127.01738,37.40131],[127.01739,37.40131],[127.01741,37.40132],[127.01742,37.40132],[127.01744,37.40132],[127.01745,37.40131],[127.01746,37.40131],[127.01747,37.4013],[127.01748,37.40129],[127.01749,37.40128],[127.0175,37.40127],[127.0175,37.40126],[127.01754,37.40122],[127.01755,37.40121],[127.01756,37.4012],[127.01757,37.40119],[127.01757,37.40118],[127.01759,37.40117],[127.0176,37.40116],[127.01761,37.40116],[127.01762,37.40115],[127.01764,37.40115],[127.01765,37.40114],[127.01767,37.40114],[127.01768,37.40114],[127.0177,37.40113],[127.01771,37.40113],[127.01773,37.40113],[127.01774,37.40113],[127.01776,37.40113],[127.01777,37.40113],[127.01779,37.40113],[127.01784,37.40113],[127.01785,37.40113],[127.01787,37.40113],[127.01788,37.40113],[127.0179,37.40113],[127.01791,37.40113],[127.01793,37.40113],[127.01794,37.40112],[127.01796,37.40112],[127.01797,37.40111],[127.01799,37.4011],[127.01801,37.40109],[127.01804,37.40107],[127.0182,37.40099],[127.01843,37.40086],[127.01859,37.40077],[127.01861,37.40076],[127.01864,37.40074],[127.01865,37.40074],[127.01867,37.40073],[127.01869,37.40073],[127.0187,37.40072],[127.01872,37.40072],[127.01873,37.40071],[127.01875,37.40071],[127.01878,37.4007],[127.01883,37.40069],[127.01888,37.40068],[127.01891,37.40068],[127.01893,37.40067],[127.01894,37.40067],[127.01896,37.40067],[127.01898,37.40067],[127.01899,37.40067],[127.01901,37.40067],[127.01902,37.40067],[127.01904,37.40067],[127.01905,37.40068],[127.01907,37.40068],[127.0191,37.40069],[127.01913,37.40069],[127.01924,37.40072],[127.01927,37.40073],[127.01929,37.40073],[127.0193,37.40074],[127.01932,37.40074],[127.01933,37.40075],[127.01935,37.40075],[127.01936,37.40076],[127.01937,37.40077],[127.01939,37.40078],[127.0194,37.40079],[127.01941,37.4008],[127.01945,37.40082],[127.01952,37.40088],[127.01955,37.40091],[127.01957,37.40093],[127.01959,37.40094],[127.0196,37.40095],[127.01961,37.40096],[127.01962,37.40096],[127.01964,37.40097],[127.01965,37.40098],[127.01968,37.40099],[127.01972,37.40102],[127.02003,37.40115],[127.02015,37.40121],[127.02029,37.40127],[127.02032,37.40129],[127.02035,37.4013],[127.02036,37.40131],[127.02038,37.40131],[127.0204,37.40132],[127.02041,37.40132],[127.02043,37.40132],[127.02044,37.40133],[127.02047,37.40133],[127.0205,37.40134],[127.02053,37.40134],[127.02056,37.40134],[127.02058,37.40134],[127.0206,37.40134],[127.02061,37.40134],[127.02063,37.40134],[127.02065,37.40134],[127.0207,37.40134],[127.02076,37.40134],[127.02101,37.40132],[127.02106,37.40132],[127.0211,37.40132],[127.02111,37.40132],[127.02113,37.40132],[127.02115,37.40132],[127.02116,37.40132],[127.02118,37.40132],[127.02119,37.40133],[127.02121,37.40133],[127.02122,37.40133],[127.02124,37.40134],[127.02128,37.40135],[127.02143,37.4014],[127.02147,37.40141],[127.02148,37.40142],[127.0215,37.40142],[127.02151,37.40143],[127.02153,37.40143],[127.02154,37.40143],[127.02156,37.40143],[127.02157,37.40143],[127.02159,37.40143],[127.02163,37.40143],[127.02168,37.40143],[127.02181,37.40143],[127.02184,37.40143],[127.02188,37.40143],[127.02189,37.40142],[127.02191,37.40142],[127.02193,37.40142],[127.02194,37.40142],[127.02196,37.40141],[127.02197,37.4014],[127.02198,37.4014],[127.022,37.40139],[127.02201,37.40138],[127.02204,37.40136],[127.02215,37.40129],[127.02218,37.40127],[127.02219,37.40126],[127.0222,37.40126],[127.02221,37.40125],[127.02223,37.40124],[127.02224,37.40124],[127.02226,37.40123],[127.02227,37.40123],[127.02229,37.40122],[127.02231,37.40122],[127.02232,37.40122],[127.02235,37.40121],[127.02254,37.40118],[127.02275,37.40115],[127.02279,37.40115],[127.02282,37.40114],[127.02284,37.40114],[127.02287,37.40114],[127.02292,37.40113],[127.02325,37.40111],[127.0233,37.4011],[127.02334,37.4011],[127.02337,37.4011],[127.02339,37.4011],[127.02342,37.4011],[127.02347,37.4011],[127.02374,37.40111],[127.02397,37.40111],[127.02402,37.40111],[127.02405,37.40111],[127.02407,37.40111],[127.02409,37.40112],[127.0241,37.40112],[127.02412,37.40112],[127.02414,37.40112],[127.02415,37.40113],[127.02418,37.40113],[127.02421,37.40114],[127.02423,37.40115],[127.02424,37.40115],[127.02426,37.40116],[127.02428,37.40116],[127.02429,37.40117],[127.0243,37.40118],[127.02433,37.40119],[127.02436,37.40121],[127.02451,37.40129],[127.02466,37.40138],[127.02468,37.40139],[127.02469,37.4014],[127.02471,37.40141],[127.02472,37.40142],[127.02473,37.40143],[127.02474,37.40143],[127.02475,37.40145],[127.02476,37.40146],[127.02477,37.40147],[127.02478,37.40148],[127.02478,37.40149],[127.0248,37.40152],[127.02481,37.40154],[127.0249,37.40169],[127.02491,37.40171],[127.02492,37.40172],[127.02493,37.40173],[127.02494,37.40174],[127.02495,37.40176],[127.02495,37.40177],[127.02496,37.40178],[127.02498,37.40178],[127.02499,37.40179],[127.025,37.4018],[127.02502,37.40181],[127.02503,37.40181],[127.02505,37.40182],[127.02508,37.40183],[127.02519,37.40188],[127.02532,37.40193],[127.02535,37.40194],[127.02536,37.40195],[127.02537,37.40195],[127.02539,37.40196],[127.0254,37.40196],[127.02542,37.40197],[127.02543,37.40197],[127.02545,37.40197],[127.02546,37.40196],[127.02547,37.40196],[127.02548,37.40195],[127.0255,37.40194],[127.02551,37.40194],[127.02552,37.40193],[127.02553,37.40192],[127.02556,37.4019],[127.02565,37.40182],[127.02568,37.4018],[127.02569,37.40179],[127.0257,37.40178],[127.02571,37.40178],[127.02572,37.40177],[127.02574,37.40176],[127.02575,37.40176],[127.02577,37.40175],[127.02578,37.40175],[127.0258,37.40175],[127.02581,37.40175],[127.02583,37.40175],[127.02585,37.40175],[127.0259,37.40175],[127.02605,37.40175],[127.02635,37.40175],[127.02638,37.40175],[127.02642,37.40175],[127.02643,37.40175],[127.02645,37.40174],[127.02646,37.40174],[127.02648,37.40174],[127.0265,37.40174],[127.02651,37.40173],[127.02653,37.40173],[127.02654,37.40172],[127.02656,37.40172],[127.02663,37.40169],[127.02666,37.40168],[127.02668,37.40168],[127.02669,37.40167],[127.02671,37.40167],[127.02672,37.40167],[127.02674,37.40167],[127.02675,37.40167],[127.02677,37.40167],[127.02679,37.40167],[127.0268,37.40168],[127.02684,37.40169],[127.02686,37.40169],[127.02687,37.4017],[127.02689,37.4017],[127.0269,37.4017],[127.02692,37.4017],[127.02693,37.40169],[127.02695,37.40169],[127.02696,37.40168],[127.02697,37.40168],[127.02699,37.40167],[127.027,37.40166],[127.02703,37.40165],[127.02714,37.40159],[127.02718,37.40157],[127.02721,37.40155],[127.02722,37.40154],[127.02724,37.40154],[127.02725,37.40153],[127.02727,37.40153],[127.02728,37.40152],[127.0273,37.40152],[127.02733,37.40151],[127.02739,37.40149],[127.02756,37.40145],[127.02763,37.40143],[127.02767,37.40142],[127.0277,37.40141],[127.02772,37.4014],[127.02773,37.4014],[127.02775,37.40139],[127.02778,37.40138],[127.02782,37.40136],[127.02793,37.40131],[127.02817,37.40136],[127.02839,37.4014],[127.02842,37.40141],[127.02845,37.40141],[127.02847,37.40142],[127.02849,37.40142],[127.0285,37.40142],[127.02852,37.40142],[127.02853,37.40142],[127.02855,37.40142],[127.02858,37.40142],[127.02859,37.40142],[127.02861,37.40142],[127.02863,37.40142],[127.02864,37.40142],[127.02866,37.40141],[127.02867,37.40141],[127.02868,37.4014],[127.0287,37.4014],[127.02871,37.40139],[127.02872,37.40139],[127.02873,37.40138],[127.02875,37.40137],[127.0288,37.40134],[127.02882,37.40133],[127.02884,37.40132],[127.02885,37.40131],[127.02886,37.40131],[127.02888,37.4013],[127.0289,37.4013],[127.02891,37.40129],[127.02893,37.40129],[127.02896,37.40128],[127.029,37.40127],[127.02913,37.40124],[127.0292,37.40123],[127.02923,37.40122],[127.02924,37.40122],[127.02926,37.40122],[127.02928,37.40121],[127.02929,37.40121],[127.02931,37.40121],[127.02934,37.40121],[127.02938,37.40121],[127.02942,37.40121],[127.02957,37.40121],[127.02961,37.40121],[127.02962,37.40121],[127.02964,37.40121],[127.02965,37.40121],[127.02967,37.4012],[127.02969,37.4012],[127.0297,37.4012],[127.02971,37.40119],[127.02973,37.40119],[127.02974,37.40118],[127.02975,37.40117],[127.02977,37.40116],[127.02979,37.40115],[127.02984,37.40111],[127.02987,37.4011],[127.02988,37.40109],[127.02989,37.40108],[127.0299,37.40107],[127.02992,37.40107],[127.02993,37.40106],[127.02994,37.40106],[127.02996,37.40106],[127.02997,37.40105],[127.02999,37.40105],[127.03001,37.40106],[127.03002,37.40106],[127.03006,37.40106],[127.03009,37.40107],[127.03024,37.40109],[127.03037,37.4011],[127.03077,37.40115],[127.031,37.40118],[127.03105,37.40119],[127.03106,37.40119],[127.03108,37.40119],[127.0311,37.4012],[127.03111,37.4012],[127.03113,37.4012],[127.03114,37.40121],[127.03116,37.40122],[127.03117,37.40122],[127.03118,37.40123],[127.0312,37.40124],[127.03122,37.40125],[127.03129,37.40129],[127.03132,37.40131],[127.03134,37.40133],[127.03136,37.40133],[127.03137,37.40134],[127.03139,37.40135],[127.0314,37.40135],[127.03141,37.40136],[127.03143,37.40136],[127.03145,37.40136],[127.03146,37.40137],[127.03148,37.40137],[127.0315,37.40138],[127.03151,37.40138],[127.03153,37.40138],[127.03155,37.40138],[127.03156,37.40138],[127.03158,37.40139],[127.03159,37.40139],[127.03163,37.40139],[127.03168,37.40139],[127.03198,37.4014],[127.03202,37.4014],[127.03205,37.4014],[127.03206,37.4014],[127.03208,37.4014],[127.0321,37.4014],[127.03211,37.40141],[127.03213,37.40141],[127.03214,37.40142],[127.03216,37.40142],[127.03217,37.40143],[127.03218,37.40144],[127.03221,37.40145],[127.03238,37.40154],[127.03261,37.40165],[127.03263,37.40167],[127.03266,37.40168],[127.03269,37.4017],[127.03271,37.4017],[127.03272,37.40171],[127.03274,37.40171],[127.03275,37.40172],[127.03278,37.40173],[127.03285,37.40175],[127.03288,37.40176],[127.0329,37.40176],[127.03291,37.40177],[127.03293,37.40177],[127.03294,37.40178],[127.03295,37.40179],[127.03297,37.4018],[127.03298,37.40181],[127.03299,37.40181],[127.03302,37.40183],[127.03306,37.40187],[127.03314,37.40192],[127.03317,37.40195],[127.0332,37.40197],[127.03321,37.40198],[127.03322,37.40199],[127.03323,37.402],[127.03324,37.40201],[127.03324,37.40202],[127.03325,37.40203],[127.03327,37.40205],[127.03327,37.40206],[127.03328,37.40207],[127.03329,37.40208],[127.0333,37.40209],[127.03331,37.40209],[127.03332,37.40209],[127.03333,37.40209],[127.03335,37.40209],[127.03337,37.40209],[127.03338,37.40209],[127.0334,37.40208],[127.03343,37.40208],[127.03355,37.40206],[127.03361,37.40204],[127.03389,37.40199],[127.03397,37.40198],[127.034,37.40197],[127.03402,37.40197],[127.03403,37.40197],[127.03405,37.40196],[127.03407,37.40196],[127.03412,37.40196],[127.03417,37.40196],[127.03444,37.40194],[127.03466,37.40193],[127.03471,37.40192],[127.03474,37.40192],[127.03476,37.40192],[127.03477,37.40192],[127.03479,37.40191],[127.03481,37.40191],[127.03482,37.4019],[127.03484,37.4019],[127.03485,37.40189],[127.03491,37.40187],[127.03493,37.40187],[127.03494,37.40186],[127.03496,37.40186],[127.03497,37.40185],[127.03499,37.40185],[127.035,37.40185],[127.03502,37.40185],[127.03503,37.40185],[127.03504,37.40185],[127.03507,37.40186],[127.03508,37.40186],[127.0351,37.40186],[127.03511,37.40186],[127.03512,37.40185],[127.03513,37.40185],[127.03513,37.40184],[127.03514,37.40183],[127.03514,37.40182],[127.03515,37.40181],[127.03515,37.4018],[127.03516,37.40178],[127.03516,37.40176],[127.03518,37.40168],[127.03519,37.40161],[127.03528,37.40124],[127.0353,37.40116],[127.03532,37.40107],[127.03532,37.40104],[127.03533,37.40103],[127.03533,37.40102],[127.03533,37.401],[127.03534,37.40099],[127.03534,37.40098],[127.03535,37.40098],[127.03536,37.40097],[127.03537,37.40097],[127.03538,37.40097],[127.03539,37.40097],[127.03541,37.40097],[127.03542,37.40098],[127.03544,37.40098],[127.03545,37.40098],[127.03551,37.401],[127.03559,37.40103],[127.03562,37.40104],[127.03565,37.40105],[127.03566,37.40106],[127.03568,37.40107],[127.03569,37.40107],[127.0357,37.40108],[127.03572,37.40109],[127.03573,37.4011],[127.03574,37.40111],[127.03575,37.40112],[127.03576,37.40113],[127.03578,37.40116],[127.03579,37.40117],[127.0358,37.40118],[127.03581,37.40119],[127.03583,37.4012],[127.03584,37.40121],[127.03585,37.40122],[127.03587,37.40123],[127.03592,37.40127],[127.03601,37.40133],[127.03603,37.40134],[127.03605,37.40135],[127.03606,37.40136],[127.03607,37.40137],[127.03609,37.40138],[127.0361,37.40138],[127.03611,37.40138],[127.03613,37.40139],[127.03614,37.40139],[127.03616,37.40139],[127.03618,37.40139],[127.03619,37.40139],[127.03623,37.40139],[127.03626,37.40139],[127.03641,37.40138],[127.03646,37.40138],[127.0365,37.40138],[127.03651,37.40138],[127.03653,37.40138],[127.03655,37.40137],[127.03656,37.40137],[127.03658,37.40136],[127.03659,37.40136],[127.03661,37.40136],[127.03669,37.40133],[127.03672,37.40132],[127.03673,37.40131],[127.03675,37.40131],[127.03676,37.40131],[127.03678,37.4013],[127.0368,37.4013],[127.03681,37.4013],[127.03685,37.40129],[127.0369,37.40129],[127.03696,37.40128],[127.03701,37.40127],[127.03705,37.40127],[127.03708,37.40126],[127.0371,37.40126],[127.03711,37.40126],[127.03713,37.40126],[127.03715,37.40126],[127.03716,37.40126],[127.03718,37.40127],[127.03721,37.40127],[127.03722,37.40127],[127.03723,37.40127],[127.03725,37.40127],[127.03726,37.40127],[127.03728,37.40127],[127.03729,37.40127],[127.03731,37.40126],[127.03732,37.40126],[127.03733,37.40125],[127.03734,37.40124],[127.03735,37.40122],[127.03736,37.40121],[127.03737,37.4012],[127.03737,37.40118],[127.03738,37.40117],[127.03739,37.40114],[127.03739,37.40114],[127.03739,37.40114],[127.03743,37.40113],[127.03745,37.40113],[127.03747,37.40113],[127.03749,37.40113],[127.03751,37.40113],[127.03753,37.40113],[127.03754,37.40113],[127.03756,37.40114],[127.03757,37.40114],[127.03758,37.40115],[127.0376,37.40116],[127.03761,37.40116],[127.03762,37.40117],[127.03763,37.40118],[127.03764,37.40119],[127.03765,37.4012],[127.03766,37.40121],[127.03767,37.40122],[127.03768,37.40125],[127.0377,37.40127],[127.03777,37.40139],[127.03778,37.40142],[127.0378,37.40144],[127.03781,37.40145],[127.03782,37.40146],[127.03783,37.40147],[127.03784,37.40148],[127.03785,37.40149],[127.03786,37.4015],[127.03787,37.40151],[127.03788,37.40152],[127.03789,37.40153],[127.03791,37.40153],[127.03792,37.40154],[127.03794,37.40155],[127.03795,37.40155],[127.03796,37.40156],[127.03798,37.40156],[127.03799,37.40157],[127.03801,37.40158],[127.03802,37.40158],[127.03804,37.40158],[127.03807,37.40159],[127.03817,37.40161],[127.03818,37.40161],[127.0382,37.40161],[127.03821,37.40162],[127.03823,37.40162],[127.03824,37.40163],[127.03826,37.40163],[127.03827,37.40164],[127.03827,37.40165],[127.03828,37.40166],[127.03829,37.40167],[127.0383,37.40168],[127.03831,37.4017],[127.03833,37.40173],[127.03834,37.40176],[127.03836,37.40179],[127.03836,37.4018],[127.03836,37.4018],[127.03837,37.4018],[127.0384,37.40181],[127.03844,37.40181],[127.03846,37.40181],[127.03848,37.4018],[127.0385,37.4018],[127.03852,37.4018],[127.03853,37.4018],[127.03855,37.40179],[127.03856,37.40179],[127.03857,37.40178],[127.03859,37.40178],[127.0386,37.40177],[127.03864,37.40175],[127.03873,37.4017],[127.03875,37.40169],[127.03877,37.40168],[127.03878,37.40167],[127.0388,37.40167],[127.03881,37.40166],[127.03882,37.40166],[127.03884,37.40165],[127.03885,37.40165],[127.03887,37.40165],[127.03888,37.40165],[127.03889,37.40166],[127.0389,37.40166],[127.03892,37.40167],[127.03893,37.40167],[127.03894,37.40168],[127.03895,37.40169],[127.03896,37.4017],[127.03897,37.40171],[127.03898,37.40172],[127.03899,37.40173],[127.03901,37.40175],[127.03904,37.40178],[127.0391,37.40188],[127.03912,37.4019],[127.03914,37.40192],[127.03915,37.40193],[127.03916,37.40194],[127.03917,37.40195],[127.03918,37.40196],[127.03919,37.40197],[127.0392,37.40198],[127.03922,37.40198],[127.03923,37.40199],[127.03926,37.402],[127.03929,37.40201],[127.03938,37.40204],[127.03947,37.40208],[127.0395,37.40209],[127.03952,37.40209],[127.03953,37.4021],[127.03955,37.4021],[127.03956,37.40211],[127.03958,37.40211],[127.03959,37.40211],[127.03961,37.40211],[127.03963,37.40211],[127.03964,37.40211],[127.03966,37.40211],[127.03967,37.40211],[127.03969,37.40211],[127.0397,37.4021],[127.03972,37.4021],[127.03973,37.4021],[127.03975,37.40209],[127.03976,37.40209],[127.03977,37.40208],[127.03978,37.40208],[127.0398,37.40207],[127.03981,37.40206],[127.03982,37.40205],[127.03986,37.40201],[127.03986,37.402],[127.03987,37.40199],[127.03988,37.40199],[127.0399,37.40198],[127.03991,37.40197],[127.03992,37.40197],[127.03994,37.40197],[127.03995,37.40197],[127.03997,37.40197],[127.03998,37.40197],[127.04001,37.40197],[127.04003,37.40197],[127.04004,37.40197],[127.04005,37.40197],[127.04006,37.40197],[127.04007,37.40197],[127.04007,37.40196],[127.04008,37.40196],[127.04008,37.40195],[127.04008,37.40194],[127.04007,37.40192],[127.04007,37.4019],[127.04007,37.40189],[127.04007,37.40188],[127.04008,37.40187],[127.04008,37.40186],[127.04008,37.40185],[127.04009,37.40183],[127.04009,37.40182],[127.0401,37.40181],[127.0401,37.4018],[127.04011,37.4018],[127.04012,37.40179],[127.04012,37.40179],[127.04013,37.40179],[127.04014,37.40179],[127.04015,37.4018],[127.04015,37.40181],[127.04016,37.40182],[127.04018,37.40184],[127.04023,37.4019],[127.04025,37.40193],[127.04026,37.40194],[127.04027,37.40195],[127.04028,37.40196],[127.04029,37.40197],[127.0403,37.40198],[127.04031,37.40199],[127.04032,37.402],[127.04036,37.40202],[127.04055,37.40215],[127.04058,37.40217],[127.0406,37.40219],[127.04063,37.4022],[127.04064,37.40221],[127.04066,37.40222],[127.04067,37.40222],[127.04069,37.40223],[127.04072,37.40224],[127.04075,37.40225],[127.04078,37.40226],[127.04098,37.40233],[127.04103,37.40235],[127.04107,37.40236],[127.04108,37.40237],[127.04109,37.40237],[127.04111,37.40238],[127.04112,37.40239],[127.04114,37.4024],[127.04115,37.4024],[127.04116,37.40241],[127.04119,37.40243],[127.04125,37.40246],[127.04148,37.4026],[127.04152,37.40263],[127.04155,37.40264],[127.04157,37.40265],[127.04158,37.40266],[127.04159,37.40266],[127.04161,37.40267],[127.04162,37.40268],[127.04164,37.40268],[127.04165,37.40268],[127.04167,37.40269],[127.04173,37.4027],[127.04175,37.4027],[127.04176,37.40271],[127.04178,37.40271],[127.04179,37.40272],[127.04181,37.40272],[127.04182,37.40273],[127.04183,37.40274],[127.04184,37.40275],[127.04185,37.40276],[127.04187,37.40277],[127.04188,37.40278],[127.0419,37.40281],[127.04201,37.40293],[127.04206,37.40298],[127.04208,37.403],[127.0421,37.40302],[127.04211,37.40302],[127.04212,37.40304],[127.04213,37.40304],[127.04214,37.40305],[127.04215,37.40306],[127.04218,37.40308],[127.04221,37.4031],[127.04227,37.40314],[127.0423,37.40316],[127.04233,37.40318],[127.04236,37.40319],[127.0424,37.40322],[127.04243,37.40323],[127.04244,37.40324],[127.04246,37.40324],[127.04247,37.40325],[127.04249,37.40326],[127.0425,37.40326],[127.04252,37.40327],[127.04253,37.40327],[127.04255,37.40327],[127.04257,37.40328],[127.04258,37.40328],[127.04265,37.40329],[127.04266,37.40329],[127.04268,37.40329],[127.04269,37.4033],[127.04271,37.4033],[127.04272,37.40331],[127.04274,37.40331],[127.04275,37.40332],[127.04276,37.40333],[127.04278,37.40333],[127.0428,37.40335],[127.04284,37.40338],[127.04306,37.40352],[127.04308,37.40354],[127.04311,37.40356],[127.04312,37.40357],[127.04314,37.40357],[127.04315,37.40358],[127.04316,37.40359],[127.04318,37.40359],[127.04319,37.4036],[127.04321,37.4036],[127.04322,37.4036],[127.04324,37.40361],[127.04325,37.40361],[127.04327,37.40361],[127.04328,37.40362],[127.0433,37.40362],[127.04331,37.40362],[127.04332,37.40362],[127.04333,37.40361],[127.04334,37.40361],[127.04335,37.40361],[127.04337,37.4036],[127.04338,37.40359],[127.0434,37.40359],[127.04341,37.40358],[127.04343,37.40358],[127.04344,37.40357],[127.04346,37.40357],[127.04347,37.40357],[127.04349,37.40357],[127.0435,37.40357],[127.04352,37.40357],[127.04353,37.40357],[127.04355,37.40357],[127.04356,37.40358],[127.04358,37.40358],[127.04359,37.40359],[127.0436,37.4036],[127.04361,37.40361],[127.04361,37.40362],[127.04362,37.40363],[127.04362,37.40364],[127.04362,37.40366],[127.04363,37.40367],[127.04363,37.40369],[127.04366,37.40385],[127.04367,37.40389],[127.04367,37.40392],[127.04368,37.40394],[127.04368,37.40396],[127.04368,37.40397],[127.04369,37.40398],[127.04369,37.40399],[127.0437,37.404],[127.04371,37.40401],[127.04371,37.40402],[127.04372,37.40404],[127.04373,37.40405],[127.04376,37.40407],[127.04378,37.4041],[127.04382,37.40413],[127.04382,37.40414],[127.04372,37.40424],[127.04372,37.40424],[127.04373,37.40427],[127.04373,37.40429],[127.04374,37.4043],[127.04374,37.40432],[127.04374,37.40434],[127.04374,37.40435],[127.04374,37.40436],[127.04374,37.40438],[127.04373,37.40439],[127.04372,37.4044],[127.04372,37.40441],[127.0437,37.40443],[127.04367,37.40446],[127.0436,37.40455],[127.04357,37.40458],[127.04355,37.4046],[127.04354,37.40461],[127.04353,37.40462],[127.04352,37.40463],[127.04351,37.40464],[127.04349,37.40465],[127.04347,37.40467],[127.04344,37.40468],[127.04342,37.4047],[127.04326,37.40481],[127.04305,37.40494],[127.04304,37.40496],[127.04303,37.40497],[127.04302,37.40498],[127.04301,37.40499],[127.043,37.40501],[127.04299,37.40502],[127.04299,37.40504],[127.04298,37.40505],[127.04298,37.40507],[127.04298,37.40508],[127.04298,37.40509],[127.04297,37.40513],[127.04297,37.40528],[127.04296,37.40544],[127.04296,37.40548],[127.04296,37.4055],[127.04296,37.40552],[127.04296,37.40553],[127.04296,37.40554],[127.04296,37.40556],[127.04296,37.40557],[127.04297,37.40558],[127.04299,37.40565],[127.04299,37.40566],[127.04299,37.40567],[127.04299,37.40568],[127.04299,37.40569],[127.04299,37.4057],[127.04299,37.40571],[127.04298,37.40571],[127.04297,37.40571],[127.04296,37.40571],[127.04294,37.40571],[127.04291,37.40571],[127.0429,37.40571],[127.04288,37.40571],[127.04286,37.40571],[127.04285,37.40571],[127.04284,37.40572],[127.04283,37.40572],[127.04282,37.40573],[127.0428,37.40574],[127.04279,37.40575],[127.04278,37.40576],[127.04278,37.40577],[127.04277,37.40578],[127.04276,37.40579],[127.04276,37.4058],[127.04275,37.40581],[127.04275,37.40583],[127.04274,37.40584],[127.04274,37.40587],[127.04273,37.40589],[127.04272,37.40599],[127.04271,37.40603],[127.0427,37.40605],[127.0427,37.40607],[127.0427,37.40608],[127.04269,37.40609],[127.04269,37.4061],[127.04268,37.40611],[127.04267,37.40612],[127.04265,37.40614],[127.04264,37.40615],[127.04264,37.40616],[127.04263,37.40617],[127.04263,37.40618],[127.04262,37.40619],[127.04262,37.40621],[127.04262,37.40622],[127.04262,37.40624],[127.04261,37.40628],[127.04261,37.40639],[127.04261,37.40642],[127.04261,37.40643],[127.0426,37.40644],[127.0426,37.40646],[127.0426,37.40647],[127.0426,37.40648],[127.04259,37.40649],[127.04259,37.4065],[127.04258,37.40652],[127.04257,37.40653],[127.04256,37.40654],[127.04255,37.40656],[127.04249,37.40663],[127.04248,37.40665],[127.04247,37.40666],[127.04246,37.40667],[127.04246,37.40668],[127.04245,37.40669],[127.04245,37.40671],[127.04244,37.40672],[127.04244,37.40673],[127.04244,37.40675],[127.04244,37.40676],[127.04244,37.40677],[127.04244,37.4068],[127.04245,37.40693],[127.04245,37.40698],[127.04245,37.40701],[127.04245,37.40702],[127.04245,37.40704],[127.04245,37.40705],[127.04244,37.40707],[127.04244,37.40708],[127.04244,37.40709],[127.04243,37.4071],[127.04243,37.40713],[127.04242,37.40717],[127.04238,37.40727],[127.04234,37.40741],[127.04233,37.40744],[127.04233,37.40745],[127.04232,37.40747],[127.04232,37.40748],[127.04232,37.40749],[127.04232,37.4075],[127.04232,37.40751],[127.04232,37.40753],[127.04233,37.40754],[127.04233,37.40755],[127.04234,37.40756],[127.04235,37.40757],[127.04236,37.40758],[127.04237,37.40759],[127.04238,37.4076],[127.0424,37.40762],[127.04248,37.40769],[127.04259,37.40778],[127.04261,37.4078],[127.04263,37.40781],[127.04264,37.40782],[127.04265,37.40783],[127.04266,37.40784],[127.04267,37.40784],[127.04268,37.40785],[127.04269,37.40785],[127.0427,37.40785],[127.04271,37.40784],[127.04271,37.40784],[127.04272,37.40783],[127.04272,37.40783],[127.04272,37.40784],[127.04271,37.40785],[127.04268,37.40792],[127.04266,37.40794],[127.04265,37.40796],[127.04265,37.40798],[127.04264,37.40799],[127.04264,37.408],[127.04264,37.40801],[127.04264,37.40803],[127.04264,37.40804],[127.04264,37.40805],[127.04264,37.40806],[127.04265,37.40807],[127.04266,37.40808],[127.04266,37.4081],[127.04268,37.40812],[127.0427,37.40815],[127.04272,37.40818],[127.04273,37.4082],[127.04274,37.40821],[127.04275,37.40822],[127.04276,37.40823],[127.04277,37.40824],[127.04278,37.40825],[127.04279,37.40826],[127.04282,37.40828],[127.04284,37.40829],[127.04289,37.40833],[127.04293,37.40835],[127.04296,37.40837],[127.04297,37.40837],[127.04298,37.40838],[127.043,37.40839],[127.04301,37.40839],[127.04302,37.4084],[127.04304,37.4084],[127.04305,37.4084],[127.04307,37.40841],[127.0431,37.40841],[127.04312,37.40841],[127.04313,37.40841],[127.04315,37.40842],[127.04316,37.40842],[127.04318,37.40843],[127.04319,37.40843],[127.0432,37.40844],[127.04321,37.40845],[127.04323,37.40846],[127.04325,37.40848],[127.04327,37.40849],[127.04331,37.40852],[127.04333,37.40854],[127.04334,37.40855],[127.04335,37.40856],[127.04336,37.40857],[127.04337,37.40858],[127.04338,37.40859],[127.0434,37.40861],[127.04342,37.40863],[127.04346,37.40869],[127.04348,37.40871],[127.04349,37.40872],[127.0435,37.40873],[127.04351,37.40874],[127.04352,37.40875],[127.04353,37.40876],[127.04354,37.40877],[127.04356,37.40877],[127.04357,37.40878],[127.04358,37.40879],[127.04364,37.40882],[127.04365,37.40883],[127.04367,37.40884],[127.04368,37.40884],[127.04369,37.40885],[127.0437,37.40886],[127.04371,37.40887],[127.04372,37.40888],[127.04373,37.4089],[127.04374,37.40891],[127.04375,37.40891],[127.04376,37.40892],[127.04377,37.40893],[127.04379,37.40894],[127.0438,37.40894],[127.04381,37.40895],[127.04383,37.40896],[127.04384,37.40896],[127.04387,37.40897],[127.04408,37.40904],[127.04434,37.40913],[127.0444,37.40915],[127.04443,37.40916],[127.04445,37.40916],[127.04446,37.40917],[127.04448,37.40917],[127.04449,37.40917],[127.04451,37.40917],[127.04453,37.40918],[127.04457,37.40918],[127.04459,37.40919],[127.0446,37.40919],[127.04462,37.40919],[127.04463,37.4092],[127.04465,37.4092],[127.04466,37.40921],[127.04467,37.40922],[127.04468,37.40922],[127.04469,37.40923],[127.04472,37.40925],[127.04475,37.40928],[127.04477,37.4093],[127.04479,37.40932],[127.04481,37.40933],[127.04481,37.40933],[127.04482,37.40935],[127.04483,37.40936],[127.04484,37.40937],[127.04485,37.40938],[127.04485,37.40939],[127.04486,37.4094],[127.04487,37.40943],[127.04492,37.40952],[127.04493,37.40955],[127.04495,37.40958],[127.04496,37.40959],[127.04496,37.4096],[127.04497,37.40962],[127.04498,37.40963],[127.04499,37.40964],[127.045,37.40965],[127.04502,37.40967],[127.04512,37.40979],[127.04515,37.40983],[127.04518,37.40985],[127.04519,37.40986],[127.0452,37.40987],[127.04521,37.40988],[127.04522,37.40989],[127.04523,37.4099],[127.04524,37.40991],[127.04526,37.40991],[127.04527,37.40992],[127.0453,37.40994],[127.04535,37.40996],[127.04556,37.41007],[127.04559,37.41009],[127.04562,37.4101],[127.04565,37.41012],[127.04566,37.41013],[127.04567,37.41013],[127.04568,37.41014],[127.04569,37.41015],[127.0457,37.41016],[127.04571,37.41017],[127.04573,37.41019],[127.04576,37.41023],[127.04586,37.41035],[127.04587,37.41037],[127.04588,37.41038],[127.04589,37.41039],[127.0459,37.4104],[127.04591,37.41041],[127.04592,37.41042],[127.04593,37.41043],[127.04595,37.41043],[127.04596,37.41044],[127.04597,37.41044],[127.04599,37.41044],[127.046,37.41045],[127.04602,37.41045],[127.04604,37.41045],[127.04612,37.41044],[127.04614,37.41044],[127.04615,37.41044],[127.04617,37.41044],[127.04618,37.41045],[127.0462,37.41045],[127.04621,37.41045],[127.04623,37.41046],[127.04624,37.41046],[127.04625,37.41047],[127.04626,37.41048],[127.04627,37.41049],[127.04629,37.4105],[127.04631,37.41052],[127.04635,37.41055],[127.04637,37.41057],[127.04638,37.41058],[127.04639,37.41058],[127.0464,37.41059],[127.04642,37.4106],[127.04643,37.41061],[127.04644,37.41061],[127.04646,37.41062],[127.04647,37.41063],[127.0465,37.41064],[127.04657,37.41067],[127.0466,37.41068],[127.04661,37.41069],[127.04663,37.4107],[127.04664,37.4107],[127.04665,37.41071],[127.04666,37.41072],[127.04667,37.41073],[127.04668,37.41074],[127.04669,37.41075],[127.0467,37.41076],[127.04671,37.41078],[127.04675,37.41084],[127.04677,37.41086],[127.04679,37.41089],[127.0468,37.4109],[127.04681,37.41091],[127.04681,37.41092],[127.04682,37.41093],[127.04684,37.41093],[127.04685,37.41095],[127.04686,37.41096],[127.04687,37.41096],[127.04688,37.41097],[127.04689,37.41098],[127.04689,37.41099],[127.0469,37.41101],[127.0469,37.41102],[127.0469,37.41103],[127.04691,37.41106],[127.04691,37.41108],[127.04692,37.41122],[127.04694,37.41134],[127.04694,37.41136],[127.04694,37.41139],[127.04694,37.4114],[127.04694,37.41141],[127.04694,37.41143],[127.04694,37.41144],[127.04694,37.41145],[127.04693,37.41147],[127.04693,37.41148],[127.04692,37.41149],[127.04691,37.41152],[127.0469,37.41154],[127.04684,37.4117],[127.04683,37.41174],[127.04682,37.41176],[127.04681,37.41177],[127.04681,37.41179],[127.04681,37.4118],[127.04681,37.41181],[127.0468,37.41183],[127.0468,37.41184],[127.04681,37.41185],[127.04681,37.41186],[127.04681,37.41188],[127.04681,37.4119],[127.04683,37.41199],[127.04683,37.41203],[127.04684,37.41206],[127.04684,37.41207],[127.04684,37.41208],[127.04684,37.41209],[127.04684,37.41211],[127.04683,37.41212],[127.04683,37.41213],[127.04683,37.41215],[127.04682,37.41218],[127.0468,37.41226],[127.0468,37.41228],[127.04679,37.4123],[127.04679,37.41231],[127.04679,37.41232],[127.04679,37.41233],[127.04679,37.41235],[127.04679,37.41236],[127.0468,37.41237],[127.0468,37.41238],[127.04681,37.4124],[127.04682,37.41242],[127.04686,37.41248],[127.04687,37.41251],[127.04688,37.41252],[127.04688,37.41253],[127.04689,37.41254],[127.04689,37.41256],[127.04689,37.41257],[127.04689,37.41258],[127.04689,37.41259],[127.04689,37.41261],[127.04689,37.41262],[127.04689,37.41264],[127.0469,37.41265],[127.0469,37.41266],[127.0469,37.41267],[127.04691,37.41268],[127.04692,37.41269],[127.04693,37.41271],[127.04694,37.41273],[127.04699,37.4128],[127.04701,37.41282],[127.04701,37.41284],[127.04702,37.41285],[127.04703,37.41286],[127.04703,37.41287],[127.04704,37.41288],[127.04704,37.4129],[127.04704,37.41291],[127.04704,37.41292],[127.04705,37.41293],[127.04705,37.41295],[127.04705,37.41296],[127.04705,37.41297],[127.04705,37.41299],[127.04705,37.413],[127.04705,37.41301],[127.04704,37.41302],[127.04704,37.41304],[127.04704,37.41305],[127.04703,37.41306],[127.04702,37.41309],[127.04701,37.41311],[127.04695,37.41324],[127.04692,37.4133],[127.04691,37.41334],[127.0469,37.41337],[127.04689,37.41338],[127.04689,37.41339],[127.04689,37.4134],[127.04689,37.41342],[127.04688,37.41343],[127.04688,37.41348],[127.04687,37.41349],[127.04687,37.41351],[127.04687,37.41352],[127.04687,37.41353],[127.04686,37.41354],[127.04685,37.41355],[127.04685,37.41356],[127.04684,37.41357],[127.04683,37.41358],[127.04681,37.41359],[127.0468,37.4136],[127.04679,37.41361],[127.04678,37.41362],[127.04678,37.41363],[127.04678,37.41365],[127.04678,37.41366],[127.04678,37.41368],[127.04679,37.41369],[127.04679,37.4137],[127.04679,37.41371],[127.04665,37.41371],[127.0466,37.41371],[127.04655,37.41371],[127.04653,37.41371],[127.04652,37.41372],[127.0465,37.41372],[127.04648,37.41372],[127.04647,37.41372],[127.04645,37.41372],[127.04644,37.41373],[127.0464,37.41374],[127.04639,37.41374],[127.04638,37.41374],[127.04637,37.41375],[127.04636,37.41374],[127.04636,37.41374],[127.04636,37.41373],[127.04636,37.41372],[127.04636,37.41371],[127.04635,37.41371],[127.04635,37.4137],[127.04634,37.4137],[127.04633,37.4137],[127.04632,37.4137],[127.04631,37.4137],[127.04629,37.4137],[127.04628,37.4137],[127.04626,37.41371],[127.04624,37.41371],[127.04621,37.41372],[127.04602,37.41376],[127.0458,37.41381],[127.04575,37.41382],[127.04572,37.41383],[127.0457,37.41383],[127.04567,37.41384],[127.04564,37.41385],[127.04561,37.41386],[127.04556,37.41388],[127.04555,37.41388],[127.04553,37.41389],[127.04551,37.41389],[127.0455,37.4139],[127.04549,37.41391],[127.04547,37.41392],[127.04546,37.41392],[127.04545,37.41393],[127.04544,37.41394],[127.04541,37.41396],[127.04537,37.414],[127.04522,37.41413],[127.0452,37.41415],[127.04517,37.41417],[127.04516,37.41418],[127.04515,37.41419],[127.04514,37.41419],[127.04512,37.4142],[127.04511,37.41421],[127.0451,37.41421],[127.04508,37.41421],[127.04506,37.41422],[127.04505,37.41422],[127.04503,37.41422],[127.04502,37.41422],[127.04497,37.41422],[127.0447,37.41423],[127.04467,37.41423],[127.04463,37.41423],[127.04462,37.41424],[127.0446,37.41424],[127.04459,37.41424],[127.04457,37.41424],[127.04456,37.41425],[127.04454,37.41425],[127.04453,37.41426],[127.04451,37.41427],[127.0445,37.41427],[127.04447,37.41429],[127.04443,37.41431],[127.0444,37.41432],[127.04439,37.41433],[127.04437,37.41434],[127.04436,37.41435],[127.04435,37.41436],[127.04432,37.41437],[127.04429,37.4144],[127.04396,37.41467],[127.04393,37.4147],[127.0439,37.41472],[127.04389,37.41473],[127.04388,37.41474],[127.04386,37.41475],[127.04385,37.41475],[127.04384,37.41476],[127.04382,37.41477],[127.04381,37.41478],[127.04378,37.41479],[127.04373,37.41482],[127.0436,37.41488],[127.04355,37.4149],[127.04354,37.41491],[127.04353,37.41492],[127.04351,37.41492],[127.0435,37.41493],[127.04349,37.41494],[127.04348,37.41495],[127.04347,37.41496],[127.04346,37.41497],[127.04345,37.41498],[127.04344,37.41499],[127.04343,37.41501],[127.04342,37.41503],[127.04336,37.41511],[127.04335,37.41513],[127.04333,37.41516],[127.04332,37.41517],[127.04331,37.41518],[127.0433,37.41519],[127.04329,37.4152],[127.04328,37.41521],[127.04327,37.41522],[127.04326,37.41523],[127.04324,37.41524],[127.04323,37.41524],[127.04322,37.41525],[127.04321,37.41526],[127.04319,37.41526],[127.04318,37.41527],[127.04317,37.41527],[127.04313,37.41528],[127.04312,37.41528],[127.04311,37.41528],[127.0431,37.41529],[127.04309,37.4153],[127.04308,37.41531],[127.04308,37.41532],[127.04307,37.41533],[127.04306,37.41534],[127.04304,37.41539],[127.04304,37.41541],[127.04303,37.41542],[127.04303,37.41543],[127.04302,37.41544],[127.04301,37.41545],[127.043,37.41546],[127.04299,37.41547],[127.04298,37.41548],[127.04296,37.41549],[127.04295,37.4155],[127.04294,37.4155],[127.04292,37.41551],[127.04291,37.41551],[127.04289,37.41551],[127.04288,37.41551],[127.04286,37.41551],[127.04285,37.41551],[127.04283,37.41551],[127.04282,37.4155],[127.0428,37.4155],[127.04273,37.41548],[127.0427,37.41547],[127.04268,37.41546],[127.04267,37.41546],[127.04265,37.41546],[127.04264,37.41546],[127.04262,37.41546],[127.0426,37.41545],[127.04259,37.41545],[127.04255,37.41545],[127.04251,37.41546],[127.04247,37.41546],[127.04246,37.41546],[127.04244,37.41546],[127.04243,37.41546],[127.04241,37.41546],[127.0424,37.41547],[127.04238,37.41547],[127.04237,37.41547],[127.04235,37.41548],[127.04232,37.41549],[127.04227,37.4155],[127.04207,37.41557],[127.04172,37.41569],[127.0418,37.41577],[127.04183,37.41581],[127.04185,37.41583],[127.04186,37.41584],[127.04187,37.41586],[127.04187,37.41587],[127.04188,37.41588],[127.04189,37.41589],[127.04189,37.4159],[127.0419,37.41592],[127.04191,37.41594],[127.04192,37.41598],[127.04193,37.416],[127.04193,37.41602],[127.04193,37.41603],[127.04194,37.41604],[127.04194,37.41605],[127.04194,37.41606],[127.04193,37.41608],[127.04193,37.41609],[127.04193,37.4161],[127.04192,37.41611],[127.04191,37.41612],[127.04191,37.41613],[127.04188,37.41618],[127.04187,37.4162],[127.04186,37.41621],[127.04186,37.41622],[127.04185,37.41623],[127.04185,37.41624],[127.04184,37.41626],[127.04184,37.41627],[127.04184,37.41628],[127.04184,37.41629],[127.04184,37.41633],[127.04184,37.41635],[127.04183,37.41636],[127.04183,37.41637],[127.04183,37.41638],[127.04182,37.4164],[127.04182,37.41641],[127.04181,37.41642],[127.04181,37.41643],[127.04179,37.41646],[127.04177,37.41649],[127.04171,37.41658],[127.0417,37.41661],[127.04169,37.41662],[127.04169,37.41663],[127.04168,37.41664],[127.04168,37.41666],[127.04167,37.41667],[127.04167,37.41668],[127.04167,37.41669],[127.04167,37.4167],[127.04167,37.41672],[127.04168,37.41673],[127.04168,37.41674],[127.04169,37.41675],[127.04169,37.41676],[127.0417,37.41677],[127.0417,37.41678],[127.04171,37.41679],[127.04171,37.4168],[127.04172,37.41681],[127.04173,37.41681],[127.04175,37.41682],[127.04176,37.41682],[127.04177,37.41683],[127.04177,37.41684],[127.04178,37.41685],[127.04178,37.41686],[127.04178,37.41687],[127.04177,37.41689],[127.04177,37.4169],[127.04176,37.41691],[127.04176,37.41691],[127.04175,37.41691],[127.04176,37.41692],[127.04176,37.41692],[127.04177,37.41693],[127.04177,37.41693],[127.04178,37.41694],[127.04179,37.41696],[127.04179,37.41698],[127.0418,37.41699],[127.0418,37.41701],[127.0418,37.41703],[127.0418,37.41704],[127.0418,37.41709],[127.04181,37.41715],[127.04181,37.41717],[127.04181,37.41719],[127.04181,37.4172],[127.04181,37.41721],[127.0418,37.41723],[127.0418,37.41724],[127.0418,37.41725],[127.04179,37.41727],[127.04179,37.41728],[127.04178,37.41732],[127.04177,37.41733],[127.04177,37.41734],[127.04177,37.41735],[127.04176,37.41736],[127.04177,37.41738],[127.04177,37.41739],[127.04178,37.41739],[127.04179,37.4174],[127.0418,37.41741],[127.04181,37.41742],[127.04182,37.41743],[127.04185,37.41745],[127.04187,37.41746],[127.04194,37.4175],[127.04196,37.41752],[127.04199,37.41754],[127.042,37.41755],[127.04201,37.41755],[127.04202,37.41756],[127.04203,37.41757],[127.04203,37.41758],[127.04203,37.41759],[127.04203,37.4176],[127.04203,37.41761],[127.04201,37.41763],[127.04201,37.41764],[127.042,37.41766],[127.042,37.41767],[127.042,37.41768],[127.042,37.41769],[127.042,37.4177],[127.04201,37.41773],[127.04201,37.41776],[127.04202,37.41782],[127.04203,37.41785],[127.04203,37.41786],[127.04203,37.41787],[127.04203,37.41788],[127.04203,37.4179],[127.04203,37.41791],[127.04203,37.41792],[127.04203,37.41794],[127.04202,37.41795],[127.04202,37.41796],[127.04201,37.41799],[127.042,37.41803],[127.04195,37.41822],[127.04193,37.41828],[127.04193,37.4183],[127.04192,37.41831],[127.04192,37.41833],[127.04192,37.41834],[127.04192,37.41835],[127.04192,37.41837],[127.04192,37.41838],[127.04192,37.41841],[127.04193,37.41845],[127.04193,37.41849],[127.04194,37.41851],[127.04194,37.41853],[127.04195,37.41854],[127.04195,37.41855],[127.04195,37.41856],[127.04196,37.41857],[127.04197,37.41859],[127.04198,37.4186],[127.04198,37.4186],[127.042,37.41861],[127.04202,37.41864],[127.04203,37.41865],[127.04205,37.41866],[127.04205,37.41867],[127.04206,37.41868],[127.04207,37.41869],[127.04208,37.41871],[127.04208,37.41872],[127.04209,37.41873],[127.0421,37.41875],[127.04213,37.4188],[127.04219,37.41894],[127.0422,37.41897],[127.04221,37.41898],[127.04222,37.41899],[127.04222,37.419],[127.04223,37.41902],[127.04224,37.41903],[127.04225,37.41904],[127.04226,37.41905],[127.04227,37.41906],[127.04228,37.41907],[127.04229,37.41908],[127.04232,37.41909],[127.04234,37.41911],[127.04237,37.41913],[127.04251,37.41922],[127.04254,37.41923],[127.04256,37.41925],[127.04257,37.41926],[127.04258,37.41927],[127.0426,37.41928],[127.0426,37.41929],[127.04261,37.4193],[127.04261,37.41931],[127.04262,37.41932],[127.04262,37.41933],[127.04262,37.41934],[127.04262,37.41936],[127.04262,37.41937],[127.04262,37.4194],[127.04262,37.41944],[127.04261,37.41946],[127.04261,37.41947],[127.04261,37.41949],[127.04261,37.4195],[127.04262,37.41951],[127.04262,37.41952],[127.04263,37.41954],[127.04263,37.41955],[127.04264,37.41956],[127.04266,37.41959],[127.04267,37.4196],[127.04268,37.41962],[127.04268,37.41963],[127.04269,37.41965],[127.04269,37.41967],[127.04268,37.41968],[127.04268,37.41969],[127.04268,37.4197],[127.04268,37.41971],[127.04268,37.41971],[127.04263,37.41971],[127.04261,37.41971],[127.0426,37.41971],[127.04259,37.41972],[127.04259,37.41972],[127.04258,37.41972],[127.04257,37.41972],[127.04257,37.41973],[127.04256,37.41973],[127.04256,37.41973],[127.04255,37.41974],[127.04241,37.41986],[127.04241,37.41987],[127.04241,37.41987],[127.04241,37.41989],[127.04241,37.4199],[127.0424,37.41992],[127.0424,37.41994],[127.04239,37.41995],[127.04239,37.41996],[127.04238,37.41998],[127.04237,37.41999],[127.04236,37.42],[127.04233,37.42003],[127.04231,37.42005],[127.0423,37.42006],[127.04229,37.42007],[127.04229,37.42008],[127.04228,37.4201],[127.04227,37.42011],[127.04227,37.42012],[127.04227,37.42013],[127.04226,37.42014],[127.04225,37.42017],[127.04225,37.42021],[127.04223,37.42032],[127.04222,37.42037],[127.04221,37.42038],[127.04221,37.42039],[127.04221,37.42041],[127.0422,37.42043],[127.04219,37.42044],[127.04219,37.42046],[127.04218,37.42047],[127.04217,37.42048],[127.04216,37.42049],[127.04215,37.4205],[127.04215,37.4205],[127.04215,37.4205],[127.04215,37.4205],[127.04213,37.42052],[127.04212,37.42052],[127.04211,37.42054],[127.04209,37.42055],[127.04208,37.42056],[127.04207,37.42057],[127.04206,37.42059],[127.04205,37.4206],[127.04205,37.42061],[127.04204,37.42063],[127.04204,37.42064],[127.04204,37.42065],[127.04204,37.42066],[127.04204,37.42068],[127.04204,37.42069],[127.04204,37.4207],[127.04204,37.42071],[127.04205,37.42072],[127.04205,37.42074],[127.04206,37.42074],[127.04207,37.42075],[127.04208,37.42077],[127.04209,37.42077],[127.04211,37.42079],[127.04214,37.42081],[127.0422,37.42086],[127.04222,37.42088],[127.04223,37.42089],[127.04224,37.4209],[127.04225,37.42091],[127.04226,37.42092],[127.04227,37.42093],[127.04227,37.42094],[127.04228,37.42095],[127.04228,37.42096],[127.04228,37.42097],[127.04227,37.42098],[127.04227,37.42099],[127.04227,37.421],[127.04226,37.42101],[127.04226,37.42103],[127.04225,37.42104],[127.04224,37.42105],[127.04224,37.42106],[127.04222,37.42106],[127.04221,37.42107],[127.0422,37.42108],[127.04218,37.4211],[127.04216,37.4211],[127.04215,37.42111],[127.04214,37.42112],[127.04214,37.42113],[127.04213,37.42114],[127.04213,37.42115],[127.04213,37.42116],[127.04213,37.42117],[127.04214,37.42118],[127.04215,37.4212],[127.04215,37.42121],[127.04215,37.42122],[127.04215,37.42123],[127.04215,37.42124],[127.04215,37.42125],[127.04214,37.42126],[127.04213,37.42127],[127.04212,37.42128],[127.04211,37.42129],[127.04211,37.4213],[127.04208,37.42133],[127.04202,37.42138],[127.042,37.42141],[127.04198,37.42144],[127.04196,37.42146],[127.04195,37.42147],[127.04194,37.42148],[127.04193,37.42149],[127.04193,37.4215],[127.04192,37.42151],[127.04191,37.42152],[127.0419,37.42153],[127.0419,37.42153],[127.04189,37.42154],[127.04188,37.42154],[127.04186,37.42154],[127.04185,37.42155],[127.04184,37.42155],[127.04183,37.42156],[127.04182,37.42157],[127.04182,37.42158],[127.04181,37.42159],[127.04181,37.4216],[127.04181,37.42161],[127.0418,37.42162],[127.0418,37.42165],[127.04174,37.42189],[127.04172,37.42199],[127.04171,37.42203],[127.0417,37.42204],[127.0417,37.42206],[127.0417,37.42207],[127.04169,37.42208],[127.04169,37.42209],[127.04168,37.4221],[127.04167,37.42211],[127.04166,37.42212],[127.04165,37.42213],[127.04164,37.42214],[127.04163,37.42215],[127.04161,37.42216],[127.0416,37.42216],[127.04159,37.42217],[127.04157,37.42217],[127.04156,37.42217],[127.04152,37.42218],[127.0415,37.42218],[127.04149,37.42218],[127.04148,37.42218],[127.04147,37.42219],[127.04145,37.4222],[127.04144,37.4222],[127.04144,37.42221],[127.04143,37.42222],[127.0414,37.42225],[127.04139,37.42226],[127.04139,37.42227],[127.04138,37.42228],[127.04137,37.42228],[127.04135,37.42229],[127.04134,37.42229],[127.04133,37.42229],[127.04131,37.42229],[127.0413,37.42229],[127.04129,37.42229],[127.04128,37.42229],[127.04127,37.4223],[127.04126,37.42231],[127.04125,37.42232],[127.04125,37.42233],[127.04124,37.42234],[127.04124,37.42235],[127.04122,37.42238],[127.04121,37.4224],[127.04117,37.42253],[127.04115,37.42258],[127.04114,37.4226],[127.04113,37.42262],[127.04112,37.42263],[127.04112,37.42264],[127.04111,37.42265],[127.0411,37.42266],[127.04109,37.42267],[127.04108,37.42267],[127.04107,37.42267],[127.04106,37.42268],[127.04105,37.42268],[127.04103,37.42269],[127.04102,37.42269],[127.04101,37.4227],[127.041,37.42271],[127.04099,37.42271],[127.04098,37.42272],[127.04097,37.42273],[127.04097,37.42274],[127.04096,37.42275],[127.04096,37.42276],[127.04096,37.42277],[127.04097,37.42278],[127.04097,37.42278],[127.04098,37.42279],[127.04099,37.4228],[127.04101,37.42281],[127.04102,37.42281],[127.04103,37.42282],[127.04106,37.42283],[127.04109,37.42285],[127.04112,37.42286],[127.04114,37.42286],[127.04116,37.42287],[127.04117,37.42287],[127.04119,37.42288],[127.0412,37.42288],[127.04122,37.42288],[127.04123,37.42288],[127.04125,37.42288],[127.04126,37.42288],[127.04127,37.42288],[127.04129,37.42287],[127.0413,37.42287],[127.04132,37.42287],[127.04133,37.42286],[127.04134,37.42285],[127.04135,37.42284],[127.04137,37.42283],[127.04138,37.42282],[127.0414,37.4228],[127.04141,37.42279],[127.04142,37.42278],[127.04144,37.42275],[127.04145,37.42275],[127.04187,37.42304]]]},"properties":{"name":"청계동 코스 1","difficulty":"중급","distance_km":7.32,"time_hr":2.3,"kind":"산림청 등산로(코스 추출)","desc":"들머리 → 청계산 정상","profile":[79,79,112,136,165,197,215,184,212,230,250,277,298,318,310,287,276,281,325,341,333,336,355,387,377,415,460,483,526,524,485,450,457,444,454,482,518,543,531,526,514,497,487,544,563,592,574,604],"min_elev":79,"max_elev":604,"ascent":779,"descent":254}},{"type":"Feature","geometry":{"type":"MultiLineString","coordinates":[[[126.99216,37.4022],[126.99216,37.40237],[126.99216,37.40241],[126.99217,37.40243],[126.99217,37.40245],[126.99217,37.40246],[126.99217,37.40247],[126.99217,37.40248],[126.99218,37.4025],[126.99218,37.40251],[126.99218,37.40252],[126.99219,37.40255],[126.99221,37.40259],[126.99225,37.40272],[126.99226,37.40274],[126.99227,37.40275],[126.99228,37.40277],[126.99228,37.40278],[126.99229,37.40279],[126.9923,37.4028],[126.99231,37.40281],[126.99232,37.40282],[126.99233,37.40282],[126.99234,37.40283],[126.99236,37.40284],[126.99237,37.40285],[126.99238,37.40286],[126.99239,37.40287],[126.9924,37.40288],[126.99241,37.40289],[126.99242,37.4029],[126.99243,37.40292],[126.99246,37.40297],[126.99247,37.40298],[126.99248,37.40299],[126.99248,37.403],[126.99249,37.40301],[126.9925,37.40302],[126.99251,37.40303],[126.99252,37.40304],[126.99254,37.40305],[126.99257,37.40308],[126.99258,37.40309],[126.99259,37.4031],[126.9926,37.40311],[126.99261,37.40312],[126.99262,37.40313],[126.99263,37.40314],[126.99264,37.40315],[126.99265,37.40317],[126.99268,37.40321],[126.99274,37.4033],[126.99276,37.40334],[126.99277,37.40335],[126.99277,37.40336],[126.99278,37.40337],[126.99279,37.40338],[126.9928,37.40339],[126.99281,37.4034],[126.99282,37.40341],[126.99284,37.40342],[126.99285,37.40342],[126.99287,37.40343],[126.99288,37.40343],[126.99291,37.40344],[126.99294,37.40345],[126.99306,37.40349],[126.99309,37.4035],[126.99311,37.40351],[126.99312,37.40351],[126.99314,37.40352],[126.99315,37.40352],[126.99316,37.40353],[126.99317,37.40354],[126.99318,37.40355],[126.99319,37.40356],[126.9932,37.40357],[126.9932,37.40358],[126.99321,37.40359],[126.99321,37.4036],[126.99323,37.40364],[126.99324,37.40366],[126.99325,37.40367],[126.99325,37.40369],[126.99326,37.4037],[126.99327,37.40371],[126.99328,37.40372],[126.99329,37.40373],[126.9933,37.40374],[126.99332,37.40376],[126.99338,37.40382],[126.99341,37.40384],[126.99343,37.40385],[126.99344,37.40386],[126.99344,37.40387],[126.99345,37.40389],[126.99346,37.4039],[126.99347,37.40391],[126.99349,37.40395],[126.9935,37.40396],[126.99351,37.40398],[126.99352,37.40399],[126.99353,37.404],[126.99353,37.40401],[126.99355,37.40402],[126.99356,37.40402],[126.99357,37.40403],[126.99359,37.40405],[126.99365,37.40409],[126.99384,37.40422],[126.99386,37.40423],[126.99389,37.40425],[126.99391,37.40427],[126.99393,37.40428],[126.99394,37.40429],[126.99395,37.4043],[126.99396,37.40431],[126.99397,37.40432],[126.99397,37.40433],[126.99398,37.40434],[126.99399,37.40435],[126.99401,37.40437],[126.99403,37.40441],[126.99404,37.40443],[126.99405,37.40446],[126.99406,37.40447],[126.99407,37.40448],[126.99407,37.40449],[126.99407,37.40451],[126.99408,37.40452],[126.99408,37.40453],[126.99409,37.40456],[126.9941,37.4046],[126.99411,37.40471],[126.99412,37.40474],[126.99412,37.40476],[126.99413,37.40478],[126.99413,37.40479],[126.99414,37.4048],[126.99414,37.40481],[126.99415,37.40484],[126.99417,37.40486],[126.99417,37.40488],[126.99418,37.40489],[126.99419,37.4049],[126.99419,37.40491],[126.9942,37.40492],[126.99421,37.40493],[126.99422,37.40494],[126.99423,37.40495],[126.99424,37.40496],[126.99426,37.40496],[126.99427,37.40497],[126.99429,37.40498],[126.99431,37.40499],[126.99434,37.405],[126.99436,37.40501],[126.99437,37.40501],[126.99439,37.40501],[126.99441,37.40502],[126.99442,37.40502],[126.99444,37.40502],[126.99445,37.40503],[126.99447,37.40503],[126.99448,37.40503],[126.99452,37.40503],[126.99458,37.40503],[126.99462,37.40503],[126.99463,37.40503],[126.99465,37.40503],[126.99466,37.40503],[126.99468,37.40503],[126.9947,37.40504],[126.99471,37.40504],[126.99473,37.40505],[126.99476,37.40505],[126.99479,37.40506],[126.99489,37.40509],[126.99494,37.4051],[126.99497,37.40511],[126.99499,37.40512],[126.995,37.40512],[126.99502,37.40512],[126.99505,37.40513],[126.9951,37.40513],[126.99516,37.40514],[126.99531,37.40515],[126.99536,37.40516],[126.99539,37.40516],[126.99541,37.40516],[126.99542,37.40517],[126.99544,37.40517],[126.99546,37.40517],[126.99547,37.40518],[126.99549,37.40518],[126.9955,37.40519],[126.99552,37.40519],[126.99556,37.40521],[126.99564,37.40523],[126.99567,37.40525],[126.9957,37.40526],[126.99572,37.40526],[126.99573,37.40526],[126.99575,37.40527],[126.99576,37.40527],[126.99578,37.40527],[126.99579,37.40527],[126.99581,37.40527],[126.99582,37.40526],[126.99584,37.40526],[126.99585,37.40525],[126.99587,37.40525],[126.9959,37.40523],[126.99605,37.40517],[126.99611,37.40515],[126.99614,37.40514],[126.99615,37.40513],[126.99617,37.40512],[126.99618,37.40512],[126.9962,37.40512],[126.99622,37.40511],[126.99623,37.40511],[126.99625,37.40511],[126.99626,37.40511],[126.99633,37.4051],[126.99636,37.4051],[126.99637,37.4051],[126.99639,37.40509],[126.9964,37.40509],[126.99642,37.40508],[126.99644,37.40508],[126.99645,37.40508],[126.99648,37.40507],[126.99653,37.40505],[126.99663,37.40501],[126.99666,37.40501],[126.99668,37.405],[126.99669,37.40499],[126.99671,37.40499],[126.99672,37.40499],[126.99674,37.40498],[126.99676,37.40498],[126.99677,37.40498],[126.99679,37.40498],[126.99681,37.40498],[126.99684,37.40498],[126.99689,37.40498],[126.99708,37.40497],[126.99755,37.40497],[126.99758,37.40497],[126.99762,37.40496],[126.99765,37.40496],[126.99767,37.40496],[126.99768,37.40496],[126.99771,37.40496],[126.99776,37.40495],[126.99819,37.40488],[126.99825,37.40487],[126.99829,37.40486],[126.9983,37.40486],[126.99832,37.40486],[126.99833,37.40486],[126.99835,37.40486],[126.99837,37.40486],[126.9984,37.40486],[126.99845,37.40486],[126.99886,37.40487],[126.99889,37.40487],[126.99891,37.40487],[126.99892,37.40487],[126.99894,37.40486],[126.99895,37.40486],[126.99897,37.40486],[126.99899,37.40486],[126.999,37.40485],[126.99902,37.40485],[126.99903,37.40484],[126.99909,37.40482],[126.9991,37.40481],[126.99912,37.40481],[126.99913,37.4048],[126.99915,37.4048],[126.99916,37.4048],[126.99918,37.40479],[126.9992,37.40479],[126.99921,37.40479],[126.99923,37.40479],[126.99926,37.40478],[126.99936,37.40478],[126.9994,37.40477],[126.99943,37.40477],[126.99945,37.40477],[126.99946,37.40476],[126.99948,37.40476],[126.99949,37.40476],[126.99951,37.40475],[126.99952,37.40475],[126.99954,37.40474],[126.99957,37.40473],[126.99963,37.40471],[126.99966,37.4047],[126.99967,37.4047],[126.99969,37.40469],[126.9997,37.40469],[126.99972,37.40468],[126.99973,37.40468],[126.99975,37.40468],[126.99976,37.40468],[126.99978,37.40468],[126.99979,37.40469],[126.99981,37.40469],[126.99982,37.40469],[126.99985,37.4047],[126.9999,37.40472],[126.99994,37.40473],[126.99997,37.40474],[126.99999,37.40475],[127.0,37.40476],[127.00002,37.40476],[127.00004,37.40478],[127.00007,37.40479],[127.00025,37.40489],[127.00039,37.40496],[127.00042,37.40497],[127.00045,37.40499],[127.00046,37.40499],[127.00047,37.405],[127.00048,37.40501],[127.0005,37.40502],[127.00051,37.40503],[127.00051,37.40504],[127.00052,37.40505],[127.00053,37.40506],[127.00053,37.40507],[127.00054,37.40509],[127.00055,37.40511],[127.00056,37.40514],[127.00058,37.40521],[127.00059,37.40525],[127.0006,37.40527],[127.00061,37.40529],[127.00061,37.4053],[127.00062,37.40531],[127.00063,37.40532],[127.00064,37.40533],[127.00065,37.40536],[127.00068,37.40539],[127.00069,37.40542],[127.0007,37.40543],[127.00071,37.40544],[127.00071,37.40545],[127.00072,37.40547],[127.00072,37.40548],[127.00073,37.40549],[127.00073,37.4055],[127.00073,37.40553],[127.00074,37.40557],[127.00076,37.40566],[127.00076,37.40569],[127.00077,37.4057],[127.00077,37.40571],[127.00077,37.40572],[127.00078,37.40574],[127.00078,37.40575],[127.00079,37.40576],[127.0008,37.40577],[127.00081,37.40578],[127.00082,37.40579],[127.00083,37.4058],[127.00084,37.40581],[127.00087,37.40582],[127.00091,37.40585],[127.00095,37.40587],[127.00097,37.40588],[127.00098,37.40588],[127.001,37.40589],[127.00102,37.4059],[127.00104,37.4059],[127.00106,37.40591],[127.00107,37.40591],[127.00109,37.40591],[127.0011,37.40591],[127.00111,37.40591],[127.00111,37.40591],[127.00125,37.406],[127.00128,37.40602],[127.0013,37.40604],[127.00132,37.40604],[127.00133,37.40605],[127.00134,37.40606],[127.00135,37.40607],[127.00136,37.40608],[127.00137,37.40609],[127.00138,37.4061],[127.00139,37.40611],[127.0014,37.40613],[127.00141,37.40615],[127.00143,37.40619],[127.00149,37.40628],[127.00165,37.40656],[127.00167,37.40658],[127.00168,37.4066],[127.00168,37.40661],[127.00169,37.40662],[127.0017,37.40663],[127.00171,37.40664],[127.00172,37.40665],[127.00173,37.40666],[127.00174,37.40667],[127.00177,37.40669],[127.00179,37.40671],[127.00182,37.40672],[127.00198,37.40684],[127.00203,37.40687],[127.00205,37.40689],[127.00207,37.4069],[127.00208,37.40691],[127.00209,37.40692],[127.0021,37.40693],[127.00211,37.40694],[127.00211,37.40695],[127.00212,37.40696],[127.00213,37.40697],[127.00213,37.40698],[127.00215,37.40701],[127.00218,37.40708],[127.00219,37.40711],[127.00221,37.40713],[127.00221,37.40714],[127.00222,37.40715],[127.00223,37.40716],[127.00224,37.40717],[127.00225,37.40718],[127.00226,37.40719],[127.00227,37.40719],[127.00229,37.4072],[127.0023,37.4072],[127.00232,37.4072],[127.00235,37.40721],[127.0024,37.40722],[127.00243,37.40722],[127.00246,37.40723],[127.00248,37.40723],[127.00249,37.40723],[127.00251,37.40723],[127.00252,37.40723],[127.00254,37.40723],[127.00257,37.40723],[127.00262,37.40723],[127.00277,37.40722],[127.0028,37.40722],[127.00282,37.40722],[127.00283,37.40722],[127.00285,37.40722],[127.00287,37.40722],[127.00288,37.40722],[127.0029,37.40723],[127.00292,37.40723],[127.00293,37.40723],[127.00296,37.40724],[127.00299,37.40725],[127.00303,37.40726],[127.00306,37.40727],[127.00309,37.40728],[127.00311,37.40728],[127.00312,37.40729],[127.00314,37.40729],[127.00315,37.4073],[127.00316,37.40731],[127.00319,37.40732],[127.00324,37.40734],[127.00347,37.40745],[127.00351,37.40748],[127.00354,37.40749],[127.00355,37.4075],[127.00356,37.40751],[127.00358,37.40752],[127.00359,37.40752],[127.00361,37.40754],[127.00368,37.40759],[127.00383,37.4077],[127.00386,37.40771],[127.00387,37.40772],[127.00388,37.40773],[127.00389,37.40774],[127.00391,37.40775],[127.00392,37.40775],[127.00394,37.40776],[127.00395,37.40776],[127.00397,37.40777],[127.00398,37.40777],[127.004,37.40778],[127.00401,37.40778],[127.00405,37.40778],[127.00418,37.4078],[127.00423,37.40781],[127.00426,37.40782],[127.00428,37.40782],[127.00429,37.40783],[127.00431,37.40783],[127.00434,37.40784],[127.00441,37.40786],[127.00483,37.40799],[127.00501,37.40805],[127.00506,37.40807],[127.00508,37.40807],[127.00509,37.40808],[127.00511,37.40808],[127.00512,37.40808],[127.00514,37.40809],[127.00516,37.40809],[127.00517,37.40809],[127.00519,37.40809],[127.00521,37.40809],[127.00524,37.40809],[127.00539,37.4081],[127.00542,37.4081],[127.00545,37.4081],[127.00547,37.4081],[127.00549,37.4081],[127.0055,37.4081],[127.00552,37.40811],[127.00553,37.40811],[127.00555,37.40812],[127.00556,37.40812],[127.00559,37.40813],[127.00564,37.40815],[127.00576,37.40819],[127.00581,37.40822],[127.00586,37.40823],[127.00589,37.40824],[127.0059,37.40825],[127.00592,37.40825],[127.00593,37.40826],[127.00595,37.40826],[127.00598,37.40827],[127.00604,37.40828],[127.00607,37.40828],[127.00609,37.40828],[127.0061,37.40829],[127.00612,37.40829],[127.00613,37.4083],[127.00615,37.4083],[127.00616,37.40831],[127.00617,37.40832],[127.00619,37.40832],[127.00621,37.40834],[127.00625,37.40836],[127.0064,37.40847],[127.00658,37.40858],[127.00661,37.4086],[127.00662,37.40861],[127.00663,37.40862],[127.00664,37.40863],[127.00665,37.40864],[127.00666,37.40865],[127.00668,37.40866],[127.00669,37.40867],[127.00669,37.40868],[127.00671,37.4087],[127.00685,37.40885],[127.00695,37.40897],[127.00697,37.40899],[127.00698,37.409],[127.00699,37.40901],[127.007,37.40902],[127.00701,37.40903],[127.00701,37.40905],[127.00702,37.40906],[127.00702,37.40907],[127.00702,37.40908],[127.00703,37.4091],[127.00703,37.40911],[127.00703,37.40913],[127.00703,37.40917],[127.00702,37.40928],[127.00702,37.40934],[127.00702,37.40938],[127.00702,37.40941],[127.00703,37.40942],[127.00703,37.40945],[127.00704,37.4095],[127.00709,37.40988],[127.0071,37.4099],[127.0071,37.40992],[127.0071,37.40993],[127.0071,37.40995],[127.0071,37.40996],[127.0071,37.40997],[127.0071,37.40998],[127.00709,37.41],[127.00709,37.41001],[127.00709,37.41002],[127.00709,37.41003],[127.00708,37.41004],[127.00708,37.41006],[127.00707,37.41007],[127.00707,37.41008],[127.00706,37.41009],[127.00705,37.4101],[127.00704,37.41011],[127.00703,37.41012],[127.00702,37.41014],[127.00697,37.4102],[127.00695,37.41022],[127.00694,37.41023],[127.00693,37.41024],[127.00693,37.41025],[127.00692,37.41026],[127.00692,37.41027],[127.00692,37.41028],[127.00692,37.4103],[127.00692,37.41031],[127.00692,37.41032],[127.00693,37.41033],[127.00693,37.41035],[127.00694,37.41036],[127.00694,37.41037],[127.00695,37.41038],[127.00695,37.4104],[127.00696,37.41041],[127.00697,37.41042],[127.00697,37.41043],[127.00699,37.41044],[127.007,37.41045],[127.00701,37.41046],[127.00702,37.41047],[127.00704,37.41049],[127.00707,37.41051],[127.0071,37.41052],[127.00712,37.41054],[127.00714,37.41055],[127.00715,37.41055],[127.00716,37.41056],[127.00718,37.41057],[127.00719,37.41057],[127.00721,37.41057],[127.00722,37.41058],[127.00724,37.41058],[127.00726,37.41058],[127.00729,37.41058],[127.00742,37.4106],[127.00745,37.4106],[127.00747,37.4106],[127.00748,37.4106],[127.0075,37.4106],[127.00752,37.41061],[127.00753,37.41061],[127.00755,37.41061],[127.00756,37.41062],[127.00758,37.41063],[127.00759,37.41063],[127.00762,37.41064],[127.00781,37.41073],[127.00785,37.41075],[127.00787,37.41075],[127.00788,37.41076],[127.00789,37.41077],[127.00791,37.41078],[127.00792,37.41078],[127.00793,37.41079],[127.00794,37.4108],[127.00795,37.41081],[127.00795,37.41082],[127.00796,37.41084],[127.00797,37.41085],[127.00797,37.41086],[127.00799,37.4109],[127.008,37.41092],[127.00801,37.41095],[127.00802,37.41097],[127.00802,37.41099],[127.00803,37.411],[127.00803,37.41101],[127.00803,37.41103],[127.00803,37.41104],[127.00803,37.41105],[127.00803,37.41107],[127.00803,37.41108],[127.00803,37.4111],[127.00803,37.41117],[127.00803,37.4112],[127.00802,37.41122],[127.00802,37.41124],[127.00803,37.41125],[127.00803,37.41126],[127.00803,37.41127],[127.00804,37.41129],[127.00804,37.4113],[127.00805,37.41131],[127.00806,37.41132],[127.00807,37.41133],[127.00808,37.41134],[127.0081,37.41136],[127.00818,37.41141],[127.0082,37.41143],[127.00821,37.41144],[127.00822,37.41145],[127.00823,37.41146],[127.00824,37.41147],[127.00825,37.41148],[127.00826,37.41149],[127.00827,37.4115],[127.00828,37.41151],[127.00829,37.41152],[127.0083,37.41154],[127.00832,37.41157],[127.00833,37.41158],[127.00833,37.41159],[127.00834,37.4116],[127.00835,37.41161],[127.00835,37.41163],[127.00835,37.41164],[127.00836,37.41165],[127.00836,37.41168],[127.00837,37.4117],[127.00837,37.41171],[127.00838,37.41172],[127.00838,37.41173],[127.00839,37.41174],[127.0084,37.41175],[127.00841,37.41176],[127.00843,37.41177],[127.00846,37.41179],[127.00848,37.4118],[127.00849,37.41181],[127.0085,37.41182],[127.00851,37.41183],[127.00852,37.41184],[127.00852,37.41185],[127.00853,37.41186],[127.00853,37.41187],[127.00853,37.41188],[127.00854,37.4119],[127.00854,37.41191],[127.00854,37.41192],[127.00854,37.41195],[127.00856,37.4121],[127.00856,37.41212],[127.00858,37.41213],[127.00872,37.41221],[127.00874,37.41223],[127.00877,37.41224],[127.00878,37.41225],[127.0088,37.41226],[127.00881,37.41226],[127.00883,37.41227],[127.00884,37.41228],[127.00885,37.41228],[127.00887,37.41228],[127.00889,37.41228],[127.0089,37.41228],[127.00892,37.41228],[127.00893,37.41228],[127.00897,37.41227],[127.00918,37.41224],[127.0096,37.41217],[127.0098,37.41214],[127.00983,37.41214],[127.00987,37.41213],[127.00988,37.41213],[127.0099,37.41213],[127.00992,37.41213],[127.00993,37.41213],[127.00995,37.41213],[127.00996,37.41213],[127.00998,37.41214],[127.00999,37.41214],[127.01001,37.41215],[127.01007,37.41216],[127.0101,37.41217],[127.01011,37.41217],[127.01013,37.41218],[127.01015,37.41218],[127.01016,37.41218],[127.01019,37.41219],[127.01023,37.41219],[127.01028,37.41219],[127.01031,37.41219],[127.01033,37.41219],[127.01034,37.41219],[127.01036,37.41219],[127.01037,37.41219],[127.01039,37.41219],[127.0104,37.41219],[127.01042,37.41219],[127.01044,37.41218],[127.01046,37.41217],[127.01047,37.41217],[127.01049,37.41217],[127.0105,37.41217],[127.01052,37.41216],[127.01055,37.41216],[127.01059,37.41216],[127.01064,37.41216],[127.01075,37.41215],[127.0108,37.41215],[127.01084,37.41215],[127.01085,37.41214],[127.01087,37.41214],[127.01088,37.41214],[127.0109,37.41213],[127.01091,37.41213],[127.01093,37.41212],[127.01094,37.41212],[127.01097,37.4121],[127.01098,37.4121],[127.011,37.41209],[127.01101,37.41209],[127.01103,37.41208],[127.01104,37.41208],[127.01108,37.41207],[127.01111,37.41206],[127.01119,37.41204],[127.01123,37.41203],[127.01127,37.41203],[127.01128,37.41203],[127.0113,37.41202],[127.01131,37.41202],[127.01133,37.41202],[127.01134,37.41203],[127.01136,37.41203],[127.01137,37.41203],[127.01138,37.41204],[127.0114,37.41205],[127.01142,37.41206],[127.01144,37.41207],[127.01145,37.41207],[127.01147,37.41208],[127.01148,37.41208],[127.0115,37.41209],[127.01151,37.41209],[127.01153,37.4121],[127.01156,37.4121],[127.01159,37.41211],[127.01164,37.41212],[127.01169,37.41212],[127.01172,37.41213],[127.01174,37.41213],[127.01175,37.41213],[127.01177,37.41213],[127.01179,37.41213],[127.0118,37.41213],[127.01181,37.41213],[127.01183,37.41213],[127.01184,37.41213],[127.01186,37.41212],[127.01188,37.41211],[127.01189,37.41211],[127.0119,37.41211],[127.01192,37.41211],[127.01193,37.41211],[127.01195,37.41211],[127.01197,37.41211],[127.012,37.41211],[127.01203,37.41211],[127.01205,37.41211],[127.01206,37.41211],[127.01208,37.41211],[127.0121,37.41212],[127.01211,37.41212],[127.01212,37.41212],[127.01214,37.41213],[127.01215,37.41213],[127.01217,37.41214],[127.01218,37.41215],[127.01219,37.41216],[127.0122,37.41217],[127.01223,37.41218],[127.01226,37.41221],[127.01234,37.41228],[127.01236,37.4123],[127.01239,37.41232],[127.01241,37.41233],[127.01242,37.41234],[127.01243,37.41235],[127.01245,37.41236],[127.01246,37.41237],[127.01248,37.41237],[127.01249,37.41238],[127.01252,37.41239],[127.01257,37.41241],[127.01268,37.41245],[127.0127,37.41246],[127.01272,37.41246],[127.01274,37.41247],[127.01275,37.41248],[127.01276,37.41248],[127.01278,37.41249],[127.01279,37.4125],[127.0128,37.41251],[127.01281,37.41251],[127.01282,37.41252],[127.01285,37.41254],[127.01288,37.41257],[127.01292,37.41261],[127.01295,37.41264],[127.01297,37.41266],[127.01298,37.41267],[127.01299,37.41268],[127.013,37.41269],[127.01301,37.4127],[127.01302,37.41271],[127.01302,37.41273],[127.01304,37.41275],[127.01307,37.4128],[127.01314,37.41292],[127.01326,37.41299],[127.01337,37.41305],[127.0134,37.41307],[127.01341,37.41308],[127.01342,37.41308],[127.01344,37.41309],[127.01345,37.4131],[127.01346,37.41311],[127.01347,37.41312],[127.01347,37.41313],[127.01347,37.41314],[127.01347,37.41315],[127.01347,37.41316],[127.01347,37.41318],[127.01346,37.41319],[127.01346,37.4132],[127.01346,37.41321],[127.01345,37.41324],[127.01343,37.41326],[127.01343,37.41327],[127.01342,37.41329],[127.01341,37.4133],[127.01341,37.41331],[127.0134,37.41332],[127.01339,37.41333],[127.01338,37.41334],[127.01336,37.41335],[127.01335,37.41336],[127.01334,37.41336],[127.01333,37.41337],[127.01333,37.41338],[127.01333,37.41339],[127.01334,37.4134],[127.01334,37.41341],[127.01335,37.41342],[127.01336,37.41343],[127.01337,37.41346],[127.01342,37.41352],[127.01344,37.41355],[127.01344,37.41356],[127.01345,37.41357],[127.01346,37.41358],[127.01346,37.41359],[127.01347,37.4136],[127.01347,37.41362],[127.01347,37.41363],[127.01347,37.41364],[127.01347,37.41365],[127.01346,37.41366],[127.01346,37.41367],[127.01345,37.4137],[127.01344,37.41371],[127.01344,37.41372],[127.01344,37.41373],[127.01344,37.41374],[127.01344,37.41376],[127.01344,37.41377],[127.01345,37.41379],[127.01345,37.4138],[127.01346,37.41382],[127.01347,37.41383],[127.01349,37.41386],[127.0136,37.41388],[127.01366,37.41385],[127.01369,37.41385],[127.01371,37.41384],[127.01372,37.41384],[127.01374,37.41383],[127.01376,37.41383],[127.01379,37.41382],[127.01384,37.41381],[127.0142,37.41375],[127.01431,37.41373],[127.01446,37.4137],[127.0145,37.41369],[127.01452,37.41369],[127.01454,37.41369],[127.01455,37.41368],[127.01457,37.41368],[127.01459,37.41368],[127.0146,37.41368],[127.01462,37.41368],[127.01463,37.41369],[127.01465,37.41369],[127.01468,37.41369],[127.01473,37.4137],[127.01486,37.41372],[127.01489,37.41373],[127.01491,37.41373],[127.01493,37.41373],[127.01494,37.41373],[127.01496,37.41374],[127.01497,37.41374],[127.01499,37.41373],[127.015,37.41373],[127.01502,37.41373],[127.01503,37.41372],[127.01505,37.41372],[127.01506,37.41371],[127.01508,37.4137],[127.01512,37.41368],[127.01526,37.41361],[127.01529,37.4136],[127.0153,37.41359],[127.01532,37.41359],[127.01533,37.41358],[127.01535,37.41358],[127.01536,37.41357],[127.01538,37.41357],[127.01539,37.41357],[127.01541,37.41357],[127.01542,37.41357],[127.01544,37.41357],[127.01546,37.41358],[127.01547,37.41358],[127.01557,37.4136],[127.0156,37.4136],[127.01562,37.41361],[127.01564,37.41361],[127.01565,37.41361],[127.01567,37.41361],[127.01569,37.41361],[127.0157,37.41361],[127.01572,37.4136],[127.01573,37.4136],[127.01575,37.4136],[127.01581,37.41358],[127.01584,37.41358],[127.01586,37.41358],[127.01588,37.41357],[127.01589,37.41357],[127.01591,37.41357],[127.01592,37.41357],[127.01594,37.41357],[127.01596,37.41357],[127.01597,37.41357],[127.01602,37.41358],[127.0161,37.41359],[127.01615,37.4136],[127.01618,37.4136],[127.0162,37.4136],[127.01621,37.41361],[127.01624,37.41361],[127.01629,37.41363],[127.01635,37.41364],[127.01648,37.41368],[127.01653,37.41369],[127.01654,37.4137],[127.01656,37.4137],[127.01657,37.4137],[127.01659,37.4137],[127.0166,37.41371],[127.01662,37.4137],[127.01663,37.4137],[127.01665,37.4137],[127.01666,37.41369],[127.01667,37.41368],[127.01669,37.41368],[127.0167,37.41367],[127.01673,37.41365],[127.01676,37.41363],[127.01685,37.41357],[127.01686,37.41357],[127.01717,37.41358],[127.01722,37.41359],[127.01726,37.41359],[127.01727,37.41359],[127.01729,37.41359],[127.0173,37.4136],[127.01732,37.4136],[127.01734,37.4136],[127.01741,37.41362],[127.01744,37.41363],[127.01746,37.41363],[127.01747,37.41363],[127.01749,37.41363],[127.0175,37.41364],[127.01752,37.41363],[127.01753,37.41363],[127.01755,37.41363],[127.01757,37.41363],[127.01758,37.41363],[127.0176,37.41362],[127.01761,37.41362],[127.01763,37.41361],[127.01764,37.41361],[127.01766,37.4136],[127.01767,37.4136],[127.01768,37.41359],[127.0177,37.41359],[127.01771,37.41358],[127.01772,37.41357],[127.01773,37.41356],[127.01774,37.41355],[127.01775,37.41354],[127.01775,37.41353],[127.01776,37.41351],[127.01777,37.41349],[127.01782,37.4134],[127.01783,37.41338],[127.01784,37.41337],[127.01784,37.41336],[127.01785,37.41335],[127.01786,37.41333],[127.01787,37.41332],[127.01788,37.41331],[127.01789,37.41331],[127.0179,37.4133],[127.01791,37.41329],[127.01792,37.41328],[127.01793,37.41327],[127.01795,37.41327],[127.01796,37.41326],[127.01797,37.41326],[127.01799,37.41325],[127.018,37.41325],[127.01802,37.41324],[127.01803,37.41324],[127.01807,37.41323],[127.01823,37.41319],[127.01837,37.41315],[127.01865,37.41308],[127.01887,37.41302],[127.0189,37.41301],[127.01893,37.413],[127.01895,37.413],[127.01897,37.413],[127.01898,37.41299],[127.019,37.41299],[127.01901,37.41299],[127.01903,37.41299],[127.01906,37.41299],[127.01913,37.41299],[127.01933,37.41299],[127.01936,37.41299],[127.0194,37.41298],[127.01941,37.41298],[127.01943,37.41298],[127.01945,37.41298],[127.01946,37.41298],[127.01948,37.41298],[127.0195,37.41297],[127.01953,37.41296],[127.01956,37.41296],[127.0198,37.41289],[127.02018,37.41279],[127.02037,37.41273],[127.02057,37.41268],[127.0206,37.41268],[127.02061,37.41267],[127.02063,37.41266],[127.02064,37.41266],[127.02066,37.41265],[127.02067,37.41265],[127.02069,37.41264],[127.0207,37.41263],[127.02071,37.41263],[127.02073,37.41262],[127.02074,37.41261],[127.02076,37.41259],[127.0208,37.41256],[127.02093,37.41247],[127.02095,37.41246],[127.02097,37.41245],[127.02098,37.41244],[127.02099,37.41243],[127.021,37.41243],[127.02102,37.41242],[127.02103,37.41242],[127.02105,37.41242],[127.02106,37.41242],[127.02107,37.41242],[127.02109,37.41242],[127.0211,37.41242],[127.02112,37.41243],[127.02119,37.41245],[127.02121,37.41245],[127.02122,37.41246],[127.02124,37.41246],[127.02125,37.41246],[127.02127,37.41247],[127.02128,37.41247],[127.0213,37.41247],[127.02132,37.41247],[127.02133,37.41247],[127.02137,37.41246],[127.0214,37.41246],[127.02177,37.41242],[127.02182,37.41242],[127.02185,37.41242],[127.02187,37.41242],[127.02189,37.41242],[127.0219,37.41242],[127.02192,37.41242],[127.02194,37.41242],[127.02195,37.41242],[127.02197,37.41243],[127.02198,37.41243],[127.022,37.41244],[127.02204,37.41245],[127.02219,37.4125],[127.02226,37.41252],[127.02229,37.41253],[127.0223,37.41253],[127.02232,37.41253],[127.02233,37.41254],[127.02235,37.41254],[127.02236,37.41254],[127.02238,37.41255],[127.02241,37.41255],[127.02248,37.41256],[127.02255,37.41256],[127.0226,37.41257],[127.02263,37.41257],[127.02265,37.41257],[127.02267,37.41257],[127.02268,37.41257],[127.0227,37.41257],[127.02273,37.41257],[127.02278,37.41256],[127.02281,37.41256],[127.02285,37.41255],[127.02288,37.41255],[127.0229,37.41255],[127.02291,37.41254],[127.02293,37.41254],[127.02294,37.41254],[127.02296,37.41253],[127.02297,37.41253],[127.02299,37.41252],[127.023,37.41251],[127.02301,37.4125],[127.02305,37.41248],[127.02306,37.41247],[127.02307,37.41246],[127.02308,37.41245],[127.0231,37.41245],[127.02311,37.41244],[127.02312,37.41244],[127.02314,37.41244],[127.02315,37.41244],[127.02317,37.41245],[127.02318,37.41245],[127.02322,37.41246],[127.02324,37.41246],[127.02326,37.41246],[127.02327,37.41246],[127.02329,37.41246],[127.0233,37.41247],[127.02332,37.41246],[127.02333,37.41246],[127.02335,37.41246],[127.02338,37.41246],[127.02343,37.41245],[127.02356,37.41242],[127.02359,37.41242],[127.02361,37.41242],[127.02362,37.41242],[127.02364,37.41241],[127.02365,37.41241],[127.02367,37.41241],[127.02369,37.41241],[127.0237,37.41241],[127.02372,37.41242],[127.02374,37.41242],[127.02375,37.41242],[127.02377,37.41243],[127.02378,37.41243],[127.0238,37.41243],[127.02381,37.41244],[127.02383,37.41244],[127.02384,37.41245],[127.02386,37.41246],[127.02387,37.41246],[127.02389,37.41247],[127.02391,37.41249],[127.02396,37.41252],[127.02398,37.41253],[127.02399,37.41254],[127.024,37.41255],[127.02402,37.41255],[127.02403,37.41256],[127.02405,37.41256],[127.02406,37.41257],[127.02407,37.41257],[127.02409,37.41257],[127.0241,37.41257],[127.02412,37.41257],[127.02413,37.41257],[127.02415,37.41257],[127.02416,37.41257],[127.02418,37.41257],[127.0242,37.41257],[127.02421,37.41257],[127.02423,37.41256],[127.02424,37.41256],[127.02426,37.41255],[127.02429,37.41254],[127.02432,37.41253],[127.02455,37.41245],[127.02458,37.41244],[127.02461,37.41243],[127.02464,37.41242],[127.02466,37.41242],[127.02467,37.41241],[127.02469,37.41241],[127.0247,37.41241],[127.02472,37.41241],[127.02474,37.41241],[127.02475,37.41241],[127.02477,37.41241],[127.0248,37.41242],[127.02483,37.41242],[127.0249,37.41243],[127.02493,37.41244],[127.02495,37.41244],[127.02496,37.41244],[127.02498,37.41244],[127.025,37.41244],[127.02501,37.41244],[127.02503,37.41244],[127.02505,37.41244],[127.02506,37.41244],[127.02508,37.41244],[127.02509,37.41243],[127.02514,37.41242],[127.02517,37.41242],[127.02518,37.41242],[127.0252,37.41242],[127.02521,37.41241],[127.02523,37.41241],[127.02524,37.41241],[127.02526,37.41241],[127.02529,37.41242],[127.02534,37.41242],[127.02535,37.41242],[127.02537,37.41242],[127.02538,37.41242],[127.0254,37.41242],[127.02541,37.41242],[127.02543,37.41242],[127.02544,37.41241],[127.02545,37.41241],[127.02547,37.4124],[127.02548,37.41239],[127.02549,37.41239],[127.02552,37.41237],[127.02559,37.41232],[127.02562,37.41231],[127.02563,37.4123],[127.02564,37.41229],[127.02566,37.41228],[127.02567,37.41228],[127.02568,37.41227],[127.0257,37.41226],[127.02571,37.41226],[127.02573,37.41226],[127.02574,37.41225],[127.02576,37.41225],[127.02584,37.41224],[127.02585,37.41224],[127.02587,37.41224],[127.02589,37.41224],[127.0259,37.41223],[127.02591,37.41222],[127.02593,37.41222],[127.02594,37.41221],[127.02595,37.41221],[127.026,37.41218],[127.02601,37.41218],[127.02602,37.41217],[127.02604,37.41217],[127.02605,37.41216],[127.02607,37.41216],[127.02608,37.41216],[127.0261,37.41215],[127.02612,37.41215],[127.02613,37.41215],[127.02615,37.41215],[127.02618,37.41216],[127.02638,37.41217],[127.02674,37.41218],[127.02692,37.41219],[127.02696,37.41219],[127.02699,37.41219],[127.02702,37.41219],[127.02704,37.41219],[127.02706,37.41219],[127.02707,37.41219],[127.02709,37.41219],[127.0271,37.41219],[127.02712,37.41218],[127.02716,37.41217],[127.02718,37.41217],[127.02719,37.41217],[127.02721,37.41216],[127.02722,37.41216],[127.02724,37.41216],[127.02725,37.41216],[127.02727,37.41216],[127.02729,37.41216],[127.02732,37.41216],[127.02737,37.41217],[127.02755,37.41218],[127.02761,37.41219],[127.02765,37.41219],[127.02766,37.41219],[127.02768,37.41219],[127.0277,37.41219],[127.02771,37.41219],[127.02773,37.41219],[127.02774,37.41219],[127.02778,37.41218],[127.02784,37.41217],[127.02802,37.41215],[127.02805,37.41215],[127.02809,37.41214],[127.0281,37.41214],[127.02812,37.41214],[127.02813,37.41214],[127.02815,37.41214],[127.02817,37.41214],[127.02818,37.41214],[127.0282,37.41215],[127.02821,37.41215],[127.02824,37.41216],[127.02828,37.41217],[127.0284,37.4122],[127.0285,37.41223],[127.02873,37.41229],[127.02876,37.4123],[127.02878,37.4123],[127.0288,37.41231],[127.02881,37.41231],[127.02882,37.41232],[127.02884,37.41233],[127.02885,37.41233],[127.02886,37.41234],[127.02887,37.41235],[127.02889,37.41236],[127.0289,37.41237],[127.02895,37.41242],[127.02896,37.41243],[127.02898,37.41244],[127.02899,37.41245],[127.029,37.41246],[127.02901,37.41246],[127.02903,37.41247],[127.02904,37.41248],[127.02905,37.41248],[127.02907,37.41248],[127.02908,37.41248],[127.0291,37.41249],[127.02912,37.41249],[127.02918,37.41249],[127.0292,37.4125],[127.02921,37.4125],[127.02923,37.4125],[127.02924,37.4125],[127.02926,37.41251],[127.02927,37.41251],[127.02928,37.41252],[127.0293,37.41253],[127.02931,37.41254],[127.02932,37.41255],[127.02933,37.41256],[127.02937,37.41258],[127.02948,37.41268],[127.02954,37.41273],[127.02956,37.41275],[127.02957,37.41276],[127.02958,37.41277],[127.0296,37.41278],[127.02961,37.41279],[127.02962,37.4128],[127.02964,37.4128],[127.02966,37.41282],[127.02973,37.41286],[127.02977,37.41288],[127.0298,37.41289],[127.02981,37.4129],[127.02983,37.41291],[127.02984,37.41291],[127.02986,37.41292],[127.02987,37.41292],[127.02989,37.41292],[127.0299,37.41292],[127.02992,37.41292],[127.02994,37.41292],[127.02995,37.41292],[127.02999,37.41292],[127.03017,37.41292],[127.03024,37.41292],[127.03027,37.41292],[127.03029,37.41292],[127.03031,37.41292],[127.03032,37.41293],[127.03034,37.41293],[127.03036,37.41293],[127.03037,37.41293],[127.03038,37.41294],[127.0304,37.41294],[127.03043,37.41295],[127.03046,37.41297],[127.03055,37.413],[127.03057,37.41301],[127.03059,37.41302],[127.0306,37.41302],[127.03062,37.41302],[127.03063,37.41303],[127.03065,37.41303],[127.03066,37.41304],[127.03068,37.41304],[127.0307,37.41304],[127.03071,37.41304],[127.03073,37.41304],[127.03076,37.41304],[127.0309,37.41304],[127.03095,37.41304],[127.03098,37.41304],[127.031,37.41304],[127.03101,37.41305],[127.03103,37.41305],[127.03104,37.41305],[127.03106,37.41305],[127.03107,37.41306],[127.03108,37.41307],[127.03109,37.41307],[127.03112,37.41309],[127.03113,37.41309],[127.03114,37.4131],[127.03115,37.4131],[127.03117,37.41311],[127.03118,37.41311],[127.03119,37.41311],[127.03121,37.41311],[127.03123,37.41311],[127.03124,37.41311],[127.03126,37.4131],[127.03129,37.4131],[127.03137,37.41308],[127.03141,37.41308],[127.03142,37.41307],[127.03144,37.41307],[127.03146,37.41307],[127.03147,37.41307],[127.03149,37.41307],[127.0315,37.41307],[127.03152,37.41307],[127.03154,37.41307],[127.03155,37.41307],[127.03159,37.41307],[127.03164,37.41308],[127.03179,37.41309],[127.03193,37.41311],[127.03212,37.41316],[127.03228,37.41321],[127.03233,37.41322],[127.03236,37.41324],[127.03237,37.41324],[127.03239,37.41325],[127.0324,37.41325],[127.03242,37.41326],[127.03243,37.41327],[127.03245,37.41327],[127.03246,37.41328],[127.03247,37.41329],[127.0325,37.41331],[127.0326,37.41338],[127.03264,37.4134],[127.03265,37.41341],[127.03266,37.41342],[127.03268,37.41342],[127.03269,37.41343],[127.0327,37.41344],[127.03272,37.41345],[127.03273,37.41345],[127.03276,37.41346],[127.03279,37.41347],[127.03298,37.41354],[127.03329,37.41365],[127.03346,37.41371],[127.03351,37.41372],[127.03352,37.41373],[127.03354,37.41374],[127.03355,37.41374],[127.03357,37.41375],[127.03358,37.41376],[127.03359,37.41376],[127.03361,37.41377],[127.03362,37.41378],[127.03364,37.4138],[127.03367,37.41383],[127.03368,37.41383],[127.03369,37.41384],[127.03371,37.41385],[127.03372,37.41386],[127.03373,37.41387],[127.03375,37.41387],[127.03376,37.41388],[127.03378,37.41389],[127.0338,37.4139],[127.03383,37.41391],[127.03389,37.41393],[127.03395,37.41395],[127.03398,37.41396],[127.03401,37.41397],[127.03403,37.41398],[127.03404,37.41398],[127.03406,37.41398],[127.03407,37.41399],[127.03409,37.41399],[127.0341,37.41399],[127.03412,37.41399],[127.03413,37.41399],[127.03418,37.41399],[127.0342,37.414],[127.03421,37.414],[127.03423,37.414],[127.03424,37.414],[127.03426,37.414],[127.03427,37.41401],[127.03428,37.41401],[127.03431,37.41402],[127.03433,37.41403],[127.03434,37.41403],[127.03435,37.41403],[127.03437,37.41403],[127.03439,37.41403],[127.0344,37.41403],[127.03442,37.41403],[127.03443,37.41403],[127.03445,37.41403],[127.03453,37.41401],[127.03454,37.41401],[127.03456,37.41401],[127.03458,37.41401],[127.03459,37.41401],[127.03461,37.41401],[127.03462,37.41401],[127.03464,37.41401],[127.03465,37.41402],[127.03467,37.41402],[127.03471,37.41404],[127.03472,37.41404],[127.03474,37.41405],[127.03476,37.41405],[127.03477,37.41405],[127.03479,37.41405],[127.0348,37.41406],[127.03482,37.41406],[127.03487,37.41406],[127.03488,37.41407],[127.0349,37.41407],[127.03491,37.41407],[127.03493,37.41407],[127.03494,37.41407],[127.03495,37.41408],[127.03496,37.41409],[127.03496,37.41409],[127.03496,37.4141],[127.03497,37.41411],[127.03497,37.41413],[127.03497,37.41414],[127.03497,37.41415],[127.03498,37.41416],[127.03498,37.41417],[127.03499,37.41418],[127.035,37.41419],[127.03501,37.41419],[127.03502,37.4142],[127.03503,37.4142],[127.03505,37.41421],[127.03506,37.41421],[127.03508,37.41421],[127.03511,37.41421],[127.03514,37.41422],[127.03522,37.41422],[127.03527,37.41422],[127.0353,37.41423],[127.03532,37.41423],[127.03534,37.41423],[127.03535,37.41422],[127.03537,37.41422],[127.03538,37.41422],[127.0354,37.41422],[127.03543,37.41421],[127.03548,37.4142],[127.03559,37.41417],[127.03562,37.41417],[127.03563,37.41416],[127.03565,37.41416],[127.03567,37.41416],[127.03568,37.41416],[127.0357,37.41416],[127.03571,37.41416],[127.03573,37.41416],[127.03575,37.41416],[127.03576,37.41416],[127.0358,37.41416],[127.03585,37.41417],[127.03599,37.4142],[127.03603,37.4142],[127.03604,37.4142],[127.03606,37.41421],[127.03608,37.41421],[127.03609,37.41421],[127.03611,37.41421],[127.03612,37.41421],[127.03614,37.41421],[127.03616,37.41421],[127.03617,37.4142],[127.03619,37.4142],[127.03622,37.41419],[127.03627,37.41418],[127.03656,37.41409],[127.0366,37.41407],[127.03664,37.41407],[127.03665,37.41406],[127.03667,37.41406],[127.03668,37.41405],[127.0367,37.41405],[127.03672,37.41405],[127.03673,37.41405],[127.03675,37.41405],[127.03676,37.41405],[127.03678,37.41405],[127.03681,37.41405],[127.03685,37.41406],[127.03699,37.41407],[127.03703,37.41408],[127.03704,37.41408],[127.03706,37.41408],[127.03708,37.41408],[127.03709,37.41408],[127.03711,37.41408],[127.03712,37.41408],[127.03714,37.41408],[127.03715,37.41407],[127.03717,37.41407],[127.03718,37.41406],[127.03719,37.41405],[127.03721,37.41405],[127.03726,37.41401],[127.03727,37.41401],[127.03728,37.414],[127.0373,37.41399],[127.03731,37.41399],[127.03732,37.41398],[127.03734,37.41398],[127.03735,37.41398],[127.0374,37.41397],[127.03741,37.41397],[127.03742,37.41397],[127.03744,37.41397],[127.03745,37.41396],[127.03747,37.41396],[127.03748,37.41395],[127.0375,37.41394],[127.03751,37.41394],[127.03754,37.41392],[127.03758,37.4139],[127.03777,37.41379],[127.03777,37.4138],[127.03778,37.4138],[127.03779,37.41381],[127.0378,37.41381],[127.03782,37.41383],[127.03783,37.41384],[127.03784,37.41385],[127.03785,37.41386],[127.03786,37.41388],[127.03787,37.41389],[127.03788,37.41391],[127.03789,37.41392],[127.0379,37.41393],[127.0379,37.41394],[127.03791,37.41395],[127.03792,37.41396],[127.03793,37.41397],[127.03794,37.41398],[127.03796,37.41398],[127.03797,37.41399],[127.03798,37.414],[127.03803,37.41402],[127.03804,37.41402],[127.03805,37.41403],[127.03807,37.41404],[127.03808,37.41404],[127.03809,37.41405],[127.03811,37.41406],[127.03812,37.41407],[127.03813,37.41408],[127.03815,37.4141],[127.03821,37.41415],[127.03823,37.41417],[127.03824,37.41418],[127.03825,37.41418],[127.03826,37.41419],[127.03827,37.4142],[127.03829,37.41421],[127.0383,37.41421],[127.03831,37.41422],[127.03836,37.41423],[127.03837,37.41423],[127.03839,37.41424],[127.0384,37.41425],[127.0384,37.41425],[127.03841,37.41426],[127.03842,37.41427],[127.03843,37.41428],[127.03844,37.41431],[127.03845,37.41432],[127.03845,37.41433],[127.03846,37.41434],[127.03847,37.41435],[127.03848,37.41435],[127.0385,37.41436],[127.03851,37.41436],[127.03853,37.41436],[127.03859,37.41437],[127.0386,37.41437],[127.03862,37.41438],[127.03863,37.41438],[127.03864,37.41439],[127.03865,37.41439],[127.03866,37.4144],[127.03866,37.41441],[127.03868,37.41443],[127.03869,37.41444],[127.0387,37.41445],[127.03871,37.41446],[127.03872,37.41447],[127.03874,37.41449],[127.03876,37.41451],[127.03878,37.41452],[127.03879,37.41452],[127.0388,37.41453],[127.03881,37.41454],[127.03883,37.41455],[127.03884,37.41456],[127.03885,37.41456],[127.03887,37.41457],[127.03888,37.41457],[127.0389,37.41457],[127.03891,37.41457],[127.03893,37.41457],[127.03894,37.41457],[127.03899,37.41457],[127.03901,37.41456],[127.03902,37.41456],[127.03904,37.41456],[127.03906,37.41457],[127.03907,37.41457],[127.03909,37.41457],[127.0391,37.41458],[127.03911,37.41458],[127.03913,37.41459],[127.03914,37.41459],[127.03919,37.41461],[127.03932,37.41468],[127.03935,37.41469],[127.03936,37.4147],[127.03938,37.4147],[127.03939,37.41471],[127.03941,37.41471],[127.03942,37.41472],[127.03944,37.41472],[127.03945,37.41472],[127.03947,37.41472],[127.03948,37.41472],[127.03952,37.41473],[127.03955,37.41473],[127.0396,37.41473],[127.03963,37.41473],[127.03965,37.41473],[127.03967,37.41473],[127.03968,37.41473],[127.0397,37.41473],[127.03972,37.41473],[127.03973,37.41472],[127.03977,37.41472],[127.03981,37.41471],[127.03991,37.4147],[127.03995,37.41469],[127.03996,37.41469],[127.03998,37.41469],[127.03999,37.41468],[127.04001,37.41468],[127.04002,37.41469],[127.04004,37.41469],[127.04005,37.41469],[127.04006,37.4147],[127.04008,37.4147],[127.04009,37.41471],[127.0401,37.41472],[127.04011,37.41473],[127.04014,37.41475],[127.04024,37.41483],[127.04026,37.41485],[127.04027,37.41486],[127.04029,37.41487],[127.0403,37.41488],[127.04031,37.41489],[127.04032,37.41489],[127.04034,37.4149],[127.04035,37.4149],[127.04036,37.41491],[127.04037,37.41491],[127.04039,37.41491],[127.04043,37.41492],[127.04045,37.41492],[127.04046,37.41492],[127.04048,37.41493],[127.04049,37.41493],[127.04051,37.41493],[127.04052,37.41494],[127.04055,37.41495],[127.0406,37.41497],[127.0407,37.41501],[127.04075,37.41502],[127.04078,37.41503],[127.04079,37.41504],[127.04081,37.41505],[127.04082,37.41505],[127.04083,37.41506],[127.04085,37.41507],[127.04086,37.41508],[127.04087,37.41508],[127.04088,37.41509],[127.0409,37.41511],[127.04094,37.41514],[127.04096,37.41516],[127.04097,37.41517],[127.04098,37.41517],[127.04099,37.41518],[127.041,37.41519],[127.041,37.41521],[127.04101,37.41522],[127.04101,37.41523],[127.04102,37.41524],[127.04102,37.41525],[127.04102,37.41526],[127.04102,37.41528],[127.04102,37.4153],[127.04102,37.41534],[127.04102,37.41537],[127.04102,37.41538],[127.04102,37.41539],[127.04102,37.4154],[127.04101,37.41542],[127.04101,37.41543],[127.041,37.41544],[127.04099,37.41545],[127.04098,37.41546],[127.04097,37.41547],[127.04094,37.4155],[127.04093,37.41551],[127.04092,37.41552],[127.04091,37.41553],[127.04091,37.41554],[127.0409,37.41555],[127.0409,37.41556],[127.0409,37.41557],[127.04089,37.41559],[127.04089,37.4156],[127.0409,37.41561],[127.0409,37.41562],[127.0409,37.41562],[127.04091,37.41563],[127.04092,37.41564],[127.04094,37.41565],[127.04095,37.41566],[127.04096,37.41566],[127.04097,37.41567],[127.04099,37.41567],[127.041,37.41568],[127.04102,37.41568],[127.04103,37.41569],[127.04105,37.41569],[127.04107,37.41569],[127.0411,37.41569],[127.04125,37.41571],[127.04128,37.41571],[127.04131,37.41571],[127.04134,37.41571],[127.04136,37.41572],[127.04138,37.41572],[127.04139,37.41572],[127.04141,37.41571],[127.04144,37.41571],[127.04151,37.41571],[127.04172,37.41569],[127.0418,37.41577],[127.04183,37.41581],[127.04185,37.41583],[127.04186,37.41584],[127.04187,37.41586],[127.04187,37.41587],[127.04188,37.41588],[127.04189,37.41589],[127.04189,37.4159],[127.0419,37.41592],[127.04191,37.41594],[127.04192,37.41598],[127.04193,37.416],[127.04193,37.41602],[127.04193,37.41603],[127.04194,37.41604],[127.04194,37.41605],[127.04194,37.41606],[127.04193,37.41608],[127.04193,37.41609],[127.04193,37.4161],[127.04192,37.41611],[127.04191,37.41612],[127.04191,37.41613],[127.04188,37.41618],[127.04187,37.4162],[127.04186,37.41621],[127.04186,37.41622],[127.04185,37.41623],[127.04185,37.41624],[127.04184,37.41626],[127.04184,37.41627],[127.04184,37.41628],[127.04184,37.41629],[127.04184,37.41633],[127.04184,37.41635],[127.04183,37.41636],[127.04183,37.41637],[127.04183,37.41638],[127.04182,37.4164],[127.04182,37.41641],[127.04181,37.41642],[127.04181,37.41643],[127.04179,37.41646],[127.04177,37.41649],[127.04171,37.41658],[127.0417,37.41661],[127.04169,37.41662],[127.04169,37.41663],[127.04168,37.41664],[127.04168,37.41666],[127.04167,37.41667],[127.04167,37.41668],[127.04167,37.41669],[127.04167,37.4167],[127.04167,37.41672],[127.04168,37.41673],[127.04168,37.41674],[127.04169,37.41675],[127.04169,37.41676],[127.0417,37.41677],[127.0417,37.41678],[127.04171,37.41679],[127.04171,37.4168],[127.04172,37.41681],[127.04173,37.41681],[127.04175,37.41682],[127.04176,37.41682],[127.04177,37.41683],[127.04177,37.41684],[127.04178,37.41685],[127.04178,37.41686],[127.04178,37.41687],[127.04177,37.41689],[127.04177,37.4169],[127.04176,37.41691],[127.04176,37.41691],[127.04175,37.41691],[127.04176,37.41692],[127.04176,37.41692],[127.04177,37.41693],[127.04177,37.41693],[127.04178,37.41694],[127.04179,37.41696],[127.04179,37.41698],[127.0418,37.41699],[127.0418,37.41701],[127.0418,37.41703],[127.0418,37.41704],[127.0418,37.41709],[127.04181,37.41715],[127.04181,37.41717],[127.04181,37.41719],[127.04181,37.4172],[127.04181,37.41721],[127.0418,37.41723],[127.0418,37.41724],[127.0418,37.41725],[127.04179,37.41727],[127.04179,37.41728],[127.04178,37.41732],[127.04177,37.41733],[127.04177,37.41734],[127.04177,37.41735],[127.04176,37.41736],[127.04177,37.41738],[127.04177,37.41739],[127.04178,37.41739],[127.04179,37.4174],[127.0418,37.41741],[127.04181,37.41742],[127.04182,37.41743],[127.04185,37.41745],[127.04187,37.41746],[127.04194,37.4175],[127.04196,37.41752],[127.04199,37.41754],[127.042,37.41755],[127.04201,37.41755],[127.04202,37.41756],[127.04203,37.41757],[127.04203,37.41758],[127.04203,37.41759],[127.04203,37.4176],[127.04203,37.41761],[127.04201,37.41763],[127.04201,37.41764],[127.042,37.41766],[127.042,37.41767],[127.042,37.41768],[127.042,37.41769],[127.042,37.4177],[127.04201,37.41773],[127.04201,37.41776],[127.04202,37.41782],[127.04203,37.41785],[127.04203,37.41786],[127.04203,37.41787],[127.04203,37.41788],[127.04203,37.4179],[127.04203,37.41791],[127.04203,37.41792],[127.04203,37.41794],[127.04202,37.41795],[127.04202,37.41796],[127.04201,37.41799],[127.042,37.41803],[127.04195,37.41822],[127.04193,37.41828],[127.04193,37.4183],[127.04192,37.41831],[127.04192,37.41833],[127.04192,37.41834],[127.04192,37.41835],[127.04192,37.41837],[127.04192,37.41838],[127.04192,37.41841],[127.04193,37.41845],[127.04193,37.41849],[127.04194,37.41851],[127.04194,37.41853],[127.04195,37.41854],[127.04195,37.41855],[127.04195,37.41856],[127.04196,37.41857],[127.04197,37.41859],[127.04198,37.4186],[127.04198,37.4186],[127.042,37.41861],[127.04202,37.41864],[127.04203,37.41865],[127.04205,37.41866],[127.04205,37.41867],[127.04206,37.41868],[127.04207,37.41869],[127.04208,37.41871],[127.04208,37.41872],[127.04209,37.41873],[127.0421,37.41875],[127.04213,37.4188],[127.04219,37.41894],[127.0422,37.41897],[127.04221,37.41898],[127.04222,37.41899],[127.04222,37.419],[127.04223,37.41902],[127.04224,37.41903],[127.04225,37.41904],[127.04226,37.41905],[127.04227,37.41906],[127.04228,37.41907],[127.04229,37.41908],[127.04232,37.41909],[127.04234,37.41911],[127.04237,37.41913],[127.04251,37.41922],[127.04254,37.41923],[127.04256,37.41925],[127.04257,37.41926],[127.04258,37.41927],[127.0426,37.41928],[127.0426,37.41929],[127.04261,37.4193],[127.04261,37.41931],[127.04262,37.41932],[127.04262,37.41933],[127.04262,37.41934],[127.04262,37.41936],[127.04262,37.41937],[127.04262,37.4194],[127.04262,37.41944],[127.04261,37.41946],[127.04261,37.41947],[127.04261,37.41949],[127.04261,37.4195],[127.04262,37.41951],[127.04262,37.41952],[127.04263,37.41954],[127.04263,37.41955],[127.04264,37.41956],[127.04266,37.41959],[127.04267,37.4196],[127.04268,37.41962],[127.04268,37.41963],[127.04269,37.41965],[127.04269,37.41967],[127.04268,37.41968],[127.04268,37.41969],[127.04268,37.4197],[127.04268,37.41971],[127.04268,37.41971],[127.04263,37.41971],[127.04261,37.41971],[127.0426,37.41971],[127.04259,37.41972],[127.04259,37.41972],[127.04258,37.41972],[127.04257,37.41972],[127.04257,37.41973],[127.04256,37.41973],[127.04256,37.41973],[127.04255,37.41974],[127.04241,37.41986],[127.04241,37.41987],[127.04241,37.41987],[127.04241,37.41989],[127.04241,37.4199],[127.0424,37.41992],[127.0424,37.41994],[127.04239,37.41995],[127.04239,37.41996],[127.04238,37.41998],[127.04237,37.41999],[127.04236,37.42],[127.04233,37.42003],[127.04231,37.42005],[127.0423,37.42006],[127.04229,37.42007],[127.04229,37.42008],[127.04228,37.4201],[127.04227,37.42011],[127.04227,37.42012],[127.04227,37.42013],[127.04226,37.42014],[127.04225,37.42017],[127.04225,37.42021],[127.04223,37.42032],[127.04222,37.42037],[127.04221,37.42038],[127.04221,37.42039],[127.04221,37.42041],[127.0422,37.42043],[127.04219,37.42044],[127.04219,37.42046],[127.04218,37.42047],[127.04217,37.42048],[127.04216,37.42049],[127.04215,37.4205],[127.04215,37.4205],[127.04215,37.4205],[127.04215,37.4205],[127.04213,37.42052],[127.04212,37.42052],[127.04211,37.42054],[127.04209,37.42055],[127.04208,37.42056],[127.04207,37.42057],[127.04206,37.42059],[127.04205,37.4206],[127.04205,37.42061],[127.04204,37.42063],[127.04204,37.42064],[127.04204,37.42065],[127.04204,37.42066],[127.04204,37.42068],[127.04204,37.42069],[127.04204,37.4207],[127.04204,37.42071],[127.04205,37.42072],[127.04205,37.42074],[127.04206,37.42074],[127.04207,37.42075],[127.04208,37.42077],[127.04209,37.42077],[127.04211,37.42079],[127.04214,37.42081],[127.0422,37.42086],[127.04222,37.42088],[127.04223,37.42089],[127.04224,37.4209],[127.04225,37.42091],[127.04226,37.42092],[127.04227,37.42093],[127.04227,37.42094],[127.04228,37.42095],[127.04228,37.42096],[127.04228,37.42097],[127.04227,37.42098],[127.04227,37.42099],[127.04227,37.421],[127.04226,37.42101],[127.04226,37.42103],[127.04225,37.42104],[127.04224,37.42105],[127.04224,37.42106],[127.04222,37.42106],[127.04221,37.42107],[127.0422,37.42108],[127.04218,37.4211],[127.04216,37.4211],[127.04215,37.42111],[127.04214,37.42112],[127.04214,37.42113],[127.04213,37.42114],[127.04213,37.42115],[127.04213,37.42116],[127.04213,37.42117],[127.04214,37.42118],[127.04215,37.4212],[127.04215,37.42121],[127.04215,37.42122],[127.04215,37.42123],[127.04215,37.42124],[127.04215,37.42125],[127.04214,37.42126],[127.04213,37.42127],[127.04212,37.42128],[127.04211,37.42129],[127.04211,37.4213],[127.04208,37.42133],[127.04202,37.42138],[127.042,37.42141],[127.04198,37.42144],[127.04196,37.42146],[127.04195,37.42147],[127.04194,37.42148],[127.04193,37.42149],[127.04193,37.4215],[127.04192,37.42151],[127.04191,37.42152],[127.0419,37.42153],[127.0419,37.42153],[127.04189,37.42154],[127.04188,37.42154],[127.04186,37.42154],[127.04185,37.42155],[127.04184,37.42155],[127.04183,37.42156],[127.04182,37.42157],[127.04182,37.42158],[127.04181,37.42159],[127.04181,37.4216],[127.04181,37.42161],[127.0418,37.42162],[127.0418,37.42165],[127.04174,37.42189],[127.04172,37.42199],[127.04171,37.42203],[127.0417,37.42204],[127.0417,37.42206],[127.0417,37.42207],[127.04169,37.42208],[127.04169,37.42209],[127.04168,37.4221],[127.04167,37.42211],[127.04166,37.42212],[127.04165,37.42213],[127.04164,37.42214],[127.04163,37.42215],[127.04161,37.42216],[127.0416,37.42216],[127.04159,37.42217],[127.04157,37.42217],[127.04156,37.42217],[127.04152,37.42218],[127.0415,37.42218],[127.04149,37.42218],[127.04148,37.42218],[127.04147,37.42219],[127.04145,37.4222],[127.04144,37.4222],[127.04144,37.42221],[127.04143,37.42222],[127.0414,37.42225],[127.04139,37.42226],[127.04139,37.42227],[127.04138,37.42228],[127.04137,37.42228],[127.04135,37.42229],[127.04134,37.42229],[127.04133,37.42229],[127.04131,37.42229],[127.0413,37.42229],[127.04129,37.42229],[127.04128,37.42229],[127.04127,37.4223],[127.04126,37.42231],[127.04125,37.42232],[127.04125,37.42233],[127.04124,37.42234],[127.04124,37.42235],[127.04122,37.42238],[127.04121,37.4224],[127.04117,37.42253],[127.04115,37.42258],[127.04114,37.4226],[127.04113,37.42262],[127.04112,37.42263],[127.04112,37.42264],[127.04111,37.42265],[127.0411,37.42266],[127.04109,37.42267],[127.04108,37.42267],[127.04107,37.42267],[127.04106,37.42268],[127.04105,37.42268],[127.04103,37.42269],[127.04102,37.42269],[127.04101,37.4227],[127.041,37.42271],[127.04099,37.42271],[127.04098,37.42272],[127.04097,37.42273],[127.04097,37.42274],[127.04096,37.42275],[127.04096,37.42276],[127.04096,37.42277],[127.04097,37.42278],[127.04097,37.42278],[127.04098,37.42279],[127.04099,37.4228],[127.04101,37.42281],[127.04102,37.42281],[127.04103,37.42282],[127.04106,37.42283],[127.04109,37.42285],[127.04112,37.42286],[127.04114,37.42286],[127.04116,37.42287],[127.04117,37.42287],[127.04119,37.42288],[127.0412,37.42288],[127.04122,37.42288],[127.04123,37.42288],[127.04125,37.42288],[127.04126,37.42288],[127.04127,37.42288],[127.04129,37.42287],[127.0413,37.42287],[127.04132,37.42287],[127.04133,37.42286],[127.04134,37.42285],[127.04135,37.42284],[127.04137,37.42283],[127.04138,37.42282],[127.0414,37.4228],[127.04141,37.42279],[127.04142,37.42278],[127.04144,37.42275],[127.04145,37.42275],[127.04187,37.42304]]]},"properties":{"name":"포일동 코스","difficulty":"중급","distance_km":6.56,"time_hr":1.9,"kind":"산림청 등산로(코스 추출)","desc":"들머리 → 청계산 정상","profile":[78,95,122,165,186,189,207,206,212,231,244,254,255,239,265,278,308,328,346,331,348,315,288,290,274,291,314,360,382,384,384,372,352,356,360,363,391,429,465,499,506,477,521,560,570,595,575,604],"min_elev":78,"max_elev":604,"ascent":715,"descent":189}},{"type":"Feature","geometry":{"type":"MultiLineString","coordinates":[[[127.00051,37.42503],[127.00052,37.42503],[127.00052,37.42502],[127.00053,37.42502],[127.00055,37.42501],[127.00056,37.425],[127.00058,37.42498],[127.00059,37.42497],[127.00061,37.42496],[127.00063,37.42496],[127.00064,37.42495],[127.00066,37.42495],[127.0007,37.42493],[127.00071,37.42493],[127.00072,37.42493],[127.00073,37.42492],[127.00074,37.42492],[127.00074,37.42491],[127.00074,37.4249],[127.00074,37.4249],[127.00073,37.42489],[127.00071,37.42486],[127.0007,37.42485],[127.0007,37.42484],[127.00069,37.42483],[127.00069,37.42482],[127.00069,37.42481],[127.00069,37.4248],[127.00069,37.42478],[127.00069,37.42477],[127.00069,37.42476],[127.00069,37.42474],[127.00069,37.42473],[127.0007,37.42472],[127.0007,37.42471],[127.00071,37.4247],[127.00072,37.42468],[127.00073,37.42467],[127.00073,37.42466],[127.00073,37.42466],[127.00073,37.42465],[127.00073,37.42464],[127.00072,37.42462],[127.00072,37.42461],[127.00072,37.4246],[127.00072,37.42459],[127.00073,37.42459],[127.00074,37.42458],[127.00075,37.42458],[127.00076,37.42458],[127.00078,37.42457],[127.00079,37.42457],[127.00081,37.42457],[127.00082,37.42457],[127.00084,37.42457],[127.00086,37.42457],[127.00087,37.42457],[127.00089,37.42457],[127.00095,37.42459],[127.00097,37.42459],[127.00098,37.42459],[127.001,37.42459],[127.00101,37.42459],[127.00103,37.42459],[127.00104,37.42459],[127.00105,37.42458],[127.00107,37.42457],[127.00108,37.42457],[127.00109,37.42456],[127.00111,37.42455],[127.00112,37.42454],[127.00113,37.42453],[127.00114,37.42453],[127.00115,37.42452],[127.00116,37.42451],[127.00117,37.4245],[127.00118,37.42449],[127.00118,37.42448],[127.00118,37.42446],[127.00118,37.42445],[127.00118,37.42443],[127.00119,37.42442],[127.00119,37.4244],[127.00119,37.42438],[127.00119,37.42437],[127.00119,37.42436],[127.00119,37.42435],[127.00119,37.42434],[127.00118,37.42433],[127.00118,37.42432],[127.00116,37.42429],[127.00115,37.42428],[127.00115,37.42426],[127.00114,37.42426],[127.00114,37.42424],[127.00114,37.42423],[127.00114,37.42422],[127.00114,37.42421],[127.00115,37.4242],[127.00116,37.42417],[127.00117,37.42416],[127.00117,37.42415],[127.00118,37.42413],[127.00118,37.42412],[127.00118,37.42411],[127.00117,37.42408],[127.00117,37.42407],[127.00117,37.42406],[127.00117,37.42405],[127.00118,37.42404],[127.00119,37.42403],[127.0012,37.42403],[127.00121,37.42402],[127.00123,37.424],[127.00125,37.424],[127.00126,37.42399],[127.00127,37.42398],[127.00127,37.42397],[127.00128,37.42396],[127.00128,37.42395],[127.0013,37.42392],[127.0013,37.42391],[127.00131,37.4239],[127.00131,37.42389],[127.00132,37.42388],[127.00133,37.42387],[127.00135,37.42387],[127.00136,37.42386],[127.00137,37.42386],[127.00141,37.42386],[127.00142,37.42385],[127.00144,37.42385],[127.00145,37.42384],[127.00147,37.42384],[127.00148,37.42383],[127.00149,37.42382],[127.00151,37.42381],[127.00152,37.42381],[127.00153,37.4238],[127.00154,37.42379],[127.00155,37.42378],[127.00156,37.42377],[127.00157,37.42376],[127.00158,37.42375],[127.00159,37.42374],[127.00159,37.42372],[127.00159,37.42371],[127.00159,37.4237],[127.00159,37.42368],[127.00159,37.42366],[127.0016,37.42365],[127.0016,37.42364],[127.00161,37.42363],[127.00162,37.42362],[127.00163,37.42361],[127.00164,37.42361],[127.00165,37.4236],[127.00166,37.42359],[127.00168,37.42358],[127.00169,37.42358],[127.0017,37.42357],[127.00172,37.42356],[127.00173,37.42356],[127.00175,37.42355],[127.00176,37.42355],[127.00178,37.42354],[127.00179,37.42354],[127.00184,37.42353],[127.00185,37.42353],[127.00187,37.42353],[127.00188,37.42352],[127.00189,37.42352],[127.0019,37.42351],[127.00191,37.4235],[127.00192,37.42349],[127.00193,37.42348],[127.00195,37.42345],[127.00196,37.42344],[127.00196,37.42343],[127.00198,37.42343],[127.00199,37.42342],[127.002,37.42342],[127.00201,37.42342],[127.00202,37.42342],[127.00206,37.42342],[127.00208,37.42341],[127.00209,37.42341],[127.00211,37.42341],[127.00212,37.42341],[127.00214,37.4234],[127.00216,37.4234],[127.00222,37.42338],[127.00223,37.42338],[127.00225,37.42337],[127.00226,37.42337],[127.00228,37.42337],[127.0023,37.42337],[127.00231,37.42337],[127.00233,37.42337],[127.00234,37.42337],[127.00236,37.42337],[127.00238,37.42337],[127.00239,37.42337],[127.00242,37.42338],[127.00244,37.42338],[127.00245,37.42339],[127.00247,37.42339],[127.00249,37.42339],[127.0025,37.4234],[127.00253,37.42341],[127.00256,37.42342],[127.00257,37.42343],[127.00259,37.42343],[127.0026,37.42344],[127.00262,37.42345],[127.00263,37.42345],[127.00264,37.42346],[127.00265,37.42347],[127.00265,37.42348],[127.00267,37.4235],[127.00268,37.42351],[127.00269,37.42352],[127.0027,37.42352],[127.00271,37.42353],[127.00272,37.42354],[127.00274,37.42355],[127.00275,37.42356],[127.00278,37.42357],[127.00286,37.42361],[127.00289,37.42363],[127.00292,37.42364],[127.00293,37.42365],[127.00295,37.42366],[127.00296,37.42366],[127.00297,37.42367],[127.00298,37.42367],[127.00299,37.42367],[127.003,37.42367],[127.00301,37.42366],[127.00302,37.42366],[127.00302,37.42365],[127.00302,37.42364],[127.00302,37.42363],[127.00303,37.42361],[127.00303,37.4236],[127.00303,37.42359],[127.00302,37.42358],[127.00302,37.42357],[127.00301,37.42356],[127.00301,37.42354],[127.003,37.42354],[127.00299,37.42352],[127.00296,37.4235],[127.00295,37.42349],[127.00294,37.42348],[127.00294,37.42347],[127.00293,37.42346],[127.00293,37.42346],[127.00294,37.42345],[127.00295,37.42345],[127.00296,37.42344],[127.00297,37.42344],[127.00301,37.42343],[127.00302,37.42342],[127.00303,37.42342],[127.00305,37.42341],[127.00306,37.42341],[127.00306,37.4234],[127.00308,37.42339],[127.00308,37.42338],[127.0031,37.42338],[127.00311,37.42338],[127.00312,37.42337],[127.00313,37.42337],[127.00315,37.42337],[127.00316,37.42337],[127.00317,37.42337],[127.00319,37.42338],[127.00323,37.42338],[127.00325,37.42339],[127.00326,37.42339],[127.00328,37.42339],[127.00329,37.42339],[127.0033,37.42339],[127.00332,37.42338],[127.00336,37.42337],[127.00337,37.42337],[127.00339,37.42337],[127.00341,37.42336],[127.00342,37.42336],[127.00344,37.42336],[127.00346,37.42336],[127.00349,37.42336],[127.00354,37.42336],[127.00378,37.42335],[127.00381,37.42335],[127.00383,37.42335],[127.00384,37.42335],[127.00386,37.42334],[127.00387,37.42334],[127.00389,37.42334],[127.00391,37.42333],[127.00392,37.42333],[127.00393,37.42332],[127.00395,37.42331],[127.00396,37.42331],[127.00399,37.42329],[127.00403,37.42327],[127.00405,37.42325],[127.00408,37.42323],[127.00409,37.42323],[127.0041,37.42322],[127.00412,37.42321],[127.00413,37.4232],[127.00414,37.42319],[127.00414,37.42318],[127.00415,37.42317],[127.00417,37.42313],[127.00418,37.42312],[127.00419,37.42311],[127.0042,37.4231],[127.00421,37.4231],[127.00422,37.42309],[127.00423,37.42308],[127.00424,37.42308],[127.00427,37.42307],[127.00428,37.42306],[127.00429,37.42306],[127.0043,37.42305],[127.00431,37.42304],[127.00432,37.42303],[127.00432,37.42302],[127.00433,37.42301],[127.00433,37.423],[127.00433,37.42299],[127.00434,37.42297],[127.00435,37.42294],[127.00435,37.42291],[127.00436,37.42285],[127.00436,37.42285],[127.00436,37.42285],[127.00437,37.42284],[127.00437,37.42284],[127.00439,37.42284],[127.0044,37.42284],[127.00442,37.42283],[127.00444,37.42283],[127.00446,37.42283],[127.00448,37.42283],[127.0045,37.42283],[127.00452,37.42283],[127.00456,37.42283],[127.00458,37.42284],[127.00459,37.42284],[127.0046,37.42284],[127.00462,37.42283],[127.00463,37.42283],[127.00464,37.42283],[127.00466,37.42282],[127.00467,37.42282],[127.00468,37.42281],[127.00469,37.4228],[127.00471,37.4228],[127.00472,37.42279],[127.00473,37.42278],[127.00474,37.42277],[127.00475,37.42276],[127.00476,37.42275],[127.00477,37.42274],[127.00478,37.42273],[127.00481,37.4227],[127.00499,37.4225],[127.00502,37.42245],[127.00504,37.42243],[127.00505,37.42242],[127.00506,37.42241],[127.00507,37.4224],[127.00508,37.42239],[127.0051,37.42238],[127.00511,37.42237],[127.00512,37.42237],[127.00513,37.42236],[127.00516,37.42234],[127.00524,37.4223],[127.00526,37.42229],[127.00527,37.42228],[127.00529,37.42227],[127.0053,37.42226],[127.00531,37.42225],[127.00532,37.42224],[127.00533,37.42224],[127.00535,37.42222],[127.00539,37.42219],[127.00541,37.42216],[127.00544,37.42214],[127.00545,37.42212],[127.00546,37.42211],[127.00547,37.42209],[127.00548,37.42208],[127.00549,37.42207],[127.0055,37.42206],[127.00551,37.42204],[127.00554,37.42199],[127.00557,37.42194],[127.00558,37.42192],[127.00559,37.42191],[127.00559,37.42189],[127.0056,37.42188],[127.0056,37.42187],[127.00561,37.42186],[127.00561,37.42185],[127.00561,37.42183],[127.00561,37.42182],[127.00562,37.42181],[127.00562,37.42175],[127.00562,37.42174],[127.00562,37.42173],[127.00562,37.42172],[127.00562,37.4217],[127.00563,37.42169],[127.00563,37.42168],[127.00564,37.42167],[127.00566,37.42162],[127.00566,37.4216],[127.00567,37.42159],[127.00567,37.42158],[127.00567,37.42157],[127.00567,37.42155],[127.00567,37.42154],[127.00567,37.42153],[127.00567,37.42151],[127.00567,37.4215],[127.00566,37.42148],[127.00565,37.4214],[127.00564,37.42137],[127.00564,37.42136],[127.00564,37.42135],[127.00564,37.42133],[127.00564,37.42132],[127.00564,37.42131],[127.00564,37.42129],[127.00564,37.42128],[127.00564,37.42125],[127.00564,37.42123],[127.00565,37.42119],[127.00565,37.42116],[127.00565,37.42115],[127.00566,37.42114],[127.00566,37.42112],[127.00566,37.42111],[127.00567,37.4211],[127.00567,37.42109],[127.00568,37.42108],[127.00569,37.42106],[127.0057,37.42106],[127.00571,37.42103],[127.00572,37.42102],[127.00574,37.421],[127.00576,37.42098],[127.00577,37.42097],[127.00578,37.42096],[127.00579,37.42095],[127.0058,37.42094],[127.00581,37.42094],[127.00583,37.42093],[127.00584,37.42092],[127.00586,37.4209],[127.00595,37.42084],[127.00598,37.42083],[127.00599,37.42082],[127.006,37.42081],[127.00602,37.4208],[127.00603,37.42079],[127.00603,37.42078],[127.00604,37.42077],[127.00605,37.42076],[127.00606,37.42075],[127.00607,37.42073],[127.00609,37.42071],[127.00609,37.4207],[127.0061,37.42068],[127.00611,37.42067],[127.00611,37.42066],[127.00611,37.42065],[127.00611,37.42063],[127.00611,37.42062],[127.00611,37.4206],[127.0061,37.42058],[127.00609,37.42057],[127.00608,37.42056],[127.00607,37.42054],[127.00608,37.42054],[127.00611,37.42048],[127.00613,37.42045],[127.00614,37.42044],[127.00615,37.42043],[127.00615,37.42041],[127.00616,37.4204],[127.00617,37.42039],[127.00618,37.42039],[127.00619,37.42038],[127.0062,37.42037],[127.00622,37.42036],[127.00624,37.42034],[127.0063,37.42031],[127.00632,37.4203],[127.00634,37.42029],[127.00635,37.42028],[127.00636,37.42027],[127.00637,37.42026],[127.00638,37.42025],[127.00639,37.42024],[127.00641,37.42022],[127.00646,37.42017],[127.00648,37.42015],[127.00649,37.42014],[127.0065,37.42013],[127.00651,37.42012],[127.00652,37.42012],[127.00653,37.42011],[127.00655,37.4201],[127.00656,37.42009],[127.00659,37.42008],[127.00663,37.42006],[127.00676,37.42],[127.00688,37.41994],[127.00705,37.41989],[127.00726,37.41983],[127.00729,37.41982],[127.0073,37.41982],[127.00732,37.41981],[127.00734,37.41981],[127.00735,37.41981],[127.00737,37.4198],[127.00738,37.4198],[127.0074,37.4198],[127.00741,37.4198],[127.00743,37.4198],[127.00745,37.4198],[127.00748,37.41981],[127.00754,37.41981],[127.00758,37.41981],[127.00759,37.41982],[127.00761,37.41982],[127.00762,37.41982],[127.00764,37.41981],[127.00765,37.41981],[127.00767,37.41981],[127.00768,37.4198],[127.0077,37.4198],[127.00771,37.41979],[127.00773,37.41978],[127.00777,37.41976],[127.0078,37.41975],[127.00781,37.41974],[127.00783,37.41974],[127.00784,37.41973],[127.00786,37.41973],[127.00787,37.41972],[127.00789,37.41972],[127.0079,37.41972],[127.00794,37.41971],[127.00798,37.4197],[127.00809,37.41968],[127.00813,37.41967],[127.00814,37.41967],[127.00816,37.41966],[127.00817,37.41966],[127.00819,37.41965],[127.0082,37.41965],[127.00822,37.41965],[127.00823,37.41964],[127.00824,37.41963],[127.00826,37.41962],[127.00827,37.41961],[127.00829,37.4196],[127.00833,37.41957],[127.00847,37.41945],[127.00849,37.41944],[127.0085,37.41943],[127.00852,37.41942],[127.00853,37.41941],[127.00854,37.4194],[127.00855,37.41938],[127.00855,37.41938],[127.00856,37.41936],[127.00857,37.41935],[127.00857,37.41934],[127.0086,37.4193],[127.00861,37.41927],[127.00861,37.41926],[127.00862,37.41925],[127.00863,37.41924],[127.00864,37.41923],[127.00865,37.41922],[127.00866,37.41921],[127.00868,37.41919],[127.0087,37.41917],[127.00873,37.41914],[127.00876,37.41911],[127.00877,37.4191],[127.00878,37.41909],[127.0088,37.41908],[127.00881,37.41907],[127.00882,37.41906],[127.00883,37.41906],[127.00885,37.41905],[127.00886,37.41904],[127.00889,37.41902],[127.00905,37.41895],[127.00919,37.41887],[127.00922,37.41886],[127.00923,37.41885],[127.00925,37.41885],[127.00926,37.41884],[127.00928,37.41884],[127.00929,37.41883],[127.00931,37.41883],[127.00932,37.41883],[127.00934,37.41883],[127.00935,37.41883],[127.00937,37.41884],[127.0094,37.41884],[127.00943,37.41884],[127.00979,37.4189],[127.00983,37.4189],[127.00984,37.41891],[127.00986,37.41891],[127.00988,37.41891],[127.00989,37.41891],[127.00991,37.41891],[127.00992,37.41891],[127.00994,37.41891],[127.00996,37.41891],[127.00997,37.4189],[127.00998,37.4189],[127.01,37.41889],[127.01001,37.41889],[127.01002,37.41888],[127.01004,37.41888],[127.01005,37.41887],[127.01006,37.41886],[127.01007,37.41885],[127.01008,37.41884],[127.0101,37.41882],[127.01011,37.41879],[127.01017,37.41873],[127.01019,37.41871],[127.01021,37.41869],[127.01022,37.41867],[127.01023,37.41866],[127.01024,37.41866],[127.01025,37.41865],[127.01026,37.41864],[127.01028,37.41863],[127.01029,37.41862],[127.0103,37.41862],[127.01032,37.41861],[127.01036,37.41859],[127.01053,37.41852],[127.01085,37.41839],[127.01089,37.41837],[127.01092,37.41836],[127.01094,37.41835],[127.01095,37.41835],[127.01096,37.41834],[127.01098,37.41833],[127.011,37.41831],[127.01107,37.41827],[127.01126,37.41815],[127.0113,37.41813],[127.01133,37.41811],[127.01134,37.4181],[127.01136,37.4181],[127.01137,37.41809],[127.01139,37.41808],[127.0114,37.41808],[127.01142,37.41807],[127.01145,37.41806],[127.01151,37.41804],[127.0117,37.41799],[127.01176,37.41797],[127.01179,37.41796],[127.01181,37.41795],[127.01182,37.41795],[127.01184,37.41794],[127.01185,37.41794],[127.01187,37.41793],[127.01188,37.41792],[127.01189,37.41792],[127.01191,37.41791],[127.01195,37.41788],[127.01208,37.4178],[127.01212,37.41778],[127.01215,37.41776],[127.01216,37.41775],[127.01218,37.41774],[127.01219,37.41774],[127.01221,37.41773],[127.01222,37.41773],[127.01223,37.41772],[127.01225,37.41772],[127.01229,37.41771],[127.0123,37.41771],[127.01232,37.4177],[127.01233,37.4177],[127.01235,37.41769],[127.01236,37.41768],[127.01239,37.41767],[127.01243,37.41765],[127.0127,37.41752],[127.01275,37.4175],[127.01278,37.41748],[127.01279,37.41748],[127.01281,37.41747],[127.01282,37.41746],[127.01283,37.41746],[127.01285,37.41745],[127.01286,37.41745],[127.01288,37.41745],[127.01289,37.41744],[127.01295,37.41743],[127.01297,37.41742],[127.01298,37.41742],[127.013,37.41741],[127.01301,37.41741],[127.01303,37.4174],[127.01304,37.4174],[127.01305,37.41739],[127.01308,37.41738],[127.01313,37.41735],[127.01318,37.41732],[127.01321,37.41731],[127.01322,37.4173],[127.01323,37.41729],[127.01324,37.41728],[127.01326,37.41727],[127.01327,37.41727],[127.01328,37.41725],[127.01328,37.41725],[127.01329,37.41723],[127.01329,37.41722],[127.0133,37.41721],[127.01331,37.41717],[127.01331,37.41716],[127.01331,37.41715],[127.01332,37.41714],[127.01332,37.41713],[127.01333,37.41712],[127.01334,37.41712],[127.01336,37.41712],[127.01338,37.41712],[127.0134,37.41712],[127.01341,37.41712],[127.01343,37.41712],[127.01345,37.41713],[127.01347,37.41713],[127.01347,37.41713],[127.01347,37.41713],[127.01345,37.41711],[127.01344,37.4171],[127.01342,37.41708],[127.01341,37.41707],[127.0134,37.41706],[127.01339,37.41704],[127.01339,37.41703],[127.01338,37.41702],[127.01338,37.41701],[127.01338,37.417],[127.01338,37.41698],[127.01338,37.41697],[127.01338,37.41696],[127.01338,37.41693],[127.01342,37.41675],[127.01346,37.4165],[127.01346,37.41649],[127.01346,37.41645],[127.01347,37.41642],[127.01347,37.41638],[127.01347,37.41637],[127.01348,37.41636],[127.01348,37.41634],[127.01349,37.41633],[127.01349,37.41632],[127.0135,37.41631],[127.0135,37.4163],[127.01351,37.41629],[127.01352,37.41628],[127.01354,37.41627],[127.01355,37.41626],[127.01358,37.41623],[127.01359,37.41622],[127.0136,37.41621],[127.01361,37.4162],[127.01362,37.41619],[127.01363,37.41618],[127.01363,37.41617],[127.01364,37.41616],[127.01364,37.41615],[127.01365,37.41613],[127.01365,37.41612],[127.01366,37.4161],[127.01366,37.41606],[127.01368,37.41595],[127.01369,37.41593],[127.01369,37.41591],[127.01369,37.4159],[127.0137,37.41589],[127.0137,37.41587],[127.01371,37.41586],[127.01371,37.41585],[127.01372,37.41584],[127.01373,37.41583],[127.01374,37.41582],[127.01375,37.41582],[127.01376,37.41581],[127.0138,37.41579],[127.01381,37.41578],[127.01382,37.41577],[127.01383,37.41577],[127.01383,37.41576],[127.01384,37.41575],[127.01384,37.41574],[127.01384,37.41573],[127.01384,37.41572],[127.01383,37.41571],[127.01382,37.41568],[127.01381,37.41567],[127.01381,37.41566],[127.01381,37.41565],[127.01381,37.41564],[127.01381,37.41562],[127.01381,37.41561],[127.01381,37.4156],[127.01382,37.41557],[127.01382,37.41556],[127.01382,37.41555],[127.01382,37.41554],[127.01382,37.41553],[127.01382,37.41551],[127.01381,37.41551],[127.01381,37.4155],[127.0138,37.41549],[127.01379,37.41547],[127.01378,37.41547],[127.01378,37.41546],[127.01377,37.41545],[127.01378,37.41545],[127.01378,37.41544],[127.01379,37.41543],[127.0138,37.41542],[127.01381,37.41542],[127.01383,37.41541],[127.01384,37.4154],[127.01387,37.41539],[127.01397,37.41534],[127.014,37.41533],[127.01403,37.41531],[127.01404,37.4153],[127.01405,37.4153],[127.01407,37.41529],[127.01408,37.41528],[127.01409,37.41527],[127.0141,37.41526],[127.01411,37.41525],[127.01411,37.41524],[127.01412,37.41523],[127.01412,37.41522],[127.01413,37.41521],[127.01413,37.41519],[127.01413,37.41518],[127.01414,37.41517],[127.01414,37.41516],[127.01414,37.41515],[127.01414,37.41515],[127.01413,37.41514],[127.01413,37.41514],[127.01413,37.41513],[127.01412,37.41513],[127.01411,37.41513],[127.01411,37.41513],[127.01411,37.41513],[127.01411,37.41512],[127.01412,37.41511],[127.01413,37.4151],[127.01413,37.4151],[127.01414,37.41509],[127.01415,37.41508],[127.01416,37.41507],[127.01417,37.41506],[127.01418,37.41505],[127.01419,37.41504],[127.0142,37.41503],[127.01421,37.41502],[127.01422,37.41501],[127.01424,37.41501],[127.01425,37.415],[127.01428,37.41498],[127.01434,37.41496],[127.01437,37.41495],[127.0144,37.41493],[127.01442,37.41493],[127.01443,37.41492],[127.01445,37.41492],[127.01446,37.41491],[127.01448,37.41491],[127.01449,37.41491],[127.0145,37.41492],[127.01452,37.41492],[127.01453,37.41493],[127.01454,37.41493],[127.01455,37.41494],[127.01456,37.41495],[127.0146,37.41498],[127.01461,37.41499],[127.01462,37.41499],[127.01463,37.415],[127.01465,37.41501],[127.01466,37.41501],[127.01467,37.41501],[127.01469,37.41501],[127.0147,37.41501],[127.01471,37.41501],[127.01473,37.41501],[127.01474,37.415],[127.01476,37.415],[127.0148,37.41498],[127.01481,37.41498],[127.01483,37.41497],[127.01484,37.41497],[127.01486,37.41497],[127.01487,37.41496],[127.01489,37.41496],[127.0149,37.41496],[127.01492,37.41497],[127.01493,37.41497],[127.01494,37.41498],[127.01496,37.41499],[127.01497,37.41499],[127.01502,37.41501],[127.01503,37.41502],[127.01505,37.41503],[127.01506,37.41503],[127.01507,37.41504],[127.01509,37.41504],[127.0151,37.41504],[127.01512,37.41504],[127.01513,37.41504],[127.01514,37.41504],[127.01516,37.41503],[127.01517,37.41502],[127.01518,37.41502],[127.01519,37.41501],[127.0152,37.415],[127.01521,37.41499],[127.01522,37.41498],[127.01523,37.41497],[127.01525,37.41495],[127.01527,37.41492],[127.01531,37.41487],[127.01533,37.41484],[127.01533,37.41483],[127.01534,37.41482],[127.01535,37.41481],[127.01536,37.4148],[127.01537,37.41479],[127.01538,37.41479],[127.0154,37.41478],[127.01541,37.41478],[127.01543,37.41477],[127.01544,37.41477],[127.01549,37.41476],[127.01551,37.41476],[127.01552,37.41475],[127.01553,37.41475],[127.01555,37.41474],[127.01556,37.41474],[127.01556,37.41473],[127.01557,37.41472],[127.01557,37.41471],[127.01557,37.4147],[127.01558,37.41467],[127.01558,37.41466],[127.01558,37.41465],[127.01559,37.41464],[127.0156,37.41463],[127.0156,37.41461],[127.01561,37.4146],[127.01562,37.41459],[127.01563,37.41458],[127.01564,37.41457],[127.01565,37.41456],[127.01567,37.41454],[127.01576,37.41446],[127.0158,37.41443],[127.01582,37.41441],[127.01583,37.4144],[127.01584,37.41439],[127.01585,37.41438],[127.01586,37.41437],[127.01587,37.41436],[127.01587,37.41435],[127.01588,37.41434],[127.01588,37.41432],[127.01589,37.41431],[127.01591,37.41427],[127.01591,37.41426],[127.01592,37.41425],[127.01592,37.41424],[127.01593,37.41423],[127.01594,37.41422],[127.01595,37.41421],[127.01596,37.4142],[127.01597,37.4142],[127.01599,37.41419],[127.016,37.41418],[127.01603,37.41417],[127.0161,37.41414],[127.01614,37.41413],[127.01617,37.41412],[127.01618,37.41411],[127.01619,37.41411],[127.01621,37.4141],[127.01622,37.41409],[127.01623,37.41408],[127.01625,37.41407],[127.01627,37.41406],[127.01628,37.41405],[127.01629,37.41405],[127.0163,37.41404],[127.01632,37.41404],[127.01633,37.41404],[127.01635,37.41404],[127.01636,37.41403],[127.01638,37.41403],[127.01643,37.41403],[127.01644,37.41403],[127.01646,37.41403],[127.01647,37.41403],[127.01649,37.41403],[127.0165,37.41403],[127.01651,37.41402],[127.01652,37.41402],[127.01654,37.41401],[127.01654,37.414],[127.01657,37.41398],[127.01659,37.41397],[127.0166,37.41396],[127.01661,37.41395],[127.01662,37.41395],[127.01664,37.41394],[127.01665,37.41394],[127.01671,37.41392],[127.01672,37.41392],[127.01674,37.41391],[127.01675,37.41391],[127.01676,37.4139],[127.01677,37.41389],[127.01678,37.41388],[127.01679,37.41387],[127.0168,37.41386],[127.01681,37.41385],[127.01682,37.41383],[127.01685,37.41378],[127.01688,37.41372],[127.01689,37.41369],[127.01689,37.41368],[127.0169,37.41367],[127.0169,37.41365],[127.0169,37.41364],[127.0169,37.41362],[127.01689,37.41361],[127.01688,37.4136],[127.01688,37.41359],[127.01687,37.41358],[127.01686,37.41357],[127.01686,37.41357],[127.01717,37.41358],[127.01722,37.41359],[127.01726,37.41359],[127.01727,37.41359],[127.01729,37.41359],[127.0173,37.4136],[127.01732,37.4136],[127.01734,37.4136],[127.01741,37.41362],[127.01744,37.41363],[127.01746,37.41363],[127.01747,37.41363],[127.01749,37.41363],[127.0175,37.41364],[127.01752,37.41363],[127.01753,37.41363],[127.01755,37.41363],[127.01757,37.41363],[127.01758,37.41363],[127.0176,37.41362],[127.01761,37.41362],[127.01763,37.41361],[127.01764,37.41361],[127.01766,37.4136],[127.01767,37.4136],[127.01768,37.41359],[127.0177,37.41359],[127.01771,37.41358],[127.01772,37.41357],[127.01773,37.41356],[127.01774,37.41355],[127.01775,37.41354],[127.01775,37.41353],[127.01776,37.41351],[127.01777,37.41349],[127.01782,37.4134],[127.01783,37.41338],[127.01784,37.41337],[127.01784,37.41336],[127.01785,37.41335],[127.01786,37.41333],[127.01787,37.41332],[127.01788,37.41331],[127.01789,37.41331],[127.0179,37.4133],[127.01791,37.41329],[127.01792,37.41328],[127.01793,37.41327],[127.01795,37.41327],[127.01796,37.41326],[127.01797,37.41326],[127.01799,37.41325],[127.018,37.41325],[127.01802,37.41324],[127.01803,37.41324],[127.01807,37.41323],[127.01823,37.41319],[127.01837,37.41315],[127.01865,37.41308],[127.01887,37.41302],[127.0189,37.41301],[127.01893,37.413],[127.01895,37.413],[127.01897,37.413],[127.01898,37.41299],[127.019,37.41299],[127.01901,37.41299],[127.01903,37.41299],[127.01906,37.41299],[127.01913,37.41299],[127.01933,37.41299],[127.01936,37.41299],[127.0194,37.41298],[127.01941,37.41298],[127.01943,37.41298],[127.01945,37.41298],[127.01946,37.41298],[127.01948,37.41298],[127.0195,37.41297],[127.01953,37.41296],[127.01956,37.41296],[127.0198,37.41289],[127.02018,37.41279],[127.02037,37.41273],[127.02057,37.41268],[127.0206,37.41268],[127.02061,37.41267],[127.02063,37.41266],[127.02064,37.41266],[127.02066,37.41265],[127.02067,37.41265],[127.02069,37.41264],[127.0207,37.41263],[127.02071,37.41263],[127.02073,37.41262],[127.02074,37.41261],[127.02076,37.41259],[127.0208,37.41256],[127.02093,37.41247],[127.02095,37.41246],[127.02097,37.41245],[127.02098,37.41244],[127.02099,37.41243],[127.021,37.41243],[127.02102,37.41242],[127.02103,37.41242],[127.02105,37.41242],[127.02106,37.41242],[127.02107,37.41242],[127.02109,37.41242],[127.0211,37.41242],[127.02112,37.41243],[127.02119,37.41245],[127.02121,37.41245],[127.02122,37.41246],[127.02124,37.41246],[127.02125,37.41246],[127.02127,37.41247],[127.02128,37.41247],[127.0213,37.41247],[127.02132,37.41247],[127.02133,37.41247],[127.02137,37.41246],[127.0214,37.41246],[127.02177,37.41242],[127.02182,37.41242],[127.02185,37.41242],[127.02187,37.41242],[127.02189,37.41242],[127.0219,37.41242],[127.02192,37.41242],[127.02194,37.41242],[127.02195,37.41242],[127.02197,37.41243],[127.02198,37.41243],[127.022,37.41244],[127.02204,37.41245],[127.02219,37.4125],[127.02226,37.41252],[127.02229,37.41253],[127.0223,37.41253],[127.02232,37.41253],[127.02233,37.41254],[127.02235,37.41254],[127.02236,37.41254],[127.02238,37.41255],[127.02241,37.41255],[127.02248,37.41256],[127.02255,37.41256],[127.0226,37.41257],[127.02263,37.41257],[127.02265,37.41257],[127.02267,37.41257],[127.02268,37.41257],[127.0227,37.41257],[127.02273,37.41257],[127.02278,37.41256],[127.02281,37.41256],[127.02285,37.41255],[127.02288,37.41255],[127.0229,37.41255],[127.02291,37.41254],[127.02293,37.41254],[127.02294,37.41254],[127.02296,37.41253],[127.02297,37.41253],[127.02299,37.41252],[127.023,37.41251],[127.02301,37.4125],[127.02305,37.41248],[127.02306,37.41247],[127.02307,37.41246],[127.02308,37.41245],[127.0231,37.41245],[127.02311,37.41244],[127.02312,37.41244],[127.02314,37.41244],[127.02315,37.41244],[127.02317,37.41245],[127.02318,37.41245],[127.02322,37.41246],[127.02324,37.41246],[127.02326,37.41246],[127.02327,37.41246],[127.02329,37.41246],[127.0233,37.41247],[127.02332,37.41246],[127.02333,37.41246],[127.02335,37.41246],[127.02338,37.41246],[127.02343,37.41245],[127.02356,37.41242],[127.02359,37.41242],[127.02361,37.41242],[127.02362,37.41242],[127.02364,37.41241],[127.02365,37.41241],[127.02367,37.41241],[127.02369,37.41241],[127.0237,37.41241],[127.02372,37.41242],[127.02374,37.41242],[127.02375,37.41242],[127.02377,37.41243],[127.02378,37.41243],[127.0238,37.41243],[127.02381,37.41244],[127.02383,37.41244],[127.02384,37.41245],[127.02386,37.41246],[127.02387,37.41246],[127.02389,37.41247],[127.02391,37.41249],[127.02396,37.41252],[127.02398,37.41253],[127.02399,37.41254],[127.024,37.41255],[127.02402,37.41255],[127.02403,37.41256],[127.02405,37.41256],[127.02406,37.41257],[127.02407,37.41257],[127.02409,37.41257],[127.0241,37.41257],[127.02412,37.41257],[127.02413,37.41257],[127.02415,37.41257],[127.02416,37.41257],[127.02418,37.41257],[127.0242,37.41257],[127.02421,37.41257],[127.02423,37.41256],[127.02424,37.41256],[127.02426,37.41255],[127.02429,37.41254],[127.02432,37.41253],[127.02455,37.41245],[127.02458,37.41244],[127.02461,37.41243],[127.02464,37.41242],[127.02466,37.41242],[127.02467,37.41241],[127.02469,37.41241],[127.0247,37.41241],[127.02472,37.41241],[127.02474,37.41241],[127.02475,37.41241],[127.02477,37.41241],[127.0248,37.41242],[127.02483,37.41242],[127.0249,37.41243],[127.02493,37.41244],[127.02495,37.41244],[127.02496,37.41244],[127.02498,37.41244],[127.025,37.41244],[127.02501,37.41244],[127.02503,37.41244],[127.02505,37.41244],[127.02506,37.41244],[127.02508,37.41244],[127.02509,37.41243],[127.02514,37.41242],[127.02517,37.41242],[127.02518,37.41242],[127.0252,37.41242],[127.02521,37.41241],[127.02523,37.41241],[127.02524,37.41241],[127.02526,37.41241],[127.02529,37.41242],[127.02534,37.41242],[127.02535,37.41242],[127.02537,37.41242],[127.02538,37.41242],[127.0254,37.41242],[127.02541,37.41242],[127.02543,37.41242],[127.02544,37.41241],[127.02545,37.41241],[127.02547,37.4124],[127.02548,37.41239],[127.02549,37.41239],[127.02552,37.41237],[127.02559,37.41232],[127.02562,37.41231],[127.02563,37.4123],[127.02564,37.41229],[127.02566,37.41228],[127.02567,37.41228],[127.02568,37.41227],[127.0257,37.41226],[127.02571,37.41226],[127.02573,37.41226],[127.02574,37.41225],[127.02576,37.41225],[127.02584,37.41224],[127.02585,37.41224],[127.02587,37.41224],[127.02589,37.41224],[127.0259,37.41223],[127.02591,37.41222],[127.02593,37.41222],[127.02594,37.41221],[127.02595,37.41221],[127.026,37.41218],[127.02601,37.41218],[127.02602,37.41217],[127.02604,37.41217],[127.02605,37.41216],[127.02607,37.41216],[127.02608,37.41216],[127.0261,37.41215],[127.02612,37.41215],[127.02613,37.41215],[127.02615,37.41215],[127.02618,37.41216],[127.02638,37.41217],[127.02674,37.41218],[127.02692,37.41219],[127.02696,37.41219],[127.02699,37.41219],[127.02702,37.41219],[127.02704,37.41219],[127.02706,37.41219],[127.02707,37.41219],[127.02709,37.41219],[127.0271,37.41219],[127.02712,37.41218],[127.02716,37.41217],[127.02718,37.41217],[127.02719,37.41217],[127.02721,37.41216],[127.02722,37.41216],[127.02724,37.41216],[127.02725,37.41216],[127.02727,37.41216],[127.02729,37.41216],[127.02732,37.41216],[127.02737,37.41217],[127.02755,37.41218],[127.02761,37.41219],[127.02765,37.41219],[127.02766,37.41219],[127.02768,37.41219],[127.0277,37.41219],[127.02771,37.41219],[127.02773,37.41219],[127.02774,37.41219],[127.02778,37.41218],[127.02784,37.41217],[127.02802,37.41215],[127.02805,37.41215],[127.02809,37.41214],[127.0281,37.41214],[127.02812,37.41214],[127.02813,37.41214],[127.02815,37.41214],[127.02817,37.41214],[127.02818,37.41214],[127.0282,37.41215],[127.02821,37.41215],[127.02824,37.41216],[127.02828,37.41217],[127.0284,37.4122],[127.0285,37.41223],[127.02873,37.41229],[127.02876,37.4123],[127.02878,37.4123],[127.0288,37.41231],[127.02881,37.41231],[127.02882,37.41232],[127.02884,37.41233],[127.02885,37.41233],[127.02886,37.41234],[127.02887,37.41235],[127.02889,37.41236],[127.0289,37.41237],[127.02895,37.41242],[127.02896,37.41243],[127.02898,37.41244],[127.02899,37.41245],[127.029,37.41246],[127.02901,37.41246],[127.02903,37.41247],[127.02904,37.41248],[127.02905,37.41248],[127.02907,37.41248],[127.02908,37.41248],[127.0291,37.41249],[127.02912,37.41249],[127.02918,37.41249],[127.0292,37.4125],[127.02921,37.4125],[127.02923,37.4125],[127.02924,37.4125],[127.02926,37.41251],[127.02927,37.41251],[127.02928,37.41252],[127.0293,37.41253],[127.02931,37.41254],[127.02932,37.41255],[127.02933,37.41256],[127.02937,37.41258],[127.02948,37.41268],[127.02954,37.41273],[127.02956,37.41275],[127.02957,37.41276],[127.02958,37.41277],[127.0296,37.41278],[127.02961,37.41279],[127.02962,37.4128],[127.02964,37.4128],[127.02966,37.41282],[127.02973,37.41286],[127.02977,37.41288],[127.0298,37.41289],[127.02981,37.4129],[127.02983,37.41291],[127.02984,37.41291],[127.02986,37.41292],[127.02987,37.41292],[127.02989,37.41292],[127.0299,37.41292],[127.02992,37.41292],[127.02994,37.41292],[127.02995,37.41292],[127.02999,37.41292],[127.03017,37.41292],[127.03024,37.41292],[127.03027,37.41292],[127.03029,37.41292],[127.03031,37.41292],[127.03032,37.41293],[127.03034,37.41293],[127.03036,37.41293],[127.03037,37.41293],[127.03038,37.41294],[127.0304,37.41294],[127.03043,37.41295],[127.03046,37.41297],[127.03055,37.413],[127.03057,37.41301],[127.03059,37.41302],[127.0306,37.41302],[127.03062,37.41302],[127.03063,37.41303],[127.03065,37.41303],[127.03066,37.41304],[127.03068,37.41304],[127.0307,37.41304],[127.03071,37.41304],[127.03073,37.41304],[127.03076,37.41304],[127.0309,37.41304],[127.03095,37.41304],[127.03098,37.41304],[127.031,37.41304],[127.03101,37.41305],[127.03103,37.41305],[127.03104,37.41305],[127.03106,37.41305],[127.03107,37.41306],[127.03108,37.41307],[127.03109,37.41307],[127.03112,37.41309],[127.03113,37.41309],[127.03114,37.4131],[127.03115,37.4131],[127.03117,37.41311],[127.03118,37.41311],[127.03119,37.41311],[127.03121,37.41311],[127.03123,37.41311],[127.03124,37.41311],[127.03126,37.4131],[127.03129,37.4131],[127.03137,37.41308],[127.03141,37.41308],[127.03142,37.41307],[127.03144,37.41307],[127.03146,37.41307],[127.03147,37.41307],[127.03149,37.41307],[127.0315,37.41307],[127.03152,37.41307],[127.03154,37.41307],[127.03155,37.41307],[127.03159,37.41307],[127.03164,37.41308],[127.03179,37.41309],[127.03193,37.41311],[127.03212,37.41316],[127.03228,37.41321],[127.03233,37.41322],[127.03236,37.41324],[127.03237,37.41324],[127.03239,37.41325],[127.0324,37.41325],[127.03242,37.41326],[127.03243,37.41327],[127.03245,37.41327],[127.03246,37.41328],[127.03247,37.41329],[127.0325,37.41331],[127.0326,37.41338],[127.03264,37.4134],[127.03265,37.41341],[127.03266,37.41342],[127.03268,37.41342],[127.03269,37.41343],[127.0327,37.41344],[127.03272,37.41345],[127.03273,37.41345],[127.03276,37.41346],[127.03279,37.41347],[127.03298,37.41354],[127.03329,37.41365],[127.03346,37.41371],[127.03351,37.41372],[127.03352,37.41373],[127.03354,37.41374],[127.03355,37.41374],[127.03357,37.41375],[127.03358,37.41376],[127.03359,37.41376],[127.03361,37.41377],[127.03362,37.41378],[127.03364,37.4138],[127.03367,37.41383],[127.03368,37.41383],[127.03369,37.41384],[127.03371,37.41385],[127.03372,37.41386],[127.03373,37.41387],[127.03375,37.41387],[127.03376,37.41388],[127.03378,37.41389],[127.0338,37.4139],[127.03383,37.41391],[127.03389,37.41393],[127.03395,37.41395],[127.03398,37.41396],[127.03401,37.41397],[127.03403,37.41398],[127.03404,37.41398],[127.03406,37.41398],[127.03407,37.41399],[127.03409,37.41399],[127.0341,37.41399],[127.03412,37.41399],[127.03413,37.41399],[127.03418,37.41399],[127.0342,37.414],[127.03421,37.414],[127.03423,37.414],[127.03424,37.414],[127.03426,37.414],[127.03427,37.41401],[127.03428,37.41401],[127.03431,37.41402],[127.03433,37.41403],[127.03434,37.41403],[127.03435,37.41403],[127.03437,37.41403],[127.03439,37.41403],[127.0344,37.41403],[127.03442,37.41403],[127.03443,37.41403],[127.03445,37.41403],[127.03453,37.41401],[127.03454,37.41401],[127.03456,37.41401],[127.03458,37.41401],[127.03459,37.41401],[127.03461,37.41401],[127.03462,37.41401],[127.03464,37.41401],[127.03465,37.41402],[127.03467,37.41402],[127.03471,37.41404],[127.03472,37.41404],[127.03474,37.41405],[127.03476,37.41405],[127.03477,37.41405],[127.03479,37.41405],[127.0348,37.41406],[127.03482,37.41406],[127.03487,37.41406],[127.03488,37.41407],[127.0349,37.41407],[127.03491,37.41407],[127.03493,37.41407],[127.03494,37.41407],[127.03495,37.41408],[127.03496,37.41409],[127.03496,37.41409],[127.03496,37.4141],[127.03497,37.41411],[127.03497,37.41413],[127.03497,37.41414],[127.03497,37.41415],[127.03498,37.41416],[127.03498,37.41417],[127.03499,37.41418],[127.035,37.41419],[127.03501,37.41419],[127.03502,37.4142],[127.03503,37.4142],[127.03505,37.41421],[127.03506,37.41421],[127.03508,37.41421],[127.03511,37.41421],[127.03514,37.41422],[127.03522,37.41422],[127.03527,37.41422],[127.0353,37.41423],[127.03532,37.41423],[127.03534,37.41423],[127.03535,37.41422],[127.03537,37.41422],[127.03538,37.41422],[127.0354,37.41422],[127.03543,37.41421],[127.03548,37.4142],[127.03559,37.41417],[127.03562,37.41417],[127.03563,37.41416],[127.03565,37.41416],[127.03567,37.41416],[127.03568,37.41416],[127.0357,37.41416],[127.03571,37.41416],[127.03573,37.41416],[127.03575,37.41416],[127.03576,37.41416],[127.0358,37.41416],[127.03585,37.41417],[127.03599,37.4142],[127.03603,37.4142],[127.03604,37.4142],[127.03606,37.41421],[127.03608,37.41421],[127.03609,37.41421],[127.03611,37.41421],[127.03612,37.41421],[127.03614,37.41421],[127.03616,37.41421],[127.03617,37.4142],[127.03619,37.4142],[127.03622,37.41419],[127.03627,37.41418],[127.03656,37.41409],[127.0366,37.41407],[127.03664,37.41407],[127.03665,37.41406],[127.03667,37.41406],[127.03668,37.41405],[127.0367,37.41405],[127.03672,37.41405],[127.03673,37.41405],[127.03675,37.41405],[127.03676,37.41405],[127.03678,37.41405],[127.03681,37.41405],[127.03685,37.41406],[127.03699,37.41407],[127.03703,37.41408],[127.03704,37.41408],[127.03706,37.41408],[127.03708,37.41408],[127.03709,37.41408],[127.03711,37.41408],[127.03712,37.41408],[127.03714,37.41408],[127.03715,37.41407],[127.03717,37.41407],[127.03718,37.41406],[127.03719,37.41405],[127.03721,37.41405],[127.03726,37.41401],[127.03727,37.41401],[127.03728,37.414],[127.0373,37.41399],[127.03731,37.41399],[127.03732,37.41398],[127.03734,37.41398],[127.03735,37.41398],[127.0374,37.41397],[127.03741,37.41397],[127.03742,37.41397],[127.03744,37.41397],[127.03745,37.41396],[127.03747,37.41396],[127.03748,37.41395],[127.0375,37.41394],[127.03751,37.41394],[127.03754,37.41392],[127.03758,37.4139],[127.03777,37.41379],[127.03777,37.4138],[127.03778,37.4138],[127.03779,37.41381],[127.0378,37.41381],[127.03782,37.41383],[127.03783,37.41384],[127.03784,37.41385],[127.03785,37.41386],[127.03786,37.41388],[127.03787,37.41389],[127.03788,37.41391],[127.03789,37.41392],[127.0379,37.41393],[127.0379,37.41394],[127.03791,37.41395],[127.03792,37.41396],[127.03793,37.41397],[127.03794,37.41398],[127.03796,37.41398],[127.03797,37.41399],[127.03798,37.414],[127.03803,37.41402],[127.03804,37.41402],[127.03805,37.41403],[127.03807,37.41404],[127.03808,37.41404],[127.03809,37.41405],[127.03811,37.41406],[127.03812,37.41407],[127.03813,37.41408],[127.03815,37.4141],[127.03821,37.41415],[127.03823,37.41417],[127.03824,37.41418],[127.03825,37.41418],[127.03826,37.41419],[127.03827,37.4142],[127.03829,37.41421],[127.0383,37.41421],[127.03831,37.41422],[127.03836,37.41423],[127.03837,37.41423],[127.03839,37.41424],[127.0384,37.41425],[127.0384,37.41425],[127.03841,37.41426],[127.03842,37.41427],[127.03843,37.41428],[127.03844,37.41431],[127.03845,37.41432],[127.03845,37.41433],[127.03846,37.41434],[127.03847,37.41435],[127.03848,37.41435],[127.0385,37.41436],[127.03851,37.41436],[127.03853,37.41436],[127.03859,37.41437],[127.0386,37.41437],[127.03862,37.41438],[127.03863,37.41438],[127.03864,37.41439],[127.03865,37.41439],[127.03866,37.4144],[127.03866,37.41441],[127.03868,37.41443],[127.03869,37.41444],[127.0387,37.41445],[127.03871,37.41446],[127.03872,37.41447],[127.03874,37.41449],[127.03876,37.41451],[127.03878,37.41452],[127.03879,37.41452],[127.0388,37.41453],[127.03881,37.41454],[127.03883,37.41455],[127.03884,37.41456],[127.03885,37.41456],[127.03887,37.41457],[127.03888,37.41457],[127.0389,37.41457],[127.03891,37.41457],[127.03893,37.41457],[127.03894,37.41457],[127.03899,37.41457],[127.03901,37.41456],[127.03902,37.41456],[127.03904,37.41456],[127.03906,37.41457],[127.03907,37.41457],[127.03909,37.41457],[127.0391,37.41458],[127.03911,37.41458],[127.03913,37.41459],[127.03914,37.41459],[127.03919,37.41461],[127.03932,37.41468],[127.03935,37.41469],[127.03936,37.4147],[127.03938,37.4147],[127.03939,37.41471],[127.03941,37.41471],[127.03942,37.41472],[127.03944,37.41472],[127.03945,37.41472],[127.03947,37.41472],[127.03948,37.41472],[127.03952,37.41473],[127.03955,37.41473],[127.0396,37.41473],[127.03963,37.41473],[127.03965,37.41473],[127.03967,37.41473],[127.03968,37.41473],[127.0397,37.41473],[127.03972,37.41473],[127.03973,37.41472],[127.03977,37.41472],[127.03981,37.41471],[127.03991,37.4147],[127.03995,37.41469],[127.03996,37.41469],[127.03998,37.41469],[127.03999,37.41468],[127.04001,37.41468],[127.04002,37.41469],[127.04004,37.41469],[127.04005,37.41469],[127.04006,37.4147],[127.04008,37.4147],[127.04009,37.41471],[127.0401,37.41472],[127.04011,37.41473],[127.04014,37.41475],[127.04024,37.41483],[127.04026,37.41485],[127.04027,37.41486],[127.04029,37.41487],[127.0403,37.41488],[127.04031,37.41489],[127.04032,37.41489],[127.04034,37.4149],[127.04035,37.4149],[127.04036,37.41491],[127.04037,37.41491],[127.04039,37.41491],[127.04043,37.41492],[127.04045,37.41492],[127.04046,37.41492],[127.04048,37.41493],[127.04049,37.41493],[127.04051,37.41493],[127.04052,37.41494],[127.04055,37.41495],[127.0406,37.41497],[127.0407,37.41501],[127.04075,37.41502],[127.04078,37.41503],[127.04079,37.41504],[127.04081,37.41505],[127.04082,37.41505],[127.04083,37.41506],[127.04085,37.41507],[127.04086,37.41508],[127.04087,37.41508],[127.04088,37.41509],[127.0409,37.41511],[127.04094,37.41514],[127.04096,37.41516],[127.04097,37.41517],[127.04098,37.41517],[127.04099,37.41518],[127.041,37.41519],[127.041,37.41521],[127.04101,37.41522],[127.04101,37.41523],[127.04102,37.41524],[127.04102,37.41525],[127.04102,37.41526],[127.04102,37.41528],[127.04102,37.4153],[127.04102,37.41534],[127.04102,37.41537],[127.04102,37.41538],[127.04102,37.41539],[127.04102,37.4154],[127.04101,37.41542],[127.04101,37.41543],[127.041,37.41544],[127.04099,37.41545],[127.04098,37.41546],[127.04097,37.41547],[127.04094,37.4155],[127.04093,37.41551],[127.04092,37.41552],[127.04091,37.41553],[127.04091,37.41554],[127.0409,37.41555],[127.0409,37.41556],[127.0409,37.41557],[127.04089,37.41559],[127.04089,37.4156],[127.0409,37.41561],[127.0409,37.41562],[127.0409,37.41562],[127.04091,37.41563],[127.04092,37.41564],[127.04094,37.41565],[127.04095,37.41566],[127.04096,37.41566],[127.04097,37.41567],[127.04099,37.41567],[127.041,37.41568],[127.04102,37.41568],[127.04103,37.41569],[127.04105,37.41569],[127.04107,37.41569],[127.0411,37.41569],[127.04125,37.41571],[127.04128,37.41571],[127.04131,37.41571],[127.04134,37.41571],[127.04136,37.41572],[127.04138,37.41572],[127.04139,37.41572],[127.04141,37.41571],[127.04144,37.41571],[127.04151,37.41571],[127.04172,37.41569],[127.0418,37.41577],[127.04183,37.41581],[127.04185,37.41583],[127.04186,37.41584],[127.04187,37.41586],[127.04187,37.41587],[127.04188,37.41588],[127.04189,37.41589],[127.04189,37.4159],[127.0419,37.41592],[127.04191,37.41594],[127.04192,37.41598],[127.04193,37.416],[127.04193,37.41602],[127.04193,37.41603],[127.04194,37.41604],[127.04194,37.41605],[127.04194,37.41606],[127.04193,37.41608],[127.04193,37.41609],[127.04193,37.4161],[127.04192,37.41611],[127.04191,37.41612],[127.04191,37.41613],[127.04188,37.41618],[127.04187,37.4162],[127.04186,37.41621],[127.04186,37.41622],[127.04185,37.41623],[127.04185,37.41624],[127.04184,37.41626],[127.04184,37.41627],[127.04184,37.41628],[127.04184,37.41629],[127.04184,37.41633],[127.04184,37.41635],[127.04183,37.41636],[127.04183,37.41637],[127.04183,37.41638],[127.04182,37.4164],[127.04182,37.41641],[127.04181,37.41642],[127.04181,37.41643],[127.04179,37.41646],[127.04177,37.41649],[127.04171,37.41658],[127.0417,37.41661],[127.04169,37.41662],[127.04169,37.41663],[127.04168,37.41664],[127.04168,37.41666],[127.04167,37.41667],[127.04167,37.41668],[127.04167,37.41669],[127.04167,37.4167],[127.04167,37.41672],[127.04168,37.41673],[127.04168,37.41674],[127.04169,37.41675],[127.04169,37.41676],[127.0417,37.41677],[127.0417,37.41678],[127.04171,37.41679],[127.04171,37.4168],[127.04172,37.41681],[127.04173,37.41681],[127.04175,37.41682],[127.04176,37.41682],[127.04177,37.41683],[127.04177,37.41684],[127.04178,37.41685],[127.04178,37.41686],[127.04178,37.41687],[127.04177,37.41689],[127.04177,37.4169],[127.04176,37.41691],[127.04176,37.41691],[127.04175,37.41691],[127.04176,37.41692],[127.04176,37.41692],[127.04177,37.41693],[127.04177,37.41693],[127.04178,37.41694],[127.04179,37.41696],[127.04179,37.41698],[127.0418,37.41699],[127.0418,37.41701],[127.0418,37.41703],[127.0418,37.41704],[127.0418,37.41709],[127.04181,37.41715],[127.04181,37.41717],[127.04181,37.41719],[127.04181,37.4172],[127.04181,37.41721],[127.0418,37.41723],[127.0418,37.41724],[127.0418,37.41725],[127.04179,37.41727],[127.04179,37.41728],[127.04178,37.41732],[127.04177,37.41733],[127.04177,37.41734],[127.04177,37.41735],[127.04176,37.41736],[127.04177,37.41738],[127.04177,37.41739],[127.04178,37.41739],[127.04179,37.4174],[127.0418,37.41741],[127.04181,37.41742],[127.04182,37.41743],[127.04185,37.41745],[127.04187,37.41746],[127.04194,37.4175],[127.04196,37.41752],[127.04199,37.41754],[127.042,37.41755],[127.04201,37.41755],[127.04202,37.41756],[127.04203,37.41757],[127.04203,37.41758],[127.04203,37.41759],[127.04203,37.4176],[127.04203,37.41761],[127.04201,37.41763],[127.04201,37.41764],[127.042,37.41766],[127.042,37.41767],[127.042,37.41768],[127.042,37.41769],[127.042,37.4177],[127.04201,37.41773],[127.04201,37.41776],[127.04202,37.41782],[127.04203,37.41785],[127.04203,37.41786],[127.04203,37.41787],[127.04203,37.41788],[127.04203,37.4179],[127.04203,37.41791],[127.04203,37.41792],[127.04203,37.41794],[127.04202,37.41795],[127.04202,37.41796],[127.04201,37.41799],[127.042,37.41803],[127.04195,37.41822],[127.04193,37.41828],[127.04193,37.4183],[127.04192,37.41831],[127.04192,37.41833],[127.04192,37.41834],[127.04192,37.41835],[127.04192,37.41837],[127.04192,37.41838],[127.04192,37.41841],[127.04193,37.41845],[127.04193,37.41849],[127.04194,37.41851],[127.04194,37.41853],[127.04195,37.41854],[127.04195,37.41855],[127.04195,37.41856],[127.04196,37.41857],[127.04197,37.41859],[127.04198,37.4186],[127.04198,37.4186],[127.042,37.41861],[127.04202,37.41864],[127.04203,37.41865],[127.04205,37.41866],[127.04205,37.41867],[127.04206,37.41868],[127.04207,37.41869],[127.04208,37.41871],[127.04208,37.41872],[127.04209,37.41873],[127.0421,37.41875],[127.04213,37.4188],[127.04219,37.41894],[127.0422,37.41897],[127.04221,37.41898],[127.04222,37.41899],[127.04222,37.419],[127.04223,37.41902],[127.04224,37.41903],[127.04225,37.41904],[127.04226,37.41905],[127.04227,37.41906],[127.04228,37.41907],[127.04229,37.41908],[127.04232,37.41909],[127.04234,37.41911],[127.04237,37.41913],[127.04251,37.41922],[127.04254,37.41923],[127.04256,37.41925],[127.04257,37.41926],[127.04258,37.41927],[127.0426,37.41928],[127.0426,37.41929],[127.04261,37.4193],[127.04261,37.41931],[127.04262,37.41932],[127.04262,37.41933],[127.04262,37.41934],[127.04262,37.41936],[127.04262,37.41937],[127.04262,37.4194],[127.04262,37.41944],[127.04261,37.41946],[127.04261,37.41947],[127.04261,37.41949],[127.04261,37.4195],[127.04262,37.41951],[127.04262,37.41952],[127.04263,37.41954],[127.04263,37.41955],[127.04264,37.41956],[127.04266,37.41959],[127.04267,37.4196],[127.04268,37.41962],[127.04268,37.41963],[127.04269,37.41965],[127.04269,37.41967],[127.04268,37.41968],[127.04268,37.41969],[127.04268,37.4197],[127.04268,37.41971],[127.04268,37.41971],[127.04263,37.41971],[127.04261,37.41971],[127.0426,37.41971],[127.04259,37.41972],[127.04259,37.41972],[127.04258,37.41972],[127.04257,37.41972],[127.04257,37.41973],[127.04256,37.41973],[127.04256,37.41973],[127.04255,37.41974],[127.04241,37.41986],[127.04241,37.41987],[127.04241,37.41987],[127.04241,37.41989],[127.04241,37.4199],[127.0424,37.41992],[127.0424,37.41994],[127.04239,37.41995],[127.04239,37.41996],[127.04238,37.41998],[127.04237,37.41999],[127.04236,37.42],[127.04233,37.42003],[127.04231,37.42005],[127.0423,37.42006],[127.04229,37.42007],[127.04229,37.42008],[127.04228,37.4201],[127.04227,37.42011],[127.04227,37.42012],[127.04227,37.42013],[127.04226,37.42014],[127.04225,37.42017],[127.04225,37.42021],[127.04223,37.42032],[127.04222,37.42037],[127.04221,37.42038],[127.04221,37.42039],[127.04221,37.42041],[127.0422,37.42043],[127.04219,37.42044],[127.04219,37.42046],[127.04218,37.42047],[127.04217,37.42048],[127.04216,37.42049],[127.04215,37.4205],[127.04215,37.4205],[127.04215,37.4205],[127.04215,37.4205],[127.04213,37.42052],[127.04212,37.42052],[127.04211,37.42054],[127.04209,37.42055],[127.04208,37.42056],[127.04207,37.42057],[127.04206,37.42059],[127.04205,37.4206],[127.04205,37.42061],[127.04204,37.42063],[127.04204,37.42064],[127.04204,37.42065],[127.04204,37.42066],[127.04204,37.42068],[127.04204,37.42069],[127.04204,37.4207],[127.04204,37.42071],[127.04205,37.42072],[127.04205,37.42074],[127.04206,37.42074],[127.04207,37.42075],[127.04208,37.42077],[127.04209,37.42077],[127.04211,37.42079],[127.04214,37.42081],[127.0422,37.42086],[127.04222,37.42088],[127.04223,37.42089],[127.04224,37.4209],[127.04225,37.42091],[127.04226,37.42092],[127.04227,37.42093],[127.04227,37.42094],[127.04228,37.42095],[127.04228,37.42096],[127.04228,37.42097],[127.04227,37.42098],[127.04227,37.42099],[127.04227,37.421],[127.04226,37.42101],[127.04226,37.42103],[127.04225,37.42104],[127.04224,37.42105],[127.04224,37.42106],[127.04222,37.42106],[127.04221,37.42107],[127.0422,37.42108],[127.04218,37.4211],[127.04216,37.4211],[127.04215,37.42111],[127.04214,37.42112],[127.04214,37.42113],[127.04213,37.42114],[127.04213,37.42115],[127.04213,37.42116],[127.04213,37.42117],[127.04214,37.42118],[127.04215,37.4212],[127.04215,37.42121],[127.04215,37.42122],[127.04215,37.42123],[127.04215,37.42124],[127.04215,37.42125],[127.04214,37.42126],[127.04213,37.42127],[127.04212,37.42128],[127.04211,37.42129],[127.04211,37.4213],[127.04208,37.42133],[127.04202,37.42138],[127.042,37.42141],[127.04198,37.42144],[127.04196,37.42146],[127.04195,37.42147],[127.04194,37.42148],[127.04193,37.42149],[127.04193,37.4215],[127.04192,37.42151],[127.04191,37.42152],[127.0419,37.42153],[127.0419,37.42153],[127.04189,37.42154],[127.04188,37.42154],[127.04186,37.42154],[127.04185,37.42155],[127.04184,37.42155],[127.04183,37.42156],[127.04182,37.42157],[127.04182,37.42158],[127.04181,37.42159],[127.04181,37.4216],[127.04181,37.42161],[127.0418,37.42162],[127.0418,37.42165],[127.04174,37.42189],[127.04172,37.42199],[127.04171,37.42203],[127.0417,37.42204],[127.0417,37.42206],[127.0417,37.42207],[127.04169,37.42208],[127.04169,37.42209],[127.04168,37.4221],[127.04167,37.42211],[127.04166,37.42212],[127.04165,37.42213],[127.04164,37.42214],[127.04163,37.42215],[127.04161,37.42216],[127.0416,37.42216],[127.04159,37.42217],[127.04157,37.42217],[127.04156,37.42217],[127.04152,37.42218],[127.0415,37.42218],[127.04149,37.42218],[127.04148,37.42218],[127.04147,37.42219],[127.04145,37.4222],[127.04144,37.4222],[127.04144,37.42221],[127.04143,37.42222],[127.0414,37.42225],[127.04139,37.42226],[127.04139,37.42227],[127.04138,37.42228],[127.04137,37.42228],[127.04135,37.42229],[127.04134,37.42229],[127.04133,37.42229],[127.04131,37.42229],[127.0413,37.42229],[127.04129,37.42229],[127.04128,37.42229],[127.04127,37.4223],[127.04126,37.42231],[127.04125,37.42232],[127.04125,37.42233],[127.04124,37.42234],[127.04124,37.42235],[127.04122,37.42238],[127.04121,37.4224],[127.04117,37.42253],[127.04115,37.42258],[127.04114,37.4226],[127.04113,37.42262],[127.04112,37.42263],[127.04112,37.42264],[127.04111,37.42265],[127.0411,37.42266],[127.04109,37.42267],[127.04108,37.42267],[127.04107,37.42267],[127.04106,37.42268],[127.04105,37.42268],[127.04103,37.42269],[127.04102,37.42269],[127.04101,37.4227],[127.041,37.42271],[127.04099,37.42271],[127.04098,37.42272],[127.04097,37.42273],[127.04097,37.42274],[127.04096,37.42275],[127.04096,37.42276],[127.04096,37.42277],[127.04097,37.42278],[127.04097,37.42278],[127.04098,37.42279],[127.04099,37.4228],[127.04101,37.42281],[127.04102,37.42281],[127.04103,37.42282],[127.04106,37.42283],[127.04109,37.42285],[127.04112,37.42286],[127.04114,37.42286],[127.04116,37.42287],[127.04117,37.42287],[127.04119,37.42288],[127.0412,37.42288],[127.04122,37.42288],[127.04123,37.42288],[127.04125,37.42288],[127.04126,37.42288],[127.04127,37.42288],[127.04129,37.42287],[127.0413,37.42287],[127.04132,37.42287],[127.04133,37.42286],[127.04134,37.42285],[127.04135,37.42284],[127.04137,37.42283],[127.04138,37.42282],[127.0414,37.4228],[127.04141,37.42279],[127.04142,37.42278],[127.04144,37.42275],[127.04145,37.42275],[127.04187,37.42304]]]},"properties":{"name":"문원동 코스","difficulty":"중급","distance_km":5.78,"time_hr":1.7,"kind":"산림청 등산로(코스 추출)","desc":"들머리 → 청계산 정상","profile":[66,102,135,162,170,164,169,166,163,166,176,212,237,266,292,282,299,290,287,293,288,276,291,307,343,378,382,390,383,367,352,356,360,365,369,397,446,473,502,509,477,503,547,563,577,588,584,604],"min_elev":66,"max_elev":604,"ascent":663,"descent":125}},{"type":"Feature","geometry":{"type":"MultiLineString","coordinates":[[[127.01127,37.42784],[127.01108,37.42768],[127.01093,37.42754],[127.0109,37.42752],[127.01089,37.42751],[127.01088,37.4275],[127.01087,37.42749],[127.01086,37.42748],[127.01084,37.42748],[127.01083,37.42747],[127.01081,37.42746],[127.0108,37.42746],[127.01078,37.42746],[127.01077,37.42745],[127.01074,37.42744],[127.01063,37.42741],[127.01058,37.4274],[127.01055,37.42739],[127.01053,37.42738],[127.01052,37.42738],[127.0105,37.42737],[127.01049,37.42737],[127.01048,37.42736],[127.01046,37.42735],[127.01045,37.42734],[127.01044,37.42733],[127.0104,37.42729],[127.01039,37.42728],[127.01038,37.42727],[127.01036,37.42726],[127.01035,37.42726],[127.01034,37.42725],[127.01031,37.42723],[127.01027,37.42721],[127.01021,37.42718],[127.01009,37.42711],[127.01005,37.42709],[127.01002,37.42707],[127.01,37.42706],[127.00999,37.42706],[127.00998,37.42705],[127.00997,37.42704],[127.00996,37.42703],[127.00995,37.42702],[127.00993,37.42701],[127.00992,37.427],[127.00992,37.42699],[127.00991,37.42698],[127.0099,37.42697],[127.00989,37.42696],[127.00989,37.42695],[127.00987,37.4269],[127.00987,37.42689],[127.00986,37.42688],[127.00985,37.42687],[127.00984,37.42686],[127.00984,37.42685],[127.00983,37.42685],[127.00983,37.42685],[127.00983,37.42685],[127.00983,37.42685],[127.00982,37.42683],[127.00982,37.42682],[127.00983,37.4268],[127.00983,37.42679],[127.00983,37.42677],[127.00983,37.42676],[127.00984,37.42674],[127.00985,37.42674],[127.00986,37.42673],[127.00987,37.42672],[127.00989,37.42672],[127.0099,37.42672],[127.00991,37.42671],[127.00993,37.42671],[127.00996,37.4267],[127.01,37.4267],[127.01011,37.42668],[127.01024,37.42666],[127.01028,37.42665],[127.01031,37.42665],[127.01033,37.42665],[127.01035,37.42665],[127.01036,37.42664],[127.01038,37.42664],[127.01039,37.42664],[127.01041,37.42665],[127.01043,37.42665],[127.01044,37.42665],[127.01053,37.42666],[127.01054,37.42666],[127.01056,37.42666],[127.01057,37.42666],[127.01059,37.42667],[127.01061,37.42667],[127.01062,37.42666],[127.01064,37.42666],[127.01065,37.42666],[127.01067,37.42665],[127.01068,37.42665],[127.0107,37.42664],[127.01071,37.42664],[127.01074,37.42662],[127.01084,37.42658],[127.01089,37.42656],[127.0109,37.42655],[127.01091,37.42654],[127.01093,37.42654],[127.01094,37.42653],[127.01095,37.42652],[127.01096,37.42651],[127.01097,37.4265],[127.01098,37.42649],[127.01099,37.42648],[127.011,37.42647],[127.011,37.42645],[127.01101,37.42644],[127.01102,37.42643],[127.01103,37.42642],[127.01103,37.42641],[127.01103,37.42639],[127.01104,37.42638],[127.01104,37.42637],[127.01104,37.42636],[127.01104,37.42634],[127.01104,37.42632],[127.01104,37.42625],[127.01104,37.42623],[127.01105,37.42622],[127.01105,37.4262],[127.01105,37.42619],[127.01105,37.42618],[127.01106,37.42617],[127.01107,37.42616],[127.01108,37.42615],[127.01109,37.42614],[127.0111,37.42613],[127.01112,37.42613],[127.01113,37.42612],[127.01114,37.42611],[127.01117,37.42609],[127.01121,37.42607],[127.01124,37.42606],[127.01127,37.42604],[127.01128,37.42603],[127.0113,37.42603],[127.01131,37.42602],[127.01132,37.42602],[127.01134,37.42601],[127.01136,37.42601],[127.01137,37.42601],[127.01139,37.42601],[127.01144,37.426],[127.01145,37.426],[127.01147,37.426],[127.01148,37.426],[127.0115,37.42599],[127.01151,37.42598],[127.01152,37.42598],[127.01153,37.42597],[127.01154,37.42596],[127.01155,37.42595],[127.01156,37.42594],[127.01158,37.42592],[127.01166,37.42583],[127.01168,37.4258],[127.0117,37.42578],[127.01171,37.42577],[127.01172,37.42576],[127.01172,37.42575],[127.01173,37.42574],[127.01174,37.42572],[127.01174,37.42571],[127.01174,37.4257],[127.01175,37.42569],[127.01175,37.42567],[127.01175,37.42566],[127.01175,37.42565],[127.01175,37.42564],[127.01175,37.42563],[127.01175,37.42562],[127.01175,37.4256],[127.01175,37.42559],[127.01175,37.42558],[127.01174,37.42557],[127.01174,37.42556],[127.01174,37.42555],[127.01174,37.42554],[127.01175,37.42554],[127.01176,37.42553],[127.01177,37.42552],[127.01178,37.42551],[127.01179,37.42551],[127.01182,37.42549],[127.01186,37.42547],[127.01188,37.42545],[127.01189,37.42545],[127.0119,37.42544],[127.01192,37.42543],[127.01193,37.42542],[127.01193,37.42541],[127.01194,37.4254],[127.01194,37.4254],[127.01195,37.42538],[127.01195,37.42537],[127.01196,37.42536],[127.01197,37.42534],[127.01198,37.42533],[127.01198,37.42532],[127.01199,37.42531],[127.01201,37.42529],[127.01204,37.42525],[127.0122,37.42505],[127.0122,37.42505],[127.01222,37.42502],[127.01224,37.425],[127.01225,37.42498],[127.01226,37.42497],[127.01227,37.42495],[127.01227,37.42494],[127.01228,37.42493],[127.01228,37.42491],[127.01228,37.4249],[127.01228,37.42489],[127.01228,37.42488],[127.01227,37.42486],[127.01227,37.42485],[127.01225,37.42481],[127.01224,37.4248],[127.01224,37.42479],[127.01224,37.42478],[127.01223,37.42477],[127.01223,37.42475],[127.01224,37.42474],[127.01224,37.42473],[127.01224,37.42472],[127.01225,37.42471],[127.01226,37.42469],[127.01226,37.42468],[127.01228,37.42466],[127.01236,37.42455],[127.01241,37.42448],[127.01246,37.4244],[127.01255,37.42427],[127.01258,37.42424],[127.01259,37.42421],[127.0126,37.4242],[127.01261,37.42419],[127.01262,37.42418],[127.01263,37.42417],[127.01265,37.42417],[127.01266,37.42416],[127.01271,37.42413],[127.01272,37.42412],[127.01273,37.42411],[127.01274,37.42411],[127.01275,37.4241],[127.01275,37.42409],[127.01276,37.42408],[127.01276,37.42407],[127.01276,37.42406],[127.01276,37.42405],[127.01276,37.42404],[127.01276,37.42403],[127.01275,37.42402],[127.01276,37.42401],[127.01276,37.424],[127.01277,37.42399],[127.01277,37.42398],[127.01278,37.42397],[127.01279,37.42396],[127.01281,37.42394],[127.01285,37.4239],[127.01302,37.42372],[127.01304,37.4237],[127.01305,37.42369],[127.01306,37.42368],[127.01306,37.42367],[127.01307,37.42365],[127.01308,37.42364],[127.01309,37.42363],[127.01309,37.42362],[127.01309,37.42361],[127.0131,37.4236],[127.0131,37.42358],[127.0131,37.42357],[127.0131,37.42356],[127.01311,37.42355],[127.01311,37.42354],[127.01311,37.42352],[127.01311,37.42351],[127.01311,37.4235],[127.0131,37.42349],[127.0131,37.42347],[127.0131,37.42345],[127.01309,37.42343],[127.01308,37.4234],[127.01307,37.42338],[127.01306,37.42337],[127.01306,37.42335],[127.01305,37.42334],[127.01304,37.42333],[127.01304,37.42332],[127.01303,37.42331],[127.01301,37.42329],[127.01298,37.42325],[127.01295,37.42322],[127.01293,37.4232],[127.01292,37.42318],[127.01291,37.42317],[127.01289,37.42316],[127.01288,37.42315],[127.01287,37.42314],[127.01286,37.42313],[127.01285,37.42312],[127.01284,37.42312],[127.01282,37.42311],[127.01281,37.4231],[127.01277,37.42309],[127.01276,37.42308],[127.01274,37.42307],[127.01273,37.42307],[127.01272,37.42306],[127.01271,37.42305],[127.0127,37.42304],[127.0127,37.42303],[127.01269,37.42302],[127.01269,37.42301],[127.01269,37.423],[127.01268,37.42298],[127.01268,37.42297],[127.01268,37.42294],[127.01268,37.42285],[127.01268,37.42281],[127.01267,37.42279],[127.01267,37.42278],[127.01267,37.42276],[127.01267,37.42275],[127.01267,37.42274],[127.01266,37.42272],[127.01265,37.4227],[127.01264,37.42267],[127.01261,37.4226],[127.0126,37.42257],[127.0126,37.42256],[127.0126,37.42255],[127.01259,37.42254],[127.01259,37.42252],[127.01259,37.42251],[127.01259,37.4225],[127.01259,37.42249],[127.01259,37.42247],[127.0126,37.42246],[127.0126,37.42243],[127.01262,37.42239],[127.01266,37.42226],[127.01273,37.42204],[127.01274,37.422],[127.01275,37.42198],[127.01275,37.42196],[127.01275,37.42195],[127.01275,37.42194],[127.01276,37.42192],[127.01276,37.42191],[127.01276,37.4219],[127.01276,37.42189],[127.01276,37.42187],[127.01276,37.42185],[127.01275,37.42178],[127.01273,37.42157],[127.01273,37.42153],[127.01273,37.42152],[127.01273,37.4215],[127.01273,37.42149],[127.01273,37.42148],[127.01273,37.42146],[127.01274,37.42145],[127.01274,37.42144],[127.01275,37.42143],[127.01275,37.42142],[127.01276,37.4214],[127.01277,37.42138],[127.01278,37.42136],[127.01279,37.42134],[127.0128,37.42133],[127.01281,37.42132],[127.01281,37.42131],[127.01282,37.4213],[127.01283,37.42129],[127.01285,37.42127],[127.01288,37.42124],[127.0129,37.42123],[127.0129,37.42122],[127.01291,37.42121],[127.01292,37.4212],[127.01293,37.42119],[127.01293,37.42118],[127.01294,37.42117],[127.01294,37.42116],[127.01294,37.42115],[127.01294,37.42114],[127.01293,37.42112],[127.01293,37.42111],[127.01292,37.42105],[127.01292,37.42104],[127.01292,37.42102],[127.01291,37.42101],[127.01291,37.421],[127.01291,37.42099],[127.01292,37.42097],[127.01292,37.42096],[127.01292,37.42095],[127.01292,37.42092],[127.01294,37.42083],[127.01295,37.4208],[127.01295,37.42078],[127.01295,37.42077],[127.01295,37.42075],[127.01295,37.42074],[127.01295,37.42073],[127.01294,37.42071],[127.01294,37.42069],[127.01294,37.42068],[127.01295,37.42067],[127.01295,37.42066],[127.01296,37.42065],[127.01297,37.42064],[127.01297,37.42063],[127.01298,37.42063],[127.01298,37.42063],[127.01298,37.42062],[127.01298,37.42061],[127.01298,37.42059],[127.01298,37.42058],[127.01298,37.42057],[127.01298,37.42055],[127.01297,37.42054],[127.01296,37.42053],[127.01295,37.42052],[127.01294,37.42052],[127.01289,37.42051],[127.01288,37.4205],[127.01287,37.4205],[127.01286,37.42049],[127.01284,37.42048],[127.01284,37.42047],[127.01283,37.42046],[127.01282,37.42045],[127.01281,37.42044],[127.0128,37.42041],[127.01279,37.4204],[127.01278,37.42038],[127.01277,37.42035],[127.01277,37.42034],[127.01276,37.42033],[127.01276,37.42032],[127.01276,37.4203],[127.01276,37.42029],[127.01276,37.42028],[127.01276,37.42027],[127.01276,37.42025],[127.01276,37.42024],[127.01277,37.42021],[127.01278,37.42016],[127.01278,37.42013],[127.01278,37.42012],[127.01278,37.42011],[127.01278,37.4201],[127.01278,37.42008],[127.01278,37.42007],[127.01278,37.42004],[127.01278,37.42],[127.01278,37.41996],[127.01277,37.41994],[127.01277,37.41992],[127.01277,37.41991],[127.01277,37.4199],[127.01276,37.41989],[127.01276,37.41988],[127.01275,37.41985],[127.01274,37.41984],[127.01274,37.41983],[127.01274,37.41981],[127.01274,37.4198],[127.01274,37.41979],[127.01276,37.41974],[127.01276,37.41973],[127.01276,37.41972],[127.01276,37.41971],[127.01276,37.41969],[127.01276,37.41968],[127.01275,37.41965],[127.01275,37.41965],[127.01274,37.41963],[127.01274,37.41962],[127.01275,37.41961],[127.01275,37.4196],[127.01275,37.41958],[127.01275,37.41957],[127.01276,37.41955],[127.01277,37.41952],[127.01277,37.4195],[127.01278,37.41948],[127.01278,37.41947],[127.01279,37.41946],[127.0128,37.41945],[127.0128,37.41944],[127.01281,37.41942],[127.01282,37.41941],[127.01283,37.4194],[127.01284,37.41939],[127.01287,37.41936],[127.01296,37.41928],[127.013,37.41925],[127.01303,37.41922],[127.01304,37.41921],[127.01305,37.4192],[127.01306,37.41919],[127.01306,37.41918],[127.01307,37.41916],[127.01308,37.41915],[127.01309,37.41914],[127.0131,37.4191],[127.01311,37.41909],[127.01311,37.41908],[127.01312,37.41907],[127.01313,37.41906],[127.01314,37.41905],[127.01315,37.41904],[127.01316,37.41903],[127.01317,37.41902],[127.0132,37.419],[127.01322,37.41899],[127.01323,37.41898],[127.01324,37.41898],[127.01325,37.41897],[127.01325,37.41895],[127.01326,37.41894],[127.01327,37.41893],[127.01328,37.41892],[127.01328,37.41891],[127.0133,37.41889],[127.01331,37.41886],[127.01332,37.41884],[127.01333,37.41882],[127.01334,37.4188],[127.01335,37.41879],[127.01335,37.41878],[127.01336,37.41877],[127.01336,37.41875],[127.01336,37.41874],[127.01336,37.41873],[127.01336,37.41871],[127.01337,37.41869],[127.01337,37.41862],[127.01337,37.4186],[127.01338,37.41858],[127.01338,37.41857],[127.01338,37.41855],[127.01339,37.41854],[127.01339,37.41853],[127.0134,37.41852],[127.01341,37.41849],[127.01342,37.41846],[127.01343,37.41843],[127.01344,37.41842],[127.01344,37.4184],[127.01345,37.41839],[127.01345,37.41838],[127.01345,37.41837],[127.01345,37.41835],[127.01345,37.41834],[127.01344,37.41831],[127.01344,37.41828],[127.01344,37.41825],[127.01344,37.41824],[127.01344,37.41822],[127.01344,37.41821],[127.01344,37.4182],[127.01344,37.41819],[127.01345,37.41817],[127.01345,37.41816],[127.01346,37.41815],[127.01347,37.41814],[127.01347,37.41813],[127.01349,37.41811],[127.0135,37.4181],[127.01352,37.41807],[127.01356,37.41803],[127.01356,37.41803],[127.01355,37.41789],[127.01355,37.41784],[127.01355,37.41781],[127.01355,37.4178],[127.01355,37.41779],[127.01355,37.41778],[127.01355,37.41777],[127.01355,37.41775],[127.01355,37.41774],[127.01356,37.4177],[127.01364,37.41741],[127.01347,37.41713],[127.01347,37.41713],[127.01345,37.41711],[127.01344,37.4171],[127.01342,37.41708],[127.01341,37.41707],[127.0134,37.41706],[127.01339,37.41704],[127.01339,37.41703],[127.01338,37.41702],[127.01338,37.41701],[127.01338,37.417],[127.01338,37.41698],[127.01338,37.41697],[127.01338,37.41696],[127.01338,37.41693],[127.01342,37.41675],[127.01346,37.4165],[127.01346,37.41649],[127.01346,37.41645],[127.01347,37.41642],[127.01347,37.41638],[127.01347,37.41637],[127.01348,37.41636],[127.01348,37.41634],[127.01349,37.41633],[127.01349,37.41632],[127.0135,37.41631],[127.0135,37.4163],[127.01351,37.41629],[127.01352,37.41628],[127.01354,37.41627],[127.01355,37.41626],[127.01358,37.41623],[127.01359,37.41622],[127.0136,37.41621],[127.01361,37.4162],[127.01362,37.41619],[127.01363,37.41618],[127.01363,37.41617],[127.01364,37.41616],[127.01364,37.41615],[127.01365,37.41613],[127.01365,37.41612],[127.01366,37.4161],[127.01366,37.41606],[127.01368,37.41595],[127.01369,37.41593],[127.01369,37.41591],[127.01369,37.4159],[127.0137,37.41589],[127.0137,37.41587],[127.01371,37.41586],[127.01371,37.41585],[127.01372,37.41584],[127.01373,37.41583],[127.01374,37.41582],[127.01375,37.41582],[127.01376,37.41581],[127.0138,37.41579],[127.01381,37.41578],[127.01382,37.41577],[127.01383,37.41577],[127.01383,37.41576],[127.01384,37.41575],[127.01384,37.41574],[127.01384,37.41573],[127.01384,37.41572],[127.01383,37.41571],[127.01382,37.41568],[127.01381,37.41567],[127.01381,37.41566],[127.01381,37.41565],[127.01381,37.41564],[127.01381,37.41562],[127.01381,37.41561],[127.01381,37.4156],[127.01382,37.41557],[127.01382,37.41556],[127.01382,37.41555],[127.01382,37.41554],[127.01382,37.41553],[127.01382,37.41551],[127.01381,37.41551],[127.01381,37.4155],[127.0138,37.41549],[127.01379,37.41547],[127.01378,37.41547],[127.01378,37.41546],[127.01377,37.41545],[127.01378,37.41545],[127.01378,37.41544],[127.01379,37.41543],[127.0138,37.41542],[127.01381,37.41542],[127.01383,37.41541],[127.01384,37.4154],[127.01387,37.41539],[127.01397,37.41534],[127.014,37.41533],[127.01403,37.41531],[127.01404,37.4153],[127.01405,37.4153],[127.01407,37.41529],[127.01408,37.41528],[127.01409,37.41527],[127.0141,37.41526],[127.01411,37.41525],[127.01411,37.41524],[127.01412,37.41523],[127.01412,37.41522],[127.01413,37.41521],[127.01413,37.41519],[127.01413,37.41518],[127.01414,37.41517],[127.01414,37.41516],[127.01414,37.41515],[127.01414,37.41515],[127.01413,37.41514],[127.01413,37.41514],[127.01413,37.41513],[127.01412,37.41513],[127.01411,37.41513],[127.01411,37.41513],[127.01411,37.41513],[127.01411,37.41512],[127.01412,37.41511],[127.01413,37.4151],[127.01413,37.4151],[127.01414,37.41509],[127.01415,37.41508],[127.01416,37.41507],[127.01417,37.41506],[127.01418,37.41505],[127.01419,37.41504],[127.0142,37.41503],[127.01421,37.41502],[127.01422,37.41501],[127.01424,37.41501],[127.01425,37.415],[127.01428,37.41498],[127.01434,37.41496],[127.01437,37.41495],[127.0144,37.41493],[127.01442,37.41493],[127.01443,37.41492],[127.01445,37.41492],[127.01446,37.41491],[127.01448,37.41491],[127.01449,37.41491],[127.0145,37.41492],[127.01452,37.41492],[127.01453,37.41493],[127.01454,37.41493],[127.01455,37.41494],[127.01456,37.41495],[127.0146,37.41498],[127.01461,37.41499],[127.01462,37.41499],[127.01463,37.415],[127.01465,37.41501],[127.01466,37.41501],[127.01467,37.41501],[127.01469,37.41501],[127.0147,37.41501],[127.01471,37.41501],[127.01473,37.41501],[127.01474,37.415],[127.01476,37.415],[127.0148,37.41498],[127.01481,37.41498],[127.01483,37.41497],[127.01484,37.41497],[127.01486,37.41497],[127.01487,37.41496],[127.01489,37.41496],[127.0149,37.41496],[127.01492,37.41497],[127.01493,37.41497],[127.01494,37.41498],[127.01496,37.41499],[127.01497,37.41499],[127.01502,37.41501],[127.01503,37.41502],[127.01505,37.41503],[127.01506,37.41503],[127.01507,37.41504],[127.01509,37.41504],[127.0151,37.41504],[127.01512,37.41504],[127.01513,37.41504],[127.01514,37.41504],[127.01516,37.41503],[127.01517,37.41502],[127.01518,37.41502],[127.01519,37.41501],[127.0152,37.415],[127.01521,37.41499],[127.01522,37.41498],[127.01523,37.41497],[127.01525,37.41495],[127.01527,37.41492],[127.01531,37.41487],[127.01533,37.41484],[127.01533,37.41483],[127.01534,37.41482],[127.01535,37.41481],[127.01536,37.4148],[127.01537,37.41479],[127.01538,37.41479],[127.0154,37.41478],[127.01541,37.41478],[127.01543,37.41477],[127.01544,37.41477],[127.01549,37.41476],[127.01551,37.41476],[127.01552,37.41475],[127.01553,37.41475],[127.01555,37.41474],[127.01556,37.41474],[127.01556,37.41473],[127.01557,37.41472],[127.01557,37.41471],[127.01557,37.4147],[127.01558,37.41467],[127.01558,37.41466],[127.01558,37.41465],[127.01559,37.41464],[127.0156,37.41463],[127.0156,37.41461],[127.01561,37.4146],[127.01562,37.41459],[127.01563,37.41458],[127.01564,37.41457],[127.01565,37.41456],[127.01567,37.41454],[127.01576,37.41446],[127.0158,37.41443],[127.01582,37.41441],[127.01583,37.4144],[127.01584,37.41439],[127.01585,37.41438],[127.01586,37.41437],[127.01587,37.41436],[127.01587,37.41435],[127.01588,37.41434],[127.01588,37.41432],[127.01589,37.41431],[127.01591,37.41427],[127.01591,37.41426],[127.01592,37.41425],[127.01592,37.41424],[127.01593,37.41423],[127.01594,37.41422],[127.01595,37.41421],[127.01596,37.4142],[127.01597,37.4142],[127.01599,37.41419],[127.016,37.41418],[127.01603,37.41417],[127.0161,37.41414],[127.01614,37.41413],[127.01617,37.41412],[127.01618,37.41411],[127.01619,37.41411],[127.01621,37.4141],[127.01622,37.41409],[127.01623,37.41408],[127.01625,37.41407],[127.01627,37.41406],[127.01628,37.41405],[127.01629,37.41405],[127.0163,37.41404],[127.01632,37.41404],[127.01633,37.41404],[127.01635,37.41404],[127.01636,37.41403],[127.01638,37.41403],[127.01643,37.41403],[127.01644,37.41403],[127.01646,37.41403],[127.01647,37.41403],[127.01649,37.41403],[127.0165,37.41403],[127.01651,37.41402],[127.01652,37.41402],[127.01654,37.41401],[127.01654,37.414],[127.01657,37.41398],[127.01659,37.41397],[127.0166,37.41396],[127.01661,37.41395],[127.01662,37.41395],[127.01664,37.41394],[127.01665,37.41394],[127.01671,37.41392],[127.01672,37.41392],[127.01674,37.41391],[127.01675,37.41391],[127.01676,37.4139],[127.01677,37.41389],[127.01678,37.41388],[127.01679,37.41387],[127.0168,37.41386],[127.01681,37.41385],[127.01682,37.41383],[127.01685,37.41378],[127.01688,37.41372],[127.01689,37.41369],[127.01689,37.41368],[127.0169,37.41367],[127.0169,37.41365],[127.0169,37.41364],[127.0169,37.41362],[127.01689,37.41361],[127.01688,37.4136],[127.01688,37.41359],[127.01687,37.41358],[127.01686,37.41357],[127.01686,37.41357],[127.01717,37.41358],[127.01722,37.41359],[127.01726,37.41359],[127.01727,37.41359],[127.01729,37.41359],[127.0173,37.4136],[127.01732,37.4136],[127.01734,37.4136],[127.01741,37.41362],[127.01744,37.41363],[127.01746,37.41363],[127.01747,37.41363],[127.01749,37.41363],[127.0175,37.41364],[127.01752,37.41363],[127.01753,37.41363],[127.01755,37.41363],[127.01757,37.41363],[127.01758,37.41363],[127.0176,37.41362],[127.01761,37.41362],[127.01763,37.41361],[127.01764,37.41361],[127.01766,37.4136],[127.01767,37.4136],[127.01768,37.41359],[127.0177,37.41359],[127.01771,37.41358],[127.01772,37.41357],[127.01773,37.41356],[127.01774,37.41355],[127.01775,37.41354],[127.01775,37.41353],[127.01776,37.41351],[127.01777,37.41349],[127.01782,37.4134],[127.01783,37.41338],[127.01784,37.41337],[127.01784,37.41336],[127.01785,37.41335],[127.01786,37.41333],[127.01787,37.41332],[127.01788,37.41331],[127.01789,37.41331],[127.0179,37.4133],[127.01791,37.41329],[127.01792,37.41328],[127.01793,37.41327],[127.01795,37.41327],[127.01796,37.41326],[127.01797,37.41326],[127.01799,37.41325],[127.018,37.41325],[127.01802,37.41324],[127.01803,37.41324],[127.01807,37.41323],[127.01823,37.41319],[127.01837,37.41315],[127.01865,37.41308],[127.01887,37.41302],[127.0189,37.41301],[127.01893,37.413],[127.01895,37.413],[127.01897,37.413],[127.01898,37.41299],[127.019,37.41299],[127.01901,37.41299],[127.01903,37.41299],[127.01906,37.41299],[127.01913,37.41299],[127.01933,37.41299],[127.01936,37.41299],[127.0194,37.41298],[127.01941,37.41298],[127.01943,37.41298],[127.01945,37.41298],[127.01946,37.41298],[127.01948,37.41298],[127.0195,37.41297],[127.01953,37.41296],[127.01956,37.41296],[127.0198,37.41289],[127.02018,37.41279],[127.02037,37.41273],[127.02057,37.41268],[127.0206,37.41268],[127.02061,37.41267],[127.02063,37.41266],[127.02064,37.41266],[127.02066,37.41265],[127.02067,37.41265],[127.02069,37.41264],[127.0207,37.41263],[127.02071,37.41263],[127.02073,37.41262],[127.02074,37.41261],[127.02076,37.41259],[127.0208,37.41256],[127.02093,37.41247],[127.02095,37.41246],[127.02097,37.41245],[127.02098,37.41244],[127.02099,37.41243],[127.021,37.41243],[127.02102,37.41242],[127.02103,37.41242],[127.02105,37.41242],[127.02106,37.41242],[127.02107,37.41242],[127.02109,37.41242],[127.0211,37.41242],[127.02112,37.41243],[127.02119,37.41245],[127.02121,37.41245],[127.02122,37.41246],[127.02124,37.41246],[127.02125,37.41246],[127.02127,37.41247],[127.02128,37.41247],[127.0213,37.41247],[127.02132,37.41247],[127.02133,37.41247],[127.02137,37.41246],[127.0214,37.41246],[127.02177,37.41242],[127.02182,37.41242],[127.02185,37.41242],[127.02187,37.41242],[127.02189,37.41242],[127.0219,37.41242],[127.02192,37.41242],[127.02194,37.41242],[127.02195,37.41242],[127.02197,37.41243],[127.02198,37.41243],[127.022,37.41244],[127.02204,37.41245],[127.02219,37.4125],[127.02226,37.41252],[127.02229,37.41253],[127.0223,37.41253],[127.02232,37.41253],[127.02233,37.41254],[127.02235,37.41254],[127.02236,37.41254],[127.02238,37.41255],[127.02241,37.41255],[127.02248,37.41256],[127.02255,37.41256],[127.0226,37.41257],[127.02263,37.41257],[127.02265,37.41257],[127.02267,37.41257],[127.02268,37.41257],[127.0227,37.41257],[127.02273,37.41257],[127.02278,37.41256],[127.02281,37.41256],[127.02285,37.41255],[127.02288,37.41255],[127.0229,37.41255],[127.02291,37.41254],[127.02293,37.41254],[127.02294,37.41254],[127.02296,37.41253],[127.02297,37.41253],[127.02299,37.41252],[127.023,37.41251],[127.02301,37.4125],[127.02305,37.41248],[127.02306,37.41247],[127.02307,37.41246],[127.02308,37.41245],[127.0231,37.41245],[127.02311,37.41244],[127.02312,37.41244],[127.02314,37.41244],[127.02315,37.41244],[127.02317,37.41245],[127.02318,37.41245],[127.02322,37.41246],[127.02324,37.41246],[127.02326,37.41246],[127.02327,37.41246],[127.02329,37.41246],[127.0233,37.41247],[127.02332,37.41246],[127.02333,37.41246],[127.02335,37.41246],[127.02338,37.41246],[127.02343,37.41245],[127.02356,37.41242],[127.02359,37.41242],[127.02361,37.41242],[127.02362,37.41242],[127.02364,37.41241],[127.02365,37.41241],[127.02367,37.41241],[127.02369,37.41241],[127.0237,37.41241],[127.02372,37.41242],[127.02374,37.41242],[127.02375,37.41242],[127.02377,37.41243],[127.02378,37.41243],[127.0238,37.41243],[127.02381,37.41244],[127.02383,37.41244],[127.02384,37.41245],[127.02386,37.41246],[127.02387,37.41246],[127.02389,37.41247],[127.02391,37.41249],[127.02396,37.41252],[127.02398,37.41253],[127.02399,37.41254],[127.024,37.41255],[127.02402,37.41255],[127.02403,37.41256],[127.02405,37.41256],[127.02406,37.41257],[127.02407,37.41257],[127.02409,37.41257],[127.0241,37.41257],[127.02412,37.41257],[127.02413,37.41257],[127.02415,37.41257],[127.02416,37.41257],[127.02418,37.41257],[127.0242,37.41257],[127.02421,37.41257],[127.02423,37.41256],[127.02424,37.41256],[127.02426,37.41255],[127.02429,37.41254],[127.02432,37.41253],[127.02455,37.41245],[127.02458,37.41244],[127.02461,37.41243],[127.02464,37.41242],[127.02466,37.41242],[127.02467,37.41241],[127.02469,37.41241],[127.0247,37.41241],[127.02472,37.41241],[127.02474,37.41241],[127.02475,37.41241],[127.02477,37.41241],[127.0248,37.41242],[127.02483,37.41242],[127.0249,37.41243],[127.02493,37.41244],[127.02495,37.41244],[127.02496,37.41244],[127.02498,37.41244],[127.025,37.41244],[127.02501,37.41244],[127.02503,37.41244],[127.02505,37.41244],[127.02506,37.41244],[127.02508,37.41244],[127.02509,37.41243],[127.02514,37.41242],[127.02517,37.41242],[127.02518,37.41242],[127.0252,37.41242],[127.02521,37.41241],[127.02523,37.41241],[127.02524,37.41241],[127.02526,37.41241],[127.02529,37.41242],[127.02534,37.41242],[127.02535,37.41242],[127.02537,37.41242],[127.02538,37.41242],[127.0254,37.41242],[127.02541,37.41242],[127.02543,37.41242],[127.02544,37.41241],[127.02545,37.41241],[127.02547,37.4124],[127.02548,37.41239],[127.02549,37.41239],[127.02552,37.41237],[127.02559,37.41232],[127.02562,37.41231],[127.02563,37.4123],[127.02564,37.41229],[127.02566,37.41228],[127.02567,37.41228],[127.02568,37.41227],[127.0257,37.41226],[127.02571,37.41226],[127.02573,37.41226],[127.02574,37.41225],[127.02576,37.41225],[127.02584,37.41224],[127.02585,37.41224],[127.02587,37.41224],[127.02589,37.41224],[127.0259,37.41223],[127.02591,37.41222],[127.02593,37.41222],[127.02594,37.41221],[127.02595,37.41221],[127.026,37.41218],[127.02601,37.41218],[127.02602,37.41217],[127.02604,37.41217],[127.02605,37.41216],[127.02607,37.41216],[127.02608,37.41216],[127.0261,37.41215],[127.02612,37.41215],[127.02613,37.41215],[127.02615,37.41215],[127.02618,37.41216],[127.02638,37.41217],[127.02674,37.41218],[127.02692,37.41219],[127.02696,37.41219],[127.02699,37.41219],[127.02702,37.41219],[127.02704,37.41219],[127.02706,37.41219],[127.02707,37.41219],[127.02709,37.41219],[127.0271,37.41219],[127.02712,37.41218],[127.02716,37.41217],[127.02718,37.41217],[127.02719,37.41217],[127.02721,37.41216],[127.02722,37.41216],[127.02724,37.41216],[127.02725,37.41216],[127.02727,37.41216],[127.02729,37.41216],[127.02732,37.41216],[127.02737,37.41217],[127.02755,37.41218],[127.02761,37.41219],[127.02765,37.41219],[127.02766,37.41219],[127.02768,37.41219],[127.0277,37.41219],[127.02771,37.41219],[127.02773,37.41219],[127.02774,37.41219],[127.02778,37.41218],[127.02784,37.41217],[127.02802,37.41215],[127.02805,37.41215],[127.02809,37.41214],[127.0281,37.41214],[127.02812,37.41214],[127.02813,37.41214],[127.02815,37.41214],[127.02817,37.41214],[127.02818,37.41214],[127.0282,37.41215],[127.02821,37.41215],[127.02824,37.41216],[127.02828,37.41217],[127.0284,37.4122],[127.0285,37.41223],[127.02873,37.41229],[127.02876,37.4123],[127.02878,37.4123],[127.0288,37.41231],[127.02881,37.41231],[127.02882,37.41232],[127.02884,37.41233],[127.02885,37.41233],[127.02886,37.41234],[127.02887,37.41235],[127.02889,37.41236],[127.0289,37.41237],[127.02895,37.41242],[127.02896,37.41243],[127.02898,37.41244],[127.02899,37.41245],[127.029,37.41246],[127.02901,37.41246],[127.02903,37.41247],[127.02904,37.41248],[127.02905,37.41248],[127.02907,37.41248],[127.02908,37.41248],[127.0291,37.41249],[127.02912,37.41249],[127.02918,37.41249],[127.0292,37.4125],[127.02921,37.4125],[127.02923,37.4125],[127.02924,37.4125],[127.02926,37.41251],[127.02927,37.41251],[127.02928,37.41252],[127.0293,37.41253],[127.02931,37.41254],[127.02932,37.41255],[127.02933,37.41256],[127.02937,37.41258],[127.02948,37.41268],[127.02954,37.41273],[127.02956,37.41275],[127.02957,37.41276],[127.02958,37.41277],[127.0296,37.41278],[127.02961,37.41279],[127.02962,37.4128],[127.02964,37.4128],[127.02966,37.41282],[127.02973,37.41286],[127.02977,37.41288],[127.0298,37.41289],[127.02981,37.4129],[127.02983,37.41291],[127.02984,37.41291],[127.02986,37.41292],[127.02987,37.41292],[127.02989,37.41292],[127.0299,37.41292],[127.02992,37.41292],[127.02994,37.41292],[127.02995,37.41292],[127.02999,37.41292],[127.03017,37.41292],[127.03024,37.41292],[127.03027,37.41292],[127.03029,37.41292],[127.03031,37.41292],[127.03032,37.41293],[127.03034,37.41293],[127.03036,37.41293],[127.03037,37.41293],[127.03038,37.41294],[127.0304,37.41294],[127.03043,37.41295],[127.03046,37.41297],[127.03055,37.413],[127.03057,37.41301],[127.03059,37.41302],[127.0306,37.41302],[127.03062,37.41302],[127.03063,37.41303],[127.03065,37.41303],[127.03066,37.41304],[127.03068,37.41304],[127.0307,37.41304],[127.03071,37.41304],[127.03073,37.41304],[127.03076,37.41304],[127.0309,37.41304],[127.03095,37.41304],[127.03098,37.41304],[127.031,37.41304],[127.03101,37.41305],[127.03103,37.41305],[127.03104,37.41305],[127.03106,37.41305],[127.03107,37.41306],[127.03108,37.41307],[127.03109,37.41307],[127.03112,37.41309],[127.03113,37.41309],[127.03114,37.4131],[127.03115,37.4131],[127.03117,37.41311],[127.03118,37.41311],[127.03119,37.41311],[127.03121,37.41311],[127.03123,37.41311],[127.03124,37.41311],[127.03126,37.4131],[127.03129,37.4131],[127.03137,37.41308],[127.03141,37.41308],[127.03142,37.41307],[127.03144,37.41307],[127.03146,37.41307],[127.03147,37.41307],[127.03149,37.41307],[127.0315,37.41307],[127.03152,37.41307],[127.03154,37.41307],[127.03155,37.41307],[127.03159,37.41307],[127.03164,37.41308],[127.03179,37.41309],[127.03193,37.41311],[127.03212,37.41316],[127.03228,37.41321],[127.03233,37.41322],[127.03236,37.41324],[127.03237,37.41324],[127.03239,37.41325],[127.0324,37.41325],[127.03242,37.41326],[127.03243,37.41327],[127.03245,37.41327],[127.03246,37.41328],[127.03247,37.41329],[127.0325,37.41331],[127.0326,37.41338],[127.03264,37.4134],[127.03265,37.41341],[127.03266,37.41342],[127.03268,37.41342],[127.03269,37.41343],[127.0327,37.41344],[127.03272,37.41345],[127.03273,37.41345],[127.03276,37.41346],[127.03279,37.41347],[127.03298,37.41354],[127.03329,37.41365],[127.03346,37.41371],[127.03351,37.41372],[127.03352,37.41373],[127.03354,37.41374],[127.03355,37.41374],[127.03357,37.41375],[127.03358,37.41376],[127.03359,37.41376],[127.03361,37.41377],[127.03362,37.41378],[127.03364,37.4138],[127.03367,37.41383],[127.03368,37.41383],[127.03369,37.41384],[127.03371,37.41385],[127.03372,37.41386],[127.03373,37.41387],[127.03375,37.41387],[127.03376,37.41388],[127.03378,37.41389],[127.0338,37.4139],[127.03383,37.41391],[127.03389,37.41393],[127.03395,37.41395],[127.03398,37.41396],[127.03401,37.41397],[127.03403,37.41398],[127.03404,37.41398],[127.03406,37.41398],[127.03407,37.41399],[127.03409,37.41399],[127.0341,37.41399],[127.03412,37.41399],[127.03413,37.41399],[127.03418,37.41399],[127.0342,37.414],[127.03421,37.414],[127.03423,37.414],[127.03424,37.414],[127.03426,37.414],[127.03427,37.41401],[127.03428,37.41401],[127.03431,37.41402],[127.03433,37.41403],[127.03434,37.41403],[127.03435,37.41403],[127.03437,37.41403],[127.03439,37.41403],[127.0344,37.41403],[127.03442,37.41403],[127.03443,37.41403],[127.03445,37.41403],[127.03453,37.41401],[127.03454,37.41401],[127.03456,37.41401],[127.03458,37.41401],[127.03459,37.41401],[127.03461,37.41401],[127.03462,37.41401],[127.03464,37.41401],[127.03465,37.41402],[127.03467,37.41402],[127.03471,37.41404],[127.03472,37.41404],[127.03474,37.41405],[127.03476,37.41405],[127.03477,37.41405],[127.03479,37.41405],[127.0348,37.41406],[127.03482,37.41406],[127.03487,37.41406],[127.03488,37.41407],[127.0349,37.41407],[127.03491,37.41407],[127.03493,37.41407],[127.03494,37.41407],[127.03495,37.41408],[127.03496,37.41409],[127.03496,37.41409],[127.03496,37.4141],[127.03497,37.41411],[127.03497,37.41413],[127.03497,37.41414],[127.03497,37.41415],[127.03498,37.41416],[127.03498,37.41417],[127.03499,37.41418],[127.035,37.41419],[127.03501,37.41419],[127.03502,37.4142],[127.03503,37.4142],[127.03505,37.41421],[127.03506,37.41421],[127.03508,37.41421],[127.03511,37.41421],[127.03514,37.41422],[127.03522,37.41422],[127.03527,37.41422],[127.0353,37.41423],[127.03532,37.41423],[127.03534,37.41423],[127.03535,37.41422],[127.03537,37.41422],[127.03538,37.41422],[127.0354,37.41422],[127.03543,37.41421],[127.03548,37.4142],[127.03559,37.41417],[127.03562,37.41417],[127.03563,37.41416],[127.03565,37.41416],[127.03567,37.41416],[127.03568,37.41416],[127.0357,37.41416],[127.03571,37.41416],[127.03573,37.41416],[127.03575,37.41416],[127.03576,37.41416],[127.0358,37.41416],[127.03585,37.41417],[127.03599,37.4142],[127.03603,37.4142],[127.03604,37.4142],[127.03606,37.41421],[127.03608,37.41421],[127.03609,37.41421],[127.03611,37.41421],[127.03612,37.41421],[127.03614,37.41421],[127.03616,37.41421],[127.03617,37.4142],[127.03619,37.4142],[127.03622,37.41419],[127.03627,37.41418],[127.03656,37.41409],[127.0366,37.41407],[127.03664,37.41407],[127.03665,37.41406],[127.03667,37.41406],[127.03668,37.41405],[127.0367,37.41405],[127.03672,37.41405],[127.03673,37.41405],[127.03675,37.41405],[127.03676,37.41405],[127.03678,37.41405],[127.03681,37.41405],[127.03685,37.41406],[127.03699,37.41407],[127.03703,37.41408],[127.03704,37.41408],[127.03706,37.41408],[127.03708,37.41408],[127.03709,37.41408],[127.03711,37.41408],[127.03712,37.41408],[127.03714,37.41408],[127.03715,37.41407],[127.03717,37.41407],[127.03718,37.41406],[127.03719,37.41405],[127.03721,37.41405],[127.03726,37.41401],[127.03727,37.41401],[127.03728,37.414],[127.0373,37.41399],[127.03731,37.41399],[127.03732,37.41398],[127.03734,37.41398],[127.03735,37.41398],[127.0374,37.41397],[127.03741,37.41397],[127.03742,37.41397],[127.03744,37.41397],[127.03745,37.41396],[127.03747,37.41396],[127.03748,37.41395],[127.0375,37.41394],[127.03751,37.41394],[127.03754,37.41392],[127.03758,37.4139],[127.03777,37.41379],[127.03777,37.4138],[127.03778,37.4138],[127.03779,37.41381],[127.0378,37.41381],[127.03782,37.41383],[127.03783,37.41384],[127.03784,37.41385],[127.03785,37.41386],[127.03786,37.41388],[127.03787,37.41389],[127.03788,37.41391],[127.03789,37.41392],[127.0379,37.41393],[127.0379,37.41394],[127.03791,37.41395],[127.03792,37.41396],[127.03793,37.41397],[127.03794,37.41398],[127.03796,37.41398],[127.03797,37.41399],[127.03798,37.414],[127.03803,37.41402],[127.03804,37.41402],[127.03805,37.41403],[127.03807,37.41404],[127.03808,37.41404],[127.03809,37.41405],[127.03811,37.41406],[127.03812,37.41407],[127.03813,37.41408],[127.03815,37.4141],[127.03821,37.41415],[127.03823,37.41417],[127.03824,37.41418],[127.03825,37.41418],[127.03826,37.41419],[127.03827,37.4142],[127.03829,37.41421],[127.0383,37.41421],[127.03831,37.41422],[127.03836,37.41423],[127.03837,37.41423],[127.03839,37.41424],[127.0384,37.41425],[127.0384,37.41425],[127.03841,37.41426],[127.03842,37.41427],[127.03843,37.41428],[127.03844,37.41431],[127.03845,37.41432],[127.03845,37.41433],[127.03846,37.41434],[127.03847,37.41435],[127.03848,37.41435],[127.0385,37.41436],[127.03851,37.41436],[127.03853,37.41436],[127.03859,37.41437],[127.0386,37.41437],[127.03862,37.41438],[127.03863,37.41438],[127.03864,37.41439],[127.03865,37.41439],[127.03866,37.4144],[127.03866,37.41441],[127.03868,37.41443],[127.03869,37.41444],[127.0387,37.41445],[127.03871,37.41446],[127.03872,37.41447],[127.03874,37.41449],[127.03876,37.41451],[127.03878,37.41452],[127.03879,37.41452],[127.0388,37.41453],[127.03881,37.41454],[127.03883,37.41455],[127.03884,37.41456],[127.03885,37.41456],[127.03887,37.41457],[127.03888,37.41457],[127.0389,37.41457],[127.03891,37.41457],[127.03893,37.41457],[127.03894,37.41457],[127.03899,37.41457],[127.03901,37.41456],[127.03902,37.41456],[127.03904,37.41456],[127.03906,37.41457],[127.03907,37.41457],[127.03909,37.41457],[127.0391,37.41458],[127.03911,37.41458],[127.03913,37.41459],[127.03914,37.41459],[127.03919,37.41461],[127.03932,37.41468],[127.03935,37.41469],[127.03936,37.4147],[127.03938,37.4147],[127.03939,37.41471],[127.03941,37.41471],[127.03942,37.41472],[127.03944,37.41472],[127.03945,37.41472],[127.03947,37.41472],[127.03948,37.41472],[127.03952,37.41473],[127.03955,37.41473],[127.0396,37.41473],[127.03963,37.41473],[127.03965,37.41473],[127.03967,37.41473],[127.03968,37.41473],[127.0397,37.41473],[127.03972,37.41473],[127.03973,37.41472],[127.03977,37.41472],[127.03981,37.41471],[127.03991,37.4147],[127.03995,37.41469],[127.03996,37.41469],[127.03998,37.41469],[127.03999,37.41468],[127.04001,37.41468],[127.04002,37.41469],[127.04004,37.41469],[127.04005,37.41469],[127.04006,37.4147],[127.04008,37.4147],[127.04009,37.41471],[127.0401,37.41472],[127.04011,37.41473],[127.04014,37.41475],[127.04024,37.41483],[127.04026,37.41485],[127.04027,37.41486],[127.04029,37.41487],[127.0403,37.41488],[127.04031,37.41489],[127.04032,37.41489],[127.04034,37.4149],[127.04035,37.4149],[127.04036,37.41491],[127.04037,37.41491],[127.04039,37.41491],[127.04043,37.41492],[127.04045,37.41492],[127.04046,37.41492],[127.04048,37.41493],[127.04049,37.41493],[127.04051,37.41493],[127.04052,37.41494],[127.04055,37.41495],[127.0406,37.41497],[127.0407,37.41501],[127.04075,37.41502],[127.04078,37.41503],[127.04079,37.41504],[127.04081,37.41505],[127.04082,37.41505],[127.04083,37.41506],[127.04085,37.41507],[127.04086,37.41508],[127.04087,37.41508],[127.04088,37.41509],[127.0409,37.41511],[127.04094,37.41514],[127.04096,37.41516],[127.04097,37.41517],[127.04098,37.41517],[127.04099,37.41518],[127.041,37.41519],[127.041,37.41521],[127.04101,37.41522],[127.04101,37.41523],[127.04102,37.41524],[127.04102,37.41525],[127.04102,37.41526],[127.04102,37.41528],[127.04102,37.4153],[127.04102,37.41534],[127.04102,37.41537],[127.04102,37.41538],[127.04102,37.41539],[127.04102,37.4154],[127.04101,37.41542],[127.04101,37.41543],[127.041,37.41544],[127.04099,37.41545],[127.04098,37.41546],[127.04097,37.41547],[127.04094,37.4155],[127.04093,37.41551],[127.04092,37.41552],[127.04091,37.41553],[127.04091,37.41554],[127.0409,37.41555],[127.0409,37.41556],[127.0409,37.41557],[127.04089,37.41559],[127.04089,37.4156],[127.0409,37.41561],[127.0409,37.41562],[127.0409,37.41562],[127.04091,37.41563],[127.04092,37.41564],[127.04094,37.41565],[127.04095,37.41566],[127.04096,37.41566],[127.04097,37.41567],[127.04099,37.41567],[127.041,37.41568],[127.04102,37.41568],[127.04103,37.41569],[127.04105,37.41569],[127.04107,37.41569],[127.0411,37.41569],[127.04125,37.41571],[127.04128,37.41571],[127.04131,37.41571],[127.04134,37.41571],[127.04136,37.41572],[127.04138,37.41572],[127.04139,37.41572],[127.04141,37.41571],[127.04144,37.41571],[127.04151,37.41571],[127.04172,37.41569],[127.0418,37.41577],[127.04183,37.41581],[127.04185,37.41583],[127.04186,37.41584],[127.04187,37.41586],[127.04187,37.41587],[127.04188,37.41588],[127.04189,37.41589],[127.04189,37.4159],[127.0419,37.41592],[127.04191,37.41594],[127.04192,37.41598],[127.04193,37.416],[127.04193,37.41602],[127.04193,37.41603],[127.04194,37.41604],[127.04194,37.41605],[127.04194,37.41606],[127.04193,37.41608],[127.04193,37.41609],[127.04193,37.4161],[127.04192,37.41611],[127.04191,37.41612],[127.04191,37.41613],[127.04188,37.41618],[127.04187,37.4162],[127.04186,37.41621],[127.04186,37.41622],[127.04185,37.41623],[127.04185,37.41624],[127.04184,37.41626],[127.04184,37.41627],[127.04184,37.41628],[127.04184,37.41629],[127.04184,37.41633],[127.04184,37.41635],[127.04183,37.41636],[127.04183,37.41637],[127.04183,37.41638],[127.04182,37.4164],[127.04182,37.41641],[127.04181,37.41642],[127.04181,37.41643],[127.04179,37.41646],[127.04177,37.41649],[127.04171,37.41658],[127.0417,37.41661],[127.04169,37.41662],[127.04169,37.41663],[127.04168,37.41664],[127.04168,37.41666],[127.04167,37.41667],[127.04167,37.41668],[127.04167,37.41669],[127.04167,37.4167],[127.04167,37.41672],[127.04168,37.41673],[127.04168,37.41674],[127.04169,37.41675],[127.04169,37.41676],[127.0417,37.41677],[127.0417,37.41678],[127.04171,37.41679],[127.04171,37.4168],[127.04172,37.41681],[127.04173,37.41681],[127.04175,37.41682],[127.04176,37.41682],[127.04177,37.41683],[127.04177,37.41684],[127.04178,37.41685],[127.04178,37.41686],[127.04178,37.41687],[127.04177,37.41689],[127.04177,37.4169],[127.04176,37.41691],[127.04176,37.41691],[127.04175,37.41691],[127.04176,37.41692],[127.04176,37.41692],[127.04177,37.41693],[127.04177,37.41693],[127.04178,37.41694],[127.04179,37.41696],[127.04179,37.41698],[127.0418,37.41699],[127.0418,37.41701],[127.0418,37.41703],[127.0418,37.41704],[127.0418,37.41709],[127.04181,37.41715],[127.04181,37.41717],[127.04181,37.41719],[127.04181,37.4172],[127.04181,37.41721],[127.0418,37.41723],[127.0418,37.41724],[127.0418,37.41725],[127.04179,37.41727],[127.04179,37.41728],[127.04178,37.41732],[127.04177,37.41733],[127.04177,37.41734],[127.04177,37.41735],[127.04176,37.41736],[127.04177,37.41738],[127.04177,37.41739],[127.04178,37.41739],[127.04179,37.4174],[127.0418,37.41741],[127.04181,37.41742],[127.04182,37.41743],[127.04185,37.41745],[127.04187,37.41746],[127.04194,37.4175],[127.04196,37.41752],[127.04199,37.41754],[127.042,37.41755],[127.04201,37.41755],[127.04202,37.41756],[127.04203,37.41757],[127.04203,37.41758],[127.04203,37.41759],[127.04203,37.4176],[127.04203,37.41761],[127.04201,37.41763],[127.04201,37.41764],[127.042,37.41766],[127.042,37.41767],[127.042,37.41768],[127.042,37.41769],[127.042,37.4177],[127.04201,37.41773],[127.04201,37.41776],[127.04202,37.41782],[127.04203,37.41785],[127.04203,37.41786],[127.04203,37.41787],[127.04203,37.41788],[127.04203,37.4179],[127.04203,37.41791],[127.04203,37.41792],[127.04203,37.41794],[127.04202,37.41795],[127.04202,37.41796],[127.04201,37.41799],[127.042,37.41803],[127.04195,37.41822],[127.04193,37.41828],[127.04193,37.4183],[127.04192,37.41831],[127.04192,37.41833],[127.04192,37.41834],[127.04192,37.41835],[127.04192,37.41837],[127.04192,37.41838],[127.04192,37.41841],[127.04193,37.41845],[127.04193,37.41849],[127.04194,37.41851],[127.04194,37.41853],[127.04195,37.41854],[127.04195,37.41855],[127.04195,37.41856],[127.04196,37.41857],[127.04197,37.41859],[127.04198,37.4186],[127.04198,37.4186],[127.042,37.41861],[127.04202,37.41864],[127.04203,37.41865],[127.04205,37.41866],[127.04205,37.41867],[127.04206,37.41868],[127.04207,37.41869],[127.04208,37.41871],[127.04208,37.41872],[127.04209,37.41873],[127.0421,37.41875],[127.04213,37.4188],[127.04219,37.41894],[127.0422,37.41897],[127.04221,37.41898],[127.04222,37.41899],[127.04222,37.419],[127.04223,37.41902],[127.04224,37.41903],[127.04225,37.41904],[127.04226,37.41905],[127.04227,37.41906],[127.04228,37.41907],[127.04229,37.41908],[127.04232,37.41909],[127.04234,37.41911],[127.04237,37.41913],[127.04251,37.41922],[127.04254,37.41923],[127.04256,37.41925],[127.04257,37.41926],[127.04258,37.41927],[127.0426,37.41928],[127.0426,37.41929],[127.04261,37.4193],[127.04261,37.41931],[127.04262,37.41932],[127.04262,37.41933],[127.04262,37.41934],[127.04262,37.41936],[127.04262,37.41937],[127.04262,37.4194],[127.04262,37.41944],[127.04261,37.41946],[127.04261,37.41947],[127.04261,37.41949],[127.04261,37.4195],[127.04262,37.41951],[127.04262,37.41952],[127.04263,37.41954],[127.04263,37.41955],[127.04264,37.41956],[127.04266,37.41959],[127.04267,37.4196],[127.04268,37.41962],[127.04268,37.41963],[127.04269,37.41965],[127.04269,37.41967],[127.04268,37.41968],[127.04268,37.41969],[127.04268,37.4197],[127.04268,37.41971],[127.04268,37.41971],[127.04263,37.41971],[127.04261,37.41971],[127.0426,37.41971],[127.04259,37.41972],[127.04259,37.41972],[127.04258,37.41972],[127.04257,37.41972],[127.04257,37.41973],[127.04256,37.41973],[127.04256,37.41973],[127.04255,37.41974],[127.04241,37.41986],[127.04241,37.41987],[127.04241,37.41987],[127.04241,37.41989],[127.04241,37.4199],[127.0424,37.41992],[127.0424,37.41994],[127.04239,37.41995],[127.04239,37.41996],[127.04238,37.41998],[127.04237,37.41999],[127.04236,37.42],[127.04233,37.42003],[127.04231,37.42005],[127.0423,37.42006],[127.04229,37.42007],[127.04229,37.42008],[127.04228,37.4201],[127.04227,37.42011],[127.04227,37.42012],[127.04227,37.42013],[127.04226,37.42014],[127.04225,37.42017],[127.04225,37.42021],[127.04223,37.42032],[127.04222,37.42037],[127.04221,37.42038],[127.04221,37.42039],[127.04221,37.42041],[127.0422,37.42043],[127.04219,37.42044],[127.04219,37.42046],[127.04218,37.42047],[127.04217,37.42048],[127.04216,37.42049],[127.04215,37.4205],[127.04215,37.4205],[127.04215,37.4205],[127.04215,37.4205],[127.04213,37.42052],[127.04212,37.42052],[127.04211,37.42054],[127.04209,37.42055],[127.04208,37.42056],[127.04207,37.42057],[127.04206,37.42059],[127.04205,37.4206],[127.04205,37.42061],[127.04204,37.42063],[127.04204,37.42064],[127.04204,37.42065],[127.04204,37.42066],[127.04204,37.42068],[127.04204,37.42069],[127.04204,37.4207],[127.04204,37.42071],[127.04205,37.42072],[127.04205,37.42074],[127.04206,37.42074],[127.04207,37.42075],[127.04208,37.42077],[127.04209,37.42077],[127.04211,37.42079],[127.04214,37.42081],[127.0422,37.42086],[127.04222,37.42088],[127.04223,37.42089],[127.04224,37.4209],[127.04225,37.42091],[127.04226,37.42092],[127.04227,37.42093],[127.04227,37.42094],[127.04228,37.42095],[127.04228,37.42096],[127.04228,37.42097],[127.04227,37.42098],[127.04227,37.42099],[127.04227,37.421],[127.04226,37.42101],[127.04226,37.42103],[127.04225,37.42104],[127.04224,37.42105],[127.04224,37.42106],[127.04222,37.42106],[127.04221,37.42107],[127.0422,37.42108],[127.04218,37.4211],[127.04216,37.4211],[127.04215,37.42111],[127.04214,37.42112],[127.04214,37.42113],[127.04213,37.42114],[127.04213,37.42115],[127.04213,37.42116],[127.04213,37.42117],[127.04214,37.42118],[127.04215,37.4212],[127.04215,37.42121],[127.04215,37.42122],[127.04215,37.42123],[127.04215,37.42124],[127.04215,37.42125],[127.04214,37.42126],[127.04213,37.42127],[127.04212,37.42128],[127.04211,37.42129],[127.04211,37.4213],[127.04208,37.42133],[127.04202,37.42138],[127.042,37.42141],[127.04198,37.42144],[127.04196,37.42146],[127.04195,37.42147],[127.04194,37.42148],[127.04193,37.42149],[127.04193,37.4215],[127.04192,37.42151],[127.04191,37.42152],[127.0419,37.42153],[127.0419,37.42153],[127.04189,37.42154],[127.04188,37.42154],[127.04186,37.42154],[127.04185,37.42155],[127.04184,37.42155],[127.04183,37.42156],[127.04182,37.42157],[127.04182,37.42158],[127.04181,37.42159],[127.04181,37.4216],[127.04181,37.42161],[127.0418,37.42162],[127.0418,37.42165],[127.04174,37.42189],[127.04172,37.42199],[127.04171,37.42203],[127.0417,37.42204],[127.0417,37.42206],[127.0417,37.42207],[127.04169,37.42208],[127.04169,37.42209],[127.04168,37.4221],[127.04167,37.42211],[127.04166,37.42212],[127.04165,37.42213],[127.04164,37.42214],[127.04163,37.42215],[127.04161,37.42216],[127.0416,37.42216],[127.04159,37.42217],[127.04157,37.42217],[127.04156,37.42217],[127.04152,37.42218],[127.0415,37.42218],[127.04149,37.42218],[127.04148,37.42218],[127.04147,37.42219],[127.04145,37.4222],[127.04144,37.4222],[127.04144,37.42221],[127.04143,37.42222],[127.0414,37.42225],[127.04139,37.42226],[127.04139,37.42227],[127.04138,37.42228],[127.04137,37.42228],[127.04135,37.42229],[127.04134,37.42229],[127.04133,37.42229],[127.04131,37.42229],[127.0413,37.42229],[127.04129,37.42229],[127.04128,37.42229],[127.04127,37.4223],[127.04126,37.42231],[127.04125,37.42232],[127.04125,37.42233],[127.04124,37.42234],[127.04124,37.42235],[127.04122,37.42238],[127.04121,37.4224],[127.04117,37.42253],[127.04115,37.42258],[127.04114,37.4226],[127.04113,37.42262],[127.04112,37.42263],[127.04112,37.42264],[127.04111,37.42265],[127.0411,37.42266],[127.04109,37.42267],[127.04108,37.42267],[127.04107,37.42267],[127.04106,37.42268],[127.04105,37.42268],[127.04103,37.42269],[127.04102,37.42269],[127.04101,37.4227],[127.041,37.42271],[127.04099,37.42271],[127.04098,37.42272],[127.04097,37.42273],[127.04097,37.42274],[127.04096,37.42275],[127.04096,37.42276],[127.04096,37.42277],[127.04097,37.42278],[127.04097,37.42278],[127.04098,37.42279],[127.04099,37.4228],[127.04101,37.42281],[127.04102,37.42281],[127.04103,37.42282],[127.04106,37.42283],[127.04109,37.42285],[127.04112,37.42286],[127.04114,37.42286],[127.04116,37.42287],[127.04117,37.42287],[127.04119,37.42288],[127.0412,37.42288],[127.04122,37.42288],[127.04123,37.42288],[127.04125,37.42288],[127.04126,37.42288],[127.04127,37.42288],[127.04129,37.42287],[127.0413,37.42287],[127.04132,37.42287],[127.04133,37.42286],[127.04134,37.42285],[127.04135,37.42284],[127.04137,37.42283],[127.04138,37.42282],[127.0414,37.4228],[127.04141,37.42279],[127.04142,37.42278],[127.04144,37.42275],[127.04145,37.42275],[127.04187,37.42304]]]},"properties":{"name":"막계동 코스","difficulty":"중급","distance_km":5.57,"time_hr":1.6,"kind":"산림청 등산로(코스 추출)","desc":"들머리 → 청계산 정상","profile":[99,128,141,150,139,142,158,154,155,182,227,253,269,293,288,298,290,288,293,288,276,290,306,338,374,384,388,384,375,357,353,357,358,364,389,415,454,485,511,500,477,506,551,563,577,588,584,604],"min_elev":99,"max_elev":604,"ascent":625,"descent":120}},{"type":"Feature","geometry":{"type":"MultiLineString","coordinates":[[[127.03922,37.458],[127.03925,37.45793],[127.03927,37.45788],[127.03928,37.45786],[127.03929,37.45785],[127.03929,37.45783],[127.0393,37.45782],[127.0393,37.45781],[127.0393,37.4578],[127.0393,37.45778],[127.03931,37.45776],[127.03931,37.45772],[127.03932,37.45766],[127.03932,37.45763],[127.03932,37.45761],[127.03932,37.4576],[127.03932,37.45759],[127.03932,37.45757],[127.03932,37.45756],[127.03932,37.45755],[127.03931,37.45754],[127.0393,37.45753],[127.0393,37.45752],[127.03929,37.45751],[127.03928,37.4575],[127.03925,37.45745],[127.03924,37.45744],[127.03923,37.45743],[127.03923,37.45742],[127.03922,37.45741],[127.03921,37.4574],[127.03921,37.45739],[127.03921,37.45737],[127.0392,37.45736],[127.0392,37.45735],[127.0392,37.45734],[127.0392,37.45731],[127.0392,37.45727],[127.0392,37.45711],[127.0392,37.45707],[127.0392,37.45705],[127.0392,37.45703],[127.03919,37.45702],[127.03919,37.45701],[127.03919,37.457],[127.03918,37.45698],[127.03918,37.45697],[127.03918,37.45696],[127.03916,37.45693],[127.03915,37.45691],[127.0391,37.4568],[127.03905,37.45667],[127.03903,37.45663],[127.03902,37.45661],[127.03901,37.4566],[127.03901,37.45658],[127.039,37.45657],[127.03899,37.45656],[127.03898,37.45655],[127.03897,37.45654],[127.03896,37.45652],[127.03893,37.45648],[127.03889,37.45644],[127.03887,37.45642],[127.03886,37.45641],[127.03885,37.4564],[127.03884,37.45639],[127.03883,37.45638],[127.03881,37.45637],[127.0388,37.45636],[127.03879,37.45636],[127.03877,37.45635],[127.03876,37.45634],[127.0387,37.45632],[127.03869,37.45631],[127.03868,37.45631],[127.03866,37.4563],[127.03865,37.45629],[127.03864,37.45629],[127.03863,37.45628],[127.03862,37.45627],[127.03861,37.45626],[127.0386,37.45625],[127.03859,37.45623],[127.03858,37.45621],[127.0385,37.45609],[127.03844,37.456],[127.03841,37.45596],[127.0384,37.45595],[127.0384,37.45594],[127.03839,37.45593],[127.03839,37.45592],[127.03838,37.4559],[127.03838,37.45589],[127.03838,37.45588],[127.03838,37.45587],[127.03839,37.45585],[127.03839,37.45584],[127.03839,37.45583],[127.0384,37.45582],[127.03842,37.45578],[127.03847,37.45566],[127.03853,37.45553],[127.03855,37.45549],[127.03856,37.45547],[127.03856,37.45546],[127.03857,37.45544],[127.03857,37.45543],[127.03857,37.45542],[127.03858,37.4554],[127.03858,37.45536],[127.0386,37.45527],[127.0386,37.45525],[127.0386,37.45523],[127.03861,37.45522],[127.03861,37.45521],[127.03861,37.4552],[127.03862,37.45518],[127.03863,37.45517],[127.03863,37.45516],[127.03864,37.45515],[127.03865,37.45512],[127.03868,37.45507],[127.03875,37.45496],[127.03876,37.45494],[127.03877,37.45493],[127.03878,37.45491],[127.03879,37.4549],[127.03879,37.45489],[127.03879,37.45488],[127.0388,37.45486],[127.0388,37.45485],[127.0388,37.45484],[127.0388,37.45483],[127.0388,37.45481],[127.0388,37.4548],[127.0388,37.45477],[127.03877,37.45461],[127.03877,37.45456],[127.03876,37.45448],[127.03875,37.45446],[127.03875,37.45443],[127.03875,37.45442],[127.03874,37.4544],[127.03874,37.45439],[127.03873,37.45438],[127.03872,37.45437],[127.03872,37.45436],[127.03871,37.45435],[127.03869,37.45434],[127.03868,37.45433],[127.03867,37.45432],[127.03866,37.45432],[127.03861,37.4543],[127.03851,37.45424],[127.03842,37.45419],[127.03795,37.45394],[127.03776,37.45384],[127.03773,37.45382],[127.0377,37.45381],[127.03767,37.45379],[127.03766,37.45379],[127.03765,37.45378],[127.03762,37.45376],[127.03759,37.45373],[127.03728,37.45348],[127.03719,37.45342],[127.03707,37.45332],[127.03705,37.4533],[127.03704,37.45329],[127.03703,37.45328],[127.03702,37.45327],[127.03701,37.45326],[127.037,37.45325],[127.03699,37.45324],[127.03699,37.45323],[127.03698,37.45322],[127.03698,37.4532],[127.03697,37.45319],[127.03697,37.45316],[127.03693,37.45301],[127.03691,37.45289],[127.03688,37.45277],[127.03685,37.45264],[127.03684,37.45261],[127.03684,37.45259],[127.03683,37.45257],[127.03683,37.45256],[127.03683,37.45255],[127.03683,37.45253],[127.03683,37.45252],[127.03684,37.45251],[127.03684,37.4525],[127.03685,37.45249],[127.03686,37.45248],[127.03686,37.45246],[127.03687,37.45245],[127.03691,37.4524],[127.03693,37.45238],[127.03693,37.45237],[127.03694,37.45235],[127.03695,37.45234],[127.03695,37.45233],[127.03696,37.45232],[127.03696,37.45231],[127.03696,37.45229],[127.03696,37.45228],[127.03696,37.45227],[127.03696,37.45223],[127.03697,37.45222],[127.03697,37.45221],[127.03697,37.45219],[127.03697,37.45218],[127.03698,37.45217],[127.03698,37.45216],[127.03699,37.45215],[127.037,37.45213],[127.037,37.45212],[127.03701,37.4521],[127.03705,37.45204],[127.03706,37.45201],[127.03708,37.45199],[127.03708,37.45198],[127.03709,37.45196],[127.03709,37.45195],[127.03709,37.45194],[127.03709,37.45193],[127.03709,37.45192],[127.03709,37.4519],[127.03708,37.45189],[127.03708,37.45188],[127.03707,37.45187],[127.03706,37.45186],[127.03704,37.45182],[127.037,37.45177],[127.03699,37.45174],[127.03698,37.45173],[127.03697,37.45172],[127.03696,37.45171],[127.03696,37.4517],[127.03695,37.45169],[127.03693,37.45168],[127.03692,37.45167],[127.03691,37.45166],[127.0369,37.45166],[127.03687,37.45164],[127.03683,37.45162],[127.03664,37.45151],[127.03664,37.4515],[127.03663,37.45149],[127.03663,37.45148],[127.03662,37.45146],[127.03662,37.45145],[127.03661,37.45143],[127.03661,37.45141],[127.03661,37.4514],[127.03662,37.45138],[127.03662,37.45136],[127.03663,37.45132],[127.03664,37.45128],[127.03665,37.45125],[127.03665,37.45124],[127.03666,37.45123],[127.03666,37.45122],[127.03667,37.45121],[127.03668,37.4512],[127.03669,37.45119],[127.0367,37.45118],[127.03671,37.45117],[127.03674,37.45115],[127.03675,37.45114],[127.03676,37.45113],[127.03677,37.45112],[127.03678,37.45111],[127.03679,37.4511],[127.0368,37.45109],[127.03681,37.45108],[127.03683,37.45106],[127.03684,37.45103],[127.03685,37.45102],[127.03686,37.45101],[127.03687,37.451],[127.03687,37.45099],[127.03688,37.45097],[127.03688,37.45096],[127.03688,37.45095],[127.03689,37.45094],[127.0369,37.45091],[127.03692,37.45083],[127.03692,37.45081],[127.03693,37.45078],[127.03694,37.45077],[127.03694,37.45076],[127.03695,37.45075],[127.03696,37.45074],[127.03696,37.45072],[127.03697,37.45071],[127.03698,37.4507],[127.037,37.45068],[127.03704,37.45063],[127.03705,37.45061],[127.03707,37.45059],[127.03708,37.45058],[127.03709,37.45056],[127.0371,37.45055],[127.0371,37.45054],[127.03712,37.45052],[127.03713,37.45049],[127.03714,37.45047],[127.0373,37.45011],[127.03736,37.44996],[127.03737,37.44993],[127.03739,37.44991],[127.03739,37.44989],[127.0374,37.44988],[127.03741,37.44987],[127.03742,37.44986],[127.03743,37.44985],[127.03744,37.44984],[127.03746,37.44982],[127.03748,37.4498],[127.03751,37.44977],[127.03771,37.44959],[127.03773,37.44957],[127.03774,37.44956],[127.03775,37.44955],[127.03776,37.44954],[127.03777,37.44953],[127.03778,37.44952],[127.03779,37.44951],[127.03779,37.4495],[127.0378,37.44949],[127.0378,37.44947],[127.0378,37.44946],[127.03781,37.44944],[127.03781,37.4494],[127.03783,37.44928],[127.03785,37.44915],[127.03785,37.44912],[127.03785,37.44911],[127.03785,37.44909],[127.03785,37.44908],[127.03785,37.44907],[127.03785,37.44906],[127.03784,37.44904],[127.03784,37.44903],[127.03783,37.44902],[127.03782,37.44901],[127.03782,37.449],[127.03781,37.44899],[127.03779,37.44896],[127.03769,37.44882],[127.03751,37.44856],[127.03749,37.44853],[127.03747,37.44851],[127.03747,37.4485],[127.03746,37.44849],[127.03745,37.44847],[127.03745,37.44846],[127.03744,37.44845],[127.03743,37.44841],[127.03736,37.44822],[127.03731,37.44807],[127.0373,37.44804],[127.03729,37.44802],[127.03728,37.44799],[127.03728,37.44798],[127.03727,37.44797],[127.03727,37.44795],[127.03727,37.44794],[127.03727,37.44792],[127.03726,37.44788],[127.03726,37.44785],[127.03726,37.44784],[127.03726,37.44783],[127.03726,37.44781],[127.03726,37.4478],[127.03726,37.44779],[127.03726,37.44778],[127.03727,37.44775],[127.03728,37.44772],[127.03728,37.4477],[127.03732,37.44757],[127.03733,37.44753],[127.03734,37.4475],[127.03734,37.44749],[127.03735,37.44748],[127.03735,37.44746],[127.03736,37.44745],[127.03736,37.44744],[127.03737,37.44743],[127.03738,37.44742],[127.03739,37.44741],[127.03742,37.44736],[127.03743,37.44735],[127.03744,37.44734],[127.03744,37.44733],[127.03745,37.44732],[127.03745,37.44731],[127.03746,37.44729],[127.03746,37.44728],[127.03746,37.44727],[127.03747,37.44725],[127.03747,37.44724],[127.03747,37.44723],[127.03747,37.44721],[127.03747,37.4472],[127.03747,37.44719],[127.03747,37.44717],[127.03746,37.44716],[127.03746,37.44715],[127.03746,37.44712],[127.03745,37.44708],[127.0374,37.44689],[127.03739,37.44685],[127.03738,37.44682],[127.03737,37.44681],[127.03737,37.4468],[127.03736,37.44678],[127.03736,37.44677],[127.03735,37.44676],[127.03734,37.44675],[127.03733,37.44672],[127.03728,37.44664],[127.03726,37.44662],[127.03726,37.44661],[127.03725,37.4466],[127.03725,37.44658],[127.03724,37.44657],[127.03724,37.44656],[127.03724,37.44655],[127.03725,37.44655],[127.03726,37.44654],[127.03727,37.44653],[127.03728,37.44652],[127.03729,37.44651],[127.0373,37.44651],[127.03733,37.44649],[127.03746,37.44643],[127.0375,37.44641],[127.03751,37.4464],[127.03753,37.4464],[127.03754,37.44639],[127.03755,37.44638],[127.03756,37.44637],[127.03758,37.44637],[127.03759,37.44635],[127.03759,37.44635],[127.0376,37.44633],[127.03761,37.44632],[127.03763,37.44629],[127.03764,37.44628],[127.03765,37.44626],[127.03766,37.44625],[127.03766,37.44624],[127.03767,37.44623],[127.03769,37.44622],[127.0377,37.44622],[127.03771,37.44621],[127.03774,37.44619],[127.03778,37.44617],[127.0379,37.44609],[127.03792,37.44608],[127.03795,37.44606],[127.03796,37.44605],[127.03797,37.44604],[127.03798,37.44604],[127.03799,37.44603],[127.038,37.44602],[127.03801,37.446],[127.03802,37.44599],[127.03803,37.44598],[127.03803,37.44597],[127.03805,37.44594],[127.03813,37.44578],[127.03821,37.44562],[127.03822,37.4456],[127.03824,37.44557],[127.03824,37.44556],[127.03825,37.44555],[127.03825,37.44553],[127.03825,37.44552],[127.03826,37.44551],[127.03826,37.44549],[127.03826,37.44547],[127.03827,37.44544],[127.03828,37.44532],[127.0383,37.44521],[127.0383,37.44519],[127.0383,37.44516],[127.0383,37.44515],[127.0383,37.44514],[127.0383,37.44512],[127.0383,37.44511],[127.0383,37.4451],[127.03829,37.44508],[127.03829,37.44507],[127.03828,37.44506],[127.03828,37.44505],[127.03827,37.44502],[127.03826,37.445],[127.03817,37.44483],[127.03815,37.44478],[127.03814,37.44475],[127.03813,37.44474],[127.03813,37.44473],[127.03812,37.44472],[127.03812,37.4447],[127.03812,37.44469],[127.03812,37.44468],[127.03812,37.44467],[127.03812,37.44465],[127.03812,37.44462],[127.03812,37.44461],[127.03812,37.4446],[127.03812,37.44459],[127.03812,37.44457],[127.03812,37.44456],[127.03812,37.44455],[127.03811,37.44454],[127.0381,37.44451],[127.03809,37.44449],[127.03808,37.44445],[127.03807,37.44443],[127.03806,37.4444],[127.03805,37.44439],[127.03805,37.44438],[127.03804,37.44437],[127.03803,37.44434],[127.03801,37.44432],[127.03799,37.44428],[127.03786,37.44411],[127.03777,37.44397],[127.03774,37.44394],[127.03774,37.44392],[127.03773,37.44391],[127.03772,37.4439],[127.03772,37.44389],[127.03771,37.44388],[127.03771,37.44386],[127.03771,37.44385],[127.0377,37.44384],[127.0377,37.44383],[127.0377,37.44381],[127.0377,37.44379],[127.0377,37.44376],[127.03769,37.44367],[127.03769,37.44363],[127.03768,37.4436],[127.03768,37.44359],[127.03768,37.44358],[127.03768,37.44357],[127.03768,37.44355],[127.03767,37.44354],[127.03767,37.44353],[127.03766,37.44352],[127.03766,37.44351],[127.03765,37.4435],[127.03764,37.44349],[127.03763,37.44346],[127.03762,37.44345],[127.03761,37.44344],[127.0376,37.44343],[127.03759,37.44342],[127.03758,37.44341],[127.03757,37.4434],[127.03756,37.44339],[127.03755,37.44338],[127.03752,37.44337],[127.03749,37.44334],[127.03741,37.44329],[127.03737,37.44327],[127.03736,37.44326],[127.03735,37.44325],[127.03734,37.44324],[127.03733,37.44323],[127.03732,37.44322],[127.03731,37.44321],[127.0373,37.4432],[127.03729,37.44319],[127.03727,37.44317],[127.03725,37.44315],[127.03718,37.44306],[127.03715,37.44302],[127.03714,37.443],[127.03713,37.44299],[127.03712,37.44298],[127.03711,37.44297],[127.03711,37.44295],[127.0371,37.44294],[127.03709,37.44292],[127.03708,37.44289],[127.03706,37.44283],[127.03703,37.44277],[127.03702,37.44273],[127.03701,37.44272],[127.03701,37.44271],[127.03701,37.44269],[127.037,37.44268],[127.037,37.44267],[127.037,37.44266],[127.037,37.44263],[127.037,37.44257],[127.037,37.44255],[127.037,37.44254],[127.037,37.44253],[127.03699,37.44252],[127.03699,37.4425],[127.03699,37.44249],[127.03698,37.44248],[127.03697,37.44247],[127.03697,37.44246],[127.03696,37.44243],[127.0369,37.44232],[127.03685,37.44222],[127.03684,37.4422],[127.03683,37.44217],[127.03682,37.44216],[127.03681,37.44215],[127.0368,37.44214],[127.03679,37.44213],[127.03678,37.44212],[127.03677,37.44211],[127.03676,37.44211],[127.03674,37.4421],[127.03673,37.44209],[127.03672,37.44208],[127.03666,37.44205],[127.03663,37.44204],[127.03662,37.44203],[127.0366,37.44202],[127.03659,37.44201],[127.03658,37.44201],[127.03656,37.44199],[127.03652,37.44196],[127.03647,37.44192],[127.03636,37.44182],[127.03633,37.44179],[127.0363,37.44177],[127.03629,37.44176],[127.03628,37.44176],[127.03627,37.44175],[127.03625,37.44174],[127.03624,37.44173],[127.03623,37.44172],[127.03621,37.44172],[127.0362,37.44171],[127.03618,37.44171],[127.03615,37.4417],[127.03603,37.44165],[127.036,37.44164],[127.03597,37.44163],[127.03595,37.44162],[127.03594,37.44162],[127.03592,37.44161],[127.03591,37.4416],[127.0359,37.44159],[127.03588,37.44159],[127.03587,37.44158],[127.03586,37.44157],[127.03585,37.44156],[127.03583,37.44154],[127.03569,37.4414],[127.03553,37.44126],[127.03548,37.44116],[127.03546,37.44113],[127.03546,37.44112],[127.03545,37.44111],[127.03545,37.4411],[127.03544,37.44109],[127.03544,37.44107],[127.03544,37.44106],[127.03543,37.44105],[127.03543,37.44103],[127.03543,37.44102],[127.03543,37.44101],[127.03543,37.44098],[127.03543,37.44093],[127.03543,37.44085],[127.03543,37.44082],[127.03543,37.44081],[127.03543,37.4408],[127.03544,37.44078],[127.03544,37.44077],[127.03544,37.44074],[127.03545,37.44072],[127.03545,37.44069],[127.03551,37.44047],[127.03557,37.44024],[127.03558,37.44022],[127.03558,37.44019],[127.03559,37.44018],[127.03559,37.44016],[127.0356,37.44015],[127.0356,37.44014],[127.03561,37.44013],[127.03562,37.44011],[127.03563,37.44009],[127.03566,37.44003],[127.03578,37.43985],[127.0358,37.43981],[127.03581,37.43978],[127.03581,37.43977],[127.03582,37.43976],[127.03583,37.43975],[127.03583,37.43973],[127.03583,37.43972],[127.03583,37.43971],[127.03583,37.43969],[127.03584,37.43967],[127.03584,37.43963],[127.03584,37.43945],[127.03585,37.4392],[127.03618,37.43912],[127.03644,37.43906],[127.03647,37.43905],[127.0365,37.43904],[127.03651,37.43903],[127.03653,37.43903],[127.03655,37.43902],[127.03656,37.43902],[127.03659,37.439],[127.03663,37.43898],[127.03667,37.43896],[127.03671,37.43894],[127.03674,37.43893],[127.03677,37.43891],[127.03678,37.4389],[127.03679,37.4389],[127.03682,37.43888],[127.03686,37.43885],[127.03692,37.43881],[127.03704,37.43871],[127.03708,37.43869],[127.0371,37.43867],[127.03711,37.43866],[127.03713,37.43865],[127.03714,37.43864],[127.03715,37.43864],[127.03717,37.43863],[127.03718,37.43863],[127.0372,37.43862],[127.03721,37.43862],[127.03723,37.43861],[127.03727,37.4386],[127.03735,37.43858],[127.0374,37.43857],[127.03743,37.43856],[127.03745,37.43856],[127.03746,37.43856],[127.03748,37.43855],[127.0375,37.43855],[127.03751,37.43855],[127.03753,37.43855],[127.03756,37.43856],[127.03766,37.43856],[127.03769,37.43857],[127.03771,37.43857],[127.03772,37.43857],[127.03774,37.43857],[127.03775,37.43857],[127.03777,37.43856],[127.03778,37.43856],[127.0378,37.43856],[127.03782,37.43855],[127.03783,37.43855],[127.03788,37.43854],[127.03791,37.43853],[127.03793,37.43852],[127.03794,37.43852],[127.03796,37.43852],[127.03797,37.43852],[127.03799,37.43852],[127.038,37.43852],[127.03802,37.43852],[127.03804,37.43852],[127.03805,37.43852],[127.03809,37.43853],[127.03842,37.43857],[127.03855,37.43859],[127.0386,37.4386],[127.03864,37.43861],[127.03865,37.43861],[127.03867,37.43861],[127.03869,37.43861],[127.0387,37.43861],[127.03872,37.43861],[127.03874,37.4386],[127.03875,37.4386],[127.03877,37.43859],[127.0388,37.43858],[127.03884,37.43857],[127.03916,37.43846],[127.03919,37.43845],[127.03922,37.43844],[127.03923,37.43844],[127.03925,37.43843],[127.03927,37.43843],[127.03928,37.43843],[127.0393,37.43842],[127.03931,37.43842],[127.03933,37.43842],[127.03935,37.43843],[127.03936,37.43843],[127.03938,37.43843],[127.03941,37.43843],[127.03944,37.43844],[127.03985,37.43851],[127.0399,37.43852],[127.03993,37.43852],[127.03995,37.43852],[127.03996,37.43853],[127.03998,37.43853],[127.04,37.43853],[127.04001,37.43852],[127.04003,37.43852],[127.04005,37.43852],[127.04006,37.43851],[127.04008,37.43851],[127.04011,37.4385],[127.04026,37.43845],[127.04037,37.43842],[127.04056,37.43836],[127.0408,37.43828],[127.04083,37.43827],[127.04084,37.43827],[127.04086,37.43826],[127.04087,37.43826],[127.04089,37.43825],[127.0409,37.43824],[127.04092,37.43824],[127.04095,37.43822],[127.04099,37.4382],[127.04112,37.43812],[127.04115,37.4381],[127.04118,37.43809],[127.04119,37.43808],[127.0412,37.43807],[127.04121,37.43806],[127.04122,37.43805],[127.04123,37.43804],[127.04124,37.43803],[127.04124,37.43802],[127.04125,37.438],[127.04125,37.43799],[127.04125,37.43798],[127.04126,37.43797],[127.04126,37.43794],[127.04128,37.4378],[127.04128,37.43777],[127.04128,37.43775],[127.04129,37.43773],[127.04129,37.43772],[127.04129,37.43771],[127.0413,37.4377],[127.0413,37.43768],[127.04131,37.43767],[127.04132,37.43766],[127.04133,37.43765],[127.04133,37.43764],[127.04134,37.43763],[127.04136,37.43761],[127.0415,37.43747],[127.04152,37.43745],[127.04154,37.43743],[127.04155,37.43742],[127.04156,37.43741],[127.04157,37.4374],[127.04159,37.43739],[127.0416,37.43738],[127.04161,37.43738],[127.04163,37.43737],[127.04164,37.43736],[127.04166,37.43736],[127.0417,37.43734],[127.04187,37.43729],[127.04193,37.43726],[127.04196,37.43725],[127.04197,37.43725],[127.04199,37.43724],[127.042,37.43724],[127.04202,37.43723],[127.04203,37.43722],[127.04204,37.43722],[127.04207,37.4372],[127.04211,37.43718],[127.04221,37.43711],[127.04226,37.43708],[127.04229,37.43706],[127.0423,37.43705],[127.04231,37.43704],[127.04232,37.43703],[127.04233,37.43702],[127.04234,37.43701],[127.04235,37.437],[127.04236,37.43699],[127.04238,37.43697],[127.04241,37.43692],[127.04242,37.43691],[127.04243,37.4369],[127.04244,37.43689],[127.04245,37.43688],[127.04246,37.43687],[127.04248,37.43685],[127.0425,37.43683],[127.04253,37.43682],[127.04261,37.43675],[127.04268,37.43669],[127.04271,37.43667],[127.04273,37.43666],[127.04274,37.43665],[127.04275,37.43664],[127.04276,37.43663],[127.04278,37.43663],[127.04279,37.43662],[127.0428,37.43662],[127.04282,37.43661],[127.04283,37.43661],[127.04285,37.43661],[127.04287,37.43661],[127.0429,37.43661],[127.04294,37.43661],[127.04314,37.4366],[127.04318,37.4366],[127.04319,37.4366],[127.04321,37.4366],[127.04322,37.43659],[127.04324,37.43659],[127.04325,37.43659],[127.04326,37.43658],[127.04326,37.43657],[127.04327,37.43657],[127.04327,37.43655],[127.04327,37.43654],[127.04327,37.43653],[127.04327,37.43652],[127.04327,37.4365],[127.04327,37.43648],[127.04327,37.43639],[127.04326,37.43631],[127.04325,37.43613],[127.04324,37.43613],[127.04323,37.43613],[127.04321,37.43613],[127.0432,37.43612],[127.04318,37.43611],[127.04317,37.4361],[127.04315,37.43609],[127.04315,37.43608],[127.04314,37.43607],[127.04314,37.43606],[127.04314,37.43605],[127.04314,37.43603],[127.04315,37.43602],[127.04316,37.43601],[127.04316,37.436],[127.04317,37.43599],[127.04318,37.43598],[127.0432,37.43596],[127.04324,37.43594],[127.04325,37.43593],[127.04326,37.43592],[127.04327,37.43591],[127.04327,37.4359],[127.04328,37.43589],[127.04329,37.43588],[127.04329,37.43587],[127.04329,37.43586],[127.04329,37.43584],[127.0433,37.43583],[127.0433,37.43582],[127.04331,37.43581],[127.04331,37.43579],[127.04333,37.43576],[127.04333,37.43575],[127.04334,37.43574],[127.04334,37.43572],[127.04334,37.43572],[127.04334,37.4357],[127.04333,37.4357],[127.04332,37.43569],[127.04331,37.43568],[127.0433,37.43568],[127.04328,37.43567],[127.04327,37.43567],[127.04325,37.43566],[127.04323,37.43566],[127.04322,37.43566],[127.0432,37.43565],[127.04319,37.43565],[127.04317,37.43565],[127.04315,37.43565],[127.04314,37.43565],[127.04312,37.43565],[127.0431,37.43565],[127.04305,37.43566],[127.04289,37.43568],[127.04268,37.4357],[127.04264,37.4357],[127.04263,37.43571],[127.04261,37.43571],[127.04259,37.43571],[127.04258,37.43572],[127.04256,37.43572],[127.04255,37.43572],[127.04253,37.43573],[127.0425,37.43574],[127.04247,37.43575],[127.04244,37.43576],[127.04225,37.43584],[127.0422,37.43586],[127.04219,37.43586],[127.04217,37.43587],[127.04216,37.43587],[127.04214,37.43588],[127.04213,37.43588],[127.04211,37.43588],[127.0421,37.43588],[127.04208,37.43588],[127.04206,37.43588],[127.04205,37.43588],[127.04201,37.43588],[127.04198,37.43588],[127.04178,37.43587],[127.04197,37.43572],[127.04211,37.4356],[127.04214,37.43558],[127.04215,37.43558],[127.04216,37.43556],[127.04217,37.43556],[127.04218,37.43554],[127.04219,37.43553],[127.0422,37.43552],[127.0422,37.43551],[127.04221,37.4355],[127.04221,37.43549],[127.04222,37.43548],[127.04222,37.43547],[127.04223,37.43545],[127.04223,37.43544],[127.04223,37.43543],[127.04222,37.43542],[127.04222,37.43541],[127.0422,37.43539],[127.0422,37.43538],[127.0422,37.43537],[127.0422,37.43536],[127.0422,37.43535],[127.0422,37.43534],[127.0422,37.43532],[127.0422,37.43531],[127.04221,37.4353],[127.04221,37.43529],[127.04223,37.43525],[127.04227,37.43515],[127.04228,37.43511],[127.04229,37.43508],[127.0423,37.43507],[127.0423,37.43506],[127.04231,37.43505],[127.04231,37.43503],[127.04231,37.43502],[127.04231,37.43501],[127.04232,37.43499],[127.04232,37.43497],[127.04232,37.4349],[127.04233,37.43487],[127.04233,37.43486],[127.04233,37.43485],[127.04233,37.43483],[127.04233,37.43482],[127.04234,37.43481],[127.04234,37.4348],[127.04235,37.43478],[127.04237,37.43475],[127.04237,37.43474],[127.04238,37.43473],[127.04238,37.43472],[127.04238,37.43471],[127.04238,37.43469],[127.04238,37.43468],[127.04237,37.43467],[127.04237,37.43466],[127.04236,37.43463],[127.04233,37.43454],[127.04232,37.43452],[127.04232,37.43451],[127.04231,37.43449],[127.04231,37.43448],[127.04231,37.43447],[127.0423,37.43445],[127.0423,37.43444],[127.0423,37.43443],[127.0423,37.43441],[127.0423,37.43439],[127.04231,37.43435],[127.04231,37.43423],[127.04231,37.4342],[127.04232,37.43418],[127.04232,37.43416],[127.04231,37.43415],[127.04231,37.43413],[127.04231,37.43412],[127.04231,37.43411],[127.04231,37.4341],[127.0423,37.43408],[127.0423,37.43407],[127.04229,37.43404],[127.04228,37.434],[127.04222,37.43383],[127.04221,37.4338],[127.0422,37.43378],[127.0422,37.43377],[127.04219,37.43375],[127.04219,37.43374],[127.04219,37.43373],[127.04219,37.43371],[127.04219,37.4337],[127.04219,37.43369],[127.04219,37.43368],[127.04219,37.43366],[127.0422,37.43364],[127.04221,37.43355],[127.04222,37.43352],[127.04222,37.43351],[127.04222,37.4335],[127.04222,37.43348],[127.04222,37.43347],[127.04222,37.43346],[127.04222,37.43345],[127.04221,37.43342],[127.04221,37.43341],[127.04221,37.4334],[127.04221,37.43339],[127.04221,37.43338],[127.04222,37.43337],[127.04222,37.43335],[127.04223,37.43334],[127.04225,37.4333],[127.04225,37.43328],[127.04226,37.43327],[127.04226,37.43326],[127.04226,37.43325],[127.04226,37.43324],[127.04226,37.43322],[127.04226,37.43321],[127.04226,37.4332],[127.04225,37.43318],[127.04225,37.43316],[127.04224,37.43313],[127.04221,37.43303],[127.04218,37.43295],[127.04211,37.43272],[127.0421,37.43268],[127.04209,37.43266],[127.04209,37.43265],[127.04208,37.43263],[127.04207,37.43262],[127.04207,37.43261],[127.04206,37.4326],[127.04204,37.43257],[127.04203,37.43255],[127.0419,37.43237],[127.04161,37.43196],[127.04156,37.43189],[127.0415,37.43181],[127.04149,37.43179],[127.04147,37.43176],[127.04146,37.43175],[127.04145,37.43174],[127.04145,37.43173],[127.04144,37.43172],[127.04144,37.43171],[127.04144,37.43169],[127.04144,37.43168],[127.04144,37.43167],[127.04144,37.43165],[127.04145,37.43164],[127.04145,37.43163],[127.04146,37.4316],[127.04148,37.43155],[127.04148,37.43153],[127.04149,37.43151],[127.04149,37.4315],[127.04149,37.43149],[127.04149,37.43147],[127.04149,37.43146],[127.04149,37.43145],[127.04148,37.43144],[127.04148,37.43142],[127.04148,37.43141],[127.04145,37.43137],[127.04145,37.43135],[127.04144,37.43134],[127.04144,37.43133],[127.04143,37.43132],[127.04143,37.4313],[127.04143,37.43129],[127.04143,37.43128],[127.04143,37.43127],[127.04143,37.43124],[127.04143,37.43118],[127.04143,37.43106],[127.04143,37.43102],[127.04143,37.43101],[127.04143,37.431],[127.04142,37.43098],[127.04142,37.43097],[127.04142,37.43096],[127.04141,37.43095],[127.04141,37.43094],[127.0414,37.43093],[127.04139,37.43091],[127.04138,37.4309],[127.04137,37.43089],[127.04136,37.43088],[127.04134,37.43086],[127.04125,37.43078],[127.04123,37.43076],[127.04121,37.43074],[127.0412,37.43073],[127.04119,37.43072],[127.04118,37.43071],[127.04117,37.4307],[127.04117,37.43068],[127.04116,37.43067],[127.04116,37.43066],[127.04116,37.43065],[127.04116,37.43063],[127.04116,37.43062],[127.04116,37.43059],[127.04116,37.43057],[127.04117,37.43046],[127.04118,37.43033],[127.04119,37.4303],[127.04119,37.43027],[127.0412,37.43026],[127.0412,37.43025],[127.0412,37.43024],[127.04121,37.43022],[127.04121,37.43021],[127.04122,37.4302],[127.04123,37.43017],[127.04125,37.43011],[127.04126,37.43008],[127.04127,37.43006],[127.04128,37.43004],[127.04128,37.43003],[127.04128,37.43002],[127.04129,37.43001],[127.04129,37.42999],[127.04128,37.42998],[127.04128,37.42997],[127.04127,37.42993],[127.04127,37.42992],[127.04127,37.42991],[127.04127,37.4299],[127.04127,37.42988],[127.04128,37.42987],[127.04128,37.42986],[127.04129,37.42985],[127.0413,37.42983],[127.0413,37.42982],[127.0413,37.42981],[127.04131,37.4298],[127.04131,37.42979],[127.04131,37.42977],[127.04131,37.42976],[127.04131,37.42975],[127.04131,37.42974],[127.0413,37.42973],[127.0413,37.42972],[127.04129,37.4297],[127.04129,37.4297],[127.04128,37.42968],[127.04127,37.42968],[127.04124,37.42965],[127.04123,37.42964],[127.04122,37.42963],[127.04122,37.42962],[127.04121,37.42961],[127.04122,37.42961],[127.04122,37.4296],[127.04123,37.42959],[127.04124,37.42958],[127.04125,37.42957],[127.04126,37.42957],[127.04127,37.42956],[127.0413,37.42954],[127.04142,37.42947],[127.04148,37.42943],[127.04151,37.42941],[127.04152,37.42941],[127.04153,37.4294],[127.04155,37.42939],[127.04156,37.42938],[127.04157,37.42937],[127.04158,37.42936],[127.04159,37.42935],[127.0416,37.42934],[127.04161,37.42932],[127.04165,37.42928],[127.04166,37.42925],[127.04167,37.42924],[127.04168,37.42923],[127.04169,37.42922],[127.0417,37.42921],[127.04171,37.42921],[127.04172,37.4292],[127.04174,37.42919],[127.04175,37.42918],[127.04177,37.42918],[127.04178,37.42917],[127.04179,37.42916],[127.04182,37.42915],[127.04191,37.42911],[127.04194,37.4291],[127.04197,37.42909],[127.04199,37.42908],[127.042,37.42907],[127.04201,37.42907],[127.04202,37.42906],[127.04204,37.42905],[127.04204,37.42904],[127.04205,37.42903],[127.04206,37.42902],[127.04206,37.42901],[127.04207,37.429],[127.04207,37.42898],[127.04207,37.42897],[127.04208,37.42896],[127.04208,37.42895],[127.04208,37.42894],[127.04208,37.42892],[127.04208,37.42891],[127.04208,37.4289],[127.04207,37.42889],[127.04207,37.42888],[127.04205,37.42885],[127.04204,37.42884],[127.04204,37.42883],[127.04203,37.42882],[127.04203,37.4288],[127.04203,37.42879],[127.04204,37.42878],[127.04204,37.42877],[127.04205,37.42876],[127.04205,37.42874],[127.04206,37.42873],[127.04207,37.42872],[127.04208,37.4287],[127.04216,37.42858],[127.04228,37.42838],[127.0423,37.42836],[127.04231,37.42833],[127.04232,37.42832],[127.04232,37.42831],[127.04233,37.4283],[127.04233,37.42829],[127.04233,37.42828],[127.04233,37.42828],[127.04233,37.42827],[127.04232,37.42826],[127.04232,37.42825],[127.04232,37.42825],[127.04232,37.42824],[127.04232,37.42823],[127.04233,37.42822],[127.04233,37.42821],[127.04235,37.42818],[127.04236,37.42817],[127.04237,37.42815],[127.04237,37.42814],[127.04238,37.42813],[127.04238,37.42812],[127.04238,37.42811],[127.04238,37.42809],[127.04238,37.42805],[127.04238,37.42804],[127.04238,37.42803],[127.04239,37.42802],[127.04239,37.428],[127.0424,37.42799],[127.04241,37.42798],[127.04242,37.42797],[127.04243,37.42797],[127.04244,37.42796],[127.04245,37.42795],[127.04246,37.42795],[127.04248,37.42794],[127.04249,37.42794],[127.04251,37.42794],[127.04252,37.42794],[127.04254,37.42794],[127.04257,37.42794],[127.04274,37.42795],[127.04284,37.42795],[127.04269,37.4278],[127.04266,37.42777],[127.04264,37.42775],[127.04263,37.42774],[127.04262,37.42773],[127.04261,37.42773],[127.0426,37.42772],[127.04258,37.42771],[127.04257,37.4277],[127.04256,37.42769],[127.04254,37.42769],[127.04251,37.42768],[127.04243,37.42764],[127.04239,37.42762],[127.04236,37.42761],[127.04235,37.4276],[127.04233,37.42759],[127.04232,37.42758],[127.04231,37.42758],[127.0423,37.42757],[127.04227,37.42755],[127.04224,37.42752],[127.04215,37.42746],[127.04212,37.42743],[127.0421,37.42741],[127.04209,37.4274],[127.04208,37.42739],[127.04207,37.42738],[127.04206,37.42737],[127.04205,37.42736],[127.04204,37.42735],[127.04202,37.42733],[127.04199,37.42729],[127.04188,37.42714],[127.04186,37.42712],[127.04184,37.4271],[127.04184,37.42708],[127.04183,37.42707],[127.04182,37.42706],[127.04182,37.42705],[127.04181,37.42704],[127.04181,37.42703],[127.04181,37.42701],[127.0418,37.427],[127.0418,37.42698],[127.0418,37.42697],[127.0418,37.42693],[127.0418,37.42689],[127.0418,37.42688],[127.0418,37.42688],[127.04184,37.42683],[127.04186,37.4268],[127.04188,37.42677],[127.04189,37.42676],[127.04189,37.42674],[127.0419,37.42673],[127.04191,37.42672],[127.04191,37.42671],[127.04192,37.4267],[127.04192,37.42668],[127.04192,37.42667],[127.04192,37.42666],[127.04192,37.42665],[127.04191,37.42663],[127.04191,37.42661],[127.04191,37.42658],[127.04187,37.42636],[127.04186,37.42632],[127.04185,37.42629],[127.04185,37.42628],[127.04185,37.42627],[127.04185,37.42625],[127.04185,37.42624],[127.04185,37.42623],[127.04186,37.42622],[127.04187,37.4262],[127.04187,37.42619],[127.04188,37.42618],[127.04189,37.42617],[127.0419,37.42616],[127.04194,37.4261],[127.04195,37.42609],[127.04196,37.42608],[127.04196,37.42606],[127.04197,37.42605],[127.04198,37.42604],[127.04198,37.42603],[127.04198,37.42602],[127.04198,37.426],[127.04198,37.42599],[127.04198,37.42598],[127.04198,37.42597],[127.04198,37.42594],[127.04198,37.42589],[127.04197,37.42586],[127.04197,37.42585],[127.04197,37.42584],[127.04197,37.42583],[127.04198,37.42581],[127.04198,37.4258],[127.04198,37.42577],[127.04199,37.42573],[127.04202,37.4256],[127.04205,37.42546],[127.04206,37.42543],[127.04206,37.42541],[127.04207,37.4254],[127.04207,37.42538],[127.04207,37.42537],[127.04207,37.42536],[127.04207,37.42535],[127.04206,37.42533],[127.04206,37.42532],[127.04205,37.42531],[127.04205,37.4253],[127.04204,37.42529],[127.04202,37.42527],[127.042,37.42523],[127.04198,37.42521],[127.04198,37.4252],[127.04197,37.42519],[127.04196,37.42518],[127.04196,37.42516],[127.04195,37.42515],[127.04195,37.42514],[127.04194,37.42511],[127.04193,37.42508],[127.04191,37.42497],[127.0419,37.42493],[127.0419,37.42491],[127.04189,37.4249],[127.04189,37.42489],[127.04189,37.42487],[127.04188,37.42486],[127.04188,37.42485],[127.04187,37.42484],[127.04187,37.42483],[127.04184,37.4248],[127.04184,37.42478],[127.04183,37.42477],[127.04183,37.42476],[127.04182,37.42475],[127.04182,37.42474],[127.04181,37.42473],[127.04181,37.42471],[127.04181,37.42469],[127.04181,37.42466],[127.0418,37.42464],[127.04179,37.42452],[127.04179,37.42448],[127.04178,37.42445],[127.04178,37.42444],[127.04178,37.42443],[127.04177,37.42442],[127.04177,37.4244],[127.04176,37.42439],[127.04175,37.42438],[127.04175,37.42437],[127.04174,37.42435],[127.04172,37.42433],[127.04169,37.42427],[127.04167,37.42425],[127.04166,37.42423],[127.04165,37.42421],[127.04164,37.4242],[127.04164,37.42419],[127.04163,37.42418],[127.04163,37.42417],[127.04162,37.42415],[127.04162,37.42414],[127.04162,37.42413],[127.04162,37.4241],[127.04161,37.42405],[127.04161,37.42399],[127.04161,37.42397],[127.04161,37.42395],[127.04161,37.42394],[127.04161,37.42392],[127.04161,37.42391],[127.04162,37.4239],[127.04162,37.42389],[127.04163,37.42388],[127.04164,37.42386],[127.04164,37.42385],[127.04168,37.42381],[127.04168,37.4238],[127.04169,37.42379],[127.0417,37.42377],[127.0417,37.42376],[127.0417,37.42374],[127.04171,37.42372],[127.04171,37.42371],[127.04171,37.42369],[127.04171,37.42368],[127.04171,37.42366],[127.04171,37.42365],[127.04172,37.42365],[127.04172,37.42365],[127.04173,37.42364],[127.04174,37.42363],[127.04174,37.42362],[127.04175,37.4236],[127.04175,37.42359],[127.04175,37.42357],[127.04175,37.42356],[127.04175,37.42354],[127.04175,37.42353],[127.04175,37.4235],[127.04175,37.42349],[127.04175,37.42348],[127.04175,37.42346],[127.04174,37.42345],[127.04174,37.42344],[127.04173,37.42341],[127.0417,37.42333],[127.0417,37.42331],[127.04169,37.42329],[127.04169,37.42328],[127.04169,37.42327],[127.04169,37.42326],[127.04169,37.42324],[127.0417,37.42323],[127.0417,37.42322],[127.04171,37.42321],[127.04172,37.4232],[127.04172,37.42319],[127.04174,37.42317],[127.04176,37.42315],[127.04186,37.42305],[127.04187,37.42304]]]},"properties":{"name":"양재동 코스","difficulty":"중급","distance_km":5.05,"time_hr":1.5,"kind":"산림청 등산로(코스 추출)","desc":"들머리 → 청계산 정상","profile":[41,81,101,117,131,132,152,174,181,156,154,152,169,191,212,215,234,253,273,304,338,360,375,362,358,358,352,361,354,346,334,314,303,317,348,398,433,474,501,530,545,568,559,544,530,540,555,601],"min_elev":41,"max_elev":601,"ascent":708,"descent":148}},{"type":"Feature","geometry":{"type":"MultiLineString","coordinates":[[[127.07566,37.42218],[127.07566,37.42217],[127.07566,37.42217],[127.07565,37.42217],[127.07564,37.42218],[127.07563,37.42218],[127.07561,37.42219],[127.0756,37.4222],[127.07559,37.42221],[127.07557,37.42222],[127.07556,37.42224],[127.07555,37.42225],[127.07555,37.42226],[127.07554,37.42227],[127.07553,37.42228],[127.07553,37.42229],[127.07552,37.42231],[127.07552,37.42232],[127.07552,37.42233],[127.07552,37.42235],[127.07552,37.42236],[127.07552,37.42238],[127.07552,37.42241],[127.07552,37.42256],[127.07552,37.42258],[127.07552,37.42261],[127.07552,37.42262],[127.07552,37.42263],[127.07552,37.42265],[127.07551,37.42266],[127.07551,37.42267],[127.07551,37.42269],[127.0755,37.4227],[127.0755,37.42271],[127.07549,37.42272],[127.07548,37.42273],[127.07547,37.42276],[127.07545,37.42278],[127.07544,37.4228],[127.07542,37.42283],[127.07542,37.42284],[127.07541,37.42285],[127.0754,37.42286],[127.07539,37.42287],[127.07538,37.42288],[127.07536,37.42288],[127.07535,37.42289],[127.07533,37.42289],[127.07532,37.4229],[127.07531,37.4229],[127.07527,37.42291],[127.07524,37.42292],[127.07513,37.42294],[127.0751,37.42295],[127.07508,37.42295],[127.07506,37.42296],[127.07505,37.42296],[127.07503,37.42296],[127.07502,37.42297],[127.07501,37.42298],[127.07499,37.42298],[127.07498,37.42299],[127.07497,37.423],[127.07495,37.42301],[127.07494,37.42302],[127.07492,37.42303],[127.07484,37.4231],[127.07481,37.42312],[127.0748,37.42313],[127.07479,37.42314],[127.07478,37.42314],[127.07476,37.42315],[127.07475,37.42316],[127.07473,37.42316],[127.07472,37.42316],[127.0747,37.42317],[127.07469,37.42317],[127.07467,37.42317],[127.07465,37.42317],[127.07461,37.42317],[127.07437,37.42318],[127.07429,37.42318],[127.07426,37.42318],[127.07424,37.42318],[127.07422,37.42318],[127.07421,37.42318],[127.07419,37.42319],[127.07417,37.42319],[127.07416,37.42319],[127.07414,37.4232],[127.07413,37.4232],[127.0741,37.42321],[127.07403,37.42323],[127.07368,37.42335],[127.07363,37.42336],[127.07361,37.42337],[127.0736,37.42337],[127.07358,37.42337],[127.07357,37.42338],[127.07355,37.42338],[127.07354,37.42338],[127.07352,37.42338],[127.0735,37.42338],[127.07349,37.42338],[127.07347,37.42338],[127.07344,37.42338],[127.07328,37.42336],[127.07315,37.42335],[127.07312,37.42335],[127.07309,37.42334],[127.07307,37.42334],[127.07305,37.42334],[127.07304,37.42333],[127.07302,37.42333],[127.07301,37.42332],[127.07299,37.42332],[127.07298,37.42331],[127.07296,37.4233],[127.07295,37.42329],[127.07293,37.42328],[127.07283,37.42322],[127.07279,37.42319],[127.07277,37.42318],[127.07275,37.42317],[127.07274,37.42316],[127.07273,37.42316],[127.07271,37.42315],[127.0727,37.42315],[127.07266,37.42314],[127.07262,37.42312],[127.0726,37.42312],[127.07259,37.42311],[127.07257,37.4231],[127.07256,37.4231],[127.07255,37.42309],[127.07254,37.42308],[127.07253,37.42307],[127.07253,37.42306],[127.07252,37.42305],[127.07252,37.42304],[127.07252,37.42303],[127.07252,37.42301],[127.07251,37.42299],[127.07251,37.42291],[127.0725,37.42288],[127.0725,37.42287],[127.0725,37.42286],[127.0725,37.42284],[127.07249,37.42283],[127.07249,37.42282],[127.07248,37.42281],[127.07248,37.4228],[127.07247,37.42278],[127.07246,37.42277],[127.07245,37.42276],[127.07244,37.42274],[127.07243,37.42273],[127.07242,37.42272],[127.07241,37.42271],[127.0724,37.4227],[127.07239,37.42269],[127.07238,37.42268],[127.07237,37.42267],[127.07236,37.42267],[127.07234,37.42266],[127.07233,37.42265],[127.07232,37.42265],[127.0723,37.42264],[127.07227,37.42263],[127.07223,37.42262],[127.0721,37.42258],[127.07207,37.42257],[127.07174,37.42257],[127.07152,37.42257],[127.07149,37.42257],[127.07147,37.42257],[127.07146,37.42257],[127.07144,37.42257],[127.07143,37.42257],[127.07141,37.42257],[127.07139,37.42257],[127.07138,37.42256],[127.07136,37.42256],[127.07135,37.42255],[127.07133,37.42254],[127.07132,37.42254],[127.07131,37.42253],[127.07128,37.42251],[127.07114,37.42244],[127.07101,37.42237],[127.0704,37.42204],[127.07016,37.42192],[127.07013,37.4219],[127.0701,37.42189],[127.07008,37.42187],[127.07006,37.42186],[127.07005,37.42186],[127.07004,37.42185],[127.07001,37.42183],[127.06999,37.42181],[127.06966,37.42155],[127.06951,37.42144],[127.06948,37.42141],[127.06945,37.42139],[127.06944,37.42138],[127.06943,37.42137],[127.06942,37.42137],[127.0694,37.42136],[127.06939,37.42135],[127.06937,37.42135],[127.06936,37.42134],[127.06934,37.42134],[127.06931,37.42133],[127.06926,37.42132],[127.0691,37.42128],[127.06897,37.42125],[127.06894,37.42124],[127.06893,37.42124],[127.06891,37.42123],[127.0689,37.42123],[127.06888,37.42122],[127.06887,37.42122],[127.06886,37.42121],[127.06885,37.4212],[127.06884,37.42119],[127.06884,37.42118],[127.06884,37.42117],[127.06884,37.42116],[127.06884,37.42115],[127.06884,37.42113],[127.06884,37.42112],[127.06884,37.4211],[127.06884,37.42104],[127.06885,37.42101],[127.06885,37.42099],[127.06885,37.42097],[127.06885,37.42096],[127.06885,37.42095],[127.06884,37.42094],[127.06884,37.42092],[127.06884,37.42091],[127.06883,37.4209],[127.06882,37.42089],[127.06882,37.42087],[127.06881,37.42085],[127.06872,37.42069],[127.06865,37.42056],[127.06861,37.42048],[127.06855,37.42036],[127.06853,37.42034],[127.06852,37.42033],[127.06852,37.42032],[127.06851,37.4203],[127.0685,37.42029],[127.06849,37.42028],[127.06848,37.42028],[127.06847,37.42027],[127.06846,37.42027],[127.06844,37.42026],[127.06843,37.42026],[127.06841,37.42026],[127.06839,37.42026],[127.06838,37.42026],[127.06835,37.42025],[127.06833,37.42025],[127.06831,37.42025],[127.0683,37.42025],[127.06829,37.42025],[127.06827,37.42026],[127.06826,37.42026],[127.06825,37.42027],[127.06824,37.42027],[127.06823,37.42028],[127.06822,37.42029],[127.06822,37.4203],[127.0682,37.42034],[127.0682,37.42035],[127.06819,37.42036],[127.06818,37.42036],[127.06818,37.42037],[127.06817,37.42037],[127.06816,37.42037],[127.06814,37.42037],[127.06813,37.42037],[127.06812,37.42036],[127.0681,37.42036],[127.06809,37.42035],[127.06806,37.42034],[127.068,37.42032],[127.06795,37.4203],[127.06794,37.4203],[127.06793,37.42029],[127.06791,37.42028],[127.0679,37.42028],[127.06789,37.42027],[127.06788,37.42026],[127.06786,37.42025],[127.06785,37.42024],[127.06784,37.42023],[127.06783,37.42022],[127.0678,37.42019],[127.06768,37.42006],[127.06749,37.41985],[127.06746,37.41981],[127.06744,37.41979],[127.06743,37.41978],[127.06742,37.41977],[127.06739,37.41975],[127.06736,37.41973],[127.06698,37.41944],[127.06694,37.41941],[127.06692,37.41939],[127.06691,37.41938],[127.0669,37.41937],[127.06688,37.41936],[127.06687,37.41935],[127.06685,37.41933],[127.06683,37.41931],[127.0668,37.41928],[127.06677,37.41925],[127.06676,37.41922],[127.06675,37.41921],[127.06674,37.4192],[127.06673,37.41919],[127.06672,37.41918],[127.06672,37.41917],[127.06671,37.41916],[127.0667,37.41914],[127.06669,37.41912],[127.06668,37.41908],[127.06662,37.41894],[127.06652,37.41867],[127.06651,37.41864],[127.0665,37.41862],[127.06649,37.4186],[127.06648,37.41858],[127.06646,37.41856],[127.06644,37.41852],[127.06626,37.41822],[127.06615,37.41802],[127.06613,37.41799],[127.06611,37.41796],[127.0661,37.41795],[127.0661,37.41794],[127.06609,37.41793],[127.06608,37.41792],[127.06607,37.4179],[127.06606,37.41789],[127.06605,37.41788],[127.06604,37.41787],[127.066,37.41784],[127.06586,37.41772],[127.0657,37.41759],[127.06566,37.41756],[127.06564,37.41754],[127.06563,37.41753],[127.06561,37.41752],[127.0656,37.41751],[127.06559,37.4175],[127.06557,37.4175],[127.06553,37.41748],[127.06549,37.41745],[127.06544,37.41743],[127.0654,37.4174],[127.06537,37.41739],[127.06531,37.41736],[127.06524,37.41733],[127.0652,37.41731],[127.06517,37.4173],[127.06515,37.4173],[127.06514,37.41729],[127.06512,37.41728],[127.06511,37.41728],[127.06507,37.41727],[127.06503,37.41726],[127.06498,37.41725],[127.06483,37.41721],[127.0648,37.41721],[127.06479,37.4172],[127.06477,37.4172],[127.06476,37.41719],[127.06474,37.41719],[127.06473,37.41718],[127.06472,37.41717],[127.06471,37.41717],[127.06471,37.41716],[127.06471,37.41715],[127.0647,37.41714],[127.06471,37.41712],[127.06471,37.41711],[127.06471,37.4171],[127.06471,37.41709],[127.06472,37.41706],[127.06474,37.41698],[127.06474,37.41695],[127.06475,37.41694],[127.06475,37.41693],[127.06475,37.41691],[127.06475,37.4169],[127.06475,37.41689],[127.06475,37.41688],[127.06475,37.41686],[127.06475,37.41685],[127.06474,37.41684],[127.06474,37.41683],[127.06473,37.41681],[127.06472,37.41679],[127.06472,37.41678],[127.06471,37.41677],[127.06471,37.41676],[127.0647,37.41674],[127.06468,37.41672],[127.06467,37.4167],[127.06455,37.41652],[127.06422,37.41605],[127.06419,37.41601],[127.06418,37.41598],[127.06416,37.41596],[127.06416,37.41595],[127.06415,37.41593],[127.06414,37.41592],[127.06414,37.41591],[127.06412,37.41587],[127.06412,37.41586],[127.06411,37.41584],[127.06411,37.41583],[127.0641,37.41582],[127.06409,37.41581],[127.06408,37.4158],[127.06407,37.41579],[127.06406,37.41578],[127.06405,37.41577],[127.06403,37.41577],[127.064,37.41575],[127.06398,37.41574],[127.06396,37.41573],[127.06393,37.41572],[127.06392,37.41571],[127.0639,37.41571],[127.06389,37.4157],[127.06387,37.41569],[127.06386,37.41569],[127.06384,37.41569],[127.06382,37.41569],[127.06379,37.41568],[127.06373,37.41567],[127.06346,37.41563],[127.06343,37.41563],[127.06339,37.41562],[127.06338,37.41562],[127.06336,37.41562],[127.06335,37.41561],[127.06333,37.41561],[127.06332,37.4156],[127.0633,37.4156],[127.06329,37.41559],[127.06327,37.41559],[127.06326,37.41558],[127.06325,37.41557],[127.06321,37.41555],[127.06315,37.4155],[127.06311,37.41548],[127.06308,37.41546],[127.06307,37.41546],[127.06306,37.41545],[127.06304,37.41544],[127.06303,37.41543],[127.06301,37.41543],[127.063,37.41542],[127.06297,37.41541],[127.06289,37.41538],[127.06288,37.41537],[127.06287,37.41537],[127.06285,37.41536],[127.06284,37.41536],[127.06283,37.41535],[127.06282,37.41534],[127.06281,37.41533],[127.0628,37.41532],[127.0628,37.41531],[127.0628,37.4153],[127.0628,37.41529],[127.06279,37.41528],[127.06279,37.41526],[127.0628,37.41524],[127.0628,37.4152],[127.06281,37.41501],[127.06281,37.41498],[127.06281,37.41496],[127.06281,37.41495],[127.06281,37.41493],[127.06281,37.41492],[127.06281,37.41491],[127.0628,37.4149],[127.0628,37.4149],[127.06279,37.4149],[127.06278,37.4149],[127.06276,37.4149],[127.06275,37.4149],[127.06274,37.4149],[127.06272,37.41491],[127.06271,37.41491],[127.06267,37.41492],[127.06253,37.41497],[127.06239,37.41501],[127.06236,37.41502],[127.06234,37.41502],[127.06233,37.41503],[127.06231,37.41503],[127.0623,37.41503],[127.06228,37.41504],[127.06226,37.41504],[127.06225,37.41504],[127.06223,37.41503],[127.06222,37.41503],[127.0622,37.41503],[127.06218,37.41502],[127.06215,37.41502],[127.06211,37.415],[127.06206,37.41499],[127.06203,37.41498],[127.06201,37.41497],[127.062,37.41497],[127.06198,37.41496],[127.06197,37.41495],[127.06195,37.41495],[127.06194,37.41494],[127.06193,37.41493],[127.06192,37.41492],[127.0619,37.4149],[127.06184,37.41486],[127.06181,37.41484],[127.0618,37.41483],[127.06179,37.41483],[127.06178,37.41482],[127.06176,37.41481],[127.06175,37.4148],[127.06174,37.4148],[127.06172,37.41479],[127.06169,37.41478],[127.06166,37.41477],[127.0616,37.41475],[127.06154,37.41474],[127.06151,37.41473],[127.06148,37.41472],[127.06147,37.41472],[127.06145,37.41471],[127.06144,37.41471],[127.06142,37.41471],[127.0614,37.41471],[127.06137,37.4147],[127.06134,37.4147],[127.06119,37.41469],[127.06116,37.41469],[127.06113,37.41469],[127.06109,37.41469],[127.06108,37.41469],[127.06106,37.41468],[127.06104,37.41468],[127.06103,37.41468],[127.061,37.41467],[127.06095,37.41466],[127.06042,37.41452],[127.06039,37.41452],[127.06038,37.41451],[127.06036,37.41451],[127.06034,37.41451],[127.06033,37.4145],[127.06031,37.4145],[127.06029,37.4145],[127.06026,37.4145],[127.06023,37.4145],[127.05994,37.41448],[127.0593,37.41445],[127.05905,37.41444],[127.05901,37.41444],[127.05898,37.41443],[127.05896,37.41443],[127.05895,37.41443],[127.05893,37.41443],[127.05891,37.41443],[127.0589,37.41442],[127.05888,37.41442],[127.05887,37.41441],[127.05884,37.4144],[127.05879,37.41439],[127.05876,37.41438],[127.05873,37.41436],[127.05871,37.41435],[127.05869,37.41434],[127.05868,37.41434],[127.05867,37.41433],[127.05865,37.41432],[127.05864,37.41431],[127.05863,37.4143],[127.05861,37.41428],[127.05858,37.41427],[127.05832,37.41404],[127.05829,37.41401],[127.05827,37.41399],[127.05825,37.41398],[127.05824,37.41397],[127.05823,37.41396],[127.05822,37.41396],[127.0582,37.41395],[127.05819,37.41394],[127.05817,37.41394],[127.05816,37.41393],[127.05813,37.41392],[127.05804,37.41389],[127.05801,37.41388],[127.058,37.41387],[127.05798,37.41387],[127.05797,37.41386],[127.05795,37.41386],[127.05794,37.41385],[127.05792,37.41384],[127.05791,37.41383],[127.05788,37.41382],[127.05783,37.41379],[127.05769,37.4137],[127.05765,37.41368],[127.05762,37.41366],[127.05761,37.41365],[127.0576,37.41365],[127.05758,37.41364],[127.05757,37.41363],[127.05755,37.41363],[127.05754,37.41363],[127.05752,37.41362],[127.05751,37.41362],[127.05747,37.41361],[127.05742,37.4136],[127.05729,37.41358],[127.05714,37.41356],[127.05647,37.41344],[127.0564,37.41343],[127.05637,37.41342],[127.05636,37.41342],[127.05634,37.41342],[127.05631,37.41341],[127.05627,37.41341],[127.05624,37.41341],[127.05609,37.4134],[127.05606,37.4134],[127.05605,37.4134],[127.05603,37.4134],[127.05601,37.41339],[127.056,37.41339],[127.05599,37.41339],[127.05597,37.41338],[127.05596,37.41338],[127.05595,37.41337],[127.05594,37.41336],[127.05593,37.41335],[127.05592,37.41334],[127.05591,37.41333],[127.05591,37.41332],[127.0559,37.41331],[127.05589,37.41328],[127.05585,37.41322],[127.05584,37.4132],[127.05584,37.41318],[127.05583,37.41317],[127.05582,37.41316],[127.05581,37.41315],[127.0558,37.41314],[127.05579,37.41313],[127.05578,37.41313],[127.05577,37.41312],[127.05576,37.41312],[127.05574,37.41312],[127.05573,37.41312],[127.05571,37.41312],[127.0557,37.41312],[127.05568,37.41312],[127.05563,37.41313],[127.05552,37.41314],[127.05547,37.41314],[127.05544,37.41315],[127.05542,37.41315],[127.0554,37.41315],[127.05539,37.41315],[127.05537,37.41316],[127.05536,37.41316],[127.05534,37.41316],[127.05531,37.41317],[127.05485,37.41331],[127.0548,37.41332],[127.05477,37.41333],[127.05475,37.41333],[127.05473,37.41334],[127.0547,37.41334],[127.05465,37.41335],[127.05443,37.4134],[127.05422,37.41344],[127.05417,37.41345],[127.05414,37.41345],[127.05412,37.41345],[127.0541,37.41345],[127.05409,37.41345],[127.05407,37.41346],[127.05403,37.41346],[127.05398,37.41346],[127.05368,37.41345],[127.05283,37.41344],[127.05258,37.41343],[127.05251,37.41343],[127.05248,37.41343],[127.05244,37.41343],[127.05241,37.41343],[127.05236,37.41344],[127.05221,37.41345],[127.05215,37.41345],[127.05212,37.41346],[127.0521,37.41346],[127.05208,37.41346],[127.05207,37.41346],[127.05205,37.41347],[127.05204,37.41347],[127.052,37.41348],[127.05196,37.41349],[127.05183,37.41353],[127.05179,37.41354],[127.05176,37.41355],[127.05174,37.41356],[127.05173,37.41356],[127.05171,37.41356],[127.05169,37.41357],[127.05166,37.41357],[127.05161,37.41358],[127.0513,37.41364],[127.05104,37.41368],[127.05099,37.41369],[127.05096,37.4137],[127.05094,37.4137],[127.05093,37.4137],[127.05091,37.4137],[127.05089,37.4137],[127.05086,37.4137],[127.05081,37.4137],[127.05076,37.41371],[127.05073,37.4137],[127.05071,37.4137],[127.0507,37.4137],[127.05068,37.4137],[127.05066,37.4137],[127.05065,37.4137],[127.05061,37.41369],[127.05054,37.41369],[127.05036,37.41366],[127.0503,37.41365],[127.05025,37.41365],[127.05021,37.41364],[127.0502,37.41364],[127.05016,37.41364],[127.0501,37.41364],[127.04985,37.41363],[127.04966,37.41362],[127.04963,37.41362],[127.04962,37.41362],[127.0496,37.41362],[127.04958,37.41362],[127.04957,37.41362],[127.04955,37.41361],[127.04954,37.41361],[127.04953,37.4136],[127.04951,37.41359],[127.0495,37.41358],[127.04949,37.41358],[127.04948,37.41357],[127.04947,37.41356],[127.04946,37.41355],[127.04945,37.41354],[127.04945,37.41353],[127.04944,37.41351],[127.04943,37.4135],[127.04942,37.41349],[127.04942,37.41348],[127.04941,37.41347],[127.04941,37.41346],[127.04941,37.41344],[127.04941,37.41343],[127.04941,37.4134],[127.04941,37.41338],[127.04941,37.41335],[127.04941,37.4132],[127.0494,37.41318],[127.0494,37.41315],[127.0494,37.41314],[127.0494,37.41312],[127.0494,37.41311],[127.0494,37.4131],[127.04939,37.41309],[127.04938,37.41307],[127.04937,37.41307],[127.04937,37.41305],[127.04936,37.41304],[127.04935,37.41304],[127.04932,37.41302],[127.0493,37.413],[127.04927,37.41297],[127.04924,37.41295],[127.04923,37.41294],[127.04922,37.41294],[127.04921,37.41293],[127.04919,37.41292],[127.04918,37.41292],[127.04917,37.41292],[127.04916,37.41292],[127.04914,37.41292],[127.04913,37.41292],[127.04912,37.41293],[127.0491,37.41293],[127.04909,37.41294],[127.04907,37.41295],[127.04904,37.41296],[127.04896,37.413],[127.04888,37.41304],[127.04853,37.4132],[127.0485,37.41321],[127.04847,37.41322],[127.04846,37.41323],[127.04844,37.41324],[127.04843,37.41324],[127.04841,37.41325],[127.0484,37.41325],[127.04838,37.41325],[127.04837,37.41325],[127.04835,37.41326],[127.04832,37.41326],[127.04827,37.41326],[127.04824,37.41326],[127.04822,37.41327],[127.0482,37.41327],[127.04819,37.41327],[127.04818,37.41327],[127.04816,37.41328],[127.04815,37.41328],[127.04814,37.41329],[127.04813,37.4133],[127.04813,37.41331],[127.04812,37.41332],[127.04812,37.41333],[127.04811,37.41335],[127.04811,37.41336],[127.0481,37.41339],[127.04807,37.41348],[127.04806,37.41354],[127.048,37.41371],[127.04791,37.41367],[127.04787,37.41365],[127.04786,37.41365],[127.04784,37.41364],[127.04783,37.41364],[127.04781,37.41363],[127.0478,37.41363],[127.04778,37.41362],[127.04777,37.41362],[127.04775,37.41362],[127.04773,37.41362],[127.0477,37.41361],[127.04747,37.41358],[127.04744,37.41358],[127.04741,37.41358],[127.04739,37.41358],[127.04738,37.41358],[127.04736,37.41358],[127.04735,37.41358],[127.04733,37.41358],[127.04731,37.41358],[127.0473,37.41358],[127.04728,37.41359],[127.04727,37.41359],[127.04722,37.4136],[127.04703,37.41365],[127.04679,37.41371],[127.04665,37.41371],[127.0466,37.41371],[127.04655,37.41371],[127.04653,37.41371],[127.04652,37.41372],[127.0465,37.41372],[127.04648,37.41372],[127.04647,37.41372],[127.04645,37.41372],[127.04644,37.41373],[127.0464,37.41374],[127.04639,37.41374],[127.04638,37.41374],[127.04637,37.41375],[127.04636,37.41374],[127.04636,37.41374],[127.04636,37.41373],[127.04636,37.41372],[127.04636,37.41371],[127.04635,37.41371],[127.04635,37.4137],[127.04634,37.4137],[127.04633,37.4137],[127.04632,37.4137],[127.04631,37.4137],[127.04629,37.4137],[127.04628,37.4137],[127.04626,37.41371],[127.04624,37.41371],[127.04621,37.41372],[127.04602,37.41376],[127.0458,37.41381],[127.04575,37.41382],[127.04572,37.41383],[127.0457,37.41383],[127.04567,37.41384],[127.04564,37.41385],[127.04561,37.41386],[127.04556,37.41388],[127.04555,37.41388],[127.04553,37.41389],[127.04551,37.41389],[127.0455,37.4139],[127.04549,37.41391],[127.04547,37.41392],[127.04546,37.41392],[127.04545,37.41393],[127.04544,37.41394],[127.04541,37.41396],[127.04537,37.414],[127.04522,37.41413],[127.0452,37.41415],[127.04517,37.41417],[127.04516,37.41418],[127.04515,37.41419],[127.04514,37.41419],[127.04512,37.4142],[127.04511,37.41421],[127.0451,37.41421],[127.04508,37.41421],[127.04506,37.41422],[127.04505,37.41422],[127.04503,37.41422],[127.04502,37.41422],[127.04497,37.41422],[127.0447,37.41423],[127.04467,37.41423],[127.04463,37.41423],[127.04462,37.41424],[127.0446,37.41424],[127.04459,37.41424],[127.04457,37.41424],[127.04456,37.41425],[127.04454,37.41425],[127.04453,37.41426],[127.04451,37.41427],[127.0445,37.41427],[127.04447,37.41429],[127.04443,37.41431],[127.0444,37.41432],[127.04439,37.41433],[127.04437,37.41434],[127.04436,37.41435],[127.04435,37.41436],[127.04432,37.41437],[127.04429,37.4144],[127.04396,37.41467],[127.04393,37.4147],[127.0439,37.41472],[127.04389,37.41473],[127.04388,37.41474],[127.04386,37.41475],[127.04385,37.41475],[127.04384,37.41476],[127.04382,37.41477],[127.04381,37.41478],[127.04378,37.41479],[127.04373,37.41482],[127.0436,37.41488],[127.04355,37.4149],[127.04354,37.41491],[127.04353,37.41492],[127.04351,37.41492],[127.0435,37.41493],[127.04349,37.41494],[127.04348,37.41495],[127.04347,37.41496],[127.04346,37.41497],[127.04345,37.41498],[127.04344,37.41499],[127.04343,37.41501],[127.04342,37.41503],[127.04336,37.41511],[127.04335,37.41513],[127.04333,37.41516],[127.04332,37.41517],[127.04331,37.41518],[127.0433,37.41519],[127.04329,37.4152],[127.04328,37.41521],[127.04327,37.41522],[127.04326,37.41523],[127.04324,37.41524],[127.04323,37.41524],[127.04322,37.41525],[127.04321,37.41526],[127.04319,37.41526],[127.04318,37.41527],[127.04317,37.41527],[127.04313,37.41528],[127.04312,37.41528],[127.04311,37.41528],[127.0431,37.41529],[127.04309,37.4153],[127.04308,37.41531],[127.04308,37.41532],[127.04307,37.41533],[127.04306,37.41534],[127.04304,37.41539],[127.04304,37.41541],[127.04303,37.41542],[127.04303,37.41543],[127.04302,37.41544],[127.04301,37.41545],[127.043,37.41546],[127.04299,37.41547],[127.04298,37.41548],[127.04296,37.41549],[127.04295,37.4155],[127.04294,37.4155],[127.04292,37.41551],[127.04291,37.41551],[127.04289,37.41551],[127.04288,37.41551],[127.04286,37.41551],[127.04285,37.41551],[127.04283,37.41551],[127.04282,37.4155],[127.0428,37.4155],[127.04273,37.41548],[127.0427,37.41547],[127.04268,37.41546],[127.04267,37.41546],[127.04265,37.41546],[127.04264,37.41546],[127.04262,37.41546],[127.0426,37.41545],[127.04259,37.41545],[127.04255,37.41545],[127.04251,37.41546],[127.04247,37.41546],[127.04246,37.41546],[127.04244,37.41546],[127.04243,37.41546],[127.04241,37.41546],[127.0424,37.41547],[127.04238,37.41547],[127.04237,37.41547],[127.04235,37.41548],[127.04232,37.41549],[127.04227,37.4155],[127.04207,37.41557],[127.04172,37.41569],[127.0418,37.41577],[127.04183,37.41581],[127.04185,37.41583],[127.04186,37.41584],[127.04187,37.41586],[127.04187,37.41587],[127.04188,37.41588],[127.04189,37.41589],[127.04189,37.4159],[127.0419,37.41592],[127.04191,37.41594],[127.04192,37.41598],[127.04193,37.416],[127.04193,37.41602],[127.04193,37.41603],[127.04194,37.41604],[127.04194,37.41605],[127.04194,37.41606],[127.04193,37.41608],[127.04193,37.41609],[127.04193,37.4161],[127.04192,37.41611],[127.04191,37.41612],[127.04191,37.41613],[127.04188,37.41618],[127.04187,37.4162],[127.04186,37.41621],[127.04186,37.41622],[127.04185,37.41623],[127.04185,37.41624],[127.04184,37.41626],[127.04184,37.41627],[127.04184,37.41628],[127.04184,37.41629],[127.04184,37.41633],[127.04184,37.41635],[127.04183,37.41636],[127.04183,37.41637],[127.04183,37.41638],[127.04182,37.4164],[127.04182,37.41641],[127.04181,37.41642],[127.04181,37.41643],[127.04179,37.41646],[127.04177,37.41649],[127.04171,37.41658],[127.0417,37.41661],[127.04169,37.41662],[127.04169,37.41663],[127.04168,37.41664],[127.04168,37.41666],[127.04167,37.41667],[127.04167,37.41668],[127.04167,37.41669],[127.04167,37.4167],[127.04167,37.41672],[127.04168,37.41673],[127.04168,37.41674],[127.04169,37.41675],[127.04169,37.41676],[127.0417,37.41677],[127.0417,37.41678],[127.04171,37.41679],[127.04171,37.4168],[127.04172,37.41681],[127.04173,37.41681],[127.04175,37.41682],[127.04176,37.41682],[127.04177,37.41683],[127.04177,37.41684],[127.04178,37.41685],[127.04178,37.41686],[127.04178,37.41687],[127.04177,37.41689],[127.04177,37.4169],[127.04176,37.41691],[127.04176,37.41691],[127.04175,37.41691],[127.04176,37.41692],[127.04176,37.41692],[127.04177,37.41693],[127.04177,37.41693],[127.04178,37.41694],[127.04179,37.41696],[127.04179,37.41698],[127.0418,37.41699],[127.0418,37.41701],[127.0418,37.41703],[127.0418,37.41704],[127.0418,37.41709],[127.04181,37.41715],[127.04181,37.41717],[127.04181,37.41719],[127.04181,37.4172],[127.04181,37.41721],[127.0418,37.41723],[127.0418,37.41724],[127.0418,37.41725],[127.04179,37.41727],[127.04179,37.41728],[127.04178,37.41732],[127.04177,37.41733],[127.04177,37.41734],[127.04177,37.41735],[127.04176,37.41736],[127.04177,37.41738],[127.04177,37.41739],[127.04178,37.41739],[127.04179,37.4174],[127.0418,37.41741],[127.04181,37.41742],[127.04182,37.41743],[127.04185,37.41745],[127.04187,37.41746],[127.04194,37.4175],[127.04196,37.41752],[127.04199,37.41754],[127.042,37.41755],[127.04201,37.41755],[127.04202,37.41756],[127.04203,37.41757],[127.04203,37.41758],[127.04203,37.41759],[127.04203,37.4176],[127.04203,37.41761],[127.04201,37.41763],[127.04201,37.41764],[127.042,37.41766],[127.042,37.41767],[127.042,37.41768],[127.042,37.41769],[127.042,37.4177],[127.04201,37.41773],[127.04201,37.41776],[127.04202,37.41782],[127.04203,37.41785],[127.04203,37.41786],[127.04203,37.41787],[127.04203,37.41788],[127.04203,37.4179],[127.04203,37.41791],[127.04203,37.41792],[127.04203,37.41794],[127.04202,37.41795],[127.04202,37.41796],[127.04201,37.41799],[127.042,37.41803],[127.04195,37.41822],[127.04193,37.41828],[127.04193,37.4183],[127.04192,37.41831],[127.04192,37.41833],[127.04192,37.41834],[127.04192,37.41835],[127.04192,37.41837],[127.04192,37.41838],[127.04192,37.41841],[127.04193,37.41845],[127.04193,37.41849],[127.04194,37.41851],[127.04194,37.41853],[127.04195,37.41854],[127.04195,37.41855],[127.04195,37.41856],[127.04196,37.41857],[127.04197,37.41859],[127.04198,37.4186],[127.04198,37.4186],[127.042,37.41861],[127.04202,37.41864],[127.04203,37.41865],[127.04205,37.41866],[127.04205,37.41867],[127.04206,37.41868],[127.04207,37.41869],[127.04208,37.41871],[127.04208,37.41872],[127.04209,37.41873],[127.0421,37.41875],[127.04213,37.4188],[127.04219,37.41894],[127.0422,37.41897],[127.04221,37.41898],[127.04222,37.41899],[127.04222,37.419],[127.04223,37.41902],[127.04224,37.41903],[127.04225,37.41904],[127.04226,37.41905],[127.04227,37.41906],[127.04228,37.41907],[127.04229,37.41908],[127.04232,37.41909],[127.04234,37.41911],[127.04237,37.41913],[127.04251,37.41922],[127.04254,37.41923],[127.04256,37.41925],[127.04257,37.41926],[127.04258,37.41927],[127.0426,37.41928],[127.0426,37.41929],[127.04261,37.4193],[127.04261,37.41931],[127.04262,37.41932],[127.04262,37.41933],[127.04262,37.41934],[127.04262,37.41936],[127.04262,37.41937],[127.04262,37.4194],[127.04262,37.41944],[127.04261,37.41946],[127.04261,37.41947],[127.04261,37.41949],[127.04261,37.4195],[127.04262,37.41951],[127.04262,37.41952],[127.04263,37.41954],[127.04263,37.41955],[127.04264,37.41956],[127.04266,37.41959],[127.04267,37.4196],[127.04268,37.41962],[127.04268,37.41963],[127.04269,37.41965],[127.04269,37.41967],[127.04268,37.41968],[127.04268,37.41969],[127.04268,37.4197],[127.04268,37.41971],[127.04268,37.41971],[127.04263,37.41971],[127.04261,37.41971],[127.0426,37.41971],[127.04259,37.41972],[127.04259,37.41972],[127.04258,37.41972],[127.04257,37.41972],[127.04257,37.41973],[127.04256,37.41973],[127.04256,37.41973],[127.04255,37.41974],[127.04241,37.41986],[127.04241,37.41987],[127.04241,37.41987],[127.04241,37.41989],[127.04241,37.4199],[127.0424,37.41992],[127.0424,37.41994],[127.04239,37.41995],[127.04239,37.41996],[127.04238,37.41998],[127.04237,37.41999],[127.04236,37.42],[127.04233,37.42003],[127.04231,37.42005],[127.0423,37.42006],[127.04229,37.42007],[127.04229,37.42008],[127.04228,37.4201],[127.04227,37.42011],[127.04227,37.42012],[127.04227,37.42013],[127.04226,37.42014],[127.04225,37.42017],[127.04225,37.42021],[127.04223,37.42032],[127.04222,37.42037],[127.04221,37.42038],[127.04221,37.42039],[127.04221,37.42041],[127.0422,37.42043],[127.04219,37.42044],[127.04219,37.42046],[127.04218,37.42047],[127.04217,37.42048],[127.04216,37.42049],[127.04215,37.4205],[127.04215,37.4205],[127.04215,37.4205],[127.04215,37.4205],[127.04213,37.42052],[127.04212,37.42052],[127.04211,37.42054],[127.04209,37.42055],[127.04208,37.42056],[127.04207,37.42057],[127.04206,37.42059],[127.04205,37.4206],[127.04205,37.42061],[127.04204,37.42063],[127.04204,37.42064],[127.04204,37.42065],[127.04204,37.42066],[127.04204,37.42068],[127.04204,37.42069],[127.04204,37.4207],[127.04204,37.42071],[127.04205,37.42072],[127.04205,37.42074],[127.04206,37.42074],[127.04207,37.42075],[127.04208,37.42077],[127.04209,37.42077],[127.04211,37.42079],[127.04214,37.42081],[127.0422,37.42086],[127.04222,37.42088],[127.04223,37.42089],[127.04224,37.4209],[127.04225,37.42091],[127.04226,37.42092],[127.04227,37.42093],[127.04227,37.42094],[127.04228,37.42095],[127.04228,37.42096],[127.04228,37.42097],[127.04227,37.42098],[127.04227,37.42099],[127.04227,37.421],[127.04226,37.42101],[127.04226,37.42103],[127.04225,37.42104],[127.04224,37.42105],[127.04224,37.42106],[127.04222,37.42106],[127.04221,37.42107],[127.0422,37.42108],[127.04218,37.4211],[127.04216,37.4211],[127.04215,37.42111],[127.04214,37.42112],[127.04214,37.42113],[127.04213,37.42114],[127.04213,37.42115],[127.04213,37.42116],[127.04213,37.42117],[127.04214,37.42118],[127.04215,37.4212],[127.04215,37.42121],[127.04215,37.42122],[127.04215,37.42123],[127.04215,37.42124],[127.04215,37.42125],[127.04214,37.42126],[127.04213,37.42127],[127.04212,37.42128],[127.04211,37.42129],[127.04211,37.4213],[127.04208,37.42133],[127.04202,37.42138],[127.042,37.42141],[127.04198,37.42144],[127.04196,37.42146],[127.04195,37.42147],[127.04194,37.42148],[127.04193,37.42149],[127.04193,37.4215],[127.04192,37.42151],[127.04191,37.42152],[127.0419,37.42153],[127.0419,37.42153],[127.04189,37.42154],[127.04188,37.42154],[127.04186,37.42154],[127.04185,37.42155],[127.04184,37.42155],[127.04183,37.42156],[127.04182,37.42157],[127.04182,37.42158],[127.04181,37.42159],[127.04181,37.4216],[127.04181,37.42161],[127.0418,37.42162],[127.0418,37.42165],[127.04174,37.42189],[127.04172,37.42199],[127.04171,37.42203],[127.0417,37.42204],[127.0417,37.42206],[127.0417,37.42207],[127.04169,37.42208],[127.04169,37.42209],[127.04168,37.4221],[127.04167,37.42211],[127.04166,37.42212],[127.04165,37.42213],[127.04164,37.42214],[127.04163,37.42215],[127.04161,37.42216],[127.0416,37.42216],[127.04159,37.42217],[127.04157,37.42217],[127.04156,37.42217],[127.04152,37.42218],[127.0415,37.42218],[127.04149,37.42218],[127.04148,37.42218],[127.04147,37.42219],[127.04145,37.4222],[127.04144,37.4222],[127.04144,37.42221],[127.04143,37.42222],[127.0414,37.42225],[127.04139,37.42226],[127.04139,37.42227],[127.04138,37.42228],[127.04137,37.42228],[127.04135,37.42229],[127.04134,37.42229],[127.04133,37.42229],[127.04131,37.42229],[127.0413,37.42229],[127.04129,37.42229],[127.04128,37.42229],[127.04127,37.4223],[127.04126,37.42231],[127.04125,37.42232],[127.04125,37.42233],[127.04124,37.42234],[127.04124,37.42235],[127.04122,37.42238],[127.04121,37.4224],[127.04117,37.42253],[127.04115,37.42258],[127.04114,37.4226],[127.04113,37.42262],[127.04112,37.42263],[127.04112,37.42264],[127.04111,37.42265],[127.0411,37.42266],[127.04109,37.42267],[127.04108,37.42267],[127.04107,37.42267],[127.04106,37.42268],[127.04105,37.42268],[127.04103,37.42269],[127.04102,37.42269],[127.04101,37.4227],[127.041,37.42271],[127.04099,37.42271],[127.04098,37.42272],[127.04097,37.42273],[127.04097,37.42274],[127.04096,37.42275],[127.04096,37.42276],[127.04096,37.42277],[127.04097,37.42278],[127.04097,37.42278],[127.04098,37.42279],[127.04099,37.4228],[127.04101,37.42281],[127.04102,37.42281],[127.04103,37.42282],[127.04106,37.42283],[127.04109,37.42285],[127.04112,37.42286],[127.04114,37.42286],[127.04116,37.42287],[127.04117,37.42287],[127.04119,37.42288],[127.0412,37.42288],[127.04122,37.42288],[127.04123,37.42288],[127.04125,37.42288],[127.04126,37.42288],[127.04127,37.42288],[127.04129,37.42287],[127.0413,37.42287],[127.04132,37.42287],[127.04133,37.42286],[127.04134,37.42285],[127.04135,37.42284],[127.04137,37.42283],[127.04138,37.42282],[127.0414,37.4228],[127.04141,37.42279],[127.04142,37.42278],[127.04144,37.42275],[127.04145,37.42275],[127.04187,37.42304]]]},"properties":{"name":"금토동 코스","difficulty":"중급","distance_km":4.91,"time_hr":1.4,"kind":"산림청 등산로(코스 추출)","desc":"들머리 → 청계산 정상","profile":[130,161,164,182,201,219,239,268,295,300,291,300,305,335,358,372,387,402,426,425,426,443,462,465,473,486,489,499,513,528,520,535,539,533,531,526,516,514,498,477,506,539,562,571,592,581,584,604],"min_elev":130,"max_elev":604,"ascent":565,"descent":91}},{"type":"Feature","geometry":{"type":"MultiLineString","coordinates":[[[127.07137,37.42873],[127.07137,37.42872],[127.07137,37.42872],[127.07137,37.42871],[127.07137,37.42871],[127.07138,37.42869],[127.07139,37.42869],[127.07139,37.42868],[127.07139,37.42867],[127.07138,37.42866],[127.07137,37.42865],[127.07136,37.42865],[127.07135,37.42864],[127.07133,37.42863],[127.07131,37.42861],[127.07111,37.42849],[127.07082,37.4283],[127.07072,37.42824],[127.0706,37.42817],[127.07057,37.42815],[127.07056,37.42814],[127.07055,37.42813],[127.07053,37.42813],[127.07052,37.42812],[127.07035,37.42789],[127.07021,37.42796],[127.07019,37.42794],[127.07018,37.42793],[127.07018,37.42792],[127.07017,37.42791],[127.07017,37.42789],[127.07016,37.42788],[127.07015,37.42787],[127.07014,37.42786],[127.07013,37.42785],[127.07012,37.42784],[127.0701,37.42782],[127.06994,37.42764],[127.06954,37.42723],[127.06938,37.42707],[127.06936,37.42705],[127.06934,37.42703],[127.06933,37.42701],[127.06932,37.42699],[127.06931,37.42698],[127.06916,37.42691],[127.06904,37.42673],[127.06873,37.42627],[127.06867,37.42614],[127.06864,37.4261],[127.06862,37.42608],[127.06862,37.42607],[127.06861,37.42605],[127.0686,37.42604],[127.06859,37.42603],[127.06858,37.42602],[127.06857,37.42601],[127.06854,37.42599],[127.06852,37.42597],[127.0683,37.42579],[127.06822,37.42572],[127.06813,37.42565],[127.06809,37.42562],[127.06808,37.42561],[127.06807,37.4256],[127.06806,37.42559],[127.06805,37.42558],[127.06803,37.42557],[127.06802,37.42557],[127.06801,37.42556],[127.06799,37.42556],[127.06798,37.42556],[127.06796,37.42555],[127.06794,37.42555],[127.06793,37.42555],[127.06788,37.42555],[127.06772,37.42554],[127.0675,37.42549],[127.06731,37.42548],[127.06728,37.42547],[127.06726,37.42547],[127.06724,37.42547],[127.06723,37.42547],[127.06721,37.42546],[127.0672,37.42546],[127.06718,37.42545],[127.06717,37.42545],[127.06716,37.42544],[127.06714,37.42543],[127.06713,37.42542],[127.0671,37.42541],[127.06708,37.42539],[127.06695,37.42531],[127.06692,37.42528],[127.06689,37.42526],[127.06688,37.42525],[127.06687,37.42524],[127.06686,37.42523],[127.06685,37.42522],[127.06684,37.42521],[127.06683,37.4252],[127.06682,37.42518],[127.0668,37.42515],[127.06671,37.425],[127.06669,37.42496],[127.06668,37.42493],[127.06666,37.42491],[127.06665,37.4249],[127.06664,37.42489],[127.06664,37.42488],[127.06662,37.42485],[127.06659,37.42482],[127.06642,37.42461],[127.06639,37.42458],[127.06638,37.42457],[127.06637,37.42456],[127.06636,37.42455],[127.06635,37.42454],[127.06634,37.42453],[127.06632,37.42452],[127.06631,37.42451],[127.0663,37.4245],[127.06627,37.42449],[127.06623,37.42446],[127.06596,37.4243],[127.06583,37.42422],[127.06579,37.4242],[127.06576,37.42418],[127.06575,37.42417],[127.06574,37.42416],[127.06573,37.42415],[127.06572,37.42414],[127.06571,37.42413],[127.0657,37.42412],[127.06568,37.4241],[127.06566,37.42407],[127.06554,37.4239],[127.0652,37.42341],[127.06518,37.42339],[127.06517,37.42337],[127.06515,37.42334],[127.06514,37.42333],[127.06512,37.42331],[127.06508,37.42327],[127.0649,37.42307],[127.06434,37.42247],[127.06425,37.42237],[127.06414,37.42225],[127.06412,37.42223],[127.0641,37.42221],[127.06409,37.4222],[127.06408,37.42219],[127.06407,37.42218],[127.06405,37.42217],[127.06404,37.42217],[127.06403,37.42216],[127.064,37.42214],[127.06397,37.42213],[127.06393,37.42211],[127.06391,37.42209],[127.06388,37.42208],[127.06387,37.42207],[127.06385,37.42207],[127.06384,37.42207],[127.06382,37.42206],[127.06381,37.42206],[127.06379,37.42206],[127.06378,37.42207],[127.06377,37.42207],[127.06375,37.42207],[127.06374,37.42208],[127.06372,37.42209],[127.06371,37.42209],[127.06368,37.42211],[127.06357,37.42217],[127.06344,37.42223],[127.06327,37.42238],[127.06313,37.42249],[127.0631,37.42251],[127.06309,37.42252],[127.06308,37.42253],[127.06307,37.42254],[127.06306,37.42254],[127.06304,37.42255],[127.06303,37.42255],[127.06301,37.42256],[127.063,37.42256],[127.06298,37.42256],[127.06297,37.42255],[127.06295,37.42255],[127.06294,37.42255],[127.0629,37.42254],[127.06278,37.42252],[127.06265,37.42249],[127.0626,37.42249],[127.06257,37.42248],[127.06255,37.42247],[127.06253,37.42247],[127.06252,37.42247],[127.0625,37.42246],[127.06247,37.42245],[127.06241,37.42243],[127.06219,37.42236],[127.06158,37.42215],[127.06134,37.42207],[127.06131,37.42206],[127.06129,37.42206],[127.06127,37.42205],[127.06126,37.42205],[127.06124,37.42204],[127.06123,37.42204],[127.06121,37.42204],[127.06119,37.42204],[127.06118,37.42204],[127.06116,37.42204],[127.06113,37.42204],[127.06108,37.42204],[127.06091,37.42205],[127.06052,37.42206],[127.06047,37.42206],[127.06044,37.42206],[127.06042,37.42206],[127.06041,37.42206],[127.06039,37.42206],[127.06038,37.42206],[127.06036,37.42206],[127.06033,37.42205],[127.06028,37.42204],[127.06008,37.42201],[127.06003,37.422],[127.06,37.42199],[127.05998,37.42199],[127.05997,37.42199],[127.05995,37.42198],[127.05994,37.42198],[127.05992,37.42197],[127.05989,37.42196],[127.05985,37.42194],[127.05964,37.42186],[127.05961,37.42185],[127.0596,37.42184],[127.05958,37.42183],[127.05957,37.42183],[127.05956,37.42182],[127.05954,37.42181],[127.05953,37.4218],[127.0595,37.42179],[127.05947,37.42176],[127.05938,37.4217],[127.05936,37.42168],[127.05934,37.42168],[127.05933,37.42167],[127.05932,37.42166],[127.05931,37.42166],[127.05929,37.42165],[127.05928,37.42164],[127.05926,37.42164],[127.05925,37.42164],[127.05923,37.42164],[127.05921,37.42164],[127.0592,37.42164],[127.05918,37.42164],[127.05915,37.42164],[127.0591,37.42164],[127.05906,37.42164],[127.05905,37.42165],[127.05903,37.42165],[127.05901,37.42165],[127.059,37.42165],[127.05898,37.42166],[127.05897,37.42166],[127.05895,37.42167],[127.05894,37.42168],[127.05893,37.42168],[127.05891,37.42169],[127.05889,37.42171],[127.05885,37.42173],[127.05877,37.42178],[127.05874,37.4218],[127.05873,37.42181],[127.05872,37.42182],[127.05871,37.42183],[127.05869,37.42184],[127.05868,37.42185],[127.05867,37.42186],[127.05866,37.42187],[127.05866,37.42188],[127.05865,37.42189],[127.05863,37.42192],[127.05862,37.42194],[127.05852,37.42211],[127.05849,37.42216],[127.05848,37.42218],[127.05847,37.4222],[127.05846,37.42221],[127.05845,37.42222],[127.05844,37.42223],[127.05843,37.42224],[127.05842,37.42225],[127.05841,37.42226],[127.0584,37.42227],[127.05839,37.42227],[127.05836,37.42229],[127.05833,37.42231],[127.05817,37.4224],[127.05814,37.42242],[127.05813,37.42243],[127.05812,37.42244],[127.05811,37.42245],[127.0581,37.42245],[127.05809,37.42247],[127.05808,37.42247],[127.05807,37.42249],[127.05807,37.4225],[127.05807,37.42251],[127.05806,37.42252],[127.05806,37.42254],[127.05806,37.42255],[127.05806,37.42258],[127.05806,37.42272],[127.05806,37.42297],[127.05806,37.4231],[127.05806,37.42313],[127.05806,37.42316],[127.05806,37.42317],[127.05806,37.42318],[127.05805,37.42319],[127.05805,37.42321],[127.05804,37.42321],[127.05803,37.42323],[127.05802,37.42323],[127.05801,37.42324],[127.058,37.42325],[127.05799,37.42325],[127.05796,37.42327],[127.0579,37.42329],[127.05786,37.42331],[127.05782,37.42332],[127.0578,37.42334],[127.05778,37.42334],[127.05777,37.42334],[127.05775,37.42335],[127.05774,37.42335],[127.05772,37.42335],[127.05771,37.42335],[127.05769,37.42335],[127.05768,37.42334],[127.05767,37.42334],[127.05765,37.42333],[127.05762,37.42332],[127.05758,37.42329],[127.05747,37.42323],[127.05744,37.42322],[127.05743,37.42321],[127.05742,37.4232],[127.0574,37.42319],[127.05739,37.42319],[127.05738,37.42318],[127.05737,37.42317],[127.05736,37.42316],[127.05735,37.42314],[127.05733,37.42312],[127.05731,37.42309],[127.05711,37.42282],[127.05709,37.4228],[127.05707,37.42278],[127.05706,37.42277],[127.05706,37.42276],[127.05705,37.42274],[127.05703,37.42274],[127.05702,37.42273],[127.05701,37.42272],[127.057,37.42271],[127.05698,37.4227],[127.05697,37.42269],[127.05696,37.42269],[127.05693,37.42267],[127.05681,37.42262],[127.05677,37.4226],[127.05674,37.42259],[127.05672,37.42258],[127.05671,37.42257],[127.05669,37.42257],[127.05668,37.42256],[127.05666,37.42256],[127.05664,37.42256],[127.05663,37.42255],[127.05661,37.42255],[127.05656,37.42254],[127.05642,37.42252],[127.05638,37.42251],[127.05635,37.42251],[127.05632,37.42251],[127.0563,37.42251],[127.05628,37.4225],[127.05627,37.4225],[127.05625,37.4225],[127.05622,37.4225],[127.05605,37.4225],[127.056,37.42251],[127.05596,37.42251],[127.05595,37.42251],[127.05593,37.42251],[127.05591,37.42251],[127.0559,37.42251],[127.05589,37.42252],[127.05587,37.42252],[127.05586,37.42253],[127.05585,37.42254],[127.05584,37.42255],[127.05582,37.42256],[127.05581,37.42257],[127.0558,37.42261],[127.05579,37.42266],[127.05573,37.42271],[127.0557,37.42274],[127.05568,37.42276],[127.05567,37.42277],[127.05566,37.42278],[127.05565,37.42279],[127.05564,37.4228],[127.05562,37.42281],[127.0556,37.42283],[127.05556,37.42285],[127.05554,37.42287],[127.05553,37.42288],[127.05551,37.42288],[127.0555,37.42289],[127.05549,37.42289],[127.05548,37.4229],[127.05546,37.4229],[127.05545,37.4229],[127.05543,37.4229],[127.05542,37.42289],[127.0554,37.42289],[127.05539,37.42288],[127.05537,37.42288],[127.05535,37.42287],[127.05532,37.42285],[127.0553,37.42284],[127.05529,37.42284],[127.05527,37.42283],[127.05526,37.42282],[127.05525,37.42281],[127.05524,37.4228],[127.05523,37.42279],[127.05522,37.42278],[127.05521,37.42277],[127.05517,37.42273],[127.05517,37.42272],[127.05515,37.42271],[127.05514,37.4227],[127.05513,37.42269],[127.05512,37.42268],[127.05511,37.42267],[127.05509,37.42267],[127.05508,37.42266],[127.05507,37.42265],[127.05504,37.42264],[127.05499,37.42262],[127.05493,37.4226],[127.0549,37.42259],[127.05487,37.42258],[127.05484,37.42257],[127.05483,37.42256],[127.05479,37.42256],[127.05476,37.42255],[127.05451,37.42248],[127.05431,37.42243],[127.05426,37.42242],[127.05423,37.42241],[127.05421,37.4224],[127.0542,37.4224],[127.05418,37.4224],[127.05416,37.4224],[127.05413,37.42239],[127.05406,37.42238],[127.05389,37.42237],[127.05384,37.42236],[127.05381,37.42236],[127.05379,37.42236],[127.05378,37.42236],[127.05376,37.42235],[127.05374,37.42235],[127.05371,37.42234],[127.05366,37.42233],[127.05359,37.42231],[127.05352,37.42229],[127.05349,37.42229],[127.05346,37.42228],[127.05345,37.42227],[127.05343,37.42227],[127.05342,37.42226],[127.05339,37.42225],[127.05336,37.42224],[127.05331,37.42222],[127.05323,37.42212],[127.05315,37.42199],[127.0529,37.4219],[127.05287,37.42189],[127.05284,37.42188],[127.05281,37.42186],[127.0528,37.42186],[127.05278,37.42185],[127.05277,37.42184],[127.05276,37.42183],[127.05275,37.42182],[127.05273,37.42181],[127.05271,37.42179],[127.05259,37.4217],[127.05257,37.42168],[127.05255,37.42166],[127.05253,37.42164],[127.05252,37.42163],[127.05251,37.42162],[127.0525,37.42161],[127.05249,37.4216],[127.05248,37.42159],[127.05248,37.42157],[127.05247,37.42156],[127.05246,37.42154],[127.05244,37.4215],[127.0523,37.42136],[127.05228,37.42132],[127.05227,37.4213],[127.05226,37.42127],[127.05225,37.42126],[127.05223,37.42124],[127.05222,37.42121],[127.05218,37.42117],[127.05207,37.421],[127.05181,37.42069],[127.05169,37.42052],[127.05167,37.42049],[127.05165,37.42047],[127.05165,37.42046],[127.05164,37.42044],[127.05163,37.42043],[127.05163,37.42042],[127.05162,37.42041],[127.05162,37.42039],[127.05161,37.42037],[127.0515,37.42025],[127.05145,37.4201],[127.05143,37.42006],[127.05142,37.42004],[127.05142,37.42003],[127.05141,37.42001],[127.0514,37.42],[127.05139,37.41999],[127.05139,37.41998],[127.05138,37.41997],[127.05137,37.41996],[127.05135,37.41994],[127.05132,37.4199],[127.05123,37.41982],[127.05105,37.41972],[127.05077,37.41963],[127.05033,37.41951],[127.05028,37.41949],[127.05025,37.41948],[127.05024,37.41947],[127.05022,37.41947],[127.05019,37.41946],[127.05016,37.41945],[127.05013,37.41944],[127.04957,37.41935],[127.04947,37.41933],[127.04936,37.4193],[127.04933,37.41929],[127.0493,37.41928],[127.04928,37.41928],[127.04927,37.41927],[127.04925,37.41927],[127.04924,37.41926],[127.04922,37.41925],[127.04921,37.41925],[127.0492,37.41924],[127.04919,37.41923],[127.04918,37.41922],[127.04918,37.4192],[127.04916,37.41918],[127.04914,37.41916],[127.04908,37.41906],[127.04902,37.41898],[127.04873,37.41854],[127.0487,37.4185],[127.04869,37.41848],[127.04867,37.41845],[127.04866,37.41844],[127.04865,37.41843],[127.04863,37.41841],[127.0486,37.41837],[127.04851,37.41827],[127.04849,37.41825],[127.04847,37.41823],[127.04846,37.41822],[127.04845,37.41821],[127.04844,37.4182],[127.04842,37.41819],[127.04841,37.41818],[127.0484,37.41818],[127.04839,37.41817],[127.04836,37.41815],[127.04833,37.41814],[127.04816,37.41805],[127.04812,37.41803],[127.04809,37.41802],[127.04807,37.41801],[127.04804,37.418],[127.048,37.41798],[127.04776,37.41789],[127.04755,37.41781],[127.04751,37.41779],[127.04749,37.41779],[127.04748,37.41778],[127.04746,37.41778],[127.04744,37.41777],[127.04743,37.41777],[127.04741,37.41777],[127.04739,37.41777],[127.04738,37.41776],[127.04734,37.41776],[127.04729,37.41775],[127.04726,37.41775],[127.04724,37.41775],[127.04723,37.41775],[127.04721,37.41775],[127.0472,37.41775],[127.04718,37.41775],[127.04717,37.41775],[127.04716,37.41776],[127.04715,37.41777],[127.04714,37.41777],[127.04713,37.41778],[127.04712,37.41779],[127.04712,37.41781],[127.04711,37.41782],[127.04711,37.41783],[127.04709,37.41786],[127.04706,37.41795],[127.04702,37.41804],[127.047,37.41806],[127.047,37.41808],[127.047,37.41809],[127.04699,37.4181],[127.04699,37.41811],[127.04699,37.41813],[127.04698,37.41814],[127.04698,37.41815],[127.04698,37.41817],[127.04699,37.41818],[127.04699,37.41819],[127.04699,37.41822],[127.04701,37.41836],[127.04704,37.41858],[127.04706,37.41873],[127.04706,37.41875],[127.04707,37.41876],[127.04707,37.41878],[127.04707,37.41879],[127.04707,37.4188],[127.04706,37.4188],[127.04706,37.41881],[127.04705,37.41881],[127.04704,37.41881],[127.04703,37.4188],[127.04702,37.4188],[127.047,37.41879],[127.04698,37.41878],[127.04695,37.41877],[127.04681,37.41869],[127.04662,37.4186],[127.04645,37.41851],[127.04631,37.41844],[127.04628,37.41843],[127.04626,37.41842],[127.04624,37.41841],[127.04623,37.4184],[127.04622,37.41839],[127.04621,37.41838],[127.0462,37.41837],[127.04619,37.41836],[127.04619,37.41835],[127.04619,37.41834],[127.04619,37.41833],[127.04618,37.41831],[127.04618,37.41829],[127.04619,37.41821],[127.04619,37.41818],[127.04619,37.41817],[127.04618,37.41815],[127.04618,37.41814],[127.04618,37.41813],[127.04618,37.41811],[127.04617,37.41809],[127.04617,37.41806],[127.04616,37.41805],[127.04616,37.41804],[127.04615,37.41803],[127.04615,37.41801],[127.04614,37.418],[127.04614,37.41799],[127.04613,37.41798],[127.04612,37.41797],[127.04611,37.41797],[127.04609,37.41796],[127.04608,37.41796],[127.04606,37.41795],[127.04605,37.41795],[127.04603,37.41795],[127.046,37.41794],[127.04588,37.41792],[127.04582,37.41792],[127.04573,37.4179],[127.04562,37.41789],[127.04559,37.41788],[127.04555,37.41788],[127.04554,37.41788],[127.04552,37.41788],[127.0455,37.41787],[127.04549,37.41788],[127.04547,37.41788],[127.04546,37.41788],[127.04544,37.41788],[127.04542,37.41788],[127.04541,37.41789],[127.04538,37.4179],[127.04522,37.41794],[127.04518,37.41795],[127.04515,37.41796],[127.04512,37.41796],[127.0451,37.41797],[127.04509,37.41797],[127.04507,37.41797],[127.04505,37.41797],[127.04504,37.41797],[127.04502,37.41798],[127.04499,37.41798],[127.04482,37.41799],[127.04477,37.41799],[127.04476,37.41799],[127.04474,37.41799],[127.04472,37.41799],[127.04471,37.41799],[127.04469,37.41799],[127.04468,37.41799],[127.04466,37.41798],[127.04465,37.41798],[127.04464,37.41797],[127.04462,37.41797],[127.04461,37.41796],[127.0446,37.41795],[127.04455,37.41793],[127.04446,37.41788],[127.04442,37.41785],[127.0444,37.41783],[127.04438,37.41783],[127.04437,37.41782],[127.04436,37.41781],[127.04435,37.4178],[127.04431,37.41777],[127.04425,37.41771],[127.04422,37.41769],[127.04421,37.41768],[127.0442,37.41767],[127.04419,37.41766],[127.04417,37.41765],[127.04416,37.41765],[127.04415,37.41764],[127.04413,37.41763],[127.04412,37.41762],[127.04409,37.41761],[127.04405,37.41759],[127.0439,37.41752],[127.04355,37.41737],[127.04351,37.41735],[127.04348,37.41733],[127.04347,37.41732],[127.04345,37.41732],[127.04344,37.41731],[127.04342,37.4173],[127.04341,37.41729],[127.04339,37.41728],[127.04332,37.41723],[127.04321,37.41716],[127.04318,37.41714],[127.04317,37.41713],[127.04315,37.41712],[127.04314,37.41711],[127.04313,37.41711],[127.04312,37.4171],[127.0431,37.4171],[127.04309,37.4171],[127.04308,37.4171],[127.04306,37.4171],[127.04305,37.4171],[127.04303,37.41711],[127.04302,37.41711],[127.043,37.41712],[127.04299,37.41713],[127.04297,37.41713],[127.04296,37.41714],[127.04295,37.41715],[127.04293,37.41716],[127.04292,37.41716],[127.04291,37.41717],[127.0429,37.41718],[127.04289,37.41719],[127.04288,37.4172],[127.04288,37.41721],[127.04288,37.41723],[127.04287,37.41724],[127.04287,37.41725],[127.04287,37.41728],[127.04287,37.4173],[127.04286,37.41741],[127.04286,37.41744],[127.04286,37.41746],[127.04286,37.41748],[127.04286,37.41749],[127.04285,37.4175],[127.04285,37.41751],[127.04284,37.41752],[127.04284,37.41752],[127.04283,37.41752],[127.04282,37.41752],[127.04281,37.41752],[127.04279,37.41751],[127.04278,37.41751],[127.04277,37.4175],[127.04275,37.4175],[127.04272,37.41748],[127.04265,37.41745],[127.04259,37.41742],[127.04248,37.41737],[127.04245,37.41735],[127.04243,37.41735],[127.04242,37.41734],[127.04241,37.41733],[127.04239,37.41732],[127.04238,37.41732],[127.04237,37.41731],[127.04236,37.4173],[127.04235,37.41729],[127.04234,37.41728],[127.04233,37.41727],[127.04233,37.41725],[127.04231,37.41723],[127.04229,37.41719],[127.04225,37.41713],[127.04224,37.41711],[127.04222,37.41709],[127.04222,37.41707],[127.04221,37.41706],[127.04221,37.41705],[127.0422,37.41703],[127.0422,37.41702],[127.0422,37.41701],[127.0422,37.417],[127.04219,37.41697],[127.04219,37.41694],[127.04218,37.4168],[127.04218,37.41678],[127.04217,37.41676],[127.04217,37.41675],[127.04217,37.41674],[127.04216,37.41673],[127.04216,37.41672],[127.04215,37.41672],[127.04214,37.41672],[127.04213,37.41672],[127.04212,37.41672],[127.04211,37.41673],[127.0421,37.41674],[127.04208,37.41674],[127.04207,37.41675],[127.04204,37.41676],[127.0419,37.41684],[127.04175,37.41691],[127.04176,37.41692],[127.04176,37.41692],[127.04177,37.41693],[127.04177,37.41693],[127.04178,37.41694],[127.04179,37.41696],[127.04179,37.41698],[127.0418,37.41699],[127.0418,37.41701],[127.0418,37.41703],[127.0418,37.41704],[127.0418,37.41709],[127.04181,37.41715],[127.04181,37.41717],[127.04181,37.41719],[127.04181,37.4172],[127.04181,37.41721],[127.0418,37.41723],[127.0418,37.41724],[127.0418,37.41725],[127.04179,37.41727],[127.04179,37.41728],[127.04178,37.41732],[127.04177,37.41733],[127.04177,37.41734],[127.04177,37.41735],[127.04176,37.41736],[127.04177,37.41738],[127.04177,37.41739],[127.04178,37.41739],[127.04179,37.4174],[127.0418,37.41741],[127.04181,37.41742],[127.04182,37.41743],[127.04185,37.41745],[127.04187,37.41746],[127.04194,37.4175],[127.04196,37.41752],[127.04199,37.41754],[127.042,37.41755],[127.04201,37.41755],[127.04202,37.41756],[127.04203,37.41757],[127.04203,37.41758],[127.04203,37.41759],[127.04203,37.4176],[127.04203,37.41761],[127.04201,37.41763],[127.04201,37.41764],[127.042,37.41766],[127.042,37.41767],[127.042,37.41768],[127.042,37.41769],[127.042,37.4177],[127.04201,37.41773],[127.04201,37.41776],[127.04202,37.41782],[127.04203,37.41785],[127.04203,37.41786],[127.04203,37.41787],[127.04203,37.41788],[127.04203,37.4179],[127.04203,37.41791],[127.04203,37.41792],[127.04203,37.41794],[127.04202,37.41795],[127.04202,37.41796],[127.04201,37.41799],[127.042,37.41803],[127.04195,37.41822],[127.04193,37.41828],[127.04193,37.4183],[127.04192,37.41831],[127.04192,37.41833],[127.04192,37.41834],[127.04192,37.41835],[127.04192,37.41837],[127.04192,37.41838],[127.04192,37.41841],[127.04193,37.41845],[127.04193,37.41849],[127.04194,37.41851],[127.04194,37.41853],[127.04195,37.41854],[127.04195,37.41855],[127.04195,37.41856],[127.04196,37.41857],[127.04197,37.41859],[127.04198,37.4186],[127.04198,37.4186],[127.042,37.41861],[127.04202,37.41864],[127.04203,37.41865],[127.04205,37.41866],[127.04205,37.41867],[127.04206,37.41868],[127.04207,37.41869],[127.04208,37.41871],[127.04208,37.41872],[127.04209,37.41873],[127.0421,37.41875],[127.04213,37.4188],[127.04219,37.41894],[127.0422,37.41897],[127.04221,37.41898],[127.04222,37.41899],[127.04222,37.419],[127.04223,37.41902],[127.04224,37.41903],[127.04225,37.41904],[127.04226,37.41905],[127.04227,37.41906],[127.04228,37.41907],[127.04229,37.41908],[127.04232,37.41909],[127.04234,37.41911],[127.04237,37.41913],[127.04251,37.41922],[127.04254,37.41923],[127.04256,37.41925],[127.04257,37.41926],[127.04258,37.41927],[127.0426,37.41928],[127.0426,37.41929],[127.04261,37.4193],[127.04261,37.41931],[127.04262,37.41932],[127.04262,37.41933],[127.04262,37.41934],[127.04262,37.41936],[127.04262,37.41937],[127.04262,37.4194],[127.04262,37.41944],[127.04261,37.41946],[127.04261,37.41947],[127.04261,37.41949],[127.04261,37.4195],[127.04262,37.41951],[127.04262,37.41952],[127.04263,37.41954],[127.04263,37.41955],[127.04264,37.41956],[127.04266,37.41959],[127.04267,37.4196],[127.04268,37.41962],[127.04268,37.41963],[127.04269,37.41965],[127.04269,37.41967],[127.04268,37.41968],[127.04268,37.41969],[127.04268,37.4197],[127.04268,37.41971],[127.04268,37.41971],[127.04263,37.41971],[127.04261,37.41971],[127.0426,37.41971],[127.04259,37.41972],[127.04259,37.41972],[127.04258,37.41972],[127.04257,37.41972],[127.04257,37.41973],[127.04256,37.41973],[127.04256,37.41973],[127.04255,37.41974],[127.04241,37.41986],[127.04241,37.41987],[127.04241,37.41987],[127.04241,37.41989],[127.04241,37.4199],[127.0424,37.41992],[127.0424,37.41994],[127.04239,37.41995],[127.04239,37.41996],[127.04238,37.41998],[127.04237,37.41999],[127.04236,37.42],[127.04233,37.42003],[127.04231,37.42005],[127.0423,37.42006],[127.04229,37.42007],[127.04229,37.42008],[127.04228,37.4201],[127.04227,37.42011],[127.04227,37.42012],[127.04227,37.42013],[127.04226,37.42014],[127.04225,37.42017],[127.04225,37.42021],[127.04223,37.42032],[127.04222,37.42037],[127.04221,37.42038],[127.04221,37.42039],[127.04221,37.42041],[127.0422,37.42043],[127.04219,37.42044],[127.04219,37.42046],[127.04218,37.42047],[127.04217,37.42048],[127.04216,37.42049],[127.04215,37.4205],[127.04215,37.4205],[127.04215,37.4205],[127.04215,37.4205],[127.04213,37.42052],[127.04212,37.42052],[127.04211,37.42054],[127.04209,37.42055],[127.04208,37.42056],[127.04207,37.42057],[127.04206,37.42059],[127.04205,37.4206],[127.04205,37.42061],[127.04204,37.42063],[127.04204,37.42064],[127.04204,37.42065],[127.04204,37.42066],[127.04204,37.42068],[127.04204,37.42069],[127.04204,37.4207],[127.04204,37.42071],[127.04205,37.42072],[127.04205,37.42074],[127.04206,37.42074],[127.04207,37.42075],[127.04208,37.42077],[127.04209,37.42077],[127.04211,37.42079],[127.04214,37.42081],[127.0422,37.42086],[127.04222,37.42088],[127.04223,37.42089],[127.04224,37.4209],[127.04225,37.42091],[127.04226,37.42092],[127.04227,37.42093],[127.04227,37.42094],[127.04228,37.42095],[127.04228,37.42096],[127.04228,37.42097],[127.04227,37.42098],[127.04227,37.42099],[127.04227,37.421],[127.04226,37.42101],[127.04226,37.42103],[127.04225,37.42104],[127.04224,37.42105],[127.04224,37.42106],[127.04222,37.42106],[127.04221,37.42107],[127.0422,37.42108],[127.04218,37.4211],[127.04216,37.4211],[127.04215,37.42111],[127.04214,37.42112],[127.04214,37.42113],[127.04213,37.42114],[127.04213,37.42115],[127.04213,37.42116],[127.04213,37.42117],[127.04214,37.42118],[127.04215,37.4212],[127.04215,37.42121],[127.04215,37.42122],[127.04215,37.42123],[127.04215,37.42124],[127.04215,37.42125],[127.04214,37.42126],[127.04213,37.42127],[127.04212,37.42128],[127.04211,37.42129],[127.04211,37.4213],[127.04208,37.42133],[127.04202,37.42138],[127.042,37.42141],[127.04198,37.42144],[127.04196,37.42146],[127.04195,37.42147],[127.04194,37.42148],[127.04193,37.42149],[127.04193,37.4215],[127.04192,37.42151],[127.04191,37.42152],[127.0419,37.42153],[127.0419,37.42153],[127.04189,37.42154],[127.04188,37.42154],[127.04186,37.42154],[127.04185,37.42155],[127.04184,37.42155],[127.04183,37.42156],[127.04182,37.42157],[127.04182,37.42158],[127.04181,37.42159],[127.04181,37.4216],[127.04181,37.42161],[127.0418,37.42162],[127.0418,37.42165],[127.04174,37.42189],[127.04172,37.42199],[127.04171,37.42203],[127.0417,37.42204],[127.0417,37.42206],[127.0417,37.42207],[127.04169,37.42208],[127.04169,37.42209],[127.04168,37.4221],[127.04167,37.42211],[127.04166,37.42212],[127.04165,37.42213],[127.04164,37.42214],[127.04163,37.42215],[127.04161,37.42216],[127.0416,37.42216],[127.04159,37.42217],[127.04157,37.42217],[127.04156,37.42217],[127.04152,37.42218],[127.0415,37.42218],[127.04149,37.42218],[127.04148,37.42218],[127.04147,37.42219],[127.04145,37.4222],[127.04144,37.4222],[127.04144,37.42221],[127.04143,37.42222],[127.0414,37.42225],[127.04139,37.42226],[127.04139,37.42227],[127.04138,37.42228],[127.04137,37.42228],[127.04135,37.42229],[127.04134,37.42229],[127.04133,37.42229],[127.04131,37.42229],[127.0413,37.42229],[127.04129,37.42229],[127.04128,37.42229],[127.04127,37.4223],[127.04126,37.42231],[127.04125,37.42232],[127.04125,37.42233],[127.04124,37.42234],[127.04124,37.42235],[127.04122,37.42238],[127.04121,37.4224],[127.04117,37.42253],[127.04115,37.42258],[127.04114,37.4226],[127.04113,37.42262],[127.04112,37.42263],[127.04112,37.42264],[127.04111,37.42265],[127.0411,37.42266],[127.04109,37.42267],[127.04108,37.42267],[127.04107,37.42267],[127.04106,37.42268],[127.04105,37.42268],[127.04103,37.42269],[127.04102,37.42269],[127.04101,37.4227],[127.041,37.42271],[127.04099,37.42271],[127.04098,37.42272],[127.04097,37.42273],[127.04097,37.42274],[127.04096,37.42275],[127.04096,37.42276],[127.04096,37.42277],[127.04097,37.42278],[127.04097,37.42278],[127.04098,37.42279],[127.04099,37.4228],[127.04101,37.42281],[127.04102,37.42281],[127.04103,37.42282],[127.04106,37.42283],[127.04109,37.42285],[127.04112,37.42286],[127.04114,37.42286],[127.04116,37.42287],[127.04117,37.42287],[127.04119,37.42288],[127.0412,37.42288],[127.04122,37.42288],[127.04123,37.42288],[127.04125,37.42288],[127.04126,37.42288],[127.04127,37.42288],[127.04129,37.42287],[127.0413,37.42287],[127.04132,37.42287],[127.04133,37.42286],[127.04134,37.42285],[127.04135,37.42284],[127.04137,37.42283],[127.04138,37.42282],[127.0414,37.4228],[127.04141,37.42279],[127.04142,37.42278],[127.04144,37.42275],[127.04145,37.42275],[127.04187,37.42304]]]},"properties":{"name":"상적동 코스","difficulty":"중급","distance_km":4.65,"time_hr":1.4,"kind":"산림청 등산로(코스 추출)","desc":"들머리 → 청계산 정상","profile":[97,102,103,106,109,116,124,137,143,162,168,153,158,158,169,180,204,237,241,250,233,254,272,287,307,309,321,333,344,357,366,395,401,423,440,443,453,464,479,484,522,551,563,576,595,580,586,604],"min_elev":97,"max_elev":604,"ascent":554,"descent":47}},{"type":"Feature","geometry":{"type":"MultiLineString","coordinates":[[[127.02521,37.44397],[127.02522,37.44397],[127.02523,37.44397],[127.02525,37.44397],[127.02527,37.44397],[127.02529,37.44397],[127.02531,37.44397],[127.02533,37.44396],[127.02535,37.44396],[127.02537,37.44396],[127.02538,37.44395],[127.02541,37.44394],[127.02542,37.44393],[127.02543,37.44393],[127.02545,37.44392],[127.02546,37.44392],[127.02548,37.44392],[127.0255,37.44391],[127.02551,37.44391],[127.02553,37.44391],[127.02556,37.44391],[127.02566,37.4439],[127.02569,37.4439],[127.02571,37.44389],[127.02573,37.44389],[127.02574,37.44389],[127.02576,37.44389],[127.02577,37.44388],[127.02579,37.44388],[127.0258,37.44387],[127.02583,37.44386],[127.02592,37.44383],[127.02595,37.44381],[127.02596,37.44381],[127.02598,37.4438],[127.02599,37.4438],[127.02601,37.4438],[127.02603,37.44379],[127.02604,37.44379],[127.02606,37.44379],[127.02609,37.44378],[127.02614,37.44378],[127.02629,37.44376],[127.02632,37.44376],[127.02635,37.44375],[127.02637,37.44375],[127.02639,37.44374],[127.0264,37.44374],[127.02642,37.44374],[127.02643,37.44373],[127.02645,37.44373],[127.02646,37.44372],[127.02648,37.44371],[127.02649,37.4437],[127.02652,37.44369],[127.02667,37.4436],[127.02676,37.44355],[127.02688,37.44348],[127.02701,37.4434],[127.02704,37.44339],[127.02707,37.44337],[127.02708,37.44336],[127.02709,37.44336],[127.0271,37.44335],[127.02711,37.44334],[127.02712,37.44333],[127.02713,37.44332],[127.02714,37.44331],[127.02715,37.44329],[127.02715,37.44328],[127.02718,37.44324],[127.02719,37.44323],[127.0272,37.44322],[127.0272,37.44321],[127.02721,37.4432],[127.02722,37.44319],[127.02723,37.44318],[127.02724,37.44317],[127.02726,37.44317],[127.02727,37.44316],[127.02732,37.44315],[127.02733,37.44315],[127.02734,37.44314],[127.02736,37.44313],[127.02737,37.44313],[127.02738,37.44312],[127.02739,37.44311],[127.0274,37.4431],[127.02742,37.44308],[127.02747,37.44304],[127.02749,37.44303],[127.0275,37.44302],[127.02751,37.44301],[127.02752,37.443],[127.02753,37.44299],[127.02755,37.44298],[127.02756,37.44298],[127.02757,37.44297],[127.02759,37.44296],[127.0276,37.44296],[127.02765,37.44294],[127.02766,37.44294],[127.02768,37.44293],[127.02769,37.44292],[127.0277,37.44291],[127.02772,37.44291],[127.02773,37.4429],[127.02774,37.44289],[127.02775,37.44288],[127.02776,37.44287],[127.02777,37.44286],[127.02777,37.44284],[127.02778,37.44283],[127.02779,37.44282],[127.02779,37.44281],[127.02779,37.44279],[127.0278,37.44279],[127.0278,37.44278],[127.02781,37.44277],[127.02782,37.44276],[127.02783,37.44275],[127.02784,37.44275],[127.02786,37.44274],[127.02788,37.44273],[127.02797,37.44269],[127.028,37.44268],[127.02801,37.44267],[127.02802,37.44266],[127.02804,37.44265],[127.02805,37.44265],[127.02806,37.44264],[127.02807,37.44263],[127.02808,37.44262],[127.02809,37.44261],[127.02809,37.44259],[127.0281,37.44258],[127.0281,37.44257],[127.02811,37.44255],[127.02815,37.44246],[127.02817,37.44244],[127.02818,37.44241],[127.02818,37.4424],[127.02819,37.44239],[127.0282,37.44238],[127.0282,37.44237],[127.02821,37.44235],[127.02822,37.44235],[127.02823,37.44233],[127.02824,37.44232],[127.02827,37.4423],[127.02829,37.44228],[127.02833,37.44225],[127.02837,37.44222],[127.02839,37.4422],[127.0284,37.44219],[127.02841,37.44218],[127.02842,37.44217],[127.02844,37.44216],[127.02845,37.44215],[127.02846,37.44215],[127.02848,37.44214],[127.02849,37.44214],[127.02855,37.44211],[127.02856,37.44211],[127.02858,37.4421],[127.02859,37.44209],[127.0286,37.44209],[127.02861,37.44208],[127.02862,37.44207],[127.02863,37.44206],[127.02863,37.44205],[127.02863,37.44203],[127.02864,37.44202],[127.02865,37.44199],[127.02866,37.44193],[127.02867,37.44192],[127.02867,37.4419],[127.02867,37.44189],[127.02868,37.44188],[127.02868,37.44187],[127.02869,37.44186],[127.0287,37.44185],[127.02871,37.44184],[127.02872,37.44184],[127.02874,37.44183],[127.02875,37.44182],[127.02876,37.44181],[127.02877,37.44181],[127.02879,37.4418],[127.0288,37.44179],[127.02881,37.44178],[127.02882,37.44177],[127.02882,37.44176],[127.02883,37.44175],[127.02884,37.44174],[127.02885,37.44173],[127.02885,37.44171],[127.02886,37.44169],[127.02886,37.44168],[127.02887,37.44167],[127.02888,37.44165],[127.02888,37.44164],[127.02889,37.44163],[127.0289,37.44163],[127.02894,37.44159],[127.02895,37.44158],[127.02896,37.44157],[127.02897,37.44156],[127.02897,37.44155],[127.02898,37.44154],[127.02898,37.44152],[127.02899,37.44151],[127.02899,37.4415],[127.02899,37.44149],[127.029,37.44143],[127.029,37.44141],[127.02901,37.44139],[127.02901,37.44138],[127.02902,37.44137],[127.02902,37.44136],[127.02903,37.44134],[127.02903,37.44133],[127.02904,37.44132],[127.02905,37.44129],[127.02909,37.44123],[127.02911,37.44121],[127.02911,37.4412],[127.02912,37.44119],[127.02912,37.44117],[127.02913,37.44116],[127.02913,37.44115],[127.02913,37.44114],[127.02913,37.44112],[127.02913,37.44111],[127.02913,37.4411],[127.02913,37.44109],[127.02912,37.44105],[127.0291,37.44098],[127.0291,37.44098],[127.0291,37.44097],[127.02911,37.44097],[127.02912,37.44097],[127.02913,37.44096],[127.02914,37.44095],[127.02916,37.44094],[127.02917,37.44092],[127.02918,37.44091],[127.02918,37.4409],[127.0292,37.44087],[127.02921,37.44086],[127.02921,37.44085],[127.02922,37.44084],[127.02923,37.44083],[127.02924,37.44082],[127.02926,37.44081],[127.02927,37.4408],[127.02928,37.4408],[127.0293,37.44079],[127.02934,37.44077],[127.02948,37.4407],[127.02952,37.44068],[127.02955,37.44066],[127.02957,37.44066],[127.02958,37.44065],[127.02959,37.44064],[127.0296,37.44063],[127.02962,37.44062],[127.02962,37.44061],[127.02963,37.4406],[127.02964,37.44059],[127.02967,37.44056],[127.02967,37.44055],[127.02968,37.44053],[127.02969,37.44052],[127.0297,37.44051],[127.02971,37.4405],[127.02972,37.44049],[127.02975,37.44047],[127.02978,37.44044],[127.02991,37.44033],[127.02994,37.44031],[127.02996,37.44029],[127.02998,37.44027],[127.02999,37.44026],[127.03001,37.44026],[127.03002,37.44025],[127.03003,37.44024],[127.03005,37.44024],[127.03006,37.44023],[127.03007,37.44022],[127.03011,37.44021],[127.03013,37.4402],[127.03014,37.4402],[127.03015,37.44019],[127.03016,37.44018],[127.03017,37.44018],[127.03017,37.44017],[127.03017,37.44016],[127.03017,37.44015],[127.03017,37.44013],[127.03017,37.44012],[127.03016,37.44011],[127.03015,37.44009],[127.03015,37.44006],[127.03012,37.44],[127.03011,37.43996],[127.0301,37.43994],[127.0301,37.43992],[127.03009,37.43991],[127.03009,37.4399],[127.03009,37.43988],[127.03009,37.43987],[127.03009,37.43986],[127.03009,37.43985],[127.03009,37.43983],[127.0301,37.43982],[127.0301,37.43979],[127.03011,37.43977],[127.03011,37.43974],[127.03012,37.43971],[127.03013,37.43969],[127.03013,37.43968],[127.03013,37.43966],[127.03014,37.43965],[127.03015,37.43964],[127.03015,37.43963],[127.03016,37.43962],[127.03017,37.43961],[127.03018,37.43958],[127.03022,37.43953],[127.03024,37.4395],[127.03025,37.43949],[127.03025,37.43948],[127.03026,37.43947],[127.03027,37.43946],[127.03027,37.43945],[127.03028,37.43943],[127.03028,37.43942],[127.03029,37.43941],[127.03029,37.43938],[127.0303,37.43934],[127.03033,37.43921],[127.03034,37.43916],[127.03035,37.43912],[127.03036,37.43909],[127.03036,37.43908],[127.03036,37.43907],[127.03037,37.43904],[127.03039,37.439],[127.03042,37.43893],[127.03047,37.4388],[127.03049,37.43877],[127.0305,37.43874],[127.0305,37.43873],[127.0305,37.43872],[127.03051,37.4387],[127.03051,37.43869],[127.03051,37.43868],[127.03051,37.43867],[127.0305,37.43865],[127.0305,37.43864],[127.0305,37.43861],[127.03049,37.43859],[127.03047,37.43851],[127.03046,37.43849],[127.03046,37.43847],[127.03046,37.43846],[127.03046,37.43845],[127.03046,37.43843],[127.03046,37.43842],[127.03046,37.43841],[127.03046,37.4384],[127.03046,37.43838],[127.03047,37.43837],[127.03047,37.43836],[127.03048,37.43835],[127.03049,37.43832],[127.03054,37.43821],[127.03055,37.43817],[127.03056,37.43814],[127.03057,37.43813],[127.03057,37.43812],[127.03057,37.43811],[127.03058,37.43809],[127.03058,37.43808],[127.03058,37.43807],[127.03058,37.43805],[127.03058,37.43804],[127.03058,37.43803],[127.03057,37.438],[127.03056,37.43791],[127.03056,37.43787],[127.03056,37.43784],[127.03056,37.43783],[127.03056,37.43782],[127.03056,37.4378],[127.03056,37.43779],[127.03057,37.43778],[127.03057,37.43776],[127.03058,37.43775],[127.03058,37.43774],[127.0306,37.4377],[127.03061,37.43769],[127.03061,37.43768],[127.03062,37.43767],[127.03062,37.43766],[127.03062,37.43765],[127.03062,37.43763],[127.03062,37.43761],[127.03062,37.4376],[127.03062,37.43759],[127.03063,37.43758],[127.03063,37.43758],[127.03064,37.43757],[127.03065,37.43757],[127.03067,37.43756],[127.03068,37.43756],[127.03069,37.43755],[127.0307,37.43754],[127.03071,37.43753],[127.03072,37.43752],[127.03073,37.43751],[127.03073,37.4375],[127.03074,37.43749],[127.03075,37.43748],[127.03076,37.43745],[127.0308,37.43738],[127.03081,37.43735],[127.03082,37.43734],[127.03082,37.43733],[127.03083,37.43732],[127.03084,37.43731],[127.03085,37.4373],[127.03086,37.43729],[127.03087,37.43728],[127.03088,37.43727],[127.03089,37.43726],[127.03092,37.43724],[127.03096,37.43722],[127.03109,37.43713],[127.03111,37.43711],[127.03113,37.4371],[127.03114,37.43709],[127.03115,37.43709],[127.03116,37.43708],[127.03117,37.43707],[127.03118,37.43706],[127.03119,37.43704],[127.03119,37.43703],[127.0312,37.43702],[127.0312,37.43701],[127.03121,37.437],[127.03121,37.43697],[127.03123,37.4369],[127.03124,37.43687],[127.03124,37.43686],[127.03125,37.43685],[127.03125,37.43683],[127.03126,37.43682],[127.03127,37.43681],[127.03127,37.4368],[127.03128,37.43679],[127.03129,37.43678],[127.03133,37.43675],[127.03134,37.43674],[127.03135,37.43673],[127.03136,37.43672],[127.03136,37.43671],[127.03137,37.43669],[127.03138,37.43668],[127.03138,37.43667],[127.0314,37.43663],[127.0314,37.43662],[127.03141,37.43661],[127.03141,37.4366],[127.03142,37.43659],[127.03143,37.43657],[127.03144,37.43657],[127.03145,37.43656],[127.03147,37.43655],[127.03148,37.43654],[127.03149,37.43653],[127.03154,37.43651],[127.03169,37.43643],[127.03194,37.43629],[127.03197,37.43628],[127.032,37.43626],[127.03202,37.43624],[127.03205,37.43623],[127.0321,37.43619],[127.03226,37.43609],[127.0323,37.43607],[127.03232,37.43605],[127.03233,37.43604],[127.03235,37.43603],[127.03236,37.43602],[127.03237,37.43601],[127.03238,37.436],[127.03241,37.43597],[127.03242,37.43596],[127.03243,37.43595],[127.03244,37.43594],[127.03245,37.43594],[127.03246,37.43593],[127.03247,37.43592],[127.03249,37.43592],[127.0325,37.43591],[127.03255,37.4359],[127.03256,37.4359],[127.03257,37.43589],[127.03259,37.43589],[127.0326,37.43588],[127.03261,37.43587],[127.03261,37.43586],[127.03262,37.43585],[127.03262,37.43584],[127.03263,37.43581],[127.03263,37.4358],[127.03264,37.43579],[127.03265,37.43577],[127.03265,37.43576],[127.03266,37.43575],[127.03267,37.43574],[127.03269,37.43572],[127.03271,37.43568],[127.03273,37.43566],[127.03274,37.43565],[127.03275,37.43564],[127.03276,37.43563],[127.03278,37.43562],[127.03279,37.43561],[127.03281,37.4356],[127.03282,37.43559],[127.03284,37.43558],[127.03285,37.43558],[127.03285,37.43558],[127.03285,37.43558],[127.03285,37.43557],[127.03283,37.4355],[127.03283,37.43547],[127.03282,37.43545],[127.03282,37.43544],[127.03281,37.43543],[127.03281,37.43541],[127.03281,37.4354],[127.03281,37.43539],[127.03281,37.43538],[127.03281,37.43536],[127.03281,37.43535],[127.03282,37.43534],[127.03282,37.43531],[127.03283,37.43527],[127.03284,37.43524],[127.03284,37.43523],[127.03284,37.43522],[127.03285,37.43521],[127.03285,37.43519],[127.03286,37.43518],[127.03287,37.43517],[127.03287,37.43516],[127.03288,37.43515],[127.03289,37.43514],[127.0329,37.43513],[127.03291,37.43512],[127.03292,37.43511],[127.03293,37.43511],[127.03294,37.4351],[127.03295,37.43509],[127.03296,37.43509],[127.03298,37.43509],[127.03301,37.43508],[127.03302,37.43508],[127.03303,37.43507],[127.03304,37.43507],[127.03305,37.43506],[127.03306,37.43505],[127.03306,37.43504],[127.03307,37.43503],[127.03307,37.43502],[127.03308,37.435],[127.03309,37.43497],[127.03309,37.43495],[127.0331,37.43494],[127.0331,37.43493],[127.03311,37.43492],[127.03312,37.43491],[127.03313,37.43489],[127.03314,37.43489],[127.03315,37.43487],[127.03316,37.43487],[127.03317,37.43486],[127.03322,37.43482],[127.03324,37.4348],[127.03326,37.43479],[127.03327,37.43478],[127.03328,37.43477],[127.03329,37.43476],[127.03329,37.43475],[127.0333,37.43474],[127.0333,37.43473],[127.03331,37.43472],[127.03331,37.43471],[127.03331,37.43469],[127.0333,37.43468],[127.0333,37.43464],[127.0333,37.43463],[127.0333,37.43462],[127.0333,37.43461],[127.0333,37.4346],[127.03331,37.43459],[127.03332,37.43458],[127.03333,37.43458],[127.03334,37.43457],[127.03335,37.43457],[127.03337,37.43456],[127.03338,37.43456],[127.03339,37.43456],[127.03341,37.43456],[127.03342,37.43456],[127.03343,37.43457],[127.03343,37.43458],[127.03344,37.43459],[127.03346,37.43461],[127.03347,37.43462],[127.03347,37.43462],[127.03349,37.43463],[127.0335,37.43464],[127.03351,37.43465],[127.03352,37.43466],[127.03355,37.43467],[127.0336,37.43469],[127.03362,37.4347],[127.03365,37.43472],[127.03368,37.43473],[127.0337,37.43474],[127.03371,37.43474],[127.03373,37.43475],[127.03374,37.43475],[127.03376,37.43475],[127.03377,37.43476],[127.03379,37.43476],[127.03381,37.43476],[127.03382,37.43476],[127.03385,37.43476],[127.03393,37.43477],[127.03397,37.43477],[127.03398,37.43477],[127.034,37.43478],[127.03401,37.43478],[127.03403,37.43478],[127.03405,37.43478],[127.03406,37.43479],[127.03408,37.4348],[127.03409,37.4348],[127.0341,37.43481],[127.03412,37.43482],[127.03415,37.43483],[127.03426,37.43489],[127.0343,37.43491],[127.03433,37.43492],[127.03434,37.43493],[127.03436,37.43494],[127.03437,37.43494],[127.03439,37.43494],[127.0344,37.43495],[127.03442,37.43495],[127.03443,37.43495],[127.03445,37.43495],[127.03451,37.43495],[127.03453,37.43496],[127.03455,37.43496],[127.03456,37.43496],[127.03458,37.43496],[127.03459,37.43497],[127.03461,37.43497],[127.03462,37.43498],[127.03464,37.43498],[127.03467,37.43499],[127.03472,37.43501],[127.03485,37.43506],[127.03488,37.43507],[127.03491,37.43508],[127.03493,37.43509],[127.03495,37.43509],[127.03496,37.4351],[127.03498,37.4351],[127.03499,37.4351],[127.03501,37.43511],[127.03503,37.43511],[127.03504,37.43511],[127.03508,37.43511],[127.03516,37.43512],[127.0354,37.43513],[127.03543,37.43513],[127.03545,37.43513],[127.03546,37.43513],[127.03548,37.43513],[127.03549,37.43514],[127.03551,37.43514],[127.03553,37.43514],[127.03554,37.43515],[127.03555,37.43516],[127.03557,37.43517],[127.03558,37.43517],[127.03559,37.43518],[127.0356,37.43519],[127.03562,37.43521],[127.03572,37.43529],[127.03575,37.43532],[127.03576,37.43533],[127.03578,37.43534],[127.03579,37.43535],[127.0358,37.43536],[127.03581,37.43537],[127.03581,37.43538],[127.03582,37.43539],[127.03583,37.4354],[127.03584,37.43543],[127.03587,37.43549],[127.03588,37.43551],[127.03588,37.43552],[127.03589,37.43553],[127.0359,37.43554],[127.0359,37.43556],[127.03591,37.43557],[127.03592,37.43558],[127.03594,37.4356],[127.03598,37.43564],[127.03604,37.4357],[127.03606,37.43572],[127.03608,37.43574],[127.03609,37.43575],[127.0361,37.43576],[127.03611,37.43577],[127.03612,37.43578],[127.03614,37.43579],[127.03615,37.43579],[127.03618,37.43581],[127.0362,37.43582],[127.03639,37.43592],[127.0366,37.43602],[127.03664,37.43605],[127.03666,37.43605],[127.03667,37.43606],[127.03669,37.43606],[127.0367,37.43607],[127.03672,37.43607],[127.03673,37.43608],[127.03676,37.43609],[127.03686,37.43611],[127.03687,37.43611],[127.03689,37.43612],[127.0369,37.43612],[127.03692,37.43613],[127.03693,37.43613],[127.03695,37.43614],[127.03696,37.43615],[127.03697,37.43615],[127.03698,37.43617],[127.03699,37.43617],[127.037,37.43619],[127.03701,37.4362],[127.03703,37.43622],[127.03712,37.43632],[127.03715,37.43635],[127.03716,37.43636],[127.03717,37.43637],[127.03718,37.43638],[127.03719,37.43639],[127.0372,37.4364],[127.03721,37.43641],[127.03722,37.43641],[127.03724,37.43642],[127.03725,37.43643],[127.03726,37.43643],[127.03729,37.43644],[127.03732,37.43646],[127.03733,37.43646],[127.03735,37.43647],[127.03736,37.43647],[127.03738,37.43648],[127.03739,37.43648],[127.03741,37.43648],[127.03743,37.43648],[127.03744,37.43649],[127.03748,37.43649],[127.03751,37.4365],[127.03754,37.4365],[127.03757,37.4365],[127.03759,37.4365],[127.03761,37.43651],[127.03762,37.43651],[127.03764,37.43651],[127.03766,37.43651],[127.03767,37.43651],[127.03769,37.4365],[127.03772,37.4365],[127.03789,37.43649],[127.03794,37.43649],[127.03798,37.43648],[127.03799,37.43648],[127.03801,37.43648],[127.03803,37.43648],[127.03804,37.43647],[127.03806,37.43647],[127.03807,37.43646],[127.03809,37.43646],[127.0381,37.43646],[127.03811,37.43645],[127.03812,37.43644],[127.03813,37.43644],[127.03815,37.43643],[127.03816,37.43643],[127.03817,37.43642],[127.03818,37.43642],[127.03819,37.43642],[127.03821,37.43642],[127.03822,37.43643],[127.03824,37.43643],[127.03827,37.43643],[127.03832,37.43644],[127.03859,37.43648],[127.03864,37.43649],[127.03866,37.43649],[127.03867,37.4365],[127.03869,37.4365],[127.03871,37.4365],[127.03872,37.4365],[127.03874,37.4365],[127.03875,37.43649],[127.03877,37.43649],[127.03878,37.43649],[127.0388,37.43648],[127.03881,37.43648],[127.03883,37.43647],[127.03886,37.43646],[127.03904,37.43638],[127.0391,37.43636],[127.03912,37.43635],[127.03914,37.43634],[127.03915,37.43634],[127.03917,37.43633],[127.03919,37.43633],[127.0392,37.43632],[127.03922,37.43632],[127.03923,37.43632],[127.03926,37.43632],[127.03928,37.43632],[127.03929,37.43632],[127.03931,37.43631],[127.03932,37.43631],[127.03934,37.43631],[127.03935,37.4363],[127.03937,37.4363],[127.0394,37.43628],[127.03946,37.43626],[127.03949,37.43625],[127.03951,37.43624],[127.03952,37.43624],[127.03954,37.43623],[127.03955,37.43623],[127.03957,37.43623],[127.03958,37.43623],[127.0396,37.43622],[127.03963,37.43622],[127.03972,37.43621],[127.03975,37.43621],[127.03977,37.43621],[127.03978,37.4362],[127.0398,37.4362],[127.03981,37.43619],[127.03983,37.43619],[127.03984,37.43619],[127.03986,37.43618],[127.03989,37.43617],[127.03992,37.43616],[127.04011,37.43608],[127.04025,37.43602],[127.04029,37.43601],[127.04031,37.436],[127.04032,37.43599],[127.04034,37.43599],[127.04036,37.43599],[127.04037,37.43598],[127.04039,37.43598],[127.0404,37.43598],[127.04042,37.43598],[127.04043,37.43598],[127.04045,37.43598],[127.04046,37.43598],[127.0405,37.43599],[127.04053,37.43599],[127.04063,37.43601],[127.04066,37.43601],[127.04069,37.43602],[127.04071,37.43602],[127.04072,37.43602],[127.04074,37.43603],[127.04075,37.43603],[127.04077,37.43603],[127.04079,37.43603],[127.0408,37.43603],[127.04082,37.43602],[127.04085,37.43602],[127.04088,37.43602],[127.0411,37.43599],[127.04115,37.43599],[127.04116,37.43599],[127.04118,37.43598],[127.0412,37.43598],[127.04121,37.43598],[127.04123,37.43597],[127.04124,37.43597],[127.04127,37.43596],[127.04132,37.43595],[127.04148,37.4359],[127.04152,37.43588],[127.04154,37.43588],[127.04156,37.43588],[127.04157,37.43587],[127.04159,37.43587],[127.0416,37.43587],[127.04162,37.43587],[127.04164,37.43586],[127.04166,37.43586],[127.0417,37.43586],[127.04178,37.43587],[127.04197,37.43572],[127.04211,37.4356],[127.04214,37.43558],[127.04215,37.43558],[127.04216,37.43556],[127.04217,37.43556],[127.04218,37.43554],[127.04219,37.43553],[127.0422,37.43552],[127.0422,37.43551],[127.04221,37.4355],[127.04221,37.43549],[127.04222,37.43548],[127.04222,37.43547],[127.04223,37.43545],[127.04223,37.43544],[127.04223,37.43543],[127.04222,37.43542],[127.04222,37.43541],[127.0422,37.43539],[127.0422,37.43538],[127.0422,37.43537],[127.0422,37.43536],[127.0422,37.43535],[127.0422,37.43534],[127.0422,37.43532],[127.0422,37.43531],[127.04221,37.4353],[127.04221,37.43529],[127.04223,37.43525],[127.04227,37.43515],[127.04228,37.43511],[127.04229,37.43508],[127.0423,37.43507],[127.0423,37.43506],[127.04231,37.43505],[127.04231,37.43503],[127.04231,37.43502],[127.04231,37.43501],[127.04232,37.43499],[127.04232,37.43497],[127.04232,37.4349],[127.04233,37.43487],[127.04233,37.43486],[127.04233,37.43485],[127.04233,37.43483],[127.04233,37.43482],[127.04234,37.43481],[127.04234,37.4348],[127.04235,37.43478],[127.04237,37.43475],[127.04237,37.43474],[127.04238,37.43473],[127.04238,37.43472],[127.04238,37.43471],[127.04238,37.43469],[127.04238,37.43468],[127.04237,37.43467],[127.04237,37.43466],[127.04236,37.43463],[127.04233,37.43454],[127.04232,37.43452],[127.04232,37.43451],[127.04231,37.43449],[127.04231,37.43448],[127.04231,37.43447],[127.0423,37.43445],[127.0423,37.43444],[127.0423,37.43443],[127.0423,37.43441],[127.0423,37.43439],[127.04231,37.43435],[127.04231,37.43423],[127.04231,37.4342],[127.04232,37.43418],[127.04232,37.43416],[127.04231,37.43415],[127.04231,37.43413],[127.04231,37.43412],[127.04231,37.43411],[127.04231,37.4341],[127.0423,37.43408],[127.0423,37.43407],[127.04229,37.43404],[127.04228,37.434],[127.04222,37.43383],[127.04221,37.4338],[127.0422,37.43378],[127.0422,37.43377],[127.04219,37.43375],[127.04219,37.43374],[127.04219,37.43373],[127.04219,37.43371],[127.04219,37.4337],[127.04219,37.43369],[127.04219,37.43368],[127.04219,37.43366],[127.0422,37.43364],[127.04221,37.43355],[127.04222,37.43352],[127.04222,37.43351],[127.04222,37.4335],[127.04222,37.43348],[127.04222,37.43347],[127.04222,37.43346],[127.04222,37.43345],[127.04221,37.43342],[127.04221,37.43341],[127.04221,37.4334],[127.04221,37.43339],[127.04221,37.43338],[127.04222,37.43337],[127.04222,37.43335],[127.04223,37.43334],[127.04225,37.4333],[127.04225,37.43328],[127.04226,37.43327],[127.04226,37.43326],[127.04226,37.43325],[127.04226,37.43324],[127.04226,37.43322],[127.04226,37.43321],[127.04226,37.4332],[127.04225,37.43318],[127.04225,37.43316],[127.04224,37.43313],[127.04221,37.43303],[127.04218,37.43295],[127.04211,37.43272],[127.0421,37.43268],[127.04209,37.43266],[127.04209,37.43265],[127.04208,37.43263],[127.04207,37.43262],[127.04207,37.43261],[127.04206,37.4326],[127.04204,37.43257],[127.04203,37.43255],[127.0419,37.43237],[127.04161,37.43196],[127.04156,37.43189],[127.0415,37.43181],[127.04149,37.43179],[127.04147,37.43176],[127.04146,37.43175],[127.04145,37.43174],[127.04145,37.43173],[127.04144,37.43172],[127.04144,37.43171],[127.04144,37.43169],[127.04144,37.43168],[127.04144,37.43167],[127.04144,37.43165],[127.04145,37.43164],[127.04145,37.43163],[127.04146,37.4316],[127.04148,37.43155],[127.04148,37.43153],[127.04149,37.43151],[127.04149,37.4315],[127.04149,37.43149],[127.04149,37.43147],[127.04149,37.43146],[127.04149,37.43145],[127.04148,37.43144],[127.04148,37.43142],[127.04148,37.43141],[127.04145,37.43137],[127.04145,37.43135],[127.04144,37.43134],[127.04144,37.43133],[127.04143,37.43132],[127.04143,37.4313],[127.04143,37.43129],[127.04143,37.43128],[127.04143,37.43127],[127.04143,37.43124],[127.04143,37.43118],[127.04143,37.43106],[127.04143,37.43102],[127.04143,37.43101],[127.04143,37.431],[127.04142,37.43098],[127.04142,37.43097],[127.04142,37.43096],[127.04141,37.43095],[127.04141,37.43094],[127.0414,37.43093],[127.04139,37.43091],[127.04138,37.4309],[127.04137,37.43089],[127.04136,37.43088],[127.04134,37.43086],[127.04125,37.43078],[127.04123,37.43076],[127.04121,37.43074],[127.0412,37.43073],[127.04119,37.43072],[127.04118,37.43071],[127.04117,37.4307],[127.04117,37.43068],[127.04116,37.43067],[127.04116,37.43066],[127.04116,37.43065],[127.04116,37.43063],[127.04116,37.43062],[127.04116,37.43059],[127.04116,37.43057],[127.04117,37.43046],[127.04118,37.43033],[127.04119,37.4303],[127.04119,37.43027],[127.0412,37.43026],[127.0412,37.43025],[127.0412,37.43024],[127.04121,37.43022],[127.04121,37.43021],[127.04122,37.4302],[127.04123,37.43017],[127.04125,37.43011],[127.04126,37.43008],[127.04127,37.43006],[127.04128,37.43004],[127.04128,37.43003],[127.04128,37.43002],[127.04129,37.43001],[127.04129,37.42999],[127.04128,37.42998],[127.04128,37.42997],[127.04127,37.42993],[127.04127,37.42992],[127.04127,37.42991],[127.04127,37.4299],[127.04127,37.42988],[127.04128,37.42987],[127.04128,37.42986],[127.04129,37.42985],[127.0413,37.42983],[127.0413,37.42982],[127.0413,37.42981],[127.04131,37.4298],[127.04131,37.42979],[127.04131,37.42977],[127.04131,37.42976],[127.04131,37.42975],[127.04131,37.42974],[127.0413,37.42973],[127.0413,37.42972],[127.04129,37.4297],[127.04129,37.4297],[127.04128,37.42968],[127.04127,37.42968],[127.04124,37.42965],[127.04123,37.42964],[127.04122,37.42963],[127.04122,37.42962],[127.04121,37.42961],[127.04122,37.42961],[127.04122,37.4296],[127.04123,37.42959],[127.04124,37.42958],[127.04125,37.42957],[127.04126,37.42957],[127.04127,37.42956],[127.0413,37.42954],[127.04142,37.42947],[127.04148,37.42943],[127.04151,37.42941],[127.04152,37.42941],[127.04153,37.4294],[127.04155,37.42939],[127.04156,37.42938],[127.04157,37.42937],[127.04158,37.42936],[127.04159,37.42935],[127.0416,37.42934],[127.04161,37.42932],[127.04165,37.42928],[127.04166,37.42925],[127.04167,37.42924],[127.04168,37.42923],[127.04169,37.42922],[127.0417,37.42921],[127.04171,37.42921],[127.04172,37.4292],[127.04174,37.42919],[127.04175,37.42918],[127.04177,37.42918],[127.04178,37.42917],[127.04179,37.42916],[127.04182,37.42915],[127.04191,37.42911],[127.04194,37.4291],[127.04197,37.42909],[127.04199,37.42908],[127.042,37.42907],[127.04201,37.42907],[127.04202,37.42906],[127.04204,37.42905],[127.04204,37.42904],[127.04205,37.42903],[127.04206,37.42902],[127.04206,37.42901],[127.04207,37.429],[127.04207,37.42898],[127.04207,37.42897],[127.04208,37.42896],[127.04208,37.42895],[127.04208,37.42894],[127.04208,37.42892],[127.04208,37.42891],[127.04208,37.4289],[127.04207,37.42889],[127.04207,37.42888],[127.04205,37.42885],[127.04204,37.42884],[127.04204,37.42883],[127.04203,37.42882],[127.04203,37.4288],[127.04203,37.42879],[127.04204,37.42878],[127.04204,37.42877],[127.04205,37.42876],[127.04205,37.42874],[127.04206,37.42873],[127.04207,37.42872],[127.04208,37.4287],[127.04216,37.42858],[127.04228,37.42838],[127.0423,37.42836],[127.04231,37.42833],[127.04232,37.42832],[127.04232,37.42831],[127.04233,37.4283],[127.04233,37.42829],[127.04233,37.42828],[127.04233,37.42828],[127.04233,37.42827],[127.04232,37.42826],[127.04232,37.42825],[127.04232,37.42825],[127.04232,37.42824],[127.04232,37.42823],[127.04233,37.42822],[127.04233,37.42821],[127.04235,37.42818],[127.04236,37.42817],[127.04237,37.42815],[127.04237,37.42814],[127.04238,37.42813],[127.04238,37.42812],[127.04238,37.42811],[127.04238,37.42809],[127.04238,37.42805],[127.04238,37.42804],[127.04238,37.42803],[127.04239,37.42802],[127.04239,37.428],[127.0424,37.42799],[127.04241,37.42798],[127.04242,37.42797],[127.04243,37.42797],[127.04244,37.42796],[127.04245,37.42795],[127.04246,37.42795],[127.04248,37.42794],[127.04249,37.42794],[127.04251,37.42794],[127.04252,37.42794],[127.04254,37.42794],[127.04257,37.42794],[127.04274,37.42795],[127.04284,37.42795],[127.04269,37.4278],[127.04266,37.42777],[127.04264,37.42775],[127.04263,37.42774],[127.04262,37.42773],[127.04261,37.42773],[127.0426,37.42772],[127.04258,37.42771],[127.04257,37.4277],[127.04256,37.42769],[127.04254,37.42769],[127.04251,37.42768],[127.04243,37.42764],[127.04239,37.42762],[127.04236,37.42761],[127.04235,37.4276],[127.04233,37.42759],[127.04232,37.42758],[127.04231,37.42758],[127.0423,37.42757],[127.04227,37.42755],[127.04224,37.42752],[127.04215,37.42746],[127.04212,37.42743],[127.0421,37.42741],[127.04209,37.4274],[127.04208,37.42739],[127.04207,37.42738],[127.04206,37.42737],[127.04205,37.42736],[127.04204,37.42735],[127.04202,37.42733],[127.04199,37.42729],[127.04188,37.42714],[127.04186,37.42712],[127.04184,37.4271],[127.04184,37.42708],[127.04183,37.42707],[127.04182,37.42706],[127.04182,37.42705],[127.04181,37.42704],[127.04181,37.42703],[127.04181,37.42701],[127.0418,37.427],[127.0418,37.42698],[127.0418,37.42697],[127.0418,37.42693],[127.0418,37.42689],[127.0418,37.42688],[127.0418,37.42688],[127.04184,37.42683],[127.04186,37.4268],[127.04188,37.42677],[127.04189,37.42676],[127.04189,37.42674],[127.0419,37.42673],[127.04191,37.42672],[127.04191,37.42671],[127.04192,37.4267],[127.04192,37.42668],[127.04192,37.42667],[127.04192,37.42666],[127.04192,37.42665],[127.04191,37.42663],[127.04191,37.42661],[127.04191,37.42658],[127.04187,37.42636],[127.04186,37.42632],[127.04185,37.42629],[127.04185,37.42628],[127.04185,37.42627],[127.04185,37.42625],[127.04185,37.42624],[127.04185,37.42623],[127.04186,37.42622],[127.04187,37.4262],[127.04187,37.42619],[127.04188,37.42618],[127.04189,37.42617],[127.0419,37.42616],[127.04194,37.4261],[127.04195,37.42609],[127.04196,37.42608],[127.04196,37.42606],[127.04197,37.42605],[127.04198,37.42604],[127.04198,37.42603],[127.04198,37.42602],[127.04198,37.426],[127.04198,37.42599],[127.04198,37.42598],[127.04198,37.42597],[127.04198,37.42594],[127.04198,37.42589],[127.04197,37.42586],[127.04197,37.42585],[127.04197,37.42584],[127.04197,37.42583],[127.04198,37.42581],[127.04198,37.4258],[127.04198,37.42577],[127.04199,37.42573],[127.04202,37.4256],[127.04205,37.42546],[127.04206,37.42543],[127.04206,37.42541],[127.04207,37.4254],[127.04207,37.42538],[127.04207,37.42537],[127.04207,37.42536],[127.04207,37.42535],[127.04206,37.42533],[127.04206,37.42532],[127.04205,37.42531],[127.04205,37.4253],[127.04204,37.42529],[127.04202,37.42527],[127.042,37.42523],[127.04198,37.42521],[127.04198,37.4252],[127.04197,37.42519],[127.04196,37.42518],[127.04196,37.42516],[127.04195,37.42515],[127.04195,37.42514],[127.04194,37.42511],[127.04193,37.42508],[127.04191,37.42497],[127.0419,37.42493],[127.0419,37.42491],[127.04189,37.4249],[127.04189,37.42489],[127.04189,37.42487],[127.04188,37.42486],[127.04188,37.42485],[127.04187,37.42484],[127.04187,37.42483],[127.04184,37.4248],[127.04184,37.42478],[127.04183,37.42477],[127.04183,37.42476],[127.04182,37.42475],[127.04182,37.42474],[127.04181,37.42473],[127.04181,37.42471],[127.04181,37.42469],[127.04181,37.42466],[127.0418,37.42464],[127.04179,37.42452],[127.04179,37.42448],[127.04178,37.42445],[127.04178,37.42444],[127.04178,37.42443],[127.04177,37.42442],[127.04177,37.4244],[127.04176,37.42439],[127.04175,37.42438],[127.04175,37.42437],[127.04174,37.42435],[127.04172,37.42433],[127.04169,37.42427],[127.04167,37.42425],[127.04166,37.42423],[127.04165,37.42421],[127.04164,37.4242],[127.04164,37.42419],[127.04163,37.42418],[127.04163,37.42417],[127.04162,37.42415],[127.04162,37.42414],[127.04162,37.42413],[127.04162,37.4241],[127.04161,37.42405],[127.04161,37.42399],[127.04161,37.42397],[127.04161,37.42395],[127.04161,37.42394],[127.04161,37.42392],[127.04161,37.42391],[127.04162,37.4239],[127.04162,37.42389],[127.04163,37.42388],[127.04164,37.42386],[127.04164,37.42385],[127.04168,37.42381],[127.04168,37.4238],[127.04169,37.42379],[127.0417,37.42377],[127.0417,37.42376],[127.0417,37.42374],[127.04171,37.42372],[127.04171,37.42371],[127.04171,37.42369],[127.04171,37.42368],[127.04171,37.42366],[127.04171,37.42365],[127.04172,37.42365],[127.04172,37.42365],[127.04173,37.42364],[127.04174,37.42363],[127.04174,37.42362],[127.04175,37.4236],[127.04175,37.42359],[127.04175,37.42357],[127.04175,37.42356],[127.04175,37.42354],[127.04175,37.42353],[127.04175,37.4235],[127.04175,37.42349],[127.04175,37.42348],[127.04175,37.42346],[127.04174,37.42345],[127.04174,37.42344],[127.04173,37.42341],[127.0417,37.42333],[127.0417,37.42331],[127.04169,37.42329],[127.04169,37.42328],[127.04169,37.42327],[127.04169,37.42326],[127.04169,37.42324],[127.0417,37.42323],[127.0417,37.42322],[127.04171,37.42321],[127.04172,37.4232],[127.04172,37.42319],[127.04174,37.42317],[127.04176,37.42315],[127.04186,37.42305],[127.04187,37.42304]]]},"properties":{"name":"주암동 코스","difficulty":"중급","distance_km":3.85,"time_hr":1.1,"kind":"산림청 등산로(코스 추출)","desc":"들머리 → 청계산 정상","profile":[81,90,101,127,142,161,181,178,182,182,185,193,195,197,197,208,189,174,191,202,215,223,235,249,259,269,284,302,309,323,349,386,424,451,477,497,527,533,549,567,558,556,540,530,540,544,563,601],"min_elev":81,"max_elev":601,"ascent":594,"descent":74}},{"type":"Feature","geometry":{"type":"MultiLineString","coordinates":[[[127.0258,37.40553],[127.0258,37.40553],[127.0258,37.40552],[127.0258,37.40552],[127.0258,37.40551],[127.0258,37.4055],[127.02581,37.40549],[127.02582,37.40548],[127.02583,37.40547],[127.02585,37.40546],[127.02586,37.40545],[127.02588,37.40545],[127.02589,37.40545],[127.02591,37.40544],[127.02592,37.40544],[127.02594,37.40544],[127.02596,37.40544],[127.02597,37.40544],[127.026,37.40545],[127.02604,37.40545],[127.0261,37.40546],[127.02617,37.40546],[127.0262,37.40546],[127.02622,37.40547],[127.02623,37.40547],[127.02625,37.40547],[127.02626,37.40548],[127.02628,37.40548],[127.02629,37.40549],[127.02631,37.40549],[127.02634,37.4055],[127.02638,37.40552],[127.02651,37.40557],[127.02656,37.40559],[127.02657,37.4056],[127.02658,37.40561],[127.0266,37.40561],[127.02661,37.40562],[127.02662,37.40563],[127.02663,37.40563],[127.02664,37.40564],[127.02665,37.40565],[127.02666,37.40567],[127.02667,37.40568],[127.02668,37.40569],[127.02669,37.40569],[127.0267,37.4057],[127.02671,37.40571],[127.02673,37.40572],[127.02674,37.40572],[127.02676,37.40573],[127.02679,37.40574],[127.02682,37.40575],[127.02693,37.40579],[127.02707,37.40584],[127.02711,37.40585],[127.02714,37.40586],[127.02716,37.40587],[127.02718,37.40587],[127.02719,37.40587],[127.02722,37.40588],[127.02726,37.40589],[127.0276,37.40596],[127.02784,37.40601],[127.02789,37.40601],[127.02791,37.40602],[127.02793,37.40602],[127.02794,37.40602],[127.02796,37.40602],[127.02797,37.40602],[127.02799,37.40602],[127.02801,37.40602],[127.02802,37.40602],[127.02804,37.40602],[127.0281,37.40601],[127.02812,37.40601],[127.02814,37.406],[127.02815,37.406],[127.02817,37.406],[127.02818,37.406],[127.0282,37.40601],[127.02821,37.40601],[127.02823,37.40601],[127.02824,37.40602],[127.02826,37.40603],[127.02827,37.40603],[127.0283,37.40605],[127.02841,37.4061],[127.02845,37.40612],[127.02847,37.40613],[127.02848,37.40613],[127.0285,37.40614],[127.02851,37.40614],[127.02853,37.40615],[127.02854,37.40615],[127.02856,37.40616],[127.02857,37.40616],[127.02859,37.40616],[127.02861,37.40616],[127.02864,37.40617],[127.02868,37.40617],[127.02884,37.40618],[127.02888,37.40619],[127.02891,37.40619],[127.02893,37.40619],[127.02894,37.40619],[127.02896,37.4062],[127.02898,37.4062],[127.02899,37.4062],[127.029,37.40621],[127.02902,37.40622],[127.02903,37.40622],[127.02906,37.40624],[127.02911,37.40626],[127.02947,37.40644],[127.0295,37.40645],[127.02953,37.40647],[127.02954,37.40647],[127.02956,37.40648],[127.02957,37.40649],[127.02959,37.40649],[127.0296,37.4065],[127.02962,37.4065],[127.02963,37.4065],[127.02965,37.40651],[127.02967,37.40651],[127.0297,37.40651],[127.02977,37.40651],[127.03008,37.40654],[127.03011,37.40654],[127.03013,37.40654],[127.03015,37.40654],[127.03016,37.40655],[127.03018,37.40655],[127.03019,37.40655],[127.03021,37.40656],[127.03022,37.40656],[127.03023,37.40657],[127.03024,37.40658],[127.03025,37.40658],[127.03026,37.4066],[127.03028,37.40663],[127.03029,37.40664],[127.0303,37.40665],[127.03031,37.40666],[127.03032,37.40666],[127.03034,37.40667],[127.03036,37.40668],[127.03037,37.40669],[127.03039,37.4067],[127.03041,37.40671],[127.03042,37.40671],[127.03045,37.40672],[127.03045,37.40672],[127.03049,37.40673],[127.03053,37.40673],[127.03055,37.40673],[127.03057,37.40674],[127.03059,37.40674],[127.03061,37.40675],[127.03062,37.40675],[127.03063,37.40676],[127.03065,37.40677],[127.03066,37.40678],[127.03067,37.40679],[127.03068,37.4068],[127.03069,37.40681],[127.03071,37.40683],[127.03074,37.40686],[127.03092,37.40705],[127.03095,37.40709],[127.03097,37.40711],[127.03098,37.40712],[127.03099,37.40713],[127.031,37.40714],[127.03101,37.40715],[127.03102,37.40716],[127.03103,37.40716],[127.03105,37.40717],[127.03106,37.40718],[127.03108,37.40718],[127.03112,37.4072],[127.03114,37.4072],[127.03115,37.40721],[127.03116,37.40721],[127.03117,37.40722],[127.03118,37.40723],[127.03119,37.40724],[127.0312,37.40725],[127.03121,37.40726],[127.03122,37.40727],[127.03126,37.40733],[127.03127,37.40735],[127.03128,37.40736],[127.03129,37.40737],[127.0313,37.40738],[127.03131,37.40739],[127.03132,37.4074],[127.03133,37.4074],[127.03134,37.40741],[127.03138,37.40742],[127.03139,37.40743],[127.0314,37.40743],[127.03141,37.40744],[127.03142,37.40745],[127.03143,37.40746],[127.03144,37.40747],[127.03145,37.40748],[127.03146,37.40749],[127.03147,37.40751],[127.03151,37.40757],[127.03153,37.40759],[127.03153,37.4076],[127.03154,37.40761],[127.03155,37.40763],[127.03156,37.40763],[127.03157,37.40764],[127.03159,37.40765],[127.0316,37.40766],[127.03161,37.40766],[127.03163,37.40767],[127.03164,37.40767],[127.03166,37.40768],[127.03169,37.40769],[127.03177,37.40771],[127.0318,37.40772],[127.03181,37.40773],[127.03183,37.40773],[127.03184,37.40774],[127.03186,37.40774],[127.03187,37.40775],[127.03188,37.40776],[127.0319,37.40777],[127.03191,37.40778],[127.03192,37.40779],[127.03193,37.4078],[127.03193,37.40781],[127.03195,37.40783],[127.03197,37.40785],[127.03206,37.40798],[127.03227,37.40827],[127.03238,37.40842],[127.0324,37.40845],[127.03241,37.40846],[127.03242,37.40847],[127.03243,37.40848],[127.03244,37.40849],[127.03245,37.4085],[127.03246,37.40851],[127.03247,37.40852],[127.03248,37.40852],[127.0325,37.40853],[127.03251,37.40854],[127.03254,37.40855],[127.03265,37.40861],[127.03269,37.40863],[127.03272,37.40865],[127.03273,37.40866],[127.03275,37.40866],[127.03276,37.40867],[127.03278,37.40869],[127.03282,37.40872],[127.033,37.40886],[127.03315,37.40898],[127.03319,37.409],[127.03321,37.40902],[127.03323,37.40903],[127.03324,37.40904],[127.03325,37.40905],[127.03326,37.40906],[127.03327,37.40907],[127.03327,37.40908],[127.03328,37.4091],[127.03329,37.40911],[127.0333,37.40913],[127.03333,37.40918],[127.03347,37.40944],[127.03349,37.40946],[127.03349,37.40948],[127.0335,37.40949],[127.03351,37.4095],[127.03352,37.40951],[127.03353,37.40952],[127.03354,37.40953],[127.03355,37.40954],[127.03356,37.40955],[127.03357,37.40956],[127.03359,37.40957],[127.0336,37.40957],[127.03363,37.40959],[127.03371,37.40963],[127.03378,37.40967],[127.03381,37.40968],[127.03382,37.40969],[127.03384,37.4097],[127.03385,37.4097],[127.03387,37.40971],[127.03388,37.40971],[127.0339,37.40972],[127.03391,37.40973],[127.03394,37.40973],[127.03404,37.40976],[127.03407,37.40977],[127.03408,37.40978],[127.0341,37.40978],[127.03411,37.40979],[127.03413,37.4098],[127.03414,37.4098],[127.03416,37.40981],[127.03417,37.40982],[127.03418,37.40983],[127.03419,37.40984],[127.03422,37.40985],[127.03426,37.40989],[127.03441,37.41002],[127.03443,37.41004],[127.03445,37.41006],[127.03446,37.41007],[127.03448,37.41007],[127.03449,37.41008],[127.0345,37.41009],[127.03451,37.4101],[127.03453,37.41011],[127.03454,37.41011],[127.03456,37.41012],[127.03457,37.41012],[127.03459,37.41013],[127.03462,37.41014],[127.03465,37.41014],[127.03482,37.41019],[127.03485,37.4102],[127.03486,37.41021],[127.03488,37.41021],[127.03489,37.41022],[127.03491,37.41022],[127.03492,37.41023],[127.03494,37.41024],[127.03495,37.41025],[127.03496,37.41026],[127.03497,37.41027],[127.03498,37.41028],[127.03499,37.41029],[127.03501,37.41031],[127.0351,37.41042],[127.03512,37.41044],[127.03512,37.41045],[127.03513,37.41047],[127.03514,37.41048],[127.03515,37.41049],[127.03515,37.4105],[127.03516,37.41051],[127.03516,37.41052],[127.03516,37.41054],[127.03517,37.41055],[127.03517,37.41056],[127.03517,37.41058],[127.03517,37.4106],[127.03516,37.4108],[127.03514,37.41119],[127.03538,37.41154],[127.03543,37.41161],[127.0355,37.41171],[127.03551,37.41173],[127.03553,37.41175],[127.03554,37.41177],[127.03554,37.41178],[127.03555,37.41179],[127.03556,37.4118],[127.03556,37.41182],[127.03556,37.41183],[127.03556,37.41184],[127.03556,37.41185],[127.03556,37.41187],[127.03555,37.41188],[127.03555,37.41191],[127.03554,37.41193],[127.03552,37.412],[127.03552,37.41203],[127.03552,37.41204],[127.03551,37.41205],[127.03551,37.41207],[127.03551,37.41208],[127.03551,37.41209],[127.03551,37.4121],[127.03552,37.4121],[127.03553,37.41211],[127.03554,37.41211],[127.03555,37.41211],[127.03557,37.41211],[127.03558,37.41211],[127.0356,37.41211],[127.03561,37.41211],[127.03565,37.4121],[127.03581,37.41208],[127.03613,37.41203],[127.03616,37.41203],[127.0362,37.41202],[127.03623,37.41202],[127.03624,37.41202],[127.03626,37.41202],[127.03628,37.41202],[127.03629,37.41202],[127.03631,37.41202],[127.03633,37.41202],[127.03634,37.41203],[127.03637,37.41203],[127.03642,37.41204],[127.03645,37.41205],[127.03647,37.41205],[127.03648,37.41205],[127.0365,37.41205],[127.03651,37.41205],[127.03653,37.41205],[127.03654,37.41205],[127.03656,37.41205],[127.03658,37.41204],[127.03661,37.41204],[127.03672,37.41201],[127.03675,37.412],[127.03676,37.412],[127.03678,37.41199],[127.0368,37.41199],[127.03681,37.41199],[127.03683,37.41199],[127.03685,37.41199],[127.03688,37.41199],[127.03691,37.41198],[127.03698,37.41198],[127.03701,37.41198],[127.03703,37.41198],[127.03704,37.41198],[127.03706,37.41198],[127.03707,37.41198],[127.03708,37.41199],[127.03709,37.41199],[127.0371,37.412],[127.0371,37.41201],[127.0371,37.41202],[127.0371,37.41203],[127.0371,37.41204],[127.0371,37.41206],[127.0371,37.41208],[127.03708,37.41218],[127.03708,37.41221],[127.03708,37.41223],[127.03708,37.41224],[127.03708,37.41226],[127.03708,37.41227],[127.03708,37.41228],[127.03708,37.4123],[127.03709,37.41231],[127.03709,37.41232],[127.0371,37.41233],[127.03711,37.41234],[127.03712,37.41235],[127.03713,37.41236],[127.03715,37.41239],[127.0372,37.41244],[127.03723,37.41247],[127.03725,37.41249],[127.03726,37.4125],[127.03727,37.41251],[127.03728,37.41253],[127.03728,37.41254],[127.03729,37.41255],[127.0373,37.41256],[127.03731,37.41259],[127.03732,37.4126],[127.03732,37.41262],[127.03733,37.41263],[127.03733,37.41264],[127.03734,37.41265],[127.03735,37.41266],[127.03737,37.41266],[127.03738,37.41267],[127.03739,37.41268],[127.0374,37.41269],[127.03743,37.41271],[127.0375,37.41275],[127.03753,37.41276],[127.03755,37.41278],[127.03757,37.41279],[127.03758,37.4128],[127.03759,37.41281],[127.0376,37.41282],[127.03761,37.41283],[127.03761,37.41284],[127.03762,37.41285],[127.03762,37.41286],[127.03762,37.41287],[127.03762,37.41289],[127.03762,37.4129],[127.03762,37.41291],[127.03762,37.41294],[127.03761,37.413],[127.03761,37.41304],[127.03761,37.41306],[127.03761,37.41308],[127.0376,37.41309],[127.0376,37.4131],[127.0376,37.41311],[127.03759,37.41313],[127.03759,37.41314],[127.03757,37.41319],[127.03757,37.4132],[127.03757,37.41321],[127.03756,37.41322],[127.03756,37.41323],[127.03756,37.41324],[127.03756,37.41325],[127.03757,37.41326],[127.03758,37.41327],[127.03759,37.41327],[127.0376,37.41328],[127.03761,37.41328],[127.03766,37.41329],[127.03767,37.4133],[127.03768,37.4133],[127.03769,37.41331],[127.0377,37.41331],[127.0377,37.41332],[127.03771,37.41333],[127.03771,37.41334],[127.0377,37.41335],[127.0377,37.41336],[127.0377,37.41338],[127.03769,37.41339],[127.03767,37.41347],[127.03766,37.41348],[127.03766,37.41349],[127.03766,37.41351],[127.03765,37.41352],[127.03765,37.41353],[127.03765,37.41354],[127.03766,37.41355],[127.03766,37.41356],[127.03767,37.41358],[127.03767,37.41359],[127.03768,37.4136],[127.03769,37.41361],[127.03773,37.41366],[127.03774,37.41367],[127.03775,37.41369],[127.03775,37.4137],[127.03776,37.41372],[127.03776,37.41373],[127.03777,37.41375],[127.03777,37.41376],[127.03777,37.41378],[127.03777,37.41378],[127.03777,37.41379],[127.03777,37.4138],[127.03778,37.4138],[127.03779,37.41381],[127.0378,37.41381],[127.03782,37.41383],[127.03783,37.41384],[127.03784,37.41385],[127.03785,37.41386],[127.03786,37.41388],[127.03787,37.41389],[127.03788,37.41391],[127.03789,37.41392],[127.0379,37.41393],[127.0379,37.41394],[127.03791,37.41395],[127.03792,37.41396],[127.03793,37.41397],[127.03794,37.41398],[127.03796,37.41398],[127.03797,37.41399],[127.03798,37.414],[127.03803,37.41402],[127.03804,37.41402],[127.03805,37.41403],[127.03807,37.41404],[127.03808,37.41404],[127.03809,37.41405],[127.03811,37.41406],[127.03812,37.41407],[127.03813,37.41408],[127.03815,37.4141],[127.03821,37.41415],[127.03823,37.41417],[127.03824,37.41418],[127.03825,37.41418],[127.03826,37.41419],[127.03827,37.4142],[127.03829,37.41421],[127.0383,37.41421],[127.03831,37.41422],[127.03836,37.41423],[127.03837,37.41423],[127.03839,37.41424],[127.0384,37.41425],[127.0384,37.41425],[127.03841,37.41426],[127.03842,37.41427],[127.03843,37.41428],[127.03844,37.41431],[127.03845,37.41432],[127.03845,37.41433],[127.03846,37.41434],[127.03847,37.41435],[127.03848,37.41435],[127.0385,37.41436],[127.03851,37.41436],[127.03853,37.41436],[127.03859,37.41437],[127.0386,37.41437],[127.03862,37.41438],[127.03863,37.41438],[127.03864,37.41439],[127.03865,37.41439],[127.03866,37.4144],[127.03866,37.41441],[127.03868,37.41443],[127.03869,37.41444],[127.0387,37.41445],[127.03871,37.41446],[127.03872,37.41447],[127.03874,37.41449],[127.03876,37.41451],[127.03878,37.41452],[127.03879,37.41452],[127.0388,37.41453],[127.03881,37.41454],[127.03883,37.41455],[127.03884,37.41456],[127.03885,37.41456],[127.03887,37.41457],[127.03888,37.41457],[127.0389,37.41457],[127.03891,37.41457],[127.03893,37.41457],[127.03894,37.41457],[127.03899,37.41457],[127.03901,37.41456],[127.03902,37.41456],[127.03904,37.41456],[127.03906,37.41457],[127.03907,37.41457],[127.03909,37.41457],[127.0391,37.41458],[127.03911,37.41458],[127.03913,37.41459],[127.03914,37.41459],[127.03919,37.41461],[127.03932,37.41468],[127.03935,37.41469],[127.03936,37.4147],[127.03938,37.4147],[127.03939,37.41471],[127.03941,37.41471],[127.03942,37.41472],[127.03944,37.41472],[127.03945,37.41472],[127.03947,37.41472],[127.03948,37.41472],[127.03952,37.41473],[127.03955,37.41473],[127.0396,37.41473],[127.03963,37.41473],[127.03965,37.41473],[127.03967,37.41473],[127.03968,37.41473],[127.0397,37.41473],[127.03972,37.41473],[127.03973,37.41472],[127.03977,37.41472],[127.03981,37.41471],[127.03991,37.4147],[127.03995,37.41469],[127.03996,37.41469],[127.03998,37.41469],[127.03999,37.41468],[127.04001,37.41468],[127.04002,37.41469],[127.04004,37.41469],[127.04005,37.41469],[127.04006,37.4147],[127.04008,37.4147],[127.04009,37.41471],[127.0401,37.41472],[127.04011,37.41473],[127.04014,37.41475],[127.04024,37.41483],[127.04026,37.41485],[127.04027,37.41486],[127.04029,37.41487],[127.0403,37.41488],[127.04031,37.41489],[127.04032,37.41489],[127.04034,37.4149],[127.04035,37.4149],[127.04036,37.41491],[127.04037,37.41491],[127.04039,37.41491],[127.04043,37.41492],[127.04045,37.41492],[127.04046,37.41492],[127.04048,37.41493],[127.04049,37.41493],[127.04051,37.41493],[127.04052,37.41494],[127.04055,37.41495],[127.0406,37.41497],[127.0407,37.41501],[127.04075,37.41502],[127.04078,37.41503],[127.04079,37.41504],[127.04081,37.41505],[127.04082,37.41505],[127.04083,37.41506],[127.04085,37.41507],[127.04086,37.41508],[127.04087,37.41508],[127.04088,37.41509],[127.0409,37.41511],[127.04094,37.41514],[127.04096,37.41516],[127.04097,37.41517],[127.04098,37.41517],[127.04099,37.41518],[127.041,37.41519],[127.041,37.41521],[127.04101,37.41522],[127.04101,37.41523],[127.04102,37.41524],[127.04102,37.41525],[127.04102,37.41526],[127.04102,37.41528],[127.04102,37.4153],[127.04102,37.41534],[127.04102,37.41537],[127.04102,37.41538],[127.04102,37.41539],[127.04102,37.4154],[127.04101,37.41542],[127.04101,37.41543],[127.041,37.41544],[127.04099,37.41545],[127.04098,37.41546],[127.04097,37.41547],[127.04094,37.4155],[127.04093,37.41551],[127.04092,37.41552],[127.04091,37.41553],[127.04091,37.41554],[127.0409,37.41555],[127.0409,37.41556],[127.0409,37.41557],[127.04089,37.41559],[127.04089,37.4156],[127.0409,37.41561],[127.0409,37.41562],[127.0409,37.41562],[127.04091,37.41563],[127.04092,37.41564],[127.04094,37.41565],[127.04095,37.41566],[127.04096,37.41566],[127.04097,37.41567],[127.04099,37.41567],[127.041,37.41568],[127.04102,37.41568],[127.04103,37.41569],[127.04105,37.41569],[127.04107,37.41569],[127.0411,37.41569],[127.04125,37.41571],[127.04128,37.41571],[127.04131,37.41571],[127.04134,37.41571],[127.04136,37.41572],[127.04138,37.41572],[127.04139,37.41572],[127.04141,37.41571],[127.04144,37.41571],[127.04151,37.41571],[127.04172,37.41569],[127.0418,37.41577],[127.04183,37.41581],[127.04185,37.41583],[127.04186,37.41584],[127.04187,37.41586],[127.04187,37.41587],[127.04188,37.41588],[127.04189,37.41589],[127.04189,37.4159],[127.0419,37.41592],[127.04191,37.41594],[127.04192,37.41598],[127.04193,37.416],[127.04193,37.41602],[127.04193,37.41603],[127.04194,37.41604],[127.04194,37.41605],[127.04194,37.41606],[127.04193,37.41608],[127.04193,37.41609],[127.04193,37.4161],[127.04192,37.41611],[127.04191,37.41612],[127.04191,37.41613],[127.04188,37.41618],[127.04187,37.4162],[127.04186,37.41621],[127.04186,37.41622],[127.04185,37.41623],[127.04185,37.41624],[127.04184,37.41626],[127.04184,37.41627],[127.04184,37.41628],[127.04184,37.41629],[127.04184,37.41633],[127.04184,37.41635],[127.04183,37.41636],[127.04183,37.41637],[127.04183,37.41638],[127.04182,37.4164],[127.04182,37.41641],[127.04181,37.41642],[127.04181,37.41643],[127.04179,37.41646],[127.04177,37.41649],[127.04171,37.41658],[127.0417,37.41661],[127.04169,37.41662],[127.04169,37.41663],[127.04168,37.41664],[127.04168,37.41666],[127.04167,37.41667],[127.04167,37.41668],[127.04167,37.41669],[127.04167,37.4167],[127.04167,37.41672],[127.04168,37.41673],[127.04168,37.41674],[127.04169,37.41675],[127.04169,37.41676],[127.0417,37.41677],[127.0417,37.41678],[127.04171,37.41679],[127.04171,37.4168],[127.04172,37.41681],[127.04173,37.41681],[127.04175,37.41682],[127.04176,37.41682],[127.04177,37.41683],[127.04177,37.41684],[127.04178,37.41685],[127.04178,37.41686],[127.04178,37.41687],[127.04177,37.41689],[127.04177,37.4169],[127.04176,37.41691],[127.04176,37.41691],[127.04175,37.41691],[127.04176,37.41692],[127.04176,37.41692],[127.04177,37.41693],[127.04177,37.41693],[127.04178,37.41694],[127.04179,37.41696],[127.04179,37.41698],[127.0418,37.41699],[127.0418,37.41701],[127.0418,37.41703],[127.0418,37.41704],[127.0418,37.41709],[127.04181,37.41715],[127.04181,37.41717],[127.04181,37.41719],[127.04181,37.4172],[127.04181,37.41721],[127.0418,37.41723],[127.0418,37.41724],[127.0418,37.41725],[127.04179,37.41727],[127.04179,37.41728],[127.04178,37.41732],[127.04177,37.41733],[127.04177,37.41734],[127.04177,37.41735],[127.04176,37.41736],[127.04177,37.41738],[127.04177,37.41739],[127.04178,37.41739],[127.04179,37.4174],[127.0418,37.41741],[127.04181,37.41742],[127.04182,37.41743],[127.04185,37.41745],[127.04187,37.41746],[127.04194,37.4175],[127.04196,37.41752],[127.04199,37.41754],[127.042,37.41755],[127.04201,37.41755],[127.04202,37.41756],[127.04203,37.41757],[127.04203,37.41758],[127.04203,37.41759],[127.04203,37.4176],[127.04203,37.41761],[127.04201,37.41763],[127.04201,37.41764],[127.042,37.41766],[127.042,37.41767],[127.042,37.41768],[127.042,37.41769],[127.042,37.4177],[127.04201,37.41773],[127.04201,37.41776],[127.04202,37.41782],[127.04203,37.41785],[127.04203,37.41786],[127.04203,37.41787],[127.04203,37.41788],[127.04203,37.4179],[127.04203,37.41791],[127.04203,37.41792],[127.04203,37.41794],[127.04202,37.41795],[127.04202,37.41796],[127.04201,37.41799],[127.042,37.41803],[127.04195,37.41822],[127.04193,37.41828],[127.04193,37.4183],[127.04192,37.41831],[127.04192,37.41833],[127.04192,37.41834],[127.04192,37.41835],[127.04192,37.41837],[127.04192,37.41838],[127.04192,37.41841],[127.04193,37.41845],[127.04193,37.41849],[127.04194,37.41851],[127.04194,37.41853],[127.04195,37.41854],[127.04195,37.41855],[127.04195,37.41856],[127.04196,37.41857],[127.04197,37.41859],[127.04198,37.4186],[127.04198,37.4186],[127.042,37.41861],[127.04202,37.41864],[127.04203,37.41865],[127.04205,37.41866],[127.04205,37.41867],[127.04206,37.41868],[127.04207,37.41869],[127.04208,37.41871],[127.04208,37.41872],[127.04209,37.41873],[127.0421,37.41875],[127.04213,37.4188],[127.04219,37.41894],[127.0422,37.41897],[127.04221,37.41898],[127.04222,37.41899],[127.04222,37.419],[127.04223,37.41902],[127.04224,37.41903],[127.04225,37.41904],[127.04226,37.41905],[127.04227,37.41906],[127.04228,37.41907],[127.04229,37.41908],[127.04232,37.41909],[127.04234,37.41911],[127.04237,37.41913],[127.04251,37.41922],[127.04254,37.41923],[127.04256,37.41925],[127.04257,37.41926],[127.04258,37.41927],[127.0426,37.41928],[127.0426,37.41929],[127.04261,37.4193],[127.04261,37.41931],[127.04262,37.41932],[127.04262,37.41933],[127.04262,37.41934],[127.04262,37.41936],[127.04262,37.41937],[127.04262,37.4194],[127.04262,37.41944],[127.04261,37.41946],[127.04261,37.41947],[127.04261,37.41949],[127.04261,37.4195],[127.04262,37.41951],[127.04262,37.41952],[127.04263,37.41954],[127.04263,37.41955],[127.04264,37.41956],[127.04266,37.41959],[127.04267,37.4196],[127.04268,37.41962],[127.04268,37.41963],[127.04269,37.41965],[127.04269,37.41967],[127.04268,37.41968],[127.04268,37.41969],[127.04268,37.4197],[127.04268,37.41971],[127.04268,37.41971],[127.04263,37.41971],[127.04261,37.41971],[127.0426,37.41971],[127.04259,37.41972],[127.04259,37.41972],[127.04258,37.41972],[127.04257,37.41972],[127.04257,37.41973],[127.04256,37.41973],[127.04256,37.41973],[127.04255,37.41974],[127.04241,37.41986],[127.04241,37.41987],[127.04241,37.41987],[127.04241,37.41989],[127.04241,37.4199],[127.0424,37.41992],[127.0424,37.41994],[127.04239,37.41995],[127.04239,37.41996],[127.04238,37.41998],[127.04237,37.41999],[127.04236,37.42],[127.04233,37.42003],[127.04231,37.42005],[127.0423,37.42006],[127.04229,37.42007],[127.04229,37.42008],[127.04228,37.4201],[127.04227,37.42011],[127.04227,37.42012],[127.04227,37.42013],[127.04226,37.42014],[127.04225,37.42017],[127.04225,37.42021],[127.04223,37.42032],[127.04222,37.42037],[127.04221,37.42038],[127.04221,37.42039],[127.04221,37.42041],[127.0422,37.42043],[127.04219,37.42044],[127.04219,37.42046],[127.04218,37.42047],[127.04217,37.42048],[127.04216,37.42049],[127.04215,37.4205],[127.04215,37.4205],[127.04215,37.4205],[127.04215,37.4205],[127.04213,37.42052],[127.04212,37.42052],[127.04211,37.42054],[127.04209,37.42055],[127.04208,37.42056],[127.04207,37.42057],[127.04206,37.42059],[127.04205,37.4206],[127.04205,37.42061],[127.04204,37.42063],[127.04204,37.42064],[127.04204,37.42065],[127.04204,37.42066],[127.04204,37.42068],[127.04204,37.42069],[127.04204,37.4207],[127.04204,37.42071],[127.04205,37.42072],[127.04205,37.42074],[127.04206,37.42074],[127.04207,37.42075],[127.04208,37.42077],[127.04209,37.42077],[127.04211,37.42079],[127.04214,37.42081],[127.0422,37.42086],[127.04222,37.42088],[127.04223,37.42089],[127.04224,37.4209],[127.04225,37.42091],[127.04226,37.42092],[127.04227,37.42093],[127.04227,37.42094],[127.04228,37.42095],[127.04228,37.42096],[127.04228,37.42097],[127.04227,37.42098],[127.04227,37.42099],[127.04227,37.421],[127.04226,37.42101],[127.04226,37.42103],[127.04225,37.42104],[127.04224,37.42105],[127.04224,37.42106],[127.04222,37.42106],[127.04221,37.42107],[127.0422,37.42108],[127.04218,37.4211],[127.04216,37.4211],[127.04215,37.42111],[127.04214,37.42112],[127.04214,37.42113],[127.04213,37.42114],[127.04213,37.42115],[127.04213,37.42116],[127.04213,37.42117],[127.04214,37.42118],[127.04215,37.4212],[127.04215,37.42121],[127.04215,37.42122],[127.04215,37.42123],[127.04215,37.42124],[127.04215,37.42125],[127.04214,37.42126],[127.04213,37.42127],[127.04212,37.42128],[127.04211,37.42129],[127.04211,37.4213],[127.04208,37.42133],[127.04202,37.42138],[127.042,37.42141],[127.04198,37.42144],[127.04196,37.42146],[127.04195,37.42147],[127.04194,37.42148],[127.04193,37.42149],[127.04193,37.4215],[127.04192,37.42151],[127.04191,37.42152],[127.0419,37.42153],[127.0419,37.42153],[127.04189,37.42154],[127.04188,37.42154],[127.04186,37.42154],[127.04185,37.42155],[127.04184,37.42155],[127.04183,37.42156],[127.04182,37.42157],[127.04182,37.42158],[127.04181,37.42159],[127.04181,37.4216],[127.04181,37.42161],[127.0418,37.42162],[127.0418,37.42165],[127.04174,37.42189],[127.04172,37.42199],[127.04171,37.42203],[127.0417,37.42204],[127.0417,37.42206],[127.0417,37.42207],[127.04169,37.42208],[127.04169,37.42209],[127.04168,37.4221],[127.04167,37.42211],[127.04166,37.42212],[127.04165,37.42213],[127.04164,37.42214],[127.04163,37.42215],[127.04161,37.42216],[127.0416,37.42216],[127.04159,37.42217],[127.04157,37.42217],[127.04156,37.42217],[127.04152,37.42218],[127.0415,37.42218],[127.04149,37.42218],[127.04148,37.42218],[127.04147,37.42219],[127.04145,37.4222],[127.04144,37.4222],[127.04144,37.42221],[127.04143,37.42222],[127.0414,37.42225],[127.04139,37.42226],[127.04139,37.42227],[127.04138,37.42228],[127.04137,37.42228],[127.04135,37.42229],[127.04134,37.42229],[127.04133,37.42229],[127.04131,37.42229],[127.0413,37.42229],[127.04129,37.42229],[127.04128,37.42229],[127.04127,37.4223],[127.04126,37.42231],[127.04125,37.42232],[127.04125,37.42233],[127.04124,37.42234],[127.04124,37.42235],[127.04122,37.42238],[127.04121,37.4224],[127.04117,37.42253],[127.04115,37.42258],[127.04114,37.4226],[127.04113,37.42262],[127.04112,37.42263],[127.04112,37.42264],[127.04111,37.42265],[127.0411,37.42266],[127.04109,37.42267],[127.04108,37.42267],[127.04107,37.42267],[127.04106,37.42268],[127.04105,37.42268],[127.04103,37.42269],[127.04102,37.42269],[127.04101,37.4227],[127.041,37.42271],[127.04099,37.42271],[127.04098,37.42272],[127.04097,37.42273],[127.04097,37.42274],[127.04096,37.42275],[127.04096,37.42276],[127.04096,37.42277],[127.04097,37.42278],[127.04097,37.42278],[127.04098,37.42279],[127.04099,37.4228],[127.04101,37.42281],[127.04102,37.42281],[127.04103,37.42282],[127.04106,37.42283],[127.04109,37.42285],[127.04112,37.42286],[127.04114,37.42286],[127.04116,37.42287],[127.04117,37.42287],[127.04119,37.42288],[127.0412,37.42288],[127.04122,37.42288],[127.04123,37.42288],[127.04125,37.42288],[127.04126,37.42288],[127.04127,37.42288],[127.04129,37.42287],[127.0413,37.42287],[127.04132,37.42287],[127.04133,37.42286],[127.04134,37.42285],[127.04135,37.42284],[127.04137,37.42283],[127.04138,37.42282],[127.0414,37.4228],[127.04141,37.42279],[127.04142,37.42278],[127.04144,37.42275],[127.04145,37.42275],[127.04187,37.42304]]]},"properties":{"name":"청계동 코스 2","difficulty":"중급","distance_km":3.12,"time_hr":0.9,"kind":"산림청 등산로(코스 추출)","desc":"들머리 → 청계산 정상","profile":[143,141,149,157,155,163,170,175,174,181,193,200,212,216,217,220,227,238,256,270,298,307,326,345,377,403,429,448,464,484,496,511,511,495,477,482,506,532,551,562,564,576,585,590,580,580,601,604],"min_elev":141,"max_elev":604,"ascent":510,"descent":49}}]}