{"type":"FeatureCollection","features":[{"type":"Feature","properties":{"elev":50,"idx":0},"geometry":{"type":"LineString","coordinates":[[126.98347,37.46986],[126.9839,37.46931],[126.98438,37.46903],[126.98458,37.46896],[126.98514,37.4686],[126.98542,37.4684],[126.98569,37.46809],[126.98597,37.46786],[126.98625,37.4679],[126.98653,37.46802],[126.98708,37.46779],[126.98736,37.46744],[126.98764,37.46721],[126.98792,37.46736],[126.98788,37.46764],[126.98796,37.46764],[126.98792,37.46736],[126.98819,37.46734],[126.98847,37.46716],[126.98869,37.46736],[126.98875,37.46762],[126.98903,37.46797],[126.98931,37.46787],[126.98937,37.46792],[126.98918,37.46819],[126.98918,37.46847],[126.98875,37.46886],[126.98847,37.46893],[126.98819,37.46908],[126.98792,37.46891],[126.98736,37.46887],[126.98714,37.46903],[126.98736,37.4692],[126.98764,37.46922],[126.98792,37.46948],[126.98819,37.46958],[126.98792,37.46969],[126.98776,37.46986]]}},{"type":"Feature","properties":{"elev":50,"idx":0},"geometry":{"type":"LineString","coordinates":[[127.02315,37.46986],[127.02319,37.46964],[127.02342,37.46931],[127.0235,37.46875],[127.02403,37.46867],[127.02458,37.46866],[127.02502,37.46847],[127.02514,37.46833],[127.02542,37.46824],[127.02625,37.46812],[127.02711,37.46819],[127.02732,37.46792],[127.02725,37.46764],[127.02706,37.46736],[127.02681,37.46714],[127.02653,37.46698],[127.02625,37.46697],[127.02569,37.46718],[127.02431,37.46709],[127.02319,37.46725],[127.02264,37.46757],[127.02208,37.46779],[127.02181,37.46781],[127.02153,37.46774],[127.02125,37.46749],[127.02091,37.46736],[127.02064,37.46681],[127.02042,37.46668],[127.02014,37.46637],[127.01986,37.46623],[127.01931,37.46631],[127.01875,37.46571],[127.01803,37.46542],[127.01792,37.46532],[127.01764,37.46527],[127.01753,37.46514],[127.01748,37.46458],[127.01758,37.46431],[127.01777,37.46403],[127.01782,37.46375],[127.0178,37.46347],[127.01762,37.46319],[127.01761,37.46292],[127.01738,37.46264],[127.01764,37.46256],[127.01781,37.46236],[127.01821,37.46208],[127.01804,37.46181],[127.01772,37.46153],[127.01836,37.46125],[127.01886,37.46097],[127.01889,37.46069],[127.01847,37.46035],[127.01819,37.46026],[127.01792,37.46029],[127.01758,37.46042],[127.01717,37.46069],[127.01681,37.46102],[127.01653,37.46143],[127.01625,37.46155],[127.01597,37.46183],[127.01569,37.46194],[127.01514,37.46188],[127.01431,37.46207],[127.01403,37.46199],[127.01389,37.46208],[127.01379,37.46236],[127.01347,37.46248],[127.01322,37.46236],[127.01354,37.46153],[127.01375,37.46139],[127.01414,37.46097],[127.01417,37.46069],[127.01403,37.46037],[127.01375,37.46019],[127.01352,37.46014],[127.01337,37.45986],[127.01347,37.45981],[127.01398,37.45931],[127.01403,37.45916],[127.01431,37.45911],[127.01486,37.45919],[127.01569,37.45912],[127.01599,37.45903],[127.01644,37.45875],[127.01576,37.45847],[127.01569,37.45835],[127.01542,37.4583],[127.01523,37.45847],[127.01455,37.45875],[127.01431,37.45897],[127.01403,37.45901],[127.01347,37.45898],[127.01208,37.45886],[127.01181,37.45891],[127.01153,37.4591],[127.01097,37.45923],[127.01084,37.45903],[127.01089,37.45875],[127.01111,37.45847],[127.01097,37.45826],[127.01086,37.45819],[127.01092,37.45792],[127.01128,37.45764],[127.01097,37.45736],[127.01069,37.4573],[127.01042,37.45728],[127.01008,37.45736],[127.00958,37.45763],[127.00917,37.45792],[127.00895,37.45819],[127.00887,37.45847],[127.00875,37.45855],[127.00819,37.45836],[127.00744,37.45819],[127.00701,37.45764],[127.0069,37.45736],[127.00764,37.4571],[127.00792,37.45695],[127.00807,37.45681],[127.00802,37.45653],[127.00736,37.45638],[127.0072,37.45625],[127.00748,37.45597],[127.00757,37.45569],[127.00736,37.45556],[127.00708,37.45553],[127.00692,37.45569],[127.00681,37.45592],[127.00653,37.45606],[127.00625,37.45601],[127.00569,37.45616],[127.00514,37.45638],[127.00486,37.45637],[127.00461,37.45597],[127.00476,37.45569],[127.00475,37.45542],[127.00509,37.45486],[127.00504,37.45458],[127.00486,37.45434],[127.00458,37.45414],[127.00422,37.45375],[127.00375,37.45357],[127.00319,37.45345],[127.00292,37.45354],[127.0027,37.45375],[127.00256,37.45403],[127.00224,37.45431],[127.00182,37.45486],[127.00166,37.45514],[127.00174,37.45542],[127.00153,37.45575],[127.00121,37.45597],[127.00128,37.45625],[127.00125,37.45655],[127.00077,37.45708],[127.00069,37.45724],[127.00042,37.45728],[127.00025,37.45736],[127.00014,37.45751],[127.00005,37.45542],[127.00015,37.45486],[126.99995,37.45458],[126.99986,37.45431],[126.99998,37.45375],[127.00027,37.45347],[127.00042,37.45324],[127.00042,37.45317],[127.00014,37.45305],[126.99986,37.45313],[126.99979,37.45319],[126.99981,37.45347],[126.99961,37.45375],[126.99955,37.45403],[126.99931,37.45417],[126.99903,37.45423],[126.99847,37.45427],[126.99819,37.45441],[126.99764,37.45443],[126.99736,37.45464],[126.99686,37.45486],[126.99653,37.45493],[126.99619,37.45514],[126.99597,37.45518],[126.99569,37.45533],[126.99551,37.45514],[126.99585,37.45458],[126.99597,37.45454],[126.99625,37.45429],[126.99653,37.45419],[126.99708,37.45374],[126.99736,37.45363],[126.9977,37.45319],[126.99778,37.45292],[126.99764,37.45274],[126.99708,37.45264],[126.99699,37.45236],[126.997,37.45208],[126.99736,37.45209],[126.99764,37.45203],[126.99792,37.45189],[126.99801,37.45181],[126.998,37.45153],[126.99819,37.4514],[126.99847,37.45176],[126.99875,37.45188],[126.99903,37.45181],[126.99937,37.45153],[126.99928,37.45125],[126.99903,37.45084],[126.99885,37.45069],[126.99847,37.45053],[126.99819,37.45057],[126.99798,37.45069],[126.99788,37.45097],[126.99764,37.45109],[126.99748,37.45125],[126.99708,37.45139],[126.99681,37.4516],[126.99653,37.45174],[126.99625,37.45169],[126.99514,37.45195],[126.99496,37.45208],[126.995,37.45236],[126.99486,37.45244],[126.99458,37.45229],[126.99431,37.45231],[126.99402,37.45236],[126.99375,37.45264],[126.99347,37.45268],[126.99326,37.45264],[126.99341,37.45181],[126.99339,37.45153],[126.99296,37.45125],[126.99286,37.45097],[126.99292,37.45066],[126.99264,37.45059],[126.99229,37.45042],[126.99205,37.45014],[126.99203,37.44986],[126.99185,37.44958],[126.99195,37.44931],[126.99264,37.44905],[126.99265,37.44875],[126.99319,37.44828],[126.99347,37.44814],[126.99365,37.44792],[126.99344,37.44764],[126.99341,37.44736],[126.99347,37.4472],[126.99375,37.44733],[126.99403,37.44726],[126.99431,37.44726],[126.99458,37.44717],[126.9947,37.44708],[126.99514,37.44653],[126.99521,37.44625],[126.99503,37.44514],[126.99486,37.44494],[126.99458,37.44475],[126.99418,37.44431],[126.994,37.44403],[126.99398,37.44375],[126.99371,37.44347],[126.99378,37.44319],[126.99397,37.44292],[126.99395,37.44236],[126.99375,37.44202],[126.99319,37.44179],[126.99316,37.44153],[126.99322,37.44125],[126.99308,37.44097],[126.99319,37.4408],[126.99347,37.4406],[126.99356,37.44042],[126.99356,37.44014],[126.99367,37.43986],[126.99363,37.43958],[126.99364,37.43903],[126.9937,37.43875],[126.99393,37.43847],[126.99399,37.43819],[126.99391,37.43792],[126.99361,37.43736],[126.9936,37.43708],[126.99346,37.43681],[126.99322,37.43653],[126.99314,37.43625],[126.99292,37.43607],[126.99264,37.43597],[126.99318,37.43569],[126.99292,37.43553],[126.99285,37.43542],[126.99264,37.43527],[126.99236,37.43527],[126.99216,37.43542],[126.99208,37.43554],[126.99181,37.43548],[126.99173,37.43542],[126.99206,37.43514],[126.99182,37.43486],[126.99208,37.43473],[126.99264,37.43468],[126.99292,37.4346],[126.99319,37.43438],[126.99347,37.43436],[126.99353,37.43431],[126.99355,37.43403],[126.99364,37.43375],[126.99375,37.43359],[126.99431,37.43333],[126.99438,37.43319],[126.99428,37.43292],[126.99446,37.43264],[126.99431,37.43252],[126.99403,37.43247],[126.99396,37.43236],[126.99418,37.43208],[126.99403,37.43186],[126.99375,37.43181],[126.99388,37.43153],[126.99375,37.43149],[126.99347,37.43118],[126.99319,37.43129],[126.99311,37.43125],[126.99292,37.43065],[126.99264,37.43057],[126.99252,37.43069],[126.99273,37.43097],[126.99269,37.43125],[126.99264,37.4313],[126.99236,37.43103],[126.99223,37.43097],[126.99208,37.43079],[126.99204,37.43069],[126.99242,37.43042],[126.99228,37.43014],[126.99247,37.42986],[126.99181,37.42979],[126.99165,37.42958],[126.99222,37.42903],[126.99213,37.42875],[126.99181,37.42824],[126.99153,37.42843],[126.99125,37.42836],[126.99069,37.42851],[126.99019,37.42847],[126.99007,37.42819],[126.99044,37.42792],[126.99052,37.42764],[126.99042,37.42752],[126.99014,37.42742],[126.98986,37.42748],[126.98931,37.42771],[126.98875,37.42777],[126.98845,37.42764],[126.98817,37.42708],[126.98847,37.42696],[126.9888,37.42653],[126.98875,37.42645],[126.98847,37.42633],[126.98792,37.42648],[126.98764,37.42663],[126.98736,37.42644],[126.9872,37.42625],[126.98708,37.42597],[126.98681,37.42579],[126.98677,37.42569],[126.98708,37.42563],[126.98729,37.42542],[126.98764,37.42522],[126.98814,37.42458],[126.98792,37.42447],[126.98777,37.42431],[126.98764,37.42401],[126.98736,37.424],[126.98708,37.42415],[126.98681,37.42419],[126.9867,37.42403],[126.9869,37.42375],[126.98764,37.42363],[126.98792,37.42349],[126.98819,37.42372],[126.98847,37.42367],[126.98875,37.42347],[126.98903,37.42364],[126.98952,37.42375],[126.98954,37.42403],[126.98945,37.42431],[126.98944,37.42458],[126.98929,37.42486],[126.98986,37.42525],[126.99014,37.42533],[126.99027,37.42542],[126.99017,37.42569],[126.99045,37.42597],[126.99014,37.42607],[126.99003,37.42625],[126.99014,37.42641],[126.99069,37.4265],[126.99097,37.42665],[126.99125,37.4267],[126.99153,37.42699],[126.99183,37.42681],[126.99183,37.42653],[126.99194,37.42625],[126.9919,37.42597],[126.99264,37.42578],[126.99273,37.42597],[126.99276,37.42653],[126.9925,37.42681],[126.99245,37.42708],[126.99254,37.42736],[126.99264,37.42746],[126.9927,37.42736],[126.99292,37.42721],[126.99319,37.42726],[126.9933,37.42736],[126.99319,37.42785],[126.9931,37.42792],[126.99295,37.42819],[126.99299,37.42847],[126.99285,37.42875],[126.99292,37.42888],[126.99319,37.42894],[126.99375,37.42866],[126.99403,37.42882],[126.99431,37.42864],[126.99446,37.42847],[126.99431,37.42832],[126.99403,37.42821],[126.99375,37.42824],[126.9937,37.42819],[126.99365,37.42792],[126.99375,37.42751],[126.99403,37.42752],[126.99407,37.42764],[126.99431,37.42786],[126.99458,37.42786],[126.99486,37.42797],[126.99518,37.42792],[126.99542,37.4278],[126.99579,37.42819],[126.99583,37.42847],[126.99597,37.4287],[126.99621,37.42847],[126.9961,37.42819],[126.99625,37.42797],[126.99653,37.42802],[126.99679,37.42792],[126.99672,37.42764],[126.99681,37.42758],[126.99687,37.42764],[126.99682,37.42792],[126.99708,37.4281],[126.99736,37.42799],[126.99764,37.42803],[126.99783,37.42819],[126.99764,37.4284],[126.9973,37.42847],[126.99746,37.42875],[126.99715,37.42903],[126.99703,37.42931],[126.99681,37.42937],[126.99653,37.42928],[126.99625,37.42951],[126.99597,37.42937],[126.99576,37.42958],[126.99597,37.42982],[126.99625,37.42998],[126.99653,37.42963],[126.99681,37.42977],[126.99701,37.42958],[126.99708,37.42935],[126.99736,37.42954],[126.99764,37.42952],[126.99782,37.42931],[126.9975,37.42903],[126.99764,37.42884],[126.99781,37.42875],[126.99792,37.42861],[126.99875,37.42904],[126.99885,37.42903],[126.99883,37.42875],[126.99903,37.42858],[126.99931,37.42837],[126.99942,37.42847],[126.99941,37.42875],[126.99908,37.42903],[126.99931,37.42914],[126.99958,37.42912],[126.99976,37.42931],[126.99958,37.42947],[126.99931,37.42958],[126.99903,37.42951],[126.99896,37.42958],[126.99903,37.42966],[126.99931,37.42958],[126.99985,37.42986],[127.0,37.43014],[126.99998,37.43042],[126.99975,37.43097],[126.99937,37.43125],[126.99957,37.43181],[126.99956,37.43208],[126.99959,37.43208],[126.99962,37.43181],[126.99986,37.43172],[127.00015,37.43236],[126.99985,37.43236],[126.99996,37.43264],[126.99986,37.43282],[126.99958,37.43301],[126.99931,37.43305],[126.99912,37.43319],[126.99986,37.4335],[127.00014,37.43377],[127.00042,37.4339],[127.00063,37.43375],[127.00069,37.43347],[127.00125,37.43361],[127.00153,37.43353],[127.00181,37.43363],[127.00188,37.43375],[127.00181,37.43387],[127.00153,37.43394],[127.00125,37.4341],[127.00069,37.43414],[127.00049,37.43431],[127.00057,37.43458],[127.00073,37.43486],[127.00097,37.4351],[127.00107,37.43514],[127.00097,37.43518],[127.00069,37.43556],[127.00049,37.43569],[127.00072,37.43597],[127.00069,37.436],[127.00042,37.43621],[127.00022,37.43625],[127.00029,37.43653],[127.00009,37.43681],[127.00014,37.43708],[127.0,37.43736],[127.00009,37.43792],[127.00014,37.43798],[127.00061,37.43736],[127.00057,37.43708],[127.00069,37.4367],[127.00153,37.4358],[127.00171,37.43569],[127.00181,37.43554],[127.00195,37.43597],[127.00176,37.43625],[127.00177,37.43681],[127.00153,37.43696],[127.00147,37.43708],[127.00153,37.43714],[127.00181,37.43717],[127.00226,37.43764],[127.00236,37.43785],[127.00264,37.43795],[127.00292,37.43772],[127.00375,37.43745],[127.00403,37.43745],[127.00431,37.43724],[127.00458,37.43719],[127.00486,37.43696],[127.00542,37.43685],[127.00569,37.43662],[127.00617,37.43653],[127.00624,37.43625],[127.00613,37.43597],[127.00625,37.43574],[127.00653,37.43588],[127.00681,37.4361],[127.0072,37.43625],[127.00681,37.43636],[127.00653,37.43631],[127.00632,37.43653],[127.00653,37.4367],[127.00708,37.43695],[127.00736,37.43701],[127.00764,37.43699],[127.00768,37.43708],[127.00764,37.43717],[127.00738,37.43736],[127.00751,37.43764],[127.00758,37.43819],[127.00792,37.43854],[127.008,37.43847],[127.00803,37.43819],[127.00796,37.43792],[127.00775,37.43764],[127.00775,37.43736],[127.00819,37.43704],[127.00833,37.43708],[127.00903,37.4379],[127.00911,37.43792],[127.00916,37.43819],[127.00931,37.43837],[127.00965,37.43819],[127.00992,37.43792],[127.00986,37.43782],[127.00958,37.43789],[127.00931,37.43778],[127.00921,37.43736],[127.009,37.43708],[127.00866,37.43681],[127.00875,37.43671],[127.00903,37.43664],[127.00931,37.43675],[127.0098,37.43736],[127.01014,37.43757],[127.01042,37.43757],[127.01048,37.43736],[127.01097,37.43707],[127.01105,37.43736],[127.01097,37.4377],[127.01069,37.43782],[127.01063,37.43792],[127.01026,37.43819],[127.01016,37.43847],[127.01042,37.43859],[127.01069,37.43838],[127.01073,37.43847],[127.01061,37.43875],[127.01042,37.43896],[127.01014,37.43904],[127.00986,37.43889],[127.00979,37.43903],[127.00975,37.43931],[127.00961,37.43958],[127.0093,37.43986],[127.00986,37.44034],[127.01014,37.44067],[127.01016,37.44097],[127.01042,37.44142],[127.01046,37.44236],[127.01055,37.44264],[127.01049,37.44292],[127.01023,37.44319],[127.0105,37.44347],[127.01054,37.44403],[127.01046,37.44431],[127.01069,37.44454],[127.01153,37.44483],[127.01181,37.44484],[127.01208,37.4447],[127.01214,37.44458],[127.01203,37.44431],[127.01228,37.44403],[127.01228,37.44375],[127.01198,37.44347],[127.01181,37.44318],[127.01178,37.44292],[127.01224,37.44264],[127.01272,37.44264],[127.01294,37.44292],[127.01296,37.44319],[127.01347,37.44372],[127.01375,37.44375],[127.01486,37.44341],[127.01499,37.44347],[127.01542,37.44352],[127.01625,37.44336],[127.01637,37.44319],[127.01653,37.44311],[127.0167,37.44319],[127.01679,37.44347],[127.01708,37.44374],[127.01736,37.4442],[127.01764,37.44481],[127.01811,37.44486],[127.01847,37.44514],[127.01843,37.44542],[127.0183,37.44569],[127.01875,37.44601],[127.01884,37.44625],[127.0184,37.44681],[127.0186,37.44708],[127.01853,37.44792],[127.01875,37.4481],[127.01903,37.4482],[127.01958,37.44808],[127.01975,37.44792],[127.01972,37.44736],[127.02014,37.44733],[127.02042,37.44703],[127.02069,37.44685],[127.02097,37.44683],[127.02125,37.44687],[127.02137,37.44681],[127.02107,37.44653],[127.0212,37.44625],[127.02153,37.44623],[127.02181,37.44644],[127.02202,37.44653],[127.02205,37.44681],[127.02192,37.44708],[127.02208,37.44723],[127.02236,37.44723],[127.0228,37.44736],[127.02292,37.44756],[127.0235,37.44764],[127.02375,37.44784],[127.02403,37.44791],[127.02431,37.44812],[127.02431,37.44825],[127.02403,37.44848],[127.02326,37.44931],[127.02337,37.44958],[127.02359,37.44986],[127.02316,37.45014],[127.02307,37.45042],[127.02314,37.45069],[127.02264,37.45082],[127.02236,37.45099],[127.02221,37.45125],[127.02229,37.45153],[127.02245,37.45181],[127.02251,37.45208],[127.02264,37.45214],[127.02319,37.45198],[127.02347,37.45186],[127.02354,37.45181],[127.02361,37.45153],[127.02355,37.45097],[127.02431,37.45095],[127.02458,37.45085],[127.02514,37.45021],[127.02542,37.45012],[127.02585,37.45014],[127.02597,37.45017],[127.02625,37.45037],[127.02681,37.45021],[127.02708,37.45033],[127.02731,37.45069],[127.02764,37.45091],[127.02792,37.45093],[127.02839,37.45125],[127.02875,37.45136],[127.02903,37.45134],[127.02908,37.45153],[127.02875,37.4516],[127.02855,37.45181],[127.02857,37.45208],[127.02896,37.45236],[127.02916,37.45264],[127.02919,37.45292],[127.02904,37.45347],[127.02918,37.45375],[127.02931,37.45388],[127.02986,37.45394],[127.03014,37.45405],[127.03069,37.45408],[127.03097,37.45425],[127.03153,37.45442],[127.03208,37.45502],[127.03216,37.45514],[127.03221,37.45542],[127.03236,37.45556],[127.03292,37.45586],[127.03319,37.45593],[127.03347,37.45594],[127.03375,37.45607],[127.03403,37.45647],[127.03417,37.45653],[127.03458,37.45686],[127.03486,37.45685],[127.03514,37.45666],[127.03542,37.45673],[127.03565,37.45708],[127.03569,37.45771],[127.03625,37.4574],[127.03653,37.45749],[127.03681,37.45789],[127.03736,37.4578],[127.03792,37.45752],[127.03847,37.458],[127.03875,37.4581],[127.03934,37.45764],[127.03958,37.45732],[127.03986,37.45722],[127.03999,37.45736],[127.03996,37.45764],[127.04014,37.45781],[127.04042,37.45788],[127.04097,37.45798],[127.04181,37.45804],[127.04236,37.45801],[127.0427,37.45792],[127.04273,37.45736],[127.04292,37.45725],[127.04347,37.45715],[127.04364,37.45708],[127.04368,37.45653],[127.04347,37.4563],[127.04277,37.45569],[127.04229,37.45514],[127.04222,37.45486],[127.04229,37.45458],[127.04264,37.45445],[127.04279,37.45431],[127.04289,37.45403],[127.04292,37.45377],[127.04319,37.454],[127.04347,37.45403],[127.04355,37.45431],[127.0438,37.45458],[127.04403,37.45472],[127.04431,37.45472],[127.04462,37.45458],[127.04457,37.45486],[127.04472,37.45514],[127.04569,37.45552],[127.04597,37.45554],[127.04625,37.45548],[127.04653,37.4553],[127.04668,37.45514],[127.04643,37.45486],[127.04629,37.45458],[127.04621,37.45375],[127.04597,37.45356],[127.04565,37.45347],[127.04538,37.45319],[127.0455,37.45264],[127.04552,37.45181],[127.04569,37.45102],[127.04597,37.45114],[127.04625,37.45134],[127.04653,37.45164],[127.04681,37.45177],[127.04735,37.45125],[127.04819,37.45094],[127.04875,37.45087],[127.04897,37.45069],[127.04931,37.45066],[127.04958,37.45056],[127.05042,37.45061],[127.05069,37.45047],[127.05101,37.45014],[127.05129,37.44958],[127.05181,37.44942],[127.05208,37.44925],[127.05264,37.44922],[127.05292,37.44912],[127.05319,37.44886],[127.05347,37.44872],[127.05375,37.44868],[127.05383,37.44847],[127.05412,37.44819],[127.05424,37.44792],[127.05431,37.44789],[127.05458,37.44794],[127.05486,37.44764],[127.05514,37.4475],[127.05542,37.44746],[127.05569,37.44728],[127.05625,37.44717],[127.05681,37.44694],[127.05708,37.44681],[127.05736,37.4466],[127.05764,37.44654],[127.05792,37.44626],[127.05819,37.44631],[127.05847,37.44625],[127.05854,37.44597],[127.05885,37.44542],[127.05891,37.44514],[127.05902,37.44486],[127.0592,37.44458],[127.05924,37.44431],[127.05931,37.44418],[127.05958,37.44442],[127.05986,37.44454],[127.06017,37.44486],[127.06017,37.44597],[127.06033,37.44625],[127.0604,37.44653],[127.06024,37.44681],[127.06014,37.44734],[127.05994,37.44792],[127.05931,37.44875],[127.05893,37.44903],[127.05865,37.44958],[127.05878,37.44986],[127.05814,37.45042],[127.0583,37.45097],[127.05825,37.45125],[127.05832,37.45153],[127.05856,37.45208],[127.05854,37.45236],[127.05847,37.45246],[127.05792,37.45239],[127.05722,37.45264],[127.05714,37.45292],[127.05729,37.45319],[127.05653,37.45335],[127.05597,37.45367],[127.05576,37.45403],[127.05569,37.45431],[127.05569,37.45458],[127.05597,37.45488],[127.05681,37.4551],[127.05708,37.45507],[127.05792,37.45475],[127.05819,37.45475],[127.05847,37.45468],[127.05879,37.45431],[127.05873,37.45403],[127.05888,37.45375],[127.0588,37.45347],[127.05903,37.45337],[127.05958,37.45325],[127.05988,37.45347],[127.06014,37.45405],[127.06069,37.45417],[127.06181,37.45414],[127.06199,37.45403],[127.06194,37.45375],[127.06207,37.45347],[127.06212,37.45347],[127.06236,37.4537],[127.0625,37.45347],[127.06292,37.45313],[127.06302,37.45319],[127.06316,37.45347],[127.06319,37.45366],[127.06375,37.45344],[127.06403,37.45357],[127.06431,37.45359],[127.06442,37.45347],[127.06458,37.45343],[127.0647,37.45347],[127.06456,37.45375],[127.06481,37.45403],[127.06485,37.45431],[127.06465,37.45486],[127.06403,37.455],[127.06375,37.45518],[127.06354,37.45542],[127.06347,37.45561],[127.06337,37.45569],[127.06292,37.45597],[127.06264,37.45602],[127.06209,37.45653],[127.06223,37.45681],[127.06265,37.45736],[127.06243,37.45764],[127.06231,37.45792],[127.06286,37.45847],[127.06292,37.45882],[127.06319,37.45899],[127.06334,37.45903],[127.06356,37.45931],[127.06334,37.45958],[127.06349,37.45986],[127.06319,37.46017],[127.06264,37.46023],[127.06236,37.46018],[127.06153,37.4597],[127.06125,37.4594],[127.06123,37.45931],[127.06069,37.45863],[127.06042,37.45852],[127.06014,37.45831],[127.05958,37.45826],[127.05903,37.45802],[127.05847,37.45792],[127.05792,37.4579],[127.05764,37.45806],[127.05736,37.4581],[127.05681,37.45806],[127.05653,37.45817],[127.05625,37.45837],[127.05597,37.45841],[127.05569,37.45835],[127.05542,37.45857],[127.05514,37.45866],[127.05508,37.45847],[127.05537,37.45792],[127.05597,37.45736],[127.05625,37.45719],[127.05635,37.45708],[127.05643,37.45681],[127.05625,37.45649],[127.05569,37.45634],[127.05542,37.45618],[127.05514,37.4561],[127.05458,37.456],[127.05403,37.45601],[127.05319,37.45639],[127.05181,37.45675],[127.05153,37.45689],[127.05131,37.45708],[127.05123,37.45736],[127.051,37.45764],[127.05042,37.45789],[127.05023,37.45819],[127.05025,37.45903],[127.0504,37.45931],[127.05097,37.45951],[127.05125,37.45941],[127.05153,37.4594],[127.05208,37.45952],[127.05224,37.45958],[127.05227,37.45986],[127.05236,37.45996],[127.05264,37.46003],[127.05319,37.46002],[127.05352,37.45986],[127.05365,37.46014],[127.05347,37.46027],[127.05338,37.46042],[127.05347,37.46065],[127.05403,37.46088],[127.05431,37.46086],[127.05497,37.46042],[127.05514,37.46004],[127.05518,37.46069],[127.05507,37.46097],[127.05514,37.46126],[127.05597,37.46165],[127.05625,37.46166],[127.05729,37.46125],[127.05764,37.46129],[127.0585,37.46181],[127.05824,37.46208],[127.05843,37.46236],[127.05819,37.46253],[127.05736,37.46251],[127.05681,37.46274],[127.05653,37.46294],[127.05597,37.46306],[127.05569,37.46329],[127.05486,37.46335],[127.05431,37.46372],[127.05375,37.4636],[127.05347,37.46366],[127.05319,37.46392],[127.05292,37.46387],[127.05264,37.46412],[127.05236,37.46429],[127.0518,37.46431],[127.0519,37.46403],[127.05153,37.46378],[127.05125,37.46374],[127.05069,37.46432],[127.05014,37.46454],[127.04983,37.46458],[127.04967,37.46431],[127.04978,37.46403],[127.04931,37.46339],[127.04903,37.46313],[127.04875,37.46314],[127.04808,37.46403],[127.04764,37.46433],[127.04736,37.46439],[127.04727,37.46431],[127.0472,37.46375],[127.04742,37.46347],[127.04736,37.4634],[127.04708,37.46342],[127.04667,37.46375],[127.04625,37.46397],[127.04618,37.46403],[127.04609,37.46458],[127.04615,37.46486],[127.0463,37.46514],[127.04616,37.46542],[127.04653,37.46573],[127.04668,37.46597],[127.04665,37.46625],[127.04677,37.46653],[127.04697,37.46681],[127.04673,37.46708],[127.04757,37.46736],[127.04781,37.46764],[127.04818,37.46792],[127.04809,37.46819],[127.04847,37.46833],[127.04919,37.46875],[127.04916,37.46903],[127.04945,37.46931],[127.04958,37.46951],[127.04974,37.46958],[127.04954,37.46986]]}},{"type":"Feature","properties":{"elev":50,"idx":0},"geometry":{"type":"LineString","coordinates":[[127.0896,37.46986],[127.0897,37.46903],[127.08973,37.46819],[127.08967,37.46653],[127.08958,37.46602],[127.08931,37.46594],[127.08875,37.46566],[127.08819,37.46564],[127.0881,37.46569],[127.08792,37.46584],[127.0877,37.46625],[127.08719,37.46681],[127.08708,37.46713],[127.08686,37.46736],[127.08649,37.46764],[127.08625,37.46802],[127.08597,37.46815],[127.08572,37.46792],[127.08559,37.46736],[127.08563,37.46708],[127.0858,37.46681],[127.08569,37.46672],[127.08486,37.4666],[127.08403,37.46662],[127.08386,37.46653],[127.08382,37.46625],[127.08403,37.46612],[127.0846,37.46597],[127.08432,37.46569],[127.08403,37.46569],[127.08319,37.46585],[127.08292,37.46545],[127.08283,37.46542],[127.08264,37.46517],[127.08227,37.46514],[127.08217,37.46486],[127.08181,37.46471],[127.08125,37.46464],[127.08097,37.46467],[127.08078,37.46486],[127.08097,37.46534],[127.08106,37.46542],[127.08069,37.46555],[127.08042,37.4655],[127.08028,37.46542],[127.0802,37.46514],[127.08062,37.46486],[127.08069,37.46458],[127.08042,37.46442],[127.08014,37.46446],[127.07986,37.46471],[127.07946,37.46431],[127.07958,37.46423],[127.07986,37.46371],[127.08042,37.46364],[127.08073,37.46375],[127.08097,37.4639],[127.08125,37.46391],[127.08153,37.4639],[127.08186,37.46375],[127.08186,37.46347],[127.08172,37.46319],[127.08174,37.46292],[127.08161,37.46264],[127.08158,37.46236],[127.08148,37.46208],[127.08153,37.46163],[127.08157,37.46153],[127.08181,37.4614],[127.08208,37.46127],[127.08231,37.46125],[127.08181,37.46104],[127.08177,37.46097],[127.08181,37.46091],[127.08208,37.46088],[127.08231,37.46069],[127.08241,37.46042],[127.08284,37.46014],[127.08264,37.45997],[127.08238,37.46014],[127.08236,37.46022],[127.08226,37.46014],[127.08208,37.4601],[127.08182,37.45958],[127.08186,37.45931],[127.08208,37.45926],[127.08249,37.45903],[127.08242,37.45875],[127.08264,37.45834],[127.08279,37.45819],[127.08286,37.45792],[127.08293,37.45792],[127.08322,37.45819],[127.08355,37.45875],[127.08364,37.45903],[127.08353,37.45958],[127.08403,37.46013],[127.08487,37.46069],[127.08486,37.46097],[127.08514,37.4614],[127.08544,37.46153],[127.08561,37.46181],[127.08597,37.46202],[127.08644,37.46208],[127.08681,37.46223],[127.08708,37.46226],[127.08736,37.46214],[127.08766,37.46181],[127.08757,37.46125],[127.08708,37.46082],[127.0868,37.46069],[127.08676,37.46042],[127.08681,37.46031],[127.08764,37.46022],[127.08792,37.46033],[127.08819,37.46022],[127.08847,37.46031],[127.08931,37.46074],[127.08958,37.46097],[127.08975,37.45708],[127.08981,37.45125],[127.08979,37.44181],[127.0897,37.43792],[127.08976,37.43236],[127.08963,37.42958],[127.08968,37.42903],[127.08974,37.42597],[127.08971,37.42181],[127.08978,37.41847],[127.08977,37.41458],[127.08962,37.40764],[127.08963,37.40514],[127.08972,37.40347],[127.08977,37.39514],[127.08968,37.39264],[127.08965,37.38986],[127.08969,37.38931],[127.08962,37.38875],[127.08965,37.38736],[127.08961,37.38681],[127.08973,37.38514],[127.0897,37.38236],[127.08976,37.38097],[127.08979,37.37764],[127.08977,37.37264],[127.08967,37.36958],[127.08976,37.36847],[127.08978,37.36708],[127.08968,37.36403],[127.08979,37.36014]]}},{"type":"Feature","properties":{"elev":50,"idx":0},"geometry":{"type":"LineString","coordinates":[[127.03091,37.46569],[127.03097,37.46595],[127.03135,37.46569],[127.03125,37.46562],[127.03097,37.46564],[127.03091,37.46569]]}},{"type":"Feature","properties":{"elev":50,"idx":0},"geometry":{"type":"LineString","coordinates":[[127.08181,37.4656],[127.08161,37.46542],[127.08181,37.46524],[127.08208,37.46523],[127.08216,37.46542],[127.08181,37.4656]]}},{"type":"Feature","properties":{"elev":50,"idx":0},"geometry":{"type":"LineString","coordinates":[[127.07986,37.46514],[127.07984,37.46514],[127.07986,37.46514],[127.07986,37.46514]]}},{"type":"Feature","properties":{"elev":50,"idx":0},"geometry":{"type":"LineString","coordinates":[[127.07931,37.46459],[127.0793,37.46458],[127.07931,37.46458],[127.07931,37.46458],[127.07931,37.46459]]}},{"type":"Feature","properties":{"elev":50,"idx":0},"geometry":{"type":"LineString","coordinates":[[127.02233,37.46403],[127.02264,37.46418],[127.02292,37.46414],[127.02311,37.46403],[127.02297,37.46375],[127.02264,37.46364],[127.02245,37.46375],[127.02233,37.46403]]}},{"type":"Feature","properties":{"elev":50,"idx":0},"geometry":{"type":"LineString","coordinates":[[127.08607,37.46403],[127.08625,37.46412],[127.08681,37.46416],[127.087,37.46403],[127.08709,37.46375],[127.08708,37.46347],[127.08744,37.46319],[127.08736,37.46306],[127.08708,37.46282],[127.08653,37.46268],[127.08627,37.46292],[127.08625,37.46319],[127.08597,37.46375],[127.08607,37.46403]]}},{"type":"Feature","properties":{"elev":50,"idx":0},"geometry":{"type":"LineString","coordinates":[[127.08498,37.46264],[127.08514,37.46275],[127.08545,37.46264],[127.08514,37.46249],[127.08498,37.46264]]}},{"type":"Feature","properties":{"elev":50,"idx":0},"geometry":{"type":"LineString","coordinates":[[127.03345,37.46042],[127.03347,37.46045],[127.03353,37.46042],[127.03347,37.46041],[127.03345,37.46042]]}},{"type":"Feature","properties":{"elev":50,"idx":0},"geometry":{"type":"LineString","coordinates":[[127.03064,37.45875],[127.03097,37.45891],[127.03113,37.45875],[127.03097,37.45855],[127.03069,37.45844],[127.03063,37.45847],[127.03064,37.45875]]}},{"type":"Feature","properties":{"elev":50,"idx":0},"geometry":{"type":"LineString","coordinates":[[127.05597,37.45884],[127.05592,37.45875],[127.05597,37.45863],[127.05611,37.45875],[127.05597,37.45884]]}},{"type":"Feature","properties":{"elev":50,"idx":0},"geometry":{"type":"LineString","coordinates":[[127.08208,37.45879],[127.08204,37.45875],[127.08208,37.45873],[127.08226,37.45875],[127.08208,37.45879]]}},{"type":"Feature","properties":{"elev":50,"idx":0},"geometry":{"type":"LineString","coordinates":[[127.03144,37.45847],[127.03153,37.4585],[127.03157,37.45847],[127.03153,37.45843],[127.03144,37.45847]]}},{"type":"Feature","properties":{"elev":50,"idx":0},"geometry":{"type":"LineString","coordinates":[[127.03035,37.45819],[127.03042,37.45837],[127.03055,37.45819],[127.03042,37.45813],[127.03035,37.45819]]}},{"type":"Feature","properties":{"elev":50,"idx":0},"geometry":{"type":"LineString","coordinates":[[127.03194,37.45653],[127.03208,37.45662],[127.03236,37.45663],[127.0325,37.45653],[127.03236,37.45637],[127.03208,37.45621],[127.03201,37.45625],[127.03194,37.45653]]}},{"type":"Feature","properties":{"elev":50,"idx":0},"geometry":{"type":"LineString","coordinates":[[127.06305,37.45431],[127.06319,37.45441],[127.06345,37.45431],[127.06319,37.45404],[127.06305,37.45431]]}},{"type":"Feature","properties":{"elev":50,"idx":0},"geometry":{"type":"LineString","coordinates":[[127.06263,37.45403],[127.06265,37.45403],[127.06264,37.45375],[127.06263,37.45375],[127.06263,37.45403]]}},{"type":"Feature","properties":{"elev":50,"idx":0},"geometry":{"type":"LineString","coordinates":[[127.0636,37.45403],[127.06375,37.45428],[127.064,37.45403],[127.06375,37.45389],[127.0636,37.45403]]}},{"type":"Feature","properties":{"elev":50,"idx":0},"geometry":{"type":"LineString","coordinates":[[127.02614,37.45375],[127.02625,37.45383],[127.02653,37.45384],[127.02677,37.45375],[127.02687,37.45319],[127.02702,37.45292],[127.02681,37.45281],[127.02653,37.45297],[127.02625,37.45302],[127.02596,37.45319],[127.0259,37.45347],[127.02614,37.45375]]}},{"type":"Feature","properties":{"elev":50,"idx":0},"geometry":{"type":"LineString","coordinates":[[127.02706,37.45264],[127.02708,37.45273],[127.02712,37.45264],[127.02706,37.45264]]}},{"type":"Feature","properties":{"elev":50,"idx":0},"geometry":{"type":"LineString","coordinates":[[127.01229,37.45042],[127.01264,37.45051],[127.01292,37.4505],[127.01313,37.45042],[127.01292,37.45032],[127.01264,37.4501],[127.01252,37.45014],[127.01236,37.45028],[127.01229,37.45042]]}},{"type":"Feature","properties":{"elev":50,"idx":0},"geometry":{"type":"LineString","coordinates":[[127.01342,37.44903],[127.01347,37.44907],[127.0136,37.44903],[127.01375,37.44875],[127.01365,37.44847],[127.01355,37.44792],[127.01347,37.4478],[127.01319,37.44776],[127.013,37.44792],[127.01291,37.44819],[127.01292,37.44847],[127.01307,37.44875],[127.01342,37.44903]]}},{"type":"Feature","properties":{"elev":50,"idx":0},"geometry":{"type":"LineString","coordinates":[[127.05706,37.44903],[127.05712,37.44903],[127.05708,37.4488],[127.05706,37.44903]]}},{"type":"Feature","properties":{"elev":50,"idx":0},"geometry":{"type":"LineString","coordinates":[[127.02284,37.44792],[127.02292,37.448],[127.02306,37.44792],[127.02292,37.44767],[127.02284,37.44792]]}},{"type":"Feature","properties":{"elev":50,"idx":0},"geometry":{"type":"LineString","coordinates":[[127.01081,37.44736],[127.01125,37.44755],[127.01145,37.44736],[127.01125,37.44715],[127.01097,37.44697],[127.01088,37.44681],[127.01069,37.44662],[127.01042,37.44641],[127.00986,37.44612],[127.00958,37.44608],[127.00931,37.44616],[127.00921,37.44625],[127.00913,37.44653],[127.00958,37.44676],[127.0099,37.44708],[127.01014,37.44723],[127.01069,37.4473],[127.01081,37.44736]]}},{"type":"Feature","properties":{"elev":50,"idx":0},"geometry":{"type":"LineString","coordinates":[[127.01787,37.44625],[127.01792,37.44629],[127.01814,37.44625],[127.01792,37.4462],[127.01787,37.44625]]}},{"type":"Feature","properties":{"elev":50,"idx":0},"geometry":{"type":"LineString","coordinates":[[127.00467,37.44014],[127.00486,37.44023],[127.00494,37.44014],[127.00486,37.4401],[127.00467,37.44014]]}},{"type":"Feature","properties":{"elev":50,"idx":0},"geometry":{"type":"LineString","coordinates":[[127.00665,37.43931],[127.00681,37.43935],[127.00708,37.43926],[127.00722,37.43903],[127.00678,37.43847],[127.00653,37.43827],[127.00625,37.43792],[127.00597,37.43778],[127.00569,37.43792],[127.00486,37.43793],[127.00458,37.43797],[127.00389,37.43819],[127.00375,37.43843],[127.00375,37.43848],[127.00431,37.4387],[127.00519,37.43875],[127.00569,37.4389],[127.00611,37.43903],[127.00653,37.43928],[127.00665,37.43931]]}},{"type":"Feature","properties":{"elev":50,"idx":0},"geometry":{"type":"LineString","coordinates":[[127.01097,37.43933],[127.01079,37.43931],[127.01097,37.43901],[127.01104,37.43903],[127.01101,37.43931],[127.01097,37.43933]]}},{"type":"Feature","properties":{"elev":50,"idx":0},"geometry":{"type":"LineString","coordinates":[[127.00264,37.4375],[127.00246,37.43736],[127.00264,37.43725],[127.00292,37.43724],[127.00319,37.43708],[127.00347,37.43698],[127.00375,37.43704],[127.00378,37.43708],[127.00375,37.43714],[127.00347,37.43716],[127.00326,37.43736],[127.00319,37.43756],[127.00264,37.4375]]}},{"type":"Feature","properties":{"elev":50,"idx":0},"geometry":{"type":"LineString","coordinates":[[127.00708,37.43736],[127.00708,37.43736],[127.00709,37.43736],[127.00708,37.43736],[127.00708,37.43736]]}},{"type":"Feature","properties":{"elev":50,"idx":0},"geometry":{"type":"LineString","coordinates":[[127.00208,37.43682],[127.00198,37.43681],[127.00208,37.4367],[127.00215,37.43653],[127.00236,37.43642],[127.00264,37.43638],[127.00279,37.43653],[127.00264,37.4366],[127.00236,37.43684],[127.00208,37.43682]]}},{"type":"Feature","properties":{"elev":50,"idx":0},"geometry":{"type":"LineString","coordinates":[[127.01125,37.43682],[127.01123,37.43681],[127.01127,37.43681],[127.01125,37.43682]]}},{"type":"Feature","properties":{"elev":50,"idx":0},"geometry":{"type":"LineString","coordinates":[[127.00736,37.43656],[127.00732,37.43653],[127.00736,37.43642],[127.00766,37.43653],[127.00736,37.43656]]}},{"type":"Feature","properties":{"elev":50,"idx":0},"geometry":{"type":"LineString","coordinates":[[127.00375,37.43626],[127.00348,37.43625],[127.00375,37.43619],[127.00385,37.43625],[127.00375,37.43626]]}},{"type":"Feature","properties":{"elev":50,"idx":0},"geometry":{"type":"LineString","coordinates":[[126.99336,37.43597],[126.99347,37.43607],[126.99379,37.43597],[126.99347,37.43589],[126.99336,37.43597]]}},{"type":"Feature","properties":{"elev":50,"idx":0},"geometry":{"type":"LineString","coordinates":[[126.99236,37.43579],[126.99232,37.43569],[126.99236,37.43567],[126.99239,37.43569],[126.99236,37.43579]]}},{"type":"Feature","properties":{"elev":50,"idx":0},"geometry":{"type":"LineString","coordinates":[[127.00653,37.43546],[127.00641,37.43542],[127.00653,37.43531],[127.00654,37.43542],[127.00653,37.43546]]}},{"type":"Feature","properties":{"elev":50,"idx":0},"geometry":{"type":"LineString","coordinates":[[126.99428,37.43514],[126.99434,37.43514],[126.99435,37.43486],[126.99431,37.43481],[126.99425,37.43486],[126.99428,37.43514]]}},{"type":"Feature","properties":{"elev":50,"idx":0},"geometry":{"type":"LineString","coordinates":[[126.99839,37.43514],[126.99847,37.43519],[126.99868,37.43514],[126.99847,37.43508],[126.99839,37.43514]]}},{"type":"Feature","properties":{"elev":50,"idx":0},"geometry":{"type":"LineString","coordinates":[[126.99153,37.43504],[126.99136,37.43486],[126.99153,37.43478],[126.99178,37.43486],[126.99153,37.43504]]}},{"type":"Feature","properties":{"elev":50,"idx":0},"geometry":{"type":"LineString","coordinates":[[126.99362,37.43458],[126.99375,37.4347],[126.99403,37.43474],[126.99418,37.43458],[126.99403,37.43441],[126.99375,37.43444],[126.99362,37.43458]]}},{"type":"Feature","properties":{"elev":50,"idx":0},"geometry":{"type":"LineString","coordinates":[[126.99869,37.43458],[126.99875,37.43463],[126.9988,37.43458],[126.99875,37.43454],[126.99869,37.43458]]}},{"type":"Feature","properties":{"elev":50,"idx":0},"geometry":{"type":"LineString","coordinates":[[126.99264,37.433],[126.99254,37.43292],[126.99264,37.43282],[126.99292,37.43283],[126.99297,37.43292],[126.99292,37.43299],[126.99264,37.433]]}},{"type":"Feature","properties":{"elev":50,"idx":0},"geometry":{"type":"LineString","coordinates":[[126.99319,37.4327],[126.99309,37.43264],[126.99319,37.43249],[126.99347,37.43245],[126.99375,37.43251],[126.99393,37.43264],[126.99375,37.4327],[126.99319,37.4327]]}},{"type":"Feature","properties":{"elev":50,"idx":0},"geometry":{"type":"LineString","coordinates":[[126.99651,37.43236],[126.99708,37.43237],[126.9971,37.43236],[126.99653,37.43235],[126.99651,37.43236]]}},{"type":"Feature","properties":{"elev":50,"idx":0},"geometry":{"type":"LineString","coordinates":[[126.99923,37.43236],[126.99931,37.43239],[126.99939,37.43236],[126.99931,37.43225],[126.99923,37.43236]]}},{"type":"Feature","properties":{"elev":50,"idx":0},"geometry":{"type":"LineString","coordinates":[[126.99319,37.43185],[126.99312,37.43181],[126.99319,37.43177],[126.99328,37.43181],[126.99319,37.43185]]}},{"type":"Feature","properties":{"elev":50,"idx":0},"geometry":{"type":"LineString","coordinates":[[126.99595,37.43097],[126.99597,37.43099],[126.99598,37.43097],[126.99597,37.43096],[126.99595,37.43097]]}},{"type":"Feature","properties":{"elev":50,"idx":0},"geometry":{"type":"LineString","coordinates":[[126.99531,37.42986],[126.99542,37.42996],[126.99563,37.42986],[126.99542,37.42966],[126.99531,37.42986]]}},{"type":"Feature","properties":{"elev":50,"idx":0},"geometry":{"type":"LineString","coordinates":[[126.99828,37.42986],[126.99875,37.42995],[126.9988,37.42986],[126.99875,37.42981],[126.99847,37.4298],[126.99828,37.42986]]}},{"type":"Feature","properties":{"elev":50,"idx":0},"geometry":{"type":"LineString","coordinates":[[127.00042,37.42989],[127.00029,37.42986],[127.00042,37.42983],[127.00042,37.42989]]}},{"type":"Feature","properties":{"elev":50,"idx":0},"geometry":{"type":"LineString","coordinates":[[126.99483,37.42931],[126.99486,37.42935],[126.9949,37.42931],[126.99486,37.42915],[126.99483,37.42931]]}},{"type":"Feature","properties":{"elev":50,"idx":0},"geometry":{"type":"LineString","coordinates":[[126.99014,37.4288],[126.99008,37.42875],[126.99014,37.42851],[126.99019,37.42875],[126.99014,37.4288]]}},{"type":"Feature","properties":{"elev":50,"idx":0},"geometry":{"type":"LineString","coordinates":[[126.99986,37.4289],[126.99975,37.42875],[126.99986,37.42868],[126.99995,37.42875],[126.99986,37.4289]]}},{"type":"Feature","properties":{"elev":50,"idx":0},"geometry":{"type":"LineString","coordinates":[[126.99498,37.42847],[126.99514,37.42856],[126.99521,37.42847],[126.99514,37.42835],[126.99498,37.42847]]}},{"type":"Feature","properties":{"elev":50,"idx":0},"geometry":{"type":"LineString","coordinates":[[126.99847,37.42828],[126.99834,37.42819],[126.99858,37.42792],[126.99875,37.42784],[126.99907,37.42792],[126.99916,37.42819],[126.99903,37.42836],[126.99875,37.42835],[126.99847,37.42828]]}},{"type":"Feature","properties":{"elev":50,"idx":0},"geometry":{"type":"LineString","coordinates":[[126.99569,37.42776],[126.99553,37.42764],[126.99597,37.42756],[126.99619,37.42764],[126.99569,37.42776]]}},{"type":"Feature","properties":{"elev":50,"idx":0},"geometry":{"type":"LineString","coordinates":[[126.99819,37.42764],[126.99817,37.42764],[126.99819,37.42762],[126.99819,37.42764]]}},{"type":"Feature","properties":{"elev":50,"idx":0},"geometry":{"type":"LineString","coordinates":[[126.99958,37.42769],[126.99955,37.42764],[126.99958,37.42759],[126.99961,37.42764],[126.99958,37.42769]]}},{"type":"Feature","properties":{"elev":50,"idx":0},"geometry":{"type":"LineString","coordinates":[[126.99625,37.42755],[126.9962,37.42736],[126.99597,37.42716],[126.99572,37.42681],[126.99597,37.42667],[126.99625,37.42642],[126.99641,37.42653],[126.99659,37.42681],[126.99635,37.42708],[126.99625,37.42755]]}},{"type":"Feature","properties":{"elev":50,"idx":0},"geometry":{"type":"LineString","coordinates":[[126.99319,37.42681],[126.99319,37.42681],[126.99319,37.4268],[126.9932,37.42681],[126.99319,37.42681]]}},{"type":"Feature","properties":{"elev":50,"idx":0},"geometry":{"type":"LineString","coordinates":[[126.99542,37.42681],[126.99542,37.42679],[126.99546,37.42681],[126.99542,37.42681]]}},{"type":"Feature","properties":{"elev":50,"idx":0},"geometry":{"type":"LineString","coordinates":[[126.99097,37.42575],[126.99095,37.42569],[126.99112,37.42542],[126.99115,37.42514],[126.9913,37.42514],[126.99139,37.42542],[126.99138,37.42569],[126.99125,37.42596],[126.99097,37.42575]]}},{"type":"Feature","properties":{"elev":50,"idx":0},"geometry":{"type":"LineString","coordinates":[[126.98736,37.42463],[126.9873,37.42458],[126.98736,37.42453],[126.98768,37.42458],[126.98736,37.42463]]}},{"type":"Feature","properties":{"elev":50,"idx":0},"geometry":{"type":"LineString","coordinates":[[126.98597,37.42444],[126.98584,37.42431],[126.98597,37.42424],[126.98618,37.42403],[126.9861,37.42375],[126.98666,37.42375],[126.98633,37.42403],[126.98664,37.42431],[126.98625,37.42433],[126.98597,37.42444]]}},{"type":"Feature","properties":{"elev":50,"idx":0},"geometry":{"type":"LineString","coordinates":[[126.98958,37.42366],[126.98955,37.42347],[126.98958,37.42342],[126.9896,37.42347],[126.98958,37.42366]]}},{"type":"Feature","properties":{"elev":50,"idx":0},"geometry":{"type":"LineString","coordinates":[[126.98875,37.42345],[126.98869,37.42319],[126.98885,37.42292],[126.98885,37.42264],[126.98903,37.42241],[126.98941,37.42264],[126.98924,37.42319],[126.98903,37.42334],[126.98875,37.42345]]}},{"type":"Feature","properties":{"elev":50,"idx":0},"geometry":{"type":"LineString","coordinates":[[126.98875,37.42116],[126.98863,37.42069],[126.98875,37.42062],[126.98903,37.42063],[126.98931,37.42089],[126.9896,37.42097],[126.98903,37.42114],[126.98875,37.42116]]}},{"type":"Feature","properties":{"elev":50,"idx":0},"geometry":{"type":"LineString","coordinates":[[126.98014,37.40733],[126.98069,37.40741],[126.98125,37.40737],[126.98153,37.40742],[126.98181,37.40756],[126.98181,37.40764],[126.98158,37.40792],[126.98165,37.40819],[126.98181,37.40835],[126.98215,37.40847],[126.98264,37.40896],[126.98285,37.40903],[126.98319,37.40925],[126.98375,37.40983],[126.98389,37.40986],[126.98375,37.41008],[126.98319,37.41005],[126.98292,37.41033],[126.98236,37.4104],[126.98157,37.41014],[126.98125,37.40983],[126.98069,37.40981],[126.98042,37.40996],[126.98014,37.40978]]}},{"type":"Feature","properties":{"elev":50,"idx":0},"geometry":{"type":"LineString","coordinates":[[126.98069,37.40629],[126.98057,37.40625],[126.98069,37.40617],[126.98113,37.40625],[126.98069,37.40629]]}},{"type":"Feature","properties":{"elev":50,"idx":0},"geometry":{"type":"LineString","coordinates":[[126.98014,37.40366],[126.98069,37.40362],[126.98097,37.40346],[126.98153,37.4034],[126.98181,37.40324],[126.98236,37.40316],[126.98249,37.40319],[126.98264,37.40339],[126.98318,37.40375],[126.98292,37.40381],[126.98236,37.40383],[126.98208,37.40406],[126.98181,37.40438],[126.98153,37.40447],[126.98125,37.4047],[126.98097,37.4047],[126.98069,37.40485],[126.98046,37.40542],[126.98042,37.40569],[126.9805,37.40597],[126.98042,37.40611],[126.98014,37.40603]]}},{"type":"Feature","properties":{"elev":50,"idx":0},"geometry":{"type":"LineString","coordinates":[[126.98653,37.40326],[126.98647,37.40319],[126.98653,37.40314],[126.98659,37.40319],[126.98653,37.40326]]}},{"type":"Feature","properties":{"elev":50,"idx":0},"geometry":{"type":"LineString","coordinates":[[126.98014,37.40167],[126.98043,37.40181],[126.98042,37.40186],[126.98014,37.40191]]}},{"type":"Feature","properties":{"elev":50,"idx":0},"geometry":{"type":"LineString","coordinates":[[126.98542,37.40154],[126.98537,37.40153],[126.98542,37.40148],[126.98548,37.40153],[126.98542,37.40154]]}},{"type":"Feature","properties":{"elev":50,"idx":0},"geometry":{"type":"LineString","coordinates":[[126.98014,37.39895],[126.98042,37.39897],[126.98071,37.39931],[126.98062,37.39958],[126.98042,37.39975],[126.98014,37.39952]]}},{"type":"Feature","properties":{"elev":50,"idx":0},"geometry":{"type":"LineString","coordinates":[[126.98125,37.39798],[126.98114,37.39792],[126.98176,37.39792],[126.98153,37.39797],[126.98125,37.39798]]}},{"type":"Feature","properties":{"elev":50,"idx":0},"geometry":{"type":"LineString","coordinates":[[126.98569,37.39809],[126.98557,37.39792],[126.98567,37.39764],[126.9855,37.39736],[126.98569,37.39718],[126.98597,37.39719],[126.98605,37.39736],[126.98597,37.39755],[126.98574,37.39764],[126.98583,37.39792],[126.98569,37.39809]]}},{"type":"Feature","properties":{"elev":50,"idx":0},"geometry":{"type":"LineString","coordinates":[[126.98014,37.39759],[126.98042,37.39766],[126.98049,37.39764],[126.98066,37.39736],[126.98042,37.39714],[126.98014,37.39728]]}},{"type":"Feature","properties":{"elev":50,"idx":0},"geometry":{"type":"LineString","coordinates":[[126.9831,37.39736],[126.98319,37.3974],[126.98326,37.39736],[126.98319,37.39734],[126.9831,37.39736]]}},{"type":"Feature","properties":{"elev":50,"idx":0},"geometry":{"type":"LineString","coordinates":[[126.98681,37.39758],[126.98667,37.39736],[126.98681,37.39719],[126.98698,37.39736],[126.98681,37.39758]]}},{"type":"Feature","properties":{"elev":50,"idx":0},"geometry":{"type":"LineString","coordinates":[[126.98015,37.39653],[126.98042,37.39674],[126.98069,37.39668],[126.98082,37.39653],[126.98077,37.39625],[126.98069,37.39619],[126.98042,37.3962],[126.98033,37.39625],[126.98015,37.39653]]}},{"type":"Feature","properties":{"elev":50,"idx":0},"geometry":{"type":"LineString","coordinates":[[126.9842,37.39653],[126.98431,37.39661],[126.98437,37.39653],[126.98431,37.39649],[126.9842,37.39653]]}},{"type":"Feature","properties":{"elev":50,"idx":0},"geometry":{"type":"LineString","coordinates":[[126.98392,37.39569],[126.98403,37.39573],[126.98408,37.39569],[126.98404,37.39542],[126.98375,37.39526],[126.98361,37.39542],[126.98375,37.39564],[126.98392,37.39569]]}},{"type":"Feature","properties":{"elev":50,"idx":0},"geometry":{"type":"LineString","coordinates":[[126.98014,37.39548],[126.98044,37.39542],[126.98042,37.39536],[126.98014,37.39528]]}},{"type":"Feature","properties":{"elev":50,"idx":0},"geometry":{"type":"LineString","coordinates":[[126.98014,37.39324],[126.98017,37.39319],[126.98014,37.39318]]}},{"type":"Feature","properties":{"elev":50,"idx":0},"geometry":{"type":"LineString","coordinates":[[126.98063,37.39292],[126.98069,37.39299],[126.98082,37.39292],[126.98069,37.3925],[126.98045,37.39264],[126.98063,37.39292]]}},{"type":"Feature","properties":{"elev":50,"idx":0},"geometry":{"type":"LineString","coordinates":[[126.98503,37.39292],[126.98514,37.39298],[126.98569,37.39309],[126.98597,37.393],[126.98601,37.39292],[126.98597,37.39284],[126.98569,37.39272],[126.98542,37.3927],[126.98514,37.39272],[126.98503,37.39292]]}},{"type":"Feature","properties":{"elev":50,"idx":0},"geometry":{"type":"LineString","coordinates":[[126.99014,37.39294],[126.99013,37.39292],[126.99014,37.3929],[126.99016,37.39292],[126.99014,37.39294]]}},{"type":"Feature","properties":{"elev":50,"idx":0},"geometry":{"type":"LineString","coordinates":[[126.9865,37.39264],[126.98653,37.39268],[126.98681,37.3927],[126.9869,37.39264],[126.98707,37.39208],[126.98681,37.39186],[126.98631,37.39236],[126.9865,37.39264]]}},{"type":"Feature","properties":{"elev":50,"idx":0},"geometry":{"type":"LineString","coordinates":[[126.98724,37.39236],[126.98736,37.39243],[126.98742,37.39236],[126.98736,37.39228],[126.98724,37.39236]]}},{"type":"Feature","properties":{"elev":50,"idx":0},"geometry":{"type":"LineString","coordinates":[[126.98319,37.39215],[126.98298,37.39208],[126.98319,37.392],[126.98347,37.39208],[126.98319,37.39215]]}},{"type":"Feature","properties":{"elev":50,"idx":0},"geometry":{"type":"LineString","coordinates":[[126.98064,37.39181],[126.98069,37.39194],[126.98077,37.39181],[126.98069,37.39177],[126.98064,37.39181]]}},{"type":"Feature","properties":{"elev":50,"idx":0},"geometry":{"type":"LineString","coordinates":[[126.98758,37.39181],[126.98764,37.39199],[126.98792,37.39207],[126.98818,37.39181],[126.98792,37.39168],[126.98764,37.39173],[126.98758,37.39181]]}},{"type":"Feature","properties":{"elev":50,"idx":0},"geometry":{"type":"LineString","coordinates":[[126.98319,37.39114],[126.98298,37.39097],[126.98319,37.39084],[126.9833,37.39097],[126.98319,37.39114]]}},{"type":"Feature","properties":{"elev":50,"idx":0},"geometry":{"type":"LineString","coordinates":[[126.98014,37.39082],[126.98069,37.39085],[126.98087,37.39069],[126.98091,37.39042],[126.98125,37.39024],[126.98148,37.39042],[126.98145,37.39069],[126.9812,37.39097],[126.98153,37.39144],[126.98208,37.39135],[126.98219,37.39153],[126.98236,37.39162],[126.98264,37.39167],[126.98288,37.39181],[126.98288,37.39208],[126.98264,37.39227],[126.98236,37.39226],[126.98222,37.39236],[126.9821,37.39264],[126.98236,37.39274],[126.98255,37.39292],[126.98227,37.39319],[126.98184,37.39347],[126.98153,37.39359],[126.98125,37.39393],[126.98097,37.39386],[126.98069,37.39364],[126.98042,37.39352],[126.98026,37.39375],[126.98016,37.39403],[126.98037,37.39431],[126.98042,37.39434],[126.9807,37.39431],[126.98049,37.39486],[126.98069,37.39507],[126.98097,37.39513],[126.98133,37.39486],[126.98161,37.39458],[126.98175,37.39431],[126.98239,37.39375],[126.98264,37.39319],[126.98302,37.39292],[126.98347,37.39277],[126.9837,37.39264],[126.98348,37.39208],[126.98403,37.39131],[126.98423,37.39153],[126.98411,37.39181],[126.98407,37.39208],[126.98431,37.39219],[126.98486,37.39206],[126.98568,37.39153],[126.9857,37.39125],[126.98625,37.391],[126.98684,37.39042],[126.98682,37.39014],[126.98708,37.39005],[126.98736,37.38988],[126.98774,37.38958],[126.98797,37.38931],[126.98847,37.38887],[126.98931,37.38861],[126.99014,37.38802],[126.99069,37.3875],[126.99113,37.38792],[126.9902,37.38847],[126.99014,37.38857],[126.98986,37.38864],[126.98931,37.38894],[126.98903,37.38924],[126.98875,37.38941],[126.98831,37.38986],[126.98816,37.39014],[126.98819,37.39019],[126.98847,37.39007],[126.98875,37.39026],[126.98883,37.39042],[126.98887,37.39069],[126.98908,37.39097],[126.98919,37.39125],[126.9891,37.39153],[126.98935,37.39181],[126.98931,37.3921],[126.98903,37.39203],[126.98875,37.3922],[126.98864,37.39236],[126.98847,37.39243],[126.98819,37.3924],[126.98801,37.39264],[126.98764,37.39276],[126.98736,37.39294],[126.98708,37.393],[126.98681,37.39339],[126.98653,37.39319],[126.98625,37.39335],[126.98615,37.39347],[126.98628,37.39375],[126.98624,37.39403],[126.98639,37.39431],[126.98597,37.39435],[126.98582,37.39458],[126.98597,37.39482],[126.98611,37.39486],[126.98597,37.3949],[126.98569,37.39524],[126.98518,37.39569],[126.98531,37.39597],[126.98496,37.39625],[126.98488,37.39653],[126.98531,37.39681],[126.98494,37.39736],[126.98484,37.39764],[126.98487,37.39792],[126.98514,37.39815],[126.98529,37.39819],[126.98567,37.39847],[126.98542,37.39862],[126.98514,37.39863],[126.98431,37.39809],[126.98388,37.39792],[126.9838,37.39764],[126.98347,37.39748],[126.98319,37.39785],[126.98296,37.39764],[126.98292,37.39754],[126.98236,37.39796],[126.98181,37.39791],[126.98169,37.39764],[126.98181,37.39743],[126.98194,37.39736],[126.98156,37.39708],[126.98154,37.39681],[126.98125,37.39657],[126.98107,37.39681],[126.98149,37.39708],[126.98135,37.39736],[126.98042,37.39816],[126.98014,37.39834]]}},{"type":"Feature","properties":{"elev":50,"idx":0},"geometry":{"type":"LineString","coordinates":[[126.98486,37.39071],[126.98484,37.39069],[126.98486,37.39036],[126.98492,37.39042],[126.98486,37.39071]]}},{"type":"Feature","properties":{"elev":50,"idx":0},"geometry":{"type":"LineString","coordinates":[[126.98153,37.38966],[126.98125,37.38946],[126.98097,37.38908],[126.98085,37.38903],[126.98086,37.38875],[126.9812,37.38847],[126.98069,37.38827],[126.98065,37.38819],[126.98069,37.38809],[126.98097,37.38806],[126.98121,37.38819],[126.98133,37.38847],[126.98131,37.38903],[126.98153,37.38925],[126.98181,37.38917],[126.98208,37.38917],[126.98224,37.38931],[126.98208,37.38956],[126.98181,37.38947],[126.98153,37.38966]]}},{"type":"Feature","properties":{"elev":50,"idx":0},"geometry":{"type":"LineString","coordinates":[[126.98014,37.38892],[126.98025,37.38903],[126.98014,37.38925]]}},{"type":"Feature","properties":{"elev":50,"idx":0},"geometry":{"type":"LineString","coordinates":[[126.99042,37.38881],[126.99033,37.38875],[126.99042,37.3887],[126.9905,37.38875],[126.99042,37.38881]]}},{"type":"Feature","properties":{"elev":50,"idx":0},"geometry":{"type":"LineString","coordinates":[[126.99097,37.38736],[126.99097,37.38736],[126.99097,37.38736],[126.99097,37.38736],[126.99097,37.38736]]}},{"type":"Feature","properties":{"elev":100,"idx":1},"geometry":{"type":"LineString","coordinates":[[126.98273,37.46986],[126.98286,37.46958],[126.98312,37.46931],[126.98375,37.46884],[126.98449,37.46847],[126.98491,37.46792],[126.98502,37.46764],[126.98486,37.46723],[126.98417,37.46653],[126.98404,37.46625],[126.98403,37.46569],[126.98375,37.46544],[126.98319,37.46527],[126.98308,37.46514],[126.98306,37.46486],[126.98264,37.46431],[126.98236,37.46381],[126.98226,37.46375],[126.98207,37.46347],[126.98208,37.46337],[126.98228,37.46319],[126.98208,37.46317],[126.98181,37.46295],[126.98181,37.46264],[126.98208,37.46238],[126.98262,37.46264],[126.98319,37.46302],[126.98431,37.46348],[126.98458,37.46352],[126.98471,37.46347],[126.98545,37.46292],[126.98563,37.46236],[126.98569,37.46199],[126.98597,37.46167],[126.98625,37.4616],[126.98653,37.46191],[126.98688,37.46208],[126.98708,37.46232],[126.98736,37.46203],[126.98744,37.46181],[126.98741,37.46153],[126.9871,37.46125],[126.98708,37.46117],[126.98681,37.46096],[126.98668,37.46069],[126.9868,37.46014],[126.98708,37.46],[126.98748,37.45958],[126.98764,37.45932],[126.98792,37.45908],[126.98804,37.45958],[126.98799,37.46014],[126.98804,37.46042],[126.98842,37.46069],[126.98849,37.46097],[126.98875,37.46114],[126.98931,37.46116],[126.98951,37.46125],[126.98965,37.46153],[126.98986,37.46174],[126.99042,37.46152],[126.99069,37.46147],[126.99125,37.46147],[126.99153,37.46158],[126.99191,37.46181],[126.99208,37.46212],[126.99236,37.46241],[126.99264,37.46258],[126.99319,37.46275],[126.99404,37.46292],[126.994,37.46347],[126.99438,37.46403],[126.99431,37.46419],[126.99403,37.46437],[126.99375,37.46431],[126.99319,37.46434],[126.99274,37.46458],[126.99292,37.46496],[126.99311,37.46514],[126.99319,37.46533],[126.99329,37.46542],[126.99272,37.46569],[126.99283,37.46597],[126.99356,37.46653],[126.99319,37.46674],[126.99292,37.46669],[126.99268,37.46681],[126.99277,37.46736],[126.99319,37.46743],[126.99347,37.46775],[126.99431,37.46818],[126.9943,37.46847],[126.99403,37.4686],[126.99347,37.46868],[126.99327,37.46875],[126.99306,37.46903],[126.99292,37.46958],[126.99264,37.46971],[126.99208,37.46968],[126.99181,37.46971],[126.99153,37.46986]]}},{"type":"Feature","properties":{"elev":100,"idx":1},"geometry":{"type":"LineString","coordinates":[[126.99152,37.46986],[126.99125,37.46979],[126.99063,37.46986]]}},{"type":"Feature","properties":{"elev":100,"idx":1},"geometry":{"type":"LineString","coordinates":[[126.99297,37.46986],[126.99342,37.46958],[126.99403,37.46945],[126.99419,37.46958],[126.99422,37.46986]]}},{"type":"Feature","properties":{"elev":100,"idx":1},"geometry":{"type":"LineString","coordinates":[[126.99529,37.46986],[126.99542,37.46971],[126.99569,37.46969],[126.99597,37.46976],[126.99612,37.46986]]}},{"type":"Feature","properties":{"elev":100,"idx":1},"geometry":{"type":"LineString","coordinates":[[126.99655,37.46986],[126.99681,37.4696],[126.99708,37.46975],[126.99736,37.46982],[126.99819,37.46968],[126.99875,37.46952],[126.99931,37.46951],[126.99958,37.46958],[126.99924,37.46986]]}},{"type":"Feature","properties":{"elev":100,"idx":1},"geometry":{"type":"LineString","coordinates":[[127.01642,37.46986],[127.01646,37.46958],[127.01653,37.46947],[127.01681,37.46924],[127.01714,37.46875],[127.01731,37.46847],[127.01729,37.46819],[127.01767,37.46764],[127.01761,37.46736],[127.01708,37.46729],[127.01653,37.46736],[127.01625,37.4673],[127.01605,37.46708],[127.01625,37.46674],[127.01655,37.46653],[127.01682,37.46625],[127.01688,37.46597],[127.01679,37.46542],[127.01632,37.46514],[127.01634,37.46486],[127.01611,37.46458],[127.01609,37.46431],[127.0166,37.46375],[127.01625,37.46325],[127.01597,37.46314],[127.01542,37.46324],[127.01486,37.46326],[127.01431,37.46362],[127.01347,37.46386],[127.01295,37.46431],[127.01236,37.46444],[127.01208,37.46472],[127.01153,37.46511],[127.01125,37.46542],[127.01097,37.46553],[127.01069,37.46526],[127.01036,37.46514],[127.01014,37.46508],[127.00986,37.46522],[127.00953,37.46486],[127.00949,37.46458],[127.00931,37.46449],[127.00875,37.46452],[127.00847,37.46484],[127.00815,37.46458],[127.0081,37.46431],[127.00821,37.46375],[127.00797,37.46347],[127.00819,37.46336],[127.00875,37.46334],[127.00916,37.46319],[127.00965,37.46292],[127.01042,37.46277],[127.01124,37.46236],[127.01178,37.46181],[127.01189,37.46125],[127.01181,37.46111],[127.01128,37.46069],[127.01097,37.46073],[127.01042,37.46062],[127.01014,37.46048],[127.00986,37.46022],[127.00958,37.46006],[127.00903,37.45988],[127.00875,37.45982],[127.00819,37.45985],[127.00764,37.45978],[127.0074,37.45958],[127.00708,37.45918],[127.00625,37.45892],[127.00597,37.45877],[127.00569,37.45816],[127.00542,37.45803],[127.00514,37.45809],[127.00495,37.45819],[127.00448,37.45875],[127.00431,37.45903],[127.00439,37.45931],[127.00431,37.45953],[127.00418,37.45958],[127.00403,37.4596],[127.00375,37.45939],[127.00347,37.45931],[127.00319,37.459],[127.00292,37.45884],[127.00264,37.45886],[127.00233,37.45931],[127.0023,37.45958],[127.00221,37.45986],[127.00202,37.46014],[127.00191,37.46042],[127.00174,37.46125],[127.00198,37.46153],[127.00256,37.46181],[127.00236,37.46201],[127.0022,37.46208],[127.00208,37.46212],[127.00175,37.46208],[127.00123,37.46236],[127.00097,37.46264],[127.0008,37.46292],[127.00073,37.46319],[127.00042,37.46358],[127.00014,37.4637],[127.0,37.46347],[126.99995,37.46319],[126.99954,37.46236],[126.99987,37.46208],[126.99992,37.46153],[126.99986,37.46132],[126.99958,37.46123],[126.99931,37.46097],[126.99918,37.46069],[126.9991,37.46042],[126.99927,37.46014],[126.99903,37.45998],[126.99883,37.45958],[126.99901,37.45931],[126.99875,37.45916],[126.99828,37.45903],[126.99841,37.45847],[126.99904,37.45736],[126.99891,37.45708],[126.99847,37.45654],[126.99792,37.45641],[126.99764,37.45644],[126.99736,37.45657],[126.99681,37.45657],[126.99653,37.4568],[126.99624,37.45736],[126.99597,37.45804],[126.99569,37.4584],[126.99542,37.45899],[126.99476,37.45958],[126.99431,37.45972],[126.99412,37.45958],[126.99456,37.45903],[126.99462,37.45847],[126.99486,37.45796],[126.99503,37.45736],[126.99486,37.45707],[126.99458,37.45696],[126.99375,37.45742],[126.99347,37.4574],[126.99319,37.45745],[126.99292,37.45758],[126.99264,37.45764],[126.99236,37.45736],[126.99264,37.45676],[126.99307,37.45625],[126.99292,37.4561],[126.99264,37.45603],[126.99236,37.45584],[126.99208,37.45577],[126.99181,37.45587],[126.99153,37.45609],[126.99118,37.45625],[126.99097,37.45657],[126.98986,37.45671],[126.9898,37.45653],[126.98985,37.45597],[126.98995,37.45569],[126.99012,37.45542],[126.99015,37.45486],[126.99031,37.45458],[126.99028,37.45431],[126.99031,37.45403],[126.99053,37.45319],[126.99073,37.45292],[126.99068,37.45264],[126.99048,37.45236],[126.99014,37.4521],[126.98875,37.45179],[126.98847,37.45162],[126.98819,37.45132],[126.98764,37.45116],[126.98747,37.45097],[126.98764,37.45042],[126.98761,37.45014],[126.98787,37.44986],[126.98781,37.44958],[126.98792,37.44931],[126.98819,37.44904],[126.98847,37.44893],[126.98867,37.44875],[126.98888,37.44847],[126.98886,37.44819],[126.98825,37.44792],[126.9882,37.44764],[126.98882,37.44736],[126.98859,37.44708],[126.98875,37.44686],[126.98931,37.44699],[126.98958,37.44696],[126.99014,37.44672],[126.99042,37.44654],[126.99067,37.44625],[126.99069,37.44597],[126.99079,37.44569],[126.99079,37.44542],[126.99031,37.44458],[126.99022,37.44431],[126.99026,37.44403],[126.99014,37.44385],[126.98987,37.44375],[126.98985,37.44347],[126.99014,37.44357],[126.99048,37.44347],[126.99069,37.44264],[126.99123,37.44292],[126.99125,37.44347],[126.99137,37.44375],[126.99244,37.44514],[126.99264,37.44557],[126.99294,37.44569],[126.99287,37.44542],[126.99289,37.44514],[126.99243,37.44403],[126.99236,37.44371],[126.99208,37.44333],[126.99193,37.44319],[126.99129,37.44292],[126.99142,37.44236],[126.9916,37.44208],[126.99155,37.44181],[126.99141,37.44153],[126.99146,37.44097],[126.99134,37.44069],[126.99145,37.44042],[126.99111,37.44014],[126.9909,37.43986],[126.99153,37.43966],[126.99208,37.43933],[126.99236,37.43903],[126.99229,37.43875],[126.99208,37.43834],[126.99153,37.43794],[126.99097,37.43742],[126.99069,37.43733],[126.99042,37.4373],[126.99015,37.43708],[126.9902,37.43681],[126.9902,37.43625],[126.98983,37.43597],[126.98979,37.43569],[126.98964,37.43542],[126.98903,37.43499],[126.98875,37.43493],[126.98847,37.43507],[126.98819,37.43545],[126.98792,37.43551],[126.98764,37.43522],[126.98708,37.4349],[126.98681,37.43459],[126.98653,37.43445],[126.98603,37.43403],[126.98569,37.43398],[126.98542,37.43408],[126.98514,37.43433],[126.98492,37.43431],[126.98496,37.43403],[126.98507,37.43375],[126.98536,37.43347],[126.98569,37.43299],[126.98597,37.43283],[126.98607,37.43264],[126.98593,37.43236],[126.9857,37.43208],[126.98542,37.43205],[126.98446,37.43208],[126.98458,37.43178],[126.98496,37.43153],[126.98559,37.43125],[126.98548,37.43097],[126.98542,37.43092],[126.98514,37.43087],[126.98486,37.43087],[126.98459,37.43069],[126.98449,37.43042],[126.98431,37.43014],[126.98403,37.42994],[126.9838,37.42958],[126.98352,37.42931],[126.98357,37.42903],[126.98352,37.42875],[126.98292,37.42859],[126.98204,37.42875],[126.98215,37.42847],[126.98203,37.42792],[126.98153,37.42752],[126.98097,37.42737],[126.98014,37.42691]]}},{"type":"Feature","properties":{"elev":100,"idx":1},"geometry":{"type":"LineString","coordinates":[[127.02173,37.46986],[127.02177,37.46931],[127.02211,37.46903],[127.02208,37.46892],[127.02181,37.46882],[127.02051,37.46903],[127.02043,37.46958],[127.02014,37.46969],[127.01986,37.46972],[127.01931,37.4696],[127.01875,37.46937],[127.01819,37.46929],[127.01792,37.46934],[127.01708,37.46966],[127.0169,37.46986]]}},{"type":"Feature","properties":{"elev":100,"idx":1},"geometry":{"type":"LineString","coordinates":[[127.07322,37.46986],[127.07125,37.4692],[127.07014,37.46895],[127.06986,37.46884],[127.06931,37.46843],[127.06903,37.46831],[127.06854,37.46819],[127.06842,37.46792],[127.06931,37.46745],[127.06967,37.46708],[127.07014,37.46675],[127.07069,37.46657],[127.07097,37.4664],[127.07208,37.46589],[127.07227,37.46569],[127.07225,37.46542],[127.07203,37.46514],[127.07181,37.46492],[127.07165,37.46486],[127.07097,37.46432],[127.07069,37.46435],[127.07042,37.46448],[127.06939,37.46569],[127.06903,37.46597],[127.06874,37.46597],[127.06856,37.46569],[127.06858,37.46542],[127.06903,37.46517],[127.07014,37.46417],[127.07042,37.46407],[127.07069,37.46418],[127.07097,37.46421],[127.07125,37.46415],[127.07153,37.46436],[127.07181,37.46439],[127.07197,37.46431],[127.07216,37.46431],[127.07264,37.46459],[127.07284,37.46486],[127.07319,37.46503],[127.07375,37.4649],[127.0741,37.46458],[127.07431,37.46429],[127.07486,37.4641],[127.07559,37.46375],[127.07585,37.46347],[127.07597,37.46289],[127.07625,37.46269],[127.07681,37.46253],[127.07754,37.46181],[127.07751,37.46125],[127.07741,37.46097],[127.07725,37.46069],[127.07708,37.46056],[127.07653,37.4604],[127.07569,37.46039],[127.07486,37.46058],[127.07431,37.4608],[127.07375,37.46116],[127.07347,37.4614],[127.07267,37.46236],[127.07236,37.46255],[127.07156,37.46319],[127.07141,37.46347],[127.07125,37.46359],[127.07107,37.46347],[127.07111,37.46319],[127.07127,37.46292],[127.07125,37.46264],[127.07105,37.46208],[127.07135,37.46181],[127.07151,37.46153],[127.07149,37.46125],[127.07128,37.46097],[127.07069,37.46052],[127.07042,37.46043],[127.07014,37.46023],[127.0699,37.46014],[127.07006,37.45986],[127.07014,37.45957],[127.07042,37.45946],[127.07125,37.45938],[127.07134,37.45931],[127.07127,37.45903],[127.07097,37.45868],[127.07069,37.4586],[127.07014,37.45858],[127.06958,37.45881],[127.06926,37.45875],[127.06884,37.45819],[127.06875,37.45815],[127.06861,37.45819],[127.0685,37.45847],[127.06845,37.45847],[127.06829,37.45764],[127.0681,37.45736],[127.06708,37.45675],[127.06625,37.45669],[127.06595,37.45681],[127.06576,37.45736],[127.06574,37.45764],[127.06564,37.45792],[127.06537,37.45819],[127.06542,37.45832],[127.06578,37.45847],[127.06597,37.4585],[127.06653,37.45841],[127.06682,37.45847],[127.06691,37.45875],[127.06681,37.45899],[127.06675,37.45903],[127.06684,37.45931],[127.06671,37.45986],[127.06653,37.46003],[127.0662,37.46014],[127.0659,37.46042],[127.06618,37.46069],[127.06644,37.46125],[127.06712,37.46153],[127.06726,37.46181],[127.06625,37.46197],[127.06569,37.46188],[127.06542,37.46198],[127.06505,37.46236],[127.06494,37.46264],[127.06514,37.46292],[127.06551,37.46319],[127.06573,37.46347],[127.06681,37.46439],[127.06723,37.46458],[127.06745,37.46486],[127.06625,37.46525],[127.06596,37.46542],[127.06582,37.46569],[127.06569,37.4658],[127.06542,37.46569],[127.06486,37.46568],[127.06458,37.46555],[127.06403,37.46481],[127.06375,37.46487],[127.06319,37.46487],[127.06264,37.46448],[127.06236,37.46453],[127.06181,37.46428],[127.06125,37.46423],[127.06097,37.4644],[127.06069,37.46438],[127.06042,37.46425],[127.05998,37.46431],[127.05986,37.46445],[127.05983,37.46458],[127.05958,37.4647],[127.05931,37.46471],[127.05898,37.46458],[127.05903,37.4643],[127.05875,37.46407],[127.05819,37.46424],[127.0581,37.46431],[127.05818,37.46458],[127.05792,37.46465],[127.05708,37.46458],[127.05681,37.46463],[127.05597,37.46509],[127.05542,37.46516],[127.05486,37.46541],[127.05431,37.46551],[127.05375,37.46544],[127.05343,37.46569],[127.05319,37.46579],[127.05264,37.46584],[127.05208,37.46608],[127.05181,37.46628],[127.05153,37.46633],[127.05097,37.46624],[127.05042,37.46592],[127.04986,37.4658],[127.04958,37.46569],[127.04875,37.46574],[127.04847,37.4658],[127.04824,37.46597],[127.04828,37.46625],[127.04847,37.46643],[127.04875,37.46663],[127.04912,37.46681],[127.04986,37.46752],[127.05042,37.46782],[127.05049,37.46792],[127.05045,37.46819],[127.05086,37.46875],[127.05153,37.46935],[127.05181,37.4697],[127.05221,37.46986]]}},{"type":"Feature","properties":{"elev":100,"idx":1},"geometry":{"type":"LineString","coordinates":[[127.08198,37.46986],[127.08181,37.4696],[127.08153,37.46938],[127.08129,37.46903],[127.08097,37.46881],[127.07986,37.46872],[127.07958,37.4688],[127.07903,37.46925],[127.07875,37.46942],[127.07819,37.46953],[127.07764,37.46928],[127.07681,37.46958],[127.07653,37.46976],[127.07605,37.46986]]}},{"type":"Feature","properties":{"elev":100,"idx":1},"geometry":{"type":"LineString","coordinates":[[127.08805,37.46847],[127.08819,37.46858],[127.08847,37.46864],[127.08931,37.46858],[127.08958,37.46832],[127.08958,37.46794],[127.08931,37.46771],[127.08875,37.46798],[127.08847,37.46805],[127.08805,37.46847]]}},{"type":"Feature","properties":{"elev":100,"idx":1},"geometry":{"type":"LineString","coordinates":[[126.99203,37.46736],[126.99208,37.46759],[126.9925,37.46736],[126.99208,37.4673],[126.99203,37.46736]]}},{"type":"Feature","properties":{"elev":100,"idx":1},"geometry":{"type":"LineString","coordinates":[[127.00958,37.46545],[127.00955,37.46542],[127.00958,37.46533],[127.00964,37.46542],[127.00958,37.46545]]}},{"type":"Feature","properties":{"elev":100,"idx":1},"geometry":{"type":"LineString","coordinates":[[126.99145,37.46347],[126.99153,37.46353],[126.99181,37.46355],[126.9921,37.46347],[126.99222,37.46319],[126.99208,37.46295],[126.99181,37.4631],[126.99145,37.46347]]}},{"type":"Feature","properties":{"elev":100,"idx":1},"geometry":{"type":"LineString","coordinates":[[127.06231,37.46319],[127.06264,37.46311],[127.06297,37.46292],[127.06264,37.46275],[127.06236,37.46271],[127.06208,37.46281],[127.06199,37.46292],[127.06208,37.46312],[127.06231,37.46319]]}},{"type":"Feature","properties":{"elev":100,"idx":1},"geometry":{"type":"LineString","coordinates":[[126.98125,37.46243],[126.98121,37.46236],[126.98125,37.46227],[126.98167,37.46236],[126.98125,37.46243]]}},{"type":"Feature","properties":{"elev":100,"idx":1},"geometry":{"type":"LineString","coordinates":[[126.98625,37.46101],[126.98623,37.46097],[126.98625,37.46095],[126.98629,37.46097],[126.98625,37.46101]]}},{"type":"Feature","properties":{"elev":100,"idx":1},"geometry":{"type":"LineString","coordinates":[[127.07318,37.46097],[127.07347,37.46094],[127.07365,37.46069],[127.07384,37.46014],[127.07375,37.45998],[127.07319,37.46007],[127.07289,37.46042],[127.07283,37.46069],[127.07292,37.46086],[127.07318,37.46097]]}},{"type":"Feature","properties":{"elev":100,"idx":1},"geometry":{"type":"LineString","coordinates":[[127.079,37.45819],[127.07958,37.45814],[127.08033,37.45792],[127.08015,37.45764],[127.0794,37.45708],[127.07924,37.45681],[127.07912,37.45653],[127.07914,37.45625],[127.07909,37.45597],[127.07922,37.45569],[127.07906,37.45542],[127.07875,37.45522],[127.07819,37.45512],[127.07792,37.45513],[127.07764,37.45533],[127.07729,37.45569],[127.07718,37.45597],[127.07696,37.45625],[127.07689,37.45653],[127.07654,37.45708],[127.07642,37.45736],[127.07651,37.45764],[127.07736,37.45796],[127.07792,37.45799],[127.07847,37.45793],[127.079,37.45819]]}},{"type":"Feature","properties":{"elev":100,"idx":1},"geometry":{"type":"LineString","coordinates":[[127.00253,37.45792],[127.00264,37.45799],[127.00269,37.45792],[127.00264,37.45784],[127.00253,37.45792]]}},{"type":"Feature","properties":{"elev":100,"idx":1},"geometry":{"type":"LineString","coordinates":[[127.0022,37.45708],[127.00236,37.4573],[127.00264,37.45708],[127.00236,37.45686],[127.0022,37.45708]]}},{"type":"Feature","properties":{"elev":100,"idx":1},"geometry":{"type":"LineString","coordinates":[[126.9922,37.45542],[126.99236,37.45554],[126.99264,37.45545],[126.99292,37.45529],[126.99347,37.45517],[126.99385,37.45486],[126.99409,37.45458],[126.99375,37.45457],[126.99347,37.45474],[126.99319,37.45478],[126.99236,37.45511],[126.9922,37.45542]]}},{"type":"Feature","properties":{"elev":100,"idx":1},"geometry":{"type":"LineString","coordinates":[[127.03318,37.45403],[127.03319,37.45404],[127.03321,37.45403],[127.03319,37.45401],[127.03318,37.45403]]}},{"type":"Feature","properties":{"elev":100,"idx":1},"geometry":{"type":"LineString","coordinates":[[127.08316,37.45375],[127.08319,37.45378],[127.08329,37.45375],[127.08319,37.45373],[127.08316,37.45375]]}},{"type":"Feature","properties":{"elev":100,"idx":1},"geometry":{"type":"LineString","coordinates":[[127.05347,37.44296],[127.05346,37.44292],[127.05347,37.44291],[127.05348,37.44292],[127.05347,37.44296]]}},{"type":"Feature","properties":{"elev":100,"idx":1},"geometry":{"type":"LineString","coordinates":[[127.01169,37.44125],[127.01181,37.44137],[127.01208,37.44146],[127.01242,37.44097],[127.01236,37.4409],[127.01208,37.44087],[127.01181,37.44107],[127.01169,37.44125]]}},{"type":"Feature","properties":{"elev":100,"idx":1},"geometry":{"type":"LineString","coordinates":[[127.01282,37.43986],[127.01292,37.43994],[127.01319,37.43994],[127.01347,37.43972],[127.01375,37.43966],[127.01403,37.43975],[127.01431,37.43971],[127.01442,37.43931],[127.01462,37.43903],[127.01444,37.43875],[127.01458,37.43866],[127.01472,37.43847],[127.01462,37.43819],[127.01431,37.43802],[127.01403,37.43821],[127.01365,37.43875],[127.0133,37.43903],[127.01292,37.4395],[127.01279,37.43958],[127.01282,37.43986]]}},{"type":"Feature","properties":{"elev":100,"idx":1},"geometry":{"type":"LineString","coordinates":[[127.01262,37.43819],[127.01264,37.43847],[127.01292,37.43764],[127.01313,37.43736],[127.01292,37.4373],[127.01267,37.43736],[127.01256,37.43792],[127.01262,37.43819]]}},{"type":"Feature","properties":{"elev":100,"idx":1},"geometry":{"type":"LineString","coordinates":[[127.08944,37.43736],[127.08958,37.43748],[127.08958,37.43668],[127.08944,37.43681],[127.08939,37.43708],[127.08944,37.43736]]}},{"type":"Feature","properties":{"elev":100,"idx":1},"geometry":{"type":"LineString","coordinates":[[127.08082,37.43319],[127.08104,37.43319],[127.08157,37.43292],[127.08125,37.4328],[127.08097,37.43275],[127.08081,37.43292],[127.08082,37.43319]]}},{"type":"Feature","properties":{"elev":100,"idx":1},"geometry":{"type":"LineString","coordinates":[[127.07208,37.4321],[127.07205,37.43208],[127.07208,37.43205],[127.07213,37.43208],[127.07208,37.4321]]}},{"type":"Feature","properties":{"elev":100,"idx":1},"geometry":{"type":"LineString","coordinates":[[127.00496,37.43181],[127.00514,37.43192],[127.00542,37.43187],[127.00549,37.43181],[127.00548,37.43153],[127.00541,37.43125],[127.00527,37.43097],[127.00514,37.43084],[127.00486,37.43076],[127.00431,37.43089],[127.00375,37.43086],[127.00357,37.43097],[127.00375,37.43114],[127.004,37.43125],[127.00458,37.43141],[127.00474,37.43153],[127.00496,37.43181]]}},{"type":"Feature","properties":{"elev":100,"idx":1},"geometry":{"type":"LineString","coordinates":[[127.07233,37.42931],[127.07236,37.42934],[127.07255,37.42931],[127.07236,37.42927],[127.07233,37.42931]]}},{"type":"Feature","properties":{"elev":100,"idx":1},"geometry":{"type":"LineString","coordinates":[[126.98014,37.42267],[126.98069,37.42274],[126.98125,37.42251],[126.98181,37.42272],[126.98208,37.42267],[126.98266,37.42236],[126.98263,37.42181],[126.98292,37.42153],[126.98347,37.42146],[126.98388,37.42181],[126.98431,37.42194],[126.98458,37.42192],[126.98514,37.42177],[126.98569,37.42212],[126.98584,37.42208],[126.98582,37.42181],[126.98586,37.42153],[126.98583,37.42125],[126.98569,37.42119],[126.98542,37.42117],[126.98486,37.42087],[126.98458,37.42077],[126.98393,37.42042],[126.98364,37.42014],[126.98347,37.42007],[126.98319,37.4204],[126.98307,37.42069],[126.98292,37.4209],[126.98264,37.42099],[126.98236,37.42116],[126.98208,37.42122],[126.98181,37.42119],[126.98144,37.42097],[126.98097,37.4205],[126.98069,37.42051],[126.98014,37.42078]]}},{"type":"Feature","properties":{"elev":100,"idx":1},"geometry":{"type":"LineString","coordinates":[[127.01997,37.42264],[127.02014,37.42281],[127.02042,37.42285],[127.02064,37.42264],[127.02042,37.42245],[127.02014,37.42245],[127.01997,37.42264]]}},{"type":"Feature","properties":{"elev":100,"idx":1},"geometry":{"type":"LineString","coordinates":[[127.08208,37.41269],[127.08198,37.41264],[127.08208,37.41257],[127.08234,37.41264],[127.08208,37.41269]]}},{"type":"Feature","properties":{"elev":100,"idx":1},"geometry":{"type":"LineString","coordinates":[[127.08312,37.41181],[127.08319,37.41186],[127.08324,37.41181],[127.08319,37.41178],[127.08312,37.41181]]}},{"type":"Feature","properties":{"elev":100,"idx":1},"geometry":{"type":"LineString","coordinates":[[127.08125,37.41162],[127.0811,37.41153],[127.08125,37.4113],[127.08144,37.41153],[127.08125,37.41162]]}},{"type":"Feature","properties":{"elev":100,"idx":1},"geometry":{"type":"LineString","coordinates":[[126.99425,37.41069],[126.99431,37.41085],[126.99458,37.41079],[126.99485,37.41042],[126.99458,37.41023],[126.99425,37.41069]]}},{"type":"Feature","properties":{"elev":100,"idx":1},"geometry":{"type":"LineString","coordinates":[[127.08097,37.41024],[127.08083,37.41014],[127.08076,37.40986],[127.08097,37.40971],[127.08132,37.41014],[127.08125,37.41027],[127.08097,37.41024]]}},{"type":"Feature","properties":{"elev":100,"idx":1},"geometry":{"type":"LineString","coordinates":[[127.07069,37.40886],[127.07017,37.40847],[127.07,37.40819],[127.07014,37.40816],[127.07041,37.40819],[127.07075,37.40847],[127.07078,37.40875],[127.07069,37.40886]]}},{"type":"Feature","properties":{"elev":100,"idx":1},"geometry":{"type":"LineString","coordinates":[[127.07158,37.40792],[127.07181,37.40798],[127.07209,37.40792],[127.07181,37.40759],[127.07172,37.40764],[127.07158,37.40792]]}},{"type":"Feature","properties":{"elev":100,"idx":1},"geometry":{"type":"LineString","coordinates":[[127.01292,37.40377],[127.01292,37.40371],[127.01319,37.40362],[127.0134,37.40375],[127.01319,37.40385],[127.01292,37.40377]]}},{"type":"Feature","properties":{"elev":100,"idx":1},"geometry":{"type":"LineString","coordinates":[[127.07458,37.40321],[127.07451,37.40319],[127.07486,37.4031],[127.07503,37.40319],[127.07486,37.40329],[127.07458,37.40321]]}},{"type":"Feature","properties":{"elev":100,"idx":1},"geometry":{"type":"LineString","coordinates":[[127.08375,37.40128],[127.08372,37.40125],[127.08375,37.40123],[127.08378,37.40125],[127.08375,37.40128]]}},{"type":"Feature","properties":{"elev":100,"idx":1},"geometry":{"type":"LineString","coordinates":[[127.00038,37.39569],[127.00097,37.39596],[127.00125,37.39592],[127.00179,37.39569],[127.00186,37.39542],[127.00181,37.39527],[127.00153,37.3951],[127.00125,37.39515],[127.00069,37.39502],[127.00042,37.39506],[127.00014,37.39521],[127.00005,37.39542],[127.00014,37.39558],[127.00038,37.39569]]}},{"type":"Feature","properties":{"elev":100,"idx":1},"geometry":{"type":"LineString","coordinates":[[127.00736,37.39542],[127.00734,37.39542],[127.00739,37.39542],[127.00736,37.39542]]}},{"type":"Feature","properties":{"elev":100,"idx":1},"geometry":{"type":"LineString","coordinates":[[127.07203,37.39403],[127.07211,37.39403],[127.07208,37.39396],[127.07203,37.39403]]}},{"type":"Feature","properties":{"elev":100,"idx":1},"geometry":{"type":"LineString","coordinates":[[127.06931,37.39348],[127.06903,37.39344],[127.06819,37.39311],[127.06764,37.39313],[127.06708,37.39302],[127.06681,37.39305],[127.06625,37.39292],[127.06597,37.39308],[127.06542,37.39302],[127.06486,37.39308],[127.06458,37.39307],[127.06403,37.39312],[127.06347,37.39327],[127.06312,37.39319],[127.06292,37.39298],[127.06236,37.393],[127.06212,37.39292],[127.06181,37.39252],[127.06153,37.39241],[127.06097,37.39229],[127.06069,37.39236],[127.06036,37.39236],[127.06014,37.39221],[127.05986,37.39209],[127.05958,37.39207],[127.05931,37.39189],[127.05907,37.39181],[127.05903,37.39174],[127.05875,37.39212],[127.05847,37.39162],[127.05792,37.39157],[127.05794,37.39125],[127.05847,37.39087],[127.05903,37.39069],[127.05986,37.39067],[127.06042,37.39057],[127.06069,37.3907],[127.06097,37.39064],[127.06125,37.3905],[127.06153,37.39047],[127.06181,37.39064],[127.06236,37.39084],[127.06264,37.39075],[127.06319,37.39034],[127.06375,37.39021],[127.06388,37.39014],[127.06431,37.3901],[127.06464,37.39014],[127.06486,37.39027],[127.06514,37.39024],[127.06523,37.39014],[127.06569,37.38997],[127.06581,37.38986],[127.06625,37.38969],[127.06653,37.38951],[127.06708,37.38939],[127.06736,37.38927],[127.06764,37.38898],[127.06792,37.38891],[127.06875,37.38891],[127.06903,37.38901],[127.06931,37.38893],[127.06985,37.38931],[127.07004,37.38958],[127.0698,37.39014],[127.06973,37.39042],[127.06972,37.39069],[127.06985,37.39125],[127.07017,37.39181],[127.07012,37.39208],[127.07023,37.39236],[127.07027,37.39319],[127.07014,37.39352],[127.06958,37.39357],[127.06931,37.39348]]}},{"type":"Feature","properties":{"elev":100,"idx":1},"geometry":{"type":"LineString","coordinates":[[127.06148,37.39208],[127.06153,37.3922],[127.06163,37.39208],[127.06153,37.39193],[127.06148,37.39208]]}},{"type":"Feature","properties":{"elev":100,"idx":1},"geometry":{"type":"LineString","coordinates":[[127.06109,37.39181],[127.06125,37.39191],[127.06147,37.39181],[127.06126,37.39125],[127.06097,37.39111],[127.06069,37.39122],[127.06081,37.39153],[127.06109,37.39181]]}},{"type":"Feature","properties":{"elev":100,"idx":1},"geometry":{"type":"LineString","coordinates":[[127.06343,37.39181],[127.06347,37.39184],[127.06368,37.39181],[127.06347,37.39171],[127.06343,37.39181]]}},{"type":"Feature","properties":{"elev":100,"idx":1},"geometry":{"type":"LineString","coordinates":[[127.01179,37.39153],[127.01208,37.39157],[127.01212,37.39153],[127.01181,37.3915],[127.01179,37.39153]]}},{"type":"Feature","properties":{"elev":100,"idx":1},"geometry":{"type":"LineString","coordinates":[[127.07181,37.38663],[127.07169,37.38653],[127.07181,37.38643],[127.07202,37.38653],[127.07181,37.38663]]}},{"type":"Feature","properties":{"elev":100,"idx":1},"geometry":{"type":"LineString","coordinates":[[127.08929,37.38542],[127.08958,37.38548],[127.08958,37.38469],[127.08924,37.38514],[127.08929,37.38542]]}},{"type":"Feature","properties":{"elev":100,"idx":1},"geometry":{"type":"LineString","coordinates":[[126.99199,37.38486],[126.99208,37.38489],[126.99222,37.38486],[126.99208,37.38481],[126.99199,37.38486]]}},{"type":"Feature","properties":{"elev":100,"idx":1},"geometry":{"type":"LineString","coordinates":[[126.98014,37.38242],[126.98042,37.38249],[126.98069,37.38248],[126.98125,37.3828],[126.98153,37.38284],[126.98181,37.38282],[126.98208,37.38277],[126.98264,37.38244],[126.98292,37.38236],[126.98314,37.38208],[126.98347,37.38206],[126.98375,37.38211],[126.98403,37.38227],[126.9841,37.38236],[126.9842,37.38264],[126.98418,37.38292],[126.98458,37.3833],[126.98486,37.38333],[126.98542,37.38305],[126.98597,37.38292],[126.98653,37.38308],[126.98681,37.38327],[126.98708,37.38338],[126.9872,37.38347],[126.9869,37.38403],[126.987,37.38431],[126.98708,37.38439],[126.98736,37.38447],[126.98764,37.38439],[126.98819,37.38408],[126.98847,37.384],[126.98852,37.38403],[126.98816,37.38458],[126.98806,37.38486],[126.98753,37.38542],[126.98736,37.38556],[126.98657,37.38597],[126.9867,37.38625],[126.98681,37.38694],[126.98688,37.38708],[126.98708,37.38729],[126.98736,37.38727],[126.98792,37.38677],[126.98819,37.38669],[126.98875,37.3869],[126.98943,37.38681],[126.9895,37.38653],[126.98947,37.38625],[126.98933,37.38597],[126.98958,37.38572],[126.98986,37.38567],[126.99014,37.38571],[126.99042,37.38561],[126.99069,37.38535],[126.99097,37.38489],[126.99125,37.38477],[126.99153,37.38458],[126.99208,37.38451],[126.99319,37.38446],[126.99375,37.38481],[126.99403,37.38474],[126.99458,37.38437],[126.99486,37.38429],[126.99503,37.38403],[126.99542,37.38363],[126.996,37.38319],[126.99625,37.38294],[126.99664,37.38264],[126.99702,37.38208],[126.99736,37.38189],[126.99764,37.3818],[126.99819,37.38137],[126.9983,37.38125],[126.99839,37.38097],[126.99826,37.38069],[126.99793,37.38042],[126.99812,37.37986],[126.99802,37.37958],[126.99764,37.37932],[126.99736,37.37926],[126.99708,37.37934],[126.99681,37.37917],[126.99653,37.37891],[126.99625,37.37877],[126.99569,37.37867],[126.99431,37.37896],[126.99403,37.3791],[126.99375,37.37911],[126.99348,37.37903],[126.99324,37.37875],[126.99322,37.37847],[126.99342,37.37819],[126.99375,37.37803],[126.99458,37.37745],[126.99486,37.37736],[126.99514,37.37738],[126.99569,37.37755],[126.99625,37.37761],[126.99681,37.37759],[126.99736,37.37767],[126.99744,37.37764],[126.99762,37.37736],[126.99751,37.37653],[126.99735,37.37625],[126.99708,37.37608],[126.99653,37.37633],[126.99625,37.37636],[126.99606,37.37625],[126.99607,37.37597],[126.99597,37.37569],[126.99594,37.37542],[126.99601,37.37514],[126.99622,37.37486],[126.99619,37.37431],[126.99597,37.37412],[126.99576,37.37403],[126.9956,37.37375],[126.99567,37.37347],[126.99597,37.37342],[126.99625,37.37329],[126.99634,37.37319],[126.99634,37.37292],[126.99617,37.37264],[126.99569,37.37201],[126.99542,37.37189],[126.99514,37.37188],[126.99458,37.37158],[126.99375,37.37135],[126.99347,37.37102],[126.99316,37.37097],[126.99309,37.37069],[126.99319,37.37061],[126.99342,37.37069],[126.99347,37.37078],[126.99356,37.37069],[126.99403,37.37057],[126.99431,37.37065],[126.99486,37.37065],[126.99514,37.37056],[126.99625,37.37083],[126.99654,37.37097],[126.99681,37.37128],[126.99708,37.37173],[126.99762,37.37236],[126.99764,37.37255],[126.99792,37.37241],[126.99798,37.37319],[126.99815,37.37347],[126.99847,37.37375],[126.99866,37.37403],[126.99872,37.37431],[126.999,37.37458],[126.999,37.37486],[126.99879,37.37514],[126.99931,37.37538],[126.99986,37.37544],[126.99997,37.37597],[126.99989,37.37653],[127.00003,37.37681],[127.00042,37.37729],[127.00069,37.37748],[127.00097,37.37757],[127.00125,37.37759],[127.00153,37.37746],[127.00206,37.37681],[127.00208,37.37653],[127.00132,37.37597],[127.00153,37.37567],[127.00181,37.37558],[127.00208,37.37542],[127.00157,37.37486],[127.00181,37.37464],[127.00236,37.37457],[127.00253,37.37431],[127.00249,37.37403],[127.0024,37.37375],[127.00205,37.37347],[127.00211,37.37319],[127.00181,37.37272],[127.00153,37.37265],[127.00097,37.37281],[127.00069,37.37281],[127.00014,37.37273],[127.00004,37.37264],[127.00014,37.37248],[127.00077,37.37208],[127.00075,37.37181],[127.00042,37.37157],[127.00007,37.37153],[126.99984,37.37125],[126.99986,37.37095],[127.00014,37.37079],[127.00042,37.37076],[127.00069,37.37054],[127.00079,37.37042],[127.00082,37.37014],[127.00097,37.36957],[127.00125,37.36962],[127.00134,37.36986],[127.00181,37.37042],[127.00187,37.37014],[127.00181,37.3699],[127.00163,37.36958],[127.00161,37.36931],[127.00166,37.36903],[127.00162,37.36875],[127.002,37.36819],[127.00176,37.36764],[127.00178,37.36736],[127.00181,37.36723],[127.00196,37.36708],[127.00208,37.36706],[127.00236,37.36679],[127.00264,37.36668],[127.00274,37.36681],[127.00268,37.36708],[127.00289,37.36792],[127.00329,37.36847],[127.00347,37.36859],[127.00375,37.36863],[127.004,37.36875],[127.00403,37.36894],[127.00431,37.36882],[127.00436,37.36903],[127.00431,37.36934],[127.00481,37.36958],[127.00486,37.36973],[127.00503,37.36986],[127.00542,37.37],[127.00569,37.37003],[127.00597,37.37033],[127.00602,37.37042],[127.00569,37.37057],[127.00561,37.37069],[127.00569,37.37088],[127.00597,37.37092],[127.00625,37.37072],[127.00653,37.37066],[127.00649,37.37097],[127.0067,37.37125],[127.00681,37.37131],[127.00708,37.37112],[127.00714,37.37097],[127.0074,37.37069],[127.00749,37.37042],[127.00771,37.37014],[127.00805,37.36986],[127.00847,37.36939],[127.00869,37.36931],[127.00875,37.36924],[127.00881,37.36986],[127.00862,37.37014],[127.00875,37.37026],[127.00931,37.37028],[127.01022,37.36986],[127.01042,37.36967],[127.01069,37.3698],[127.01097,37.36982],[127.01102,37.37042],[127.01125,37.37064],[127.01161,37.37069],[127.01219,37.37097],[127.01181,37.37113],[127.01166,37.37125],[127.01181,37.37138],[127.01208,37.37144],[127.01219,37.37153],[127.01208,37.37157],[127.01174,37.37208],[127.01133,37.37236],[127.01097,37.37279],[127.01077,37.37319],[127.01097,37.37337],[127.01153,37.37349],[127.01208,37.37343],[127.01236,37.37348],[127.01292,37.37341],[127.01347,37.37328],[127.01403,37.37331],[127.01466,37.37319],[127.0148,37.37347],[127.0147,37.37375],[127.01452,37.37403],[127.01431,37.37415],[127.01375,37.37415],[127.01347,37.37423],[127.01336,37.37431],[127.01331,37.37458],[127.01319,37.37465],[127.01292,37.3745],[127.01264,37.37454],[127.01204,37.37486],[127.01185,37.37514],[127.01192,37.37542],[127.01236,37.37587],[127.01257,37.37597],[127.01256,37.37625],[127.01236,37.37633],[127.01181,37.37631],[127.01153,37.37609],[127.01079,37.37597],[127.01042,37.3757],[127.01014,37.37568],[127.00986,37.37585],[127.00974,37.37597],[127.00972,37.37625],[127.0091,37.37653],[127.00915,37.37681],[127.00931,37.37696],[127.00953,37.37708],[127.00913,37.37736],[127.00903,37.37739],[127.00875,37.37729],[127.00862,37.37708],[127.00847,37.37695],[127.00819,37.37686],[127.00792,37.37685],[127.00764,37.37708],[127.00737,37.37764],[127.0074,37.37792],[127.00767,37.37819],[127.00773,37.37847],[127.00792,37.37878],[127.00799,37.37931],[127.00792,37.37941],[127.00736,37.3792],[127.00569,37.37926],[127.00542,37.37923],[127.00514,37.37958],[127.00504,37.37986],[127.0045,37.38069],[127.00477,37.38097],[127.00542,37.38118],[127.00569,37.38114],[127.00597,37.38101],[127.00625,37.38071],[127.00653,37.38054],[127.00708,37.38038],[127.00736,37.38048],[127.00752,37.38069],[127.00764,37.381],[127.00819,37.38082],[127.00847,37.38112],[127.00903,37.38143],[127.0095,37.38181],[127.00986,37.38195],[127.01014,37.38195],[127.01034,37.38208],[127.01042,37.38225],[127.0106,37.38236],[127.01097,37.38245],[127.01181,37.38243],[127.01208,37.38257],[127.01236,37.38288],[127.01292,37.38302],[127.01319,37.38315],[127.01325,37.38319],[127.01313,37.38347],[127.0132,37.38375],[127.01347,37.38388],[127.01408,37.38431],[127.01458,37.38474],[127.01514,37.38495],[127.01532,37.38514],[127.01518,37.38542],[127.01542,37.38554],[127.01569,37.38581],[127.01597,37.3859],[127.01625,37.38587],[127.01696,37.38597],[127.01729,37.38625],[127.01742,37.38653],[127.01764,37.38661],[127.01792,37.38661],[127.01847,37.38698],[127.01877,37.38708],[127.01879,37.38736],[127.01875,37.38747],[127.01865,37.38736],[127.01847,37.38728],[127.01816,37.38736],[127.01792,37.38765],[127.01764,37.38775],[127.01736,37.38776],[127.01668,37.38736],[127.01597,37.38708],[127.01514,37.3864],[127.01403,37.38604],[127.01347,37.38606],[127.01319,37.38617],[127.01292,37.38622],[127.01264,37.38608],[127.01236,37.38604],[127.01153,37.38609],[127.01125,37.38635],[127.01097,37.38645],[127.01069,37.38642],[127.01042,37.38586],[127.01014,37.3857],[127.00986,37.38568],[127.00931,37.38545],[127.00875,37.38538],[127.00792,37.38514],[127.00736,37.38513],[127.00708,37.38497],[127.00653,37.38493],[127.00645,37.38486],[127.00646,37.38458],[127.00633,37.38431],[127.00597,37.38409],[127.00514,37.38379],[127.00458,37.38369],[127.00403,37.3835],[127.00375,37.38358],[127.00347,37.38401],[127.00319,37.38421],[127.00236,37.38451],[127.00226,37.38458],[127.00214,37.38514],[127.00224,37.38542],[127.00234,37.38597],[127.0025,37.38625],[127.00245,37.38653],[127.00258,37.38681],[127.00264,37.38691],[127.00287,37.38708],[127.00347,37.38744],[127.00458,37.38785],[127.00514,37.38812],[127.00542,37.38819],[127.00597,37.38844],[127.00625,37.38862],[127.00653,37.38867],[127.00681,37.38882],[127.00736,37.38901],[127.00792,37.38937],[127.00819,37.38948],[127.00847,37.3895],[127.00866,37.38958],[127.00903,37.3899],[127.00931,37.39004],[127.00958,37.39],[127.00986,37.39005],[127.00996,37.39042],[127.00975,37.39069],[127.01,37.39097],[127.01014,37.39102],[127.01069,37.39094],[127.01125,37.39093],[127.01181,37.3908],[127.01198,37.39069],[127.01223,37.39042],[127.01286,37.39014],[127.0131,37.39014],[127.01347,37.39024],[127.01368,37.39014],[127.01394,37.39014],[127.01403,37.39019],[127.01463,37.39097],[127.01463,37.39125],[127.01429,37.39153],[127.01403,37.39164],[127.01382,37.39181],[127.01319,37.39184],[127.01292,37.39194],[127.01264,37.39196],[127.01261,37.39208],[127.01292,37.39218],[127.01304,37.39236],[127.01347,37.39265],[127.01458,37.39306],[127.01681,37.39362],[127.0172,37.39375],[127.01736,37.39388],[127.01764,37.39398],[127.01792,37.394],[127.01847,37.39396],[127.01875,37.39428],[127.01885,37.39431],[127.01875,37.39448],[127.01847,37.39434],[127.01819,37.39458],[127.01764,37.39468],[127.01727,37.39486],[127.01708,37.3949],[127.01625,37.39487],[127.01597,37.39466],[127.01569,37.39453],[127.01542,37.39455],[127.01514,37.39485],[127.01436,37.39458],[127.01375,37.39429],[127.01347,37.39427],[127.01236,37.39442],[127.01208,37.39437],[127.01153,37.39399],[127.01097,37.39372],[127.01069,37.39365],[127.01014,37.39362],[127.00983,37.39375],[127.00973,37.39403],[127.0099,37.39431],[127.00986,37.39442],[127.00925,37.39458],[127.00903,37.39451],[127.00887,37.39431],[127.00903,37.39426],[127.00925,37.39403],[127.00927,37.39375],[127.00903,37.39348],[127.00875,37.39334],[127.00864,37.39319],[127.00898,37.39292],[127.009,37.39264],[127.00875,37.3925],[127.00819,37.3924],[127.00773,37.39208],[127.00681,37.3917],[127.00653,37.3915],[127.00625,37.39149],[127.00597,37.39137],[127.00542,37.39097],[127.00458,37.39057],[127.00403,37.39039],[127.00375,37.39044],[127.00363,37.39069],[127.00375,37.39108],[127.00393,37.39125],[127.0044,37.39153],[127.00445,37.39181],[127.00486,37.39243],[127.00514,37.39265],[127.00569,37.39297],[127.00625,37.39308],[127.00649,37.39319],[127.00632,37.39347],[127.00569,37.39346],[127.00524,37.39375],[127.0053,37.39403],[127.0055,37.39431],[127.00551,37.39458],[127.00569,37.39485],[127.00672,37.39514],[127.00681,37.39538],[127.00686,37.39542],[127.00653,37.3955],[127.00617,37.39569],[127.00635,37.39625],[127.00616,37.39653],[127.00619,37.39681],[127.00629,37.39708],[127.00641,37.39819],[127.00661,37.39903],[127.00703,37.39958],[127.00778,37.40042],[127.00792,37.40076],[127.00847,37.40111],[127.00891,37.40153],[127.00903,37.40161],[127.00986,37.40174],[127.01042,37.40202],[127.01097,37.40204],[127.01125,37.40211],[127.01181,37.40245],[127.012,37.40264],[127.01236,37.40339],[127.01255,37.40347],[127.01236,37.40365],[127.01181,37.4038],[127.01153,37.40376],[127.01125,37.40387],[127.01069,37.40372],[127.01042,37.40386],[127.01014,37.40392],[127.00931,37.40381],[127.00903,37.40372],[127.00875,37.40372],[127.00847,37.40361],[127.00792,37.4036],[127.0078,37.40347],[127.00787,37.40319],[127.00769,37.40292],[127.00708,37.40234],[127.00681,37.40222],[127.00653,37.4022],[127.00625,37.40238],[127.00597,37.40242],[127.00569,37.40223],[127.00533,37.40181],[127.00516,37.40153],[127.00486,37.40124],[127.00458,37.4012],[127.00431,37.40127],[127.00402,37.40125],[127.00428,37.40069],[127.00403,37.40043],[127.00375,37.40034],[127.00319,37.40059],[127.00306,37.40069],[127.00292,37.40096],[127.00264,37.40125],[127.00236,37.40127],[127.00242,37.40069],[127.00236,37.40057],[127.00208,37.40044],[127.00207,37.40014],[127.00236,37.40013],[127.00244,37.40042],[127.00264,37.40054],[127.00273,37.40042],[127.0028,37.40014],[127.0025,37.39958],[127.00264,37.39949],[127.00304,37.39903],[127.00336,37.39819],[127.00325,37.39792],[127.00319,37.39788],[127.00292,37.39795],[127.00264,37.39786],[127.00243,37.39736],[127.00265,37.39708],[127.00292,37.39691],[127.00328,37.39653],[127.00319,37.39624],[127.00292,37.39622],[127.00264,37.39635],[127.00236,37.39663],[127.00181,37.39677],[127.00146,37.39681],[127.00125,37.39669],[127.00069,37.39665],[127.00042,37.39672],[127.00033,37.39681],[127.00025,37.39708],[126.99986,37.39762],[126.99958,37.39774],[126.99931,37.39776],[126.99875,37.39758],[126.99847,37.39756],[126.99819,37.39762],[126.99764,37.39754],[126.99736,37.39736],[126.99736,37.39702],[126.99708,37.39689],[126.99681,37.39709],[126.99655,37.39736],[126.99681,37.39779],[126.99708,37.39798],[126.99764,37.3981],[126.99792,37.3983],[126.99839,37.39847],[126.99825,37.39875],[126.99792,37.39882],[126.99708,37.39864],[126.99653,37.39884],[126.99625,37.39887],[126.99569,37.39883],[126.99514,37.39888],[126.99486,37.39885],[126.99458,37.39873],[126.99417,37.39903],[126.99403,37.39907],[126.99347,37.39905],[126.99337,37.39931],[126.99301,37.39986],[126.9931,37.40014],[126.99304,37.40097],[126.99314,37.40125],[126.99375,37.40202],[126.99403,37.40214],[126.99431,37.40236],[126.99443,37.40264],[126.99476,37.40292],[126.99492,37.40319],[126.99486,37.40334],[126.99465,37.40347],[126.99403,37.40362],[126.99319,37.40359],[126.99292,37.40344],[126.99259,37.40347],[126.99246,37.40375],[126.99276,37.40431],[126.99258,37.40458],[126.99223,37.40486],[126.99181,37.40495],[126.99164,37.40514],[126.9916,37.40542],[126.99181,37.40558],[126.99236,37.40588],[126.99261,37.40625],[126.99267,37.40653],[126.99229,37.40681],[126.99208,37.40708],[126.99236,37.40716],[126.99319,37.40677],[126.99347,37.40679],[126.99388,37.40708],[126.99431,37.40778],[126.99458,37.40785],[126.99514,37.4078],[126.99569,37.40759],[126.99653,37.40759],[126.9966,37.40764],[126.99611,37.40847],[126.99571,37.40875],[126.99562,37.40903],[126.99531,37.40931],[126.99544,37.40958],[126.99563,37.40986],[126.9955,37.41014],[126.99569,37.41038],[126.99597,37.41042],[126.99619,37.41014],[126.99601,37.40986],[126.99652,37.40958],[126.99681,37.40961],[126.99708,37.40972],[126.99736,37.40969],[126.99764,37.40956],[126.99819,37.40956],[126.99859,37.40986],[126.99832,37.41042],[126.99847,37.41059],[127.00014,37.41071],[127.00069,37.41116],[127.00105,37.41125],[127.00042,37.41135],[127.00014,37.41134],[126.99986,37.4116],[126.99943,37.41181],[126.99847,37.412],[126.99825,37.41208],[126.99819,37.4122],[126.99815,37.41236],[126.99819,37.41243],[126.99861,37.41264],[126.99863,37.41292],[126.99843,37.41319],[126.99847,37.41403],[126.99915,37.41458],[126.99921,37.41486],[126.99937,37.41514],[126.99923,37.41542],[126.99903,37.41552],[126.99847,37.41554],[126.99792,37.41579],[126.99765,37.41569],[126.99736,37.41537],[126.99681,37.41526],[126.99636,37.41542],[126.99616,37.41569],[126.99608,37.41597],[126.99625,37.41613],[126.99653,37.41622],[126.99708,37.41606],[126.99736,37.41609],[126.99764,37.41635],[126.99775,37.41653],[126.99736,37.41709],[126.99696,37.41736],[126.99663,37.41792],[126.99682,37.41819],[126.99646,37.41903],[126.99653,37.41915],[126.99681,37.41921],[126.99736,37.41888],[126.9978,37.41875],[126.99788,37.41819],[126.99819,37.41815],[126.9985,37.41792],[126.99861,37.41736],[126.99862,37.41708],[126.99875,37.41696],[126.99903,37.41694],[126.99931,37.41699],[126.99986,37.41724],[127.00014,37.41756],[127.0003,37.41764],[127.00048,37.41792],[127.00011,37.41847],[127.00042,37.41872],[127.00069,37.41878],[127.00181,37.41837],[127.00208,37.41834],[127.00319,37.41842],[127.00375,37.41856],[127.00403,37.41843],[127.00409,37.41847],[127.00413,37.41875],[127.00403,37.41882],[127.00392,37.41903],[127.00347,37.41933],[127.00319,37.41941],[127.00264,37.41971],[127.00236,37.41973],[127.00181,37.41961],[127.00153,37.41961],[127.00045,37.41986],[127.00014,37.42005],[127.00008,37.42014],[126.99993,37.42069],[126.99992,37.42097],[127.00001,37.42125],[126.99958,37.42181],[127.00014,37.42222],[127.00042,37.42232],[127.00076,37.42236],[127.00039,37.42292],[127.00035,37.42319],[127.00065,37.42347],[127.00051,37.42375],[127.00067,37.42403],[127.001,37.42431],[127.00125,37.42442],[127.00153,37.42445],[127.00168,37.42458],[127.00181,37.4248],[127.00319,37.42573],[127.00347,37.42602],[127.00458,37.42619],[127.00486,37.42617],[127.00514,37.42608],[127.00525,37.42597],[127.00518,37.42542],[127.00542,37.42518],[127.00597,37.42514],[127.00633,37.42486],[127.00633,37.42458],[127.00615,37.42431],[127.00611,37.42403],[127.00634,37.42375],[127.00653,37.42368],[127.00681,37.42372],[127.00708,37.42369],[127.00732,37.42347],[127.00764,37.42343],[127.00792,37.42314],[127.00819,37.42302],[127.00847,37.42327],[127.00903,37.42349],[127.00958,37.42419],[127.00983,37.42486],[127.00976,37.42514],[127.00958,37.42538],[127.00875,37.42558],[127.00819,37.42562],[127.00792,37.42582],[127.00764,37.4259],[127.00708,37.42591],[127.00692,37.42597],[127.00681,37.42609],[127.00672,37.42625],[127.00681,37.42653],[127.00676,37.42681],[127.00625,37.42732],[127.00609,37.42736],[127.00597,37.42755],[127.00586,37.42847],[127.00569,37.42869],[127.00527,37.42875],[127.00527,37.42903],[127.00545,37.42931],[127.00543,37.42958],[127.0053,37.42986],[127.00542,37.43013],[127.00569,37.43026],[127.00597,37.43026],[127.00625,37.43031],[127.00792,37.43099],[127.00847,37.43109],[127.00875,37.43106],[127.00887,37.43097],[127.00908,37.43069],[127.00895,37.43014],[127.00896,37.42986],[127.00903,37.42981],[127.00931,37.42993],[127.01014,37.43016],[127.01042,37.4302],[127.01054,37.43014],[127.01061,37.42986],[127.01069,37.42972],[127.01093,37.42958],[127.01097,37.42931],[127.0113,37.42903],[127.01089,37.42847],[127.01084,37.42819],[127.01107,37.42792],[127.01125,37.42782],[127.01208,37.42779],[127.01236,37.4277],[127.01264,37.42741],[127.01292,37.42729],[127.01375,37.42758],[127.01403,37.42758],[127.01486,37.42738],[127.01514,37.42704],[127.01542,37.42689],[127.01597,37.42669],[127.0161,37.42653],[127.01619,37.42625],[127.01607,37.42597],[127.01597,37.42592],[127.01542,37.42586],[127.01514,37.42551],[127.01486,37.42535],[127.01462,37.42514],[127.01474,37.42486],[127.01486,37.42477],[127.01514,37.42471],[127.01569,37.42471],[127.01597,37.42476],[127.01653,37.42509],[127.01681,37.42515],[127.01708,37.42508],[127.01809,37.42458],[127.01847,37.42421],[127.01875,37.42375],[127.01884,37.42347],[127.01843,37.42264],[127.01849,37.42236],[127.01958,37.42204],[127.02014,37.42159],[127.02042,37.42148],[127.02097,37.42174],[127.02131,37.42181],[127.02142,37.42208],[127.0214,37.42236],[127.02152,37.42264],[127.02193,37.42292],[127.02181,37.42319],[127.02208,37.42333],[127.02264,37.42312],[127.02269,37.42319],[127.02262,37.42347],[127.02208,37.42383],[127.02187,37.42403],[127.02189,37.42431],[127.02153,37.4244],[127.02145,37.42458],[127.02154,37.42486],[127.02152,37.42514],[127.0219,37.42569],[127.02185,37.42597],[127.02162,37.42625],[127.02097,37.42681],[127.02105,37.42708],[127.02097,37.42724],[127.02042,37.42729],[127.01986,37.42777],[127.01903,37.42814],[127.01847,37.42819],[127.01828,37.42847],[127.01825,37.42875],[127.0183,37.42903],[127.01903,37.42938],[127.01956,37.42958],[127.01986,37.42987],[127.02026,37.43014],[127.02026,37.43042],[127.01986,37.43049],[127.01958,37.43033],[127.01931,37.43026],[127.01918,37.43042],[127.0191,37.43069],[127.01875,37.43075],[127.01847,37.43067],[127.01833,37.43069],[127.01813,37.43097],[127.01846,37.43125],[127.01841,37.43153],[127.01847,37.43172],[127.01875,37.43193],[127.01958,37.43218],[127.02069,37.43262],[127.02116,37.43292],[127.02181,37.43324],[127.02208,37.4333],[127.02264,37.4333],[127.02319,37.43349],[127.02403,37.43363],[127.02426,37.43375],[127.02458,37.43412],[127.02569,37.43438],[127.02597,37.43448],[127.02602,37.43458],[127.026,37.43486],[127.0258,37.43514],[127.02597,37.43528],[127.02625,37.43538],[127.02681,37.43532],[127.02713,37.43542],[127.02653,37.43571],[127.02597,37.4358],[127.02569,37.43625],[127.02542,37.43638],[127.02458,37.43656],[127.02431,37.43666],[127.02403,37.43684],[127.02393,37.43653],[127.02398,37.43597],[127.02375,37.43587],[127.02347,37.43566],[127.02319,37.43564],[127.02292,37.43554],[127.02264,37.43555],[127.02181,37.43579],[127.02113,37.43625],[127.02042,37.43633],[127.01986,37.43653],[127.01903,37.43627],[127.01866,37.43653],[127.01865,37.43681],[127.01858,37.43708],[127.01819,37.43724],[127.01792,37.43727],[127.0174,37.43708],[127.01681,37.43663],[127.01653,37.43659],[127.01625,37.43628],[127.01597,37.43607],[127.01569,37.43601],[127.01542,37.43605],[127.01514,37.43617],[127.01507,37.43625],[127.01507,37.43681],[127.01515,37.43708],[127.01512,37.43736],[127.01532,37.43764],[127.01542,37.43767],[127.01569,37.43767],[127.01625,37.43754],[127.01641,37.43764],[127.01663,37.43847],[127.01656,37.43903],[127.01668,37.43931],[127.01708,37.4397],[127.01736,37.43986],[127.01766,37.43986],[127.01792,37.44016],[127.01819,37.44028],[127.01875,37.44031],[127.01903,37.44041],[127.01931,37.44096],[127.01958,37.44099],[127.02014,37.44081],[127.02039,37.44097],[127.02029,37.44181],[127.02069,37.44208],[127.02057,37.44264],[127.02063,37.44292],[127.02069,37.44299],[127.02125,37.44305],[127.02181,37.44318],[127.02187,37.44347],[127.02208,37.44363],[127.02236,37.44375],[127.02264,37.444],[127.02292,37.44411],[127.0232,37.44403],[127.02337,37.44347],[127.02347,37.44336],[127.02431,37.44295],[127.02458,37.44296],[127.02514,37.44278],[127.02597,37.44328],[127.02681,37.4435],[127.0271,37.44375],[127.02662,37.44403],[127.02646,37.44431],[127.02648,37.44458],[127.02632,37.44486],[127.02636,37.44569],[127.02612,37.44597],[127.02629,37.44625],[127.02653,37.44633],[127.02694,37.44625],[127.02708,37.44617],[127.02764,37.4461],[127.02792,37.44599],[127.02847,37.44597],[127.02875,37.44614],[127.02903,37.4466],[127.02948,37.44708],[127.02961,37.44736],[127.02986,37.44756],[127.03042,37.44785],[127.03055,37.44819],[127.03069,37.44841],[127.03097,37.44858],[127.03125,37.44853],[127.03153,37.44865],[127.03181,37.44866],[127.03236,37.44886],[127.03264,37.44883],[127.03319,37.44867],[127.03338,37.44875],[127.03349,37.44903],[127.03332,37.44931],[127.03375,37.44944],[127.034,37.44958],[127.03415,37.44986],[127.03403,37.44993],[127.03375,37.44994],[127.03319,37.45019],[127.03292,37.45024],[127.03256,37.45014],[127.03236,37.45001],[127.03208,37.45012],[127.03181,37.4503],[127.03159,37.45069],[127.03155,37.45097],[127.03097,37.45107],[127.03079,37.45125],[127.03077,37.45153],[127.03097,37.45218],[127.03153,37.45257],[127.03236,37.45335],[127.03303,37.45347],[127.03345,37.45375],[127.0336,37.45403],[127.03375,37.45416],[127.03427,37.45431],[127.03474,37.45458],[127.03495,37.45514],[127.03514,37.45525],[127.03625,37.45536],[127.03681,37.45525],[127.03736,37.45531],[127.03749,37.45542],[127.03765,37.45569],[127.0376,37.45597],[127.03766,37.45625],[127.03792,37.45645],[127.03819,37.45651],[127.03847,37.4565],[127.03883,37.45597],[127.03958,37.45555],[127.04042,37.45548],[127.04047,37.45542],[127.04023,37.45486],[127.03984,37.45431],[127.03983,37.45403],[127.04014,37.45389],[127.04042,37.45386],[127.04097,37.45365],[127.04122,37.45347],[127.0413,37.45319],[127.04126,37.45292],[127.0411,37.45264],[127.04058,37.45208],[127.04005,37.45125],[127.04014,37.45114],[127.04042,37.45104],[127.04069,37.45103],[127.04125,37.45116],[127.04153,37.45117],[127.04208,37.45101],[127.04259,37.45097],[127.04287,37.45069],[127.04258,37.45042],[127.04181,37.44993],[127.04125,37.44982],[127.04097,37.44966],[127.04078,37.44931],[127.04097,37.44909],[127.04125,37.44904],[127.04153,37.44907],[127.04236,37.44901],[127.04292,37.44909],[127.04319,37.44904],[127.04347,37.44867],[127.04375,37.44872],[127.04431,37.44904],[127.04458,37.4491],[127.04473,37.44903],[127.04486,37.44888],[127.04498,37.44792],[127.04474,37.44764],[127.04382,37.44708],[127.0435,37.44653],[127.04332,37.44597],[127.04347,37.44578],[127.04375,37.44585],[127.04399,37.44625],[127.04431,37.44633],[127.04458,37.44656],[127.04542,37.44659],[127.04569,37.44653],[127.04653,37.44621],[127.04708,37.44647],[127.04736,37.44667],[127.04746,37.44681],[127.04727,37.44764],[127.04751,37.44792],[127.04764,37.44819],[127.04748,37.44847],[127.04764,37.44869],[127.04792,37.44881],[127.04847,37.44919],[127.04875,37.44919],[127.04903,37.44899],[127.04986,37.44875],[127.05042,37.44846],[127.05069,37.44828],[127.05097,37.44779],[127.05114,37.44764],[127.05099,37.44708],[127.05106,37.44653],[127.05097,37.44625],[127.05153,37.44641],[127.05208,37.44639],[127.05264,37.44642],[127.05286,37.44569],[127.05335,37.44542],[127.05369,37.44514],[127.05416,37.44458],[127.05425,37.44431],[127.05417,37.44403],[127.05366,37.44347],[127.05353,37.44319],[127.05375,37.44308],[127.05458,37.44353],[127.05486,37.44349],[127.05514,37.44319],[127.05506,37.44292],[127.05476,37.44264],[127.05461,37.44236],[127.05449,37.44181],[127.05486,37.44177],[127.05542,37.44198],[127.05597,37.44203],[127.05653,37.44226],[127.05681,37.44232],[127.05708,37.44211],[127.05706,37.44181],[127.05736,37.44159],[127.05764,37.44113],[127.05792,37.44087],[127.05847,37.44078],[127.05856,37.44069],[127.05865,37.44042],[127.05843,37.44014],[127.05839,37.43986],[127.05877,37.43958],[127.05879,37.43931],[127.05889,37.43903],[127.05931,37.43853],[127.06042,37.43874],[127.06069,37.43862],[127.06082,37.43847],[127.0609,37.43792],[127.06069,37.43776],[127.06042,37.43765],[127.05958,37.43749],[127.05929,37.43736],[127.05933,37.43708],[127.05958,37.43691],[127.05992,37.43653],[127.05982,37.43625],[127.05986,37.43617],[127.06014,37.43598],[127.06042,37.43601],[127.06069,37.43621],[127.06097,37.43634],[127.06125,37.43636],[127.06144,37.43625],[127.06174,37.43569],[127.06176,37.43542],[127.06165,37.43514],[127.06181,37.43487],[127.06264,37.43478],[127.06292,37.43493],[127.06347,37.43534],[127.06375,37.4354],[127.06403,37.43527],[127.06436,37.43486],[127.06458,37.43468],[127.06479,37.43458],[127.06479,37.43431],[127.06487,37.43403],[127.06514,37.43377],[127.06542,37.4337],[127.06569,37.43356],[127.06606,37.43319],[127.06653,37.43303],[127.06665,37.43292],[127.06675,37.43264],[127.06681,37.43259],[127.06736,37.43245],[127.06819,37.43195],[127.06847,37.43183],[127.06893,37.43181],[127.06903,37.43166],[127.06903,37.43153],[127.06931,37.43132],[127.06958,37.43158],[127.06986,37.43173],[127.07007,37.43153],[127.06998,37.43125],[127.07014,37.43107],[127.07032,37.43125],[127.07049,37.43153],[127.07016,37.43181],[127.07,37.43208],[127.06986,37.43219],[127.0695,37.43264],[127.06958,37.43299],[127.06981,37.43319],[127.06958,37.43337],[127.06903,37.43333],[127.06875,37.43342],[127.06844,37.43375],[127.06845,37.43403],[127.06903,37.43444],[127.06986,37.43438],[127.07014,37.43445],[127.07026,37.43458],[127.07034,37.43486],[127.07014,37.4352],[127.0697,37.43569],[127.06961,37.43597],[127.06965,37.43625],[127.06958,37.4363],[127.06931,37.43633],[127.06903,37.43627],[127.06875,37.43629],[127.06847,37.43637],[127.06819,37.43634],[127.06764,37.43609],[127.06736,37.43602],[127.06708,37.43606],[127.06662,37.43625],[127.06632,37.43653],[127.06653,37.43671],[127.06713,37.43681],[127.06736,37.43693],[127.06749,37.43708],[127.06739,37.43736],[127.067,37.43764],[127.06653,37.43864],[127.06569,37.439],[127.06514,37.43947],[127.06486,37.43955],[127.06431,37.43949],[127.06403,37.43951],[127.06375,37.43959],[127.06333,37.43986],[127.06315,37.44014],[127.06307,37.44042],[127.06311,37.44069],[127.06319,37.44081],[127.06386,37.44125],[127.06354,37.44181],[127.06319,37.44208],[127.06292,37.44214],[127.06276,37.44236],[127.06288,37.44264],[127.06347,37.44273],[127.06375,37.44285],[127.06404,37.44319],[127.06392,37.44347],[127.06375,37.44355],[127.06292,37.44372],[127.06208,37.44398],[127.062,37.44403],[127.06162,37.44458],[127.0619,37.44514],[127.06187,37.44542],[127.06171,37.44569],[127.06168,37.44597],[127.06181,37.44653],[127.06175,37.44681],[127.06181,37.44692],[127.06208,37.44709],[127.06231,37.44736],[127.06264,37.44764],[127.06223,37.44792],[127.06208,37.44812],[127.06153,37.44807],[127.06125,37.44809],[127.06104,37.44819],[127.06044,37.44875],[127.06054,37.44903],[127.06047,37.44931],[127.06015,37.44958],[127.06009,37.44986],[127.06033,37.45014],[127.06045,37.45042],[127.06033,37.45069],[127.06014,37.45081],[127.05999,37.45097],[127.05994,37.45125],[127.06005,37.45181],[127.06069,37.45222],[127.06097,37.45227],[127.06153,37.45212],[127.06208,37.45182],[127.06247,37.45125],[127.06257,37.45097],[127.06292,37.4506],[127.06325,37.45014],[127.0633,37.44986],[127.06329,37.44958],[127.06347,37.44944],[127.06375,37.44935],[127.06431,37.4495],[127.06458,37.44949],[127.06486,37.4496],[127.06542,37.45002],[127.06597,37.45011],[127.06653,37.45008],[127.0667,37.45014],[127.06708,37.45043],[127.06764,37.45051],[127.06784,37.45097],[127.06792,37.45104],[127.06847,37.45138],[127.06875,37.45149],[127.06903,37.45151],[127.06959,37.45125],[127.06967,37.45153],[127.06952,37.45181],[127.0695,37.45208],[127.06931,37.45226],[127.06903,37.45238],[127.06875,37.45235],[127.06847,37.45242],[127.0682,37.45264],[127.06844,37.45292],[127.06875,37.45283],[127.06886,37.45292],[127.06895,37.45319],[127.06875,37.45342],[127.06856,37.45347],[127.06847,37.45356],[127.06843,37.45375],[127.06903,37.454],[127.06931,37.45427],[127.06944,37.45458],[127.06887,37.45486],[127.06867,37.45514],[127.06925,37.45542],[127.06952,37.45569],[127.06948,37.45597],[127.06958,37.45615],[127.06992,37.45625],[127.07014,37.4564],[127.07069,37.45631],[127.07097,37.45608],[127.07156,37.45597],[127.07196,37.45625],[127.07229,37.45681],[127.07264,37.45692],[127.07292,37.45688],[127.07305,37.45681],[127.07347,37.45646],[127.07375,37.4563],[127.07387,37.45653],[127.07382,37.45681],[127.07395,37.45708],[127.07403,37.45714],[127.07431,37.45711],[127.07486,37.45687],[127.07542,37.45653],[127.07566,37.45625],[127.07549,37.45569],[127.07542,37.45558],[127.07514,37.45546],[127.0748,37.45542],[127.07464,37.45514],[127.07514,37.45482],[127.07527,37.45458],[127.07514,37.45433],[127.07486,37.45404],[127.07471,37.45375],[127.07431,37.45336],[127.07374,37.45292],[127.07347,37.45275],[127.07317,37.45264],[127.07285,37.45236],[127.07347,37.4519],[127.07378,37.45181],[127.07383,37.45153],[127.07375,37.45136],[127.07347,37.45106],[127.07323,37.45069],[127.07311,37.45042],[127.07347,37.45019],[127.07375,37.45044],[127.07403,37.45032],[127.07431,37.45029],[127.0747,37.45042],[127.07479,37.45069],[127.07465,37.45097],[127.07479,37.45125],[127.07486,37.45129],[127.07542,37.45133],[127.07625,37.45113],[127.07654,37.45069],[127.07677,37.45014],[127.07683,37.44986],[127.07684,37.44931],[127.07665,37.44875],[127.07663,37.44847],[127.07676,37.44792],[127.07652,37.44736],[127.07669,37.44708],[127.07681,37.44699],[127.07708,37.44695],[127.0773,37.44708],[127.07736,37.44719],[127.07744,37.44764],[127.07776,37.44792],[127.0776,37.44819],[127.07778,37.44847],[127.07819,37.44878],[127.0783,37.44903],[127.07824,37.44958],[127.07829,37.44986],[127.07847,37.45],[127.07875,37.45005],[127.07958,37.45005],[127.07969,37.45014],[127.07986,37.45047],[127.08044,37.45069],[127.08036,37.45097],[127.0805,37.45125],[127.08069,37.45137],[127.08153,37.4515],[127.08181,37.45141],[127.08208,37.45123],[127.08236,37.45126],[127.08292,37.45195],[127.08307,37.45208],[127.08319,37.45214],[127.08375,37.45217],[127.08403,37.45223],[127.08431,37.45236],[127.08448,37.45264],[127.08457,37.45292],[127.08403,37.45341],[127.08392,37.45375],[127.08375,37.45387],[127.08347,37.45395],[127.08345,37.45403],[127.08354,37.45431],[127.08347,37.45442],[127.08319,37.45453],[127.08264,37.45453],[127.08233,37.45486],[127.08221,37.45514],[127.08231,37.45542],[127.08341,37.45625],[127.08345,37.45653],[127.08356,37.45681],[127.08375,37.45702],[127.08504,37.45708],[127.08514,37.45711],[127.08542,37.45738],[127.08597,37.4572],[127.08653,37.45711],[127.08681,37.45696],[127.08708,37.4569],[127.08764,37.45698],[127.08792,37.45697],[127.08832,37.45681],[127.08875,37.45646],[127.08892,37.45653],[127.08908,37.45681],[127.08898,37.45708],[127.08931,37.45741],[127.08958,37.45756],[127.08963,37.45708],[127.08975,37.45153],[127.08977,37.44542],[127.08972,37.44153],[127.08966,37.44014],[127.08958,37.43939],[127.08931,37.4394],[127.08898,37.43931],[127.08864,37.43847],[127.08831,37.43792],[127.0879,37.43764],[127.08777,37.43736],[127.08819,37.43703],[127.08857,37.43653],[127.08865,37.43625],[127.08853,37.43597],[127.08819,37.4359],[127.08792,37.436],[127.08736,37.43609],[127.08708,37.43597],[127.0873,37.43569],[127.08773,37.43542],[127.08819,37.43528],[127.08847,37.43512],[127.08875,37.43509],[127.08958,37.43513],[127.08966,37.43458],[127.08966,37.43375],[127.08965,37.43208],[127.08958,37.43132],[127.08903,37.43147],[127.08866,37.43181],[127.08862,37.43208],[127.08851,37.43236],[127.08847,37.43287],[127.08819,37.43283],[127.08792,37.43287],[127.08764,37.43301],[127.08747,37.43319],[127.08776,37.43375],[127.08764,37.43405],[127.08681,37.43417],[127.08653,37.4344],[127.08625,37.43426],[127.08597,37.43424],[127.08565,37.43458],[127.08557,37.43486],[127.08563,37.43514],[127.08542,37.4355],[127.08514,37.43575],[127.08403,37.43589],[127.08375,37.43573],[127.08347,37.43543],[127.08292,37.43517],[127.08236,37.43464],[127.08175,37.43514],[127.08153,37.43526],[127.08103,37.43542],[127.08042,37.43542],[127.07986,37.43552],[127.07958,37.43549],[127.07903,37.4356],[127.07875,37.43552],[127.0787,37.43542],[127.07931,37.43503],[127.07941,37.43486],[127.07939,37.43458],[127.07981,37.43403],[127.07997,37.43347],[127.08014,37.43335],[127.08042,37.43296],[127.08071,37.43264],[127.0808,37.43236],[127.08067,37.43208],[127.08042,37.43198],[127.07931,37.43194],[127.07847,37.43178],[127.07764,37.43186],[127.07736,37.43183],[127.07727,37.43153],[127.07692,37.43097],[127.07653,37.43073],[127.07625,37.4307],[127.07597,37.43072],[127.07542,37.43085],[127.07514,37.43099],[127.07486,37.43103],[127.07403,37.43102],[127.07375,37.43095],[127.07347,37.43098],[127.07319,37.43105],[127.07236,37.43154],[127.07208,37.43133],[127.07181,37.4315],[127.0717,37.43125],[127.07181,37.43121],[127.07206,37.43097],[127.07205,37.43069],[127.07198,37.43042],[127.07153,37.4299],[127.07142,37.42986],[127.07148,37.42958],[127.0714,37.42931],[127.071,37.42903],[127.0709,37.42875],[127.07066,37.42847],[127.07097,37.42844],[127.07153,37.42862],[127.07168,37.42875],[127.07181,37.42895],[127.07208,37.42888],[127.07236,37.42865],[127.07264,37.42863],[127.07273,37.42875],[127.07273,37.42903],[127.07264,37.42931],[127.07263,37.42958],[127.07292,37.42991],[127.07347,37.43026],[127.07375,37.43033],[127.07431,37.43033],[127.07454,37.43014],[127.07542,37.42996],[127.07653,37.42942],[127.07681,37.42952],[127.07685,37.42958],[127.07678,37.42986],[127.0769,37.43014],[127.07708,37.43025],[127.07764,37.43028],[127.07787,37.43014],[127.07819,37.42976],[127.07875,37.42957],[127.07903,37.42967],[127.07931,37.42991],[127.07958,37.42998],[127.08014,37.42997],[127.08042,37.43014],[127.08046,37.43042],[127.08069,37.4307],[127.08153,37.43078],[127.08236,37.43106],[127.08264,37.43109],[127.08292,37.43103],[127.083,37.43097],[127.08274,37.43042],[127.0827,37.43014],[127.08275,37.42986],[127.08292,37.42951],[127.08347,37.42935],[127.08375,37.42921],[127.08394,37.42931],[127.08431,37.42968],[127.08458,37.42987],[127.08486,37.42993],[127.08514,37.42991],[127.08569,37.42974],[127.08597,37.42962],[127.08653,37.42922],[127.08736,37.42899],[127.08789,37.42875],[127.08833,37.42847],[127.08867,37.42819],[127.08894,37.42764],[127.08958,37.42692],[127.08963,37.42514],[127.08958,37.42367],[127.08903,37.42267],[127.08893,37.42236],[127.08837,37.42181],[127.0885,37.42153],[127.08856,37.42125],[127.08875,37.42115],[127.08903,37.42117],[127.08958,37.42142],[127.08971,37.41847],[127.08967,37.41458],[127.08958,37.41317],[127.08931,37.41323],[127.08903,37.41317],[127.08819,37.41315],[127.08792,37.41321],[127.08764,37.41335],[127.08736,37.41368],[127.08722,37.41403],[127.08708,37.4142],[127.08681,37.4143],[127.08642,37.41458],[127.08613,37.41486],[127.08594,37.41514],[127.08528,37.41569],[127.08532,37.41597],[127.08543,37.41625],[127.08531,37.41653],[127.08542,37.41682],[127.08514,37.41687],[127.08486,37.41699],[127.08458,37.41721],[127.08431,37.41725],[127.08375,37.41698],[127.08347,37.41713],[127.08282,37.41764],[127.08236,37.4179],[127.08208,37.41794],[127.08181,37.41807],[127.08137,37.41819],[127.08134,37.41847],[127.08125,37.41854],[127.08118,37.41875],[127.08097,37.41901],[127.08042,37.41946],[127.08014,37.41975],[127.07903,37.42043],[127.07847,37.42064],[127.07801,37.42042],[127.07797,37.42014],[127.07824,37.41986],[127.07828,37.41958],[127.0775,37.41903],[127.07792,37.41895],[127.07819,37.41875],[127.07903,37.41862],[127.07958,37.41827],[127.07987,37.41792],[127.07981,37.41764],[127.07955,37.41736],[127.07931,37.4173],[127.07847,37.41745],[127.07825,37.41736],[127.07824,37.41597],[127.07819,37.41568],[127.07847,37.41565],[127.07931,37.41647],[127.07958,37.41662],[127.07986,37.41671],[127.08014,37.41674],[127.08042,37.41667],[127.08107,37.41625],[127.08128,37.41597],[127.08097,37.41585],[127.08074,37.41569],[127.08058,37.41542],[127.08069,37.41519],[127.08097,37.41514],[127.08153,37.41518],[127.08162,37.41514],[127.08125,37.41481],[127.08117,37.41458],[127.08125,37.41432],[127.08153,37.4143],[127.08208,37.41442],[127.08236,37.41442],[127.08258,37.41431],[127.08275,37.41403],[127.08274,37.41375],[127.08259,37.41347],[127.08255,37.41319],[127.08233,37.41292],[127.08236,37.41267],[127.08251,37.41264],[127.08253,37.41208],[127.08237,37.41181],[127.08208,37.41182],[127.08181,37.41156],[127.08171,37.41153],[127.08181,37.41125],[127.08208,37.41092],[127.08236,37.41082],[127.08319,37.41073],[127.08403,37.41074],[127.08429,37.41069],[127.08408,37.40986],[127.08431,37.40951],[127.0847,37.40931],[127.08456,37.40903],[127.08454,37.40875],[127.08458,37.40847],[127.08426,37.40819],[127.08375,37.40808],[127.08292,37.40766],[127.08236,37.40786],[127.08229,37.40792],[127.08206,37.40819],[127.08194,37.40847],[127.08197,37.40875],[127.08181,37.40894],[127.08153,37.40893],[127.08118,37.40875],[127.08099,37.40792],[127.08069,37.4079],[127.08029,37.40819],[127.0802,37.40875],[127.07986,37.40875],[127.07958,37.40884],[127.07953,37.40903],[127.07958,37.40917],[127.07977,37.40931],[127.07983,37.40958],[127.07958,37.40971],[127.07931,37.40976],[127.07875,37.41024],[127.07847,37.41035],[127.07792,37.41012],[127.07782,37.40986],[127.07784,37.40958],[127.07764,37.4092],[127.07737,37.40903],[127.07735,37.40875],[127.07792,37.40829],[127.07823,37.40819],[127.07847,37.40796],[127.07877,37.40792],[127.07875,37.40763],[127.07792,37.40756],[127.07764,37.4076],[127.07708,37.40799],[127.07597,37.40823],[127.07542,37.40844],[127.07486,37.40856],[127.07431,37.40848],[127.07375,37.40851],[127.07292,37.40867],[127.07236,37.40853],[127.07153,37.40852],[127.07129,37.40847],[127.07137,37.40819],[127.07151,37.40792],[127.0712,37.40764],[127.07123,37.40736],[127.07153,37.40736],[127.07181,37.40712],[127.07192,37.40681],[127.07208,37.40667],[127.07236,37.40681],[127.07264,37.40659],[127.07319,37.40655],[127.07403,37.40629],[127.07486,37.40638],[127.07569,37.4066],[127.07684,37.40653],[127.07708,37.40648],[127.07736,37.40634],[127.0778,37.40653],[127.07819,37.40659],[127.07826,37.40653],[127.07831,37.40625],[127.07819,37.40597],[127.07847,37.40597],[127.07903,37.40616],[127.07931,37.40613],[127.07942,37.40597],[127.07902,37.40569],[127.07819,37.40535],[127.07764,37.40531],[127.07728,37.40486],[127.07681,37.40416],[127.07653,37.40385],[127.07597,37.40358],[127.07569,37.40359],[127.07535,37.40347],[127.07569,37.40337],[127.07597,37.40345],[127.07653,37.40344],[127.07681,37.40359],[127.07819,37.40388],[127.07851,37.40375],[127.07847,37.40346],[127.07875,37.40352],[127.07924,37.40375],[127.07923,37.40403],[127.07958,37.40407],[127.07971,37.40403],[127.07966,37.40347],[127.07986,37.40316],[127.08014,37.40314],[127.08027,37.40319],[127.08125,37.40373],[127.08181,37.40361],[127.08236,37.40357],[127.08261,37.40347],[127.08234,37.40319],[127.08208,37.40302],[127.08176,37.40264],[127.08173,37.40236],[127.08156,37.40208],[127.08146,37.40181],[127.08142,37.40153],[127.08145,37.40125],[127.08115,37.40069],[127.08093,37.40042],[127.08153,37.40021],[127.08181,37.40017],[127.08208,37.40028],[127.08225,37.40042],[127.08229,37.40069],[127.08241,37.40097],[127.08264,37.40122],[127.08292,37.40133],[127.08347,37.40168],[127.08403,37.40226],[127.08431,37.40236],[127.08467,37.40236],[127.08464,37.40208],[127.08438,37.40181],[127.08458,37.40163],[127.08519,37.40181],[127.08542,37.40195],[127.08708,37.40267],[127.08746,37.40264],[127.08792,37.40227],[127.08819,37.40221],[127.08837,37.40236],[127.08839,37.40264],[127.08866,37.40292],[127.08877,37.40319],[127.08903,37.40327],[127.08931,37.40326],[127.08942,37.40319],[127.08911,37.40292],[127.08915,37.40236],[127.08931,37.4022],[127.08958,37.40204],[127.08963,37.40125],[127.08963,37.39625],[127.08969,37.39514],[127.08958,37.39314],[127.08931,37.39304],[127.08903,37.39256],[127.08875,37.3924],[127.08847,37.39248],[127.08819,37.39272],[127.08764,37.39281],[127.08736,37.39281],[127.08708,37.39291],[127.08681,37.39269],[127.08653,37.39273],[127.08597,37.39295],[127.08542,37.39277],[127.08514,37.39275],[127.0848,37.39292],[127.08458,37.39348],[127.08442,37.39375],[127.08403,37.39404],[127.08319,37.39436],[127.08292,37.39439],[127.08236,37.39439],[127.08181,37.39425],[127.08162,37.39431],[127.08125,37.39472],[127.08097,37.39491],[127.08069,37.39465],[127.08042,37.39447],[127.08014,37.39446],[127.07987,37.39458],[127.07947,37.39486],[127.07931,37.3952],[127.07875,37.39537],[127.0785,37.39514],[127.07792,37.3948],[127.07779,37.39486],[127.07773,37.39514],[127.07757,37.39514],[127.07749,37.39486],[127.07769,37.39458],[127.07736,37.39459],[127.07708,37.39452],[127.07681,37.39433],[127.07653,37.39435],[127.07625,37.39429],[127.07569,37.39448],[127.07514,37.39422],[127.07486,37.39414],[127.07403,37.39428],[127.07375,37.39438],[127.07347,37.39421],[127.07292,37.39398],[127.07264,37.39392],[127.07258,37.39403],[127.07275,37.39431],[127.07262,37.39458],[127.07236,37.39481],[127.07208,37.39478],[127.07153,37.39466],[127.07146,37.39458],[127.07142,37.39431],[127.0713,37.39403],[127.07108,37.39292],[127.07095,37.39264],[127.07095,37.39236],[127.07073,37.39181],[127.0707,37.39153],[127.07074,37.39097],[127.0707,37.39069],[127.07073,37.39042],[127.07059,37.39014],[127.07055,37.38986],[127.07043,37.38958],[127.07048,37.38931],[127.07044,37.38903],[127.07079,37.38875],[127.07085,37.38819],[127.0708,37.38792],[127.07097,37.38744],[127.07125,37.38741],[127.07153,37.38745],[127.07208,37.38712],[127.07236,37.3871],[127.07264,37.38702],[127.07272,37.38681],[127.0727,37.38653],[127.07293,37.38625],[127.07264,37.38607],[127.07258,37.38625],[127.07236,37.38645],[127.07216,37.38625],[127.0722,37.38597],[127.07208,37.38585],[127.07178,37.38569],[127.07186,37.38514],[127.07208,37.38507],[127.07236,37.38505],[127.07292,37.38476],[127.07319,37.3844],[127.07347,37.38445],[127.07375,37.38434],[127.07398,37.38431],[127.07401,37.38403],[127.07391,37.38347],[127.07403,37.38338],[127.07431,37.38333],[127.07435,37.38347],[127.07435,37.38375],[127.07446,37.38403],[127.07436,37.38431],[127.07464,37.38458],[127.07466,37.38486],[127.07458,37.38504],[127.07447,37.38514],[127.07458,37.38521],[127.07486,37.38526],[127.075,37.38542],[127.07514,37.38569],[127.07503,37.38597],[127.07466,37.38625],[127.07472,37.38681],[127.07486,37.38698],[127.07514,37.38711],[127.07597,37.38746],[127.07681,37.3877],[127.07695,37.38792],[127.07694,37.38819],[127.07681,37.38832],[127.07648,37.38847],[127.07653,37.38856],[127.07682,37.38875],[127.07708,37.38887],[127.07736,37.38889],[127.078,37.38875],[127.07812,37.38847],[127.07783,37.38819],[127.07772,37.38764],[127.07819,37.38748],[127.07931,37.38739],[127.07958,37.38725],[127.07986,37.3872],[127.08014,37.38727],[127.08042,37.38725],[127.08089,37.38708],[127.08042,37.38694],[127.08014,37.38691],[127.0799,37.38681],[127.08052,37.38653],[127.08057,37.38625],[127.08102,37.38569],[127.08099,37.38514],[127.08072,37.38486],[127.08096,37.38458],[127.08069,37.38435],[127.08069,37.38427],[127.08097,37.38415],[127.08181,37.3843],[127.08208,37.38427],[127.08218,37.38431],[127.08236,37.38446],[127.08241,37.38458],[127.08264,37.38486],[127.08218,37.38514],[127.08252,37.38542],[127.08264,37.38546],[127.08292,37.3855],[127.08347,37.38546],[127.08375,37.38559],[127.08403,37.38587],[127.08422,37.38597],[127.08431,37.38625],[127.08458,37.38646],[127.08486,37.3864],[127.08512,37.38625],[127.08475,37.38597],[127.08464,37.38569],[127.08496,37.38542],[127.085,37.38514],[127.08521,37.38486],[127.08531,37.38431],[127.08542,37.38414],[127.08569,37.38431],[127.08625,37.38436],[127.08653,37.38448],[127.08681,37.384],[127.08708,37.38393],[127.08764,37.38396],[127.08847,37.38378],[127.08884,37.38375],[127.08918,37.38319],[127.08903,37.38291],[127.08875,37.3828],[127.08847,37.38276],[127.08764,37.38281],[127.08736,37.38276],[127.08653,37.38275],[127.08621,37.38264],[127.08648,37.38236],[127.08681,37.38219],[127.08688,37.38236],[127.08708,37.3824],[127.08741,37.38236],[127.08736,37.38227],[127.08698,37.38208],[127.08792,37.38198],[127.08819,37.38209],[127.08875,37.38213],[127.08931,37.38208],[127.08958,37.3819],[127.08967,37.38069],[127.08965,37.37931],[127.08972,37.37736],[127.08968,37.37264],[127.08958,37.37123],[127.08931,37.371],[127.08887,37.37042],[127.08847,37.37014],[127.08819,37.36988],[127.08736,37.36945],[127.08708,37.36937],[127.08625,37.36925],[127.08597,37.36917],[127.08586,37.36903],[127.08597,37.36887],[127.08616,37.36875],[127.08653,37.36864],[127.08764,37.36882],[127.08847,37.36873],[127.08958,37.36901],[127.08965,37.36847],[127.0897,37.36681],[127.08958,37.36501],[127.08903,37.36509],[127.08847,37.36505],[127.08819,37.3651],[127.08792,37.36526],[127.08736,37.36544],[127.08681,37.36547],[127.08652,37.36542],[127.08708,37.36532],[127.08723,37.36514],[127.08764,37.36505],[127.0879,37.36486],[127.08819,37.36442],[127.08849,37.36431],[127.08901,37.36375],[127.08958,37.36324],[127.08971,37.36014]]}},{"type":"Feature","properties":{"elev":100,"idx":1},"geometry":{"type":"LineString","coordinates":[[127.08819,37.38203],[127.08816,37.38181],[127.08875,37.38177],[127.08893,37.38181],[127.08875,37.38191],[127.08819,37.38203]]}},{"type":"Feature","properties":{"elev":100,"idx":1},"geometry":{"type":"LineString","coordinates":[[126.98014,37.37964],[126.98017,37.37958],[126.98014,37.37955]]}},{"type":"Feature","properties":{"elev":100,"idx":1},"geometry":{"type":"LineString","coordinates":[[126.98236,37.37933],[126.98214,37.37931],[126.98236,37.37926],[126.98236,37.37933]]}},{"type":"Feature","properties":{"elev":100,"idx":1},"geometry":{"type":"LineString","coordinates":[[126.98014,37.37872],[126.98069,37.37859],[126.98097,37.37862],[126.98125,37.37883],[126.98153,37.37891],[126.98208,37.37896],[126.98213,37.37903],[126.98206,37.37931],[126.98157,37.37958],[126.98125,37.37968],[126.98069,37.3797],[126.98042,37.37979],[126.98029,37.37986],[126.98014,37.38008]]}},{"type":"Feature","properties":{"elev":100,"idx":1},"geometry":{"type":"LineString","coordinates":[[127.01236,37.37138],[127.01226,37.37125],[127.01236,37.37109],[127.01264,37.37112],[127.01266,37.37125],[127.01236,37.37138]]}},{"type":"Feature","properties":{"elev":100,"idx":1},"geometry":{"type":"LineString","coordinates":[[127.00403,37.36866],[127.00399,37.36847],[127.00403,37.36845],[127.0041,37.36847],[127.00403,37.36866]]}},{"type":"Feature","properties":{"elev":100,"idx":1},"geometry":{"type":"LineString","coordinates":[[127.06273,37.36042],[127.06292,37.36055],[127.063,37.36042],[127.06292,37.36033],[127.06273,37.36042]]}},{"type":"Feature","properties":{"elev":100,"idx":1},"geometry":{"type":"LineString","coordinates":[[127.06544,37.36014],[127.0652,37.36042],[127.06514,37.36071],[127.06443,37.36069],[127.06403,37.3605],[127.06375,37.36049],[127.06347,37.36041],[127.06348,37.36069],[127.06319,37.36076],[127.06292,37.36074],[127.06264,37.36081],[127.06208,37.36073],[127.06181,37.36081],[127.06125,37.36081],[127.06111,37.36069],[127.06125,37.36062],[127.06181,37.36055],[127.06208,37.3606],[127.06245,37.36014]]}},{"type":"Feature","properties":{"elev":100,"idx":1},"geometry":{"type":"LineString","coordinates":[[127.07013,37.36014],[127.06984,37.36069],[127.06963,37.36097],[127.06904,37.36153],[127.06903,37.36191],[127.06895,37.36208],[127.06903,37.36244],[127.06906,37.36292],[127.06923,37.36319],[127.06903,37.36331],[127.06867,37.36292],[127.06861,37.36264],[127.06864,37.36236],[127.06857,37.36208],[127.06861,37.36181],[127.06853,37.36153],[127.06819,37.36115],[127.06792,37.36112],[127.06775,37.36097],[127.0678,37.36069],[127.06792,37.36053],[127.06807,37.36042],[127.06807,37.36014]]}},{"type":"Feature","properties":{"elev":150,"idx":0},"geometry":{"type":"LineString","coordinates":[[127.0147,37.46986],[127.01517,37.46958],[127.01527,37.46931],[127.01523,37.46903],[127.0154,37.46875],[127.01526,37.46847],[127.01486,37.46844],[127.01458,37.46833],[127.01445,37.46819],[127.01476,37.46792],[127.0148,37.46764],[127.01458,37.4673],[127.0141,37.46708],[127.01417,37.46681],[127.01431,37.46659],[127.01458,37.46643],[127.01477,37.46625],[127.01458,37.46599],[127.01403,37.46591],[127.01375,37.46568],[127.01347,37.46555],[127.01319,37.46559],[127.01298,37.46569],[127.01236,37.46587],[127.01175,37.46653],[127.01163,37.46681],[127.01153,37.46687],[127.01125,37.46691],[127.011,37.46681],[127.01069,37.46656],[127.01014,37.46641],[127.00986,37.46642],[127.00958,37.46683],[127.00931,37.46684],[127.00878,37.46653],[127.00847,37.46614],[127.00819,37.46611],[127.00736,37.46663],[127.00708,37.46692],[127.00681,37.46709],[127.00662,37.46708],[127.00654,37.46681],[127.00683,37.46653],[127.007,37.46625],[127.007,37.46569],[127.00706,37.46542],[127.00703,37.46514],[127.00665,37.46458],[127.00592,37.46403],[127.00533,37.46319],[127.00542,37.46309],[127.00569,37.46293],[127.00597,37.46284],[127.00607,37.46264],[127.00625,37.46256],[127.00708,37.46257],[127.00736,37.46235],[127.00764,37.46226],[127.00792,37.4623],[127.00819,37.46222],[127.00833,37.46208],[127.00831,37.46181],[127.00841,37.46153],[127.00827,37.46125],[127.00819,37.46121],[127.00764,37.46119],[127.00749,37.46153],[127.00736,37.46169],[127.00708,37.46177],[127.00681,37.46172],[127.00569,37.46119],[127.00542,37.46118],[127.0054,37.46125],[127.00499,37.46153],[127.00495,37.46181],[127.00524,37.46208],[127.00486,37.46236],[127.00459,37.46264],[127.00457,37.46292],[127.00431,37.46318],[127.00403,37.46324],[127.00375,37.46316],[127.00319,37.46314],[127.00264,37.46325],[127.00237,37.46347],[127.00231,37.46375],[127.00213,37.46403],[127.00181,37.46409],[127.00154,37.46431],[127.00151,37.46458],[127.00122,37.46486],[127.00128,37.46514],[127.00125,37.46524],[127.00097,37.46542],[127.00069,37.4654],[127.00014,37.46523],[126.99986,37.46534],[126.99972,37.46542],[126.99958,37.46575],[126.99941,37.46597],[126.99931,37.46601],[126.99875,37.46587],[126.99842,37.46569],[126.99825,37.46514],[126.99879,37.46458],[126.99868,37.46431],[126.99874,37.46403],[126.99865,37.46347],[126.99772,37.46236],[126.99766,37.46208],[126.99736,37.46166],[126.99681,37.46117],[126.99663,37.46153],[126.99625,37.46173],[126.99597,37.46175],[126.99569,37.46169],[126.99514,37.4617],[126.99486,37.46155],[126.99462,37.46181],[126.99542,37.46198],[126.99597,37.46221],[126.99616,37.46236],[126.99586,37.46264],[126.99565,37.46292],[126.9956,37.46347],[126.99589,37.46403],[126.99567,37.46431],[126.99553,37.46458],[126.99552,37.46486],[126.9954,37.46514],[126.99514,37.46534],[126.99492,37.46542],[126.99457,37.46569],[126.99514,37.46586],[126.9952,37.46597],[126.99499,37.46625],[126.99488,37.46681],[126.99463,37.46708],[126.99514,37.46797],[126.99542,37.46816],[126.99597,37.46813],[126.99625,37.46841],[126.99653,37.4685],[126.99681,37.46852],[126.99708,37.46863],[126.99736,37.46883],[126.99764,37.4689],[126.99792,37.46891],[126.99852,37.46875],[126.99875,37.46862],[126.99931,37.46866],[126.99986,37.46847],[127.00014,37.46863],[127.00055,37.46875],[127.00073,37.46903],[127.00041,37.46958],[127.00038,37.46986]]}},{"type":"Feature","properties":{"elev":150,"idx":0},"geometry":{"type":"LineString","coordinates":[[127.06818,37.46986],[127.06764,37.46952],[127.06736,37.46943],[127.06708,37.46948],[127.06681,37.4694],[127.06669,37.46931],[127.06642,37.46903],[127.06611,37.46819],[127.06569,37.46784],[127.06542,37.46749],[127.06514,37.46738],[127.06458,37.46702],[127.06403,37.46685],[127.06347,37.46673],[127.06319,37.46659],[127.06236,37.46642],[127.06181,37.46634],[127.06097,37.46632],[127.06071,37.46625],[127.06014,37.46583],[127.05986,37.4657],[127.05875,37.4656],[127.05792,37.466],[127.05708,37.46581],[127.05653,37.46585],[127.05569,37.46603],[127.05486,37.4664],[127.05431,37.46643],[127.05375,37.46654],[127.05347,37.46664],[127.05236,37.4674],[127.05153,37.46758],[127.05143,37.46764],[127.05163,37.46792],[127.05233,37.46847],[127.05264,37.46879],[127.05292,37.46899],[127.05319,37.46909],[127.05399,37.46986]]}},{"type":"Feature","properties":{"elev":150,"idx":0},"geometry":{"type":"LineString","coordinates":[[126.98014,37.46897],[126.98017,37.46931],[126.98028,37.46958],[126.98042,37.46965],[126.98072,37.46958],[126.98098,37.46931],[126.98097,37.46899],[126.98086,37.46847],[126.98097,37.46816],[126.98153,37.46802],[126.98236,37.46821],[126.98292,37.4681],[126.98309,37.46792],[126.98275,37.46736],[126.9827,37.46708],[126.98275,37.46681],[126.98264,37.46658],[126.98153,37.46649],[126.98097,37.46669],[126.98069,37.4666],[126.98062,37.46653],[126.98083,37.46625],[126.98153,37.46572],[126.98158,37.46542],[126.98153,37.46534],[126.98125,37.46522],[126.98097,37.46515],[126.98069,37.46519],[126.98057,37.46514],[126.98042,37.46493],[126.9803,37.46458],[126.98034,37.46431],[126.98023,37.46403],[126.98032,37.46375],[126.98027,37.46347],[126.98014,37.46311]]}},{"type":"Feature","properties":{"elev":150,"idx":0},"geometry":{"type":"LineString","coordinates":[[126.98014,37.46676],[126.98042,37.46674],[126.98092,37.46708],[126.98094,37.46736],[126.98086,37.46764],[126.98086,37.46792],[126.9806,37.46819],[126.98042,37.46828],[126.98014,37.4686]]}},{"type":"Feature","properties":{"elev":150,"idx":0},"geometry":{"type":"LineString","coordinates":[[126.99702,37.46069],[126.99708,37.46075],[126.99736,37.46074],[126.99739,37.46069],[126.99737,37.46042],[126.9972,37.46014],[126.9974,37.45986],[126.99708,37.45955],[126.99681,37.45956],[126.99676,37.46014],[126.99681,37.46034],[126.99702,37.46069]]}},{"type":"Feature","properties":{"elev":150,"idx":0},"geometry":{"type":"LineString","coordinates":[[126.98014,37.46054],[126.98042,37.46061],[126.98065,37.46097],[126.98125,37.46109],[126.98208,37.46086],[126.98264,37.46115],[126.98292,37.46122],[126.98319,37.46118],[126.98369,37.46097],[126.98403,37.46034],[126.98458,37.45981],[126.98502,37.45931],[126.98495,37.45903],[126.98514,37.45884],[126.98533,37.45847],[126.98569,37.45836],[126.98588,37.45819],[126.98626,37.45764],[126.98653,37.45751],[126.98681,37.45753],[126.98696,37.45736],[126.98681,37.45728],[126.98661,37.45708],[126.98708,37.45655],[126.98721,37.45625],[126.98717,37.45569],[126.98729,37.45542],[126.98764,37.45495],[126.98792,37.45486],[126.98819,37.45496],[126.98832,37.45486],[126.98847,37.45453],[126.98857,37.45431],[126.98851,37.45375],[126.98853,37.45347],[126.98841,37.45319],[126.98819,37.45306],[126.98792,37.45304],[126.98736,37.45274],[126.98708,37.45269],[126.98653,37.45305],[126.98625,37.453],[126.98565,37.45264],[126.98611,37.45153],[126.98597,37.45135],[126.98569,37.45132],[126.98528,37.45097],[126.9847,37.45069],[126.98439,37.45042],[126.98486,37.45018],[126.98519,37.45014],[126.98553,37.44958],[126.98542,37.44946],[126.98504,37.44931],[126.98511,37.44903],[126.98542,37.44875],[126.98542,37.44847],[126.98514,37.44832],[126.98503,37.44819],[126.98608,37.44736],[126.98635,37.44708],[126.98625,37.44703],[126.98597,37.44707],[126.98587,37.44681],[126.98559,37.44653],[126.98561,37.44625],[126.98602,37.44569],[126.98625,37.44553],[126.98653,37.44557],[126.98681,37.44573],[126.98736,37.44576],[126.98847,37.44598],[126.98903,37.44581],[126.9892,37.44569],[126.98926,37.44542],[126.98914,37.44514],[126.98855,37.44458],[126.98764,37.44423],[126.98736,37.44421],[126.98681,37.44433],[126.98662,37.44431],[126.9861,37.44403],[126.98606,37.44375],[126.9861,37.44347],[126.98625,37.44331],[126.98648,37.44319],[126.98571,37.44264],[126.98597,37.44251],[126.98625,37.44249],[126.98681,37.44258],[126.98736,37.44252],[126.98819,37.44256],[126.98847,37.44251],[126.9888,37.44236],[126.98819,37.44162],[126.98802,37.44153],[126.98833,37.44125],[126.98792,37.44097],[126.98781,37.44069],[126.98828,37.44042],[126.9884,37.44014],[126.98862,37.43986],[126.98856,37.43958],[126.98825,37.43931],[126.98847,37.43903],[126.98903,37.43907],[126.98924,37.43875],[126.98986,37.43871],[126.99008,37.43847],[126.98986,37.43827],[126.98928,37.43792],[126.98898,37.43764],[126.98875,37.43722],[126.98847,37.4371],[126.98764,37.43744],[126.98736,37.43733],[126.98708,37.43708],[126.98684,37.43625],[126.98643,37.43597],[126.98597,37.43542],[126.98569,37.43533],[126.98542,37.43545],[126.98514,37.4355],[126.98483,37.43569],[126.98458,37.43594],[126.98431,37.43607],[126.98403,37.43601],[126.98383,37.43625],[126.9838,37.43653],[126.98375,37.43659],[126.98347,37.43659],[126.98292,37.43628],[126.98264,37.43619],[126.98236,37.43623],[126.98078,37.43681],[126.98042,37.43709],[126.98041,37.43681],[126.98082,37.43625],[126.98088,37.43597],[126.98125,37.43565],[126.98164,37.43542],[126.98197,37.43514],[126.98208,37.43486],[126.98236,37.43473],[126.98292,37.43462],[126.98334,37.43431],[126.98356,37.43403],[126.98372,37.43347],[126.98347,37.43329],[126.98264,37.43329],[126.98153,37.43357],[126.98136,37.43347],[126.98157,37.43319],[126.98208,37.43281],[126.98291,37.43208],[126.98334,37.43181],[126.98363,37.43153],[126.98344,37.43097],[126.98319,37.43069],[126.98292,37.43053],[126.98264,37.43051],[126.98239,37.43042],[126.98208,37.4302],[126.98181,37.43022],[126.98153,37.43032],[126.98092,37.43069],[126.98014,37.43129]]}},{"type":"Feature","properties":{"elev":150,"idx":0},"geometry":{"type":"LineString","coordinates":[[126.99214,37.46014],[126.99236,37.46033],[126.99255,37.46014],[126.99236,37.45999],[126.99214,37.46014]]}},{"type":"Feature","properties":{"elev":150,"idx":0},"geometry":{"type":"LineString","coordinates":[[126.99185,37.45958],[126.99208,37.45968],[126.99232,37.45958],[126.99236,37.45941],[126.99268,37.45931],[126.99278,37.45903],[126.99259,37.45903],[126.99236,37.45929],[126.99207,37.45931],[126.99185,37.45958]]}},{"type":"Feature","properties":{"elev":150,"idx":0},"geometry":{"type":"LineString","coordinates":[[127.08672,37.45569],[127.0869,37.45569],[127.08708,37.45559],[127.08725,37.45542],[127.0873,37.45514],[127.08708,37.45472],[127.08681,37.45457],[127.08637,37.45486],[127.08631,37.45514],[127.08636,37.45542],[127.08672,37.45569]]}},{"type":"Feature","properties":{"elev":150,"idx":0},"geometry":{"type":"LineString","coordinates":[[127.08952,37.45514],[127.08958,37.45517],[127.08962,37.45458],[127.08971,37.45125],[127.08968,37.44875],[127.08972,37.44514],[127.08966,37.44181],[127.08958,37.44054],[127.08931,37.4404],[127.08847,37.44026],[127.08819,37.4401],[127.08736,37.44003],[127.08703,37.43986],[127.08701,37.43958],[127.08716,37.43931],[127.08719,37.43903],[127.08736,37.43875],[127.08713,37.43847],[127.08681,37.43825],[127.08653,37.43816],[127.08625,37.43814],[127.08603,37.43819],[127.08614,37.43847],[127.08597,37.43871],[127.08569,37.43869],[127.08542,37.43859],[127.08529,37.43847],[127.08523,37.43819],[127.08502,37.43792],[127.08511,37.43764],[127.08531,37.43736],[127.08523,37.43708],[127.08458,37.43712],[127.08375,37.43699],[127.08319,37.43697],[127.08264,37.43705],[127.08208,37.43681],[127.08181,37.43675],[127.08069,37.43708],[127.07999,37.43708],[127.07903,37.43729],[127.07847,37.43722],[127.07819,37.43729],[127.07779,37.43792],[127.07764,37.43803],[127.07736,37.43839],[127.07708,37.43857],[127.07653,37.43857],[127.07625,37.43863],[127.07597,37.43843],[127.07569,37.43839],[127.07546,37.43847],[127.07514,37.43888],[127.07486,37.43882],[127.07462,37.43847],[127.07467,37.43819],[127.07461,37.43792],[127.07486,37.43777],[127.07514,37.43777],[127.07597,37.43738],[127.07624,37.43708],[127.07655,37.43653],[127.07658,37.43625],[127.07597,37.43597],[127.07606,37.43569],[127.07597,37.43558],[127.07514,37.43527],[127.07486,37.43528],[127.07395,37.43569],[127.07315,37.43597],[127.07292,37.43611],[127.07264,37.43616],[127.07208,37.4361],[127.07153,37.43588],[127.07098,37.43597],[127.07112,37.43625],[127.07153,37.4364],[127.0722,37.43681],[127.07208,37.43708],[127.07181,37.43705],[127.07042,37.43723],[127.07014,37.4373],[127.06931,37.43767],[127.06875,37.43777],[127.06844,37.43792],[127.06818,37.43819],[127.06812,37.43847],[127.06792,37.4388],[127.06764,37.43903],[127.06698,37.43986],[127.06602,37.44069],[127.0658,37.44097],[127.06559,37.44125],[127.06549,37.44181],[127.06542,37.44194],[127.06462,37.44236],[127.06484,37.44264],[127.06597,37.4428],[127.06622,37.44292],[127.06641,37.44319],[127.06625,37.44335],[127.06597,37.44349],[127.06569,37.44407],[127.06542,37.44429],[127.06486,37.44434],[127.06431,37.44451],[127.06347,37.44463],[127.06319,37.44456],[127.06304,37.44458],[127.06299,37.44486],[127.06313,37.44514],[127.06304,37.44542],[127.06313,37.44569],[127.06287,37.44597],[127.06286,37.44625],[127.06312,37.44653],[127.06327,37.44681],[127.06373,37.44708],[127.06377,37.44764],[127.06385,37.44792],[127.06403,37.4481],[127.06458,37.44825],[127.06514,37.44858],[127.06542,37.44864],[127.06597,37.44866],[127.06625,37.44877],[127.06681,37.44886],[127.06744,37.44903],[127.06792,37.44919],[127.06819,37.44915],[127.06847,37.44905],[127.06875,37.44904],[127.06922,37.44931],[127.06941,37.44958],[127.06931,37.44967],[127.06922,37.44986],[127.06927,37.45014],[127.06958,37.45015],[127.06986,37.44993],[127.07003,37.44986],[127.07007,37.44958],[127.07002,37.44931],[127.07008,37.44903],[127.07042,37.44889],[127.07069,37.44888],[127.07091,37.44875],[127.07097,37.44865],[127.07128,37.44847],[127.07116,37.44819],[127.07129,37.44792],[127.07153,37.44785],[127.07193,37.44764],[127.07236,37.44757],[127.07319,37.44771],[127.07347,37.44771],[127.07375,37.44763],[127.07395,37.44736],[127.07371,37.44708],[127.07375,37.44679],[127.07403,37.44644],[127.07458,37.4462],[127.07493,37.44597],[127.07513,37.44569],[127.07518,37.44542],[127.07514,37.44524],[127.07506,37.44514],[127.07524,37.44486],[127.07574,37.44458],[127.07625,37.44452],[127.07681,37.44454],[127.07708,37.44445],[127.07726,37.44431],[127.07745,37.44431],[127.07764,37.44439],[127.07819,37.44448],[127.07875,37.44445],[127.07903,37.44435],[127.07931,37.44435],[127.07943,37.44458],[127.07986,37.44491],[127.08014,37.4449],[127.08042,37.445],[127.0807,37.44542],[127.08097,37.44565],[127.08129,37.44569],[127.08153,37.44587],[127.08185,37.44597],[127.08196,37.44625],[127.08227,37.44653],[127.08242,37.44681],[127.08264,37.44694],[127.08275,37.44708],[127.08292,37.44716],[127.08319,37.44744],[127.08332,37.44792],[127.08347,37.44807],[127.084,37.44847],[127.08427,37.44875],[127.08458,37.44884],[127.08514,37.44921],[127.08553,37.44958],[127.08562,37.44986],[127.08584,37.45014],[127.08602,37.45069],[127.0858,37.45097],[127.08571,37.45125],[127.08589,37.45153],[127.08653,37.45195],[127.08681,37.45236],[127.08736,37.45267],[127.08764,37.45307],[127.08779,37.45319],[127.08793,37.45347],[127.08798,37.45375],[127.08875,37.45439],[127.08923,37.45486],[127.08931,37.45499],[127.08952,37.45514]]}},{"type":"Feature","properties":{"elev":150,"idx":0},"geometry":{"type":"LineString","coordinates":[[127.07261,37.45458],[127.07264,37.45462],[127.07266,37.45458],[127.07264,37.45456],[127.07261,37.45458]]}},{"type":"Feature","properties":{"elev":150,"idx":0},"geometry":{"type":"LineString","coordinates":[[127.08176,37.44931],[127.08208,37.44917],[127.08215,37.44903],[127.08208,37.44893],[127.08181,37.44889],[127.0817,37.44903],[127.08176,37.44931]]}},{"type":"Feature","properties":{"elev":150,"idx":0},"geometry":{"type":"LineString","coordinates":[[127.07705,37.43486],[127.07764,37.43483],[127.07777,37.43458],[127.07765,37.43431],[127.07786,37.43403],[127.07832,37.43375],[127.07889,37.43319],[127.07886,37.43292],[127.07847,37.43278],[127.07792,37.43276],[127.07736,37.43292],[127.07625,37.43301],[127.07597,37.43284],[127.07542,37.43218],[127.07514,37.43219],[127.07485,37.43236],[127.07485,37.43264],[127.07511,37.43319],[127.07545,37.43347],[127.076,37.43375],[127.07626,37.43403],[127.07627,37.43431],[127.07681,37.43473],[127.07705,37.43486]]}},{"type":"Feature","properties":{"elev":150,"idx":0},"geometry":{"type":"LineString","coordinates":[[126.98014,37.42968],[126.98018,37.42958],[126.98018,37.42931],[126.98032,37.42903],[126.98033,37.42875],[126.98014,37.42865]]}},{"type":"Feature","properties":{"elev":150,"idx":0},"geometry":{"type":"LineString","coordinates":[[127.08173,37.42875],[127.08185,37.42875],[127.08236,37.4282],[127.08264,37.42823],[127.08292,37.42816],[127.08312,37.42792],[127.08317,37.42764],[127.08307,37.42736],[127.08315,37.42708],[127.08347,37.42662],[127.08375,37.42664],[127.08458,37.42702],[127.08542,37.42762],[127.08597,37.42786],[127.08653,37.42787],[127.08681,37.42779],[127.08698,37.42764],[127.08733,37.42708],[127.0883,37.42625],[127.0889,37.42569],[127.08903,37.42551],[127.08918,37.42514],[127.08913,37.42486],[127.08906,37.42458],[127.08875,37.42404],[127.08824,37.42347],[127.08812,37.42319],[127.08792,37.42299],[127.08673,37.42208],[127.08652,37.42181],[127.0866,37.42153],[127.08708,37.42107],[127.08733,37.42069],[127.08847,37.4204],[127.08863,37.42014],[127.08852,37.41958],[127.08851,37.41931],[127.08875,37.41925],[127.08958,37.41932],[127.08963,37.41819],[127.08958,37.41717],[127.08951,37.41708],[127.08957,37.41681],[127.08958,37.41573],[127.08931,37.4155],[127.089,37.41569],[127.08872,37.41597],[127.08809,37.41625],[127.088,37.41653],[127.08743,37.41681],[127.08708,37.41689],[127.08688,37.41708],[127.0867,37.41736],[127.08625,37.41777],[127.08555,37.41819],[127.08525,37.41875],[127.08514,37.41885],[127.08403,37.41829],[127.08375,37.41821],[127.08347,37.41826],[127.08319,37.41855],[127.083,37.41903],[127.0831,37.41931],[127.08305,37.41958],[127.08264,37.41982],[127.08208,37.41999],[127.08181,37.42014],[127.08175,37.42042],[127.08154,37.42069],[127.08125,37.42074],[127.08097,37.4209],[127.08088,37.42097],[127.08073,37.42125],[127.08014,37.42153],[127.07986,37.42191],[127.07958,37.42215],[127.0793,37.42264],[127.07942,37.42319],[127.07931,37.4233],[127.07847,37.42362],[127.07819,37.42362],[127.07792,37.42346],[127.07736,37.42352],[127.07717,37.42375],[127.0768,37.42403],[127.07664,37.42431],[127.07639,37.42486],[127.07643,37.42514],[127.07628,37.42542],[127.07597,37.42543],[127.07574,37.42569],[127.07581,37.42597],[127.07597,37.42608],[127.07614,37.42681],[127.07627,37.42708],[127.07601,37.42819],[127.07625,37.42829],[127.07653,37.42831],[127.07736,37.42818],[127.07764,37.42829],[127.07792,37.42834],[127.07819,37.42819],[127.07875,37.42821],[127.07931,37.42829],[127.08014,37.42821],[127.08069,37.42823],[127.08097,37.42832],[127.08125,37.42862],[127.08173,37.42875]]}},{"type":"Feature","properties":{"elev":150,"idx":0},"geometry":{"type":"LineString","coordinates":[[127.01119,37.42597],[127.01125,37.42602],[127.01153,37.42605],[127.01159,37.42597],[127.01153,37.42575],[127.01125,37.42588],[127.01119,37.42597]]}},{"type":"Feature","properties":{"elev":150,"idx":0},"geometry":{"type":"LineString","coordinates":[[127.00152,37.42097],[127.00181,37.42103],[127.00206,37.42097],[127.00181,37.42087],[127.00152,37.42097]]}},{"type":"Feature","properties":{"elev":150,"idx":0},"geometry":{"type":"LineString","coordinates":[[127.08508,37.40097],[127.08542,37.40105],[127.08597,37.40089],[127.08681,37.40113],[127.08775,37.40069],[127.08792,37.40048],[127.08792,37.40038],[127.08764,37.40019],[127.0873,37.39986],[127.08795,37.39931],[127.08842,37.39903],[127.08834,37.39847],[127.08824,37.39819],[127.08874,37.39764],[127.08818,37.39681],[127.08764,37.39629],[127.08736,37.39607],[127.08677,37.39597],[127.08675,37.39569],[127.08681,37.3955],[127.08708,37.39521],[127.08736,37.39514],[127.08764,37.39516],[127.08863,37.39542],[127.08958,37.39558],[127.08958,37.3947],[127.08792,37.395],[127.08764,37.39512],[127.08736,37.39513],[127.08708,37.39508],[127.08686,37.39486],[127.08653,37.39474],[127.08597,37.39467],[127.08569,37.39469],[127.08542,37.3948],[127.08494,37.39514],[127.08458,37.39528],[127.08403,37.39534],[127.08319,37.39536],[127.08281,37.39542],[127.08279,37.39597],[127.0827,37.39625],[127.08208,37.39686],[127.08181,37.39696],[127.08125,37.39704],[127.08103,37.39681],[127.08097,37.39643],[127.08069,37.39649],[127.08063,37.39681],[127.08069,37.39706],[127.08082,37.39708],[127.08069,37.39711],[127.08039,37.39792],[127.08058,37.39819],[127.08097,37.39847],[127.08153,37.39873],[127.08181,37.39878],[127.08208,37.39856],[127.08236,37.39851],[127.08292,37.39854],[127.08319,37.39875],[127.08314,37.39903],[127.08342,37.39986],[127.08375,37.40002],[127.08415,37.40042],[127.08451,37.40069],[127.08508,37.40097]]}},{"type":"Feature","properties":{"elev":150,"idx":0},"geometry":{"type":"LineString","coordinates":[[127.02148,37.39708],[127.02153,37.39728],[127.02158,37.39708],[127.02156,37.39681],[127.02153,37.3968],[127.02145,37.39681],[127.02148,37.39708]]}},{"type":"Feature","properties":{"elev":150,"idx":0},"geometry":{"type":"LineString","coordinates":[[127.06844,37.39486],[127.06847,37.39493],[127.06875,37.39503],[127.06903,37.39491],[127.06905,37.39458],[127.06875,37.39446],[127.06847,37.39452],[127.06836,37.39458],[127.06844,37.39486]]}},{"type":"Feature","properties":{"elev":150,"idx":0},"geometry":{"type":"LineString","coordinates":[[127.05706,37.39431],[127.05708,37.39458],[127.05714,37.39431],[127.05706,37.39431]]}},{"type":"Feature","properties":{"elev":150,"idx":0},"geometry":{"type":"LineString","coordinates":[[127.01263,37.38792],[127.01292,37.38805],[127.01403,37.38812],[127.01431,37.38805],[127.01436,37.38792],[127.01431,37.38776],[127.01413,37.38764],[127.01347,37.3876],[127.01336,37.38764],[127.01319,37.38779],[127.01263,37.38792]]}},{"type":"Feature","properties":{"elev":150,"idx":0},"geometry":{"type":"LineString","coordinates":[[127.00618,37.38764],[127.00625,37.38767],[127.00653,37.38758],[127.00696,37.38736],[127.00708,37.38723],[127.00736,37.38726],[127.00792,37.38752],[127.00819,37.38758],[127.00874,37.38736],[127.00844,37.38681],[127.00792,37.38639],[127.00764,37.38627],[127.00708,37.38629],[127.00681,37.38615],[127.00653,37.38611],[127.00625,37.38614],[127.00542,37.38599],[127.00507,37.38569],[127.00431,37.3852],[127.00403,37.38521],[127.00382,37.38542],[127.00394,37.38569],[127.00413,37.38597],[127.00462,37.38625],[127.00494,37.38653],[127.00507,37.38681],[127.00503,37.38708],[127.00514,37.38726],[127.00542,37.38742],[127.00618,37.38764]]}},{"type":"Feature","properties":{"elev":150,"idx":0},"geometry":{"type":"LineString","coordinates":[[127.00882,37.38736],[127.00903,37.38738],[127.00905,37.38736],[127.00903,37.38734],[127.00882,37.38736]]}},{"type":"Feature","properties":{"elev":150,"idx":0},"geometry":{"type":"LineString","coordinates":[[127.07895,37.38375],[127.07903,37.38398],[127.07931,37.38389],[127.07931,37.38371],[127.07903,37.38368],[127.07895,37.38375]]}},{"type":"Feature","properties":{"elev":150,"idx":0},"geometry":{"type":"LineString","coordinates":[[126.99018,37.38347],[126.99069,37.38365],[126.99125,37.38374],[126.99153,37.38366],[126.99183,37.38347],[126.99175,37.38319],[126.99181,37.38304],[126.99208,37.38261],[126.99174,37.38236],[126.9916,37.38208],[126.99125,37.38171],[126.99097,37.38153],[126.99076,37.38181],[126.99042,37.38192],[126.99024,37.38208],[126.99021,37.38236],[126.99037,37.38292],[126.99018,37.38319],[126.99018,37.38347]]}},{"type":"Feature","properties":{"elev":150,"idx":0},"geometry":{"type":"LineString","coordinates":[[126.99382,37.38264],[126.99403,37.38286],[126.99431,37.38266],[126.99488,37.38208],[126.99484,37.38181],[126.99492,37.38153],[126.99494,37.38097],[126.99519,37.38069],[126.99519,37.38042],[126.99514,37.38036],[126.99458,37.38031],[126.99431,37.38057],[126.99408,37.38069],[126.99375,37.38077],[126.99292,37.38072],[126.99264,37.38065],[126.99236,37.38083],[126.99178,37.38097],[126.99208,37.38105],[126.99231,37.38125],[126.99237,37.38153],[126.99264,37.38182],[126.99316,37.38208],[126.99382,37.38264]]}},{"type":"Feature","properties":{"elev":150,"idx":0},"geometry":{"type":"LineString","coordinates":[[126.99057,37.38125],[126.99097,37.38152],[126.99108,37.38125],[126.99097,37.38117],[126.99069,37.3811],[126.99057,37.38125]]}},{"type":"Feature","properties":{"elev":150,"idx":0},"geometry":{"type":"LineString","coordinates":[[127.08318,37.38014],[127.08319,37.38014],[127.08321,37.38014],[127.08319,37.38013],[127.08318,37.38014]]}},{"type":"Feature","properties":{"elev":150,"idx":0},"geometry":{"type":"LineString","coordinates":[[126.98014,37.37693],[126.98042,37.37686],[126.98097,37.37705],[126.98133,37.37681],[126.98208,37.37657],[126.98292,37.3764],[126.98347,37.37642],[126.98375,37.37632],[126.98403,37.37632],[126.98431,37.37644],[126.98458,37.37646],[126.98542,37.37635],[126.98569,37.37663],[126.98597,37.37676],[126.98653,37.3767],[126.98708,37.37686],[126.98759,37.37764],[126.98821,37.37792],[126.98809,37.37819],[126.98734,37.37847],[126.98717,37.37903],[126.98625,37.37928],[126.98569,37.37953],[126.98542,37.37959],[126.98514,37.37972],[126.985,37.37986],[126.98542,37.38008],[126.98625,37.38015],[126.98653,37.38033],[126.98657,37.38042],[126.98653,37.3805],[126.98632,37.38069],[126.98681,37.38112],[126.98727,37.38125],[126.98734,37.38153],[126.98731,37.38181],[126.98756,37.38208],[126.98764,37.38227],[126.98792,37.38219],[126.98819,37.38166],[126.98847,37.38141],[126.98903,37.38151],[126.98931,37.38138],[126.98986,37.38083],[126.99069,37.38045],[126.99096,37.38014],[126.99112,37.37986],[126.9912,37.37958],[126.99096,37.37931],[126.99088,37.37903],[126.99014,37.37876],[126.98986,37.37857],[126.98955,37.37847],[126.9893,37.37819],[126.98958,37.3781],[126.99069,37.37807],[126.99097,37.378],[126.99153,37.37769],[126.99236,37.37736],[126.99276,37.37708],[126.99301,37.37681],[126.99348,37.37653],[126.99366,37.37625],[126.99398,37.37597],[126.99391,37.37542],[126.99398,37.37514],[126.99366,37.37486],[126.99319,37.37476],[126.99284,37.37458],[126.99275,37.37431],[126.99273,37.37403],[126.99319,37.3736],[126.99347,37.37355],[126.99362,37.37347],[126.99378,37.37319],[126.99375,37.37311],[126.99347,37.37306],[126.99292,37.37318],[126.99202,37.37264],[126.99188,37.37236],[126.99181,37.37234],[126.99125,37.3725],[126.99097,37.37253],[126.99042,37.37223],[126.98986,37.37203],[126.98958,37.37204],[126.98903,37.37217],[126.98847,37.3722],[126.98819,37.37237],[126.98792,37.37245],[126.98764,37.37246],[126.98708,37.37284],[126.98653,37.3728],[126.98625,37.37272],[126.98597,37.37228],[126.98569,37.37212],[126.98528,37.37208],[126.98546,37.37181],[126.98569,37.37172],[126.98601,37.37153],[126.98608,37.37125],[126.98611,37.37069],[126.98596,37.37042],[126.9861,37.37014],[126.98638,37.36986],[126.98638,37.36958],[126.98653,37.36946],[126.98681,37.36938],[126.98708,37.36942],[126.98736,37.36932],[126.98759,37.36903],[126.988,37.36875],[126.98819,37.36844],[126.98869,37.36819],[126.98903,37.36819],[126.98897,37.36847],[126.98875,37.36853],[126.98847,37.3687],[126.9883,37.36903],[126.98818,37.36931],[126.98834,37.36958],[126.98847,37.36969],[126.98875,37.36978],[126.98903,37.36972],[126.98931,37.3696],[126.98958,37.36957],[126.98986,37.36975],[126.99079,37.36986],[126.9908,37.36931],[126.99052,37.36875],[126.99046,37.36792],[126.99065,37.36764],[126.99097,37.36736],[126.99125,37.36732],[126.99133,37.36736],[126.99151,37.36764],[126.99145,37.36792],[126.99148,37.36819],[126.99181,37.36871],[126.99208,37.36886],[126.99236,37.36899],[126.99264,37.36902],[126.99295,37.36903],[126.99319,37.36892],[126.99328,37.36875],[126.99324,37.36847],[126.99346,37.36792],[126.99375,37.36771],[126.99402,37.36792],[126.99421,37.36819],[126.99456,37.36847],[126.99486,37.36904],[126.99542,37.36912],[126.99569,37.36931],[126.99577,37.36958],[126.99593,37.36986],[126.99653,37.37007],[126.99708,37.37018],[126.99736,37.37016],[126.99741,37.36986],[126.99737,37.36958],[126.99723,37.36931],[126.99681,37.36899],[126.9963,37.36847],[126.99625,37.36819],[126.99653,37.36807],[126.99708,37.36802],[126.99722,37.36792],[126.99733,37.36764],[126.99734,37.36736],[126.99724,37.36708],[126.99727,37.36681],[126.99764,37.3664],[126.99793,37.36625],[126.9977,37.36597],[126.99766,37.36569],[126.99792,37.36534],[126.99819,37.36516],[126.99847,37.36514],[126.99877,37.36486],[126.99931,37.36457],[126.99958,37.36447],[126.99986,37.36451],[127.00016,37.36486],[127.00039,37.36542],[127.00028,37.36569],[127.00042,37.36593],[127.00057,37.36569],[127.00044,37.36542],[127.00069,37.36522],[127.00097,37.36511],[127.00125,37.3651],[127.00153,37.36493],[127.00188,37.36458],[127.00208,37.36397],[127.00236,37.36382],[127.00264,37.36342],[127.00325,37.36319],[127.00347,37.36296],[127.00375,37.36319],[127.00403,37.36327],[127.00431,37.36322],[127.00458,37.3633],[127.00625,37.36344],[127.00713,37.36403],[127.00737,37.36431],[127.00764,37.36441],[127.00819,37.36449],[127.00852,37.36486],[127.00861,37.36542],[127.0086,37.36569],[127.00875,37.36578],[127.00903,37.36583],[127.00958,37.36573],[127.01042,37.36588],[127.01057,37.36597],[127.01069,37.36623],[127.01084,37.36681],[127.01112,37.36708],[127.01125,37.36736],[127.01151,37.36764],[127.01208,37.36788],[127.01235,37.36819],[127.01264,37.36832],[127.01282,37.36847],[127.01319,37.36896],[127.01347,37.36901],[127.01375,37.36883],[127.01431,37.3686],[127.01458,37.36861],[127.01514,37.36873],[127.01542,37.36869],[127.01569,37.36854],[127.01597,37.3685],[127.01672,37.36875],[127.01653,37.36937],[127.01623,37.36986],[127.01586,37.37069],[127.01625,37.37114],[127.01681,37.37149],[127.01708,37.37159],[127.01847,37.37178],[127.01958,37.37222],[127.02014,37.3725],[127.02125,37.37282],[127.02141,37.37292],[127.02052,37.37347],[127.01986,37.37359],[127.01931,37.37361],[127.01875,37.37393],[127.01807,37.37403],[127.01756,37.37458],[127.01736,37.37488],[127.01708,37.37506],[127.01653,37.37514],[127.01625,37.37526],[127.01614,37.37542],[127.01597,37.37553],[127.01514,37.37557],[127.01499,37.37569],[127.01514,37.37578],[127.01569,37.37578],[127.01597,37.37585],[127.01619,37.37597],[127.01628,37.37625],[127.01632,37.37681],[127.01619,37.37708],[127.01613,37.37736],[127.01568,37.37764],[127.01542,37.37819],[127.01514,37.37841],[127.01486,37.37844],[127.01403,37.3783],[127.01319,37.37833],[127.01305,37.37847],[127.01264,37.37863],[127.01236,37.37862],[127.01208,37.37867],[127.01145,37.37847],[127.01125,37.37829],[127.01069,37.37862],[127.01028,37.37875],[127.00999,37.37903],[127.00993,37.37986],[127.01008,37.38014],[127.01069,37.38054],[127.01208,37.38112],[127.01264,37.38111],[127.01286,37.38125],[127.01311,37.38181],[127.01352,37.38236],[127.01375,37.3825],[127.01436,37.38264],[127.01486,37.38331],[127.01514,37.38346],[127.01569,37.38355],[127.01625,37.38358],[127.01653,37.38377],[127.01681,37.38377],[127.01708,37.38366],[127.01736,37.38367],[127.0176,37.38403],[127.01763,37.38431],[127.01778,37.38458],[127.01792,37.38474],[127.01847,37.38502],[127.01958,37.38514],[127.02069,37.38542],[127.02197,37.38542],[127.02204,37.38569],[127.02197,37.38597],[127.02178,37.38625],[127.02181,37.38638],[127.02206,37.38653],[127.02264,37.38675],[127.02292,37.38681],[127.02319,37.38676],[127.02375,37.38647],[127.02391,37.38653],[127.02408,37.38681],[127.02431,37.38691],[127.02458,37.38694],[127.02545,37.38736],[127.02514,37.38744],[127.02486,37.38758],[127.02481,37.38764],[127.02486,37.38819],[127.02458,37.3883],[127.02431,37.38834],[127.02347,37.3883],[127.02292,37.38846],[127.02236,37.38834],[127.02097,37.38863],[127.01986,37.38865],[127.01948,37.38875],[127.01935,37.38903],[127.01904,37.38931],[127.01903,37.38958],[127.01896,37.38986],[127.01918,37.39014],[127.01914,37.39042],[127.01875,37.39057],[127.01847,37.39058],[127.01819,37.39069],[127.01847,37.39086],[127.01893,37.39097],[127.01883,37.39125],[127.01819,37.39117],[127.01792,37.39126],[127.01688,37.39181],[127.01667,37.39208],[127.01663,37.39236],[127.01792,37.39245],[127.01958,37.39246],[127.02069,37.39257],[127.02208,37.39254],[127.02292,37.39242],[127.02347,37.39228],[127.02403,37.39192],[127.02428,37.39181],[127.02458,37.39176],[127.02486,37.39185],[127.025,37.39208],[127.02514,37.39216],[127.02717,37.39264],[127.02736,37.39278],[127.02812,37.39292],[127.02819,37.39301],[127.02875,37.39315],[127.02934,37.39319],[127.02934,37.39347],[127.02903,37.3936],[127.02875,37.39423],[127.02865,37.39431],[127.02903,37.39434],[127.02958,37.39413],[127.02972,37.39403],[127.03003,37.39375],[127.02986,37.39367],[127.02964,37.39347],[127.02986,37.39332],[127.03061,37.39347],[127.03069,37.39364],[127.03083,37.39375],[127.03153,37.39387],[127.0319,37.39403],[127.03189,37.39431],[127.03181,37.39436],[127.03153,37.39484],[127.03125,37.3947],[127.03069,37.39466],[127.02986,37.39474],[127.02875,37.39507],[127.02828,37.39486],[127.02819,37.39478],[127.02792,37.39483],[127.02764,37.39504],[127.02736,37.39517],[127.02708,37.39507],[127.02681,37.39503],[127.02653,37.39507],[127.02597,37.39555],[127.02569,37.39564],[127.02514,37.3957],[127.02486,37.3958],[127.02471,37.39597],[127.02464,37.39625],[127.02472,37.39653],[127.02496,37.39681],[127.02496,37.39708],[127.02458,37.39745],[127.02431,37.39765],[127.02403,37.39774],[127.02319,37.3974],[127.02264,37.39759],[127.02236,37.3976],[127.02208,37.39749],[127.02181,37.3975],[127.02153,37.39738],[127.02097,37.3975],[127.01986,37.39723],[127.01965,37.39736],[127.01903,37.39752],[127.01875,37.39767],[127.01847,37.39773],[127.01819,37.39763],[127.01764,37.39754],[127.01745,37.39736],[127.01753,37.39708],[127.01736,37.39677],[127.01681,37.39668],[127.01663,37.39681],[127.01665,37.39736],[127.01679,37.39764],[127.01679,37.39792],[127.01653,37.39804],[127.01625,37.39807],[127.01486,37.39857],[127.01473,37.39847],[127.01506,37.39792],[127.01492,37.39764],[127.01462,37.39736],[127.01419,37.39681],[127.01413,37.39653],[127.01392,37.39625],[127.01375,37.39616],[127.01319,37.39602],[127.01292,37.39607],[127.01264,37.39623],[127.01236,37.39625],[127.01208,37.39612],[127.012,37.39597],[127.01208,37.39569],[127.01181,37.39551],[127.01153,37.39549],[127.01125,37.3955],[127.01077,37.39569],[127.01014,37.39598],[127.00986,37.39618],[127.00972,37.39653],[127.00941,37.39681],[127.0093,37.39708],[127.00903,37.39726],[127.00836,37.39736],[127.00819,37.39754],[127.00809,37.39792],[127.00785,37.39819],[127.00822,37.39875],[127.00859,37.39903],[127.00875,37.39926],[127.00891,37.39958],[127.00893,37.40014],[127.00903,37.4002],[127.00952,37.40042],[127.00986,37.40042],[127.01042,37.40056],[127.01069,37.40052],[127.01125,37.40028],[127.01181,37.40013],[127.01208,37.40026],[127.01236,37.40042],[127.01263,37.40069],[127.01275,37.40125],[127.0127,37.40153],[127.013,37.40181],[127.01333,37.40236],[127.01347,37.40246],[127.01403,37.40258],[127.01431,37.40306],[127.01474,37.40347],[127.01497,37.40375],[127.01514,37.40384],[127.01569,37.40383],[127.01597,37.40391],[127.01625,37.40408],[127.01708,37.40427],[127.01764,37.40486],[127.01792,37.40504],[127.01819,37.40519],[127.01882,37.40542],[127.01931,37.40575],[127.02014,37.40615],[127.02042,37.40626],[127.02153,37.40621],[127.02264,37.40593],[127.02347,37.40556],[127.02403,37.4055],[127.02514,37.40548],[127.02569,37.40531],[127.02625,37.40523],[127.02653,37.40522],[127.02681,37.40529],[127.02694,37.40542],[127.02718,37.40597],[127.02708,37.40603],[127.02653,37.40588],[127.02625,37.40586],[127.02597,37.40593],[127.02542,37.40619],[127.02458,37.4063],[127.02403,37.40643],[127.02292,37.40686],[127.02181,37.40705],[127.02153,37.40725],[127.02119,37.40736],[127.02069,37.40775],[127.02042,37.40791],[127.02014,37.40782],[127.01903,37.40788],[127.01862,37.40819],[127.01855,37.40847],[127.01857,37.40875],[127.01852,37.40903],[127.01847,37.40911],[127.01819,37.40921],[127.01792,37.40915],[127.01769,37.40903],[127.01773,37.40875],[127.01764,37.40792],[127.01718,37.40764],[127.0172,37.40736],[127.01736,37.40721],[127.01743,37.40708],[127.01741,37.40681],[127.01724,37.40653],[127.01695,37.40625],[127.01625,37.40588],[127.01597,37.40581],[127.01569,37.40588],[127.01542,37.40615],[127.01514,37.40607],[127.01486,37.40582],[127.01458,37.40568],[127.01403,37.40554],[127.01292,37.40539],[127.01264,37.40547],[127.01247,37.40569],[127.01215,37.40653],[127.01232,37.40708],[127.01217,37.40736],[127.01208,37.40783],[127.01153,37.40792],[127.01088,37.40792],[127.01101,37.40764],[127.0109,37.40736],[127.0107,37.40708],[127.0111,37.40681],[127.01127,37.40653],[127.01109,37.40597],[127.01097,37.40577],[127.01069,37.40547],[127.01042,37.40527],[127.00986,37.40514],[127.00958,37.40514],[127.00875,37.40547],[127.00819,37.40547],[127.00803,37.40542],[127.00774,37.40514],[127.00736,37.40493],[127.00708,37.40492],[127.00681,37.40498],[127.00653,37.4051],[127.0063,37.40569],[127.00625,37.40572],[127.00597,37.40575],[127.00574,37.40569],[127.00543,37.40542],[127.00541,37.40514],[127.00546,37.40486],[127.00525,37.40458],[127.00514,37.40454],[127.00486,37.40447],[127.00403,37.40466],[127.00375,37.40466],[127.00292,37.40453],[127.00264,37.40445],[127.00243,37.40431],[127.00253,37.40403],[127.00289,37.40375],[127.00304,37.40347],[127.00264,37.40312],[127.00236,37.40318],[127.00213,37.40347],[127.00181,37.40368],[127.00125,37.40381],[127.00116,37.40375],[127.00101,37.40347],[127.00109,37.40319],[127.00097,37.4029],[127.00042,37.40258],[127.00014,37.40248],[126.99986,37.40262],[126.99931,37.40262],[126.9991,37.40236],[126.99898,37.40208],[126.99921,37.40181],[126.99958,37.40173],[126.99986,37.40153],[126.99996,37.40125],[126.99987,37.40042],[127.00004,37.39986],[127.00004,37.39958],[127.00014,37.39939],[127.00042,37.39917],[127.00069,37.39913],[127.00087,37.39903],[127.00095,37.39875],[127.00069,37.39868],[127.00042,37.39869],[126.99986,37.39925],[126.99957,37.39931],[126.99931,37.39944],[126.99877,37.39986],[126.99861,37.40014],[126.99764,37.40044],[126.99736,37.4004],[126.99681,37.4001],[126.99653,37.40006],[126.99597,37.40012],[126.99569,37.40004],[126.99514,37.4],[126.99486,37.40005],[126.99466,37.40014],[126.99454,37.40042],[126.99466,37.40097],[126.99503,37.40125],[126.99514,37.40139],[126.99522,37.40153],[126.99521,37.40181],[126.99542,37.40203],[126.99597,37.40224],[126.99653,37.40218],[126.99671,37.40236],[126.99679,37.40292],[126.99692,37.40319],[126.99741,37.40347],[126.99765,37.40375],[126.99764,37.40381],[126.99736,37.40398],[126.99681,37.40396],[126.99664,37.40403],[126.99653,37.40423],[126.99597,37.40439],[126.99569,37.40466],[126.99542,37.40469],[126.99458,37.40467],[126.99403,37.40476],[126.99389,37.40486],[126.99377,37.40514],[126.99403,37.4055],[126.99458,37.40589],[126.99597,37.40629],[126.99625,37.40642],[126.99653,37.40646],[126.99736,37.40616],[126.99764,37.40614],[126.99792,37.40619],[126.998,37.40625],[126.99796,37.40653],[126.99811,37.40681],[126.99819,37.40688],[126.99847,37.40694],[126.99875,37.40693],[126.99903,37.40707],[126.99914,37.40736],[126.99958,37.40754],[126.99965,37.40764],[126.99938,37.40819],[126.9993,37.40847],[126.99947,37.40903],[126.99958,37.4092],[126.99969,37.40931],[126.99986,37.40938],[127.00014,37.40968],[127.00042,37.40974],[127.00097,37.40965],[127.00125,37.40967],[127.00148,37.40986],[127.00181,37.41],[127.00264,37.40994],[127.00292,37.40997],[127.00332,37.41014],[127.00347,37.41032],[127.00352,37.41042],[127.0035,37.41069],[127.00371,37.41097],[127.00345,37.41125],[127.00393,37.41181],[127.00375,37.4119],[127.00347,37.41188],[127.00292,37.41174],[127.00264,37.41172],[127.00236,37.41178],[127.00202,37.41208],[127.00125,37.41243],[127.00097,37.41264],[127.00069,37.41266],[127.00014,37.4126],[127.00004,37.41292],[127.00001,37.41319],[127.00024,37.41347],[127.00021,37.41375],[127.00037,37.41403],[127.0015,37.41486],[127.00169,37.41514],[127.00145,37.41542],[127.00134,37.41569],[127.00133,37.41597],[127.00153,37.41604],[127.00177,37.41625],[127.00171,37.41681],[127.00181,37.41711],[127.00195,37.41736],[127.00208,37.41746],[127.00236,37.41751],[127.00264,37.41746],[127.00274,37.41736],[127.0028,37.41708],[127.00292,37.41697],[127.00319,37.41683],[127.00347,37.41651],[127.00375,37.41643],[127.00514,37.41687],[127.00542,37.4169],[127.00597,37.41685],[127.00653,37.41662],[127.00681,37.41658],[127.00708,37.41664],[127.00716,37.41681],[127.00698,37.41708],[127.00688,37.41736],[127.0067,37.41764],[127.00665,37.41792],[127.00681,37.41813],[127.00764,37.41841],[127.00825,37.41875],[127.00807,37.41903],[127.0077,37.41931],[127.00708,37.41946],[127.00653,37.41969],[127.00625,37.41974],[127.00597,37.41991],[127.00569,37.42027],[127.00542,37.4204],[127.00514,37.42028],[127.00486,37.42007],[127.00458,37.41998],[127.00403,37.42034],[127.00375,37.42044],[127.00349,37.42069],[127.00346,37.42097],[127.00431,37.42123],[127.00444,37.42153],[127.00436,37.42181],[127.00409,37.42208],[127.00319,37.42259],[127.00261,37.42319],[127.00252,37.42347],[127.00265,37.42403],[127.00292,37.42419],[127.00347,37.42431],[127.00386,37.42403],[127.00431,37.42391],[127.00455,37.42375],[127.00481,37.42347],[127.00522,37.42292],[127.00597,37.42259],[127.00641,37.42208],[127.00614,37.42153],[127.00635,37.42125],[127.00664,37.42097],[127.00674,37.42069],[127.00681,37.42065],[127.00708,37.42058],[127.00764,37.42058],[127.00845,37.42042],[127.00903,37.42004],[127.00931,37.42004],[127.00958,37.42012],[127.00986,37.42014],[127.01002,37.42042],[127.01014,37.42051],[127.01061,37.42069],[127.01089,37.42125],[127.01097,37.42131],[127.01125,37.42141],[127.01181,37.42145],[127.01213,37.42153],[127.01236,37.42202],[127.01243,37.42208],[127.01208,37.4223],[127.01196,37.42264],[127.01161,37.42319],[127.01181,37.4235],[127.01236,37.42374],[127.01264,37.42408],[127.01292,37.4241],[127.0131,37.42403],[127.01347,37.42363],[127.01354,37.42347],[127.01319,37.42317],[127.01276,37.42236],[127.01279,37.42208],[127.0129,37.42181],[127.01319,37.42154],[127.01347,37.42166],[127.01431,37.42219],[127.01456,37.42264],[127.01486,37.42295],[127.01542,37.42329],[127.01597,37.42356],[127.01653,37.42369],[127.01687,37.42347],[127.01681,37.42329],[127.01675,37.42319],[127.01653,37.42309],[127.01569,37.42235],[127.01542,37.42194],[127.01527,37.42181],[127.01526,37.42153],[127.01542,37.42141],[127.01589,37.42125],[127.01625,37.42089],[127.01653,37.42079],[127.01681,37.4208],[127.01736,37.42119],[127.01764,37.42132],[127.01792,37.42136],[127.01819,37.42131],[127.01827,37.42125],[127.01838,37.42097],[127.01847,37.42087],[127.01875,37.42071],[127.01874,37.42042],[127.01855,37.42014],[127.01845,37.41986],[127.01846,37.41958],[127.01903,37.41965],[127.01924,37.41958],[127.02004,37.41903],[127.02005,37.41875],[127.01986,37.41839],[127.01931,37.41804],[127.01903,37.41779],[127.01871,37.41764],[127.01903,37.4173],[127.01936,37.41681],[127.01958,37.41659],[127.01986,37.41653],[127.02014,37.4166],[127.02042,37.41657],[127.02069,37.41647],[127.02153,37.41654],[127.02181,37.4165],[127.02208,37.41653],[127.02264,37.41686],[127.02308,37.41736],[127.02319,37.41755],[127.02347,37.41764],[127.02375,37.41783],[127.02431,37.41801],[127.02467,37.41819],[127.02476,37.41875],[127.02514,37.41873],[127.02569,37.41881],[127.02653,37.41864],[127.02679,37.41875],[127.02653,37.41892],[127.02625,37.41895],[127.02606,37.41903],[127.02588,37.41931],[127.02569,37.41944],[127.02514,37.42011],[127.02475,37.42042],[127.02459,37.42069],[127.02485,37.42097],[127.02469,37.42125],[127.02474,37.42153],[127.02496,37.42181],[127.02499,37.42208],[127.02542,37.42226],[127.02597,37.42239],[127.02653,37.42234],[127.0268,37.42236],[127.02661,37.42264],[127.02669,37.42319],[127.0266,37.42347],[127.02664,37.42375],[127.02653,37.42385],[127.02597,37.42403],[127.02486,37.42414],[127.02458,37.42423],[127.024,37.42458],[127.02406,37.42486],[127.0242,37.42514],[127.0244,37.42542],[127.02441,37.42569],[127.02374,37.42625],[127.02319,37.42649],[127.02281,37.42681],[127.02273,37.42708],[127.02311,37.42736],[127.02324,37.42764],[127.02267,37.42819],[127.02208,37.42829],[127.02181,37.42848],[127.02125,37.42853],[127.02097,37.42862],[127.02076,37.42875],[127.02073,37.42903],[127.02097,37.42932],[127.02153,37.42963],[127.02236,37.42964],[127.02292,37.42977],[127.02319,37.42976],[127.02347,37.42973],[127.02486,37.42893],[127.02514,37.42886],[127.02526,37.42903],[127.02476,37.42958],[127.02505,37.42986],[127.02472,37.43014],[127.02431,37.43033],[127.02403,37.43074],[127.02375,37.43087],[127.02292,37.43142],[127.02283,37.43153],[127.02293,37.43181],[127.02319,37.43189],[127.02375,37.43194],[127.02431,37.43221],[127.02486,37.43239],[127.02542,37.43236],[127.02653,37.43253],[127.02736,37.43258],[127.02819,37.43281],[127.02903,37.43267],[127.02958,37.43276],[127.03042,37.43278],[127.03047,37.43292],[127.0303,37.43319],[127.03052,37.43347],[127.03069,37.43357],[127.03078,37.43375],[127.03072,37.43403],[127.03094,37.43431],[127.03152,37.43486],[127.03125,37.43495],[127.03097,37.43514],[127.03069,37.43541],[127.03042,37.43552],[127.03014,37.43595],[127.02958,37.43601],[127.02931,37.43616],[127.02922,37.43625],[127.02918,37.43653],[127.02903,37.43682],[127.02875,37.43688],[127.02819,37.43691],[127.02792,37.43697],[127.02772,37.43708],[127.02759,37.43736],[127.02767,37.43792],[127.02792,37.43809],[127.02819,37.4382],[127.02847,37.43847],[127.02842,37.43875],[127.02846,37.43931],[127.02834,37.43958],[127.02819,37.4397],[127.02681,37.43944],[127.02653,37.43947],[127.02625,37.43959],[127.02597,37.43957],[127.02569,37.43944],[127.02542,37.43943],[127.02486,37.43951],[127.02431,37.43916],[127.02403,37.43908],[127.02375,37.43908],[127.02347,37.43915],[127.02309,37.43903],[127.02295,37.43875],[127.02304,37.43847],[127.02292,37.43837],[127.02264,37.43838],[127.02236,37.43855],[127.02208,37.43862],[127.02153,37.4383],[127.02125,37.43826],[127.02042,37.43824],[127.02014,37.4383],[127.01973,37.43847],[127.01983,37.43875],[127.02014,37.43888],[127.02081,37.43931],[127.02125,37.43951],[127.02212,37.44014],[127.02203,37.44042],[127.02217,37.44097],[127.02216,37.44125],[127.0224,37.44153],[127.02248,37.44181],[127.02264,37.44203],[127.02292,37.44203],[127.02375,37.44152],[127.02403,37.44145],[127.02514,37.44142],[127.02542,37.44137],[127.02569,37.44138],[127.02625,37.44157],[127.02674,37.44181],[127.02704,37.44208],[127.02715,37.44236],[127.02764,37.44241],[127.02792,37.44217],[127.02819,37.44212],[127.02847,37.44224],[127.02876,37.44264],[127.02948,37.44319],[127.02939,37.44347],[127.02886,37.44403],[127.02899,37.44431],[127.02958,37.44449],[127.02986,37.44471],[127.02998,37.44486],[127.03002,37.44514],[127.02999,37.44569],[127.03018,37.44597],[127.03027,37.44625],[127.03042,37.44637],[127.03079,37.44653],[127.03125,37.44701],[127.03153,37.44719],[127.03208,37.44727],[127.03236,37.44725],[127.03292,37.44736],[127.03319,37.44735],[127.03375,37.44747],[127.03403,37.44744],[127.03514,37.44686],[127.03542,37.44675],[127.03548,37.44681],[127.03587,37.44736],[127.03606,37.44792],[127.03623,37.44819],[127.03681,37.44849],[127.03728,37.44903],[127.03735,37.44931],[127.03677,37.44986],[127.03653,37.45032],[127.03542,37.45051],[127.03514,37.4507],[127.03488,37.45097],[127.03438,37.45181],[127.03403,37.45212],[127.03375,37.45226],[127.03317,37.45236],[127.03307,37.45264],[127.03321,37.45292],[127.03375,37.45342],[127.03431,37.4538],[127.03486,37.45384],[127.03508,37.45375],[127.03531,37.45347],[127.03597,37.45322],[127.03625,37.4532],[127.03653,37.45328],[127.03683,37.45347],[127.03708,37.45337],[127.03736,37.45295],[127.03819,37.45293],[127.03846,37.45264],[127.03851,37.45236],[127.03846,37.45208],[127.03828,37.45181],[127.03807,37.45125],[127.03764,37.45088],[127.03733,37.45069],[127.03779,37.44986],[127.03801,37.44958],[127.03787,37.44931],[127.03806,37.44903],[127.03772,37.44875],[127.03763,37.44847],[127.0381,37.44819],[127.03847,37.44788],[127.03958,37.44777],[127.04042,37.44747],[127.04097,37.44737],[127.04125,37.44743],[127.04153,37.4476],[127.04208,37.44766],[127.04243,37.44736],[127.04248,37.44708],[127.04181,37.44644],[127.04125,37.44622],[127.04101,37.44597],[127.04089,37.44569],[127.0409,37.44542],[127.04077,37.44514],[127.04088,37.44486],[127.0409,37.44458],[127.04097,37.44449],[127.04125,37.44431],[127.04153,37.44385],[127.04181,37.44396],[127.04208,37.44385],[127.04236,37.4438],[127.04264,37.44382],[127.04292,37.44389],[127.04347,37.44392],[127.04431,37.44413],[127.04451,37.44431],[127.04486,37.44496],[127.04514,37.44507],[127.04516,37.44486],[127.04538,37.44458],[127.04569,37.44428],[127.04597,37.44415],[127.04653,37.44431],[127.04709,37.44458],[127.04737,37.44514],[127.04764,37.44535],[127.04792,37.44542],[127.04819,37.44535],[127.04847,37.44518],[127.04875,37.44519],[127.04903,37.44509],[127.04912,37.44514],[127.04951,37.44569],[127.04893,37.44625],[127.04897,37.44653],[127.04903,37.44661],[127.04931,37.44671],[127.04958,37.44666],[127.04971,37.44653],[127.0498,37.44625],[127.04973,37.44597],[127.04995,37.44569],[127.05042,37.44559],[127.05069,37.44548],[127.05097,37.44527],[127.05125,37.4452],[127.05169,37.44486],[127.05264,37.44438],[127.05269,37.44431],[127.05269,37.44403],[127.05226,37.44347],[127.05208,37.44331],[127.05181,37.44313],[127.05125,37.44304],[127.0511,37.44292],[127.05099,37.44264],[127.05109,37.44208],[127.05107,37.44181],[127.05072,37.44125],[127.05023,37.44069],[127.05069,37.44062],[127.05125,37.44063],[127.05181,37.44097],[127.05208,37.44097],[127.05236,37.44089],[127.05257,37.44069],[127.05292,37.44057],[127.05375,37.44073],[127.05403,37.44061],[127.05486,37.44043],[127.05514,37.44049],[127.05536,37.44069],[127.05551,37.44097],[127.05569,37.44108],[127.05597,37.44099],[127.05604,37.44069],[127.0559,37.44014],[127.05597,37.44004],[127.05616,37.43986],[127.05681,37.4395],[127.05708,37.43927],[127.05736,37.43914],[127.05752,37.43903],[127.05764,37.43885],[127.05767,37.43847],[127.05752,37.43819],[127.0573,37.43792],[127.05736,37.43761],[127.05799,37.43736],[127.05803,37.43681],[127.05786,37.43653],[127.05785,37.43625],[127.05821,37.43597],[127.05827,37.43569],[127.05847,37.43555],[127.05903,37.4355],[127.05986,37.43532],[127.06011,37.43514],[127.05988,37.43486],[127.05958,37.4347],[127.05931,37.43446],[127.05875,37.43418],[127.05862,37.43403],[127.0587,37.43375],[127.05863,37.43347],[127.0591,37.43319],[127.05931,37.43314],[127.05958,37.43326],[127.06042,37.43314],[127.06069,37.43316],[127.06097,37.43334],[127.06125,37.43361],[127.06153,37.43374],[127.06208,37.4338],[127.06277,37.43375],[127.06292,37.43366],[127.06299,37.43347],[127.06292,37.43292],[127.06306,37.43264],[127.06347,37.43241],[127.06403,37.4323],[127.06431,37.43209],[127.06458,37.43204],[127.06486,37.43205],[127.06514,37.43197],[127.06539,37.43181],[127.06562,37.43153],[127.06569,37.43149],[127.06597,37.43149],[127.06625,37.43136],[127.06642,37.43097],[127.06653,37.43089],[127.06764,37.43079],[127.06776,37.43069],[127.06768,37.43042],[127.06707,37.43014],[127.06679,37.42986],[127.06701,37.42958],[127.06767,37.42931],[127.06781,37.42903],[127.06789,37.42875],[127.06775,37.42847],[127.06768,37.42819],[127.06771,37.42792],[127.06736,37.42781],[127.06681,37.42755],[127.06598,37.42736],[127.06595,37.42708],[127.06569,37.42684],[127.06542,37.42689],[127.06486,37.4269],[127.06458,37.42699],[127.06431,37.42716],[127.06403,37.42691],[127.06375,37.4268],[127.06319,37.42707],[127.06265,37.42708],[127.06236,37.42697],[127.06208,37.42661],[127.06194,37.42653],[127.06264,37.42634],[127.06347,37.42591],[127.06431,37.42568],[127.06458,37.42564],[127.06542,37.42573],[127.06576,37.42569],[127.06542,37.42534],[127.06518,37.42486],[127.06486,37.42466],[127.06425,37.42458],[127.06406,37.42431],[127.06396,37.42403],[127.0636,37.42375],[127.06338,37.42319],[127.06319,37.42304],[127.06294,37.42264],[127.06319,37.42236],[127.06347,37.4224],[127.06455,37.42319],[127.06548,37.42375],[127.06616,37.42403],[127.06708,37.42451],[127.06754,37.42458],[127.06764,37.42468],[127.06847,37.4247],[127.06875,37.42475],[127.06931,37.42474],[127.06986,37.42492],[127.07042,37.42499],[127.07069,37.42493],[127.07125,37.42492],[127.07181,37.42464],[127.072,37.42486],[127.07208,37.42518],[127.07256,37.42569],[127.07254,37.42597],[127.07264,37.42626],[127.07295,37.42625],[127.07304,37.42597],[127.07287,37.42542],[127.07289,37.42486],[127.07303,37.42458],[127.07319,37.42448],[127.07375,37.42467],[127.07403,37.42458],[127.07431,37.42432],[127.07486,37.42436],[127.07514,37.4243],[127.07542,37.4241],[127.07634,37.42319],[127.07626,37.42292],[127.07597,37.42267],[127.07569,37.42259],[127.07514,37.42278],[127.07458,37.42289],[127.07431,37.42292],[127.07403,37.42278],[127.07397,37.42264],[127.07439,37.42236],[127.07454,37.42208],[127.07393,37.42153],[127.07457,37.42125],[127.07486,37.4212],[127.07542,37.42094],[127.07555,37.42069],[127.07575,37.41986],[127.0757,37.41958],[127.07514,37.41938],[127.07486,37.41921],[127.07379,37.41875],[127.07349,37.41847],[127.07377,37.41819],[127.07403,37.41763],[127.07435,37.41764],[127.07482,37.41792],[127.07514,37.41804],[127.07569,37.41808],[127.07625,37.41801],[127.07647,37.41792],[127.07653,37.41777],[127.07671,37.41708],[127.07675,37.41681],[127.07664,37.41653],[127.07664,37.41625],[127.07634,37.41569],[127.076,37.41542],[127.07569,37.41494],[127.07553,37.41486],[127.07543,37.41458],[127.0754,37.41431],[127.07514,37.41403],[127.07542,37.41391],[127.07562,37.41375],[127.07597,37.41337],[127.07602,37.41319],[127.0759,37.41292],[127.07597,37.41269],[127.07681,37.41281],[127.07764,37.41285],[127.07847,37.41328],[127.07875,37.41324],[127.07958,37.41335],[127.07993,37.41319],[127.07999,37.41292],[127.07958,37.41262],[127.07931,37.41252],[127.07913,37.41236],[127.07912,37.41208],[127.07903,37.41191],[127.07875,37.41193],[127.07847,37.41205],[127.07792,37.41195],[127.07708,37.41193],[127.07682,37.41181],[127.0769,37.41153],[127.07656,37.41097],[127.07597,37.41082],[127.07576,37.41069],[127.07571,37.41042],[127.07554,37.41014],[127.07542,37.41006],[127.07403,37.40964],[127.07319,37.40975],[127.073,37.40986],[127.07264,37.41011],[127.07236,37.41052],[127.07191,37.41097],[127.07125,37.4113],[127.07097,37.41135],[127.07042,37.41159],[127.07014,37.41164],[127.06953,37.41153],[127.06847,37.41085],[127.06819,37.41047],[127.0681,37.41014],[127.06792,37.41004],[127.06764,37.40993],[127.06736,37.40988],[127.06708,37.40997],[127.06653,37.40991],[127.06569,37.40965],[127.0653,37.40958],[127.06509,37.40931],[127.06501,37.40903],[127.06486,37.40889],[127.06431,37.40865],[127.06419,37.40847],[127.06466,37.40792],[127.06466,37.40764],[127.06431,37.40747],[127.06403,37.40743],[127.06319,37.40741],[127.06304,37.40736],[127.06257,37.40708],[127.06236,37.40683],[127.06228,37.40681],[127.06264,37.40672],[127.06292,37.40676],[127.06319,37.40687],[127.06347,37.40688],[127.06458,37.40669],[127.06486,37.40675],[127.06542,37.40669],[127.06569,37.40675],[127.06597,37.40671],[127.06625,37.40675],[127.06681,37.40701],[127.06792,37.4067],[127.06819,37.4064],[127.06847,37.40625],[127.06903,37.40633],[127.06931,37.40619],[127.06958,37.40597],[127.07069,37.40564],[127.07097,37.40542],[127.07181,37.40507],[127.07264,37.40503],[127.07319,37.40489],[127.07486,37.40528],[127.07525,37.40514],[127.07528,37.40486],[127.07489,37.40458],[127.07431,37.40431],[127.07375,37.40421],[127.07347,37.40421],[127.07292,37.40436],[127.07264,37.40428],[127.07208,37.40383],[127.07137,37.40347],[127.07134,37.40319],[127.07154,37.40292],[127.0715,37.40264],[127.07125,37.40252],[127.07069,37.40239],[127.07032,37.40208],[127.07097,37.40186],[127.07153,37.4016],[127.07182,37.40153],[127.0721,37.40125],[127.07188,37.40069],[127.07153,37.40042],[127.07142,37.40014],[127.07139,37.39986],[127.07115,37.39931],[127.07125,37.39914],[127.07161,37.39931],[127.07208,37.39961],[127.07236,37.39993],[127.07264,37.40015],[127.07292,37.40021],[127.07347,37.40055],[127.07458,37.40112],[127.07486,37.40115],[127.07625,37.40091],[127.07681,37.40092],[127.07708,37.40086],[127.07736,37.40088],[127.07792,37.40103],[127.07806,37.40125],[127.07837,37.40153],[127.07875,37.40176],[127.07903,37.40182],[127.07931,37.40175],[127.07986,37.40149],[127.07995,37.40125],[127.07993,37.40097],[127.07977,37.40069],[127.07969,37.40042],[127.07953,37.40014],[127.07945,37.39986],[127.07939,37.39931],[127.07907,37.39875],[127.07878,37.39847],[127.07847,37.39806],[127.07819,37.39794],[127.07792,37.3979],[127.07763,37.39736],[127.07708,37.39702],[127.07681,37.39677],[127.07542,37.39617],[127.07514,37.39612],[127.07403,37.39612],[127.07292,37.39625],[127.07264,37.39645],[127.07236,37.39655],[127.07069,37.3964],[127.07042,37.39629],[127.07005,37.39597],[127.06917,37.39569],[127.06875,37.39519],[127.06819,37.39522],[127.06767,37.39514],[127.0677,37.39458],[127.06764,37.39457],[127.06738,37.39486],[127.06708,37.39505],[127.06653,37.3946],[127.06625,37.3945],[127.06591,37.39458],[127.06585,37.39486],[127.06569,37.39503],[127.06514,37.39509],[127.06403,37.39504],[127.06347,37.39481],[127.06292,37.39471],[127.06264,37.3948],[127.06208,37.39476],[127.06125,37.39482],[127.06097,37.39486],[127.06042,37.39513],[127.05958,37.3952],[127.05931,37.3952],[127.05919,37.39514],[127.05908,37.39486],[127.05875,37.39466],[127.05847,37.39463],[127.05792,37.39495],[127.05736,37.39463],[127.05708,37.39458],[127.05629,37.39486],[127.05597,37.39511],[127.05569,37.39514],[127.05542,37.395],[127.05486,37.3945],[127.05458,37.39435],[127.05431,37.39442],[127.05398,37.39458],[127.05367,37.39486],[127.05353,37.39514],[127.05319,37.39516],[127.05262,37.39486],[127.05261,37.39458],[127.05236,37.39437],[127.05221,37.39431],[127.05181,37.39395],[127.05153,37.39387],[127.05132,37.39403],[127.05131,37.39431],[127.05101,37.39486],[127.05069,37.39498],[127.05014,37.39538],[127.04986,37.39542],[127.04981,37.39486],[127.05013,37.39431],[127.05006,37.39375],[127.04986,37.39366],[127.04931,37.3938],[127.04819,37.39385],[127.04792,37.39398],[127.04764,37.39425],[127.04708,37.39461],[127.04653,37.39431],[127.04542,37.39435],[127.04486,37.39379],[127.04476,37.39375],[127.04514,37.39363],[127.04625,37.39296],[127.04716,37.39264],[127.04736,37.39239],[127.04764,37.39225],[127.04813,37.39181],[127.04847,37.39165],[127.04857,37.39153],[127.04875,37.39142],[127.04903,37.39138],[127.04975,37.39097],[127.04994,37.39069],[127.04972,37.39042],[127.04972,37.39014],[127.04986,37.38992],[127.05014,37.38966],[127.05024,37.38986],[127.05049,37.39014],[127.05069,37.3903],[127.05097,37.39031],[127.0513,37.39014],[127.05133,37.38986],[127.05093,37.38958],[127.05125,37.38933],[127.05153,37.38932],[127.05208,37.38942],[127.05264,37.38975],[127.05319,37.38984],[127.05403,37.38969],[127.05486,37.38971],[127.05569,37.38966],[127.05604,37.38958],[127.05678,37.38931],[127.05682,37.38903],[127.05653,37.38884],[127.05648,37.38875],[127.05652,37.38847],[127.05641,37.38792],[127.05597,37.38745],[127.05578,37.38736],[127.05593,37.38708],[127.05625,37.38716],[127.05653,37.38717],[127.05681,37.38712],[127.05708,37.38683],[127.05736,37.38666],[127.05764,37.38661],[127.05768,37.38681],[127.05792,37.38727],[127.05807,37.38736],[127.05847,37.38748],[127.05903,37.38758],[127.05958,37.38727],[127.05986,37.38727],[127.06014,37.38745],[127.06042,37.38751],[127.06059,37.38764],[127.06076,37.38792],[127.06064,37.38819],[127.06069,37.3883],[127.06097,37.3883],[127.06102,37.38819],[127.06103,37.38792],[127.06125,37.38769],[127.06208,37.38734],[127.06236,37.38727],[127.06246,37.38736],[127.06254,37.38764],[127.06245,37.38792],[127.06229,37.38819],[127.06223,37.38847],[127.06244,37.38931],[127.06264,37.38953],[127.06292,37.38951],[127.06347,37.38929],[127.06431,37.38912],[127.06486,37.38918],[127.06514,37.38902],[127.06625,37.38885],[127.06648,37.38875],[127.06638,37.38847],[127.06591,37.38792],[127.06559,37.38764],[127.06538,37.38736],[127.06542,37.38734],[127.06653,37.38738],[127.06736,37.38759],[127.06764,37.38761],[127.06792,37.38781],[127.06819,37.38781],[127.06875,37.38764],[127.06869,37.38736],[127.06853,37.38708],[127.06827,37.38681],[127.06816,37.38653],[127.06775,37.38597],[127.06844,37.38569],[127.06851,37.38542],[127.06804,37.38458],[127.06752,37.38431],[127.06732,37.38403],[127.06764,37.38389],[127.06792,37.38355],[127.06806,37.38347],[127.06875,37.38331],[127.06903,37.3833],[127.06958,37.3835],[127.07042,37.38329],[127.07097,37.38345],[127.07125,37.3833],[127.07128,37.38319],[127.07151,37.38292],[127.07162,37.38264],[127.07181,37.3825],[127.07208,37.3824],[127.07236,37.3824],[127.07264,37.38225],[127.07292,37.38178],[127.07326,37.38153],[127.0732,37.38125],[127.07337,37.38097],[127.07375,37.38083],[127.07395,37.38069],[127.07431,37.38001],[127.07458,37.37983],[127.07507,37.37931],[127.07538,37.37847],[127.07569,37.37829],[127.07597,37.3784],[127.07603,37.37847],[127.07609,37.37875],[127.07605,37.37903],[127.07613,37.37931],[127.07638,37.37958],[127.07635,37.37986],[127.0764,37.38014],[127.07613,37.38042],[127.07618,37.38069],[127.07657,37.38097],[127.07656,37.38153],[127.07642,37.38181],[127.07665,37.38264],[127.0765,37.38292],[127.07653,37.38347],[127.07642,37.38375],[127.07624,37.38403],[127.0763,37.38431],[127.07653,37.3848],[127.07708,37.38506],[127.07736,37.3851],[127.07764,37.38501],[127.07776,37.38486],[127.07744,37.38403],[127.07714,37.38375],[127.07736,37.38327],[127.07764,37.3834],[127.07766,37.38347],[127.07792,37.38372],[127.07819,37.38384],[127.07847,37.38403],[127.07875,37.38407],[127.07896,37.38403],[127.07875,37.38397],[127.07851,37.38375],[127.07841,37.38292],[127.07847,37.38267],[127.07875,37.38214],[127.07903,37.38219],[127.07958,37.38192],[127.07968,37.38181],[127.0798,37.38069],[127.07968,37.38042],[127.07981,37.38014],[127.07986,37.3801],[127.07992,37.38014],[127.08021,37.38042],[127.08043,37.38069],[127.08125,37.38127],[127.08153,37.38131],[127.0816,37.38125],[127.08154,37.38042],[127.08091,37.37958],[127.08067,37.37903],[127.08069,37.37875],[127.08125,37.37921],[127.08208,37.3797],[127.08264,37.37996],[127.08292,37.37996],[127.08303,37.37986],[127.08298,37.37958],[127.08319,37.37951],[127.08375,37.37956],[127.08431,37.37985],[127.08458,37.37993],[127.08514,37.37999],[127.08542,37.38011],[127.08569,37.38063],[127.08597,37.38069],[127.08625,37.38056],[127.08647,37.38042],[127.08653,37.38026],[127.08681,37.38027],[127.0871,37.38042],[127.08736,37.38063],[127.08764,37.38071],[127.08875,37.38076],[127.08919,37.38069],[127.08932,37.38042],[127.08925,37.38014],[127.08903,37.38],[127.08861,37.37986],[127.0886,37.37958],[127.08875,37.37918],[127.08891,37.37903],[127.08931,37.37894],[127.08958,37.37894],[127.08965,37.37736],[127.08958,37.37497],[127.08918,37.37375],[127.08958,37.37319],[127.08958,37.37251],[127.08936,37.37236],[127.08903,37.37233],[127.08845,37.37208],[127.08816,37.37181],[127.08806,37.37153],[127.08794,37.37097],[127.08681,37.3702],[127.08625,37.37015],[127.0857,37.37042],[127.08514,37.37083],[127.08486,37.37089],[127.08458,37.3708],[127.08431,37.37081],[127.0843,37.37069],[127.08405,37.37042],[127.08392,37.37014],[127.08403,37.36995],[127.08417,37.36986],[127.08423,37.36958],[127.08415,37.36931],[127.08385,37.36875],[127.08431,37.36844],[127.08458,37.36818],[127.0859,37.36792],[127.08625,37.36769],[127.08653,37.3676],[127.08681,37.36766],[127.08708,37.36782],[127.08736,37.36786],[127.08847,37.36758],[127.08875,37.36767],[127.08903,37.3679],[127.08931,37.3679],[127.08958,37.36758],[127.08962,37.36681],[127.08958,37.36631],[127.08931,37.36645],[127.08903,37.36652],[127.08875,37.36648],[127.08847,37.36631],[127.08819,37.36631],[127.08736,37.36649],[127.08681,37.3665],[127.08569,37.36667],[127.08542,37.36663],[127.08514,37.36651],[127.08458,37.36596],[127.08431,37.36579],[127.08347,37.3656],[127.08319,37.36542],[127.08403,37.36512],[127.08486,37.36497],[127.08514,37.36488],[127.08597,37.3648],[127.08625,37.36468],[127.08636,37.36458],[127.08648,37.36431],[127.08674,37.36403],[127.08683,37.36375],[127.08673,37.36347],[127.08682,37.36319],[127.08714,37.36292],[127.08863,37.36208],[127.08903,37.36181],[127.08931,37.36148],[127.08958,37.36129],[127.08964,37.36014]]}},{"type":"Feature","properties":{"elev":150,"idx":0},"geometry":{"type":"LineString","coordinates":[[127.04894,37.37292],[127.04903,37.37302],[127.04931,37.37307],[127.04943,37.37292],[127.04931,37.37283],[127.04894,37.37292]]}},{"type":"Feature","properties":{"elev":150,"idx":0},"geometry":{"type":"LineString","coordinates":[[127.049,37.37236],[127.04903,37.37244],[127.04931,37.37246],[127.04946,37.37236],[127.04931,37.37225],[127.049,37.37236]]}},{"type":"Feature","properties":{"elev":150,"idx":0},"geometry":{"type":"LineString","coordinates":[[127.05023,37.37236],[127.05042,37.3725],[127.05067,37.37208],[127.05037,37.37181],[127.05014,37.37174],[127.04987,37.37181],[127.04958,37.37206],[127.0495,37.37208],[127.04958,37.3722],[127.05014,37.37214],[127.05023,37.37236]]}},{"type":"Feature","properties":{"elev":150,"idx":0},"geometry":{"type":"LineString","coordinates":[[127.05077,37.37208],[127.05097,37.37212],[127.05113,37.37208],[127.05097,37.37198],[127.05077,37.37208]]}},{"type":"Feature","properties":{"elev":150,"idx":0},"geometry":{"type":"LineString","coordinates":[[127.05057,37.37125],[127.05097,37.37152],[127.05124,37.37125],[127.05097,37.371],[127.05069,37.37084],[127.05057,37.37125]]}},{"type":"Feature","properties":{"elev":150,"idx":0},"geometry":{"type":"LineString","coordinates":[[127.05092,37.37069],[127.05097,37.37085],[127.05105,37.37069],[127.05097,37.37061],[127.05092,37.37069]]}},{"type":"Feature","properties":{"elev":150,"idx":0},"geometry":{"type":"LineString","coordinates":[[127.05119,37.37042],[127.05125,37.37047],[127.05131,37.37042],[127.05125,37.37038],[127.05119,37.37042]]}},{"type":"Feature","properties":{"elev":150,"idx":0},"geometry":{"type":"LineString","coordinates":[[127.05143,37.37014],[127.05153,37.37028],[127.05181,37.37032],[127.05208,37.37014],[127.05188,37.36986],[127.05181,37.36984],[127.05143,37.37014]]}},{"type":"Feature","properties":{"elev":150,"idx":0},"geometry":{"type":"LineString","coordinates":[[126.98541,37.36042],[126.98542,37.36048],[126.98569,37.36052],[126.98575,37.36042],[126.98569,37.36023],[126.98542,37.36037],[126.98541,37.36042]]}},{"type":"Feature","properties":{"elev":150,"idx":0},"geometry":{"type":"LineString","coordinates":[[126.99031,37.36014],[126.99003,37.36042],[126.9899,37.36069],[126.98991,37.36097],[126.98964,37.36125],[126.98942,37.36208],[126.98931,37.36216],[126.98903,37.36213],[126.98875,37.36199],[126.98847,37.36196],[126.98829,37.36208],[126.98817,37.36236],[126.98843,37.36264],[126.98847,37.36275],[126.98851,37.36292],[126.98847,37.36322],[126.98819,37.3632],[126.98792,37.36306],[126.98764,37.36273],[126.98736,37.36254],[126.98708,37.36258],[126.98681,37.36285],[126.98625,37.36294],[126.98597,37.36315],[126.98581,37.36375],[126.98569,37.36398],[126.98514,37.36462],[126.98496,37.36458],[126.98486,37.36447],[126.98482,37.36431],[126.98493,37.36375],[126.98511,37.36347],[126.98503,37.36292],[126.98452,37.36236],[126.98436,37.36208],[126.98502,37.36153],[126.98516,37.36125],[126.98514,37.36119],[126.98486,37.361],[126.98431,37.36082],[126.98403,37.36066],[126.98347,37.36051],[126.98292,37.36058],[126.98268,37.36042],[126.98254,37.36014]]}},{"type":"Feature","properties":{"elev":150,"idx":0},"geometry":{"type":"LineString","coordinates":[[126.99624,37.36014],[126.99631,37.36042],[126.99658,37.36069],[126.99619,37.36097],[126.99591,37.36125],[126.9959,37.36153],[126.99608,37.36181],[126.99597,37.36198],[126.99569,37.36193],[126.99514,37.36168],[126.99486,37.3616],[126.99458,37.36166],[126.99431,37.36179],[126.99403,37.3617],[126.99375,37.36174],[126.9936,37.36181],[126.99402,37.36208],[126.99375,37.36261],[126.99347,37.36249],[126.99319,37.36244],[126.99292,37.36249],[126.99208,37.36213],[126.99181,37.36207],[126.99149,37.36125],[126.9914,37.36069],[126.99125,37.3605],[126.99081,37.36014]]}},{"type":"Feature","properties":{"elev":150,"idx":0},"geometry":{"type":"LineString","coordinates":[[127.00167,37.36014],[127.00125,37.36051],[127.00069,37.36038],[127.00052,37.36042],[127.00042,37.36055],[127.0004,37.36069],[127.00045,37.36125],[127.00014,37.36137],[127.00006,37.36153],[126.99986,37.36174],[126.99958,37.3618],[126.99931,37.36147],[126.99903,37.36129],[126.99847,37.36117],[126.99809,37.36097],[126.99772,37.36069],[126.99731,37.36014]]}},{"type":"Feature","properties":{"elev":150,"idx":0},"geometry":{"type":"LineString","coordinates":[[127.04615,37.36014],[127.04542,37.36033],[127.04486,37.36073],[127.04434,37.36097],[127.04375,37.36104],[127.04319,37.36121],[127.04264,37.36113],[127.04208,37.36112],[127.04167,37.36097],[127.04153,37.36086],[127.04125,37.36079],[127.04069,37.3607],[127.04042,37.36073],[127.04025,37.36069],[127.04014,37.36062],[127.04004,37.36042],[127.04014,37.36025],[127.04042,37.36027],[127.04054,37.36014]]}},{"type":"Feature","properties":{"elev":150,"idx":0},"geometry":{"type":"LineString","coordinates":[[127.07207,37.36014],[127.07213,37.36042],[127.07234,37.36069],[127.0717,37.36153],[127.07153,37.36165],[127.07097,37.36183],[127.07071,37.36208],[127.07083,37.36236],[127.07097,37.36246],[127.07208,37.3621],[127.07236,37.3622],[127.0725,37.36236],[127.0724,37.36264],[127.0725,37.36319],[127.07208,37.36365],[127.07204,37.36375],[127.07208,37.3638],[127.07236,37.36391],[127.07264,37.36394],[127.07347,37.36365],[127.07431,37.36363],[127.07441,37.36375],[127.07451,37.36403],[127.07458,37.36409],[127.07486,37.36418],[127.07542,37.36422],[127.0756,37.36431],[127.07548,37.36458],[127.07542,37.36463],[127.07486,37.36474],[127.07431,37.36472],[127.07406,37.36486],[127.07371,37.36514],[127.07359,37.36542],[127.07347,37.36555],[127.07319,37.36567],[127.0729,37.36597],[127.07292,37.36625],[127.07236,37.36654],[127.07181,37.36649],[127.07172,37.36653],[127.07155,37.36681],[127.07224,37.36736],[127.07236,37.36741],[127.07292,37.36733],[127.07347,37.36746],[127.07375,37.36747],[127.07403,37.36764],[127.07458,37.36814],[127.07493,37.36847],[127.07512,37.36875],[127.07486,37.36889],[127.07441,37.36903],[127.07403,37.36929],[127.07347,37.36924],[127.07314,37.36931],[127.07312,37.36958],[127.07316,37.36986],[127.07328,37.37014],[127.07319,37.37023],[127.07264,37.36992],[127.07225,37.36986],[127.07208,37.36975],[127.07195,37.36931],[127.07181,37.3692],[127.07125,37.36913],[127.07042,37.36915],[127.06994,37.36931],[127.06988,37.36986],[127.06991,37.37014],[127.07012,37.37042],[127.07045,37.37069],[127.07097,37.371],[127.07125,37.37104],[127.07153,37.37099],[127.07181,37.37108],[127.07208,37.3713],[127.07236,37.37172],[127.07315,37.37208],[127.07352,37.37236],[127.07319,37.37253],[127.07153,37.37246],[127.07125,37.37249],[127.07091,37.37264],[127.07077,37.37292],[127.07072,37.37319],[127.07084,37.37375],[127.07104,37.37403],[127.07104,37.37431],[127.07097,37.37438],[127.07042,37.37421],[127.07015,37.37431],[127.06986,37.37463],[127.06981,37.37458],[127.06965,37.37403],[127.06986,37.37319],[127.06977,37.37292],[127.06958,37.37269],[127.06906,37.37236],[127.06875,37.37204],[127.06847,37.37203],[127.06842,37.37236],[127.06815,37.37264],[127.06826,37.37292],[127.06826,37.37319],[127.06792,37.37357],[127.06764,37.37379],[127.06681,37.37372],[127.06653,37.37387],[127.06648,37.37375],[127.0665,37.37347],[127.06664,37.37319],[127.0665,37.37292],[127.06625,37.37278],[127.06597,37.37276],[127.06542,37.37296],[127.06526,37.37292],[127.06519,37.37264],[127.06537,37.37236],[127.06632,37.37181],[127.06657,37.37153],[127.06625,37.37105],[127.06599,37.37097],[127.06625,37.37089],[127.06681,37.37084],[127.06708,37.37075],[127.06714,37.37069],[127.0672,37.37042],[127.06695,37.36986],[127.06671,37.36958],[127.06719,37.36931],[127.06751,37.36903],[127.06736,37.36875],[127.06708,37.36847],[127.06681,37.36837],[127.06657,37.36819],[127.06633,37.36792],[127.06653,37.36765],[127.06681,37.36761],[127.06708,37.36746],[127.06716,37.36736],[127.06708,37.36734],[127.06689,37.36708],[127.06678,37.36681],[127.06653,37.36661],[127.06621,37.36653],[127.06609,37.36625],[127.06642,37.36597],[127.06625,37.36574],[127.06597,37.36559],[127.0658,37.36542],[127.06571,37.36514],[127.06589,37.36486],[127.06588,37.36458],[127.06597,37.36437],[127.06612,37.36431],[127.06607,37.36403],[127.06611,37.36375],[127.06597,37.36361],[127.06542,37.36349],[127.06514,37.36327],[127.06486,37.36341],[127.0645,37.36375],[127.06457,37.36403],[127.06431,37.36417],[127.06403,37.36454],[127.06375,37.36465],[127.06355,37.36486],[127.06343,37.36514],[127.06307,37.36569],[127.06311,37.36597],[127.06343,37.36653],[127.06335,37.36681],[127.06303,37.36708],[127.06292,37.36731],[127.06288,37.36764],[127.06303,37.36792],[127.06352,37.36847],[127.06356,37.36875],[127.06347,37.36893],[127.06317,37.36931],[127.06307,37.36958],[127.06292,37.36972],[127.06236,37.36949],[127.0622,37.36931],[127.06208,37.36904],[127.06181,37.36871],[127.06173,37.36847],[127.0619,37.36819],[127.06171,37.36764],[127.06175,37.36736],[127.06169,37.36708],[127.06156,37.36681],[127.06125,37.36671],[127.06069,37.36687],[127.06057,37.36681],[127.06066,37.36653],[127.06125,37.36633],[127.06166,37.36597],[127.06187,37.36569],[127.06196,37.36542],[127.06199,37.36514],[127.06195,37.36486],[127.06181,37.36457],[127.06153,37.36455],[127.06097,37.36466],[127.06069,37.3646],[127.06014,37.36424],[127.06001,37.36403],[127.06042,37.36375],[127.06052,37.36347],[127.06042,37.36329],[127.05958,37.36363],[127.05903,37.36369],[127.05875,37.36366],[127.05847,37.36352],[127.05819,37.36345],[127.05792,37.36343],[127.05764,37.36351],[127.05681,37.36359],[127.05653,37.36346],[127.05625,37.36339],[127.05542,37.36339],[127.05514,37.36334],[127.05486,37.3632],[127.05452,37.36292],[127.05435,37.36264],[127.05433,37.36236],[127.05403,37.36228],[127.05375,37.36228],[127.0537,37.36236],[127.05401,37.36292],[127.05416,37.36347],[127.05444,37.36375],[127.05436,37.36403],[127.05391,37.36431],[127.05398,37.36458],[127.05539,37.36486],[127.05549,37.36514],[127.05458,37.36522],[127.05319,37.36551],[127.05277,37.36569],[127.05277,37.36597],[127.05292,37.3661],[127.05317,37.36653],[127.05347,37.36685],[127.05403,37.36715],[127.0547,37.36736],[127.05486,37.3675],[127.05519,37.36764],[127.05534,37.36792],[127.05431,37.36798],[127.05403,37.36808],[127.05347,37.36782],[127.05208,37.36749],[127.05181,37.36752],[127.05161,37.36819],[127.05163,37.36847],[127.05181,37.36892],[127.05188,37.36903],[127.05208,37.36918],[127.05236,37.36931],[127.05264,37.36957],[127.05272,37.36958],[127.05292,37.36975],[127.05319,37.36978],[127.05331,37.36986],[127.05342,37.37014],[127.05333,37.37042],[127.05292,37.37072],[127.0524,37.37125],[127.05221,37.37153],[127.05163,37.37208],[127.05153,37.37215],[127.05125,37.37218],[127.05121,37.37236],[127.05097,37.37263],[127.05036,37.37319],[127.05014,37.37327],[127.04958,37.37331],[127.04819,37.37311],[127.04792,37.3732],[127.04736,37.37328],[127.04681,37.37329],[127.04629,37.37375],[127.04614,37.37403],[127.04563,37.37431],[127.04542,37.37462],[127.04514,37.3741],[127.04508,37.37375],[127.04513,37.37347],[127.0456,37.37292],[127.04569,37.37271],[127.04621,37.37208],[127.04638,37.37181],[127.04764,37.37103],[127.04819,37.37084],[127.04875,37.3708],[127.04903,37.37071],[127.04931,37.37054],[127.04941,37.37042],[127.04952,37.37014],[127.0494,37.36986],[127.04938,37.36958],[127.04945,37.36931],[127.04951,37.36875],[127.04975,37.36847],[127.04966,37.36792],[127.04946,37.36736],[127.04931,37.3672],[127.04847,37.36716],[127.04792,37.36735],[127.04755,37.36736],[127.04736,37.3675],[127.04718,37.36792],[127.04724,37.36819],[127.04681,37.36834],[127.04514,37.36926],[127.04486,37.36934],[127.04458,37.36935],[127.04403,37.36922],[127.04347,37.36925],[127.04319,37.36919],[127.04264,37.36926],[127.04236,37.36922],[127.04181,37.36934],[127.04125,37.36935],[127.04115,37.36931],[127.04114,37.36903],[127.04168,37.36875],[127.04236,37.36871],[127.04458,37.368],[127.04542,37.36749],[127.04644,37.36653],[127.04642,37.36625],[127.04616,37.36597],[127.04681,37.36583],[127.04747,37.36542],[127.04764,37.36536],[127.04847,37.36536],[127.04875,37.36527],[127.04893,37.36514],[127.04903,37.36483],[127.04931,37.36476],[127.04986,37.36476],[127.05014,37.3646],[127.05006,37.36431],[127.04964,37.36375],[127.04985,37.36347],[127.05042,37.36335],[127.0512,37.36236],[127.05053,37.36181],[127.05067,37.36125],[127.05084,37.36097],[127.05086,37.36069],[127.05055,37.36042],[127.05059,37.36014]]}},{"type":"Feature","properties":{"elev":150,"idx":0},"geometry":{"type":"LineString","coordinates":[[127.08172,37.36014],[127.08192,37.36069],[127.08188,37.36097],[127.08181,37.36109],[127.08125,37.36115],[127.08097,37.36128],[127.08069,37.36122],[127.08042,37.36099],[127.08014,37.36093],[127.07931,37.36128],[127.07847,37.36189],[127.07831,37.36181],[127.07824,37.36153],[127.07845,37.36069],[127.07819,37.36054],[127.07792,37.36051],[127.0777,37.36042],[127.07786,37.36014]]}},{"type":"Feature","properties":{"elev":200,"idx":1},"geometry":{"type":"LineString","coordinates":[[127.01296,37.46986],[127.01319,37.4695],[127.01347,37.46921],[127.01367,37.46931],[127.01404,37.46931],[127.01375,37.46909],[127.01373,37.46903],[127.01291,37.46875],[127.01273,37.46847],[127.01276,37.46819],[127.01287,37.46792],[127.01264,37.46778],[127.01236,37.46773],[127.01125,37.46778],[127.01097,37.46775],[127.01082,37.46819],[127.01069,37.46826],[127.01014,37.46814],[127.00986,37.46818],[127.00958,37.46829],[127.00931,37.46826],[127.00903,37.46811],[127.00847,37.46751],[127.00819,37.46742],[127.00792,37.46748],[127.00773,37.46764],[127.00764,37.46779],[127.00736,37.46792],[127.00719,37.46819],[127.00708,37.46826],[127.00595,37.46847],[127.00569,37.46823],[127.00522,37.46764],[127.00526,37.46736],[127.00523,37.46708],[127.00533,37.46681],[127.00535,37.46653],[127.00531,37.46625],[127.00542,37.46614],[127.00566,37.46569],[127.00569,37.46542],[127.00542,37.46492],[127.00486,37.46434],[127.00458,37.46417],[127.00431,37.46407],[127.00403,37.46405],[127.00375,37.46405],[127.00347,37.46423],[127.00303,37.46486],[127.00293,37.46514],[127.00258,37.46542],[127.00221,37.46597],[127.00208,37.46632],[127.00152,37.46681],[127.00095,37.46764],[127.00125,37.46776],[127.00153,37.46781],[127.00169,37.46792],[127.00224,37.46847],[127.00236,37.46868],[127.0024,37.46875],[127.00236,37.46903],[127.00253,37.46958],[127.00236,37.46981],[127.00221,37.46986]]}},{"type":"Feature","properties":{"elev":200,"idx":1},"geometry":{"type":"LineString","coordinates":[[127.06568,37.46986],[127.06561,37.46958],[127.06545,37.46931],[127.0651,37.46903],[127.06486,37.46872],[127.06375,37.46792],[127.06236,37.4674],[127.06125,37.46724],[127.06042,37.46719],[127.06014,37.46706],[127.05958,37.46697],[127.05934,37.46681],[127.05903,37.4667],[127.05875,37.4667],[127.05835,37.46681],[127.05792,37.46707],[127.05681,37.4671],[127.05625,37.4672],[127.05597,37.46728],[127.05569,37.46745],[127.05514,37.46768],[127.05458,37.46747],[127.05431,37.46741],[127.05403,37.46745],[127.05375,37.46759],[127.05319,37.46798],[127.05308,37.46819],[127.05319,37.46832],[127.05337,37.46847],[127.05391,37.46875],[127.05399,37.46903],[127.05446,37.46931],[127.05458,37.46945],[127.05481,37.46958],[127.05514,37.46966],[127.05569,37.46965],[127.05599,37.46986]]}},{"type":"Feature","properties":{"elev":200,"idx":1},"geometry":{"type":"LineString","coordinates":[[126.99705,37.46764],[126.99792,37.46781],[126.99824,37.46764],[126.99854,37.46736],[126.99833,37.46708],[126.99792,37.4669],[126.99736,37.46695],[126.99708,37.46694],[126.99653,37.46677],[126.99622,37.46681],[126.99603,37.46708],[126.99653,37.46717],[126.99681,37.46746],[126.99705,37.46764]]}},{"type":"Feature","properties":{"elev":200,"idx":1},"geometry":{"type":"LineString","coordinates":[[126.98014,37.4581],[126.98021,37.45819],[126.98079,37.45847],[126.98071,37.45875],[126.98041,37.45903],[126.98037,37.45931],[126.98042,37.45944],[126.98069,37.45956],[126.98097,37.45949],[126.98153,37.45964],[126.98236,37.45951],[126.9826,37.45931],[126.98292,37.45892],[126.98316,37.45875],[126.98343,37.45819],[126.9837,37.45792],[126.98403,37.45764],[126.98469,37.45736],[126.98486,37.45716],[126.98491,37.45708],[126.98469,37.45681],[126.98474,37.45653],[126.98514,37.45626],[126.98542,37.45597],[126.98568,37.45542],[126.98589,37.45514],[126.98587,37.45486],[126.98621,37.45431],[126.98597,37.45414],[126.98569,37.45406],[126.98514,37.45376],[126.98486,37.45366],[126.98458,37.45335],[126.98427,37.45319],[126.98406,37.45292],[126.98477,37.45208],[126.98428,37.45153],[126.98375,37.45129],[126.98347,37.45127],[126.98292,37.45137],[126.98264,37.45135],[126.9825,37.45125],[126.98251,37.45097],[126.98238,37.45069],[126.98206,37.45042],[126.98256,37.45014],[126.98292,37.45001],[126.98312,37.44986],[126.98297,37.44931],[126.98314,37.44903],[126.98319,37.44875],[126.98295,37.44847],[126.98321,37.44819],[126.9833,37.44792],[126.98374,37.44764],[126.98388,37.44736],[126.9838,37.44708],[126.98345,37.44681],[126.98335,37.44653],[126.98359,37.44625],[126.98431,37.44583],[126.98481,37.44542],[126.98458,37.44516],[126.98319,37.445],[126.98282,37.44486],[126.98325,37.44431],[126.98366,37.44403],[126.98375,37.44375],[126.98398,37.44347],[126.98402,37.44319],[126.9838,37.44292],[126.98343,37.44264],[126.98326,37.44236],[126.98355,37.44208],[126.98431,37.44183],[126.98426,37.44153],[126.98431,37.4414],[126.98441,37.44125],[126.98458,37.44116],[126.98542,37.44134],[126.98569,37.44134],[126.98597,37.44141],[126.98625,37.44134],[126.98636,37.44097],[126.98627,37.44069],[126.98629,37.44042],[126.9864,37.44014],[126.98542,37.43958],[126.98552,37.43931],[126.98625,37.43898],[126.98671,37.43847],[126.98649,37.43819],[126.98612,37.43792],[126.98603,37.43764],[126.98585,37.43736],[126.98583,37.43708],[126.98571,37.43681],[126.98542,37.4367],[126.98512,37.43681],[126.98486,37.43703],[126.98459,37.43736],[126.98439,37.43792],[126.98431,37.43803],[126.98403,37.43823],[126.98375,37.4382],[126.98319,37.4378],[126.98276,37.43764],[126.98264,37.43748],[126.98236,37.43742],[126.98208,37.43752],[126.98153,37.43746],[126.98121,37.43764],[126.981,37.43792],[126.98076,37.43847],[126.98039,37.43875],[126.98014,37.43911]]}},{"type":"Feature","properties":{"elev":200,"idx":1},"geometry":{"type":"LineString","coordinates":[[127.08951,37.45319],[127.08958,37.45329],[127.08966,37.45125],[127.08962,37.44875],[127.08967,37.44514],[127.08958,37.44164],[127.08931,37.44149],[127.08903,37.44143],[127.08869,37.44153],[127.08819,37.44198],[127.08792,37.44204],[127.08681,37.442],[127.08653,37.44194],[127.08628,37.44181],[127.08611,37.44153],[127.08597,37.44139],[127.08573,37.44125],[127.08542,37.44118],[127.08514,37.44104],[127.0848,37.44069],[127.08466,37.44042],[127.08462,37.44014],[127.08474,37.43986],[127.08431,37.43961],[127.08403,37.43953],[127.08375,37.43933],[127.08372,37.43903],[127.08347,37.43878],[127.08319,37.4387],[127.08292,37.43877],[127.08264,37.43876],[127.08181,37.43821],[127.08153,37.43814],[127.08097,37.43812],[127.07958,37.43839],[127.07906,37.43875],[127.07861,37.43931],[127.07847,37.43958],[127.07819,37.43978],[127.07764,37.43994],[127.07708,37.43994],[127.07625,37.44023],[127.07569,37.44054],[127.07514,37.44058],[127.07403,37.44033],[127.07333,37.43986],[127.07307,37.43958],[127.07311,37.43903],[127.07302,37.43875],[127.07292,37.43858],[127.07236,37.43833],[127.07181,37.43815],[127.07153,37.43809],[127.07125,37.43809],[127.07097,37.43825],[127.07082,37.43847],[127.07069,37.43884],[127.07014,37.43919],[127.06958,37.43914],[127.06931,37.43916],[127.06903,37.43923],[127.06892,37.43931],[127.0687,37.43958],[127.06856,37.43986],[127.06849,37.44014],[127.06819,37.44044],[127.06764,37.4409],[127.06694,37.44125],[127.06664,37.44153],[127.0667,37.44181],[127.06736,37.44215],[127.06789,37.44236],[127.06877,37.44292],[127.06888,37.44319],[127.06883,37.44375],[127.06862,37.44403],[127.06847,37.44413],[127.06792,37.44425],[127.06764,37.44437],[127.06736,37.44438],[127.06708,37.44447],[127.06697,37.44458],[127.06704,37.44486],[127.06693,37.44514],[127.06681,37.44519],[127.06653,37.44521],[127.06597,37.44536],[127.06514,37.44526],[127.06486,37.44529],[127.06451,37.44542],[127.06431,37.44569],[127.06419,37.44597],[127.06428,37.44625],[127.06447,37.44653],[127.06477,37.44681],[127.06479,37.44708],[127.06486,37.44722],[127.06506,37.44736],[127.06569,37.44761],[127.06625,37.44762],[127.06681,37.44798],[127.06764,37.44827],[127.06819,37.44826],[127.06875,37.44799],[127.06931,37.44794],[127.06958,37.44787],[127.07042,37.44743],[127.07069,37.44736],[127.07097,37.44722],[127.07125,37.44695],[127.07153,37.44653],[127.07181,37.4464],[127.07208,37.44636],[127.07238,37.44625],[127.07275,37.44569],[127.07334,37.44514],[127.07349,37.44486],[127.07384,37.44458],[127.07403,37.44431],[127.07436,37.44403],[127.07486,37.44376],[127.07625,37.44352],[127.07708,37.44352],[127.07764,37.44339],[127.07819,37.44337],[127.07903,37.44314],[127.07932,37.44319],[127.07961,37.44347],[127.07986,37.44359],[127.08014,37.44363],[127.08069,37.44357],[127.08097,37.44374],[127.08181,37.44456],[127.08292,37.44542],[127.08347,37.44604],[127.08403,37.4464],[127.08415,37.44653],[127.08436,37.44708],[127.08455,37.44736],[127.08486,37.44759],[127.08514,37.4477],[127.08542,37.44789],[127.08625,37.44871],[127.08637,37.44903],[127.08676,37.44958],[127.08703,37.44986],[127.08729,37.45042],[127.08729,37.45069],[127.0874,37.45097],[127.08819,37.45168],[127.08875,37.45232],[127.08911,37.45264],[127.08926,37.45292],[127.08951,37.45319]]}},{"type":"Feature","properties":{"elev":200,"idx":1},"geometry":{"type":"LineString","coordinates":[[126.98014,37.43289],[126.98031,37.43264],[126.98039,37.43236],[126.98014,37.43221]]}},{"type":"Feature","properties":{"elev":200,"idx":1},"geometry":{"type":"LineString","coordinates":[[126.98102,37.43208],[126.98125,37.43227],[126.98171,37.43208],[126.98153,37.43184],[126.98125,37.43191],[126.98102,37.43208]]}},{"type":"Feature","properties":{"elev":200,"idx":1},"geometry":{"type":"LineString","coordinates":[[127.08047,37.42681],[127.08069,37.42696],[127.08097,37.42705],[127.08153,37.42705],[127.08197,37.42625],[127.08206,37.42597],[127.08205,37.42569],[127.08181,37.42542],[127.08208,37.42508],[127.08236,37.42504],[127.08264,37.42492],[127.08319,37.42499],[127.08375,37.42494],[127.08403,37.42517],[127.08431,37.42528],[127.08486,37.42532],[127.08514,37.42542],[127.08555,37.42569],[127.08597,37.42623],[127.08625,37.42639],[127.08653,37.42634],[127.08666,37.42625],[127.08706,37.42569],[127.08768,37.42514],[127.08766,37.42486],[127.08749,37.42458],[127.08653,37.42403],[127.08649,37.42375],[127.08604,37.42347],[127.08597,37.42334],[127.08569,37.42321],[127.08542,37.42318],[127.08458,37.42325],[127.08431,37.42344],[127.08403,37.42349],[127.08375,37.42331],[127.08369,37.42319],[127.08381,37.42292],[127.08433,37.42264],[127.08452,37.42236],[127.08447,37.42181],[127.08457,37.42153],[127.08501,37.42097],[127.08498,37.42069],[127.08489,37.42042],[127.08431,37.42036],[127.08403,37.4204],[127.08311,37.42097],[127.08292,37.42134],[127.0823,37.42181],[127.08214,37.42208],[127.08181,37.42243],[127.08125,37.42283],[127.08119,37.42292],[127.0812,37.42319],[127.08109,37.42375],[127.0807,37.42431],[127.08042,37.42458],[127.08014,37.42462],[127.07953,37.42486],[127.07875,37.42497],[127.07814,37.42542],[127.07796,37.42569],[127.07802,37.42597],[127.07816,37.42625],[127.07847,37.42647],[127.07903,37.4266],[127.07931,37.42673],[127.07986,37.42668],[127.08047,37.42681]]}},{"type":"Feature","properties":{"elev":200,"idx":1},"geometry":{"type":"LineString","coordinates":[[127.01424,37.40819],[127.01431,37.40823],[127.01444,37.40819],[127.01437,37.40792],[127.01403,37.40783],[127.01378,37.40792],[127.01424,37.40819]]}},{"type":"Feature","properties":{"elev":200,"idx":1},"geometry":{"type":"LineString","coordinates":[[127.07373,37.39931],[127.07403,37.39948],[127.07431,37.39953],[127.07486,37.39942],[127.07569,37.39914],[127.07587,37.39903],[127.07608,37.39875],[127.07617,37.39847],[127.07618,37.39819],[127.07542,37.39736],[127.07514,37.39724],[127.07486,37.39715],[127.07458,37.39716],[127.07385,37.39736],[127.07347,37.39764],[127.07341,37.39792],[127.07362,37.39847],[127.07361,37.39875],[127.07371,37.39903],[127.07373,37.39931]]}},{"type":"Feature","properties":{"elev":200,"idx":1},"geometry":{"type":"LineString","coordinates":[[127.01172,37.39875],[127.01208,37.39884],[127.01236,37.39875],[127.01264,37.39848],[127.01292,37.3984],[127.01315,37.39819],[127.01331,37.39792],[127.01319,37.39758],[127.01292,37.39736],[127.01181,37.39741],[127.01097,37.39761],[127.01058,37.39792],[127.0105,37.39819],[127.01069,37.39846],[127.01153,37.39866],[127.01172,37.39875]]}},{"type":"Feature","properties":{"elev":200,"idx":1},"geometry":{"type":"LineString","coordinates":[[127.08399,37.39681],[127.08403,37.39692],[127.0841,37.39681],[127.08399,37.39681]]}},{"type":"Feature","properties":{"elev":200,"idx":1},"geometry":{"type":"LineString","coordinates":[[127.0214,37.39181],[127.02181,37.39178],[127.02208,37.3912],[127.02264,37.39087],[127.02308,37.39069],[127.02329,37.39042],[127.02319,37.39033],[127.02292,37.39038],[127.02264,37.3905],[127.02208,37.39046],[127.02191,37.39042],[127.02181,37.38997],[127.02168,37.38986],[127.02153,37.38981],[127.02097,37.38993],[127.02072,37.39014],[127.02075,37.39069],[127.02113,37.39097],[127.02109,37.39125],[127.02087,37.39153],[127.02125,37.39176],[127.0214,37.39181]]}},{"type":"Feature","properties":{"elev":200,"idx":1},"geometry":{"type":"LineString","coordinates":[[127.06389,37.38792],[127.06403,37.38792],[127.06404,37.38792],[127.06403,37.38791],[127.06389,37.38792]]}},{"type":"Feature","properties":{"elev":200,"idx":1},"geometry":{"type":"LineString","coordinates":[[126.98875,37.38014],[126.98903,37.38016],[126.98973,37.37986],[126.98903,37.3795],[126.98875,37.37951],[126.98858,37.37958],[126.98843,37.37986],[126.98847,37.37994],[126.98875,37.38014]]}},{"type":"Feature","properties":{"elev":200,"idx":1},"geometry":{"type":"LineString","coordinates":[[126.98014,37.37578],[126.98042,37.37561],[126.98069,37.37564],[126.98097,37.37574],[126.98125,37.376],[126.98153,37.37596],[126.98208,37.37565],[126.98236,37.37553],[126.98264,37.37547],[126.98347,37.37506],[126.98375,37.37495],[126.98403,37.37494],[126.98431,37.37503],[126.98458,37.37521],[126.98514,37.37515],[126.98569,37.37525],[126.98597,37.37534],[126.98625,37.3755],[126.98653,37.37551],[126.98708,37.37572],[126.98736,37.3757],[126.98764,37.37579],[126.98792,37.37599],[126.98847,37.37659],[126.98873,37.37681],[126.98931,37.37708],[126.98958,37.37714],[126.99069,37.37686],[126.99181,37.37644],[126.99208,37.37625],[126.99227,37.37597],[126.99232,37.37569],[126.99181,37.37543],[126.99153,37.37534],[126.99118,37.37514],[126.99108,37.37431],[126.99097,37.37412],[126.99069,37.37385],[126.99042,37.37383],[126.98965,37.37347],[126.98958,37.3734],[126.98931,37.37332],[126.98875,37.37336],[126.98854,37.37347],[126.98819,37.37384],[126.98793,37.37403],[126.98708,37.37447],[126.98681,37.37437],[126.98653,37.37421],[126.98597,37.37404],[126.98538,37.37375],[126.98514,37.37339],[126.98486,37.37325],[126.98458,37.37325],[126.98431,37.37333],[126.98403,37.37329],[126.98388,37.37319],[126.98369,37.37292],[126.98359,37.37236],[126.9836,37.37181],[126.98356,37.37153],[126.98364,37.37125],[126.98369,37.37069],[126.98401,37.37014],[126.9845,37.36986],[126.98458,37.36973],[126.98467,37.36931],[126.98446,37.36875],[126.98458,37.36865],[126.98514,37.3686],[126.98568,37.36847],[126.98597,37.36833],[126.98625,37.36803],[126.98653,37.36795],[126.98681,37.36773],[126.98736,37.36772],[126.98753,37.36736],[126.98757,37.36708],[126.98819,37.36658],[126.98847,37.36659],[126.98875,37.36665],[126.98903,37.36679],[126.98931,37.3668],[126.98958,37.36662],[126.98964,37.36653],[126.98974,37.36597],[126.98986,37.36585],[126.99014,37.36585],[126.99042,37.36594],[126.99097,37.36577],[126.99125,37.36559],[126.99236,37.36552],[126.9928,37.36569],[126.99319,37.36611],[126.99347,37.36611],[126.99403,37.36577],[126.99458,37.36601],[126.99562,37.36569],[126.99587,37.36542],[126.99604,37.36486],[126.99625,37.36458],[126.99603,37.36403],[126.99606,37.36375],[126.99625,37.36347],[126.99597,37.3633],[126.99569,37.36321],[126.99542,37.36316],[126.99514,37.3632],[126.99478,37.36347],[126.99458,37.36389],[126.99431,37.36406],[126.99403,37.36404],[126.99319,37.36378],[126.99292,37.36379],[126.99236,37.36401],[126.99208,37.36377],[126.99181,37.36341],[126.99097,37.36312],[126.99069,37.3631],[126.99057,37.36319],[126.9903,37.36375],[126.98998,37.36403],[126.98975,37.36431],[126.98963,37.36458],[126.98965,37.36486],[126.98973,37.36514],[126.98958,37.36544],[126.98931,37.36554],[126.98875,37.36531],[126.98847,37.36507],[126.98819,37.36494],[126.98736,37.36476],[126.98708,37.3648],[126.98653,37.36519],[126.98569,37.36602],[126.98542,37.36607],[126.98514,37.36595],[126.98486,37.36599],[126.98475,37.36625],[126.98458,37.36643],[126.98431,37.36639],[126.98403,37.36645],[126.98392,37.36653],[126.98372,37.36681],[126.98347,37.36691],[126.98304,37.36681],[126.98312,37.36653],[126.98333,37.36625],[126.98324,37.36597],[126.98287,37.36569],[126.98301,37.36542],[126.98292,37.3651],[126.98267,37.36486],[126.98292,37.36474],[126.98306,37.36458],[126.98308,37.36431],[126.9836,37.36403],[126.98363,37.36347],[126.98349,37.36319],[126.98292,37.36275],[126.98264,37.36265],[126.98236,37.3627],[126.98208,37.36268],[126.98153,37.36234],[126.98125,37.36224],[126.98069,37.36224],[126.98042,37.36216],[126.98014,37.36199]]}},{"type":"Feature","properties":{"elev":200,"idx":1},"geometry":{"type":"LineString","coordinates":[[127.04962,37.37514],[127.04986,37.37526],[127.04998,37.37514],[127.04986,37.37509],[127.04962,37.37514]]}},{"type":"Feature","properties":{"elev":200,"idx":1},"geometry":{"type":"LineString","coordinates":[[127.03208,37.37181],[127.03208,37.37181],[127.03208,37.3718],[127.03209,37.37181],[127.03208,37.37181]]}},{"type":"Feature","properties":{"elev":200,"idx":1},"geometry":{"type":"LineString","coordinates":[[127.06481,37.36986],[127.06504,37.36986],[127.06506,37.36958],[127.06486,37.36952],[127.0648,37.36958],[127.06481,37.36986]]}},{"type":"Feature","properties":{"elev":200,"idx":1},"geometry":{"type":"LineString","coordinates":[[127.04711,37.36931],[127.04736,37.36941],[127.04759,37.36931],[127.04736,37.3692],[127.04711,37.36931]]}},{"type":"Feature","properties":{"elev":200,"idx":1},"geometry":{"type":"LineString","coordinates":[[126.99991,37.36292],[127.00014,37.36312],[127.00097,37.3629],[127.00121,37.36264],[127.00104,37.36236],[127.00097,37.36233],[127.00069,37.36227],[127.00042,37.36232],[127.00014,37.36244],[126.99991,37.36292]]}},{"type":"Feature","properties":{"elev":200,"idx":1},"geometry":{"type":"LineString","coordinates":[[126.99795,37.36264],[126.99819,37.36291],[126.99827,37.36264],[126.99819,37.36258],[126.99795,37.36264]]}},{"type":"Feature","properties":{"elev":200,"idx":1},"geometry":{"type":"LineString","coordinates":[[126.98014,37.36131],[126.98052,37.36097],[126.9802,37.36069],[126.98014,37.36032]]}},{"type":"Feature","properties":{"elev":200,"idx":1},"geometry":{"type":"LineString","coordinates":[[127.0044,37.36014],[127.00431,37.36039],[127.00403,37.36035],[127.00396,37.36042],[127.00338,37.36069],[127.00316,37.36097],[127.00312,37.36125],[127.00403,37.36153],[127.00431,37.36182],[127.00486,37.36218],[127.00514,37.36227],[127.00569,37.36184],[127.00625,37.36201],[127.00708,37.3621],[127.00792,37.3625],[127.00868,37.36236],[127.00931,37.36208],[127.00958,37.36213],[127.00972,37.36236],[127.00964,37.36292],[127.00986,37.36333],[127.01014,37.36334],[127.01097,37.36306],[127.01125,37.3631],[127.01153,37.36319],[127.01167,37.36347],[127.01123,37.36403],[127.01125,37.36406],[127.01181,37.3642],[127.01208,37.3642],[127.01236,37.36412],[127.01264,37.36397],[127.01292,37.36395],[127.01301,37.36403],[127.0132,37.36431],[127.01324,37.36514],[127.01315,37.36542],[127.01254,37.36625],[127.01292,37.36679],[127.01319,37.36696],[127.01347,37.36707],[127.01403,37.36704],[127.01431,37.36694],[127.01458,37.36694],[127.01486,37.36714],[127.01514,37.36717],[127.01597,37.3669],[127.01625,37.36691],[127.01653,37.36703],[127.01663,37.36736],[127.01681,37.36753],[127.01708,37.36754],[127.01764,37.36751],[127.01792,37.36741],[127.01819,37.36716],[127.01903,37.36689],[127.01958,37.36658],[127.01986,37.3667],[127.01991,37.36681],[127.01978,37.36708],[127.01937,37.36764],[127.01929,37.36792],[127.01911,37.36819],[127.01883,37.36847],[127.01865,37.36875],[127.01814,37.36903],[127.01794,37.36931],[127.01786,37.36958],[127.01792,37.37],[127.018,37.37014],[127.01875,37.37019],[127.01931,37.37038],[127.01958,37.37059],[127.02014,37.3709],[127.02036,37.37125],[127.02097,37.37166],[127.02154,37.37181],[127.02208,37.37201],[127.02264,37.37202],[127.02292,37.37198],[127.02334,37.37208],[127.02366,37.37236],[127.02422,37.37264],[127.02431,37.37271],[127.0244,37.37292],[127.02396,37.37319],[127.02264,37.3743],[127.02208,37.37423],[127.02181,37.37425],[127.02014,37.37456],[127.01932,37.37486],[127.01864,37.37542],[127.0185,37.37569],[127.01816,37.37597],[127.01818,37.37681],[127.01809,37.37736],[127.0181,37.37764],[127.0182,37.37792],[127.01792,37.37814],[127.0172,37.37819],[127.01708,37.37828],[127.01678,37.37903],[127.01625,37.37973],[127.01597,37.37987],[127.01569,37.37979],[127.01486,37.37943],[127.01375,37.3793],[127.01347,37.37937],[127.01301,37.37958],[127.01311,37.37986],[127.01374,37.38014],[127.01403,37.38038],[127.01431,37.38054],[127.01446,37.38069],[127.01461,37.38097],[127.01486,37.38121],[127.01569,37.3815],[127.01625,37.38185],[127.01653,37.38195],[127.01708,37.38201],[127.01764,37.382],[127.01792,37.38205],[127.01819,37.38214],[127.01847,37.3823],[127.01885,37.38264],[127.01931,37.38332],[127.01986,37.3837],[127.02004,37.38403],[127.02014,37.3841],[127.02042,37.38414],[127.02097,37.38395],[127.02153,37.38417],[127.02181,37.3841],[127.02292,37.38352],[127.02346,37.38375],[127.02375,37.384],[127.02431,37.38406],[127.02542,37.38504],[127.02598,37.38542],[127.02624,37.38569],[127.02625,37.386],[127.02653,37.38616],[127.02681,37.38607],[127.02708,37.38606],[127.02734,37.38625],[127.02797,37.38708],[127.02835,37.38736],[127.02847,37.38754],[127.02861,37.38764],[127.02847,37.38769],[127.02819,37.3877],[127.02792,37.38779],[127.02782,37.38792],[127.0279,37.38819],[127.02773,37.38847],[127.02764,37.38852],[127.02708,37.3886],[127.02691,37.38875],[127.02681,37.38892],[127.02653,37.389],[127.02597,37.38893],[127.02584,37.38903],[127.02589,37.38931],[127.02582,37.38958],[127.02542,37.38967],[127.02494,37.38986],[127.02447,37.39014],[127.02448,37.39042],[127.02569,37.39069],[127.02597,37.39098],[127.0265,37.39125],[127.02736,37.39177],[127.02764,37.39206],[127.02792,37.39209],[127.02847,37.39228],[127.02903,37.39234],[127.02931,37.39223],[127.02958,37.39224],[127.02986,37.39245],[127.03014,37.39252],[127.03097,37.39239],[127.03153,37.39237],[127.03181,37.39228],[127.03208,37.39213],[127.03236,37.39207],[127.03264,37.39229],[127.03347,37.39258],[127.03391,37.39264],[127.034,37.39292],[127.03431,37.3931],[127.03486,37.39333],[127.03552,37.39347],[127.03601,37.39375],[127.03615,37.39403],[127.03622,37.39431],[127.03609,37.39486],[127.03631,37.39514],[127.03569,37.39522],[127.03542,37.39541],[127.03514,37.39595],[127.03471,37.39569],[127.03458,37.39565],[127.03431,37.39565],[127.03319,37.39614],[127.03286,37.39653],[127.03264,37.39669],[127.03238,37.39681],[127.03236,37.39708],[127.03256,37.39736],[127.03236,37.39746],[127.03208,37.3977],[127.03181,37.39782],[127.03153,37.39787],[127.03131,37.39764],[127.03137,37.39708],[127.03118,37.39653],[127.03122,37.39597],[127.03097,37.39572],[127.03069,37.39572],[127.02958,37.39623],[127.02931,37.39632],[127.02819,37.39651],[127.02764,37.39653],[127.02736,37.39666],[127.02681,37.39672],[127.02647,37.39681],[127.02625,37.39697],[127.02621,37.39708],[127.02661,37.39847],[127.02653,37.39856],[127.02597,37.39877],[127.02458,37.39876],[127.02403,37.3989],[127.02319,37.39901],[127.02125,37.39887],[127.02042,37.39896],[127.02014,37.39895],[127.01977,37.39875],[127.01931,37.39858],[127.01903,37.3986],[127.01875,37.39872],[127.01847,37.39895],[127.01764,37.39914],[127.01746,37.39931],[127.01708,37.39953],[127.01679,37.39958],[127.01625,37.3998],[127.01593,37.40014],[127.01569,37.40028],[127.01542,37.40026],[127.01514,37.40017],[127.01486,37.39985],[127.01403,37.39957],[127.01365,37.39958],[127.01347,37.39967],[127.01333,37.39986],[127.01375,37.4004],[127.01369,37.40069],[127.01387,37.40097],[127.01431,37.40141],[127.01458,37.40161],[127.01476,37.40181],[127.01488,37.40208],[127.01542,37.40244],[127.01625,37.40254],[127.01681,37.40277],[127.01736,37.40277],[127.01792,37.40286],[127.01817,37.40319],[127.01822,37.40347],[127.01847,37.40398],[127.01875,37.40407],[127.01903,37.40404],[127.01958,37.40417],[127.02014,37.40445],[127.02034,37.40458],[127.02048,37.40486],[127.02069,37.4051],[127.02097,37.40515],[127.02153,37.40512],[127.02208,37.40496],[127.02347,37.40445],[127.02431,37.40401],[127.02514,37.40398],[127.02542,37.40411],[127.02569,37.40412],[127.02625,37.40388],[127.02681,37.40372],[127.02708,37.4038],[127.02736,37.40395],[127.02792,37.4041],[127.02847,37.40412],[127.02875,37.40403],[127.02903,37.4042],[127.02913,37.40458],[127.02939,37.40486],[127.02943,37.40514],[127.02965,37.40569],[127.02981,37.40597],[127.03014,37.40624],[127.03042,37.40628],[127.03069,37.40617],[127.03097,37.40599],[127.03181,37.4058],[127.03207,37.40597],[127.03175,37.40653],[127.0317,37.40681],[127.03191,37.40708],[127.03238,37.40736],[127.03292,37.4079],[127.03319,37.40809],[127.03347,37.40813],[127.03354,37.40819],[127.03375,37.40843],[127.03375,37.40865],[127.03319,37.40851],[127.03236,37.40848],[127.03181,37.40824],[127.03042,37.4081],[127.02931,37.40789],[127.02875,37.40787],[127.02819,37.40772],[127.02764,37.40742],[127.02708,37.40728],[127.02681,37.40747],[127.02653,37.40747],[127.02597,37.40734],[127.02542,37.40734],[127.02486,37.40717],[127.02458,37.40716],[127.02431,37.40724],[127.02403,37.40748],[127.02375,37.40758],[127.02319,37.40766],[127.02292,37.408],[127.02269,37.40819],[127.02211,37.40847],[127.0222,37.40875],[127.02214,37.40931],[127.02181,37.40957],[127.02153,37.40957],[127.02097,37.4094],[127.02042,37.4093],[127.01986,37.40933],[127.01958,37.40949],[127.01942,37.40986],[127.01978,37.41014],[127.01985,37.41042],[127.01958,37.41075],[127.01903,37.41101],[127.01819,37.41119],[127.01764,37.4114],[127.01708,37.41138],[127.01681,37.41124],[127.01658,37.41097],[127.01649,37.41069],[127.01681,37.41042],[127.01694,37.41014],[127.01677,37.40958],[127.01635,37.40931],[127.01596,37.40875],[127.01571,37.40847],[127.01514,37.40849],[127.01486,37.40841],[127.01462,37.40847],[127.01462,37.40875],[127.0144,37.40903],[127.01431,37.40907],[127.01403,37.40904],[127.01375,37.40894],[127.01347,37.40901],[127.01319,37.40931],[127.01264,37.40931],[127.01236,37.40962],[127.01208,37.40969],[127.01125,37.40949],[127.01069,37.40946],[127.00958,37.40962],[127.00903,37.40951],[127.00874,37.40931],[127.00889,37.40903],[127.0089,37.40875],[127.00882,37.40847],[127.00875,37.40831],[127.0083,37.40792],[127.00836,37.40764],[127.00847,37.40756],[127.00935,37.40736],[127.00926,37.40708],[127.00903,37.40665],[127.00875,37.40665],[127.00736,37.40646],[127.00708,37.4065],[127.00653,37.40675],[127.00597,37.40723],[127.00569,37.4072],[127.00514,37.40703],[127.00458,37.407],[127.00431,37.40678],[127.00319,37.40642],[127.00296,37.40625],[127.00309,37.40597],[127.00292,37.40587],[127.00236,37.40585],[127.00208,37.40591],[127.00153,37.40588],[127.00125,37.40575],[127.00082,37.40514],[127.00014,37.40477],[126.99993,37.40458],[126.99986,37.40441],[126.99958,37.40436],[126.99931,37.40468],[126.99897,37.40486],[126.99893,37.40514],[126.99986,37.40526],[126.99996,37.40542],[126.99994,37.40597],[127.00014,37.40628],[127.00057,37.40653],[127.00062,37.40681],[127.00073,37.40708],[127.00074,37.40736],[127.0006,37.40764],[127.00035,37.40792],[127.00031,37.40819],[127.0005,37.40847],[127.00097,37.40866],[127.00125,37.40864],[127.00181,37.4085],[127.00236,37.40882],[127.00264,37.4088],[127.00347,37.40891],[127.00458,37.40938],[127.00535,37.40958],[127.00547,37.40986],[127.00518,37.41014],[127.00505,37.41042],[127.00532,37.41097],[127.00532,37.41125],[127.0057,37.41153],[127.00585,37.41208],[127.00577,37.41236],[127.00511,37.41264],[127.00492,37.41292],[127.00486,37.41321],[127.00458,37.41328],[127.00403,37.41317],[127.00347,37.4132],[127.00264,37.41299],[127.00236,37.41306],[127.00208,37.41321],[127.00181,37.41347],[127.00193,37.41375],[127.00208,37.41394],[127.00236,37.41405],[127.00319,37.41395],[127.0035,37.41403],[127.00386,37.41431],[127.00416,37.41486],[127.00479,37.41542],[127.00542,37.41555],[127.00569,37.41567],[127.00653,37.41553],[127.00681,37.41536],[127.00708,37.41527],[127.00736,37.41541],[127.00773,37.41542],[127.00792,37.41533],[127.00819,37.41503],[127.00847,37.41484],[127.00875,37.41483],[127.00931,37.41497],[127.00956,37.41514],[127.01003,37.41569],[127.00974,37.41597],[127.00921,37.41625],[127.00872,37.41681],[127.00855,37.41708],[127.00851,37.41736],[127.00875,37.4174],[127.00931,37.41732],[127.01024,37.41764],[127.01041,37.41792],[127.01031,37.41819],[127.01003,37.41847],[127.00997,37.41875],[127.01014,37.41889],[127.0106,37.41903],[127.01097,37.41926],[127.01153,37.4192],[127.01173,37.41931],[127.01202,37.41986],[127.01236,37.42011],[127.01319,37.42012],[127.01375,37.41992],[127.01431,37.41991],[127.01458,37.41975],[127.01477,37.41958],[127.01486,37.4192],[127.01514,37.41901],[127.01542,37.41906],[127.01567,37.41931],[127.01597,37.41939],[127.01647,37.41931],[127.01654,37.41903],[127.01636,37.41875],[127.01649,37.41847],[127.0168,37.41819],[127.01653,37.41802],[127.01605,37.41792],[127.01597,37.41785],[127.0157,37.41736],[127.01597,37.41722],[127.01653,37.41705],[127.01708,37.41682],[127.01736,37.41663],[127.01767,37.41653],[127.01772,37.41625],[127.01764,37.41597],[127.01768,37.41569],[127.01846,37.41542],[127.01875,37.41517],[127.01903,37.41506],[127.01986,37.41507],[127.02042,37.41488],[127.02069,37.41463],[127.02153,37.41483],[127.02208,37.41521],[127.02236,37.41525],[127.02264,37.4152],[127.02292,37.41527],[127.02319,37.41557],[127.02347,37.41575],[127.02403,37.41586],[127.02431,37.41601],[127.02445,37.41625],[127.02445,37.41653],[127.02458,37.41663],[127.02514,37.41679],[127.02569,37.41669],[127.02595,37.41681],[127.02611,37.41708],[127.02625,37.41722],[127.02649,37.41736],[127.02681,37.41765],[127.02708,37.41769],[127.02757,37.41764],[127.02792,37.41743],[127.02819,37.41732],[127.02847,37.41724],[127.02875,37.41722],[127.03014,37.4173],[127.03097,37.41722],[127.03134,37.41736],[127.03115,37.41764],[127.03115,37.41792],[127.03097,37.41804],[127.03069,37.41806],[127.03048,37.41819],[127.03078,37.41847],[127.03042,37.41888],[127.03008,37.41903],[127.02958,37.41914],[127.02903,37.41893],[127.02875,37.41893],[127.02819,37.41903],[127.02744,37.41958],[127.02708,37.4201],[127.02644,37.42042],[127.02625,37.42058],[127.02611,37.42097],[127.02608,37.42125],[127.02625,37.42139],[127.02653,37.42142],[127.02708,37.42136],[127.02819,37.42149],[127.02903,37.42153],[127.02938,37.42181],[127.02933,37.42208],[127.02942,37.42236],[127.02975,37.42264],[127.02975,37.42292],[127.02982,37.42319],[127.02958,37.42325],[127.02925,37.42347],[127.02847,37.42377],[127.02836,37.42403],[127.02876,37.42431],[127.02869,37.42458],[127.02868,37.42486],[127.02847,37.42497],[127.02792,37.42495],[127.02736,37.42481],[127.02708,37.42479],[127.02582,37.42486],[127.02597,37.42494],[127.02611,37.42514],[127.02683,37.42542],[127.02705,37.42569],[127.02625,37.42609],[127.02597,37.42643],[127.02569,37.42669],[127.02489,37.42681],[127.02468,37.42708],[127.02486,37.42724],[127.02514,37.42736],[127.02542,37.4277],[127.02625,37.42774],[127.02681,37.42763],[127.02764,37.42772],[127.02792,37.4277],[127.02847,37.42749],[127.02875,37.42748],[127.02909,37.42792],[127.02819,37.42852],[127.02736,37.42896],[127.02717,37.42931],[127.02653,37.42973],[127.0264,37.42986],[127.02638,37.43014],[127.02648,37.43042],[127.02597,37.43081],[127.02567,37.43097],[127.02562,37.43125],[127.02597,37.43134],[127.02653,37.43123],[127.02736,37.43127],[127.02805,37.43097],[127.02847,37.4306],[127.02875,37.43066],[127.02903,37.43083],[127.02931,37.43092],[127.02986,37.43141],[127.03014,37.43151],[127.03042,37.43149],[127.03125,37.43099],[127.03153,37.43089],[127.03181,37.43082],[127.03236,37.43082],[127.03264,37.43092],[127.03265,37.43097],[127.03246,37.43153],[127.03219,37.43181],[127.03214,37.43208],[127.03236,37.43223],[127.03276,37.43236],[127.03319,37.43281],[127.03347,37.43302],[127.0341,37.43319],[127.03431,37.43341],[127.03437,37.43375],[127.03428,37.43403],[127.0339,37.43431],[127.03398,37.43458],[127.03446,37.43486],[127.03458,37.43498],[127.03502,37.43514],[127.03431,37.43537],[127.03375,37.43522],[127.03347,37.43523],[127.0326,37.43542],[127.03232,37.43597],[127.03209,37.43625],[127.03125,37.43691],[127.03079,37.43764],[127.03076,37.43792],[127.03086,37.43819],[127.03096,37.43875],[127.03083,37.43931],[127.03099,37.43958],[127.03104,37.43986],[127.03098,37.44014],[127.03111,37.44042],[127.03116,37.44069],[127.03069,37.44102],[127.02986,37.44115],[127.02973,37.44125],[127.02987,37.44181],[127.02998,37.44208],[127.03014,37.44226],[127.0307,37.44264],[127.03153,37.44282],[127.03168,37.44292],[127.03154,37.44347],[127.03126,37.44375],[127.03134,37.44486],[127.03122,37.44542],[127.03136,37.44569],[127.03176,37.44597],[127.03208,37.44633],[127.03264,37.44627],[127.03319,37.44635],[127.03379,37.44625],[127.03403,37.44614],[127.03422,37.44597],[127.03443,37.44569],[127.03542,37.4447],[127.03569,37.44468],[127.03597,37.44473],[127.03633,37.44486],[127.03681,37.44514],[127.03715,37.44542],[127.03735,37.44569],[127.03732,37.44597],[127.03696,37.44625],[127.03696,37.44653],[127.03704,37.44681],[127.03736,37.44687],[127.03764,37.44679],[127.03819,37.44655],[127.03853,37.44653],[127.03875,37.44632],[127.03876,37.44597],[127.03898,37.44514],[127.03896,37.44486],[127.03914,37.44431],[127.03944,37.44403],[127.03909,37.44319],[127.03919,37.44292],[127.03958,37.44225],[127.03986,37.44215],[127.04069,37.44254],[127.04097,37.4425],[127.04125,37.44229],[127.04153,37.44198],[127.04181,37.44184],[127.04208,37.44183],[127.04264,37.44212],[127.04319,37.44266],[127.04347,37.44275],[127.04375,37.4428],[127.04403,37.44277],[127.04431,37.44268],[127.04458,37.44271],[127.04486,37.44283],[127.04514,37.4428],[127.04542,37.44271],[127.04625,37.44275],[127.04677,37.44292],[127.04708,37.4432],[127.04736,37.44354],[127.04792,37.44371],[127.04819,37.44373],[127.04847,37.44357],[127.04903,37.44335],[127.04921,37.44319],[127.04986,37.44208],[127.04944,37.44153],[127.04904,37.44125],[127.04847,37.44097],[127.04763,37.44042],[127.04756,37.44014],[127.04761,37.43986],[127.04731,37.43931],[127.04736,37.43918],[127.04751,37.43903],[127.04764,37.43894],[127.04847,37.43923],[127.04875,37.43927],[127.04986,37.43914],[127.05069,37.43936],[127.05125,37.4393],[127.05181,37.4394],[127.05264,37.43944],[127.05319,37.43933],[127.05347,37.43933],[127.05403,37.43921],[127.05458,37.43926],[127.05486,37.43913],[127.05542,37.43876],[127.05597,37.43854],[127.0563,37.43847],[127.05631,37.43819],[127.05601,37.43792],[127.056,37.43764],[127.05613,37.43736],[127.05608,37.43708],[127.0567,37.43681],[127.05671,37.43653],[127.05659,37.43569],[127.05642,37.43542],[127.05641,37.43514],[127.05653,37.43502],[127.05735,37.43486],[127.05737,37.43431],[127.05721,37.43403],[127.05681,37.43384],[127.05569,37.43381],[127.05559,37.43375],[127.05569,37.43347],[127.05597,37.43312],[127.05623,37.43292],[127.05726,37.43264],[127.05764,37.43241],[127.05792,37.43234],[127.05875,37.43238],[127.05986,37.43197],[127.06042,37.43185],[127.06097,37.43187],[127.06181,37.43205],[127.06208,37.43202],[127.06236,37.4319],[127.06246,37.43181],[127.06292,37.43111],[127.06309,37.43097],[127.06375,37.43088],[127.06412,37.43069],[127.06431,37.43056],[127.06458,37.43026],[127.06514,37.42994],[127.06542,37.42971],[127.06569,37.42958],[127.06596,37.42931],[127.06608,37.42903],[127.06627,37.42875],[127.06597,37.42851],[127.06569,37.4285],[127.06514,37.42867],[127.06486,37.42867],[127.06458,37.42855],[127.06431,37.42849],[127.06319,37.42843],[127.06264,37.42825],[127.06208,37.42823],[127.06181,37.42828],[127.06153,37.4282],[127.06125,37.42831],[127.06114,37.42847],[127.06097,37.42859],[127.06069,37.42861],[127.06042,37.42853],[127.05974,37.42819],[127.05907,37.42764],[127.05873,37.42708],[127.05819,37.42667],[127.05778,37.42653],[127.05781,37.42625],[127.05842,37.42597],[127.05865,37.42569],[127.05877,37.42542],[127.05819,37.42474],[127.05708,37.42434],[127.05705,37.42431],[127.05708,37.42401],[127.05792,37.42405],[127.05847,37.42421],[127.05875,37.42439],[127.05903,37.42448],[127.05921,37.42458],[127.05949,37.42486],[127.05975,37.42542],[127.06,37.42569],[127.06069,37.42593],[127.06153,37.42586],[127.06181,37.42574],[127.06208,37.42549],[127.06263,37.42514],[127.06275,37.42486],[127.06262,37.42431],[127.06236,37.42402],[127.06221,37.42375],[127.06217,37.42347],[127.06208,37.42336],[127.06124,37.42292],[127.06058,37.42264],[127.06014,37.42259],[127.05958,37.4226],[127.05887,37.42236],[127.05875,37.42227],[127.05851,37.42181],[127.05848,37.42153],[127.05864,37.42125],[127.05875,37.42062],[127.05958,37.42045],[127.05986,37.42029],[127.06014,37.4203],[127.06042,37.42036],[127.06069,37.42051],[127.06153,37.4207],[127.06181,37.42061],[127.06208,37.42046],[127.06236,37.42045],[127.06292,37.4207],[127.06347,37.42066],[127.06375,37.42071],[127.06458,37.42133],[127.06514,37.42139],[127.06533,37.42153],[127.06542,37.42198],[127.06551,37.42208],[127.06532,37.42236],[127.06597,37.42258],[127.06653,37.42303],[127.06708,37.42335],[127.06847,37.42384],[127.06903,37.42395],[127.07014,37.42386],[127.07028,37.42375],[127.07044,37.42347],[127.07069,37.42327],[127.07125,37.42326],[127.0713,37.42319],[127.07181,37.4229],[127.07208,37.42291],[127.07234,37.42264],[127.0727,37.42236],[127.07292,37.42208],[127.07141,37.42153],[127.07168,37.42125],[127.07181,37.42104],[127.07184,37.42097],[127.07175,37.42069],[127.07208,37.42029],[127.07236,37.42014],[127.07319,37.41997],[127.07342,37.41986],[127.07307,37.41958],[127.07125,37.4193],[127.07073,37.41903],[127.07053,37.41875],[127.07014,37.41843],[127.06931,37.41804],[127.06902,37.41764],[127.06918,37.41736],[127.06958,37.41698],[127.06986,37.41695],[127.07042,37.41703],[127.07153,37.41704],[127.07236,37.41691],[127.07292,37.41694],[127.07403,37.41686],[127.07431,37.41685],[127.07486,37.41694],[127.07514,37.41689],[127.07523,37.41681],[127.07511,37.41625],[127.07432,37.41569],[127.07399,37.41542],[127.07382,37.41514],[127.07337,37.41403],[127.07371,37.41319],[127.07405,37.41292],[127.07397,37.41264],[127.07383,37.41236],[127.07379,37.41208],[127.07403,37.41197],[127.07458,37.41199],[127.07502,37.41181],[127.07494,37.41153],[127.0747,37.41125],[127.07463,37.41097],[127.07433,37.41069],[127.07403,37.41061],[127.07342,37.41069],[127.07327,37.41097],[127.07311,37.41153],[127.07257,37.41208],[127.07099,37.41264],[127.07042,37.41316],[127.06903,37.41319],[127.06875,37.41314],[127.06812,37.41264],[127.06792,37.41239],[127.06759,37.41181],[127.0675,37.41153],[127.06736,37.41133],[127.06725,37.41125],[127.06708,37.41119],[127.06653,37.41122],[127.06625,37.41115],[127.06569,37.41082],[127.06486,37.41051],[127.06458,37.41045],[127.06347,37.41038],[127.06292,37.41019],[127.06236,37.41009],[127.06208,37.40996],[127.06197,37.40986],[127.06192,37.40958],[127.06211,37.40931],[127.0622,37.40903],[127.0627,37.40847],[127.06253,37.40819],[127.06208,37.4079],[127.06181,37.40779],[127.06153,37.40777],[127.06042,37.40795],[127.05903,37.40791],[127.05819,37.40797],[127.05764,37.40783],[127.05708,37.40779],[127.05672,37.40764],[127.05625,37.40733],[127.05597,37.40728],[127.05542,37.40738],[127.05514,37.40718],[127.05493,37.40708],[127.05542,37.40686],[127.05597,37.40667],[127.05653,37.40669],[127.05708,37.40654],[127.05736,37.40658],[127.05764,37.40637],[127.05819,37.40645],[127.05847,37.40645],[127.05875,37.40639],[127.05931,37.40623],[127.05986,37.40577],[127.06014,37.40586],[127.06069,37.40577],[127.06097,37.40583],[127.06236,37.40565],[127.06292,37.40563],[127.06347,37.40552],[127.06403,37.40557],[127.06431,37.40545],[127.06542,37.40547],[127.06625,37.40538],[127.06681,37.40544],[127.06736,37.40529],[127.06792,37.40501],[127.06847,37.40492],[127.06931,37.4049],[127.06958,37.40494],[127.06995,37.40486],[127.07013,37.40458],[127.0697,37.40403],[127.06978,37.40375],[127.07005,37.40319],[127.06974,37.40292],[127.06875,37.40229],[127.06819,37.4022],[127.06792,37.4022],[127.06736,37.40241],[127.06708,37.40261],[127.06681,37.40251],[127.06671,37.40208],[127.06703,37.40181],[127.06704,37.40153],[127.06708,37.40146],[127.06764,37.40107],[127.0677,37.40097],[127.06763,37.40069],[127.0677,37.40042],[127.06792,37.40027],[127.06819,37.40013],[127.06847,37.40009],[127.06875,37.4002],[127.06931,37.4007],[127.06958,37.40061],[127.0697,37.40042],[127.06962,37.40014],[127.06916,37.39986],[127.06896,37.39958],[127.06903,37.39937],[127.06926,37.39903],[127.06938,37.39875],[127.06995,37.39819],[127.07005,37.39792],[127.06986,37.39764],[127.06958,37.39745],[127.06931,37.39736],[127.0692,37.39708],[127.06875,37.39651],[127.06764,37.39608],[127.06736,37.39602],[127.06708,37.39603],[127.06625,37.3962],[127.06569,37.39641],[127.06514,37.39644],[127.06431,37.39631],[127.06375,37.39637],[127.06347,37.39627],[127.0631,37.39597],[127.06236,37.39595],[127.06181,37.39603],[127.06125,37.39623],[127.06069,37.39681],[127.06042,37.39683],[127.05986,37.39671],[127.05903,37.39667],[127.05875,37.39671],[127.05847,37.39664],[127.05819,37.39649],[127.05792,37.39648],[127.05708,37.39659],[127.05653,37.39672],[127.05597,37.39691],[127.05569,37.39707],[127.05542,37.39711],[127.05486,37.39688],[127.05458,37.39686],[127.05375,37.39697],[127.05292,37.39699],[127.05263,37.39708],[127.05236,37.39731],[127.05208,37.39721],[127.05194,37.39708],[127.05153,37.39693],[127.05069,37.3969],[127.05039,37.39708],[127.0503,37.39764],[127.05014,37.39775],[127.04989,37.39736],[127.04958,37.39723],[127.04903,37.3973],[127.04876,37.39708],[127.04872,37.39681],[127.04847,37.39653],[127.04792,37.39637],[127.04681,37.39622],[127.04625,37.39625],[127.04569,37.39621],[127.04542,37.39618],[127.04486,37.39598],[127.04292,37.3957],[127.04236,37.3958],[127.04132,37.39625],[127.04125,37.39632],[127.04097,37.39629],[127.0409,37.39597],[127.04094,37.39569],[127.04069,37.39552],[127.04042,37.39542],[127.04014,37.3954],[127.03986,37.39527],[127.03975,37.39514],[127.03995,37.39458],[127.03988,37.39431],[127.03991,37.39403],[127.04014,37.39347],[127.04038,37.39319],[127.04069,37.39313],[127.04108,37.39292],[127.04208,37.39251],[127.04292,37.39243],[127.04319,37.39236],[127.04347,37.39222],[127.04431,37.39199],[127.04458,37.39199],[127.04486,37.39191],[127.04514,37.3917],[127.04542,37.39158],[127.04569,37.39155],[127.04588,37.39125],[127.04597,37.39094],[127.04653,37.39065],[127.04681,37.39068],[127.04708,37.3909],[127.04736,37.39103],[127.04764,37.39095],[127.04777,37.39069],[127.04782,37.39042],[127.04792,37.39031],[127.04825,37.39014],[127.04831,37.38986],[127.04783,37.38931],[127.04778,37.38903],[127.04792,37.38878],[127.04875,37.38886],[127.04905,37.38875],[127.04896,37.38847],[127.04874,37.38819],[127.04861,37.38792],[127.04875,37.38785],[127.04931,37.38781],[127.05014,37.38824],[127.05042,37.38822],[127.05069,37.38797],[127.05097,37.38798],[127.05125,37.38807],[127.05208,37.38784],[127.05236,37.38762],[127.05264,37.38763],[127.05273,37.38792],[127.05292,37.38817],[127.05319,37.38846],[127.05347,37.38856],[127.05403,37.38859],[127.05458,37.3887],[127.05486,37.38867],[127.05542,37.3885],[127.05545,37.38847],[127.05534,37.38819],[127.05486,37.38776],[127.05403,37.38736],[127.05331,37.38681],[127.05292,37.38632],[127.05279,37.38625],[127.05287,37.38597],[127.05319,37.38598],[127.05375,37.38628],[127.05431,37.38626],[127.05486,37.3862],[127.05542,37.38608],[127.05569,37.38611],[127.05597,37.38606],[127.05625,37.38595],[127.05665,37.38569],[127.05697,37.38514],[127.05708,37.38503],[127.05744,37.38486],[127.05792,37.38441],[127.05819,37.38461],[127.05857,37.38514],[127.05875,37.38582],[127.05903,37.38592],[127.05931,37.3858],[127.05958,37.38577],[127.05986,37.38577],[127.06042,37.38588],[127.06097,37.3859],[127.06106,37.38597],[127.06113,37.38625],[127.06125,37.38639],[127.06153,37.38642],[127.06184,37.38625],[127.06195,37.38597],[127.06197,37.38569],[127.06208,37.38558],[127.06236,37.38554],[127.06258,37.38569],[127.06274,37.38597],[127.06281,37.38625],[127.06292,37.38633],[127.06347,37.38639],[127.06403,37.38676],[127.06431,37.38678],[127.06458,37.38646],[127.06489,37.38625],[127.06479,37.38597],[127.06486,37.3859],[127.06625,37.38549],[127.06681,37.38542],[127.06705,37.38514],[127.0666,37.38486],[127.06597,37.38466],[127.06514,37.38427],[127.06458,37.38417],[127.06426,37.38403],[127.06419,37.38375],[127.0643,37.38347],[127.0645,37.38319],[127.06458,37.38281],[127.06483,37.38264],[127.06542,37.38262],[127.06597,37.38288],[127.06625,37.38295],[127.06653,37.38293],[127.06681,37.38277],[127.06708,37.38279],[127.06736,37.38291],[127.06764,37.38289],[127.06783,37.38264],[127.0678,37.38236],[127.06792,37.38217],[127.06819,37.3821],[127.06847,37.38209],[127.06903,37.3822],[127.06931,37.3822],[127.06958,37.38203],[127.06975,37.38181],[127.06977,37.38153],[127.07042,37.38113],[127.07069,37.38119],[127.07097,37.38118],[127.07125,37.38106],[127.07149,37.38069],[127.07208,37.38043],[127.07251,37.38014],[127.0726,37.37986],[127.07288,37.37958],[127.073,37.37931],[127.07301,37.37903],[127.0734,37.37847],[127.07347,37.37841],[127.0741,37.37819],[127.0743,37.37792],[127.0741,37.37764],[127.07396,37.37736],[127.07419,37.37708],[127.07415,37.37681],[127.07431,37.37658],[127.07458,37.37652],[127.07493,37.37653],[127.07507,37.37625],[127.07514,37.37596],[127.07542,37.37564],[127.07569,37.37597],[127.07625,37.37588],[127.07681,37.37608],[127.07708,37.3761],[127.07758,37.37653],[127.07764,37.37668],[127.07792,37.37656],[127.07804,37.37681],[127.0783,37.37708],[127.07875,37.37742],[127.07903,37.37749],[127.07931,37.37723],[127.07958,37.37715],[127.07986,37.37714],[127.08014,37.37727],[127.08042,37.37726],[127.08097,37.37705],[127.08125,37.37722],[127.08163,37.37764],[127.08203,37.37792],[127.08236,37.37827],[127.08264,37.37846],[127.08292,37.37852],[127.08347,37.37847],[127.08386,37.37875],[127.08458,37.37907],[127.08542,37.37906],[127.0855,37.37903],[127.08619,37.37847],[127.08631,37.37819],[127.08634,37.37792],[127.08681,37.3777],[127.08722,37.37736],[127.08764,37.37718],[127.08792,37.37724],[127.08819,37.37751],[127.08847,37.37754],[127.08875,37.37746],[127.08903,37.37745],[127.08931,37.37753],[127.08958,37.37742],[127.08958,37.37734],[127.08931,37.37721],[127.08893,37.37681],[127.08819,37.37647],[127.08781,37.37625],[127.08752,37.37597],[127.08749,37.37569],[127.08705,37.37514],[127.08732,37.37486],[127.08757,37.37431],[127.08792,37.37375],[127.08803,37.37319],[127.08787,37.37292],[127.08708,37.37264],[127.08681,37.37216],[127.08637,37.37181],[127.08625,37.37164],[127.08597,37.37162],[127.08575,37.37181],[127.08486,37.37234],[127.08458,37.37266],[127.08389,37.37236],[127.08376,37.37208],[127.08332,37.37153],[127.0833,37.37125],[127.08322,37.37097],[127.083,37.37042],[127.08279,37.37014],[127.08251,37.36931],[127.08185,37.36875],[127.08191,37.36847],[127.08221,37.36819],[127.08264,37.36797],[127.08319,37.36784],[127.08378,37.36764],[127.08383,37.36736],[127.08347,37.36702],[127.08319,37.36686],[127.08292,37.36682],[127.08236,37.36686],[127.08153,37.36668],[127.08069,37.36668],[127.08014,37.36661],[127.07903,37.36671],[127.07859,37.36653],[127.07852,37.36625],[127.07875,37.3661],[127.0792,37.36597],[127.07958,37.36556],[127.07986,37.36537],[127.08014,37.36527],[127.08042,37.36537],[127.08069,37.36538],[127.08181,37.36505],[127.08236,37.36469],[127.08245,37.36458],[127.08251,37.36431],[127.08264,37.36409],[127.08292,37.36391],[127.08319,37.36383],[127.08375,37.36401],[127.08403,37.36403],[127.08486,37.36393],[127.08514,37.36377],[127.08471,37.36319],[127.08475,37.36292],[127.08486,37.36274],[127.08505,37.36264],[127.08542,37.36258],[127.08569,37.36247],[127.08604,37.36208],[127.08681,37.36185],[127.08733,37.36153],[127.0875,37.36125],[127.08764,37.36087],[127.0878,37.36069],[127.08819,37.3604],[127.0888,37.36014]]}},{"type":"Feature","properties":{"elev":200,"idx":1},"geometry":{"type":"LineString","coordinates":[[127.07407,37.36014],[127.07418,37.36042],[127.07373,37.36125],[127.07389,37.36181],[127.07431,37.36209],[127.07458,37.36219],[127.07486,37.36196],[127.07514,37.36208],[127.07556,37.36292],[127.07569,37.36297],[127.07619,37.36292],[127.0762,37.36264],[127.07654,37.36208],[127.07647,37.36181],[127.07657,37.36153],[127.07582,37.36097],[127.07581,37.36069],[127.07593,37.36042],[127.07569,37.36026],[127.07521,37.36014]]}},{"type":"Feature","properties":{"elev":200,"idx":1},"geometry":{"type":"LineString","coordinates":[[127.08475,37.36014],[127.08403,37.36055],[127.08358,37.36069],[127.08347,37.36081],[127.08329,37.36125],[127.08326,37.36153],[127.08315,37.36181],[127.08292,37.36197],[127.08197,37.36236],[127.08125,37.36293],[127.08097,37.36307],[127.08069,37.36288],[127.07986,37.36259],[127.07958,37.3626],[127.07931,37.36271],[127.07884,37.36319],[127.07868,37.36375],[127.07848,37.36403],[127.07819,37.36429],[127.07762,37.36431],[127.07736,37.36444],[127.07687,37.36486],[127.0769,37.36514],[127.07714,37.36542],[127.07708,37.36546],[127.07625,37.36573],[127.07542,37.36574],[127.07514,37.3658],[127.07488,37.36597],[127.0752,37.36625],[127.07534,37.36653],[127.0754,37.36681],[127.07555,37.36708],[127.07569,37.36724],[127.07597,37.36736],[127.07609,37.36764],[127.07625,37.3678],[127.07653,37.36792],[127.07746,37.36875],[127.07759,37.36903],[127.07704,37.36931],[127.07654,37.36986],[127.07625,37.37002],[127.0758,37.37042],[127.0757,37.37069],[127.07575,37.37097],[127.07585,37.37125],[127.07625,37.37139],[127.07642,37.37153],[127.07656,37.37181],[127.07673,37.37236],[127.07688,37.37264],[127.07703,37.37319],[127.07681,37.37348],[127.07669,37.37375],[127.07641,37.37403],[127.07625,37.37431],[127.07598,37.37458],[127.07557,37.37486],[127.07554,37.37514],[127.07542,37.37526],[127.07534,37.37514],[127.07486,37.37494],[127.07403,37.37431],[127.0737,37.37403],[127.07347,37.37375],[127.07319,37.37366],[127.07292,37.37368],[127.07264,37.3738],[127.0724,37.37403],[127.07234,37.37431],[127.07246,37.37486],[127.07261,37.37514],[127.07299,37.37542],[127.0731,37.37569],[127.07339,37.37597],[127.0732,37.37625],[127.07315,37.37653],[127.07292,37.37697],[127.07264,37.37687],[127.07236,37.37661],[127.07208,37.37658],[127.07125,37.37678],[127.07097,37.37667],[127.07042,37.37609],[127.07014,37.37605],[127.06986,37.37615],[127.06958,37.37632],[127.06923,37.37681],[127.06903,37.37692],[127.06847,37.37703],[127.06792,37.37731],[127.06764,37.37735],[127.06739,37.37708],[127.06734,37.37653],[127.06744,37.37569],[127.06736,37.37549],[127.06708,37.37552],[127.0667,37.37569],[127.06633,37.37625],[127.06597,37.37662],[127.06569,37.37683],[127.06563,37.37681],[127.0653,37.37625],[127.06501,37.37597],[127.06502,37.37569],[127.06483,37.37542],[127.06523,37.37486],[127.06514,37.37464],[127.06486,37.3745],[127.06458,37.37445],[127.06292,37.37438],[127.06291,37.37403],[127.063,37.37375],[127.06285,37.37347],[127.0626,37.37319],[127.06264,37.37309],[127.06281,37.37292],[127.06322,37.37264],[127.06318,37.37208],[127.06347,37.37153],[127.06403,37.37145],[127.06431,37.37129],[127.06425,37.37097],[127.06434,37.37069],[127.06431,37.37059],[127.06403,37.37053],[127.06375,37.37063],[127.06326,37.37097],[127.06315,37.37125],[127.06292,37.37149],[127.06207,37.37181],[127.06153,37.37212],[127.06125,37.3722],[127.06088,37.37208],[127.06093,37.37181],[127.06126,37.37153],[127.06097,37.3713],[127.06069,37.37128],[127.06042,37.37097],[127.06014,37.37083],[127.06,37.37069],[127.05995,37.37042],[127.06025,37.37014],[127.0602,37.36986],[127.05958,37.36984],[127.05948,37.36958],[127.05986,37.3693],[127.06,37.36903],[127.05998,37.36875],[127.05986,37.36866],[127.05931,37.36847],[127.05903,37.36829],[127.05875,37.36819],[127.05866,37.36792],[127.05872,37.36764],[127.05903,37.36747],[127.05913,37.36736],[127.05901,37.36708],[127.05852,37.36681],[127.0583,37.36653],[127.05836,37.36625],[127.05847,37.36617],[127.05875,37.36601],[127.05931,37.36581],[127.05946,37.36569],[127.05938,37.36542],[127.05903,37.36533],[127.05819,37.36528],[127.05792,37.36534],[127.05764,37.3653],[127.05743,37.36542],[127.05736,37.3655],[127.05732,37.36597],[127.05723,37.36625],[127.05698,37.36653],[127.05738,37.36681],[127.05741,37.36708],[127.05721,37.36764],[127.057,37.36792],[127.05716,37.36819],[127.05715,37.36847],[127.05723,37.36875],[127.05767,37.36958],[127.05764,37.36965],[127.05746,37.36986],[127.05708,37.37017],[127.05681,37.37031],[127.05653,37.37033],[127.05625,37.37033],[127.05597,37.37022],[127.05587,37.37014],[127.05569,37.3697],[127.05542,37.36964],[127.05514,37.36976],[127.05486,37.36936],[127.05458,37.36934],[127.05435,37.36958],[127.05458,37.36977],[127.0548,37.36986],[127.0546,37.37042],[127.0546,37.37069],[127.05477,37.37097],[127.05514,37.37117],[127.05554,37.37125],[127.05571,37.37153],[127.0556,37.37181],[127.05569,37.37211],[127.05609,37.37236],[127.05639,37.37264],[127.05686,37.37292],[127.05699,37.37319],[127.0568,37.37347],[127.05701,37.37375],[127.05764,37.37421],[127.05786,37.37431],[127.05771,37.37458],[127.05696,37.37486],[127.05665,37.37514],[127.05597,37.37523],[127.05572,37.37542],[127.05534,37.37597],[127.05514,37.37613],[127.05486,37.37612],[127.05457,37.37597],[127.05346,37.37514],[127.05325,37.37431],[127.05287,37.37403],[127.05236,37.37376],[127.05208,37.37378],[127.05125,37.37403],[127.05078,37.37431],[127.05066,37.37458],[127.05055,37.37514],[127.05014,37.37557],[127.04986,37.37563],[127.04958,37.37555],[127.04931,37.37531],[127.04903,37.37528],[127.04828,37.37542],[127.04819,37.37551],[127.04812,37.37569],[127.04827,37.37597],[127.04802,37.37653],[127.04799,37.37708],[127.04803,37.37736],[127.04819,37.37781],[127.04847,37.37819],[127.04875,37.37829],[127.04895,37.37847],[127.04896,37.37875],[127.04889,37.37903],[127.04905,37.37931],[127.04893,37.37958],[127.04914,37.37986],[127.04955,37.38014],[127.04959,37.38042],[127.0497,37.38069],[127.05065,37.38125],[127.05042,37.38146],[127.0502,37.38153],[127.04986,37.38159],[127.04903,37.38163],[127.04847,37.38179],[127.04817,37.38208],[127.04804,37.38319],[127.04793,37.38347],[127.04796,37.38458],[127.04807,37.38486],[127.04851,37.38514],[127.04871,37.38542],[127.04877,37.38569],[127.04819,37.38576],[127.04764,37.38554],[127.04708,37.38516],[127.04695,37.38486],[127.04681,37.38469],[127.04663,37.38458],[127.04658,37.38431],[127.04681,37.38426],[127.04712,37.38375],[127.04681,37.3836],[127.04632,37.38347],[127.04653,37.38331],[127.04656,37.38292],[127.04625,37.3826],[127.04593,37.38236],[127.04514,37.38223],[127.04457,37.38181],[127.04431,37.38174],[127.04375,37.38174],[127.04347,37.38181],[127.04319,37.382],[127.04264,37.38284],[127.04208,37.38313],[127.04153,37.38317],[127.04141,37.38264],[127.04137,37.38208],[127.04186,37.38181],[127.04208,37.38143],[127.0425,37.38097],[127.04266,37.38069],[127.04252,37.38042],[127.04215,37.38014],[127.04236,37.37993],[127.04264,37.3798],[127.04292,37.37948],[127.04319,37.37936],[127.04347,37.3794],[127.04403,37.37966],[127.04431,37.37973],[127.04458,37.37968],[127.04489,37.37931],[127.04426,37.37903],[127.04411,37.37875],[127.04412,37.37847],[127.04403,37.37829],[127.04375,37.37831],[127.04347,37.37841],[127.04319,37.37871],[127.04264,37.37882],[127.04236,37.37876],[127.04208,37.37863],[127.04171,37.37819],[127.04189,37.37764],[127.04163,37.37736],[127.04147,37.37708],[127.0414,37.37653],[127.04153,37.37636],[127.04208,37.37632],[127.04264,37.37662],[127.04292,37.37668],[127.04319,37.37669],[127.0434,37.37653],[127.04359,37.37597],[127.04292,37.37569],[127.04327,37.37542],[127.04382,37.37458],[127.04347,37.37443],[127.04301,37.37431],[127.04319,37.37421],[127.04347,37.37415],[127.04359,37.37403],[127.0433,37.37375],[127.04344,37.37347],[127.04331,37.37319],[127.04407,37.37292],[127.04438,37.37264],[127.04448,37.37236],[127.04347,37.37207],[127.04311,37.37181],[127.04375,37.3716],[127.04429,37.37153],[127.04458,37.37134],[127.04514,37.37123],[127.04585,37.37097],[127.04597,37.37076],[127.04597,37.37068],[127.04514,37.37057],[127.04458,37.37042],[127.04347,37.37022],[127.04292,37.37027],[127.04264,37.37023],[127.04208,37.37031],[127.04181,37.37038],[127.04125,37.37063],[127.04086,37.37069],[127.04069,37.37081],[127.04042,37.37119],[127.03931,37.3708],[127.03903,37.37082],[127.03847,37.37109],[127.03819,37.37112],[127.03792,37.37108],[127.0378,37.37125],[127.03764,37.37137],[127.03708,37.37152],[127.03653,37.37153],[127.03619,37.37125],[127.03597,37.3712],[127.03569,37.37122],[127.03486,37.37148],[127.03458,37.37164],[127.03403,37.37184],[127.03375,37.3719],[127.03319,37.37171],[127.03264,37.37164],[127.03231,37.37153],[127.03264,37.37142],[127.03292,37.37122],[127.03375,37.3708],[127.03408,37.37042],[127.03407,37.37014],[127.03431,37.37001],[127.03458,37.36997],[127.03514,37.36977],[127.03597,37.36982],[127.03681,37.36947],[127.03708,37.36949],[127.03736,37.36936],[127.03774,37.36903],[127.03816,37.36875],[127.03819,37.36868],[127.03847,37.36851],[127.03903,37.3686],[127.03958,37.36844],[127.04014,37.36839],[127.04042,37.36827],[127.04046,37.36819],[127.04042,37.36764],[127.04035,37.36736],[127.0406,37.36708],[127.04069,37.36705],[127.04125,37.36701],[127.04153,37.36692],[127.04236,37.36707],[127.04292,37.36709],[127.04347,37.36704],[127.04403,37.36712],[127.04431,37.36707],[127.04503,37.36681],[127.04492,37.36653],[127.04431,37.36643],[127.04406,37.36625],[127.0441,37.36597],[127.04395,37.36569],[127.04395,37.36542],[127.04347,37.36491],[127.04338,37.36486],[127.04375,37.36473],[127.04403,37.36474],[127.04428,37.36486],[127.04486,37.36501],[127.04514,37.36503],[127.04569,37.36492],[127.04597,37.36507],[127.04625,37.36513],[127.04653,37.36511],[127.04681,37.365],[127.04708,37.36454],[127.04736,37.36449],[127.04792,37.36449],[127.04819,37.36418],[127.04847,37.36402],[127.04871,37.36375],[127.04862,37.36347],[127.04838,37.36319],[127.04847,37.36306],[127.0491,37.36264],[127.04897,37.36236],[127.04897,37.36181],[127.04891,37.36153],[127.04847,37.36111],[127.04792,37.36115],[127.04764,37.36132],[127.04736,37.36138],[127.04681,37.36135],[127.04625,37.36122],[127.04597,37.36135],[127.04514,37.36221],[127.04458,37.36255],[127.04416,37.36292],[127.0437,37.36319],[127.04319,37.36333],[127.04208,37.36327],[127.04182,37.36319],[127.04153,37.36287],[127.04125,37.36276],[127.04097,37.3628],[127.04042,37.36325],[127.04014,37.36331],[127.03986,37.36305],[127.03979,37.36292],[127.03958,37.36277],[127.03875,37.36241],[127.03847,37.36234],[127.03819,37.36234],[127.03792,37.36245],[127.03773,37.36264],[127.03727,37.36292],[127.03684,37.36375],[127.03652,37.36403],[127.03569,37.36418],[127.03542,37.36418],[127.03514,37.36408],[127.03486,37.3642],[127.03458,37.36423],[127.03406,37.36375],[127.03404,37.36347],[127.03411,37.36319],[127.03208,37.36298],[127.03125,37.36266],[127.03042,37.36274],[127.02959,37.36264],[127.02931,37.36248],[127.02875,37.3625],[127.02869,37.36236],[127.02886,37.36208],[127.02871,37.36181],[127.02847,37.3616],[127.02822,37.36153],[127.02836,37.36125],[127.02875,37.36124],[127.02903,37.36136],[127.02958,37.36147],[127.02986,37.36163],[127.03014,37.36163],[127.03072,37.36125],[127.03087,37.36069],[127.03103,37.36042],[127.03092,37.36014]]}},{"type":"Feature","properties":{"elev":250,"idx":0},"geometry":{"type":"LineString","coordinates":[[127.00519,37.46986],[127.00524,37.46958],[127.00513,37.46931],[127.00486,37.46897],[127.00458,37.46889],[127.00421,37.46903],[127.00409,37.46931],[127.0042,37.46958],[127.00468,37.46986]]}},{"type":"Feature","properties":{"elev":250,"idx":0},"geometry":{"type":"LineString","coordinates":[[127.00656,37.46986],[127.00653,37.46986]]}},{"type":"Feature","properties":{"elev":250,"idx":0},"geometry":{"type":"LineString","coordinates":[[127.00858,37.46986],[127.00847,37.46924],[127.00819,37.46907],[127.00788,37.46931],[127.00764,37.46942],[127.00736,37.46949],[127.00681,37.46986]]}},{"type":"Feature","properties":{"elev":250,"idx":0},"geometry":{"type":"LineString","coordinates":[[127.01115,37.46986],[127.01153,37.46979],[127.01194,37.46958],[127.01192,37.46931],[127.01181,37.46915],[127.01153,37.469],[127.01014,37.46912],[127.00986,37.46922],[127.00958,37.46957],[127.0092,37.46986]]}},{"type":"Feature","properties":{"elev":250,"idx":0},"geometry":{"type":"LineString","coordinates":[[127.06351,37.46986],[127.06374,37.46958],[127.06388,37.46931],[127.0637,37.46903],[127.06319,37.46868],[127.06181,37.46805],[127.06153,37.46803],[127.06069,37.4681],[127.05931,37.46837],[127.05792,37.46829],[127.05681,37.46835],[127.05643,37.46847],[127.05637,37.46875],[127.05653,37.46915],[127.05669,37.46931],[127.05736,37.46963],[127.05792,37.4697],[127.05829,37.46986]]}},{"type":"Feature","properties":{"elev":250,"idx":0},"geometry":{"type":"LineString","coordinates":[[127.00317,37.46792],[127.00347,37.46795],[127.00361,37.46764],[127.00402,37.46708],[127.00406,37.46681],[127.00403,37.46647],[127.00389,37.46625],[127.00375,37.46614],[127.00347,37.46643],[127.00319,37.46663],[127.00281,37.46708],[127.00268,37.46736],[127.00269,37.46764],[127.00292,37.46781],[127.00317,37.46792]]}},{"type":"Feature","properties":{"elev":250,"idx":0},"geometry":{"type":"LineString","coordinates":[[126.98014,37.45575],[126.98059,37.45597],[126.98097,37.45604],[126.98131,37.45625],[126.98112,37.45681],[126.98095,37.45708],[126.98095,37.45736],[126.98107,37.45764],[126.98125,37.45779],[126.98181,37.45775],[126.98208,37.45789],[126.98297,37.45708],[126.98349,37.45625],[126.98399,37.45569],[126.98458,37.4553],[126.98473,37.45514],[126.98492,37.45486],[126.98499,37.45458],[126.98486,37.45445],[126.98431,37.45432],[126.98403,37.45416],[126.98365,37.45403],[126.98344,37.45375],[126.98291,37.45347],[126.98285,37.45292],[126.98309,37.45236],[126.98292,37.45227],[126.98181,37.45218],[126.9815,37.45208],[126.98134,37.45181],[126.98128,37.45153],[126.98097,37.45138],[126.98082,37.45125],[126.98077,37.45097],[126.98092,37.45069],[126.98073,37.45042],[126.98014,37.4499]]}},{"type":"Feature","properties":{"elev":250,"idx":0},"geometry":{"type":"LineString","coordinates":[[126.98014,37.45506],[126.98026,37.45514],[126.98028,37.45542],[126.98014,37.45566]]}},{"type":"Feature","properties":{"elev":250,"idx":0},"geometry":{"type":"LineString","coordinates":[[127.08928,37.45153],[127.08958,37.45168],[127.08958,37.44953],[127.08936,37.44931],[127.08903,37.44918],[127.08884,37.44903],[127.08875,37.44875],[127.08919,37.44847],[127.08938,37.44764],[127.08947,37.44736],[127.08958,37.44722],[127.08963,37.44542],[127.08958,37.44376],[127.08847,37.4434],[127.08764,37.44345],[127.08597,37.4431],[127.08542,37.44306],[127.08486,37.44284],[127.08423,37.44236],[127.08413,37.44208],[127.08375,37.44174],[127.08329,37.44097],[127.08298,37.44069],[127.08307,37.44042],[127.08306,37.44014],[127.08292,37.44001],[127.08264,37.43988],[127.08125,37.43934],[127.08097,37.43919],[127.08069,37.43917],[127.08038,37.43931],[127.08004,37.43986],[127.07998,37.44014],[127.07976,37.44042],[127.07958,37.44053],[127.07764,37.44113],[127.07708,37.44124],[127.07625,37.44174],[127.07597,37.44179],[127.07569,37.44179],[127.07431,37.44152],[127.07292,37.44102],[127.07208,37.44095],[127.07097,37.44105],[127.07069,37.44103],[127.07042,37.44097],[127.06986,37.44068],[127.06958,37.44068],[127.06931,37.44087],[127.06898,37.44125],[127.06886,37.44153],[127.06903,37.44167],[127.06958,37.44195],[127.07,37.44208],[127.07014,37.44221],[127.07022,37.44236],[127.07029,37.44292],[127.07015,37.44347],[127.07028,37.44375],[127.07001,37.44431],[127.06979,37.44458],[127.06986,37.44486],[127.06965,37.44514],[127.06931,37.44534],[127.06875,37.44541],[127.06847,37.44554],[127.06819,37.44583],[127.06801,37.44625],[127.06792,37.44634],[127.06735,37.44653],[127.06694,37.44681],[127.06736,37.44707],[127.06764,37.44714],[127.06875,37.4469],[127.06931,37.44673],[127.06958,37.44669],[127.07002,37.44653],[127.07042,37.44595],[127.07066,37.44569],[127.07108,37.44542],[127.07153,37.44488],[127.07193,37.44458],[127.07216,37.44431],[127.07272,37.44403],[127.07292,37.44388],[127.07323,37.44347],[127.07458,37.4431],[127.07514,37.44304],[127.07569,37.4429],[127.07681,37.44278],[127.07708,37.44271],[127.07736,37.44258],[127.07903,37.44245],[127.08042,37.4426],[127.08125,37.44232],[127.08181,37.44262],[127.08209,37.44292],[127.08226,37.44347],[127.08253,37.44403],[127.08347,37.44475],[127.08375,37.44489],[127.08431,37.445],[127.08486,37.44545],[127.08529,37.44569],[127.0855,37.44625],[127.08569,37.44652],[127.08597,37.44678],[127.08608,37.44708],[127.08625,37.44729],[127.08653,37.44747],[127.08708,37.44798],[127.08756,37.44847],[127.08738,37.44875],[127.08748,37.44903],[127.08788,37.44958],[127.08801,37.45014],[127.0882,37.45042],[127.08928,37.45153]]}},{"type":"Feature","properties":{"elev":250,"idx":0},"geometry":{"type":"LineString","coordinates":[[126.98014,37.44943],[126.98069,37.44932],[126.98097,37.44938],[126.98125,37.44935],[126.98153,37.44918],[126.98163,37.44903],[126.98143,37.44875],[126.98133,37.44847],[126.98136,37.44819],[126.98217,37.44736],[126.98222,37.44708],[126.98188,37.44681],[126.98182,37.44653],[126.98215,37.44597],[126.98208,37.44569],[126.98042,37.4454],[126.98014,37.44528]]}},{"type":"Feature","properties":{"elev":250,"idx":0},"geometry":{"type":"LineString","coordinates":[[127.03227,37.44542],[127.03264,37.44551],[127.03319,37.44549],[127.03352,37.44514],[127.03359,37.44486],[127.03349,37.44458],[127.03361,37.44431],[127.03403,37.44419],[127.03429,37.44403],[127.03435,37.44375],[127.03486,37.44323],[127.03569,37.4432],[127.03597,37.44325],[127.03644,37.44347],[127.03681,37.44377],[127.03736,37.44392],[127.03764,37.44391],[127.03778,37.44375],[127.03779,37.44347],[127.03762,37.44319],[127.03763,37.44292],[127.03779,37.44264],[127.03784,37.44236],[127.03771,37.44208],[127.03819,37.44127],[127.03847,37.44112],[127.03875,37.44085],[127.03903,37.44085],[127.03958,37.44112],[127.03986,37.44116],[127.04069,37.44111],[127.04125,37.44064],[127.04153,37.44057],[127.04181,37.44059],[127.04292,37.4408],[127.04319,37.44103],[127.04347,37.44115],[127.04403,37.44118],[127.04431,37.44114],[127.04458,37.44119],[127.04486,37.44132],[127.04542,37.4417],[127.04569,37.44153],[127.04527,37.44069],[127.04523,37.44042],[127.04556,37.44014],[127.04569,37.43986],[127.04565,37.43958],[127.04572,37.43903],[127.04555,37.43875],[127.04562,37.43847],[127.04615,37.43792],[127.04652,37.43764],[127.04668,37.43736],[127.04681,37.43727],[127.04764,37.43733],[127.04792,37.43757],[127.04819,37.43773],[127.04847,37.43769],[127.04875,37.43754],[127.04903,37.4375],[127.04986,37.43759],[127.05069,37.438],[127.05153,37.43807],[127.05181,37.43819],[127.05264,37.43834],[127.05347,37.43822],[127.05403,37.43824],[127.05428,37.43819],[127.05444,37.43792],[127.05448,37.43764],[127.05451,37.43736],[127.05448,37.43681],[127.05556,37.43625],[127.05555,37.43597],[127.05534,37.43542],[127.05517,37.43514],[127.055,37.43458],[127.05458,37.43409],[127.0539,37.43375],[127.05422,37.43319],[127.05425,37.43292],[127.05458,37.43273],[127.05486,37.43246],[127.05493,37.43236],[127.05496,37.43208],[127.05512,37.43181],[127.05542,37.43184],[127.05597,37.43211],[127.05625,37.43209],[127.05681,37.43194],[127.05702,37.43181],[127.05725,37.43153],[127.05764,37.43132],[127.05847,37.43134],[127.05875,37.43123],[127.05903,37.43104],[127.05958,37.43085],[127.06014,37.43078],[127.06042,37.43075],[127.06097,37.43095],[127.06125,37.43088],[127.06144,37.43069],[127.06153,37.43024],[127.06163,37.43014],[127.06144,37.42986],[127.06097,37.42959],[127.06042,37.42947],[127.05918,37.42903],[127.05847,37.42863],[127.05784,37.42819],[127.05723,37.42764],[127.05653,37.42743],[127.05647,37.42736],[127.05652,37.42708],[127.05639,37.42681],[127.05632,37.42653],[127.05648,37.42625],[127.05649,37.42597],[127.05672,37.42569],[127.05653,37.42554],[127.05569,37.42555],[127.05514,37.42564],[127.05486,37.42562],[127.05421,37.42542],[127.05422,37.42514],[127.05468,37.42486],[127.05468,37.42458],[127.0554,37.42431],[127.05567,37.42375],[127.05542,37.42344],[127.05534,37.42319],[127.05532,37.42292],[127.05486,37.42246],[127.05469,37.42236],[127.05486,37.42223],[127.05514,37.42216],[127.05542,37.42219],[127.05569,37.42238],[127.05681,37.42261],[127.05708,37.42284],[127.05736,37.42298],[127.05764,37.42289],[127.05767,37.42264],[127.05751,37.42236],[127.05747,37.42181],[127.05733,37.42153],[127.05738,37.42125],[127.05701,37.42097],[127.05736,37.42053],[127.05764,37.42038],[127.05777,37.42014],[127.05774,37.41986],[127.05717,37.41958],[127.05727,37.41931],[127.05701,37.41903],[127.05692,37.41875],[127.05708,37.41869],[127.05764,37.41867],[127.05792,37.41853],[127.05819,37.41853],[127.05847,37.41868],[127.05875,37.41874],[127.05931,37.41859],[127.05958,37.41859],[127.06097,37.419],[127.06125,37.41902],[127.06181,37.4188],[127.06236,37.41886],[127.06292,37.41906],[127.06347,37.41888],[127.06375,37.41883],[127.06403,37.41886],[127.0644,37.41903],[127.06486,37.41958],[127.06546,37.42014],[127.06625,37.42055],[127.06642,37.42069],[127.06657,37.42097],[127.06657,37.42125],[127.06683,37.42153],[127.06818,37.42264],[127.0687,37.42292],[127.06903,37.42301],[127.06931,37.42292],[127.06948,37.42264],[127.06958,37.42226],[127.07004,37.42181],[127.06991,37.42153],[127.06989,37.42125],[127.07004,37.42097],[127.07027,37.42069],[127.0703,37.42042],[127.07022,37.42014],[127.07,37.41986],[127.06946,37.41958],[127.06903,37.41927],[127.06846,37.41903],[127.06811,37.41875],[127.0679,37.41819],[127.06792,37.41792],[127.06764,37.41768],[127.06742,37.41736],[127.06748,37.41681],[127.06764,37.41661],[127.06792,37.41655],[127.06847,37.41625],[127.06902,37.41569],[127.06956,37.41542],[127.06932,37.41514],[127.06926,37.41486],[127.06933,37.41458],[127.06904,37.41431],[127.06875,37.41426],[127.06819,37.41438],[127.06792,37.41424],[127.06736,37.41411],[127.06708,37.41396],[127.06687,37.41375],[127.06675,37.41319],[127.06677,37.41292],[127.06654,37.41264],[127.06624,37.41236],[127.06569,37.41207],[127.06486,37.41134],[127.06458,37.41131],[127.06431,37.41135],[127.06403,37.41155],[127.06375,37.41161],[127.06319,37.4116],[127.06264,37.4117],[127.06234,37.41153],[127.06125,37.41134],[127.06096,37.41125],[127.06049,37.41097],[127.06042,37.41084],[127.06037,37.41069],[127.06037,37.41042],[127.06059,37.41014],[127.06025,37.40958],[127.06038,37.40931],[127.06014,37.4092],[127.05958,37.40912],[127.05903,37.40932],[127.05847,37.40933],[127.05792,37.40946],[127.05764,37.4091],[127.05753,37.40903],[127.05708,37.40895],[127.05665,37.40847],[127.05625,37.4083],[127.05542,37.40818],[127.05478,37.40819],[127.05458,37.40814],[127.05431,37.40791],[127.05403,37.40778],[127.05319,37.40776],[127.05292,37.40781],[127.05276,37.40792],[127.05264,37.40813],[127.05208,37.40795],[127.05181,37.40804],[127.05153,37.40805],[127.05125,37.4078],[127.05039,37.40736],[127.05075,37.40708],[127.05097,37.40701],[127.05153,37.407],[127.05181,37.40688],[127.05192,37.40681],[127.05208,37.40653],[127.05264,37.40659],[127.05292,37.40653],[127.05319,37.40635],[127.05403,37.40615],[127.05458,37.40624],[127.05486,37.40595],[127.05514,37.40592],[127.05542,37.40596],[127.05569,37.40585],[127.05583,37.40569],[127.05561,37.40514],[127.05569,37.40506],[127.05625,37.40505],[127.05681,37.40518],[127.05736,37.40479],[127.05764,37.40478],[127.05819,37.40518],[127.05826,37.40514],[127.05827,37.40486],[127.05838,37.40458],[127.05847,37.40452],[127.05875,37.40451],[127.05986,37.40477],[127.06014,37.40478],[127.06069,37.40458],[127.06125,37.40474],[127.06208,37.40479],[127.06252,37.40458],[127.06264,37.40446],[127.06292,37.40446],[127.06375,37.40428],[127.06431,37.40433],[127.06458,37.40421],[127.06486,37.40393],[127.06569,37.40357],[127.06573,37.40347],[127.06562,37.40292],[127.06496,37.40208],[127.06458,37.40188],[127.06402,37.40181],[127.06398,37.40153],[127.06411,37.40097],[127.06403,37.40069],[127.06407,37.40042],[127.06458,37.40036],[127.06514,37.40015],[127.06542,37.40012],[127.06569,37.40001],[127.0663,37.39931],[127.06653,37.39914],[127.06708,37.39904],[127.06739,37.39875],[127.06819,37.39831],[127.06827,37.39819],[127.06822,37.39792],[127.06792,37.39762],[127.06764,37.39761],[127.06736,37.39767],[127.06681,37.3977],[127.06597,37.39734],[127.06569,37.39731],[127.06486,37.39759],[127.06292,37.39754],[127.06236,37.39758],[127.06181,37.39753],[127.06153,37.39758],[127.06097,37.39789],[127.06069,37.39794],[127.06042,37.39791],[127.05986,37.39775],[127.05903,37.3979],[127.05847,37.39793],[127.05792,37.39772],[127.05708,37.3981],[127.05653,37.39813],[127.05597,37.39861],[127.05569,37.39878],[127.05542,37.39886],[127.05528,37.39875],[127.05509,37.39847],[127.05458,37.39812],[127.05431,37.39803],[127.05403,37.39804],[127.05375,37.39813],[127.05347,37.39813],[127.05319,37.39806],[127.05292,37.39811],[127.05247,37.39847],[127.05225,37.39875],[127.05208,37.3991],[127.05181,37.39933],[127.05153,37.39933],[127.05125,37.39921],[127.05097,37.39916],[127.05042,37.39887],[127.05014,37.39885],[127.04958,37.39899],[127.04931,37.399],[127.04903,37.39889],[127.04875,37.39891],[127.04819,37.39915],[127.04792,37.39894],[127.04779,37.39875],[127.04778,37.39847],[127.04732,37.39792],[127.04737,37.39764],[127.04725,37.39736],[127.04708,37.39727],[127.04681,37.39724],[127.04653,37.39728],[127.04597,37.39756],[127.04542,37.39759],[127.04514,37.39751],[127.04501,37.39736],[127.04461,37.39708],[127.04458,37.39679],[127.04347,37.3965],[127.04292,37.39655],[127.04237,37.39681],[127.04214,37.39764],[127.04208,37.39773],[127.04183,37.39792],[127.04125,37.39785],[127.04069,37.39797],[127.04042,37.39797],[127.04037,37.39792],[127.04035,37.39764],[127.04053,37.39736],[127.04014,37.39702],[127.04,37.39653],[127.03986,37.39639],[127.03875,37.39601],[127.03857,37.39569],[127.03853,37.39542],[127.03819,37.39519],[127.03792,37.3953],[127.03787,37.39569],[127.03791,37.39597],[127.03772,37.39625],[127.03764,37.39632],[127.03736,37.39639],[127.03681,37.39635],[127.03657,37.39653],[127.03667,37.39681],[127.03664,37.39708],[127.03653,37.39717],[127.03569,37.39735],[127.03542,37.39731],[127.03486,37.397],[127.03431,37.39692],[127.03391,37.39736],[127.03408,37.39764],[127.03452,37.39819],[127.03451,37.39847],[127.03403,37.39876],[127.03375,37.39878],[127.03347,37.39874],[127.03319,37.39878],[127.0331,37.39903],[127.03264,37.39965],[127.03236,37.3997],[127.03181,37.39932],[127.03153,37.39917],[127.03125,37.3991],[127.03042,37.39897],[127.02984,37.39903],[127.02962,37.39875],[127.02953,37.39847],[127.02967,37.39819],[127.02969,37.39792],[127.02958,37.3978],[127.02903,37.39795],[127.02819,37.39802],[127.02792,37.39811],[127.02782,37.39819],[127.02798,37.39875],[127.02832,37.39931],[127.02827,37.39958],[127.02792,37.40001],[127.02764,37.40008],[127.02736,37.40031],[127.02708,37.40037],[127.02681,37.40033],[127.02653,37.4002],[127.02625,37.40019],[127.02597,37.40011],[127.02569,37.40046],[127.02542,37.40048],[127.02514,37.40024],[127.02458,37.40011],[127.02319,37.39993],[127.02264,37.39998],[127.02208,37.39994],[127.02069,37.40017],[127.02042,37.40016],[127.01986,37.40007],[127.01931,37.39983],[127.01903,37.39979],[127.01875,37.39987],[127.01822,37.40014],[127.01796,37.40042],[127.01764,37.40053],[127.01735,37.40069],[127.01708,37.40097],[127.01681,37.4012],[127.01667,37.40125],[127.01711,37.40153],[127.01736,37.40159],[127.01764,37.40161],[127.01819,37.40153],[127.01875,37.40168],[127.01934,37.40208],[127.01958,37.40242],[127.01986,37.40268],[127.02014,37.40274],[127.02047,37.40292],[127.0206,37.40319],[127.02125,37.40395],[127.02153,37.40398],[127.02181,37.40374],[127.02196,37.40347],[127.02208,37.40338],[127.02236,37.40324],[127.02292,37.4031],[127.02338,37.40292],[127.02431,37.40272],[127.02486,37.40285],[127.02514,37.40278],[127.02542,37.40254],[127.02653,37.40244],[127.02708,37.40217],[127.02736,37.40218],[127.02763,37.40236],[127.02792,37.40265],[127.02847,37.40251],[127.02875,37.40258],[127.02903,37.40256],[127.02931,37.4024],[127.02986,37.40253],[127.02998,37.40264],[127.03005,37.40319],[127.03014,37.4033],[127.03042,37.40343],[127.03098,37.40347],[127.03114,37.40375],[127.03117,37.40458],[127.03125,37.40476],[127.03153,37.40476],[127.03181,37.40467],[127.03236,37.40459],[127.03264,37.40439],[127.03292,37.40404],[127.03319,37.40403],[127.03375,37.40412],[127.03431,37.40402],[127.03458,37.40421],[127.03483,37.40431],[127.0349,37.40458],[127.03478,37.40486],[127.03458,37.405],[127.03403,37.40518],[127.03373,37.40542],[127.03367,37.40569],[127.03377,37.40597],[127.0336,37.40653],[127.03359,37.40681],[127.03431,37.40717],[127.03458,37.40728],[127.03509,37.40736],[127.03514,37.40742],[127.03519,37.40764],[127.03517,37.40792],[127.03477,37.40819],[127.03466,37.40875],[127.03474,37.40903],[127.03563,37.40958],[127.0372,37.41014],[127.03755,37.41042],[127.03736,37.41048],[127.03597,37.4105],[127.03569,37.4106],[127.0356,37.41069],[127.03542,37.41127],[127.03514,37.41155],[127.03486,37.41157],[127.03478,37.41153],[127.03497,37.41125],[127.03496,37.41097],[127.03482,37.41069],[127.03458,37.41051],[127.03375,37.41038],[127.03311,37.41014],[127.03266,37.40986],[127.03239,37.40958],[127.03181,37.40931],[127.03125,37.40925],[127.03069,37.40905],[127.02986,37.40908],[127.02903,37.40889],[127.02736,37.40891],[127.02653,37.40906],[127.02625,37.40894],[127.02608,37.40875],[127.02569,37.40851],[127.02542,37.40841],[127.02486,37.40838],[127.02458,37.40841],[127.02375,37.40882],[127.02347,37.40903],[127.02344,37.40931],[127.02349,37.40958],[127.0232,37.40986],[127.02284,37.41042],[127.02264,37.41064],[127.02236,37.41058],[127.02181,37.41056],[127.02153,37.41058],[127.02136,37.41069],[127.02128,37.41097],[127.02137,37.41125],[127.02153,37.41154],[127.02125,37.41168],[127.02042,37.41172],[127.02027,37.41181],[127.02011,37.41208],[127.01986,37.41225],[127.01958,37.41234],[127.01931,37.4124],[127.01875,37.41239],[127.01792,37.41254],[127.01736,37.41253],[127.01681,37.41263],[127.01625,37.41224],[127.01514,37.41215],[127.01486,37.41204],[127.01472,37.41181],[127.01491,37.41153],[127.01494,37.41125],[127.01477,37.41097],[127.01474,37.41069],[127.01486,37.41059],[127.01522,37.41042],[127.01514,37.41026],[127.01458,37.4102],[127.01403,37.41049],[127.01375,37.41058],[127.01264,37.41067],[127.01153,37.41054],[127.01097,37.41066],[127.01069,37.41068],[127.01014,37.41064],[127.00986,37.41054],[127.00958,37.41055],[127.00931,37.41079],[127.00903,37.41083],[127.00875,37.41081],[127.00847,37.41072],[127.00819,37.41042],[127.00736,37.41024],[127.00681,37.41006],[127.00653,37.41011],[127.00624,37.41042],[127.00624,37.41069],[127.00664,37.41097],[127.00692,37.41125],[127.0069,37.41153],[127.00719,37.41181],[127.00727,37.41208],[127.00726,37.41236],[127.00718,37.41264],[127.00673,37.41319],[127.00669,37.41347],[127.00681,37.41389],[127.00725,37.41403],[127.00764,37.41404],[127.00792,37.41391],[127.00811,37.41375],[127.00875,37.41345],[127.00931,37.41386],[127.00958,37.41389],[127.00986,37.41378],[127.01069,37.41369],[127.01076,37.41375],[127.01081,37.41431],[127.0109,37.41458],[127.0112,37.41486],[127.01128,37.41514],[127.01153,37.41538],[127.01166,37.41542],[127.01181,37.4156],[127.01183,37.41569],[127.01164,37.41625],[127.01171,37.41653],[127.01198,37.41681],[127.01186,37.41708],[127.01199,37.41736],[127.01236,37.41785],[127.01264,37.418],[127.01292,37.4184],[127.01319,37.41863],[127.01347,37.41865],[127.01375,37.41851],[127.01403,37.41805],[127.01431,37.41789],[127.01458,37.41764],[127.01422,37.41736],[127.01419,37.41708],[127.01445,37.41681],[127.01444,37.41653],[127.01435,37.41625],[127.01442,37.41597],[127.01458,37.41592],[127.01486,37.41595],[127.01514,37.4159],[127.01569,37.416],[127.01597,37.41599],[127.01636,37.41569],[127.01656,37.41542],[127.01644,37.41486],[127.01671,37.41458],[127.01792,37.41454],[127.01819,37.41441],[127.01847,37.41409],[127.01875,37.41403],[127.01931,37.41406],[127.01958,37.41399],[127.01986,37.41356],[127.02042,37.41334],[127.02097,37.41345],[127.02125,37.41345],[127.02181,37.41367],[127.02233,37.41375],[127.02264,37.41426],[127.02323,37.41431],[127.02347,37.41444],[127.02375,37.41471],[127.02403,37.41482],[127.02431,37.41481],[127.02458,37.41499],[127.02486,37.41525],[127.02514,37.41537],[127.02542,37.4154],[127.02569,37.41531],[127.02627,37.41542],[127.02653,37.41552],[127.0267,37.41569],[127.02713,37.41597],[127.02736,37.4162],[127.02764,37.41626],[127.02847,37.41612],[127.02903,37.41583],[127.02931,37.41585],[127.02958,37.41593],[127.03014,37.41593],[127.03042,37.41589],[127.03097,37.41566],[127.03125,37.41561],[127.03153,37.41563],[127.03162,37.41569],[127.03181,37.41602],[127.03208,37.41621],[127.03264,37.41633],[127.03292,37.41645],[127.03403,37.41658],[127.03439,37.41681],[127.03451,37.41708],[127.03448,37.41736],[127.03431,37.41743],[127.03404,37.41764],[127.03373,37.41819],[127.03298,37.41847],[127.03306,37.41875],[127.03335,37.41903],[127.03355,37.41931],[127.03319,37.41949],[127.03264,37.41967],[127.03208,37.42005],[127.03181,37.4201],[127.03125,37.42011],[127.03097,37.4202],[127.03069,37.42037],[127.03047,37.42069],[127.03059,37.42097],[127.03097,37.42125],[127.03073,37.42181],[127.03104,37.42236],[127.03145,37.42292],[127.03139,37.42319],[127.03105,37.42347],[127.0309,37.42375],[127.03018,37.42431],[127.0302,37.42458],[127.03073,37.42486],[127.03066,37.42514],[127.03069,37.42518],[127.03106,37.42542],[127.03153,37.42556],[127.03177,37.42569],[127.03204,37.42597],[127.03181,37.4263],[127.03079,37.42681],[127.03097,37.42709],[127.03264,37.42727],[127.03281,37.42736],[127.03263,37.42764],[127.03236,37.42778],[127.03153,37.42845],[127.03125,37.42847],[127.03097,37.42878],[127.03069,37.42885],[127.03014,37.42884],[127.02931,37.42895],[127.02913,37.42903],[127.02911,37.42931],[127.02931,37.42944],[127.02958,37.42955],[127.02986,37.42976],[127.03014,37.42985],[127.03042,37.42983],[127.03097,37.4299],[127.03125,37.42982],[127.03153,37.42964],[127.03181,37.42956],[127.03208,37.42942],[127.03222,37.42931],[127.03236,37.42899],[127.03264,37.42887],[127.03319,37.42906],[127.03375,37.42906],[127.03403,37.42926],[127.03406,37.42986],[127.03401,37.43014],[127.03407,37.43042],[127.034,37.43069],[127.03406,37.43153],[127.03431,37.43181],[127.03468,37.43208],[127.03486,37.43219],[127.03597,37.43254],[127.03604,37.43264],[127.03616,37.43319],[127.0357,37.43375],[127.03579,37.43403],[127.03564,37.43431],[127.03597,37.43433],[127.03625,37.43426],[127.03653,37.43438],[127.03672,37.43458],[127.03653,37.43491],[127.03647,37.43514],[127.03653,37.43522],[127.03675,37.43542],[127.03708,37.43561],[127.03736,37.43603],[127.03764,37.43624],[127.03792,37.43641],[127.03831,37.43653],[127.03764,37.43674],[127.03736,37.43676],[127.03708,37.43672],[127.03653,37.43673],[127.03542,37.43647],[127.03514,37.43648],[127.03486,37.43659],[127.03458,37.43661],[127.03375,37.4364],[127.03347,37.43643],[127.03292,37.43667],[127.03218,37.43708],[127.03201,37.43736],[127.03208,37.43764],[127.03207,37.43792],[127.03193,37.43819],[127.03197,37.43875],[127.03223,37.43903],[127.03239,37.43958],[127.03269,37.43986],[127.03291,37.44042],[127.03316,37.44069],[127.03314,37.44097],[127.03292,37.44118],[127.03264,37.44135],[127.0322,37.44153],[127.03223,37.44181],[127.03264,37.44208],[127.03281,37.44236],[127.03286,37.44264],[127.03298,37.44292],[127.03293,37.44319],[127.03265,37.44347],[127.03264,37.44375],[127.03272,37.44403],[127.03264,37.44431],[127.03235,37.44458],[127.0322,37.44486],[127.03215,37.44514],[127.03227,37.44542]]}},{"type":"Feature","properties":{"elev":250,"idx":0},"geometry":{"type":"LineString","coordinates":[[126.98014,37.44508],[126.98069,37.44472],[126.98193,37.44431],[126.98211,37.44403],[126.98217,37.44375],[126.98231,37.44347],[126.98235,37.44319],[126.98208,37.44293],[126.98181,37.44286],[126.98125,37.44283],[126.98098,37.44264],[126.98118,37.44236],[126.98119,37.44208],[126.98146,37.44181],[126.98208,37.44153],[126.98225,37.44125],[126.98236,37.44116],[126.98264,37.44101],[126.98292,37.44096],[126.98322,37.44069],[126.98309,37.44042],[126.98272,37.44014],[126.98269,37.43986],[126.983,37.43958],[126.9829,37.43931],[126.98286,37.43903],[126.98293,37.43875],[126.98264,37.43853],[126.98236,37.43844],[126.98208,37.4384],[126.98173,37.43847],[126.98153,37.43866],[126.98131,37.43903],[126.98133,37.43931],[126.98097,37.4401],[126.98069,37.4402],[126.98014,37.44029]]}},{"type":"Feature","properties":{"elev":250,"idx":0},"geometry":{"type":"LineString","coordinates":[[127.0584,37.42347],[127.05875,37.42349],[127.05881,37.42347],[127.05875,37.42334],[127.05855,37.42319],[127.05819,37.42319],[127.0584,37.42347]]}},{"type":"Feature","properties":{"elev":250,"idx":0},"geometry":{"type":"LineString","coordinates":[[127.02814,37.42042],[127.02819,37.42051],[127.02843,37.42042],[127.02819,37.42032],[127.02814,37.42042]]}},{"type":"Feature","properties":{"elev":250,"idx":0},"geometry":{"type":"LineString","coordinates":[[127.07047,37.41597],[127.07069,37.41602],[127.07125,37.41597],[127.07181,37.41582],[127.07236,37.4159],[127.07264,37.41582],[127.07266,37.41569],[127.07255,37.41514],[127.07208,37.41462],[127.07181,37.41449],[127.07153,37.4145],[127.07097,37.41494],[127.07001,37.41542],[127.07,37.41569],[127.07047,37.41597]]}},{"type":"Feature","properties":{"elev":250,"idx":0},"geometry":{"type":"LineString","coordinates":[[127.00623,37.41431],[127.00625,37.41435],[127.00632,37.41431],[127.00625,37.41429],[127.00623,37.41431]]}},{"type":"Feature","properties":{"elev":250,"idx":0},"geometry":{"type":"LineString","coordinates":[[127.00647,37.40903],[127.00681,37.40913],[127.00699,37.40903],[127.00681,37.40888],[127.00666,37.40847],[127.00653,37.40833],[127.00625,37.40823],[127.00597,37.40824],[127.00486,37.40792],[127.00458,37.40791],[127.00431,37.40798],[127.00421,37.40819],[127.00443,37.40847],[127.00458,37.40854],[127.00569,37.40869],[127.00597,37.40876],[127.00647,37.40903]]}},{"type":"Feature","properties":{"elev":250,"idx":0},"geometry":{"type":"LineString","coordinates":[[127.05096,37.38681],[127.05125,37.3869],[127.05181,37.38694],[127.05186,37.38681],[127.05153,37.38645],[127.05125,37.38637],[127.0508,37.38653],[127.05096,37.38681]]}},{"type":"Feature","properties":{"elev":250,"idx":0},"geometry":{"type":"LineString","coordinates":[[127.05184,37.38514],[127.05208,37.3854],[127.05236,37.38534],[127.05264,37.38521],[127.05292,37.38492],[127.05319,37.38473],[127.05347,37.38471],[127.05375,37.3849],[127.05431,37.38509],[127.05514,37.38499],[127.05523,37.38486],[127.05514,37.38468],[127.05514,37.38456],[127.05542,37.38446],[127.05597,37.3839],[127.05625,37.38387],[127.05659,37.38375],[127.05764,37.3829],[127.05819,37.38296],[127.05875,37.38347],[127.05886,37.38375],[127.05931,37.38424],[127.05958,37.38424],[127.05986,37.38417],[127.06014,37.38425],[127.06042,37.38448],[127.06097,37.38453],[127.06181,37.38446],[127.06236,37.38466],[127.06292,37.38467],[127.06302,37.38458],[127.06257,37.38403],[127.06268,37.38375],[127.06261,37.38347],[127.06264,37.38335],[127.06297,37.38264],[127.0629,37.38181],[127.06308,37.38153],[127.06393,37.38125],[127.06431,37.38122],[127.06486,37.38131],[127.06514,37.38146],[127.06542,37.38169],[127.06569,37.38171],[127.06625,37.38137],[127.06681,37.38129],[127.06736,37.38107],[127.06792,37.38105],[127.06819,37.38099],[127.06931,37.38054],[127.06944,37.38042],[127.0695,37.38014],[127.06958,37.38006],[127.07125,37.37956],[127.07169,37.37931],[127.07181,37.37916],[127.07184,37.37903],[127.0717,37.37875],[127.07171,37.37847],[127.07206,37.37819],[127.07205,37.37792],[127.07181,37.37781],[127.07153,37.37783],[127.07097,37.37797],[127.07069,37.37798],[127.07014,37.3778],[127.06986,37.37782],[127.06903,37.37804],[127.06875,37.3783],[127.06847,37.37827],[127.06819,37.37831],[127.06764,37.3785],[127.06736,37.37855],[127.06708,37.37845],[127.06681,37.37843],[127.06625,37.37849],[127.06597,37.3782],[127.06569,37.37802],[127.06542,37.378],[127.06514,37.37807],[127.06486,37.37823],[127.06474,37.37819],[127.0645,37.37736],[127.06431,37.37717],[127.06403,37.37715],[127.06375,37.37703],[127.06344,37.37653],[127.06319,37.37634],[127.06314,37.37625],[127.06337,37.37597],[127.06319,37.37574],[127.06292,37.37568],[127.06208,37.37521],[127.06181,37.37511],[127.06153,37.37509],[127.06125,37.37516],[127.06096,37.37542],[127.0611,37.37569],[127.06108,37.37625],[127.06172,37.37681],[127.0619,37.37708],[127.06194,37.37736],[127.06181,37.3776],[127.06153,37.37779],[127.06125,37.37778],[127.06097,37.37759],[127.06069,37.37757],[127.06014,37.37794],[127.05986,37.37793],[127.05958,37.3777],[127.05942,37.37736],[127.05931,37.37724],[127.05927,37.37708],[127.05931,37.37681],[127.05923,37.37653],[127.05901,37.37625],[127.05886,37.37597],[127.05903,37.37577],[127.05952,37.37542],[127.05931,37.37529],[127.05903,37.37529],[127.05875,37.37539],[127.05847,37.37538],[127.05764,37.37568],[127.05708,37.37566],[127.05681,37.37571],[127.05637,37.37597],[127.05624,37.37625],[127.05643,37.37681],[127.05645,37.37708],[127.05595,37.37736],[127.05569,37.37781],[127.05542,37.37804],[127.05514,37.37797],[127.0545,37.37736],[127.05431,37.37729],[127.05375,37.3769],[127.05364,37.37681],[127.05368,37.37653],[127.05347,37.3763],[127.05264,37.37569],[127.05207,37.37514],[127.05169,37.37542],[127.05125,37.3756],[127.05115,37.37569],[127.05104,37.37597],[127.0511,37.37625],[127.051,37.37653],[127.05066,37.37681],[127.0504,37.37736],[127.0503,37.37764],[127.05047,37.37819],[127.05036,37.37903],[127.05042,37.37931],[127.05058,37.37958],[127.05062,37.37986],[127.05069,37.37993],[127.05153,37.38001],[127.05202,37.38014],[127.05208,37.38045],[127.05236,37.38074],[127.05264,37.38066],[127.05292,37.38068],[127.0529,37.38097],[127.05347,37.38105],[127.05375,37.38123],[127.05392,37.38153],[127.05361,37.38236],[127.05399,37.38264],[127.05449,37.38292],[127.05451,37.38319],[127.05437,37.38347],[127.05403,37.38393],[127.05375,37.38418],[127.05347,37.3842],[127.05292,37.38395],[127.05264,37.38388],[127.05236,37.3839],[127.05231,37.38375],[127.05206,37.38347],[127.05153,37.38315],[127.05101,37.38292],[127.05069,37.38259],[127.05042,37.38251],[127.05014,37.38251],[127.04986,37.38254],[127.04957,37.38264],[127.04951,37.38292],[127.04965,37.38319],[127.05007,37.38375],[127.05005,37.38403],[127.04986,37.38424],[127.04968,37.38431],[127.04986,37.38438],[127.05042,37.38427],[127.05069,37.3846],[127.05097,37.38471],[127.05125,37.38472],[127.05153,37.38464],[127.05178,37.38431],[127.05188,37.38431],[127.05195,37.38486],[127.05184,37.38514]]}},{"type":"Feature","properties":{"elev":250,"idx":0},"geometry":{"type":"LineString","coordinates":[[127.08454,37.37764],[127.08458,37.37768],[127.08486,37.37753],[127.08498,37.37708],[127.08514,37.37695],[127.08558,37.37681],[127.0858,37.37653],[127.08587,37.37625],[127.0857,37.37597],[127.08553,37.37514],[127.08572,37.37486],[127.08569,37.37479],[127.08542,37.37441],[127.08514,37.37438],[127.08375,37.37381],[127.08292,37.37359],[127.08269,37.37347],[127.08248,37.37292],[127.08208,37.37246],[127.08193,37.37208],[127.08128,37.37153],[127.08135,37.37125],[127.08166,37.37097],[127.08181,37.37069],[127.08153,37.37042],[127.08125,37.37024],[127.08097,37.37017],[127.08069,37.37017],[127.08004,37.36931],[127.08009,37.36903],[127.08032,37.36875],[127.08065,37.36847],[127.08079,37.36819],[127.08069,37.36808],[127.08042,37.36794],[127.07986,37.36788],[127.07958,37.36794],[127.07904,37.36819],[127.07917,37.36875],[127.07944,37.36931],[127.07949,37.37014],[127.07931,37.37026],[127.07847,37.37026],[127.0779,37.37042],[127.07764,37.37058],[127.07754,37.37069],[127.07763,37.37097],[127.07736,37.37125],[127.07735,37.37153],[127.07764,37.3723],[127.07792,37.37258],[127.07819,37.3727],[127.07837,37.37292],[127.07842,37.37319],[127.07826,37.37375],[127.07844,37.37403],[127.07792,37.37434],[127.07777,37.37458],[127.07813,37.37514],[127.07823,37.37542],[127.07847,37.37575],[127.07875,37.37584],[127.07903,37.3758],[127.07958,37.37541],[127.07986,37.37548],[127.08014,37.37566],[127.08042,37.37577],[127.08069,37.37579],[127.08125,37.37562],[127.08153,37.37537],[127.08181,37.3752],[127.0819,37.37542],[127.08195,37.37569],[127.08217,37.37597],[127.08209,37.37625],[127.08236,37.37675],[127.08264,37.37703],[127.08292,37.37721],[127.08319,37.3773],[127.08375,37.37713],[127.08403,37.37723],[127.08431,37.3775],[127.08454,37.37764]]}},{"type":"Feature","properties":{"elev":250,"idx":0},"geometry":{"type":"LineString","coordinates":[[127.06047,37.37458],[127.06069,37.37468],[127.06097,37.37463],[127.0614,37.37431],[127.06151,37.37403],[127.06132,37.37375],[127.06069,37.37356],[127.06042,37.37356],[127.06014,37.37349],[127.05988,37.37292],[127.05931,37.37261],[127.05911,37.37236],[127.05934,37.37208],[127.05924,37.37181],[127.05903,37.37162],[127.05847,37.3714],[127.05792,37.37135],[127.05764,37.37136],[127.05735,37.37153],[127.05739,37.37181],[127.0575,37.37208],[127.05772,37.37236],[127.05819,37.37265],[127.0585,37.37292],[127.05841,37.37319],[127.05838,37.37347],[127.05875,37.37358],[127.05958,37.37394],[127.05998,37.37431],[127.06047,37.37458]]}},{"type":"Feature","properties":{"elev":250,"idx":0},"geometry":{"type":"LineString","coordinates":[[126.98014,37.37458],[126.98069,37.37455],[126.98097,37.37459],[126.98153,37.37478],[126.98181,37.37474],[126.98236,37.37461],[126.98264,37.37445],[126.98292,37.3742],[126.98347,37.3741],[126.98356,37.37403],[126.98319,37.37358],[126.98263,37.37264],[126.98264,37.37236],[126.98277,37.37208],[126.98236,37.37153],[126.98244,37.37125],[126.98227,37.37097],[126.98218,37.37069],[126.98228,37.37042],[126.98236,37.37035],[126.98294,37.37014],[126.9831,37.36958],[126.9834,37.36931],[126.98307,37.36875],[126.98331,37.36847],[126.98328,37.36819],[126.98319,37.36801],[126.98292,37.36789],[126.98264,37.36786],[126.98208,37.36803],[126.98181,37.36802],[126.98158,37.36792],[126.98127,37.36764],[126.98112,37.36736],[126.98174,37.36653],[126.98153,37.36627],[126.98117,37.36597],[126.98127,37.36569],[126.98157,37.36542],[126.98135,37.36514],[126.9813,37.36486],[126.98136,37.36458],[126.98136,37.36403],[126.98125,37.36384],[126.9811,37.36375],[126.98097,37.3637],[126.98069,37.36382],[126.98063,37.36403],[126.98069,37.36431],[126.98067,37.36458],[126.9805,37.36486],[126.98044,37.36514],[126.98014,37.36547]]}},{"type":"Feature","properties":{"elev":250,"idx":0},"geometry":{"type":"LineString","coordinates":[[126.98454,37.36764],[126.98458,37.36766],[126.9847,37.36764],[126.98458,37.36763],[126.98454,37.36764]]}},{"type":"Feature","properties":{"elev":250,"idx":0},"geometry":{"type":"LineString","coordinates":[[127.04564,37.36347],[127.04597,37.36361],[127.04625,37.36366],[127.04708,37.36345],[127.04722,37.36319],[127.04708,37.36305],[127.04681,37.36296],[127.04653,37.36298],[127.04596,37.36319],[127.04564,37.36347]]}},{"type":"Feature","properties":{"elev":250,"idx":0},"geometry":{"type":"LineString","coordinates":[[127.00596,37.36014],[127.00599,37.36042],[127.00653,37.36064],[127.00681,37.3607],[127.00743,37.36069],[127.00764,37.36075],[127.00792,37.361],[127.00819,37.36102],[127.00847,37.36095],[127.00875,37.36069],[127.00931,37.3603],[127.00986,37.36039],[127.01053,37.36014]]}},{"type":"Feature","properties":{"elev":250,"idx":0},"geometry":{"type":"LineString","coordinates":[[127.01074,37.36014],[127.01081,37.36042],[127.01078,37.36097],[127.01097,37.36129],[127.01124,37.36153],[127.01153,37.36189],[127.01208,37.36204],[127.01236,37.36199],[127.01329,37.36208],[127.01347,37.36218],[127.01365,37.36236],[127.01373,37.36264],[127.01403,37.36268],[127.01437,37.36292],[127.01424,37.36347],[127.01461,37.36375],[127.01483,37.36403],[127.0148,37.36431],[127.01462,37.36458],[127.0145,37.36514],[127.01458,37.36534],[127.01486,37.36543],[127.01514,37.36537],[127.01542,37.3654],[127.01569,37.36552],[127.01597,37.3655],[127.01625,37.3653],[127.01653,37.36521],[127.01681,37.36516],[127.01764,37.36513],[127.01819,37.36559],[127.01875,37.36542],[127.01931,37.36491],[127.01958,37.36491],[127.02069,37.36553],[127.02125,37.36568],[127.02181,37.36572],[127.02196,37.36597],[127.02168,37.36653],[127.02168,37.36681],[127.02138,37.36708],[127.02125,37.36742],[127.02097,37.36758],[127.02078,37.36764],[127.02069,37.36773],[127.02056,37.36819],[127.02001,37.36875],[127.01986,37.36903],[127.01987,37.36931],[127.02,37.36958],[127.02097,37.37003],[127.02132,37.37014],[127.02153,37.37032],[127.02165,37.37069],[127.02145,37.37097],[127.02208,37.37119],[127.02236,37.37112],[127.02264,37.37088],[127.02292,37.37072],[127.02347,37.37096],[127.02403,37.37094],[127.02431,37.37125],[127.02458,37.37141],[127.02514,37.37159],[127.02542,37.37181],[127.02597,37.37195],[127.02625,37.37207],[127.02681,37.37219],[127.02697,37.37236],[127.02703,37.37292],[127.02686,37.37319],[127.02653,37.37348],[127.02569,37.37359],[127.02532,37.37375],[127.02464,37.37431],[127.02404,37.37514],[127.02374,37.37542],[127.02311,37.37569],[127.02236,37.37581],[127.02181,37.37562],[127.02153,37.37563],[127.02125,37.37571],[127.02042,37.37566],[127.02014,37.37574],[127.01937,37.37625],[127.01954,37.37681],[127.01947,37.37708],[127.01947,37.37736],[127.01988,37.37792],[127.01985,37.37819],[127.01991,37.37847],[127.01986,37.37856],[127.01958,37.37889],[127.01934,37.37903],[127.01819,37.37917],[127.01792,37.37941],[127.01768,37.37986],[127.01746,37.38014],[127.01699,37.38042],[127.01675,37.38069],[127.01708,37.38084],[127.01792,37.38103],[127.01847,37.38105],[127.01903,37.38115],[127.01971,37.38153],[127.02014,37.38185],[127.02069,37.38208],[127.02097,37.38226],[127.02125,37.38227],[127.02236,37.38193],[127.02292,37.38194],[127.02347,37.38187],[127.02458,37.38214],[127.02514,37.3825],[127.02569,37.38274],[127.02621,37.38319],[127.02652,37.38375],[127.02645,37.38403],[127.02658,37.38431],[127.0272,37.38458],[127.02764,37.38465],[127.02792,37.38461],[127.02819,37.38481],[127.02847,37.38515],[127.02862,37.38542],[127.0287,37.38569],[127.02927,37.38597],[127.02935,37.38625],[127.02918,37.38681],[127.02975,37.38708],[127.03069,37.38721],[127.03085,37.38736],[127.03085,37.38764],[127.03059,37.38792],[127.02986,37.38822],[127.02931,37.38862],[127.02901,37.38875],[127.02868,37.38931],[127.02819,37.38947],[127.02772,37.38986],[127.02754,37.39014],[127.02792,37.39033],[127.02846,37.39069],[127.02875,37.39105],[127.02903,37.39114],[127.02958,37.39113],[127.03014,37.39119],[127.03042,37.39133],[127.03069,37.3914],[127.03097,37.39139],[127.03125,37.39133],[127.03134,37.39125],[127.03153,37.39082],[127.03208,37.39055],[127.03301,37.39069],[127.03322,37.39097],[127.03347,37.39117],[127.03403,37.39092],[127.03431,37.39086],[127.03486,37.39091],[127.03514,37.39103],[127.03569,37.39113],[127.03595,37.39125],[127.03617,37.39153],[127.03613,37.39208],[127.03578,37.39236],[127.03579,37.39264],[127.03585,37.39292],[127.03681,37.39316],[127.03736,37.39317],[127.03847,37.39296],[127.03958,37.3925],[127.04014,37.39242],[127.04022,37.39236],[127.04028,37.39208],[127.04042,37.39187],[127.04069,37.39191],[127.04097,37.39184],[127.04111,37.39153],[127.04125,37.39144],[127.04153,37.39139],[127.04181,37.39153],[127.04236,37.39158],[127.04264,37.39147],[127.04292,37.39104],[127.04347,37.39106],[127.04375,37.391],[127.04403,37.39069],[127.04431,37.39061],[127.04458,37.39062],[127.04478,37.39042],[127.04471,37.39014],[127.04475,37.38986],[127.04486,37.38973],[127.04562,37.38958],[127.0457,37.38931],[127.04625,37.38896],[127.04635,37.38875],[127.04604,37.38847],[127.04627,37.38819],[127.04653,37.38798],[127.04681,37.38777],[127.04708,37.38771],[127.04714,37.38764],[127.04653,37.3872],[127.04625,37.3873],[127.04597,37.38753],[127.04569,37.38758],[127.04549,37.38736],[127.04563,37.38681],[127.04555,37.38653],[127.04514,37.3865],[127.04486,37.38641],[127.04469,37.38625],[127.04486,37.3858],[127.04523,37.38542],[127.04501,37.38486],[127.04497,37.38458],[127.04486,37.38433],[127.04458,37.38457],[127.04431,37.38465],[127.04417,37.38514],[127.04423,37.38569],[127.04403,37.38578],[127.04364,37.38625],[127.04292,37.38661],[127.04264,37.38667],[127.04153,37.38663],[127.04125,37.38653],[127.04143,37.38625],[127.04149,37.38597],[127.04162,37.38569],[127.04153,37.38546],[127.04125,37.38521],[127.04097,37.38519],[127.04069,37.38526],[127.0404,37.38542],[127.0402,37.38569],[127.04013,37.38597],[127.03986,37.38631],[127.03923,37.38653],[127.03875,37.3866],[127.03832,37.38653],[127.03785,37.38625],[127.03764,37.3862],[127.03736,37.38629],[127.03723,37.38597],[127.03727,37.38514],[127.03764,37.3848],[127.0386,37.38431],[127.03853,37.38403],[127.03736,37.38402],[127.0367,37.38375],[127.03721,37.38319],[127.03792,37.38279],[127.03811,37.38264],[127.03819,37.38252],[127.03857,37.38236],[127.0387,37.38208],[127.03869,37.38181],[127.03896,37.38153],[127.039,37.38125],[127.03931,37.38116],[127.03954,37.38097],[127.03986,37.3808],[127.03992,37.38069],[127.03996,37.38042],[127.03992,37.37986],[127.03998,37.37958],[127.04011,37.37931],[127.0401,37.37903],[127.03995,37.37875],[127.03984,37.37819],[127.03963,37.37764],[127.04015,37.37736],[127.04011,37.37708],[127.03958,37.3769],[127.03949,37.37681],[127.03948,37.37653],[127.03958,37.37641],[127.03974,37.37597],[127.03971,37.37542],[127.03986,37.37527],[127.04042,37.37525],[127.04069,37.3752],[127.04097,37.37506],[127.04153,37.37517],[127.04168,37.37514],[127.04181,37.37505],[127.04188,37.37486],[127.04181,37.37458],[127.04186,37.37431],[127.04181,37.37403],[127.04156,37.37375],[127.04181,37.37339],[127.04201,37.37319],[127.04125,37.37274],[127.04097,37.37271],[127.04069,37.37282],[127.04042,37.373],[127.04018,37.37319],[127.04009,37.37347],[127.03986,37.37356],[127.03964,37.37375],[127.03903,37.37384],[127.03891,37.37375],[127.03897,37.37347],[127.0391,37.37319],[127.03916,37.37264],[127.03903,37.37256],[127.03875,37.37258],[127.03847,37.37266],[127.03819,37.37281],[127.03792,37.37282],[127.03736,37.37265],[127.03708,37.37266],[127.03569,37.37288],[127.03431,37.37328],[127.03375,37.37349],[127.03264,37.37327],[127.03181,37.37329],[127.03097,37.37374],[127.03042,37.3738],[127.02986,37.3741],[127.02958,37.37409],[127.02931,37.37391],[127.02877,37.37375],[127.02882,37.37347],[127.02875,37.3734],[127.02847,37.37321],[127.02786,37.37292],[127.02811,37.37264],[127.02849,37.37236],[127.02849,37.37208],[127.02872,37.37181],[127.02907,37.37153],[127.02931,37.37142],[127.02958,37.37141],[127.02986,37.37131],[127.03014,37.37116],[127.03069,37.37099],[127.03097,37.37084],[127.03111,37.37069],[127.03128,37.37014],[127.03153,37.36986],[127.03213,37.36958],[127.03264,37.36904],[127.03347,37.36886],[127.03375,37.36886],[127.03403,37.36892],[127.03458,37.36886],[127.03486,37.36877],[127.03514,37.3685],[127.03531,37.36819],[127.03542,37.36812],[127.03597,37.36786],[127.03625,37.36785],[127.03653,37.36795],[127.03681,37.36792],[127.03708,37.36779],[127.03747,37.36736],[127.03764,37.36726],[127.03792,37.36724],[127.03824,37.36708],[127.03847,37.36676],[127.03986,37.36623],[127.04042,37.36581],[127.04097,37.36603],[127.04125,37.36598],[127.04132,37.36569],[127.0413,37.36542],[127.04153,37.36519],[127.04181,37.36514],[127.04195,37.36486],[127.04181,37.36467],[127.04125,37.3645],[127.04069,37.36442],[127.04014,37.36445],[127.03986,37.36437],[127.03931,37.36434],[127.03875,37.36401],[127.03847,37.36409],[127.03792,37.36443],[127.03773,37.36486],[127.03764,37.36494],[127.03736,37.36498],[127.03681,37.36493],[127.03542,37.36534],[127.03458,37.36546],[127.03431,37.36546],[127.03319,37.36526],[127.03289,37.36514],[127.03274,37.36486],[127.03264,37.3642],[127.03244,37.36403],[127.03153,37.36374],[127.03069,37.36371],[127.02958,37.3638],[127.02931,37.36402],[127.02847,37.36408],[127.02819,37.36418],[127.02792,37.36436],[127.02764,37.36441],[127.02708,37.3642],[127.02681,37.36417],[127.02625,37.36388],[127.02584,37.36375],[127.02569,37.36359],[127.02566,37.36347],[127.02596,37.36319],[127.02653,37.36297],[127.02707,37.36236],[127.02653,37.36196],[127.02644,37.36181],[127.02638,37.36153],[127.02625,37.36145],[127.02569,37.36137],[127.02542,37.36122],[127.02486,37.3611],[127.02465,37.36097],[127.02481,37.36069],[127.02486,37.36027],[127.02597,37.36037],[127.02653,37.36057],[127.02681,37.36058],[127.02708,37.36052],[127.02719,37.36042],[127.02728,37.36014]]}},{"type":"Feature","properties":{"elev":300,"idx":1},"geometry":{"type":"LineString","coordinates":[[127.05985,37.46931],[127.06014,37.46937],[127.06097,37.46934],[127.06125,37.46924],[127.06181,37.46931],[127.06186,37.46903],[127.06153,37.46889],[127.06042,37.46894],[127.06017,37.46903],[127.05985,37.46931]]}},{"type":"Feature","properties":{"elev":300,"idx":1},"geometry":{"type":"LineString","coordinates":[[126.98014,37.45343],[126.98042,37.45356],[126.98051,37.45375],[126.98051,37.45403],[126.98069,37.45422],[126.98125,37.45432],[126.9815,37.45458],[126.9816,37.45486],[126.98152,37.45514],[126.98208,37.45545],[126.98235,37.45569],[126.98236,37.45628],[126.98264,37.45612],[126.98283,37.45569],[126.98319,37.45524],[126.98334,37.45514],[126.98351,37.45486],[126.98319,37.45483],[126.98292,37.4547],[126.98254,37.45431],[126.98208,37.4541],[126.98181,37.4539],[126.98163,37.45375],[126.98163,37.45347],[126.98153,37.45311],[126.98125,37.45293],[126.98069,37.4527],[126.98042,37.45251],[126.98025,37.45236],[126.98014,37.45214]]}},{"type":"Feature","properties":{"elev":300,"idx":1},"geometry":{"type":"LineString","coordinates":[[126.98014,37.44836],[126.98027,37.44819],[126.98026,37.44792],[126.98037,37.44764],[126.98071,37.44736],[126.98072,37.44708],[126.98063,37.44681],[126.98076,37.44625],[126.98042,37.44608],[126.98014,37.44603]]}},{"type":"Feature","properties":{"elev":300,"idx":1},"geometry":{"type":"LineString","coordinates":[[127.08783,37.44653],[127.08792,37.44665],[127.08847,37.44634],[127.08901,37.44569],[127.08951,37.44542],[127.08947,37.44514],[127.08879,37.44458],[127.08847,37.44452],[127.08764,37.44453],[127.08708,37.44435],[127.08653,37.44429],[127.08605,37.44458],[127.08619,37.44486],[127.08652,37.44514],[127.08666,37.44542],[127.08708,37.44564],[127.08736,37.4459],[127.08785,37.44625],[127.08783,37.44653]]}},{"type":"Feature","properties":{"elev":300,"idx":1},"geometry":{"type":"LineString","coordinates":[[126.98014,37.44391],[126.98042,37.44389],[126.98093,37.44375],[126.98042,37.44362],[126.98014,37.44347]]}},{"type":"Feature","properties":{"elev":300,"idx":1},"geometry":{"type":"LineString","coordinates":[[127.07146,37.44347],[127.07153,37.44353],[127.07181,37.44355],[127.07195,37.44347],[127.07196,37.44319],[127.07211,37.44292],[127.07236,37.44265],[127.07319,37.44251],[127.07347,37.44252],[127.07375,37.44247],[127.07388,37.44236],[127.07292,37.44211],[127.07264,37.44214],[127.07195,37.44236],[127.07181,37.44251],[127.07164,37.44292],[127.07144,37.44319],[127.07146,37.44347]]}},{"type":"Feature","properties":{"elev":300,"idx":1},"geometry":{"type":"LineString","coordinates":[[127.0341,37.44236],[127.03431,37.44238],[127.03514,37.44226],[127.03569,37.44231],[127.03653,37.44224],[127.03665,37.44208],[127.03665,37.44181],[127.03653,37.44153],[127.03649,37.44125],[127.03708,37.44071],[127.03702,37.44042],[127.03708,37.44033],[127.03764,37.44029],[127.03792,37.44017],[127.03819,37.43993],[127.03847,37.43997],[127.03875,37.43995],[127.03903,37.43983],[127.03931,37.43992],[127.03958,37.44017],[127.03986,37.44025],[127.04014,37.44024],[127.04042,37.44013],[127.04069,37.43985],[127.04153,37.43955],[127.04236,37.43958],[127.04292,37.43935],[127.04299,37.43931],[127.04319,37.43852],[127.04345,37.43819],[127.04404,37.43792],[127.04472,37.43736],[127.04492,37.43708],[127.04495,37.43653],[127.04569,37.43576],[127.0463,37.43542],[127.04662,37.43542],[127.04708,37.43583],[127.04736,37.436],[127.04875,37.43614],[127.04903,37.43612],[127.04986,37.4364],[127.05042,37.43678],[127.05069,37.43679],[127.05097,37.43688],[127.05181,37.43692],[127.05236,37.43716],[127.05264,37.43711],[127.05319,37.43682],[127.0536,37.43625],[127.0542,37.43597],[127.05435,37.43569],[127.05414,37.43542],[127.05405,37.43514],[127.05407,37.43486],[127.05375,37.43458],[127.05264,37.43412],[127.05236,37.43392],[127.05217,37.43375],[127.05199,37.43347],[127.05204,37.43319],[127.05292,37.43263],[127.05366,37.43236],[127.05367,37.43208],[127.05357,37.43181],[127.0536,37.43153],[127.05375,37.43129],[127.05486,37.43096],[127.05569,37.43091],[127.05597,37.43098],[127.05625,37.43093],[127.05653,37.4308],[127.05681,37.43059],[127.05708,37.43051],[127.05797,37.43042],[127.05824,37.43014],[127.05764,37.42983],[127.05711,37.42931],[127.05552,37.42819],[127.05534,37.42792],[127.05525,37.42764],[127.05529,37.42736],[127.05526,37.42708],[127.05486,37.42679],[127.05319,37.42637],[127.05181,37.42639],[127.05128,37.42625],[127.05125,37.42597],[127.05168,37.42569],[127.05208,37.42519],[127.05279,37.42458],[127.05262,37.42403],[127.05281,37.42375],[127.05319,37.42358],[127.05403,37.42364],[127.05431,37.42361],[127.05456,37.42347],[127.05456,37.42319],[127.05436,37.42292],[127.05403,37.42272],[127.05347,37.42255],[127.05304,37.42236],[127.05242,37.42181],[127.05264,37.42157],[127.05319,37.42177],[127.05347,37.42181],[127.05375,37.42181],[127.05403,37.42174],[127.05426,37.42153],[127.05431,37.42136],[127.05449,37.42125],[127.05486,37.42129],[127.05569,37.42113],[127.0559,37.42097],[127.05593,37.42069],[127.05597,37.42065],[127.05653,37.42042],[127.05628,37.42014],[127.05587,37.41986],[127.05599,37.41958],[127.05594,37.41931],[127.05542,37.41875],[127.05549,37.41819],[127.05559,37.41792],[127.05548,37.41764],[127.05513,37.41736],[127.0553,37.41708],[127.05542,37.41702],[127.05625,37.41726],[127.05644,37.41736],[127.05653,37.41751],[127.05681,37.4178],[127.05708,37.41782],[127.05727,37.41764],[127.05764,37.41751],[127.05819,37.41754],[127.05847,37.41747],[127.05903,37.41714],[127.05931,37.41706],[127.06006,37.41736],[127.06042,37.41766],[127.06097,37.41785],[127.06153,37.41762],[127.06264,37.41785],[127.06292,37.41784],[127.06347,37.41773],[127.06458,37.41789],[127.06486,37.41785],[127.06514,37.41789],[127.06524,37.41792],[127.06542,37.41814],[127.06569,37.41877],[127.06625,37.41898],[127.06653,37.419],[127.06679,37.41875],[127.06672,37.41847],[127.06647,37.41819],[127.06616,37.41764],[127.06614,37.41708],[127.0662,37.41681],[127.06613,37.41625],[127.06625,37.41591],[127.06683,37.41542],[127.0666,37.41486],[127.06625,37.41467],[127.06569,37.41445],[127.06557,37.41431],[127.06543,37.41403],[127.06529,37.41347],[127.06514,37.41322],[127.06458,37.4127],[127.06431,37.41261],[127.06208,37.4126],[127.06181,37.41254],[127.06148,37.41236],[127.06125,37.41217],[127.06104,37.41208],[127.06042,37.41205],[127.06014,37.41194],[127.05875,37.4111],[127.0586,37.41097],[127.0584,37.41069],[127.05853,37.41042],[127.05847,37.41038],[127.05819,37.41054],[127.05792,37.41058],[127.05764,37.41068],[127.05736,37.41061],[127.05723,37.41042],[127.05653,37.40996],[127.05621,37.40986],[127.05597,37.40958],[127.05587,37.40931],[127.05569,37.40918],[127.05542,37.40914],[127.05486,37.40926],[127.05403,37.40902],[127.05375,37.40903],[127.05351,37.40958],[127.05319,37.4097],[127.05292,37.40958],[127.05275,37.40931],[127.05264,37.40921],[127.05236,37.40915],[127.05181,37.40922],[127.05069,37.4091],[127.05062,37.40903],[127.05053,37.40875],[127.05073,37.40847],[127.05042,37.40819],[127.04986,37.40815],[127.04958,37.40806],[127.04931,37.40776],[127.04903,37.40757],[127.04805,37.40736],[127.04804,37.40708],[127.04822,37.40681],[127.04812,37.40653],[127.04819,37.4065],[127.04875,37.40666],[127.04903,37.40665],[127.04931,37.40654],[127.04986,37.40656],[127.05014,37.40645],[127.05026,37.40625],[127.05042,37.40612],[127.05097,37.40618],[127.05122,37.40597],[127.05153,37.40551],[127.05181,37.40543],[127.05208,37.40562],[127.05236,37.40575],[127.05264,37.40571],[127.05292,37.40552],[127.05319,37.40546],[127.05375,37.40538],[127.05403,37.4054],[127.05431,37.40531],[127.05444,37.40514],[127.05446,37.40486],[127.05428,37.40458],[127.05431,37.40439],[127.05508,37.40431],[127.05542,37.40417],[127.05653,37.40405],[127.05681,37.40397],[127.05708,37.40375],[127.05764,37.4035],[127.05792,37.40314],[127.05819,37.40314],[127.05847,37.40335],[127.05903,37.4035],[127.05931,37.40368],[127.05958,37.40376],[127.05986,37.40379],[127.06042,37.4038],[127.06097,37.40356],[127.06125,37.40354],[127.06153,37.40358],[127.06201,37.40347],[127.06229,37.40319],[127.06208,37.40292],[127.0621,37.40236],[127.06222,37.40181],[127.06211,37.40153],[127.06189,37.40125],[127.06175,37.40097],[127.06175,37.40042],[127.06181,37.40031],[127.06204,37.40014],[127.06278,37.39986],[127.06319,37.39948],[127.06451,37.39903],[127.06477,37.39875],[127.06433,37.39847],[127.06403,37.39837],[127.06292,37.39823],[127.06264,37.39825],[127.06208,37.39838],[127.06097,37.39899],[127.06069,37.39902],[127.06014,37.39899],[127.05986,37.39886],[127.05958,37.39881],[127.05903,37.39893],[127.05819,37.39885],[127.05764,37.39905],[127.05722,37.39931],[127.05681,37.39971],[127.05653,37.39985],[127.05597,37.39977],[127.05569,37.39982],[127.05542,37.40012],[127.05514,37.40022],[127.05458,37.40026],[127.05431,37.40022],[127.05403,37.40008],[127.05381,37.39986],[127.05375,37.3997],[127.05347,37.39959],[127.05292,37.39993],[127.05236,37.39999],[127.05217,37.40014],[127.05198,37.40042],[127.05125,37.4008],[127.05097,37.40067],[127.05084,37.40042],[127.05069,37.40029],[127.05014,37.39996],[127.04986,37.39995],[127.04958,37.40003],[127.04931,37.40015],[127.04875,37.40027],[127.04847,37.40042],[127.04764,37.4005],[127.04708,37.40042],[127.04693,37.39986],[127.04653,37.39937],[127.04634,37.39903],[127.04625,37.39869],[127.04597,37.3985],[127.04569,37.39849],[127.04514,37.39856],[127.04486,37.3987],[127.04458,37.39876],[127.04431,37.39875],[127.04412,37.39847],[127.04381,37.39819],[127.04375,37.39804],[127.04347,37.39788],[127.04316,37.39792],[127.04292,37.39806],[127.04287,37.39847],[127.04273,37.39875],[127.04236,37.39906],[127.04208,37.39895],[127.04178,37.39875],[127.04153,37.3987],[127.04097,37.39875],[127.04042,37.39894],[127.03986,37.3994],[127.03958,37.39955],[127.03931,37.39943],[127.03928,37.39931],[127.03942,37.39903],[127.03932,37.39875],[127.03931,37.39847],[127.03944,37.39819],[127.03947,37.39764],[127.03928,37.39736],[127.03903,37.3971],[127.03875,37.39701],[127.03819,37.397],[127.03792,37.39705],[127.03764,37.39716],[127.03738,37.39736],[127.03716,37.39792],[127.03681,37.39817],[127.03625,37.39834],[127.03603,37.39847],[127.03614,37.39875],[127.03603,37.39903],[127.03597,37.39944],[127.0359,37.39958],[127.03569,37.39978],[127.03542,37.39974],[127.03519,37.39958],[127.03486,37.39947],[127.03458,37.39947],[127.03409,37.39958],[127.03347,37.39999],[127.03334,37.40014],[127.0334,37.40042],[127.03336,37.40069],[127.03319,37.40099],[127.03236,37.40081],[127.03097,37.40031],[127.03042,37.39997],[127.03014,37.39998],[127.02931,37.40054],[127.02903,37.40088],[127.02875,37.40105],[127.02856,37.40125],[127.0288,37.40153],[127.02986,37.40184],[127.03042,37.4019],[127.03097,37.40251],[127.03181,37.40244],[127.03208,37.40275],[127.03216,37.40292],[127.03216,37.40319],[127.03236,37.40342],[127.0325,37.40347],[127.03292,37.4035],[127.03347,37.40339],[127.03375,37.40326],[127.03458,37.40259],[127.03486,37.40258],[127.03499,37.40292],[127.03547,37.40319],[127.03541,37.40347],[127.03566,37.40375],[127.03625,37.40386],[127.03681,37.40372],[127.03689,37.40375],[127.03685,37.40403],[127.03702,37.40431],[127.03741,37.40458],[127.03708,37.40474],[127.03667,37.40486],[127.03653,37.40495],[127.03625,37.40527],[127.03602,37.40542],[127.03514,37.40582],[127.03496,37.40597],[127.03491,37.40625],[127.03501,37.40653],[127.03514,37.40656],[127.03569,37.40656],[127.03597,37.40648],[127.03643,37.40653],[127.03653,37.40658],[127.03664,37.40681],[127.03621,37.40764],[127.03631,37.40792],[127.03695,37.40819],[127.03667,37.40847],[127.03624,37.40875],[127.03642,37.40903],[127.03653,37.4091],[127.03736,37.40922],[127.03764,37.40936],[127.03847,37.40947],[127.03875,37.40957],[127.03895,37.40986],[127.03931,37.41],[127.03986,37.4104],[127.04042,37.41056],[127.04069,37.41059],[127.0409,37.41069],[127.04042,37.41131],[127.04014,37.41133],[127.03958,37.4112],[127.03931,37.41121],[127.03922,37.41125],[127.03903,37.41163],[127.03881,37.41181],[127.03792,37.41206],[127.03736,37.41189],[127.03708,37.41161],[127.03691,37.41153],[127.03681,37.41149],[127.03653,37.41151],[127.03639,37.41181],[127.03638,37.41208],[127.03613,37.41264],[127.03597,37.41284],[127.03569,37.41295],[127.03486,37.41287],[127.03458,37.41279],[127.03375,37.41245],[127.03339,37.41236],[127.03267,37.41208],[127.03245,37.41181],[127.03265,37.41125],[127.03261,37.41097],[127.03181,37.4105],[127.03135,37.41014],[127.03065,37.40986],[127.03042,37.4098],[127.02986,37.40983],[127.02931,37.40967],[127.02903,37.40965],[127.02847,37.40985],[127.02764,37.40991],[127.02731,37.41014],[127.02681,37.41035],[127.02625,37.41049],[127.02569,37.41038],[127.02542,37.41014],[127.02541,37.40986],[127.02522,37.40958],[127.02514,37.40954],[127.02486,37.40955],[127.02456,37.40986],[127.02403,37.41017],[127.02361,37.41069],[127.02354,37.41097],[127.0236,37.41153],[127.02347,37.41162],[127.02319,37.41167],[127.02292,37.4118],[127.02285,37.41208],[127.02264,37.41224],[127.02236,37.41241],[127.02174,37.41264],[127.02208,37.41273],[127.02292,37.41307],[127.02344,37.41347],[127.02375,37.41356],[127.0243,37.41403],[127.02486,37.41411],[127.02514,37.41432],[127.02542,37.41441],[127.02653,37.41425],[127.02692,37.41431],[127.02708,37.41438],[127.02736,37.41464],[127.02759,37.41514],[127.02792,37.41526],[127.02819,37.41527],[127.02845,37.41514],[127.02875,37.41485],[127.02903,37.41471],[127.02958,37.41503],[127.02986,37.41507],[127.03014,37.41502],[127.03069,37.41465],[127.03125,37.41463],[127.03181,37.41445],[127.03237,37.41458],[127.03292,37.41511],[127.03319,37.41529],[127.03347,37.41539],[127.03375,37.41542],[127.03403,37.41558],[127.03431,37.41564],[127.03458,37.41561],[127.03514,37.41572],[127.03542,37.41572],[127.03569,37.41564],[127.03581,37.41569],[127.03597,37.41599],[127.03625,37.41617],[127.03647,37.41625],[127.03625,37.41649],[127.03618,37.41681],[127.03623,37.41708],[127.03653,37.41725],[127.03685,37.41736],[127.03659,37.41764],[127.03584,37.41792],[127.03546,37.41819],[127.0357,37.41847],[127.03569,37.41875],[127.03554,37.41903],[127.03569,37.41913],[127.03614,37.41931],[127.03597,37.41951],[127.0358,37.41986],[127.03574,37.42014],[127.03542,37.42017],[127.03486,37.42004],[127.03458,37.42003],[127.03434,37.42014],[127.03403,37.4204],[127.03347,37.42033],[127.03319,37.42037],[127.03292,37.42044],[127.03258,37.42069],[127.03243,37.42097],[127.0324,37.42125],[127.03228,37.42153],[127.03194,37.42181],[127.0319,37.42208],[127.03211,37.42236],[127.03268,37.42264],[127.03288,37.42292],[127.03274,37.42319],[127.03251,37.42347],[127.03181,37.42386],[127.03171,37.42403],[127.03167,37.42431],[127.03181,37.42447],[127.03199,37.42458],[127.03236,37.42473],[127.03292,37.4248],[127.03319,37.42477],[127.03375,37.4248],[127.03402,37.42486],[127.03404,37.42514],[127.03391,37.42569],[127.03403,37.42575],[127.03458,37.42577],[127.03486,37.42584],[127.03506,37.42597],[127.03486,37.42609],[127.03462,37.42653],[127.03479,37.42681],[127.03473,37.42708],[127.03443,37.42736],[127.03431,37.42757],[127.03424,37.42792],[127.03431,37.42801],[127.03458,37.42818],[127.03514,37.4282],[127.03569,37.42835],[127.03589,37.42847],[127.0359,37.42875],[127.03602,37.42903],[127.03571,37.42931],[127.03514,37.4295],[127.03502,37.42958],[127.03489,37.42986],[127.03502,37.43042],[127.03493,37.43069],[127.03499,37.43097],[127.03514,37.43111],[127.03566,37.43125],[127.03625,37.43156],[127.03708,37.43169],[127.03716,37.43181],[127.03714,37.43208],[127.03698,37.43264],[127.03707,37.43292],[127.03769,37.43347],[127.03771,37.43375],[127.03783,37.43403],[127.03819,37.43422],[127.03847,37.43431],[127.03858,37.43458],[127.03836,37.43486],[127.03823,37.43514],[127.03833,37.43542],[127.03875,37.43567],[127.03903,37.43571],[127.04069,37.43535],[127.04079,37.43542],[127.04097,37.43573],[127.04125,37.43586],[127.04168,37.43597],[127.04042,37.43652],[127.03986,37.43696],[127.03931,37.43713],[127.03875,37.43748],[127.03847,37.43754],[127.03792,37.43754],[127.03764,37.43764],[127.03681,37.43761],[127.03625,37.43771],[127.03597,37.43767],[127.03569,37.43755],[127.03486,37.43745],[127.03403,37.43725],[127.03375,37.43724],[127.03315,37.43736],[127.03306,37.43764],[127.033,37.43819],[127.03317,37.43875],[127.03365,37.43931],[127.03403,37.4395],[127.03408,37.43958],[127.03413,37.43986],[127.03409,37.44014],[127.0342,37.44042],[127.03426,37.44097],[127.03415,37.44125],[127.03385,37.44153],[127.03378,37.44181],[127.03395,37.44208],[127.03403,37.44234],[127.0341,37.44236]]}},{"type":"Feature","properties":{"elev":300,"idx":1},"geometry":{"type":"LineString","coordinates":[[126.98014,37.44172],[126.98055,37.44125],[126.98071,37.44097],[126.98042,37.44095],[126.98014,37.44111]]}},{"type":"Feature","properties":{"elev":300,"idx":1},"geometry":{"type":"LineString","coordinates":[[127.08082,37.44125],[127.08112,37.44125],[127.08128,37.44097],[127.08097,37.44095],[127.08082,37.44125]]}},{"type":"Feature","properties":{"elev":300,"idx":1},"geometry":{"type":"LineString","coordinates":[[127.06794,37.42069],[127.06819,37.42082],[127.06847,37.42077],[127.06856,37.42069],[127.06842,37.42042],[127.06819,37.42026],[127.06792,37.4203],[127.06783,37.42042],[127.06794,37.42069]]}},{"type":"Feature","properties":{"elev":300,"idx":1},"geometry":{"type":"LineString","coordinates":[[127.01284,37.41597],[127.01292,37.41609],[127.01319,37.41623],[127.01338,37.41597],[127.01334,37.41569],[127.01403,37.41504],[127.01431,37.41492],[127.01486,37.41495],[127.01514,37.41486],[127.0154,37.41458],[127.0155,37.41431],[127.01569,37.41406],[127.01637,37.41375],[127.01569,37.41328],[127.01514,37.41321],[127.01486,37.4131],[127.01431,37.41298],[127.01403,37.41284],[127.01375,37.41263],[127.01352,37.41236],[127.01341,37.41208],[127.01319,37.41181],[127.01325,37.41153],[127.01292,37.41138],[127.01236,37.4114],[127.01194,37.41125],[127.01153,37.41122],[127.01125,37.41128],[127.01071,37.41153],[127.01042,37.41176],[127.01014,37.41186],[127.00903,37.41205],[127.00847,37.412],[127.00819,37.41203],[127.00814,37.41208],[127.00805,37.41236],[127.00815,37.41264],[127.00819,37.41267],[127.00931,37.4127],[127.00958,37.41285],[127.00986,37.41287],[127.01042,37.41279],[127.01069,37.4128],[127.01102,37.41292],[127.01153,37.41298],[127.01204,37.41319],[127.01204,37.41347],[127.01176,37.41403],[127.012,37.41458],[127.01208,37.41466],[127.01236,37.41473],[127.01256,37.41486],[127.01291,37.41569],[127.01284,37.41597]]}},{"type":"Feature","properties":{"elev":300,"idx":1},"geometry":{"type":"LineString","coordinates":[[127.0212,37.40208],[127.02153,37.40233],[127.02181,37.40231],[127.02208,37.4022],[127.02236,37.40192],[127.02292,37.40196],[127.02347,37.40191],[127.02362,37.40181],[127.0239,37.40125],[127.02361,37.40097],[127.02347,37.40093],[127.02292,37.40092],[127.02208,37.4008],[127.02097,37.40107],[127.02014,37.40117],[127.01995,37.40125],[127.02014,37.40132],[127.02042,37.40156],[127.02069,37.4017],[127.0212,37.40208]]}},{"type":"Feature","properties":{"elev":300,"idx":1},"geometry":{"type":"LineString","coordinates":[[127.01925,37.40097],[127.01958,37.40101],[127.01964,37.40097],[127.01931,37.40093],[127.01925,37.40097]]}},{"type":"Feature","properties":{"elev":300,"idx":1},"geometry":{"type":"LineString","coordinates":[[127.03804,37.39208],[127.03819,37.39212],[127.03875,37.39205],[127.03931,37.39184],[127.03929,37.39153],[127.03957,37.39125],[127.04014,37.39081],[127.04042,37.39078],[127.04069,37.39054],[127.04097,37.39045],[127.04125,37.39046],[127.04181,37.39064],[127.04208,37.39054],[127.04226,37.39014],[127.04236,37.3901],[127.04292,37.39019],[127.04328,37.39014],[127.0434,37.38986],[127.04363,37.38958],[127.04396,37.38931],[127.04403,37.38903],[127.04395,37.38875],[127.04319,37.38811],[127.04292,37.38803],[127.04208,37.38815],[127.04181,37.38797],[127.04125,37.38784],[127.04042,37.3878],[127.04014,37.38783],[127.03931,37.38775],[127.03887,37.38792],[127.03819,37.38829],[127.03802,37.38819],[127.03784,37.38792],[127.03764,37.38779],[127.03736,37.38775],[127.03681,37.38796],[127.03668,37.38792],[127.03653,37.38783],[127.03642,37.38764],[127.03646,37.38736],[127.03625,37.38718],[127.03597,37.38705],[127.03569,37.38698],[127.03542,37.38683],[127.03486,37.38612],[127.03431,37.38569],[127.03414,37.38542],[127.03391,37.38458],[127.03396,37.38431],[127.03367,37.38347],[127.03372,37.38319],[127.03403,37.38303],[127.03421,37.38264],[127.03458,37.38226],[127.03486,37.3822],[127.03514,37.38235],[127.03542,37.3824],[127.03625,37.38196],[127.03713,37.38125],[127.03723,37.38097],[127.03758,37.38042],[127.03765,37.38014],[127.038,37.37958],[127.03805,37.37903],[127.03814,37.37875],[127.03814,37.37847],[127.03777,37.37819],[127.03781,37.37792],[127.03819,37.37765],[127.03839,37.37736],[127.0383,37.37708],[127.03792,37.37686],[127.03771,37.37681],[127.03749,37.37653],[127.03782,37.37625],[127.03854,37.37597],[127.03875,37.37569],[127.03872,37.37542],[127.0388,37.37514],[127.03875,37.37499],[127.03847,37.3749],[127.03792,37.37493],[127.03779,37.37486],[127.03764,37.37458],[127.03777,37.37431],[127.03764,37.37414],[127.03736,37.37407],[127.03708,37.37408],[127.03681,37.37435],[127.03653,37.37431],[127.03625,37.37416],[127.03597,37.37412],[127.03569,37.37418],[127.03552,37.37431],[127.03555,37.37458],[127.03542,37.37487],[127.03486,37.37497],[127.03431,37.37489],[127.03403,37.37494],[127.03347,37.37534],[127.03319,37.37542],[127.03292,37.37533],[127.03236,37.37484],[127.03208,37.37475],[127.03171,37.37486],[127.03125,37.37514],[127.03042,37.37522],[127.0299,37.37542],[127.0299,37.37569],[127.02958,37.37591],[127.02903,37.37565],[127.02875,37.37563],[127.02852,37.37542],[127.02833,37.37514],[127.02792,37.37488],[127.02708,37.37466],[127.02653,37.37462],[127.02625,37.37467],[127.02582,37.37486],[127.0255,37.37514],[127.0254,37.37542],[127.02547,37.37597],[127.02542,37.37603],[127.02487,37.37625],[127.02473,37.37653],[127.02458,37.37668],[127.02347,37.37679],[127.02292,37.37707],[127.02236,37.37716],[127.02208,37.37714],[127.02153,37.3768],[127.02125,37.37675],[127.02088,37.37681],[127.02069,37.37708],[127.02083,37.37764],[127.02099,37.37792],[127.02103,37.37819],[127.02113,37.37847],[127.02117,37.37931],[127.02069,37.37967],[127.02022,37.38014],[127.0203,37.38042],[127.02125,37.38087],[127.02153,37.38088],[127.02181,37.38087],[127.02236,37.38073],[127.02264,37.38075],[127.02319,37.3807],[127.02375,37.38052],[127.02403,37.38063],[127.02431,37.38085],[127.02486,37.38075],[127.02514,37.38079],[127.02537,37.38097],[127.02551,37.38125],[127.02569,37.38141],[127.02597,37.38144],[127.02653,37.38128],[127.02681,37.38181],[127.02736,37.38193],[127.02768,37.38208],[127.02788,37.38236],[127.02779,37.38292],[127.02796,37.38319],[127.02819,37.3833],[127.02847,37.38327],[127.02875,37.38316],[127.02888,37.38319],[127.02903,37.38331],[127.02933,37.38403],[127.02986,37.38444],[127.03042,37.38451],[127.03069,37.38473],[127.03125,37.38542],[127.03102,37.38569],[127.031,37.38597],[127.03125,37.38625],[127.03208,37.38647],[127.03264,37.38654],[127.03292,37.38666],[127.03308,37.38681],[127.03292,37.38689],[127.03246,37.38736],[127.03255,37.38764],[127.03236,37.38788],[127.03181,37.38818],[127.03148,37.38847],[127.03069,37.38875],[127.03054,37.38903],[127.03013,37.38931],[127.0301,37.38986],[127.03014,37.38994],[127.03042,37.39012],[127.03069,37.39006],[127.03125,37.38982],[127.03208,37.38977],[127.03264,37.38992],[127.03292,37.38993],[127.03319,37.38982],[127.03375,37.39009],[127.03431,37.38982],[127.03458,37.38977],[127.03486,37.3898],[127.03542,37.38996],[127.03625,37.39011],[127.03653,37.39024],[127.03667,37.39042],[127.03715,37.39153],[127.03723,37.39181],[127.03736,37.3919],[127.03764,37.39192],[127.03804,37.39208]]}},{"type":"Feature","properties":{"elev":300,"idx":1},"geometry":{"type":"LineString","coordinates":[[127.06039,37.38347],[127.06069,37.38356],[127.06097,37.38354],[127.06115,37.38347],[127.06128,37.38319],[127.06106,37.38264],[127.06088,37.38236],[127.06097,37.38213],[127.06153,37.38188],[127.06196,37.38153],[127.06216,37.38125],[127.06219,37.38097],[127.06236,37.3808],[127.06292,37.38073],[127.06375,37.38029],[127.06403,37.38032],[127.06458,37.38048],[127.06542,37.38051],[127.06569,37.38048],[127.06597,37.38024],[127.06625,37.38018],[127.06681,37.3803],[127.06792,37.37998],[127.06847,37.37987],[127.0686,37.37958],[127.06847,37.37952],[127.06819,37.37952],[127.06736,37.3797],[127.06708,37.3797],[127.06653,37.37955],[127.06625,37.37954],[127.06542,37.37971],[127.06514,37.37941],[127.06486,37.37923],[127.06431,37.37925],[127.06375,37.37945],[127.06347,37.37943],[127.06319,37.37934],[127.06292,37.37934],[127.06264,37.3794],[127.06208,37.37939],[127.06181,37.37948],[127.06169,37.37958],[127.0617,37.37986],[127.06153,37.37995],[127.06069,37.38009],[127.06014,37.38045],[127.05986,37.38041],[127.05949,37.38014],[127.05921,37.37958],[127.05913,37.37931],[127.05912,37.37903],[127.05903,37.37894],[127.05875,37.37885],[127.05819,37.37874],[127.05764,37.37886],[127.05681,37.37884],[127.05651,37.37903],[127.05658,37.37931],[127.05653,37.37936],[127.05607,37.37958],[127.05569,37.37986],[127.05542,37.37982],[127.05458,37.37935],[127.05403,37.37927],[127.05363,37.37903],[127.05327,37.37819],[127.05292,37.37802],[127.05253,37.37792],[127.05236,37.37763],[127.05208,37.37764],[127.05181,37.37783],[127.05153,37.37819],[127.05165,37.37875],[127.05166,37.37903],[127.05181,37.3792],[127.05236,37.37933],[127.05319,37.37977],[127.05375,37.3798],[127.0538,37.37986],[127.05403,37.37994],[127.05579,37.38042],[127.05569,37.38053],[127.05542,37.38062],[127.05535,37.38069],[127.05542,37.38073],[127.05569,37.38075],[127.05625,37.38043],[127.05681,37.38055],[127.05707,37.38069],[127.05699,37.38097],[127.05681,37.38117],[127.05662,37.38125],[127.05659,37.38153],[127.05681,37.38164],[127.05764,37.38158],[127.05847,37.38162],[127.05875,37.38169],[127.05909,37.38208],[127.05934,37.38264],[127.05955,37.38292],[127.06039,37.38347]]}},{"type":"Feature","properties":{"elev":300,"idx":1},"geometry":{"type":"LineString","coordinates":[[127.08337,37.37542],[127.08347,37.3756],[127.08375,37.37568],[127.08403,37.37567],[127.08429,37.37542],[127.08403,37.37515],[127.08375,37.37508],[127.08347,37.37508],[127.08339,37.37514],[127.08337,37.37542]]}},{"type":"Feature","properties":{"elev":300,"idx":1},"geometry":{"type":"LineString","coordinates":[[127.0797,37.37403],[127.08042,37.37416],[127.08069,37.37426],[127.08097,37.37427],[127.08125,37.37415],[127.08138,37.37403],[127.08136,37.37375],[127.08115,37.37347],[127.08104,37.37319],[127.08097,37.37286],[127.08069,37.37261],[127.08014,37.37242],[127.07986,37.37226],[127.07959,37.37236],[127.07986,37.37279],[127.08003,37.37319],[127.07997,37.37347],[127.07972,37.37375],[127.0797,37.37403]]}},{"type":"Feature","properties":{"elev":300,"idx":1},"geometry":{"type":"LineString","coordinates":[[126.98014,37.37335],[126.98042,37.37372],[126.98125,37.37368],[126.98153,37.37381],[126.98181,37.37379],[126.98212,37.37347],[126.98184,37.37264],[126.98183,37.37236],[126.98168,37.37208],[126.98165,37.37181],[126.98151,37.37153],[126.98097,37.37096],[126.98082,37.37069],[126.98082,37.37042],[126.98143,37.36986],[126.98209,37.36958],[126.9821,37.36931],[126.98186,37.36903],[126.98153,37.36887],[126.98069,37.36852],[126.98014,37.36844]]}},{"type":"Feature","properties":{"elev":300,"idx":1},"geometry":{"type":"LineString","coordinates":[[127.01198,37.36014],[127.01188,37.36042],[127.01207,37.36069],[127.01236,37.36074],[127.01264,37.36071],[127.01347,37.36041],[127.01375,37.36041],[127.01403,37.36066],[127.01409,37.36097],[127.01431,37.36116],[127.01496,37.36125],[127.01514,37.36156],[127.01583,37.36181],[127.01597,37.36191],[127.0161,37.36208],[127.01608,37.36236],[127.01565,37.36319],[127.01569,37.36347],[127.01597,37.36383],[127.01625,37.36391],[127.01653,37.36388],[127.01681,37.36375],[127.01708,37.36369],[127.01792,37.36374],[127.01819,37.36371],[127.01847,37.36358],[127.01875,37.36354],[127.01931,37.36363],[127.02014,37.36355],[127.02069,37.36371],[127.02104,37.36375],[127.02125,37.36406],[127.02153,37.36424],[127.02181,37.36433],[127.02208,37.36433],[127.02236,37.36425],[127.02264,37.36426],[127.0227,37.36431],[127.02316,37.36486],[127.02317,37.36514],[127.02306,37.36542],[127.02328,37.36569],[127.02336,37.36597],[127.02312,37.36653],[127.02321,37.36681],[127.0232,37.36708],[127.02282,37.36736],[127.02269,37.36764],[127.02273,37.36819],[127.02264,37.3683],[127.02236,37.3685],[127.02165,37.36875],[127.02181,37.36885],[127.02236,37.36895],[127.02292,37.3693],[127.02347,37.36938],[127.02375,37.36966],[127.02431,37.36975],[127.02445,37.36986],[127.02458,37.37022],[127.02476,37.37042],[127.02486,37.37046],[127.02569,37.3704],[127.02597,37.37043],[127.02653,37.37087],[127.02681,37.37096],[127.02708,37.37098],[127.02764,37.37086],[127.02792,37.37089],[127.02819,37.37083],[127.02847,37.37063],[127.02875,37.37051],[127.03009,37.37014],[127.03004,37.36986],[127.03005,37.36931],[127.03042,37.36905],[127.031,37.36903],[127.03114,37.36875],[127.03117,37.36847],[127.03125,37.36837],[127.03181,37.36807],[127.03208,37.36799],[127.03264,37.36795],[127.03375,37.36778],[127.03403,37.36764],[127.03431,37.36736],[127.03542,37.36697],[127.03625,37.3669],[127.03708,37.36643],[127.03752,37.36625],[127.03736,37.36616],[127.03708,37.3661],[127.03681,37.36611],[127.03569,37.36646],[127.03514,37.3665],[127.03431,37.36645],[127.03403,37.36656],[127.03375,37.3666],[127.03264,37.36628],[127.03236,37.36595],[127.03097,37.36535],[127.03069,37.36531],[127.03014,37.36558],[127.02958,37.36571],[127.02912,37.36569],[127.02875,37.36561],[127.02847,37.36575],[127.02822,37.36597],[127.02792,37.36605],[127.02708,37.36601],[127.027,37.36597],[127.02679,37.36569],[127.02653,37.36556],[127.02597,37.36549],[127.02585,37.36542],[127.02555,37.36514],[127.02542,37.36473],[127.02524,37.36458],[127.02458,37.36446],[127.02443,37.36431],[127.02445,37.36403],[127.02429,37.36375],[127.02418,37.36319],[127.02405,37.36292],[127.02426,37.36264],[127.02437,37.36236],[127.02319,37.36238],[127.02292,37.36227],[127.02268,37.36208],[127.02292,37.3619],[127.02327,37.36125],[127.02318,37.36069],[127.02285,37.36042],[127.0229,37.36014]]}},{"type":"Feature","properties":{"elev":350,"idx":0},"geometry":{"type":"LineString","coordinates":[[127.03524,37.44069],[127.03542,37.44088],[127.03569,37.44069],[127.03594,37.44042],[127.03625,37.44023],[127.03632,37.44014],[127.03637,37.43958],[127.03653,37.43948],[127.03708,37.43935],[127.03764,37.43892],[127.03792,37.43888],[127.03847,37.43909],[127.03875,37.43906],[127.03903,37.43889],[127.03931,37.43886],[127.03986,37.43909],[127.04014,37.43889],[127.04042,37.43877],[127.04125,37.43865],[127.04153,37.43855],[127.04165,37.43847],[127.04176,37.43819],[127.04192,37.43764],[127.04194,37.43736],[127.04181,37.43723],[127.04153,37.43719],[127.04125,37.43723],[127.04097,37.43735],[127.04069,37.43794],[127.04014,37.43834],[127.03986,37.43845],[127.03903,37.43837],[127.03819,37.43845],[127.03708,37.43833],[127.03681,37.43838],[127.03653,37.43862],[127.03625,37.43875],[127.03597,37.43865],[127.03514,37.43812],[127.03458,37.43804],[127.03431,37.43806],[127.0341,37.43819],[127.03418,37.43847],[127.03474,37.43903],[127.03493,37.43931],[127.03508,37.43986],[127.03502,37.44042],[127.03514,37.44062],[127.03524,37.44069]]}},{"type":"Feature","properties":{"elev":350,"idx":0},"geometry":{"type":"LineString","coordinates":[[127.05208,37.43597],[127.05236,37.43602],[127.05286,37.43569],[127.05284,37.43542],[127.05258,37.43514],[127.05153,37.43442],[127.05068,37.43403],[127.05023,37.43375],[127.0499,37.43347],[127.05004,37.43319],[127.05042,37.4329],[127.05097,37.43282],[127.05125,37.43273],[127.05139,37.43264],[127.05153,37.43233],[127.05181,37.43221],[127.05195,37.43208],[127.05245,37.43125],[127.05248,37.43069],[127.05277,37.43042],[127.05347,37.43022],[127.05375,37.43022],[127.05431,37.43006],[127.0557,37.42986],[127.05553,37.42958],[127.05514,37.42925],[127.0549,37.42875],[127.05455,37.42847],[127.05434,37.42819],[127.0543,37.42764],[127.05403,37.42744],[127.05375,37.42741],[127.05319,37.42723],[127.05264,37.42712],[127.05236,37.42717],[127.05153,37.42751],[127.05069,37.42773],[127.05048,37.42764],[127.05049,37.42708],[127.05042,37.42698],[127.05014,37.42684],[127.04957,37.42681],[127.04931,37.42667],[127.04921,37.42653],[127.04934,37.42597],[127.04926,37.42569],[127.0497,37.42542],[127.05042,37.42534],[127.0508,37.42486],[127.05079,37.42458],[127.05108,37.42375],[127.05102,37.42347],[127.05111,37.42319],[127.05125,37.42308],[127.05181,37.42301],[127.05201,37.42292],[127.05182,37.42236],[127.05144,37.42208],[127.05133,37.42181],[127.05073,37.42125],[127.05051,37.42097],[127.04986,37.42069],[127.05008,37.42042],[127.05013,37.42014],[127.04951,37.41986],[127.04868,37.41875],[127.04875,37.41856],[127.04903,37.41855],[127.05042,37.41922],[127.05069,37.41931],[127.05153,37.41944],[127.05236,37.41973],[127.05254,37.41986],[127.05272,37.42014],[127.05303,37.42042],[127.05318,37.42069],[127.05347,37.42071],[127.05375,37.42061],[127.05403,37.42043],[127.05431,37.42037],[127.05458,37.42041],[127.05481,37.42014],[127.05488,37.41986],[127.05486,37.41958],[127.05453,37.41931],[127.05449,37.41903],[127.05429,37.41875],[127.05446,37.41847],[127.05456,37.41819],[127.05442,37.41792],[127.05431,37.41784],[127.0537,37.41764],[127.0533,37.41736],[127.05347,37.41711],[127.05406,37.41708],[127.05419,37.41681],[127.05352,37.41625],[127.05329,37.41597],[127.05347,37.41581],[127.05375,37.41576],[127.05403,37.41583],[127.05458,37.41609],[127.05486,37.41613],[127.05514,37.41603],[127.05542,37.41585],[127.05597,37.41634],[127.05653,37.41664],[127.05681,37.41672],[127.05708,37.41667],[127.05736,37.41649],[127.05792,37.41668],[127.05819,37.41671],[127.05875,37.4165],[127.05931,37.4164],[127.05958,37.41619],[127.05998,37.41653],[127.06042,37.4167],[127.06069,37.41668],[127.06085,37.41653],[127.06125,37.41633],[127.06181,37.41667],[127.06208,37.4167],[127.06264,37.41665],[127.06319,37.41681],[127.06347,37.41679],[127.06403,37.41693],[127.06486,37.41702],[127.06499,37.41681],[127.06485,37.41625],[127.06486,37.41597],[127.06464,37.41569],[127.06458,37.4154],[127.06409,37.41514],[127.06404,37.41486],[127.0642,37.41458],[127.06398,37.41375],[127.06375,37.41361],[127.06264,37.41332],[127.06208,37.41331],[127.06125,37.41318],[127.06093,37.41292],[127.06014,37.41272],[127.05958,37.41242],[127.05792,37.41171],[127.05764,37.41162],[127.05708,37.41156],[127.05681,37.41133],[127.05649,37.41097],[127.05606,37.41069],[127.05542,37.41019],[127.05514,37.4101],[127.05458,37.41009],[127.05426,37.41014],[127.05364,37.41069],[127.05347,37.41101],[127.05319,37.41118],[127.05264,37.41117],[127.05208,37.41108],[127.05192,37.41097],[127.05194,37.41042],[127.05181,37.4103],[127.05069,37.41024],[127.05042,37.41013],[127.05014,37.41011],[127.04986,37.41017],[127.04958,37.41014],[127.04981,37.40958],[127.04984,37.40931],[127.04944,37.40903],[127.04925,37.40875],[127.04903,37.40865],[127.04875,37.40839],[127.04847,37.40827],[127.04792,37.40821],[127.04764,37.40823],[127.04736,37.40833],[127.04708,37.40851],[127.04681,37.4085],[127.04671,37.40819],[127.04653,37.40801],[127.04597,37.40776],[127.04551,37.40764],[127.04549,37.40736],[127.04569,37.40728],[127.04597,37.40726],[127.04643,37.40708],[127.04638,37.40681],[127.04659,37.40653],[127.04681,37.40641],[127.04693,37.40625],[127.04687,37.40597],[127.04708,37.40586],[127.04764,37.40583],[127.04819,37.40564],[127.04847,37.4056],[127.04875,37.40578],[127.04903,37.4058],[127.04956,37.40569],[127.04986,37.40518],[127.05014,37.40518],[127.05042,37.40526],[127.05069,37.40511],[127.05097,37.40484],[127.05125,37.40476],[127.05181,37.40476],[127.05236,37.40495],[127.05264,37.40498],[127.05297,37.40486],[127.05318,37.40458],[127.05282,37.40403],[127.05289,37.40375],[127.05375,37.40358],[127.05403,37.40356],[127.05458,37.40362],[127.05486,37.40353],[127.05514,37.40329],[127.05569,37.40336],[127.05625,37.40334],[127.05653,37.4032],[127.05689,37.40292],[127.05708,37.40266],[127.05721,37.40236],[127.05764,37.40207],[127.05792,37.40204],[127.05833,37.40208],[127.05847,37.40214],[127.05875,37.40244],[127.05931,37.40261],[127.05958,37.40287],[127.05986,37.40302],[127.06014,37.40305],[127.06037,37.40292],[127.06069,37.40238],[127.06081,37.40208],[127.0606,37.40181],[127.06049,37.40153],[127.06049,37.40125],[127.06055,37.40097],[127.06049,37.40069],[127.06052,37.40014],[127.06042,37.40002],[127.05986,37.39989],[127.05958,37.39991],[127.05903,37.40012],[127.05792,37.40028],[127.05764,37.40042],[127.05708,37.40085],[127.05681,37.401],[127.05653,37.40136],[127.05625,37.40154],[127.05514,37.40129],[127.05486,37.40128],[127.05431,37.40138],[127.05403,37.40124],[127.05347,37.40111],[127.05292,37.40108],[127.05264,37.40125],[127.05153,37.40151],[127.05097,37.40184],[127.05069,37.4019],[127.05053,37.40181],[127.05042,37.40168],[127.05018,37.40125],[127.04986,37.40118],[127.04958,37.40123],[127.04929,37.40153],[127.04903,37.40171],[127.04847,37.40154],[127.04819,37.4015],[127.04792,37.40156],[127.04764,37.40175],[127.04681,37.40176],[127.04653,37.40155],[127.04597,37.40143],[127.04584,37.40125],[127.04576,37.40097],[127.04598,37.40069],[127.04596,37.40014],[127.04569,37.39981],[127.04542,37.39957],[127.04514,37.39953],[127.04486,37.39957],[127.04431,37.39982],[127.04403,37.39979],[127.04347,37.3996],[127.04319,37.39956],[127.04292,37.39966],[127.04266,37.39986],[127.04257,37.40014],[127.04261,37.40042],[127.04208,37.40049],[127.04177,37.40042],[127.04153,37.4003],[127.04144,37.40014],[127.04147,37.39986],[127.04128,37.39958],[127.04097,37.39951],[127.04069,37.39959],[127.04046,37.39986],[127.04006,37.40014],[127.03979,37.40042],[127.03958,37.40072],[127.03903,37.40101],[127.03847,37.40104],[127.03819,37.4008],[127.03817,37.40069],[127.03829,37.40014],[127.03823,37.39958],[127.03832,37.39931],[127.03854,37.39903],[127.03856,37.39875],[127.03847,37.3985],[127.03819,37.39814],[127.03789,37.39847],[127.03736,37.39882],[127.03705,37.39931],[127.03701,37.39958],[127.03678,37.40014],[127.03673,37.40042],[127.03653,37.40061],[127.03597,37.40095],[127.03569,37.40097],[127.03514,37.40084],[127.03486,37.40089],[127.03475,37.40097],[127.03464,37.40125],[127.03486,37.40146],[127.03514,37.40143],[127.03542,37.40156],[127.03625,37.40228],[127.03681,37.40226],[127.03708,37.40235],[127.0371,37.40264],[127.0373,37.40292],[127.03792,37.40285],[127.03819,37.40291],[127.03832,37.40319],[127.03807,37.40347],[127.03805,37.40375],[127.03875,37.40393],[127.03937,37.40431],[127.03875,37.4047],[127.03836,37.40514],[127.03784,37.40542],[127.03753,37.40569],[127.03777,37.40597],[127.03847,37.40617],[127.03856,37.40625],[127.03819,37.40679],[127.03792,37.4069],[127.03754,37.40736],[127.03764,37.40747],[127.03875,37.40771],[127.03906,37.40792],[127.03874,37.40847],[127.03893,37.40875],[127.03931,37.40888],[127.03958,37.40909],[127.04004,37.40931],[127.04016,37.40958],[127.04042,37.40976],[127.04069,37.40981],[127.04125,37.4097],[127.04144,37.40986],[127.04153,37.41001],[127.04181,37.41013],[127.04236,37.41006],[127.04261,37.41014],[127.04247,37.41042],[127.04259,37.41069],[127.04294,37.41097],[127.0425,37.41125],[127.04263,37.41153],[127.04264,37.41181],[127.04208,37.41179],[127.04181,37.41186],[127.04166,37.41208],[127.04184,37.41236],[127.04153,37.41263],[127.04069,37.41239],[127.04042,37.41244],[127.04014,37.41283],[127.03958,37.41301],[127.03931,37.41305],[127.03903,37.41296],[127.03875,37.41296],[127.03819,37.41323],[127.03764,37.41304],[127.03736,37.41302],[127.03708,37.4132],[127.03656,37.41375],[127.03597,37.41391],[127.03514,37.41392],[127.03458,37.41386],[127.03375,37.41364],[127.03264,37.41328],[127.03236,37.41314],[127.03181,37.41307],[127.03097,37.41283],[127.03064,37.41264],[127.02998,37.41208],[127.02995,37.41181],[127.03028,37.41153],[127.03008,37.41125],[127.02931,37.41096],[127.02903,37.41093],[127.02708,37.41118],[127.02681,37.41137],[127.02653,37.41145],[127.02597,37.41135],[127.02514,37.41113],[127.02486,37.41112],[127.02458,37.41118],[127.02454,37.41125],[127.02499,37.41181],[127.02464,37.41208],[127.02408,37.41236],[127.02377,37.41264],[127.02403,37.41288],[127.02431,37.41296],[127.02458,37.41324],[127.02486,37.41336],[127.02542,37.41344],[127.02569,37.41343],[127.02597,37.4132],[127.02708,37.41304],[127.02736,37.41305],[127.02764,37.4131],[127.02783,37.41319],[127.02819,37.41363],[127.02847,37.41385],[127.02903,37.41362],[127.02958,37.41397],[127.02986,37.41394],[127.03014,37.41372],[127.03042,37.41369],[127.03069,37.41376],[127.03097,37.41373],[127.03125,37.41353],[127.03181,37.41344],[127.03208,37.41353],[127.03264,37.41396],[127.03375,37.4144],[127.03542,37.41475],[127.03597,37.41464],[127.03681,37.41461],[127.03708,37.41475],[127.03714,37.41514],[127.03765,37.41569],[127.03785,37.41597],[127.03827,37.41625],[127.03786,37.41653],[127.03775,37.41681],[127.03819,37.41712],[127.03837,37.41736],[127.03802,37.41764],[127.03772,37.41819],[127.0375,37.41847],[127.03772,37.41875],[127.03732,37.41931],[127.03759,37.41958],[127.0377,37.41986],[127.03764,37.42011],[127.03736,37.42008],[127.03705,37.42014],[127.03695,37.42042],[127.037,37.42069],[127.03681,37.42085],[127.03653,37.42088],[127.0363,37.42097],[127.03611,37.42125],[127.03597,37.42133],[127.03514,37.42145],[127.03486,37.42132],[127.03458,37.42126],[127.03431,37.42131],[127.03375,37.42152],[127.03347,37.42181],[127.03334,37.42208],[127.03413,37.42292],[127.03413,37.42319],[127.0337,37.42375],[127.03403,37.42383],[127.03458,37.42365],[127.03486,37.42366],[127.03529,37.42375],[127.03563,37.42403],[127.03579,37.42431],[127.0368,37.42514],[127.03702,37.42542],[127.03698,37.42569],[127.03656,37.42597],[127.03638,37.42625],[127.03626,37.42708],[127.03615,37.42736],[127.03625,37.42742],[127.03681,37.42748],[127.03703,37.42764],[127.03698,37.42819],[127.03758,37.42847],[127.03774,37.42875],[127.03767,37.42903],[127.03744,37.42931],[127.03696,37.42958],[127.03671,37.42986],[127.03653,37.42997],[127.03625,37.42995],[127.03597,37.43002],[127.03585,37.43014],[127.03582,37.43042],[127.03597,37.43066],[127.03625,37.4308],[127.03653,37.43086],[127.03681,37.43084],[127.03736,37.43067],[127.03769,37.43069],[127.03783,37.43125],[127.03813,37.43181],[127.03813,37.43264],[127.03847,37.4328],[127.0386,37.43292],[127.03864,37.43319],[127.03875,37.43341],[127.03903,37.43354],[127.03931,37.43358],[127.03958,37.43373],[127.03975,37.43403],[127.04014,37.43431],[127.04042,37.43425],[127.04069,37.43406],[127.04097,37.43395],[127.04153,37.43403],[127.04181,37.4342],[127.04208,37.43416],[127.04264,37.43376],[127.04292,37.43367],[127.04319,37.43382],[127.04411,37.43403],[127.04431,37.43424],[127.04437,37.43458],[127.04458,37.43469],[127.04542,37.43459],[127.04625,37.4347],[127.04653,37.43467],[127.04708,37.43445],[127.04736,37.43454],[127.04764,37.43473],[127.04792,37.43479],[127.04819,37.43478],[127.04875,37.43494],[127.04931,37.43485],[127.05014,37.43514],[127.05042,37.43514],[127.05097,37.43552],[127.05208,37.43597]]}},{"type":"Feature","properties":{"elev":350,"idx":0},"geometry":{"type":"LineString","coordinates":[[127.01303,37.41431],[127.01319,37.41444],[127.01347,37.4145],[127.01375,37.41436],[127.01392,37.41403],[127.0137,37.41375],[127.01347,37.41358],[127.01319,37.41352],[127.01292,37.41364],[127.01277,37.41403],[127.01303,37.41431]]}},{"type":"Feature","properties":{"elev":350,"idx":0},"geometry":{"type":"LineString","coordinates":[[127.01167,37.41236],[127.01208,37.41245],[127.01228,37.41236],[127.01208,37.41224],[127.01181,37.41221],[127.01167,37.41236]]}},{"type":"Feature","properties":{"elev":350,"idx":0},"geometry":{"type":"LineString","coordinates":[[127.03814,37.39097],[127.03847,37.39104],[127.03875,37.39085],[127.03903,37.39022],[127.03931,37.39002],[127.04014,37.38992],[127.04069,37.38974],[127.04125,37.3897],[127.04181,37.38944],[127.0425,37.38931],[127.04236,37.3891],[127.04208,37.38902],[127.04153,37.38903],[127.04097,37.38914],[127.04014,37.38915],[127.03931,37.38968],[127.03875,37.38992],[127.03764,37.38983],[127.03754,37.38986],[127.03748,37.39014],[127.03765,37.39069],[127.03792,37.3909],[127.03814,37.39097]]}},{"type":"Feature","properties":{"elev":350,"idx":0},"geometry":{"type":"LineString","coordinates":[[127.03591,37.38931],[127.03597,37.38932],[127.03615,37.38931],[127.03597,37.38926],[127.03591,37.38931]]}},{"type":"Feature","properties":{"elev":350,"idx":0},"geometry":{"type":"LineString","coordinates":[[127.03259,37.38903],[127.03292,37.38916],[127.03347,37.38911],[127.03375,37.3892],[127.03403,37.3892],[127.0345,37.38903],[127.03458,37.38895],[127.03486,37.38888],[127.03514,37.3889],[127.03542,37.38904],[127.0357,37.38903],[127.03542,37.38874],[127.03486,37.38851],[127.03457,37.38847],[127.03434,37.38819],[127.03431,37.38808],[127.03403,37.38796],[127.03375,37.38809],[127.03319,37.3885],[127.03269,37.38875],[127.03259,37.38903]]}},{"type":"Feature","properties":{"elev":350,"idx":0},"geometry":{"type":"LineString","coordinates":[[127.03066,37.38264],[127.03069,37.38268],[127.03097,37.38269],[127.03153,37.38241],[127.03202,37.38208],[127.03209,37.38181],[127.03255,37.38153],[127.03289,37.38125],[127.03319,37.38129],[127.03431,37.38116],[127.03506,37.38069],[127.03523,37.38042],[127.03549,37.38014],[127.03627,37.37958],[127.03633,37.37931],[127.03599,37.37875],[127.03596,37.37847],[127.03653,37.37828],[127.03661,37.37819],[127.03666,37.37792],[127.03649,37.37764],[127.03618,37.37736],[127.03604,37.37708],[127.03603,37.37681],[127.03626,37.37653],[127.0363,37.37625],[127.03542,37.37617],[127.03514,37.37621],[127.03477,37.37653],[127.03458,37.37681],[127.03449,37.37708],[127.03403,37.37727],[127.03292,37.37738],[127.03264,37.37722],[127.03208,37.37719],[127.03181,37.37714],[127.03173,37.37708],[127.03173,37.37681],[127.03153,37.37673],[127.03125,37.3767],[127.03084,37.37681],[127.03042,37.3771],[127.02986,37.37733],[127.02958,37.37749],[127.02931,37.37757],[127.02875,37.37754],[127.02819,37.3776],[127.02764,37.37751],[127.02708,37.37733],[127.02653,37.37758],[127.02569,37.37766],[127.02514,37.37785],[127.02431,37.37805],[127.02347,37.37812],[127.02292,37.37802],[127.02264,37.37803],[127.02233,37.37819],[127.02244,37.37847],[127.02266,37.37875],[127.02282,37.37931],[127.02278,37.37958],[127.02292,37.37969],[127.02319,37.37966],[127.02347,37.37952],[127.02375,37.3795],[127.02403,37.37964],[127.02458,37.37976],[127.02569,37.37989],[127.02597,37.37998],[127.02625,37.38037],[127.02633,37.38042],[127.02653,37.38048],[127.02708,37.3804],[127.02762,37.38069],[127.02792,37.38095],[127.02819,37.38109],[127.02847,37.38137],[127.02903,37.38171],[127.02931,37.38178],[127.02986,37.38172],[127.03014,37.38175],[127.03022,37.38181],[127.03037,37.38208],[127.03044,37.38236],[127.03066,37.38264]]}},{"type":"Feature","properties":{"elev":350,"idx":0},"geometry":{"type":"LineString","coordinates":[[126.98032,37.37264],[126.98042,37.37275],[126.98069,37.37287],[126.98088,37.37264],[126.98069,37.37233],[126.98044,37.37208],[126.98042,37.37179],[126.98037,37.37181],[126.98038,37.37208],[126.98014,37.37236],[126.98032,37.37264]]}},{"type":"Feature","properties":{"elev":350,"idx":0},"geometry":{"type":"LineString","coordinates":[[127.02658,37.36986],[127.02681,37.36998],[127.02708,37.36995],[127.02736,37.36978],[127.02819,37.36981],[127.02847,37.36978],[127.02875,37.36968],[127.02885,37.36958],[127.02916,37.36875],[127.02958,37.36852],[127.02993,37.36819],[127.03014,37.36785],[127.03058,37.36736],[127.03069,37.36707],[127.03103,37.36681],[127.03069,37.36673],[127.03042,37.36674],[127.02903,37.36702],[127.02819,37.36726],[127.02764,37.36712],[127.02708,37.36725],[127.02653,37.3672],[127.02625,37.36716],[127.02611,37.36708],[127.02547,37.36653],[127.02514,37.36641],[127.02486,37.36617],[127.02458,37.36605],[127.02431,37.3663],[127.02422,37.36653],[127.02448,37.36708],[127.02439,37.36764],[127.02415,37.36792],[127.02413,37.36819],[127.02453,37.36875],[127.0246,37.36903],[127.02486,37.36921],[127.02542,37.36952],[127.02597,37.36954],[127.02613,37.36958],[127.02658,37.36986]]}},{"type":"Feature","properties":{"elev":350,"idx":0},"geometry":{"type":"LineString","coordinates":[[126.98014,37.36962],[126.98024,37.36958],[126.98014,37.36947]]}},{"type":"Feature","properties":{"elev":350,"idx":0},"geometry":{"type":"LineString","coordinates":[[127.0153,37.36014],[127.0154,37.36042],[127.01597,37.36051],[127.01618,37.36069],[127.01619,37.36097],[127.01625,37.36102],[127.01653,37.36113],[127.01704,37.36125],[127.01695,37.36181],[127.01708,37.3621],[127.01736,37.36226],[127.01875,37.36211],[127.01931,37.36256],[127.01958,37.3626],[127.02014,37.36239],[127.02069,37.36267],[127.02125,37.36278],[127.02153,37.36268],[127.02161,37.36236],[127.02157,37.36181],[127.02143,37.36153],[127.02153,37.3614],[127.02188,37.36125],[127.02177,37.36097],[127.02153,37.36072],[127.02136,37.36042],[127.0211,37.36014]]}},{"type":"Feature","properties":{"elev":400,"idx":1},"geometry":{"type":"LineString","coordinates":[[127.04592,37.43375],[127.04597,37.43382],[127.04625,37.43391],[127.04653,37.43379],[127.04681,37.43348],[127.04708,37.43342],[127.04792,37.43367],[127.04819,37.43361],[127.04837,37.43347],[127.04854,37.43292],[127.04891,37.43264],[127.04958,37.43185],[127.05056,37.43153],[127.05069,37.43145],[127.05086,37.43125],[127.05128,37.43097],[127.05157,37.43014],[127.05181,37.42974],[127.05208,37.42957],[127.05264,37.4296],[127.05319,37.42933],[127.05347,37.42931],[127.05351,37.42903],[127.05325,37.42875],[127.05335,37.42847],[127.05329,37.42819],[127.05319,37.42811],[127.05292,37.42802],[127.05208,37.42811],[127.05153,37.42826],[127.05097,37.42868],[127.05069,37.42883],[127.05042,37.4289],[127.04986,37.42894],[127.04958,37.42891],[127.04931,37.42877],[127.04919,37.42847],[127.04938,37.42819],[127.04927,37.42792],[127.04819,37.42742],[127.04813,37.42736],[127.04806,37.42708],[127.04792,37.42679],[127.04709,37.42625],[127.04685,37.42597],[127.04708,37.42548],[127.04792,37.42514],[127.04819,37.42476],[127.04875,37.42462],[127.04901,37.42431],[127.04958,37.42425],[127.04968,37.42403],[127.04961,37.42375],[127.04977,37.42347],[127.04978,37.42319],[127.04972,37.42264],[127.04993,37.42236],[127.05001,37.42208],[127.04986,37.42186],[127.04975,37.42181],[127.04875,37.42165],[127.04841,37.42153],[127.04806,37.42125],[127.04819,37.42113],[127.04842,37.42069],[127.04832,37.42042],[127.04823,37.41986],[127.04795,37.41958],[127.04764,37.41938],[127.04687,37.41875],[127.04679,37.41847],[127.04691,37.41819],[127.04691,37.41792],[127.04669,37.41764],[127.04625,37.41736],[127.0461,37.41708],[127.04625,37.417],[127.04653,37.41695],[127.04708,37.41688],[127.04736,37.4169],[127.04764,37.41701],[127.04819,37.41711],[127.04875,37.41741],[127.04931,37.41734],[127.04958,37.41743],[127.05014,37.41744],[127.05042,37.41774],[127.05097,37.41808],[127.05109,37.41819],[127.05125,37.41851],[127.05153,37.41862],[127.05208,37.41867],[127.05236,37.41863],[127.05267,37.41847],[127.05253,37.41819],[127.05184,37.41736],[127.05226,37.41708],[127.0525,37.41681],[127.05261,37.41625],[127.05208,37.41578],[127.05183,37.41542],[127.05264,37.41497],[127.05292,37.41501],[127.05319,37.41514],[127.05347,37.41518],[127.05403,37.41485],[127.05458,37.41519],[127.05486,37.41517],[127.05542,37.41478],[127.05569,37.41477],[127.05585,37.41486],[127.0561,37.41542],[127.05653,37.41566],[127.05681,37.41561],[127.05708,37.41528],[127.05736,37.41527],[127.05764,37.41557],[127.05792,37.41569],[127.05847,37.41563],[127.05875,37.41565],[127.05931,37.41535],[127.06042,37.4155],[127.06125,37.41542],[127.06153,37.4155],[127.06181,37.41567],[127.06208,37.41567],[127.06264,37.41546],[127.06278,37.41514],[127.06258,37.41486],[127.06248,37.41458],[127.06256,37.41431],[127.06248,37.41403],[127.06208,37.41388],[127.06153,37.41382],[127.06125,37.41384],[127.06069,37.41403],[127.06042,37.41401],[127.06014,37.41389],[127.05958,37.41376],[127.05959,37.41347],[127.05931,37.41304],[127.05767,37.41236],[127.05681,37.4122],[127.0562,37.41181],[127.05569,37.41133],[127.05542,37.41114],[127.05514,37.41106],[127.05486,37.41105],[127.05462,37.41125],[127.05429,37.41181],[127.05403,37.41202],[127.05319,37.41195],[127.05264,37.41201],[127.05153,37.41192],[127.05125,37.41162],[127.05069,37.41133],[127.04986,37.41128],[127.04958,37.41119],[127.04903,37.4112],[127.04848,37.41097],[127.0483,37.41069],[127.04863,37.41014],[127.04859,37.40986],[127.04846,37.40931],[127.04819,37.40913],[127.04792,37.40906],[127.04764,37.40908],[127.04708,37.40929],[127.04681,37.40945],[127.04653,37.4095],[127.04612,37.40931],[127.04597,37.40904],[127.04589,37.40875],[127.04569,37.40854],[127.04542,37.40848],[127.04458,37.40845],[127.04437,37.40819],[127.04442,37.40792],[127.04431,37.40772],[127.04403,37.40758],[127.04389,37.40736],[127.04396,37.40708],[127.04431,37.40681],[127.04436,37.40653],[127.04458,37.40633],[127.04514,37.40636],[127.04542,37.40631],[127.04569,37.40612],[127.04597,37.40583],[127.04605,37.40569],[127.04605,37.40542],[127.04625,37.40513],[127.04653,37.40509],[127.04708,37.40515],[127.04736,37.40508],[127.04792,37.40509],[127.04819,37.40492],[127.0484,37.40458],[127.04847,37.40455],[127.04875,37.40466],[127.04903,37.40467],[127.04931,37.40461],[127.04958,37.40446],[127.04986,37.40441],[127.05042,37.40449],[127.05097,37.40423],[127.05181,37.40413],[127.052,37.40403],[127.05198,37.40375],[127.05208,37.40347],[127.05347,37.40279],[127.05431,37.40271],[127.05443,37.40264],[127.05458,37.40246],[127.05486,37.40243],[127.05542,37.40257],[127.05569,37.40236],[127.05542,37.40223],[127.05514,37.40221],[127.05431,37.40236],[127.05403,37.40254],[127.05292,37.40246],[127.05208,37.40256],[127.05153,37.40253],[127.05069,37.4027],[127.05014,37.40259],[127.04986,37.40261],[127.04958,37.40284],[127.04931,37.40289],[127.04847,37.40264],[127.04819,37.40268],[127.04792,37.4028],[127.04764,37.40281],[127.04736,37.40269],[127.04708,37.40264],[127.04653,37.40265],[127.04597,37.40246],[127.04542,37.40236],[127.04526,37.40208],[127.04487,37.40181],[127.04498,37.40069],[127.04486,37.40058],[127.04458,37.40053],[127.04414,37.40069],[127.04403,37.40101],[127.04375,37.40118],[127.04319,37.40113],[127.04292,37.40116],[127.04264,37.40129],[127.04236,37.40153],[127.04208,37.4016],[127.04153,37.40135],[127.04097,37.40127],[127.04069,37.40118],[127.04042,37.4012],[127.03958,37.40162],[127.03882,37.40208],[127.03883,37.40236],[127.03917,37.40264],[127.03931,37.40319],[127.03954,37.40347],[127.03986,37.40362],[127.04014,37.40366],[127.04037,37.40375],[127.04057,37.40403],[127.04065,37.40431],[127.04014,37.40474],[127.03953,37.40514],[127.03945,37.40542],[127.03955,37.40569],[127.03953,37.40597],[127.03962,37.40625],[127.0398,37.40653],[127.03986,37.40704],[127.04014,37.40709],[127.04065,37.40681],[127.04073,37.40681],[127.04072,37.40736],[127.04085,37.40764],[127.04049,37.40819],[127.04044,37.40847],[127.04097,37.40888],[127.04153,37.40894],[127.04236,37.40933],[127.04292,37.40937],[127.04333,37.40958],[127.04361,37.40986],[127.04361,37.41014],[127.04417,37.41042],[127.04412,37.41069],[127.04415,37.41097],[127.0445,37.41125],[127.04457,37.41153],[127.04375,37.4118],[127.04384,37.41236],[127.04278,37.41264],[127.04264,37.41292],[127.04236,37.41324],[127.04208,37.41341],[127.04125,37.41354],[127.04069,37.41378],[127.04014,37.41378],[127.03931,37.41393],[127.03875,37.41392],[127.03847,37.41397],[127.03792,37.41394],[127.03764,37.41397],[127.03756,37.41403],[127.03774,37.41431],[127.03777,37.41458],[127.03792,37.4148],[127.03896,37.41569],[127.03904,37.41597],[127.03918,37.41625],[127.03922,37.41653],[127.03906,37.41681],[127.03955,37.41708],[127.03967,37.41736],[127.03934,37.41764],[127.03886,37.41792],[127.03874,37.41819],[127.03871,37.41847],[127.03891,37.41875],[127.03922,37.41903],[127.03915,37.41931],[127.03868,37.41958],[127.03867,37.41986],[127.03891,37.42014],[127.03903,37.4204],[127.03904,37.42069],[127.03875,37.42075],[127.03819,37.42077],[127.03792,37.42087],[127.03782,37.42097],[127.03794,37.42153],[127.03764,37.42173],[127.03708,37.42172],[127.03653,37.42194],[127.03597,37.42198],[127.03571,37.42208],[127.03548,37.42236],[127.03578,37.42264],[127.03681,37.42287],[127.03708,37.42306],[127.0374,37.42319],[127.03748,37.42347],[127.03735,37.42375],[127.0373,37.42403],[127.03742,37.42431],[127.03782,37.42458],[127.03781,37.42486],[127.038,37.42514],[127.03881,37.42569],[127.03819,37.42606],[127.03759,37.42625],[127.03732,37.42653],[127.03742,37.42681],[127.03799,37.42764],[127.03819,37.42785],[127.03875,37.42803],[127.03908,37.42819],[127.03918,37.42847],[127.03909,37.42875],[127.03884,37.42903],[127.03875,37.4292],[127.03866,37.42958],[127.03847,37.42973],[127.03817,37.42986],[127.03803,37.43014],[127.03882,37.43042],[127.0387,37.43069],[127.03849,37.43097],[127.03875,37.43127],[127.03893,37.43208],[127.03903,37.43216],[127.0395,37.43236],[127.03963,37.43264],[127.04019,37.43292],[127.04042,37.43308],[127.04069,37.43315],[127.04153,37.43324],[127.04208,37.43318],[127.04236,37.43297],[127.04292,37.43212],[127.04319,37.43213],[127.04347,37.43226],[127.04362,37.43236],[127.04386,37.43264],[127.04403,37.4327],[127.04486,37.43258],[127.04514,37.43259],[127.04538,37.43292],[127.04566,37.43319],[127.04592,37.43375]]}},{"type":"Feature","properties":{"elev":400,"idx":1},"geometry":{"type":"LineString","coordinates":[[127.03088,37.38042],[127.03125,37.38051],[127.03153,37.38045],[127.03164,37.38014],[127.03186,37.37986],[127.03208,37.37971],[127.03236,37.37968],[127.03292,37.37976],[127.03319,37.37971],[127.0336,37.37958],[127.03406,37.37931],[127.03382,37.37903],[127.03339,37.37875],[127.03264,37.37839],[127.03208,37.37837],[127.03125,37.37822],[127.03069,37.37839],[127.03014,37.37872],[127.02958,37.3788],[127.02931,37.37896],[127.02875,37.37874],[127.02847,37.37875],[127.02819,37.37893],[127.02764,37.37906],[127.02708,37.37892],[127.02681,37.3789],[127.02653,37.37892],[127.02625,37.37903],[127.02597,37.37895],[127.02563,37.37903],[127.02625,37.37903],[127.02653,37.37915],[127.02681,37.37944],[127.02736,37.37939],[127.02792,37.37975],[127.02847,37.37995],[127.02903,37.37993],[127.02931,37.38],[127.02969,37.37986],[127.03014,37.37988],[127.03088,37.38042]]}},{"type":"Feature","properties":{"elev":400,"idx":1},"geometry":{"type":"LineString","coordinates":[[127.02638,37.36903],[127.02681,37.36919],[127.02708,37.36922],[127.02792,37.36912],[127.02802,37.36903],[127.02819,37.36847],[127.02792,37.36824],[127.02764,37.36825],[127.02736,37.36832],[127.02708,37.36829],[127.02681,37.36815],[127.02653,37.36809],[127.02569,37.36808],[127.02565,37.36819],[127.02571,37.36847],[127.02564,37.36875],[127.02569,37.36883],[127.02597,37.36897],[127.02638,37.36903]]}},{"type":"Feature","properties":{"elev":400,"idx":1},"geometry":{"type":"LineString","coordinates":[[127.01739,37.36014],[127.01747,37.36042],[127.01792,37.36103],[127.01819,37.36121],[127.01847,37.3612],[127.01903,37.36129],[127.01931,37.36143],[127.01958,37.36171],[127.01982,37.36181],[127.02052,37.36181],[127.0205,37.36153],[127.0204,37.36125],[127.02049,37.36097],[127.02042,37.36069],[127.02014,37.3605],[127.01986,37.36038],[127.01892,37.36014]]}},{"type":"Feature","properties":{"elev":450,"idx":0},"geometry":{"type":"LineString","coordinates":[[127.04669,37.43264],[127.04708,37.43272],[127.04736,37.43272],[127.04748,37.43264],[127.04764,37.43235],[127.04819,37.43169],[127.04847,37.43148],[127.04875,37.43117],[127.04903,37.43094],[127.04931,37.43079],[127.04989,37.43069],[127.05014,37.43033],[127.05045,37.43014],[127.05042,37.43009],[127.05014,37.43009],[127.04958,37.43038],[127.04931,37.43039],[127.04903,37.43035],[127.04875,37.43023],[127.04847,37.43],[127.04819,37.4299],[127.04815,37.42986],[127.04816,37.42958],[127.04822,37.42931],[127.04812,37.42875],[127.04816,37.42847],[127.04798,37.42819],[127.04764,37.42798],[127.04736,37.42789],[127.0471,37.42764],[127.04714,37.42736],[127.04708,37.42726],[127.04681,37.42712],[127.04653,37.42705],[127.04625,37.42689],[127.04569,37.4267],[127.04542,37.42655],[127.0451,37.42625],[127.04468,37.42597],[127.04449,37.42569],[127.04458,37.42558],[127.04486,37.42544],[127.04514,37.42521],[127.04571,37.42486],[127.04653,37.42472],[127.04684,37.42458],[127.04708,37.42406],[127.04764,37.42395],[127.04792,37.42383],[127.04819,37.42359],[127.04875,37.42347],[127.04877,37.42319],[127.04764,37.42215],[127.04708,37.42195],[127.04685,37.42181],[127.04682,37.42125],[127.04702,37.42069],[127.04681,37.42031],[127.04653,37.42007],[127.04625,37.41991],[127.04597,37.41985],[127.0458,37.41958],[127.04598,37.41903],[127.04602,37.41875],[127.04597,37.41864],[127.04569,37.41842],[127.04431,37.41805],[127.04347,37.41742],[127.04333,37.41736],[127.04336,37.41708],[127.04386,37.41681],[127.04431,37.41665],[127.04458,37.41646],[127.04542,37.41621],[127.04597,37.4158],[127.04625,37.41573],[127.04653,37.41583],[127.04681,37.41586],[127.04708,37.41583],[127.04764,37.41562],[127.04792,37.41583],[127.04819,37.41593],[127.04847,37.41591],[127.04875,37.41596],[127.04903,37.41619],[127.04931,37.41621],[127.04958,37.41612],[127.04995,37.41625],[127.05014,37.41643],[127.05097,37.41654],[127.05125,37.4165],[127.0514,37.41625],[127.05135,37.41597],[127.0511,37.41542],[127.05088,37.41514],[127.05082,37.41486],[127.05125,37.41471],[127.05208,37.41427],[127.05236,37.41417],[127.05264,37.41413],[127.05347,37.41421],[127.05403,37.41412],[127.05458,37.41419],[127.05486,37.41413],[127.05514,37.41392],[127.05542,37.4138],[127.05569,37.41376],[127.05625,37.41411],[127.05653,37.41414],[127.05681,37.414],[127.05708,37.41398],[127.05764,37.41405],[127.05777,37.41403],[127.0579,37.41347],[127.05783,37.41319],[127.05764,37.41311],[127.05681,37.41313],[127.05653,37.41305],[127.05625,37.41292],[127.05597,37.4125],[127.05569,37.41236],[127.05542,37.4123],[127.05514,37.41239],[127.05486,37.41268],[127.05458,37.41278],[127.05403,37.41285],[127.05347,37.41265],[127.05319,37.41266],[127.05264,37.41278],[127.05208,37.41269],[127.05125,37.41282],[127.05097,37.4128],[127.05065,37.41264],[127.05069,37.41236],[127.05056,37.41208],[127.05042,37.41202],[127.04903,37.41202],[127.04875,37.41194],[127.04819,37.4119],[127.04802,37.41181],[127.04759,37.41125],[127.04751,37.41097],[127.04732,37.41069],[127.04722,37.41014],[127.04708,37.41011],[127.04625,37.41027],[127.04597,37.41024],[127.04569,37.41003],[127.04514,37.40973],[127.04498,37.40958],[127.04488,37.40931],[127.04458,37.40925],[127.04442,37.40931],[127.04458,37.4096],[127.04546,37.41069],[127.04581,37.41097],[127.04583,37.41125],[127.04542,37.4119],[127.04526,37.41208],[127.04486,37.41229],[127.04482,37.41236],[127.04496,37.41264],[127.04494,37.41292],[127.04431,37.41318],[127.04347,37.41327],[127.04319,37.41338],[127.04292,37.41377],[127.04264,37.41404],[127.04236,37.41423],[127.04181,37.41444],[127.04125,37.41455],[127.04042,37.41444],[127.04014,37.41446],[127.03931,37.41467],[127.03905,37.41486],[127.03975,37.41542],[127.0398,37.41569],[127.03992,37.41597],[127.04033,37.41653],[127.04042,37.41681],[127.04066,37.41708],[127.04079,37.41736],[127.04058,37.41764],[127.04042,37.41777],[127.04014,37.41796],[127.03966,37.41819],[127.0397,37.41847],[127.04007,37.41875],[127.04009,37.41903],[127.04024,37.41958],[127.03979,37.41986],[127.03969,37.42014],[127.03965,37.42042],[127.03988,37.42069],[127.03986,37.42103],[127.03958,37.42142],[127.03903,37.42139],[127.03875,37.42149],[127.03875,37.42181],[127.03857,37.42208],[127.03824,37.42236],[127.03845,37.42319],[127.03847,37.42347],[127.03832,37.42375],[127.03852,37.42403],[127.03861,37.42431],[127.0386,37.42458],[127.03875,37.42483],[127.03903,37.42499],[127.03986,37.42511],[127.03989,37.42514],[127.03982,37.42542],[127.03997,37.42569],[127.04004,37.42597],[127.03986,37.42611],[127.03958,37.42623],[127.03875,37.42645],[127.03862,37.42653],[127.03834,37.42681],[127.03853,37.42708],[127.03875,37.42729],[127.03931,37.42762],[127.03958,37.42772],[127.03985,37.42792],[127.04012,37.42847],[127.04008,37.42875],[127.03965,37.42931],[127.03953,37.42986],[127.03977,37.43014],[127.03986,37.43042],[127.03972,37.43069],[127.03947,37.43097],[127.03941,37.43125],[127.03942,37.43153],[127.03958,37.4317],[127.04024,37.43181],[127.04042,37.43209],[127.04067,37.43236],[127.04097,37.43242],[127.04125,37.43242],[127.04143,37.43236],[127.04153,37.43227],[127.04162,37.43208],[127.04167,37.43181],[127.04222,37.43097],[127.04236,37.43085],[127.04264,37.43084],[127.04292,37.43094],[127.04347,37.43101],[127.04486,37.43176],[127.04514,37.43175],[127.04569,37.43156],[127.04597,37.43158],[127.04618,37.43181],[127.04613,37.43208],[127.04669,37.43264]]}},{"type":"Feature","properties":{"elev":450,"idx":0},"geometry":{"type":"LineString","coordinates":[[127.04316,37.40875],[127.04323,37.40875],[127.04335,37.40847],[127.04312,37.40819],[127.04292,37.40782],[127.04272,37.40764],[127.04264,37.4075],[127.04236,37.40726],[127.04208,37.40735],[127.04211,37.40764],[127.0419,37.40819],[127.04236,37.40855],[127.04316,37.40875]]}},{"type":"Feature","properties":{"elev":450,"idx":0},"geometry":{"type":"LineString","coordinates":[[127.04221,37.40681],[127.04236,37.40699],[127.04264,37.40692],[127.04273,37.40681],[127.04314,37.40653],[127.04356,37.40597],[127.04403,37.4057],[127.04431,37.40561],[127.04458,37.40558],[127.04486,37.40565],[127.04514,37.40557],[127.04526,37.40542],[127.04542,37.40485],[127.04569,37.40458],[127.04625,37.40443],[127.04681,37.40444],[127.04742,37.40431],[127.04796,37.40403],[127.04834,37.40375],[127.04792,37.40365],[127.04736,37.40367],[127.04708,37.40362],[127.04653,37.40339],[127.04569,37.40323],[127.04486,37.40298],[127.04477,37.40292],[127.04458,37.40259],[127.04431,37.40244],[127.04347,37.40223],[127.04292,37.40226],[127.04264,37.40234],[127.04236,37.40253],[127.04097,37.40207],[127.04037,37.40208],[127.04015,37.40236],[127.04018,37.40264],[127.04039,37.40292],[127.04069,37.40301],[127.04125,37.40346],[127.04181,37.40403],[127.04176,37.40431],[127.04097,37.40507],[127.04052,37.40569],[127.04069,37.40598],[127.04097,37.40594],[127.04125,37.40582],[127.04153,37.40581],[127.04173,37.40597],[127.04172,37.40625],[127.04201,37.40653],[127.04221,37.40681]]}},{"type":"Feature","properties":{"elev":500,"idx":1},"geometry":{"type":"LineString","coordinates":[[127.04078,37.43042],[127.04097,37.43058],[127.04125,37.43046],[127.04153,37.43025],[127.04184,37.42986],[127.04208,37.42973],[127.04264,37.42953],[127.04301,37.42958],[127.04337,37.42986],[127.04375,37.43002],[127.04445,37.43042],[127.04458,37.43056],[127.04486,37.43064],[127.04542,37.43041],[127.04597,37.43028],[127.04625,37.4303],[127.04653,37.43041],[127.04681,37.43044],[127.04682,37.42986],[127.04688,37.42958],[127.04701,37.42931],[127.04726,37.42903],[127.04731,37.42875],[127.04708,37.42854],[127.04681,37.42848],[127.04625,37.42849],[127.04597,37.42842],[127.04569,37.42806],[127.04514,37.42764],[127.04493,37.42736],[127.0445,37.42708],[127.04403,37.42663],[127.04375,37.42644],[127.04319,37.42625],[127.04283,37.42569],[127.04288,37.42514],[127.04302,37.42486],[127.04347,37.42445],[127.04375,37.42431],[127.04431,37.42428],[127.04486,37.42371],[127.04514,37.42372],[127.04569,37.42385],[127.04597,37.42375],[127.04607,37.42347],[127.04625,37.42335],[127.04693,37.42319],[127.04698,37.42292],[127.04681,37.42272],[127.04625,37.42261],[127.04597,37.4225],[127.04586,37.42236],[127.04595,37.42208],[127.04566,37.42125],[127.04569,37.42097],[127.04542,37.42079],[127.04458,37.42086],[127.04431,37.42073],[127.04393,37.42042],[127.04394,37.42014],[127.04403,37.41995],[127.04438,37.41958],[127.04436,37.41931],[127.04397,37.41903],[127.0432,37.41875],[127.04292,37.4186],[127.04208,37.41792],[127.04181,37.41783],[127.04153,37.41782],[127.04093,37.41819],[127.04092,37.41847],[127.04107,37.41875],[127.04096,37.41903],[127.04104,37.41931],[127.04119,37.41958],[127.0411,37.41986],[127.04078,37.42014],[127.04059,37.42042],[127.04067,37.42069],[127.04064,37.42097],[127.04046,37.42125],[127.04036,37.42181],[127.04014,37.422],[127.03956,37.42236],[127.03928,37.42264],[127.03922,37.42292],[127.03956,37.42431],[127.03986,37.42439],[127.04042,37.42436],[127.04069,37.42453],[127.04079,37.42486],[127.04075,37.42514],[127.04077,37.42542],[127.04099,37.42569],[127.04104,37.42597],[127.04078,37.42653],[127.04042,37.4267],[127.03982,37.42681],[127.03968,37.42708],[127.04042,37.42746],[127.0406,37.42764],[127.04069,37.42792],[127.04091,37.42819],[127.04106,37.42847],[127.04085,37.42875],[127.0408,37.42903],[127.0405,37.42958],[127.04049,37.42986],[127.04069,37.43034],[127.04078,37.43042]]}},{"type":"Feature","properties":{"elev":500,"idx":1},"geometry":{"type":"LineString","coordinates":[[127.04164,37.41625],[127.04181,37.41626],[127.04208,37.41616],[127.04236,37.41595],[127.04264,37.41598],[127.04292,37.41593],[127.04403,37.41549],[127.04458,37.41543],[127.0448,37.41514],[127.04542,37.41501],[127.04597,37.41473],[127.04625,37.41485],[127.04653,37.41487],[127.04681,37.41477],[127.04708,37.41451],[127.04736,37.41447],[127.04764,37.41451],[127.04781,37.41458],[127.04819,37.41485],[127.04847,37.41488],[127.04875,37.41475],[127.04903,37.4148],[127.04915,37.41486],[127.04935,37.41514],[127.04958,37.41523],[127.04986,37.41525],[127.04997,37.41514],[127.0499,37.41486],[127.04997,37.41431],[127.05069,37.41412],[127.05097,37.41395],[127.05153,37.41375],[127.05183,37.41347],[127.05069,37.4135],[127.05002,37.41319],[127.04958,37.41285],[127.04931,37.41278],[127.04875,37.41272],[127.04792,37.41283],[127.04727,37.41236],[127.047,37.41208],[127.0471,37.41181],[127.04709,37.41153],[127.04681,37.41138],[127.04653,37.41168],[127.04634,37.41208],[127.046,37.41264],[127.04597,37.41292],[127.046,37.41319],[127.04486,37.41373],[127.04403,37.41389],[127.04377,37.41403],[127.04347,37.41442],[127.04311,37.41458],[127.04264,37.41499],[127.04236,37.41501],[127.04208,37.41509],[127.04153,37.41545],[127.04069,37.41547],[127.04052,37.41569],[127.04069,37.41597],[127.04097,37.41611],[127.04164,37.41625]]}},{"type":"Feature","properties":{"elev":500,"idx":1},"geometry":{"type":"LineString","coordinates":[[127.04256,37.40542],[127.04264,37.40553],[127.04292,37.40554],[127.04403,37.40491],[127.04458,37.4048],[127.04473,37.40458],[127.0448,37.40431],[127.04514,37.4041],[127.04537,37.40403],[127.04523,37.40375],[127.04486,37.40365],[127.04431,37.40359],[127.04414,37.40347],[127.04403,37.40316],[127.04375,37.40298],[127.04347,37.40296],[127.04319,37.40306],[127.04292,37.4033],[127.04255,37.40347],[127.04256,37.40375],[127.04274,37.40403],[127.04277,37.40431],[127.04277,37.40458],[127.0424,37.40514],[127.04256,37.40542]]}},{"type":"Feature","properties":{"elev":550,"idx":0},"geometry":{"type":"LineString","coordinates":[[127.04458,37.42958],[127.04486,37.42945],[127.04496,37.42931],[127.04495,37.42875],[127.04408,37.42764],[127.04375,37.42751],[127.04347,37.42748],[127.04264,37.42755],[127.04233,37.42736],[127.04181,37.42689],[127.04153,37.42698],[127.04143,37.42708],[127.04132,37.42736],[127.04139,37.42764],[127.04179,37.42819],[127.04208,37.42873],[127.04264,37.42846],[127.04292,37.42849],[127.04347,37.42896],[127.04375,37.42907],[127.04431,37.42945],[127.04458,37.42958]]}},{"type":"Feature","properties":{"elev":550,"idx":0},"geometry":{"type":"LineString","coordinates":[[127.04137,37.42403],[127.04153,37.42419],[127.04264,37.42391],[127.04292,37.42364],[127.04375,37.42323],[127.04403,37.42289],[127.04484,37.42264],[127.04491,37.42236],[127.04495,37.42208],[127.04479,37.42181],[127.04458,37.42174],[127.04431,37.42175],[127.04403,37.42186],[127.04375,37.42184],[127.04319,37.4212],[127.04281,37.42097],[127.04268,37.42069],[127.04271,37.42042],[127.04292,37.42019],[127.04314,37.41958],[127.04296,37.41931],[127.04208,37.41901],[127.04186,37.41903],[127.04184,37.41931],[127.04207,37.41958],[127.04196,37.41986],[127.04156,37.42042],[127.04104,37.42153],[127.04113,37.42181],[127.04103,37.42208],[127.04074,37.42236],[127.04017,37.42264],[127.03996,37.42292],[127.04002,37.42319],[127.04016,37.42347],[127.04042,37.4237],[127.04097,37.4237],[127.04111,37.42375],[127.04125,37.42395],[127.04137,37.42403]]}},{"type":"Feature","properties":{"elev":600,"idx":1},"geometry":{"type":"LineString","coordinates":[[127.04121,37.42292],[127.04153,37.42305],[127.04181,37.42308],[127.04208,37.42301],[127.04264,37.42264],[127.04236,37.42202],[127.04235,37.42208],[127.04208,37.42218],[127.04201,37.42236],[127.04153,37.42253],[127.04121,37.42292]]}},{"type":"Feature","properties":{"elev":600,"idx":1},"geometry":{"type":"LineString","coordinates":[[127.04208,37.42181],[127.04208,37.42185],[127.04222,37.42181],[127.04222,37.42153],[127.04208,37.42145],[127.04202,37.42153],[127.04208,37.42181]]}}]}